brand_entity_raw,normalized_brand,brand_alias_source,brand_alias_review_status,brand_entity_source,primary_country,observed_market_region_codes,query_category,product_count,example_product_names,example_off_brands_raw
lu,LU,curated_mechanical_brand_alias,confirmed,existing_company_brand_mapping_token_match,France,FRANCE,snacks,387,PIM'S | Pépito chocolat au lait | Lulu la barquette | La barquette LULU | Tuiles amandes (aux amandes effilees),LU | LU | LU | Lu | LU
coca cola,Coca-Cola,curated_mechanical_brand_alias,confirmed,first_off_brand_token_fallback,France,FRANCE,beverages,327,Coca cola | Vanilla Zero | Aluminum bottles | Coca-Cola zéro orange&vanilla | Cherry Vanilla,"Coca-Cola | Coca-Cola, Coke | Coca-Cola | Coca-Cola, Coke | Coca-Cola"
kellogg's,Kellogg's,curated_mechanical_brand_alias,confirmed,existing_company_brand_mapping_token_match,France,FRANCE,cereals,290,All-brann prebiotic | Trèsor | Tresor | Kellogg's Cereal - Tri Fun Club Pack | Rice Krispies,Kellogg's | Kellogg's | Kellogg's | Kellogg's | Kellogg's
kellogg's,Kellogg's,curated_mechanical_brand_alias,confirmed,existing_company_brand_mapping_token_match,United States,US_CANADA,cereals,279,Kellogg's Frosted Mini-Wheats Bite Size cereal | Vector | Front loops | Special K original | Froot Loops,Kellogg's | Kellogg's | Kellogg's | Kellogg's | Kellogg's
la laitiere,La Laitière,curated_mechanical_brand_alias,confirmed,existing_company_brand_mapping_token_match,France,FRANCE,dairies,191,crème aux oeufs | Petit pot de crème au chocolat | Velours de Crème Chocolat au lait | Yaourt nature | Crème aux oeufs,"la laitière | La laitière | Nestlé, La Laitière | La Laitière | La Laitière"
kraft,Kraft,curated_mechanical_brand_alias,confirmed,existing_company_brand_mapping_token_match,United States,US_CANADA,dairies,190,"Colby Natural Cheese, Colby | Kraft, Natural Pepper Jack Cheese | Mozzarella Low-Moisture Part-Skim Natural Cheese, Mozzarella | Sharp Cheddar Natural Cheese, Sharp Cheddar | Monterey Jack Cheese",Kraft | Kraft | Kraft | Kraft | Kraft
Sanpellegrino,San Pellegrino,curated_mechanical_brand_alias,confirmed,top9_portfolio_token_match,France,FRANCE,beverages,163,San Pellegrino | Woda San Pellegrino | S.pellecrino | Sanpellegrino aranciata | Cocktail,"Nestlé,San Pellegrino | Nestlé, San Pellegrino | Nestlé, San Pellegrino | Nestlé, San Pellegrino | Nestlé, San Pellegrino"
cote d or,Cote d'Or,top9_portfolio_brand_alias,confirmed,existing_company_brand_mapping_token_match,France,FRANCE,snacks,152,Carrés Chocolats Noir | Tablette de Chocolat Lait Noisettes Entières - COTE D'OR | Tablette de Chocolat Noir Noisettes Entières | Noisettes caramélisées et franboises | Chocolat noir amandes,côté d or | COTE D'OR | Côté d'Or | COTE D'OR | Côte d'Or
marks and spencer,M&S,curated_mechanical_brand_alias,confirmed,first_off_brand_token_fallback,France,FRANCE|UK_IE,snacks,148,Curiously Strong Mints | All Butter Belgian White Chocolate Chunk Cookies | All Butter Fruity Flapjack Cookies | Cranberry & Orange Cookies | Triple Belgian Chocolaté Chunk Cookies,Marks & Spencer | Marks & Spencer | Marks & Spencer | Marks & Spencer | Marks & Spencer
quaker,Quaker,curated_mechanical_brand_alias,confirmed,existing_company_brand_mapping_token_match,United States,US_CANADA,cereals,139,Cruesli lait | Organic Instant Oatmeal Original | Organic Instant Oatmeal Maple & Brown Sugar | Quaker oatmeal squares cereal cinnamon | Crunchy corn cereal,Quaker | Quaker | Quaker | Quaker | Quaker
hershey's,Hershey’s,curated_mechanical_brand_alias,confirmed,existing_company_brand_mapping_token_match,United States,US_CANADA,snacks,132,"Payday, 1.85 oz | jolly rancher gummy sours | Hershey's valentine's day chocolate candy red | Hershey Milk Chocolate Candy Bar | Hershey s milk chocolate with almonds candy bars oz",Hershey's | Hershey’s | Hershey's | Hershey's | Hershey's
marks and spencer,M&S,curated_mechanical_brand_alias,confirmed,first_off_brand_token_fallback,United Kingdom,UK_IE,snacks,121,Scottish shortbread | Scottish All Butter Toffee & Pecan Shortbread Rounds | White chocolate cake | Marks & Spencer Frozen Croissanrs | Ready to Bake Pains au Chocolat,Marks And Spencer | Marks & Spencer | Marks & Spencer | Marks And Spencer | Marks & Spencer
marks and spencer,M&S,curated_mechanical_brand_alias,confirmed,first_off_brand_token_fallback,France,FRANCE,snacks,120,Cookies Belgian chocolate chunk | All Butter Sultana Cookies | Pistachio almond cookies | Belgian White Chocolate Chunk Cookies (Reduced Fat) | 4 Indulgent & Chewy Maple Syrup & Pecan Giant Cookies,Marks & Spencer | Marks & Spencer | Marks&spencer | Marks & Spencer | Marks & Spencer
kellogg's,Kellogg's,curated_mechanical_brand_alias,confirmed,existing_company_brand_mapping_token_match,United States,US_CANADA,snacks,117,"KRISPY ORIGINAL SALTINE CRACKERS | Cheez-it Cheddar biscuits | Sunshine, cheez-it baked snack crackers | Baked Snack Crackers | Graham snacks",Kellogg's | Kellogg's | Kelloggs | Kellogg's | Kellogg's
quaker,Quaker,curated_mechanical_brand_alias,confirmed,existing_company_brand_mapping_token_match,United States,US_CANADA,snacks,103,"Instant oatmeal | Quaker, Soft Baked Cookies, Oatmeal, Raisin, Oatmeal, Raisin | Soft Baked Cookies, Chocolate, Almond | Quaker, Crispy Cookies, Chocolate Chip, Chocolate Chip | Quaker, Crispy Cookies, Peanut Butter, Peanut Butter",Quaker | Quaker | Quaker | Quaker | Quaker
kellogg's,Kellogg's,curated_mechanical_brand_alias,confirmed,existing_company_brand_mapping_token_match,United Kingdom,UK_IE,cereals,102,Corn flakes | corn Flakes | Crunchy Nut Cereal | Rice Krispies | All Bran - Original,Kellogg's | Kelloggs | Kellogg's | Kellogg's | Kellogg’s
cheetos,Cheetos,top9_portfolio_brand_alias,confirmed,existing_company_brand_mapping_token_match,United States,US_CANADA,snacks,97,"Cheese Flavored Snacks Puffs, Cheese | Cheese Flavored Snacks | Crunchy Cheese Flavored Snacks, Flamin' Hot | Cheese Flavored Snacks Winter White Cheddar, Winter White Cheddar | Cheese Flavored Snacks, Winter White Cheddar",Cheetos | Cheetos | Cheetos | Cheetos | Cheetos
mcvitie's,McVitie's,curated_mechanical_brand_alias,confirmed,existing_company_brand_mapping_token_match,United Kingdom,UK_IE,snacks,93,Salted Giant Pretzel | McVitie’s Digestives Original | Digestives the original | Mcvities Rich Tea | McVitie’s Digestive Dark Chocolate Biscuits,"Marks & Spencer,McVities | McVities | McVitie's | McVities | MC vities"
quaker,Quaker,curated_mechanical_brand_alias,confirmed,existing_company_brand_mapping_token_match,France,FRANCE,cereals,85,Oatmeal Squares Original | Oatmeal Squares | Gruau Instantané Cassonade et Cannelle | Flocons d'avoine instantanés | Apples & Cinnamon,"Quaker | Quaker | Quaker | Pepsico, Quaker | Quaker"
mcvitie's,McVitie's,curated_mechanical_brand_alias,confirmed,existing_company_brand_mapping_token_match,France,FRANCE,snacks,85,Sablé aux flocons d'avoine | sablés aux flocons d'avoine | Sablés anglais | Pocket Chocolat au Lait | Mc vities original,McVitie's | mc vitie's | McVitie's | McVitie's | McVitie's
marks and spencer,M&S,curated_mechanical_brand_alias,confirmed,first_off_brand_token_fallback,United Kingdom,UK_IE,dairies,85,Cornish cold butter | whipped soft Creamy cheese | Authentic Greek Yogurt | Dairy cream | M&S Super Fruity black cherry low fat live yoghurt,Marks & Spencer | Marks & Spencer | Marks & Spencer | Marks & Spencer | Marks & Spencer
coca cola,Coca-Cola,curated_mechanical_brand_alias,confirmed,first_off_brand_token_fallback,United States,US_CANADA,beverages,76,Fanta | Fanta | REFRESCO CARBONATADO SABOR ORIGINAL | Coke Zero | 3 Liters,Coca-Cola | Coca Cola | Coca-Cola | Coca-Cola | Coca-Cola
marks and spencer,M&S,curated_mechanical_brand_alias,confirmed,first_off_brand_token_fallback,France,FRANCE,beverages,72,9 Hop Kent Pale Ale | Boadicea Golden Ale | Five hop lager beer | Cornish Pale Ale | Mango Pineapple & Passion Fruit Smoothie,"Marks & Spencer | Marks & Spencer | Marks & Spencer, Marks And Spencer | Marks & Spencer | Marks & Spencer"
m&s,M&S,curated_mechanical_brand_alias,confirmed,existing_company_brand_mapping_token_match,France,FRANCE|UK_IE,snacks,71,Cookies pépites chocolat et noisette | All butter viennese swirls | Decorated hollow white chocolate Arendelle Castle | Cantina Style Corn Tortillas | Belgian milk chocolate coated brazil nuts,M&S | M&s | M&S | M&S | M&S
marks and spencer,M&S,curated_mechanical_brand_alias,confirmed,first_off_brand_token_fallback,France,FRANCE|UK_IE,beverages,71,"Smoothie Strawberry & Banana | Iced Tea Spanish Peach | Smoothie Orange, Carrot & Mango | Fresh Drinking Coconut | Flat White Porter","Marks & Spencer, Yesto | Marks & Spencer | Marks & Spencer | Marks & Spencer | Marks & Spencer"
coca cola,Coca-Cola,curated_mechanical_brand_alias,confirmed,first_off_brand_token_fallback,United Kingdom,UK_IE,beverages,68,Coke Zero | Coke cola zero sugar | Coca cola zero | Japan | Schweppes lemonade,"Coca Cola | Coca-Cola | Coca-Cola | Coca Cola, The CocaCola Company | Coca-Cola"
marks and spencer,M&S,curated_mechanical_brand_alias,confirmed,first_off_brand_token_fallback,United Kingdom,UK_IE,beverages,65,Apple Pear & Asparagus | Red mulled wine | apple juice | Revitalise smoothie | Alcohol Free Merlot,Marks and Spencer | Marks & Spencer | Marks & Spencer | Marks & Spencer | Marks & Spencer
cote d or,Cote d'Or,top9_portfolio_brand_alias,confirmed,existing_company_brand_mapping_token_match,Belgium,BENELUX|FRANCE,snacks,65,MIGNONNETTE® LAIT MELK | Carrés | Bouchée Blanc | Chocolat au lait | Courage! Lait - Melk,CÔTE D'OR | Côte d\'or | Côte d'Or | Côte d'Or | Côte d'Or
m&s,M&S,curated_mechanical_brand_alias,confirmed,existing_company_brand_mapping_token_match,United Kingdom,UK_IE,snacks,64,White Chocolate Bar | Salted Caramel Hazelnut Millionare | Sweet & Smoky BBQ | Pains Aux Raisins | Made without wheat 2 croissants,"M&S | M&S | M&S | Marks & Spencer, M&S | M&S"
kellogg's,Kellogg's,curated_mechanical_brand_alias,confirmed,existing_company_brand_mapping_token_match,Belgium,BENELUX|FRANCE,cereals,64,Corn Flakes | Frosties - Time's up ! | Céréales Country Store | Special K fruits rouges | Kellogg's Rice Krispies 375 GR,"Kellogg's | Kellogg's, Frosties | Kellogg's | Kellogg's | Kellogg's"
badoit,Badoit,top9_portfolio_brand_alias,confirmed,existing_company_brand_mapping_token_match,France,FRANCE,beverages,62,Eau Minérale Naturelle Gazeuse Finement Pétillante | Eau Minérale Naturelle Gazeuse Intensément Pétillante | Eau Minérale Naturelle Gazeuse Finement Pétillante | Eau Gazeuse Aromatisée Pamplemousse Citron Vert - BADOIT - 1L | Eau Gazeuse Aromatisée Citron Citron Vert - Badoit - 1L,BADOIT | BADOIT | BADOIT | Badoit | Badoit
kellogg's,Kellogg's,curated_mechanical_brand_alias,confirmed,existing_company_brand_mapping_token_match,France,FRANCE|SOUTHERN_EUROPE,cereals,61,Spécial K | Miel pops loops | Choco krispies | Chocos | All Bran Flakes,"Kellogg's, Special K | Kellogg's | Kellogg's | Kellogg's | Kellogg's"
minute maid,Minute Maid,top9_portfolio_brand_alias,confirmed,existing_company_brand_mapping_token_match,France,FRANCE,beverages,61,Fruit Cooler Lemonade | Apple juice | Lemonade | Jus d'orange | Jus d'orange,Minute Maid | Minute Maid | Minute Maid | Minute Maid | Minute Maid
minute maid,Minute Maid,top9_portfolio_brand_alias,confirmed,existing_company_brand_mapping_token_match,United States,US_CANADA,beverages,60,"Minute Maid Zero Sugar Lemonade | 100% Pure Apple Juice, Apple | 100% Orange Juice From Concentarate, Original | Orange juice frozen concentrate fruit drink | Lemon Juice",Minute Maid | Minute Maid | Minute Maid | Minute Maid | Minute Maid
kellogg's,Kellogg's,curated_mechanical_brand_alias,confirmed,existing_company_brand_mapping_token_match,France,FRANCE,snacks,60,Eggo | Tartelettes au chocolat | Pop-Tarts Glacées aux Bleuets | Barres Céréales Coco Pops Kellogg's - 6x20g | Special k frutti rossi,Kellogg's | Kellogg's | Kellogg's | Kellogg's | Kellogg's
m&s,M&S,curated_mechanical_brand_alias,confirmed,existing_company_brand_mapping_token_match,France,FRANCE|UK_IE,beverages,59,Yorkshire Gold | Diet sparkling fiery ginger beer | Smoothie super Berry | Aloe Vera Grape & Apple Juice | CRANBERRY & RASPERRY JUICE DRINK,"M&S, Marks & Spencer | M&S, Marks & Spencer, Waitrose | M&S | M&S | M&S"
lu,LU,curated_mechanical_brand_alias,confirmed,existing_company_brand_mapping_token_match,Belgium,BENELUX|FRANCE,snacks,59,Palmito L'original | Le véritable petit beurre | Petit Beukelaer | GRANY MOELLEUX WOUVDRUCHTEN SMAAK SAVEUR FRUITS DES BOIS WALDFRÜCHTE GESCHMACK | Grany Pomme Abricot,"Lu, Mondelez | Lu | LU | LU | Lu"
marks and spencer,M&S,curated_mechanical_brand_alias,confirmed,first_off_brand_token_fallback,France,FRANCE,dairies,58,Cheddar | Vintage cheddar | 0% FAT Greek style blueberry & Raspberry yogurt | West country luxury yogurt honey & ginger | West country luxury yogurt,"Marks & Spencer | Marks & Spencer | Marks & Spencer, Marks and Spencer | Marks & Spencer | Marks & Spencer"
kellogg's,Kellogg's,curated_mechanical_brand_alias,confirmed,existing_company_brand_mapping_token_match,France,FRANCE|US_CANADA,cereals,55,"Cereal | Corn flakes cereal | Kellogg's All Bran Cereal Complete Wheat Flakes .88oz | COCOA KRISPIES Chocolatey, Sweetened Rice Cereal | Crispix corn rice cereal",Kellogg's | Kellogg's | Kellogg's | Kellogg's | Kellogg's
kellogg's,Kellogg's,curated_mechanical_brand_alias,confirmed,existing_company_brand_mapping_token_match,France,FRANCE|DACH,cereals,51,Special K nature | Rice Krispies | Cruche Nut | Frosties | Spécial Classic 375g,"Kellogg's | Kellogg's,Rice Krispies | Kellogg's | Kellogg's | Kellogg's"
light and free,Light & Free,curated_mechanical_brand_alias,confirmed,existing_company_brand_mapping_token_match,France,FRANCE,dairies,51,danone | Skyr Vanille | Light and free pêche | Skyr Nature | Yaourt à la grecque nature 2% de matière grasse,"light &free | Light and free | Danone, Light & Free | Light & Free | Light & free"
nestle dessert,Nestlé Dessert,curated_mechanical_brand_alias,confirmed,existing_company_brand_mapping_token_match,France,FRANCE,snacks,47,Blanc | Chocolat noir | Cookies aux pépites de chocolat | Praline | Corsé,"Nestle Dessert | Nestlé Dessert | Nestlé Dessert | Nestlé, Nestlé dessert | Nestlé, Nestlé Dessert"
Nescafé,Nescafé Dolce Gusto,curated_mechanical_brand_alias,confirmed,existing_company_brand_mapping_token_match,France,FRANCE,beverages,46,Cappuccino | Dosette marrakech | Catuai Do Brasil | Gusto Cappuccino Ice Coffee Pods Capsules Per Box | Grande aroma,"Dolce Gusto, Nescafé | Nescafe, Nescafe Dolce Gusto | Nescafe, Nescafé Dolce Gusto | Nescafé, Nescafé Dolce Gusto | Nescafé, Nescafé Dolce Gusto"
coca cola,Coca-Cola,curated_mechanical_brand_alias,confirmed,first_off_brand_token_fallback,France,FRANCE|DACH,beverages,45,Original COCA-COLA | Big Apple | Coca-cola light | Coca cola originale taste | Coca Cola light,Coca cola | Coca-Cola | Coca-Cola | Coca-Cola | Coca Cola
brookside,Brookside,top9_portfolio_brand_alias,confirmed,existing_company_brand_mapping_token_match,United States,US_CANADA,snacks,44,"dark chocolate açaï & blueberry flavors | Brookside, Dark Chocolate Goji & Raspberry Flavors, Chocolate, Chocolate | Dark Chocolate, Goji & Raspberry | Dark Chocolate Pomegranate Flavor | Soft fruit flavored centers covered in smooth dark chocolate",Brookside | Brookside | Brookside | Brookside | Brookside
twizzlers,Twizzlers,top9_portfolio_brand_alias,confirmed,existing_company_brand_mapping_token_match,United States,US_CANADA,snacks,43,"Strawberry Twists Candy, Strawberry | Twisted Strawberry Blast Low Fat Snack Candy, Twisted Strawberry Blast | Low Fat Snack Candy, Green Apple | Low Fat Snack, Caramel Apple | Low Fat Filled Twists Snack, Caramel Apple",Twizzlers | Twizzlers | Twizzlers | Twizzlers | Twizzlers
marks and spencer,M&S,curated_mechanical_brand_alias,confirmed,first_off_brand_token_fallback,France,FRANCE|UK_IE,dairies,42,West country luxury yogurt Rhubarb Custard | Greek Style Yogurts Unsweetened | Mango & Passion Fruit & Greek Style Yogurt Snack Pot | Mild Cheddar with Onions & Chives | Dessert à la Fraise,Marks & Spencer | Marks & Spencer | Marks & Spencer | Marks & Spencer | Marks & Spencer
popcorners,PopCorners,curated_mechanical_brand_alias,confirmed,existing_company_brand_mapping_token_match,United States,US_CANADA,snacks,42,Sea Salt Popped-Corn Snacks | White Cheddar | Popped Whole Grain Chips | PopCorners Cinema Style | WHITE CHEDDAR FLAVORED,"PopCorners | PopCorners | Pop Corners | Our Little Rebellion, PopCorners | POPCORNERS"
m&s,M&S,curated_mechanical_brand_alias,confirmed,existing_company_brand_mapping_token_match,United Kingdom,UK_IE,dairies,39,0% fat greek style yogurt | Bircher style summer muesli Greek style yogurt | Semi skimmed milk | Cornish Cove Cheddar | West Country Luxury Yogurt - Apple Crumble,"M&S | M&S | M&S | Marks & Spencer,M&S | M&S"
kraft,Kraft,curated_mechanical_brand_alias,confirmed,existing_company_brand_mapping_token_match,United States,US_CANADA,snacks,39,"Colby Jack Cheese, Dark Chocolate Chunks, Banana Chips Snack Trios, Colby Jack, Dark Chocolate, Banana | Snack Trios Extra Sharp White Cheddar Cheese, Dark Chocolate Chunks, Dried Cranberries, White Cheddar, Dark Chocolate | Monterey Jack Cheese, Dried Cinnamon Apples, Granola Clusters Trios Snack, Monterey Jack Cheese, Dried Cinnamon Apples, Granola Clusters | Snack Mix, Sharp Yellow Cheddar Cheese, Dark Chocolate Chunks, Dried Cherries | Snack Mix, Colby Jack Cheese, Dark Chocolate Chunks, Banana Chips",Kraft | Kraft | Kraft | Kraft | Kraft
m&s,M&S,curated_mechanical_brand_alias,confirmed,existing_company_brand_mapping_token_match,United Kingdom,UK_IE,beverages,38,Garganea pinot grigio | Iced Tea Peach | palacios del marques | Pear Cider | Gold Instant Coffee,"M&S | M&S | M&S | M&S | Marks & Spencer, M&S"
quaker,Quaker,curated_mechanical_brand_alias,confirmed,existing_company_brand_mapping_token_match,United Kingdom,UK_IE,cereals,38,So Simple Gluten Free Original Porridge | Oat So Simple Original | Jumbo Oats | Oat So Simple Simply Apple | Simply strawberry no added sugar oatmeal With Milk,"Quaker | Quaker, Quaker Oats | Quaker | Quaker | Quaker"
Sanpellegrino,San Pellegrino,curated_mechanical_brand_alias,confirmed,existing_company_brand_mapping_token_match,United States,US_CANADA,beverages,38,Ciao! Lime | Ciao! Blood Orange | Zero Blood Orange | Limonata Lemonade | Italian Sparkling Grapefruit Beverage From Concentrate,"Sanpellegrino | Sanpellegrino | Sanpellegrino | Sanpellegrino | Sanpellegrino, Sanpellegrino Usa Inc."
hu,Hu,curated_mechanical_brand_alias,confirmed,existing_company_brand_mapping_token_match,United States,US_CANADA,snacks,37,Crunchy fig chocolate bar | Chocolate bar | Almond butter + puffed quinoa chocolate bar | Simple Dark Chocolate | Chocolate Covered Hunks - Cashews + Vanilla Bean - Single Serve,"Hu | Hu | Hu | Hu | Hu, Hu Products"
skinny pop,SkinnyPop,curated_mechanical_brand_alias,confirmed,existing_company_brand_mapping_token_match,United States,US_CANADA,snacks,37,Skinny Pop | Skinnypop popcorn | Butter Popcorn | DAIRY FREE WHITE CHEDDAR POPCORN | Microwave Butter Bag,"Skinny Pop | Skinny Pop | Skinny Pop | SKINNY POP | Skinny Pop, SkinnyPop Popcorn"
vittel,Vittel,top9_portfolio_brand_alias,confirmed,existing_company_brand_mapping_token_match,France,FRANCE,beverages,36,Eau Minérale Naturelle VITTEL | citron-menthe Bio infusés | Eau minérale naturelle | Bouteille verre | Eau minerale,VITTEL | Vittel | Vittel | Vittel | Vittel
sun chips,SunChips,curated_mechanical_brand_alias,confirmed,existing_company_brand_mapping_token_match,United States,US_CANADA,snacks,36,"Sun chips original | Chips | 100% Whole Grain And Sweet Potato Snacks, Brown Sugar | Sun Chips Harvest Cheddar Flavored | Sun Chips Harvest Cheddar",Sun chips | Sun Chips | Sun chips | Sun Chips | Sun Chips
marks and spencer,M&S,curated_mechanical_brand_alias,confirmed,first_off_brand_token_fallback,United Kingdom,UK_IE,cereals,34,Fresh Porridge | Porridge with Berry compote | Organic 3 seeds Almond and Raisin Granola | Multigrain Porridge | Oat & Coconut Vegan Porridge,Marks & Spencer | Marks And Spencer | Marks & Spencer | Marks & Spencer | Marks & Spencer
clif bar,Clif,curated_mechanical_brand_alias,confirmed,existing_company_brand_mapping_token_match,United States,US_CANADA,snacks,34,"Coconut Chocolate Chip Energy Bar, Coconut Chocolate Chip | Crunchy Peanut Butter | White Chocolate Macadamia Nut | Blueberry Almond Crisp | CRUNCHY PEANUT BUTTER",Clif bar | Clif Bar | Clif Bar | Clif Bar | CLIF BAR
m&s,M&S,curated_mechanical_brand_alias,confirmed,existing_company_brand_mapping_token_match,France,FRANCE|UK_IE,dairies,31,Victoria plum and bergamot yogurt | Cornish Cove Grated Cheddar Mature | Coconut pot original | Madagascan Vanilla Custard | Custard,M&S | M&S | m&s | M&S | M&S
hershey's,Hershey’s,curated_mechanical_brand_alias,confirmed,existing_company_brand_mapping_token_match,France,FRANCE,snacks,31,"Cookies n creme candy bar | White Reese's Peanut Butter Cups | Hershey's Holiday Candy Cane Bar, 3.5 Oz | cookies'n'creme candy | Chocolate Almond Blossoms","Hershey's | Hershey's, Reese's | Hershey's | Hershey's | Hershey's"
maxwell house,Maxwell House,curated_mechanical_brand_alias,confirmed,existing_company_brand_mapping_token_match,France,FRANCE,beverages,30,Café soluble Qualité Filtre | maxwell house qualité filtre decaféiné | Café soluble | Qualité Filtre | Cappuccino,"Maxwell House | Maxwell House, kraft foods | Maxwell House | MAXWELL HOUSE | Maxwell House"
kool aid,Kool-Aid,curated_mechanical_brand_alias,confirmed,existing_company_brand_mapping_token_match,United States,US_CANADA,beverages,30,"Kool-Aid Jammers Tropical Punch | Drink Mix, Tropical Punch | Kool-Aid Tropical Punch | Jammers Grape Drink, Grape | Sparklers cherry crush",Kool-Aid | Kool-aid | Kool-Aid | Kool-aid | Kool-Aid
mcvitie's,McVitie's,curated_mechanical_brand_alias,confirmed,existing_company_brand_mapping_token_match,France,FRANCE|UK_IE,snacks,29,Digestives Dark Chocolate | Biscuits | Hobnobs | mcvities fruit shortcake | McVitie's Rich Tea Classic 2 x,McVitie's | McVities | McVitie's | McVitie's | McVitie's
coca cola,Coca-Cola,curated_mechanical_brand_alias,confirmed,first_off_brand_token_fallback,France,FRANCE|SOUTHERN_EUROPE,beverages,28,Coca-Cola Original | Coca Cola | Coca-Cola original taste1.75 | Coca-Cola | Detourné,"Coca-Cola | Coca Cola | Coca-Cola | Coca Cola, Coca-Cola | Coca-Cola"
kellogg's,Kellogg's,curated_mechanical_brand_alias,confirmed,existing_company_brand_mapping_token_match,France,FRANCE|UK_IE,cereals,27,CORN FLAKES 1kg | Bran Flakes | All Bran Original | Frosties | Special K The Original,Kellogg's | Kellogg's | Kellogg's | Kellogg's | Kellogg's
cailler,Cailler,top9_portfolio_brand_alias,confirmed,existing_company_brand_mapping_token_match,France,FRANCE|DACH,snacks,26,"Chocolat Villars Blanc 100g | Cailler - originale | Caillier Branche Milch Mittelgross, Schokolade | Cailler DLC - Branche L'originale | Frigor Noir",Cailler | Cailler | Cailler | Cailler | Cailler
nestea,Nestea,top9_portfolio_brand_alias,confirmed,existing_company_brand_mapping_token_match,France,FRANCE,beverages,25,"Lemon Iced Tea 0 sugar | Nestea Lime & Mint | NESTEA THE Arôme citron Poche de 1 Kg | Nestea Honey Pear Tea | Nestea Eistee, Pfirsisch",Nestea | NESTEA | Nestea | Nestea | Nestea
gamesa,Gamesa,curated_mechanical_brand_alias,confirmed,existing_company_brand_mapping_token_match,United States,US_CANADA,snacks,24,Cremax Wafers | Cremax Wafers | Marias | Cookies animalitos | Surtido rico cookie,Gamesa | Gamesa | Gamesa | gamesa | gamesa
Sanpellegrino,San Pellegrino,curated_mechanical_brand_alias,confirmed,top9_portfolio_token_match,United Kingdom,UK_IE,beverages,23,Natural mineral water | Sanpellegrino Limonata | Tonica | Aranciata | San Pellegrino Limonata,"Sanpellegrino,San Pellegrino,Nestlé | San Pellegrino, Nestlé | San Pellegrino, Nestlé | San Pellegrino, Nestlé | San Pellegrino, Nestlé"
powerade,Powerade,curated_mechanical_brand_alias,confirmed,existing_company_brand_mapping_token_match,France,FRANCE,beverages,23,Fruit Punch | Powerade Ion4 Grape | Powerade Ion4 Sports Drink Lemon Lime | Powerade Zero Zero Calorie Sports Drink Mixed Berry | Powerade zero,Powerade | Powerade | Powerade | Powerade | Powerade
kellogg's,Kellogg's,curated_mechanical_brand_alias,confirmed,existing_company_brand_mapping_token_match,France,FRANCE|SOUTHERN_EUROPE,snacks,23,"Choco Krispies | Frutti rossi 1 barretta 21,5g. | Special k fondente | Kellogg's All-bran Nature Bars | Kellogg's All-bran Chocolate Bar",Kellogg's | Kellogg's | Kellogg's | Kellogg's | Kellogg's
benenuts,Benenuts,top9_portfolio_brand_alias,confirmed,existing_company_brand_mapping_token_match,France,FRANCE,snacks,22,Lay's Fritelle goût emmental | Apéro Cracks Mix Salé + Emmental | Lay's 3D's Bugles goût paprika | Apéro cracks P'tits toasts - Goût Fromage | Chips 3D's Bugles goût fromage lot de 2,"Benenuts, Fritelle, LAYS | Bénénuts | 3D's Bugles, BENENUTS, LAYS | Bénenuts | 3D's Bugles, BENENUTS, LAYS"
lu,LU,curated_mechanical_brand_alias,confirmed,existing_company_brand_mapping_token_match,France,FRANCE|DACH,snacks,22,Sablés beurré nantais | Biscuits Thé | Lulu La Barquette Abricot | La barquette (chocolat) | Lulu La Barquette Framboise,"LU, Mondelez International | Lu | Lu | LU | Lu,Mondelez"
ice breakers,Ice Breakers,top9_portfolio_brand_alias,confirmed,existing_company_brand_mapping_token_match,United States,US_CANADA,snacks,21,Ice Breakers Duo Mint | Ice Breakers Duo Fruit Cool Cherry | Ice breakers Ice Cubes Cinnamon Natural & Artificial Flavor | Ice Breakers Ice Cubes Peppermint | Piña Colada Ice Cube Ice Breakers,Ice Breakers | Ice Breakers | Ice Breakers | Ice Breakers | Ice Breakers
coke,Coca-Cola,curated_mechanical_brand_alias,confirmed,first_off_brand_token_fallback,United States,US_CANADA,beverages,21,coke | Diet coke | Cherry coke | Diet Coke - 6pk/16.9 fl oz Bottles | Diet Coke Caffeine Free - Bottles,Coke | Coke | Coke | Coke | Coke
kellogg's,Kellogg's,curated_mechanical_brand_alias,confirmed,existing_company_brand_mapping_token_match,France,FRANCE|US_CANADA,snacks,21,"grahams Bug Bites Cinnamon | Kellogg'S Special K Cereal Bars Red Berries .88Oz | Toaster pastries, frosted chocolatey caramel | Crispy marshmallow squares bars | Rice Krispies m&m's",Kellogg's | Kellogg's | Kellogg's | Kellogg's | Kellogg's
lu,LU,curated_mechanical_brand_alias,confirmed,existing_company_brand_mapping_token_match,France,FRANCE|SOUTHERN_EUROPE,snacks,20,La Barquette (chocolat) | Break crackers originales formato bolsillo | Principe galletas | Príncipe crema de chocolate | Principe crema de chocolate,"LU | Lu | LU | Lu | LU,Mondelēz"
Quaker Oats,Quaker,curated_mechanical_brand_alias,confirmed,existing_company_brand_mapping_token_match,United States,US_CANADA,cereals,20,"Quaker simply granola oats, honey, and almonds | 100% Whole Grain Rolled Oats Old Fashioned | Quaker Strawberries & Cream Instant Oatmeal (10-1.23 Ounce) 12.3 Ounce 10 Packet Box | Original breakfast cereal | Steel Cut Oats",Quaker Oats | Quaker Oats | Quaker oats | Quaker Oats | Quaker Oats
marks and spencer,M&S,curated_mechanical_brand_alias,confirmed,first_off_brand_token_fallback,France,FRANCE,cereals,20,Porridge de Riz | Porridge Oats | Milk and cookies granola | Date & Cinnamon - Bircher Muesli | Maple Syrup Flavour Porridge,"Marks & Spencer, Marks&Spencer | Marks & Spencer | Marks and Spencer | Marks & Spencer | Marks & Spencer"
san pellegrino,San Pellegrino,curated_mechanical_brand_alias,confirmed,existing_company_brand_mapping_token_match,France,FRANCE,beverages,19,"Sanpellecrino Orange Sanguine | Acqua Panna Natural Spring Water, | San pellegrino | momenti | Limonata","San Pellegrino | San Pellegrino | San Pellegrino | San Pellegrino, sanpellegrino | San Pellegrino"
Sanpellegrino,San Pellegrino,curated_mechanical_brand_alias,confirmed,top9_portfolio_token_match,France,FRANCE|SOUTHERN_EUROPE,beverages,19,Acqua San Pellegrino | San Pellegrino 500ml Mineral Water | NATURALMENTE FUORI DAL CORO DAL 1932 SANPELLEGRINO | Sanpellegrino Arancia e Pera | SANPELLEGRINO Bois pétil au jus d'orange et de figue de Barbarie 33cl,"Nestlé, San Pellegrino | Nestlé, San Pellegrino | Nestlé, San Pellegrino | Nestlé, San Pellegrino | Nestlé, San Pellegrino"
tate's bake shop,Tate’s Bake Shop,curated_mechanical_brand_alias,confirmed,existing_company_brand_mapping_token_match,United States,US_CANADA,snacks,18,"Chocolate chip cookies | Pumpkin Spice Cookies | Oatmeal Raisin Cookies | Whole wheat dark chocolate cookies, whole wheat dark chocolate | Walnut Chocolate Chip Cookies",Tate's bake shop | Tate's Bake Shop | Tate's Bake Shop | Tate's Bake Shop | Tate's Bake Shop
kraft,Kraft,curated_mechanical_brand_alias,confirmed,existing_company_brand_mapping_token_match,France,FRANCE,dairies,18,Kraft Italian five cheese | White American | Fromage Parmesan Râpé | Préparation De Fromage Fondu Velveeta | Fromage Parmesan Râpé,Kraft | Kraft | Kraft | Kraft | Kraft
mirinda,Mirinda,top9_portfolio_brand_alias,confirmed,existing_company_brand_mapping_token_match,France,FRANCE,beverages,18,Mirinda Boisson gazeuse goût orange 2 L | Mirinda -Goût Orange | Mirinda Boisson gazeuse goût fraise 2 L | Mirinda Boisson gazeuse goût pomme 2 L | Mirinda Boisson gazeuse goût tropical 2 L,Mirinda | Mirinda | Mirinda | Mirinda | Mirinda
powerade,Powerade,curated_mechanical_brand_alias,confirmed,existing_company_brand_mapping_token_match,United States,US_CANADA,beverages,18,POWERade Mountain Berry Blast | Powerade zero | ZERO Mixed Berry | Sports Drink Mix | Powerade Zero Fruit Punch,POWERade | Powerade | Powerade | Powerade | Powerade
velveeta,Velveeta,top9_portfolio_brand_alias,confirmed,existing_company_brand_mapping_token_match,United States,US_CANADA,dairies,17,"Sharp Cheddar Pasteurized Recipe Cheese Product, Sharp Cheddar | Pasteurized Recipe Product With Jalapeo Peppers Cheese | Shreds, Mozzarella | Pasteurized Recipe Cheese Product, Original | 2% Milk Cheese",Velveeta | Velveeta | Velveeta | Velveeta | Velveeta
coca cola,Coca-Cola,curated_mechanical_brand_alias,confirmed,first_off_brand_token_fallback,Belgium,BENELUX|FRANCE,beverages,17,Cola Regular - Coca-cola - 1.5 Liters | Coca-Cola Collector 2013 | Coca-Cola | Coca Cola Original taste | Coca Cola zéro,Coca-Cola | Coca-Cola | Coca Cola | Coca-Cola | Coca-Cola
kellogg's,Kellogg's,curated_mechanical_brand_alias,confirmed,existing_company_brand_mapping_token_match,United Kingdom,UK_IE,snacks,17,Pop Tarts | Rice Krispies Squares caramel & chocolate | kelloggscoco pops | Crunchy Nut Choc & Peanut Bar | Squares,Kelloggs | Kellogg's | Kelloggs | Kellogg's | Kellogg's
quaker,Quaker,curated_mechanical_brand_alias,confirmed,existing_company_brand_mapping_token_match,Belgium,BENELUX|FRANCE,cereals,17,"Quaker Muesli Amandes, noisettes & raisins | Cruesli miel et noisettes | Cruesli Chocolat | Quaker Cruesli 4 Nuts | 4 nuts","Muesli, QUAKER | Cruesli, QUAKER | Cruesli, PepsiCo, Quaker | Quaker | Quaker"
perugina,Perugina,curated_mechanical_brand_alias,confirmed,existing_company_brand_mapping_token_match,France,FRANCE,snacks,17,Milk Chocolate - Premium Chocolate | Perugina Baci Milk Chocolate Bag 143G | Fondente extra tavoletta di cioccolato fondente extra | Inais - Latte Finissimo | Baci,"Nestlé, Perugina | Nestlé, Perugina | Nestlé, Perugina | Nestlé, Perugina | Nestlé,Perugina"
Sanpellegrino,San Pellegrino,curated_mechanical_brand_alias,confirmed,top9_portfolio_token_match,Belgium,BENELUX|FRANCE,beverages,16,San Bitter Aperitif 6 x | Eau gazeuse | Chinotto Original En Bouteille x6 | San Pellegrino | Melograno et Arancia,"Nestlé, San Pellegrino | Nestlé,San Pellegrino | Nestlé, San Pellegrino | San Pellegrino, Nestlé | Nestlé, San Pellegrino"
quaker,Quaker,curated_mechanical_brand_alias,confirmed,existing_company_brand_mapping_token_match,France,FRANCE|US_CANADA,cereals,16,Instant oatmeal raisin date walnut | Cinnamon & Spice Instant Oatmeal Lower Sugar | Quaker original instant grits | life multigrain cereal | OATMEAL SQUARES BROWN SUGAR,Quaker | Quaker | Quaker | quaker | QUAKER
Sanpellegrino,San Pellegrino,curated_mechanical_brand_alias,confirmed,top9_portfolio_token_match,France,FRANCE|DACH,beverages,16,S. Pellegrino Mineralwasser | San Pellegrino | Eau minérale gazeuse | S. Pellegrino | Sanbitter,"Nestlé, San Pellegrino | Nestlé, San Pellegrino | Nestlé, San Pellegrino | Nestlé, San Pellegrino | Nestlé, San Pellegrino"
kellogg's,Kellogg's,curated_mechanical_brand_alias,confirmed,existing_company_brand_mapping_token_match,Belgium,BENELUX|FRANCE|DACH,cereals,15,Corn Flakes | Cornflakes | Céréales Special K Kellogg's Chocolat Noir | Céréales Special K Kellogg's Chocolat au lait | Céréales trésor chocolat noisette,Kellogg's | Kellogg's | Kellogg's | Kellogg's | Kellogg's
maxwell house,Maxwell House,curated_mechanical_brand_alias,confirmed,existing_company_brand_mapping_token_match,United States,US_CANADA,beverages,15,"French Vanilla Cafe-Style Beverage Mix, French Vanilla Cafe | Vanilla Caramel Latte Caf-Style Beverage Mix, Vanilla; Caramel Latte | French Vanilla Cafe-Style Beverage Mix, French Vanilla | Instant coffee | Vanilla Iced Latte with Foam",Maxwell house | Maxwell house | Maxwell house | Maxwell House | Maxwell House
minute maid,Minute Maid,top9_portfolio_brand_alias,confirmed,existing_company_brand_mapping_token_match,Belgium,BENELUX|FRANCE,beverages,15,Minute Maid Multivitamines | Minute Maid Orange | Jus d'orange avec pulpe à base de concentré doux | Minute Maid multivitamines | Great Start!,Minute Maid | Minute Maid | Minute maid | Minute Maid | Minute Maid
kellogg's,Kellogg's,curated_mechanical_brand_alias,confirmed,existing_company_brand_mapping_token_match,Australia,FRANCE,cereals,15,Corn Flakes | Sultana Bran | Special K | All-Bran Honey Almond | Crunchy Nut Corn Flakes,Kellogg's | Kellogg's | Kellogg's | Kellogg's | Kellogg's
cheetos,Cheetos,top9_portfolio_brand_alias,confirmed,existing_company_brand_mapping_token_match,United Kingdom,UK_IE,snacks,15,Cheetos Flaming hot 1.25pm | Cheetos Puffs Sweet And Spicy | Twisted Sweet & Spicy | Walkers Salt Vinegar Crisps 6pk | Cheetos Crunchy Cheese,Cheetos | Cheetos | Cheetos | Cheetos | Cheetos
marks and spencer,M&S,curated_mechanical_brand_alias,confirmed,first_off_brand_token_fallback,France,FRANCE|UK_IE,cereals,15,Fruit and Fibre Muesli | Céréales Crunch Aux Amandes | Berries & Cherries Flakes | Corn Flakes | Fruit & Nut Muesli,Marks & Spencer | Marks & Spencer | Marks & Spencer | Marks & Spencer | Marks & Spencer
lion,Lion,curated_mechanical_brand_alias,confirmed,existing_company_brand_mapping_token_match,France,FRANCE,snacks,15,Football gums | LION Céréales Barres (12x25g) | NESTLE LION Barres de Céréales (8+4)x25g | Barres Lion | LION barre chocolatée Format Familial 11 x 42g,"Lion | Nestlé, Lion | Nestlé, Lion | Nestlé, Lion | Nestlé, Lion"
after eight,After Eight,curated_mechanical_brand_alias,confirmed,existing_company_brand_mapping_token_match,France,FRANCE,snacks,14,After Eight Weihnachtsmann | After Eight Extra dark Mint chocolate thins | After Eight Menthe & Saveur Citron | AFTER EIGHT Classique 800g | AFTER EIGHT Calendrier de l'Avent adulte Big Ben 185g,"After Eight | Nestlé, After eight | Nestlé, After eight | Nestlé, After eight | Nestlé, After eight"
m&s,M&S,curated_mechanical_brand_alias,confirmed,existing_company_brand_mapping_token_match,France,FRANCE,beverages,14,Sparkling Raspberry & Lemon | Jus de pomme et sureau | Purple Tea With Blueberry Tea Pyramid | Decaffeinated Teabags | Asti,"M&S, Marks & Spencer, Marks And Spencer | M&S | M&S, Marks And Spencer | M&S, Marks And Spencer | M&S"
cailler,Cailler,top9_portfolio_brand_alias,confirmed,existing_company_brand_mapping_token_match,France,FRANCE,snacks,14,Chocolat au lait amandes et miel | Chocolat au lait aéré avec nougat au miel | Dunkle schokolade | Chocolat | Chocolat au lait et caramel salé,Cailler | Cailler | Cailler | Cailler | Cailler
sour patch kids,Sour Patch Kids,top9_portfolio_brand_alias,confirmed,existing_company_brand_mapping_token_match,United States,US_CANADA,snacks,14,"Sour Patch Kids, Candy Canes | Hearts | Sour Patch Kids Blue Raspberry | Sour Patch Kids Coal | Sour Patch Kids Strawberry",Sour patch kids | Sour Patch Kids | Sour Patch Kids | Sour Patch Kids | Sour Patch Kids
jolly rancher,Jolly Rancher,top9_portfolio_brand_alias,confirmed,existing_company_brand_mapping_token_match,United States,US_CANADA,snacks,14,"Jolly Rancher Hard Candy | Jolly Rancher Jelly Beans | Cherry, strawberry & watermelon jelly hearts, cherry, strawberry & watermelon | FD Jolly Ranchers | Jolly Rancher Hard candy",Jolly Rancher | Jolly Rancher | Jolly Rancher | Jolly rancher | Jolly Rancher
lion,Lion,curated_mechanical_brand_alias,confirmed,existing_company_brand_mapping_token_match,France,FRANCE,cereals,13,Lion bio | Céréales Lion caramel et chocolat | Lion caramel et chocolat | lion | Céréales Lion - Caramel & Chocolat,"Lion | Nestlé, Lion | Lion | Nestlé, Lion | Nestlé, Lion"
lu,LU,curated_mechanical_brand_alias,confirmed,existing_company_brand_mapping_token_match,Belgium,BENELUX|FRANCE|DACH,snacks,13,Véritable Petit Beurre Pocket | Le Véritable Petit Beurre | Sablés - Chocolat au Lait | Cracotte Chocolat | Cracotte Fraise,"lu | LU | Granola, LU, Mondelez | LU,Mondelez | Lu, Mondelez"
knorr,Knorr,top9_portfolio_brand_alias,confirmed,existing_company_brand_mapping_token_match,France,FRANCE,beverages,13,Knorr Préparation pour Jus de Rôti 8 Tablettes 72g | Marmite Jus de Rôti | Bouillon | Velouté de potiron chataignes aux chanterelles et éclats de noisettes | Knorr Soupe Vietnamienne 39g 2 Portions,Knorr | Knorr | Knorr | Knorr | Knorr
la laitiere,La Laitière,curated_mechanical_brand_alias,confirmed,existing_company_brand_mapping_token_match,Belgium,BENELUX|FRANCE,dairies,13,Yaourt sur lit de cerise | Velours de Crème Caramel | Secret de Mousse Chocolat Noir | Le Yaourt à la Rhubarbe 100% naturel | Le liégeois au yaourt à la pêche,"La Laitière | Nestlé, La Laitière | Nestlé,La Laitière | Nestlé, La Laitière | Nestlé, La Laitière"
vittel,Vittel,top9_portfolio_brand_alias,confirmed,existing_company_brand_mapping_token_match,Belgium,BENELUX|FRANCE,beverages,13,Eau minérale naturelle | Vittel | VITTEL eau minerale naturel 50cl | VITTEL eau minérale naturelle 6 x 50cl | Eau minérale naturelle,Vittel | Vittel | Vittel | Vittel | Vittel
Sanpellegrino,San Pellegrino,curated_mechanical_brand_alias,confirmed,existing_company_brand_mapping_token_match,France,FRANCE,beverages,12,"Sanpellegrino Sparkling Grapefruit Beverage, Pompelmo | Sanpellecrino Orange | Sanpellegrino Sparkling Orange Beverage, Aranciata | Sanpellegtino clementina e pesca | sanpellegrino aranciata rossa",Sanpellegrino | SanPellegrino | Sanpellegrino | Sanpellegrino | SANPELLEGRINO
dolce gusto,Nescafé Dolce Gusto,curated_mechanical_brand_alias,confirmed,first_off_brand_token_fallback,France,FRANCE,beverages,12,Ricore original | LATTE MACCHIATO CARAMEL | Café au lait | Chococino | Marrakech Tea,Dolce Gusto | Dolce Gusto | Dolce Gusto | Dolce Gusto | Dolce Gusto
mcvitie's,McVitie's,curated_mechanical_brand_alias,confirmed,existing_company_brand_mapping_token_match,United States,US_CANADA,snacks,12,"Mcvitie's, digestives cheesecake, lemon | Mcvitie's, mini gingerbread men, milk chocolate | Hobnobs Rolled Oat & Whole Wheat Biscuits | Digestives | Digestives Milk Chocolate Flavor coating","Mcvitie's | Mcvitie's | Mcvitie's | Mcvitie's, McVities | McVitie's"
m&s,M&S,curated_mechanical_brand_alias,confirmed,existing_company_brand_mapping_token_match,France,FRANCE,snacks,12,"Chocolate Eclairs | Salted caramel popcorn | Roast Beef & Onion | Popcorn | all butter cookies with white chocolate chunks, candied Sicilian lemon peel & Sicilian lemon extract",M&S | M&S | M&S | M&S | M&S
Lay's,Lay’s,curated_mechanical_brand_alias,confirmed,top9_portfolio_token_match,France,FRANCE,snacks,12,Laus nature | Lay's Recette à l'ancienne nature | Chips nature | Moutarde Pickles | Dégustation Goût & Craquant d'Exception,"Lay's, Lays, PepsiCo | Lay's, Lays, PepsiCo | Lay's, Pepsico | Lay's, PepsiCo | Lay's, PepsiCo"
crunch,Crunch,curated_mechanical_brand_alias,confirmed,existing_company_brand_mapping_token_match,France,FRANCE,cereals,11,Céréales Crunch | CRUNCH Céréales | Crunch céréales | Crunch (+50% gratuit) | NESTLE CRUNCH Céréales 450g,"Crunch | Nestlé, CRUNCH, Cereal Partners | Crunch | Nestlé, Crunch | Nestlé, Crunch"
coca cola,Coca-Cola,curated_mechanical_brand_alias,confirmed,first_off_brand_token_fallback,Belgium,BENELUX|FRANCE|DACH,beverages,11,Boisson rafraîchissante aux extraits végétaux | Coca Cola | Coca-Cola | PET 50CL COCA COLA ZERO | PET 1.75L COCA,Coca-Cola | COCA-COLA | Coca-Cola | Coca-Cola | Coca-Cola
kellogg's,Kellogg's,curated_mechanical_brand_alias,confirmed,existing_company_brand_mapping_token_match,France,FRANCE|UK_IE,snacks,11,"Rice Krispies Squares gooey marshmallow | Rice Krispies Squares Chocolate Caramel Snack Bar, (Pack of 4) | Rice Krispies Squares gooey marshmallow | Nutri-Grain Choc Chip Breakfast Bakes 6 x imp | Nutri-Grain Raisin Bake",Kellogg's | Kellogg's | Kellogg's | Kellogg's | Kellogg's
san pellegrino,San Pellegrino,curated_mechanical_brand_alias,confirmed,existing_company_brand_mapping_token_match,United States,US_CANADA,beverages,11,"Ciao Peach | San pellegrino aranciata | Italian Sparkling Blood Orange Beverage From Concentrate | Sparkling blood orange beverage with 16% orange juice and 3% blood orange juice from concentrate, aranciata rossa | Blood orange and black raspberry","San Pellegrino | San Pellegrino | San Pellegrino,Sanpellegrino,Sanpellegrino Usa Inc. | San Pellegrino | San Pellegrino"
contrex,Contrex,top9_portfolio_brand_alias,confirmed,existing_company_brand_mapping_token_match,France,FRANCE,beverages,11,"Contrex | Eau minérale naturelle | Contrex 75cl | eau | CONTREX eau minérale naturelle 6x1,5L",Contrex | Contrex | Contrex | contrex | Contrex
bakers,Bakers,top9_portfolio_brand_alias,confirmed,existing_company_brand_mapping_token_match,France,FRANCE,snacks,11,Classic Choc-Kits | Choc-kits White | Eet-Sum-Mor Shortbread Biscuits | Lemon Cream Biscuits | Bakers Royal Creams,Bakers | Bakers | BAKERS | Bakers | Bakers
international delight,International Delight,top9_portfolio_brand_alias,confirmed,existing_company_brand_mapping_token_match,United States,US_CANADA,beverages,11,"iced coffee-mocha | Caramel Macchiato | Sweet & creamy iced coffee, hershey's cookies 'n' creme | Iced coffee coffeehouse drink, sweet cream | Caramel Macchiato iced coffee","International delight | International Delight | International Delight, Dean Foods Company | International Delight, Dean Foods Company | International Delight"
cheetos,Cheetos,top9_portfolio_brand_alias,confirmed,existing_company_brand_mapping_token_match,France,FRANCE,snacks,11,Flamin' Hot Crunchy Cheese Flavored Snacks | Simply cheese flavored snacks puffs | popcorn flamin hot | Cheetos Original Gout Fromage | Cheetos Original Goût Fromage,Cheetos | Cheetos | Cheetos | Cheetos | Cheetos
coca cola,Coca-Cola,curated_mechanical_brand_alias,confirmed,first_off_brand_token_fallback,France,FRANCE|US_CANADA,beverages,10,Coca-Cola | Coca-Cola Original Taste | Coca-Cola Zero Sugar | Coca-Cola Zero Sugar Cola | Zero calorie cola,Coca-Cola | Coca-Cola | Coca-Cola | Coca-Cola | Coca-Cola
lu,LU,curated_mechanical_brand_alias,confirmed,existing_company_brand_mapping_token_match,United States,US_CANADA,snacks,10,"Belvita | Mikado Chocolat au lait | Lu, le petit beurre biscuits | Extra Dark Chocolate Cookies | Lu cookies cinnamon 1x9.170 oz",LU | Lu | Lu | Lu | Lu
Nescafé,Nescafé Dolce Gusto,curated_mechanical_brand_alias,confirmed,existing_company_brand_mapping_token_match,France,FRANCE|SOUTHERN_EUROPE,beverages,10,Capsules NESCAFE DOLCE GUSTO Amande 12 capsules | Capsules NESCAFE DOLCE GUSTO Cortado Espresso Decaf 16 Capsules | Capsules NESCAFÉ Dolce Gusto Espresso Roma 16 Capsules | Capsules NESCAFE DOLCE GUSTO Expresso Milano | Capsules NESCAFÉ DOLCE GUSTO Espresso décaféiné x16,"Dolce gusto, Nescafe | Dolce gusto, Nescafe, Nescafe cortado | Dolce gusto, Nescafe espresso, Nescafé | Dolce gusto, Nescafe | Dolce gusto, Nescafe"
honest tea,Honest Tea,top9_portfolio_brand_alias,confirmed,existing_company_brand_mapping_token_match,United States,US_CANADA,beverages,10,"Honest Tea, Organic Tea, Peach, Peach | Peach White Tea | Cranberry Lemon Flavored Herbal Tea | Honest Tea Organic Peach Tea | Organic fair trade half tea half lemonade gluten free",Honest tea | Honest Tea | Honest Tea | Honest Tea | Honest Tea
cappy,Cappy,top9_portfolio_brand_alias,confirmed,existing_company_brand_mapping_token_match,France,FRANCE,beverages,9,Peach Juice | Karisik meyve suyu | Multivitamina sok | Jus de peche | Cappy pulpy peach,Cappy | Cappy | Cappy | Cappy | Cappy
so delicious,So Delicious,curated_mechanical_brand_alias,confirmed,existing_company_brand_mapping_token_match,United States,US_CANADA,dairies,9,Strawberry with botanical elderberry | Dairy free yogurt | Vanilla Coconut Yogurt | strawberry banana coconut yogurt alternative | vanilla coconut yogurt alternative,so delicious | So delicious | So Delicious | SO Delicious | So Delicious
crunch,Crunch,curated_mechanical_brand_alias,confirmed,existing_company_brand_mapping_token_match,France,FRANCE,snacks,9,CRUNCH Blanc Tablette 2x100g | Crunch | CRUNCH Noir Tablette 2x100g | Crunch | CRUNCH (lot de 2),"Nestlé, Crunch, Crunch blanc | Nestlé, Crunch | Nestlé, Crunch | Nestlé, Crunch | Nestlé,Crunch"
m&s,M&S,curated_mechanical_brand_alias,confirmed,existing_company_brand_mapping_token_match,United Kingdom,UK_IE,cereals,9,High fibre fruit and bran | PEANUT & OAT GRANOLA | jumbo Scottish oats | Tropical Fruit Granola | Very Berry Flavour,"M&S | M&S | m&s, Marks & Spencer | M&S | M&S, Marks & Spencer"
minute maid,Minute Maid,top9_portfolio_brand_alias,confirmed,existing_company_brand_mapping_token_match,France,FRANCE|US_CANADA,beverages,9,"Strawberry Lemonade | Cranberry and Apple cocktail | Original Low Pulp Orange Juice | Minute maid, sparkling juice drink, fruit punch | Light lemonade, light",Minute Maid | Minute maid | Minute Maid | Minute Maid | Minute Maid
perugina,Perugina,curated_mechanical_brand_alias,confirmed,existing_company_brand_mapping_token_match,France,FRANCE|SOUTHERN_EUROPE,snacks,9,Fondente extra semi di cacao | Nero Fondente Extra 70% | Fondente extra Arancia | Baci | Fondente extra tavoletta di cioccolato fondente extra,"Perugina | Nestlé,Perugina | Nestlé, Perugina | Nestlé, Perugina | Nestlé, Perugina"
almond joy,Almond Joy,curated_mechanical_brand_alias,confirmed,existing_company_brand_mapping_token_match,United States,US_CANADA,snacks,9,"Miniatures coconut & almond chocolate candy bar | Coconut & Almond Chocolate Candy Bar, Coconut & Almond Chocolate | Almond Joy, Pieces, Candy In A Crunchy Shell, Milk Chocolate, Coconut And Almond, Milk Chocolate, Coconut And Almond | Coconut & Almond Chocolate Candy Bar, Coconut & Almond | Snack Mix",Almond Joy | Almond joy | Almond joy | Almond joy | Almond joy
mcvitie's,McVitie's,curated_mechanical_brand_alias,confirmed,existing_company_brand_mapping_token_match,France,FRANCE|SOUTHERN_EUROPE,snacks,9,Digestive | Biscotti MC Vities Al Cioccolato G 200 | Avena | Digestive integral | Fruit & Form Galletas Frutos Del Bosque,McVitie's | McVitie's | McVitie's | McVitie's | McVitie's
coca cola,Coca-Cola,curated_mechanical_brand_alias,confirmed,first_off_brand_token_fallback,France,FRANCE|UK_IE,beverages,9,Coca-Cola Original Taste | Diet Coke Top quality | Coca-cola diet (UK) | Dr Pepper Zero | Diet Coke,"Coca Cola | Coca-Cola | Coca-Cola | Coca Cola | Coca-Cola, Tesco"
Nescafé,Nescafé Dolce Gusto,curated_mechanical_brand_alias,confirmed,existing_company_brand_mapping_token_match,France,FRANCE|DACH,beverages,9,Café au Lait | DOLCE GUSTO espresso | Latte Macchiato Unsweetened | crema d‘oro | Capsules NESCAFE Dolce Gusto Espresso 30 Capsules,"Nescafe, Nescafé Dolce Gusto Café au Lait | Dolce gusto, Nescafé | Nescafe, Nescafé Dolce Gusto | Dallmayr, Dolce Gusto, Nescafé | Dolce gusto, Nescafé"
lu,LU,curated_mechanical_brand_alias,confirmed,existing_company_brand_mapping_token_match,United Kingdom,UK_IE,snacks,8,Le Petit Chocolate | Le Petit Chocolat Biscuit | LE PETIT BISCOTTE | Le Petit Beurre | Le Petit Chocolat,LU | Lu | LU | LU | LU
quaker,Quaker,curated_mechanical_brand_alias,confirmed,existing_company_brand_mapping_token_match,France,FRANCE,snacks,8,Brownie | Dipps Granola Bars Rainbow Chip | Harvest Fruit & Nut Bars Dark Chocolate Cherry | Chewy chcolate chip | Barre de cereale,"Quaker | Quaker | Quaker, Quaker Oats | Quaker | Quaker"
vittel,Vittel,top9_portfolio_brand_alias,confirmed,existing_company_brand_mapping_token_match,France,FRANCE|DACH,beverages,8,VITTEL | Vittel | VITTEL eau minérale naturelle 75cl | Natürliches Mineralwasser | Natürliches Mineralwasser,"Vittel | Vittel | Vittel | Vittel,Vittel ohne KS | Vittel"
kellogg's,Kellogg's,curated_mechanical_brand_alias,confirmed,existing_company_brand_mapping_token_match,Belgium,BENELUX|FRANCE,snacks,8,Barre croustillante spéciale k | Biscuit moments Caramel | Barres Céréales Extra Kellogg's Fruits Rouges Amandes - 4x32g | Barres Extra Kellogg's Choco Amandes - 4x32g | Barres de Céréales Extra Kellogg's Miel - 4x32g,"Kellogg's | Kellogg's | Kellogg's | Kellogg's | Kellogg's, Extra"
kellogg's,Kellogg's,curated_mechanical_brand_alias,confirmed,existing_company_brand_mapping_token_match,Ireland,UK_IE,cereals,8,All-Bran Original | Crunchy Nut | Corn Flakes | Cereales de chocolate sabor avellana | Crunchy nut granola chocolate moca flavour,"Kellogg,Kellogg's | Kellogg's | Kellogg's | Kellogg's | kelloggs"
hipro,HiPRO,curated_mechanical_brand_alias,confirmed,existing_company_brand_mapping_token_match,France,FRANCE,dairies,8,Hipro banana | Yaourt à boire | Hipro a boire uht vanille 345 g x 8 | Hipro a boire saveur cafe 300 g x 1 | Hipro a boire saveur caramel 300 g x 1,"Hipro | Hipro | Hipro, Hipro drinks | Danone, Hipro, Hipro drinks | Danone, Hipro, Hipro drinks"
hu,Hu,curated_mechanical_brand_alias,confirmed,existing_company_brand_mapping_token_match,United Kingdom,UK_IE,snacks,8,Simple Dark Chocolate | SALTY DARK CHOCOLATE | Vanilla Crunch Dark Chocolate | Crunchy Mint dark chocolate | Almond Butter + Puffed Quinoa Dark Chocolate,Hu | Hu | Hu | Hu | Hu
kraft singles,Kraft Singles,curated_mechanical_brand_alias,confirmed,existing_company_brand_mapping_token_match,United States,US_CANADA,dairies,8,American Cheese Slices | White American Cheese Slices | Skim Milk Sharp Cheddar Cheese Slices | American Cheese Slices | American Cheese Product,Kraft singles | Kraft singles | Kraft singles | Kraft singles | Kraft Singles
vitaminwater,Vitaminwater,curated_mechanical_brand_alias,confirmed,existing_company_brand_mapping_token_match,United States,US_CANADA,beverages,7,vitaminwater acai blueberry pomegranate | Essential electrolyte enhanced water w vitamins | Tropical Citrus Energy Nutrient Enhanced Water | Gutsy Zero Sugar | tropical citrus energy,"vitaminwater | vitaminwater, Glaceau | Glacéau,Vitaminwater | Vitaminwater | Vitamin Water"
coke,Coca-Cola,curated_mechanical_brand_alias,confirmed,first_off_brand_token_fallback,United Kingdom,UK_IE,beverages,7,Diet Coca Cola | Coca Cola Diet | Diet coke | diet coke | Coke,Coke | coke | Coke | Coke | Coke
kellogg's,Kellogg's,curated_mechanical_brand_alias,confirmed,existing_company_brand_mapping_token_match,Canada,US_CANADA|FRANCE,cereals,7,Special K Originales | Corn Flakes Céréales | Froot Loops | Brown Sugar Flavour Mini-Wheats | Céréales Au Chocolat Krave,Kellogg's | Kellogg's | Kellogg's | Kellogg's | Kellogg's
halls,Halls,top9_portfolio_brand_alias,confirmed,existing_company_brand_mapping_token_match,France,FRANCE|SOUTHERN_EUROPE,snacks,7,Mini mints | Respiral eucaliptus mentol | Respiral limón mentol | Respiral regaliz mentol | Cool caramelo extra fuerte sin azúcar,Halls | Halls | Halls | Halls | Halls
henniez,HENNIEZ,top9_portfolio_brand_alias,confirmed,existing_company_brand_mapping_token_match,France,FRANCE|DACH,beverages,7,Henniez Bleue Naturelle 1.5 l | Acqua minerale naturale | Eau minérale légèrement gazeuse | Acqua minerale naturale frizzante | Henniez Mineralwasser Kohlensäure,Henniez | Henniez | Henniez | Henniez | Henniez
badoit,Badoit,top9_portfolio_brand_alias,confirmed,existing_company_brand_mapping_token_match,Belgium,BENELUX|FRANCE,beverages,7,"Badoit citron vert | Eau Minerale Bouteille Plastique Citron Vert 6CT Eau Minerale A Boire Etagere | Badoit Zest Citron | Eau pétillante aromatisée citron, les 6 bouteilles de 50 | Eau gazeuse aromatisée menthe",Badoit | Badoit | Badoit | Badoit | Badoit
nestea,Nestea,top9_portfolio_brand_alias,confirmed,existing_company_brand_mapping_token_match,France,FRANCE|DACH,beverages,7,Thé glacé saveur pêche blanche | Thé glacé saveur pêche blanche | Nestea Mango-Piña | Nestea rasberry | Nestea Lemon,Nestea | Nestea | Nestea | Nestea | Nestea
cap'n crunch,Cap’n Crunch,curated_mechanical_brand_alias,confirmed,existing_company_brand_mapping_token_match,United States,US_CANADA,cereals,7,"Peanut butter crunch sweetened corn & oat cereal | Sweetened Corn & Oat Cereal | Sweetened Corn & Oat Cereal | Berries breakfast cereal | Touchdown Crunch Flavored Sweetened Corn & Oat Cereal, Touchdown Crunch",Cap'n Crunch | Cap'n Crunch | Cap’n Crunch | Cap’n Crunch | Cap'n crunch
clif bar,Clif,curated_mechanical_brand_alias,confirmed,existing_company_brand_mapping_token_match,France,FRANCE,snacks,7,Barre énergétique Clif Bar 68G | Crunchy peanut butter | Clif Bar White Chocolate Macadamia Nut | White chocolate macadamia nut | White chocolate macadamia nut,Clif Bar | CLIF BAR | Clif Bar | Clif Bar | Clif Bar
Nescafé,Nescafé Dolce Gusto,curated_mechanical_brand_alias,confirmed,top9_portfolio_token_match,France,FRANCE,beverages,7,Nescafé Dolce Gusto Chococino Caramel | Capsules NESCAFÉ DOLCE GUSTO Absolute Origin Mexico Grande 12 Caps | Capsules NESCAFÉ DOLCE GUSTO Espresso Intenso 16 Capsules | STARBUCKS by NESCAFE DOLCE GUSTO Espresso Colombia 66g | Capsules NESCAFE DOLCE GUSTO Double Espresso 16 Capsules,"Nestlé, Nescafé, Nescafé Dolce Gusto | Nestlé, Dolce gusto, Nescafé | Nestlé, Dolce gusto, Nescafe | Espresso, Medium colombia, Nescafé, STARBUCKS, by NESCAFE DOLCE GUSTO | Nestlé, Dolce gusto, Nescafé"
bakers,Bakers,top9_portfolio_brand_alias,confirmed,existing_company_brand_mapping_token_match,United States,US_CANADA,snacks,7,Bittersweet Chocolate 66% Cacao Premium Baking Bar | White Chocolate Premium Baking Bar | Dark chocolate | Semi-Sweet Chocolate | Holiday Mold Kit White Chocolate,Baker's | Baker's | Baker’s | Baker's | Baker's
international delight,International Delight,top9_portfolio_brand_alias,confirmed,existing_company_brand_mapping_token_match,United States,US_CANADA,dairies,7,"Zero Sugar Creamer | International delight, nog, dairy beverage | International delight, nog, festive dairy beverage, very vanilla | International delight, hot chocolate, milk chocolate | Dairy beverage, hot chocolate","International Delight | International Delight, Dean Foods Company | International Delight, Dean Foods Company | International Delight, Dean Foods Company | International Delight, Dean Foods Company"
mcvitie's,McVitie's,curated_mechanical_brand_alias,confirmed,existing_company_brand_mapping_token_match,Australia,FRANCE,snacks,7,Digestives to Go | Mcvitie's Digestives To Go | Mcvitie's Hobnobs Milk Chocolate & Golden Syrup Oaty Snack | McVitie's Digestive | Digestives Dark Chocolate,McVitie's | McVitie's | McVitie's | McVitie's | McVitie's
hershey's,Hershey’s,curated_mechanical_brand_alias,confirmed,existing_company_brand_mapping_token_match,France,FRANCE|US_CANADA,snacks,6,"Peanut butter candy in a crunchy shell | Milk chocolate miniatures peanut butter cups | Milk chocolate, peanut butter cup miniatures | Chocolate peanut butter candy | Milk Chocolate","Hershey's | Hershey's | Hershey's, The Hershey Company | Hershey's | Hershey's, Reese s"
brookside,Brookside,top9_portfolio_brand_alias,confirmed,existing_company_brand_mapping_token_match,France,FRANCE|US_CANADA,snacks,6,Goji & Raspberry Flavors Soft Fruit Flavored Centers Covered In Smooth Dark Chocolate | Pomegranate Flavor Soft Fruit Flavored Centers Covered In Smooth Dark Chocolate | Dark chocolate | Dark Chocolate Acai & Blueberry Flavors | Brookside Dark Chocolate Pomegranate Flavor,Brookside | Brookside | Brookside | Brookside | Brookside
la laitiere,La Laitière,curated_mechanical_brand_alias,confirmed,existing_company_brand_mapping_token_match,France,FRANCE|DACH,dairies,6,Semoule au lait saveur vanille | Maronsui's 4x69g | Frais et fondant Chocolat | L'Original MaronSui's | La Laitière - L'Original MarronSui's,"Nestlé, La Laitière | La Laitière | la laitière | Nestlé, La Laitière | Nestlé, La Laitière"
quaker,Quaker,curated_mechanical_brand_alias,confirmed,existing_company_brand_mapping_token_match,France,FRANCE|SOUTHERN_EUROPE,cereals,6,Quaker Cruesli Chocolat au lait | So Simple Golden Syrup Porridge | Muesli Avveia Crocante | Granolas con avena | Quaker Cruesli Frutta Secca,"Quaker | Quaker, Quaker Oats | Quaker | Quaker | Quaker,PepsiCo"
Sanpellegrino,San Pellegrino,curated_mechanical_brand_alias,confirmed,top9_portfolio_token_match,France,FRANCE|UK_IE,beverages,6,"Carbonated Natural Mineral Water (Nestlé, San Pellegrino) | Lemon & Mint | San Pellegrino Limonata | San Pellegrino Sparkling Limonata | Sanpellegrino Pompelmo 33 CL","Nestlé, San Pellegrino | Nestlé, San Pellegrino | Nestlé, San Pellegrino | Nestlé, San Pellegrino | Nestlé, San Pellegrino"
kellogg's,Kellogg's,curated_mechanical_brand_alias,confirmed,existing_company_brand_mapping_token_match,Belgium,BENELUX|FRANCE|SOUTHERN_EUROPE|DACH,cereals,6,Céréales Extra Pépites Chocolat Noisettes | Special K Chocolat noir | Céréales All-Bran Fruit 'n Fibre | Coco pops - Riz soufflé chocolat | Special k,"Kellogg's | Kellogg's | Kellogg's | Kellogg's, Coco Pops | Kellogg's"
sabritas,Sabritas,curated_mechanical_brand_alias,confirmed,existing_company_brand_mapping_token_match,United States,US_CANADA,snacks,6,"Flavored Tortilla Chips | Doritos, Flavored Tortilla Chips | Fiesta Mix | Sabritas, frit-os, corn snack, salt & lemon | Sabritas, potato chips, marinated","Sabritas | Sabritas, Doritos | Sabritas | Sabritas | Sabritas"
payday,PayDay,curated_mechanical_brand_alias,confirmed,existing_company_brand_mapping_token_match,United States,US_CANADA,snacks,6,"Peanut Caramel Bar | Payday, Snack Bites | Payday, Snack Bites | Snack Bites | Peanut Caramel Bar",PAYDAY | Payday | Payday | Payday | Payday
sour patch kids,Sour Patch Kids,top9_portfolio_brand_alias,confirmed,existing_company_brand_mapping_token_match,United Kingdom,UK_IE,snacks,6,Strawberries | Sour Patch Kids Blue Raspberry | Sour Patch Kids Fruit Mix flavour sweets | Watermelon flavour sweets | Sour punch blue RASPBERRY,Sour patch Kids | Sour Patch Kids | Sour Patch Kids | Sour Patch Kids | Sour Patch Kids
badoit,Badoit,top9_portfolio_brand_alias,confirmed,existing_company_brand_mapping_token_match,France,FRANCE|DACH,beverages,6,"Badoit 0,5L PET EW | Boisson pétillante à l'eau minérale naturelle à l'arôme naturel de menthe | Badoit 0,33l Glas | Badoit 1 L PET | Badoit 1 L PET",Badoit | Badoit | Badoit | BADOIT | Badoit
quaker,Quaker,curated_mechanical_brand_alias,confirmed,existing_company_brand_mapping_token_match,France,FRANCE|UK_IE,cereals,6,Porridge Oats | GOLDEN SYRUP FLAVOUR OAT SO SIMPLE | Oat So Simple | Oat So Simple Golden Syrup | Strawberry Raspberry & Cranberry Flavour Microwaveable Oats,Quaker | QUAKER | Quaker | Quaker | Quaker
kellogg's,Kellogg's,curated_mechanical_brand_alias,confirmed,existing_company_brand_mapping_token_match,French Polynesia,US_CANADA,cereals,6,"Toasted rice cereal, original | frosted flakes | Cocoa Krispies | Corn pops sweetened corn cereal | Frosted Flakes with Marshmallows",Kellogg's | Kelloggs | Kelloggs | Kellogg's | KELLOGG'S
chef,Chef,top9_portfolio_brand_alias,confirmed,existing_company_brand_mapping_token_match,France,FRANCE|SOUTHERN_EUROPE,dairies,5,CHEF Panna | Panna chef promo gr200 | Panna chef Leggera | Chef Panna Al Salmone | Panna,"Chef, Parmalat | Chef, Parmalat | Chef,Parmalat | Chef, Parmalat | Chef"
quaker,Quaker,curated_mechanical_brand_alias,confirmed,existing_company_brand_mapping_token_match,United Kingdom,UK_IE|US_CANADA,cereals,5,Peaches & Cream Instant Oatmeal | Lower Sugar Maple & Brown Sugar Instant Oatmeal | Peanut Butter Flavour Hot Oat Cereal with Soy Protein | APPLE & BLUEBERRY FLAVOUR HOT OAT CEREAL,Quaker | Quaker | Quaker | Quaker | QUAKER
nestea,Nestea,top9_portfolio_brand_alias,confirmed,existing_company_brand_mapping_token_match,France,FRANCE|SOUTHERN_EUROPE,beverages,5,Nestea Origins | Nestea Te Verde Manzana | Té negro frío. Mango-piña | Nestea té negro al limón | Iced tea pêssego,Nestea | Nestea | Nestea | Nestea | Nestea
cheetos,Cheetos,top9_portfolio_brand_alias,confirmed,existing_company_brand_mapping_token_match,France,FRANCE|US_CANADA,snacks,5,Cheetos Crunchy Flamin' Hot Cheese Flavored Snacks 3.25 Ounce Plastic Bag | Cheetos Baked Flamin' Hot Flavored | Cheetos Crunchy | Flamin' Hot Crunchy Cheese Flavored Snacks | Cheetos gustosines,"Cheetos, Fritolay | Cheetos | Cheetos | Cheetos | Cheetos"
Sanpellegrino,San Pellegrino,curated_mechanical_brand_alias,confirmed,top9_portfolio_token_match,France,FRANCE|DACH|SOUTHERN_EUROPE,beverages,5,San Pellegrino | Sanbitter | Clementina | Naturali Aranciata | Boisson aranciata amara,"Nestlé, San Pellegrino | Nestlé,San Pellegrino | Nestlé, San Pellegrino | Nestlé,San Pellegrino | Nestlé, San Pellegrino"
m&s,M&S,curated_mechanical_brand_alias,confirmed,existing_company_brand_mapping_token_match,France,FRANCE|UK_IE,cereals,5,"Twice the fibre porridge | Apple, cinamon & sultana porridge | Nutty cocoa bircher | Triple chocolate crunch | M&S Maple and Pecan flakes",M&s | M&S | M&S | M&S | M&S
kellogg's,Kellogg's,curated_mechanical_brand_alias,confirmed,existing_company_brand_mapping_token_match,Bolivia,US_CANADA,cereals,5,Kellogg's Honey Smacks | Frosted Mini Wheats Original | Special K Blueberry | Crumbl Cereal Chocolatey Chip Cookie | Müsli Manzana,"Honey Smacks,Kellogg's | Kellogg's,Mini Wheats | Special K,Kellogg's | Kellogg's,Crumbl | Kellogg's,Müsli"
buxton,Buxton,top9_portfolio_brand_alias,confirmed,existing_company_brand_mapping_token_match,United Kingdom,UK_IE,beverages,5,Natural mineral water | Still water | Natural Mineral Water | Sparkling Water | Still Mineral Water,Buxton | Buxton | Buxton | Buxton | Buxton
m&s,M&S,curated_mechanical_brand_alias,confirmed,existing_company_brand_mapping_token_match,France,FRANCE,dairies,5,Kefir cherry milk drink | Biryani Seasoning | Greek style live yogourt | Cheddar cornish cove extra mature | Extra mature cheddar,"M&S | M&S, Marks & Spencer | M&S | Marks & Spencer, Marks And Spencer, M&S | M&S"
quaker,Quaker,curated_mechanical_brand_alias,confirmed,existing_company_brand_mapping_token_match,France,FRANCE|US_CANADA,snacks,5,"SWEET BARBECUE RICE CRISPS | Strawberry soft baked bars squares with fruit filling, strawberry | Blueberry nut baked flats crispy snack bars | Chewy Chocolate Chip Granola Bars | Digestive biscuit",Quaker | Quaker | Quaker | Quaker | Quaker
light and free,Light & Free,curated_mechanical_brand_alias,confirmed,existing_company_brand_mapping_token_match,United Kingdom,UK_IE,dairies,5,Greek Style Yogurt | Coconut Yoghurt 4X115G | Light & Free Greek Style Yogurt | Greek Style Yogurt | Light and free,"Light & Free | Danone,Light & Free | Light & Free,Danone | Light & Free | Light & Free"
drumstick,Drumstick,top9_portfolio_brand_alias,confirmed,existing_company_brand_mapping_token_match,United Kingdom,UK_IE,snacks,5,"Raspberry And Milk Flavour Chewy Sweets (UK), (IRL | Squashies - Rhubarb and Custard | Swizzees marvelous mallows | Squashies Rhubarb & Custard | Drumstick Chocolate","Swizzels,Drumstick | Swizzels,Drumstick,Squashies | Drumstick | Squashies,Drumstick,Swizzels | Swizzels,Drumstick"
quaker,Quaker,curated_mechanical_brand_alias,confirmed,existing_company_brand_mapping_token_match,Canada,US_CANADA|FRANCE,cereals,5,"One Minute Oats | Life | Life whole grain cereal cinnamon | Harvest Crunch Granola Cereal Original | Croque Nature chocolat noir, canneberges et amendes","Quaker | Quaker | Quaker | Quaker | PepsiCo, Quaker"
kraft,Kraft,curated_mechanical_brand_alias,confirmed,existing_company_brand_mapping_token_match,Canada,US_CANADA|FRANCE,dairies,5,Nabisco easy cheese pasteurized cheese snack bacon 1x8.000 oz | Fromage Singles | Beurre d'arachide Tout Naturel | Cheez Whiz | Cheez whiz,Kraft | Kraft | Kraft | Kraft | Kraft
maxwell house,Maxwell House,curated_mechanical_brand_alias,confirmed,existing_company_brand_mapping_token_match,France,FRANCE,dairies,5,Capuccino | Cappuccino saveur Noisettes | Cappuccino saveur Biscuits Amandes,"Kraft Foods, Maxwell House | Maxwell House | Maxwell House | Maxwell House | maxwell house"
pg tips,PG Tips,top9_portfolio_brand_alias,confirmed,existing_company_brand_mapping_token_match,United Kingdom,UK_IE,beverages,5,PG Tips Tea | PG Tips One Cup Pryamid Tea Bags | Original PG Tips 160 tea bags | PG Tips | PG Tips Decaf,PG Tips | PG Tips | PG Tips | PG Tips | PG Tips
hershey's,Hershey’s,curated_mechanical_brand_alias,confirmed,existing_company_brand_mapping_token_match,Canada,US_CANADA|FRANCE,snacks,5,Hershey's creamy milk chocolate | Chipits Pure Semi-Sweet Chocolate Chips | Hershey's Cookies 'N' Cream | Creamy Milk Chocolate Bar | Cookies 'N' Creme Bar,Hershey's | Hershey's | Hershey's | Hershey's | Hershey's
mcvitie's,McVitie's,curated_mechanical_brand_alias,confirmed,existing_company_brand_mapping_token_match,France,FRANCE|DACH,snacks,5,Sablés Anglais Chocolat au lait | Mc Vitie's Digestive | Thins milk chocolate | Mc Vities Digestives,"Mc Vitie's, McVitie's, United Biscuits | McVitie's, McVities | Mc Vities | McVitie's | McVitie's"
kellogg's,Kellogg's,curated_mechanical_brand_alias,confirmed,existing_company_brand_mapping_token_match,France,FRANCE|SOUTHERN_EUROPE|DACH,cereals,5,Céréales Special K Kellogg's Nature | Star Wars | Céréales Miel Pops Cracks | Kellogs Protein nuts | choco krispies,Kellogg's | Kellogg's | Kellogg's | Kellogg's | Kellogg's
hershey's,Hershey’s,curated_mechanical_brand_alias,confirmed,existing_company_brand_mapping_token_match,United Kingdom,UK_IE,snacks,5,Hershey’s Kisses | Cookies and cream mini eggs | Cookies 'n' Creme Egg | Cookies ‘n’ Creme rounds | Cookies 'n' creme,Hershey’s | Hershey’s | HERSHEY'S | Hershey’s | Hershey's
kellogg's,Kellogg's,curated_mechanical_brand_alias,confirmed,existing_company_brand_mapping_token_match,France,FRANCE|DACH|UK_IE,cereals,4,Kellogg's Variety | Kellogg's Fruit'n fibre | W K Kellogg No Added Sugar Coconut Cashew & Almond Granola | Trésor goût cookies & cream,"Kellogg's | Kellogg's, Kellog‘s | Kellogg's | Kellogg's"
oscar mayer,Oscar Mayer,curated_mechanical_brand_alias,confirmed,existing_company_brand_mapping_token_match,United States,US_CANADA,snacks,4,"Gummy bacon | Bacon Jerky, Bourbon Barbecue Seasoned | Bacon Jerky, Teriyaki Ginger Seasoned | Portable Protein Pack Turkey Dark Chocolate Nut Clusters Cheddar","Oscar Mayer, Frankford Candy | Oscar mayer | Oscar mayer | Oscar Mayer"
powerade,Powerade,curated_mechanical_brand_alias,confirmed,existing_company_brand_mapping_token_match,France,FRANCE|SOUTHERN_EUROPE,beverages,4,Powerade Mountain Blast | Powerade Orange | Powerade Zero Sugar | Poudre Powerade,Powerade | Powerade | Powerade | Powerade
vitaminwater,Vitaminwater,curated_mechanical_brand_alias,confirmed,existing_company_brand_mapping_token_match,France,FRANCE|US_CANADA,beverages,4,"zero sugar lemonade squeezed | Glaceau, vitamin water zero go-go mixed berry | vitaminwater | vitamin water dragonfruit power-c",vitamin water | Vitaminwater | Vitamin Water | vitamin water
vitaminwater,Vitaminwater,curated_mechanical_brand_alias,confirmed,existing_company_brand_mapping_token_match,France,FRANCE,beverages,4,VitaminWater | Vitaminwater Defence Himbeere Apfel | XXX - 3 baies | Citron / Cactus,VitaminWater | Vitaminwater | Vitaminwater | Vitaminwater
san pellegrino,San Pellegrino,curated_mechanical_brand_alias,confirmed,existing_company_brand_mapping_token_match,United Kingdom,UK_IE,beverages,4,k | Limonata Zero | San Pellegrino Aranciata | Blood orange light,San Pellegrino | San Pellegrino | San Pellegrino | San Pellegrino
ice breakers,Ice Breakers,top9_portfolio_brand_alias,confirmed,existing_company_brand_mapping_token_match,France,FRANCE,snacks,4,ice breakers coolmint | Ice Breakers Mints | Ice Breakers Cinnamon disc | Ice Breakers Sours Lemonade,Ice Breakers | Ice Breakers | ice breakers | Ice Breakers
twizzlers,Twizzlers,top9_portfolio_brand_alias,confirmed,existing_company_brand_mapping_token_match,France,FRANCE,snacks,4,Hershey's Twizzlers Candy Straws | Twizzlers Twists | Pull'n'peel candy | Twizzlers Bonbon à La Fraise,Twizzlers | Twizzlers | Twizzlers | Twizzlers
Lay's,Lay’s,curated_mechanical_brand_alias,confirmed,top9_portfolio_token_match,Belgium,BENELUX|FRANCE,snacks,4,Saveur Poulet Rôti | Super Chips Paprika | super chips salt 'n pepper flavor,"Lay's, Lays, PepsiCo | Lay's, Pepsico | Lay's, Pepsico | Lay's, Pepsico"
so delicious,So Delicious,curated_mechanical_brand_alias,confirmed,existing_company_brand_mapping_token_match,United States,US_CANADA,beverages,4,Organic unsweetened vanilla coconut milk | Organic Coconut original | Organic Coconut Unsweetened Vanilla | Organic creamer coconutmilk,So Delicious | SO DELICIOUS | So Delicious | so delicious
kellogg's,Kellogg's,curated_mechanical_brand_alias,confirmed,existing_company_brand_mapping_token_match,Belgium,BENELUX|FRANCE|SOUTHERN_EUROPE,cereals,4,Kellogg's Smacks With Sugar | Céréales Miel Pops | Extra peanut butter | Frosties,Kellogg's | Kellogg's | Kellogg's | Kellogg's
vital proteins,Vital Proteins,top9_portfolio_brand_alias,confirmed,existing_company_brand_mapping_token_match,United States,US_CANADA,beverages,4,Collagen Sparkling Water | Collagen and protein shake | Collagen sparkling water | COLLAGEN PEPTIDES,Vital Proteins | Vital Proteins | Vital proteins | VITAL PROTEINS
herta,Herta,top9_portfolio_brand_alias,confirmed,existing_company_brand_mapping_token_match,France,FRANCE,snacks,4,Cookies Choco - Noix de Pécan | Pâte à Cookies Choco caramel | Pâte à cookies pépites de chocolat | Pâte a brownies,Herta | Herta | HERTA | Herta
carte d or,Carte d'Or,top9_portfolio_brand_alias,confirmed,existing_company_brand_mapping_token_match,France,FRANCE,snacks,4,Carte D'or Inspiration Buche Glacée Caramel Guimauve 8 Parts 750ml | Carte D'or Bûche Glacée Café Chocolat Vanille 1l | Carte d'or selection Tiramisu | Carte D'or Collection Buche Glacée Façon Crème Brûlée 9 parts 900ml,Carte d'Or | Carte D'or | Carte d'Or | Carte d'Or
Nescafé,Nescafé Dolce Gusto,curated_mechanical_brand_alias,confirmed,top9_portfolio_token_match,Belgium,BENELUX|FRANCE,beverages,4,Capsules NESCAFE DOLCE GUSTO Lungo Intenso 16 Capsules | The chaud dolce gusto | Capsules NESCAFE Dolce Gusto Lungo 30 Capsules | STARBUCKS by NESCAFE Dolce Gusto House Blend 12 capsules,"Nestlé, Nescafé, Nescafé Dolce Gusto, Dolce gusto | Nestlé, Dolce Gusto, Nescafé | Nestlé, Dolce gusto, Nescafe | Medium house blend, Nescafé, STARBUCKS, by NESCAFE DOLCE GUSTO"
hipro,HiPRO,curated_mechanical_brand_alias,confirmed,existing_company_brand_mapping_token_match,Belgium,BENELUX|FRANCE,dairies,4,Hipro saveur vanille-cookie | HiPRO Saveur Coco | Yaourt a Boire Hipro Mangue | Hipro Mousse cacao,"HiPRO | Danone, Hipro | HiPRO | HiPRO, Danone"
coca cola,Coca-Cola,curated_mechanical_brand_alias,confirmed,first_off_brand_token_fallback,France,FRANCE|DACH|SOUTHERN_EUROPE,beverages,4,Energy | Coca-Cola Zero Zero | PET 1.25L COCA ZERO CT SICAFE | Coca-Cola limone,Coca Cola | Coca-Cola | Coca-Cola | Coca Cola
kellogg's,Kellogg's,curated_mechanical_brand_alias,confirmed,existing_company_brand_mapping_token_match,France,FRANCE|SOUTHERN_EUROPE|UK_IE,cereals,4,Crunchy Nut | Rice Krispies | Corn Flakes | Rice Krispies,Kellogg's | Kellogg's | Kellogg's | Kellogg's
kellogg's,Kellogg's,curated_mechanical_brand_alias,confirmed,existing_company_brand_mapping_token_match,Mexico,US_CANADA,snacks,4,"Pop tarts cookies | Toaster pastries, frosted brown sugar cinnamon | Pop Tars, Frosted Cherry | Protein meal bars, chocolate caramel",Kellogg's | Kellogg's | KELLOGG´S | Kellogg's
minute maid,Minute Maid,top9_portfolio_brand_alias,confirmed,existing_company_brand_mapping_token_match,France,FRANCE|SOUTHERN_EUROPE,beverages,4,Néctar de naranja | Limon & nada | Duofrutas Tropical | Minute Maid Duo Tropical,Minute Maid | Minute Maid | Minute Maid | Minute Maid
coca cola,Coca-Cola,curated_mechanical_brand_alias,confirmed,first_off_brand_token_fallback,Canada,US_CANADA|FRANCE,beverages,4,Coca-Cola Zero | Coca-cola Classique | Diet Coke | Diet Coca-Cola,Coca-Cola | Coca-Cola | Coca-Cola | Coca Cola
marmite,Marmite,top9_portfolio_brand_alias,confirmed,existing_company_brand_mapping_token_match,United Kingdom,UK_IE,snacks,4,marmite crisps | Puffs Cheese & Marmite | Marmite flavour Ridge Crisps | marmite crisps,marmite | Marmite | Marmite | marmite
mcvitie's,McVitie's,curated_mechanical_brand_alias,confirmed,existing_company_brand_mapping_token_match,Ireland,UK_IE,snacks,4,McVities Rich Tea Biscuits | Biscuit selection | Mcvities digestives | Jaffa cakes,"McVitie's | Mc Vities | McVities, McVitie's | McVitie's,McVities"
lu,LU,curated_mechanical_brand_alias,confirmed,existing_company_brand_mapping_token_match,Algeria,FRANCE,snacks,4,Croustille | Croustille goût Lait carousel | Gaufrette Croustillé au Goût de crème Noisette | Prince,"Lu | lu,mondelez | LU | LU"
pirate s booty,Pirate's Booty,top9_portfolio_brand_alias,confirmed,existing_company_brand_mapping_token_match,United States,US_CANADA,dairies,4,Aged White Cheddar | Pirate& booty aged white cheddar puffs | Aged White Cheddar Rice & Corn Puffs | Aged white cheddar,Pirate's Booty | Pirate's Booty | Pirate's Booty | Pirates booty
coca cola,Coca-Cola,curated_mechanical_brand_alias,confirmed,first_off_brand_token_fallback,Belgium,BENELUX|FRANCE|DACH|SOUTHERN_EUROPE,beverages,4,Coca-Cola Zero Zero | Coca-Cola | Zero calories Zero caffeine Zerosugar | Coca-Cola,Coca-Cola | Coca-Cola | Coca-Cola | Coca-Cola
coke,Coca-Cola,curated_mechanical_brand_alias,confirmed,first_off_brand_token_fallback,France,FRANCE,beverages,4,Caffeine free coke | Coca cola | Coke Soft Drink Diet Citurs Zest | Coca Cola sans sucre sans caféine,Coke | Coke | Coke | Coke
ice breakers,Ice Breakers,top9_portfolio_brand_alias,confirmed,existing_company_brand_mapping_token_match,France,FRANCE|US_CANADA,snacks,4,Pure Baby Wipes | Ice Breakers Wintergreen disc | Ice breakers DUO | Ice Breakers,Ice Breakers | Ice Breakers | ice breakers | Ice Breakers
Quaker Oats,Quaker,curated_mechanical_brand_alias,confirmed,existing_company_brand_mapping_token_match,United Kingdom,UK_IE,cereals,4,Quaker Oat So Simple Big Bowl Original Porridge | Quakers perfect blends multi grain porridge | Original | Oat so simple,"Quaker Oats | Quaker Oats, Quaker | Quaker Oats So Simple | Quaker Oats, Quaker"
cote d or,Cote d'Or,top9_portfolio_brand_alias,confirmed,existing_company_brand_mapping_token_match,France,FRANCE|DACH,snacks,4,Côte d’Or Lait Caramel | Chocolat lait noisettes feuilleté praliné | Dessert noir | Cote d'or brut 86%,Côte d’Or | Côté d’or | Côte d'Or | Côte d'Or
Nescafé,Nescafé Dolce Gusto,curated_mechanical_brand_alias,confirmed,existing_company_brand_mapping_token_match,Belgium,BENELUX|FRANCE|DACH,beverages,3,Capsules NESCAFE DOLCE GUSTO Lungo Decaffeinato Boîte de 16 capsules | Cappuccino | Capsules NESCAFE DOLCE GUSTO Latte Macchiato 30 capsules,"Nestle norge, Dolce gusto, Nescafe | Nescafé, Nescafé Dolce Gusto | Dolce gusto,Nescafe"
Quaker Oats,Quaker,curated_mechanical_brand_alias,confirmed,existing_company_brand_mapping_token_match,France,FRANCE,cereals,3,"Muesli amandes, noisettes & raisins | Quaker Oats Oat Granola Honey & Almond | Flocons d'avoine",Quaker Oats | Quaker Oats | Quaker Oats
after eight,After Eight,curated_mechanical_brand_alias,confirmed,existing_company_brand_mapping_token_match,France,FRANCE|SOUTHERN_EUROPE,snacks,3,Chocolate After eight sabor menta | Nestle After Eight Classic | AFTER EIGHT Fraise 400g,"After eight | Nestlé, After Eight | Nestlé, After eight"
cheetos,Cheetos,top9_portfolio_brand_alias,confirmed,existing_company_brand_mapping_token_match,Belgium,BENELUX|FRANCE,snacks,3,Doritos Nacho Cheese | Doritos Pure Paprika | Goût fromage,"Cheetos, Doritos | Cheetos, Doritos | Cheetos"
tate's bake shop,Tate’s Bake Shop,curated_mechanical_brand_alias,confirmed,existing_company_brand_mapping_token_match,France,FRANCE|US_CANADA,snacks,3,White chocolate macadamia nut cookies | Double Chocolate Chip Cookies | Chocolate Chip Cookies,Tate's Bake Shop | Tate's Bake Shop | Tate's Bake Shop
nestle dessert,Nestlé Dessert,curated_mechanical_brand_alias,confirmed,existing_company_brand_mapping_token_match,Belgium,BENELUX|FRANCE|DACH,snacks,3,Chocolat Noir dessert | Chocolat noir pour préparation pâtissière | Nestlé dessert Noir,"Nestlé,Nestlé Dessert | Nestlé, Nestlé dessert, Tablettes | Nestlé, NESTLE DESSERT, Tablettes"
clif bar,Clif,curated_mechanical_brand_alias,confirmed,existing_company_brand_mapping_token_match,Australia,US_CANADA,snacks,3,Chocolate Chip Clif Bar | Chocolate Brownie | Cool Mint Chocolate Natural Flavour Energy Bar,CLIF BAR | CLIF Bar | Clif Bar
clif bar,Clif,curated_mechanical_brand_alias,confirmed,existing_company_brand_mapping_token_match,Austria,DACH|FRANCE|UK_IE,snacks,3,Chocolate Chip | Crunchy Peanut Butter | White Chocolate Macadamia Nut,Clif Bar | Clif Bar | Clif Bar
clif bar,Clif,curated_mechanical_brand_alias,confirmed,existing_company_brand_mapping_token_match,Canada,US_CANADA|FRANCE,snacks,3,CRUNCHY PEANUT BUTTER | Bar clif crunchy peanut butter | Chocolate Chip Energy Bar Nutritional Supplement,CLIF BAR | clif bar | Clif Bar
hershey's,Hershey’s,curated_mechanical_brand_alias,confirmed,existing_company_brand_mapping_token_match,Bolivia,US_CANADA,snacks,3,Hershey's 25% Less Sugar Semi-Sweet Chocolate Chips | Zero Sugar Chocolate Candy | Special Dark,Hershey's | Hershey's | Hershey's
clif bar,Clif,curated_mechanical_brand_alias,confirmed,existing_company_brand_mapping_token_match,France,FRANCE|US_CANADA,snacks,3,"Peanut toffee buzz bar | Nuts & seeds energy bar, nuts & seeds | Nut Butter Filled Chocolate Hazelnut Butter Energy Bar","Clif Bar, Clif Bar And Company, Clifbar | Clif Bar | Clif Bar"
minute maid,Minute Maid,top9_portfolio_brand_alias,confirmed,existing_company_brand_mapping_token_match,Belgium,BENELUX|FRANCE|DACH,beverages,3,Minute Maid tropical | Pomme | Minute Maid Orange,Minute Maid | Minute Maid | Minute Maid
coca cola,Coca-Cola,curated_mechanical_brand_alias,confirmed,first_off_brand_token_fallback,Austria,DACH|BENELUX|FRANCE|SOUTHERN_EUROPE|UK_IE,beverages,3,Coca-Cola Zero Azúcar | Coca-Cola Zero 500ml черная крышка | Original Taste,Coca-Cola | Coca-Cola | Coca-Cola
kellogg's,Kellogg's,curated_mechanical_brand_alias,confirmed,existing_company_brand_mapping_token_match,Spain,SOUTHERN_EUROPE|UK_IE,cereals,3,Corn Flakes | All-bran Golden Crunch | Rice Krispies,Kellogg's | Kellogg's | Kellogg's
powerade,Powerade,curated_mechanical_brand_alias,confirmed,existing_company_brand_mapping_token_match,France,FRANCE|DACH,beverages,3,Powerade Blood Orange CL. 50 | powerrade Mountain Blast - Blue | Powerade Wild Cherry,"Powerade | Coca-Cola, Powerade | Powerade"
cadbury dairy milk,Cadbury Dairy Milk,curated_mechanical_brand_alias,confirmed,existing_company_brand_mapping_token_match,United States,US_CANADA,snacks,3,Roast Almond Milk Chocolate | Silk You Melt My... | HOLLOW EASTER EGGS,Cadbury Dairy Milk | Cadbury Dairy Milk | Cadbury Dairy Milk
minute maid,Minute Maid,top9_portfolio_brand_alias,confirmed,existing_company_brand_mapping_token_match,Canada,US_CANADA|FRANCE,beverages,3,"Apple Juice | Limonade | Jus D'orange (original, Faible En Pulpe)",Minute Maid | Minute Maid | Minute Maid
mcvitie's,McVitie's,curated_mechanical_brand_alias,confirmed,existing_company_brand_mapping_token_match,France,FRANCE|SOUTHERN_EUROPE|UK_IE,snacks,3,Digestive | Hobnobs Dark Chocolate | Digestives Dark chocolate,McVitie's | McVitie's | McVitie's
halls,Halls,top9_portfolio_brand_alias,confirmed,existing_company_brand_mapping_token_match,France,FRANCE,snacks,3,HALLS - RELIEF Coughs & Soothes Sore Throats. Honey Lemon | Halls Extra Strong | Bonbon à la menthe,Halls | Halls | Halls
quaker,Quaker,curated_mechanical_brand_alias,confirmed,existing_company_brand_mapping_token_match,Bolivia,US_CANADA,cereals,3,Quaker Warm & Crunchy Granola Cranberrry Almond | Apples & Cinnamon | Quaker Low Sugar Instant Oatmeal Variety,Quaker | Quaker | Quaker
kellogg's,Kellogg's,curated_mechanical_brand_alias,confirmed,existing_company_brand_mapping_token_match,United States,US_CANADA,beverages,3,Protein shakes milk chocolate | Protein shakes french vanilla gluten free | Special k protein cafe-inspired shakes chocolate mocha,Kellogg's | Kellogg's | Kellogg's
badoit,Badoit,top9_portfolio_brand_alias,confirmed,existing_company_brand_mapping_token_match,Belgium,BENELUX|FRANCE|DACH,beverages,3,Badoit Finement pétillante | Badoit | Badoit rouge,Badoit | Badoit | Badoit
coca cola,Coca-Cola,curated_mechanical_brand_alias,confirmed,first_off_brand_token_fallback,France,FRANCE|NORDICS,beverages,3,Coca Cola | Coca Cola Zero sucre | Powerade Passionfruit,Coca-Cola | Coca-Cola | Coca-Cola
crunch,Crunch,curated_mechanical_brand_alias,confirmed,existing_company_brand_mapping_token_match,France,FRANCE|SOUTHERN_EUROPE,snacks,3,CRUNCH SNACK Barre chocolatée - 33g | Snack | CRUNCH mini figurines 144g,"Nestlé, Crunch | Nestlé, Crunch | Nestle nutrition, Nestlé, Crunch"
marks and spencer,M&S,curated_mechanical_brand_alias,confirmed,first_off_brand_token_fallback,Belgium,BENELUX|FRANCE|UK_IE,beverages,3,British cider | Thé Earl Grey Empress | Coconut water,Marks & Spencer | Marks & Spencer | Marks & Spencer
kraft,Kraft,curated_mechanical_brand_alias,confirmed,existing_company_brand_mapping_token_match,France,FRANCE|US_CANADA,dairies,3,Grated Parmesan Cheese | Natural cheese extra sharp cheddar | Philadelphia cream cheese-soft plain,"Kraft | Kraft | Kraft, Philadelphia"
quaker,Quaker,curated_mechanical_brand_alias,confirmed,existing_company_brand_mapping_token_match,Canada,US_CANADA|FRANCE,snacks,3,Barres Tendres (yogourt Et Fraises) | Chewy Raspberry Fruit Crumble Granola Bars | Barres tendres au quinoa chocolat et noix,Quaker | Quaker | Quaker
kool aid,Kool-Aid,curated_mechanical_brand_alias,confirmed,existing_company_brand_mapping_token_match,United States,US_CANADA,snacks,3,"Tropical Punch Flavored Popping Candy, Tropical Punch | Tropical Punch Cotton Candy, Tropical Punch | Popping candy",Kool-aid | Kool-aid | Kool-Aid
kool aid,Kool-Aid,curated_mechanical_brand_alias,confirmed,existing_company_brand_mapping_token_match,Germany,DACH|US_CANADA,beverages,3,Sharkleberry fin kool aid powdered drink mix | kool-aid | Kool aid pink lemonade drink mix,Kool-Aid | Kool-Aid | Kool-Aid
breyers,Breyers,top9_portfolio_brand_alias,confirmed,existing_company_brand_mapping_token_match,United States,US_CANADA,snacks,3,S'mores Ice Cream | M&M Minis Caramel Fudge | Breyers Carb Smart Reese's Frozen Dairy Dessert Bars,Breyers | Breyers | Breyers
ben and jerry s,Ben & Jerry's,top9_portfolio_brand_alias,confirmed,existing_company_brand_mapping_token_match,United States,US_CANADA,dairies,3,Half baked froyo | Greek Frozen Yogurt | Greek Frozen Yogurt,Ben & Jerry's | Ben & Jerry's | Ben & Jerry's
quaker,Quaker,curated_mechanical_brand_alias,confirmed,existing_company_brand_mapping_token_match,Belgium,BENELUX|FRANCE,snacks,3,Havermout flocons d'avoine | Barres Framboise & Grenade | Havermout barres,"PepsiCo, Quaker | Quaker | Quaker"
gamesa,Gamesa,curated_mechanical_brand_alias,confirmed,existing_company_brand_mapping_token_match,Mexico,US_CANADA,snacks,3,Chocolate | Sabor vainilla | Galletas,Gamesa | Gamesa | Gamesa
marks and spencer,M&S,curated_mechanical_brand_alias,confirmed,first_off_brand_token_fallback,United States,US_CANADA,beverages,3,Freshly Squeezed Orange Juice | 100% pure pressed juice | 100% Apple Juice,Marks & Spencer | Marks And Spencer | Marks And Spencer
quaker,Quaker,curated_mechanical_brand_alias,confirmed,existing_company_brand_mapping_token_match,France,FRANCE|BENELUX,cereals,3,Cruesli Multifruit | Havermout - Flocons d'avoine granola | Flocons d’avoine,"Quaker | PepsiCo, Quaker | QUAKER"
m&s,M&S,curated_mechanical_brand_alias,confirmed,existing_company_brand_mapping_token_match,France,FRANCE|DACH|UK_IE,snacks,3,Milk Chocolate Orange Biscuits | Dark chocolate Jaffa cakes | all butter cookies with stem ginger and oats,M&S | M&S | M&S
coca cola,Coca-Cola,curated_mechanical_brand_alias,confirmed,first_off_brand_token_fallback,France,FRANCE|SOUTHERN_EUROPE|DACH,beverages,3,Coca Zéro | Coca cola zero,Coca-Cola | Coca-cola | Coca-Cola
light and free,Light & Free,curated_mechanical_brand_alias,confirmed,existing_company_brand_mapping_token_match,France,FRANCE|US_CANADA,dairies,3,Light & Free mousse | Danone | Skyr light et free,Light & Free | Light & free | Light and free
Quaker Oats,Quaker,curated_mechanical_brand_alias,confirmed,existing_company_brand_mapping_token_match,United States,US_CANADA,snacks,3,"Popped rice snacks variety caramel corn | Chocolatey Covered Granola Bars | Strawberry organic whole grain bars, strawberry",Quaker Oats | Quaker Oats | Quaker Oats
lu,LU,curated_mechanical_brand_alias,confirmed,existing_company_brand_mapping_token_match,Belgium,BENELUX|FRANCE|SOUTHERN_EUROPE|DACH,snacks,3,Mikado Chocolat Noir | PiM's Orange | Pim's - Framboise,"Lu, Mikado | LU | Lu"
lu,LU,curated_mechanical_brand_alias,confirmed,existing_company_brand_mapping_token_match,Belgium,BENELUX|FRANCE|SOUTHERN_EUROPE,snacks,3,Mikado chocolat noir | Tuc original - Biscuits salé | Petit Lu Vitabis 16X175G,"Glica,LU,Mondelez | LU,Mondelez International | Lu"
lu,LU,curated_mechanical_brand_alias,confirmed,existing_company_brand_mapping_token_match,France,FRANCE|BENELUX,snacks,3,Le Petit Chocolatier | Prince creme vanille | Time Out robuuste koeken,LU | Lu | Lu
costa coffee,Costa Coffee,top9_portfolio_brand_alias,confirmed,existing_company_brand_mapping_token_match,United Kingdom,UK_IE,beverages,3,costa Smooth Medium Roast | CREAMY CAPPUCCINO | Coffee Caramel Latte Can,Costa Coffee | COSTA COFFEE | Costa Coffee
Sanpellegrino,San Pellegrino,curated_mechanical_brand_alias,confirmed,existing_company_brand_mapping_token_match,United Kingdom,UK_IE,beverages,3,limonata | Sanpellegrino Zero Pesca & Clementine | Pesca & Clementina Zero,Sanpellegrino | Sanpellegrino | Sanpellegrino
lu,LU,curated_mechanical_brand_alias,confirmed,existing_company_brand_mapping_token_match,France,FRANCE|UK_IE,snacks,3,"Petit Brun Extra | Prince, biscuits fourrés parfum chocolat | Granola chocolat au lait","Brun, LU | LU, Prince | LU"
contrex,Contrex,top9_portfolio_brand_alias,confirmed,existing_company_brand_mapping_token_match,Belgium,BENELUX|FRANCE,beverages,3,Contrex | CONTREX eau minérale naturelle 1L | CONTREX eau minerale naturelle 1L,Contrex | Contrex | Contrex
kellogg's,Kellogg's,curated_mechanical_brand_alias,confirmed,existing_company_brand_mapping_token_match,Canada,US_CANADA|FRANCE,snacks,3,Eggo Blueberry Flavour | Pop Tarts Raspberry Flavour | Nutri Grain Raspberry,"Kellogg's, Eggo | Kellogg's | Kellogg's"
lion,Lion,curated_mechanical_brand_alias,confirmed,existing_company_brand_mapping_token_match,Belgium,BENELUX|FRANCE,cereals,3,NESTLE LION Céréales 400g | NESTLE LION céréales 675g​ | LION BIO Céréales - Boite de 400g,"Nestlé, Lion | Nestlé, Lion | Nestlé, Lion, Lion bio"
lion,Lion,curated_mechanical_brand_alias,confirmed,existing_company_brand_mapping_token_match,France,FRANCE,beverages,3,Chocolat lion | Lion | Lion 8 bière blonde,"Nestlé, Lion | Nestlé, Lion | Brasserie Lion, Lion"
kellogg's,Kellogg's,curated_mechanical_brand_alias,confirmed,existing_company_brand_mapping_token_match,France,FRANCE|BENELUX,cereals,3,Kellogg's Special K Original | Coco pops | Coco Pop’s Chocos,"Kellogg's, Special K | Kellogg's | Kellogg's"
jolly rancher,Jolly Rancher,top9_portfolio_brand_alias,confirmed,existing_company_brand_mapping_token_match,United States,US_CANADA,beverages,3,Blue Raspberry | Jolly Rancher Watermelon Sugar Free Drink Mix Singles To Go! | green apple,Jolly Rancher | Jolly Rancher | Jolly Rancher
kellogg's,Kellogg's,curated_mechanical_brand_alias,confirmed,existing_company_brand_mapping_token_match,Belgium,BENELUX|FRANCE|DACH|SOUTHERN_EUROPE|UK_IE,cereals,3,CORN FLAKES | Céréales All Bran Kellogg's Fibre Plus | Smacks,"Kellogg's | Kellogg's | Kellogg's, Smacks"
skinny pop,SkinnyPop,curated_mechanical_brand_alias,confirmed,existing_company_brand_mapping_token_match,France,FRANCE|US_CANADA,snacks,3,ORIGINAL POPCORN | WHITE CHEDDAR POPCORN | Skinnypop Popcorn White Cheddar,SKINNY POP | SKINNY POP | SkinnyPop
kellogg's,Kellogg's,curated_mechanical_brand_alias,confirmed,existing_company_brand_mapping_token_match,Belgium,BENELUX|FRANCE|DACH,snacks,2,Special K Chocolat Noir Pure Chocolate | Spécial K Barres Croustillantes fruits rouges,Kellogg's | Kellogg's
kellogg's,Kellogg's,curated_mechanical_brand_alias,confirmed,existing_company_brand_mapping_token_match,Australia,FRANCE,snacks,2,Nutri-grain Original Cereal Bars | Kell LCM Bar SPLT CHC 6'S,Kellogg's | Kellogg's
kellogg's,Kellogg's,curated_mechanical_brand_alias,confirmed,existing_company_brand_mapping_token_match,Denmark,NORDICS|FRANCE|DACH,cereals,2,Crunchy müsli | Cornflakes,"Kellogg's, w-k-kellogg | Kellogg's"
kellogg's,Kellogg's,curated_mechanical_brand_alias,confirmed,existing_company_brand_mapping_token_match,Costa Rica,US_CANADA,cereals,2,Cereal | Raisin Bran,Kellogg’s | Kellogg’s
twizzlers,Twizzlers,top9_portfolio_brand_alias,confirmed,existing_company_brand_mapping_token_match,France,FRANCE|US_CANADA,snacks,2,Twizzlers filled twists | Twizzlers nibs candy,Twizzlers | Twizzlers
cote d or,Cote d'Or,top9_portfolio_brand_alias,confirmed,existing_company_brand_mapping_token_match,France,FRANCE,beverages,2,Truffé & Cacao | Boisson saveur chocolat noir,Côte d'Or | Cote d’Or
costa coffee,Costa Coffee,top9_portfolio_brand_alias,confirmed,existing_company_brand_mapping_token_match,United Kingdom,UK_IE,snacks,2,Lightly Sea Salted premium hand cooked crisps | Sea Salt & Cider Vinegar Premium Hand Cooked Crisps,Costa Coffee | Costa Coffee
lion,Lion,curated_mechanical_brand_alias,confirmed,existing_company_brand_mapping_token_match,Belgium,BENELUX|FRANCE,snacks,2,LION POPS - Sachet billes 140g | Lion🦁 Chocolat🍫,"Nestlé, Lion, Lion pop choc | Nestlé, Lion"
light and free,Light & Free,curated_mechanical_brand_alias,confirmed,existing_company_brand_mapping_token_match,United States,US_CANADA,dairies,2,Fromage blanc Light & Free | Skyr fraise,Light & Free | Light & free
light and free,Light & Free,curated_mechanical_brand_alias,confirmed,existing_company_brand_mapping_token_match,France,FRANCE|SOUTHERN_EUROPE,dairies,2,Light & free skyr sur lit mangue passion 145 g x 1 | Light & Free Triple Zero con Coco,"Danone, Light & free, Light & free skyr | Danone,Light & Free"
quaker,Quaker,curated_mechanical_brand_alias,confirmed,existing_company_brand_mapping_token_match,Spain,SOUTHERN_EUROPE|US_CANADA,cereals,2,QUAKER OATS QUICK 1-MINUTE OATS | Banana Nut Flavor Instant Oatmeal,QUAKER | Quaker
quaker,Quaker,curated_mechanical_brand_alias,confirmed,existing_company_brand_mapping_token_match,Spain,SOUTHERN_EUROPE|UK_IE,cereals,2,Porridge Oats | PORRIDGE OATS,Quaker | QUAKER
lunchables,Lunchables,top9_portfolio_brand_alias,confirmed,existing_company_brand_mapping_token_match,United States,US_CANADA,snacks,2,"Uncured Ham & Cheddar With Crackers & Vanilla Creme Cookies Lunch Combinations, Uncured Ham & Cheddar | Ham & Cheddar Cracker Stackers with Vanilla Crème Cookies",Lunchables | Lunchables
lu,LU,curated_mechanical_brand_alias,confirmed,existing_company_brand_mapping_token_match,France,FRANCE|US_CANADA,snacks,2,Lu pim's cookies orange 1x5.290 oz | Petit Écolier dark chocolate 45% COCOA,"Lu, Pim's | LU"
Sanpellegrino,San Pellegrino,curated_mechanical_brand_alias,confirmed,existing_company_brand_mapping_token_match,France,FRANCE|US_CANADA,beverages,2,"Pomegranate & blackcurrant momenti italian sparkling drinks, pomegranate & blackcurrant | Italian Sparkling Lemon Beverage From Concentrate","Sanpellegrino | Sanpellegrino Usa Inc., sanpellegrino"
lion,Lion,curated_mechanical_brand_alias,confirmed,existing_company_brand_mapping_token_match,France,FRANCE|DACH,snacks,2,Lion 2 go | LION White barre chocolatée 42g,"Nestlé, Lion | Nestlé, Lion, Lion white"
coca cola,Coca-Cola,curated_mechanical_brand_alias,confirmed,first_off_brand_token_fallback,Germany,DACH|UK_IE,beverages,2,Coke | cola Zero 24Stk,"Coca cola | Coca cola, Cola"
S.Pellegrino,San Pellegrino,curated_mechanical_brand_alias,confirmed,existing_company_brand_mapping_token_match,United States,US_CANADA,beverages,2,"Dark Morello Cherry & Pomegranate Flavored Mineral Water With Natural Co2 Added, Dark Morello Cherry & Pomegranate | Smooth Caramel & Coffee Flavored Mineral Water, Smooth Caramel & Coffee",S.pellegrino | S. pellegrino
contrex,Contrex,top9_portfolio_brand_alias,confirmed,existing_company_brand_mapping_token_match,Belgium,BENELUX|FRANCE|DACH,beverages,2,eau minérale naturelle | CONTREX eau minérale naturelle,Contrex | Contrex
coke,Coca-Cola,curated_mechanical_brand_alias,confirmed,first_off_brand_token_fallback,France,FRANCE|UK_IE,beverages,2,Diet Coke | Diet Coke,Coke | Coke
coffee mate,Coffee mate,curated_mechanical_brand_alias,confirmed,existing_company_brand_mapping_token_match,United States,US_CANADA,beverages,2,Mocha Iced Coffee | Cold foam creamer,Coffee-Mate | Coffee mate
quaker,Quaker,curated_mechanical_brand_alias,confirmed,existing_company_brand_mapping_token_match,France,FRANCE|DACH|SOUTHERN_EUROPE,cereals,2,Flocons d'avoine | Cruesli Fruta,Quaker | Quaker
quaker,Quaker,curated_mechanical_brand_alias,confirmed,existing_company_brand_mapping_token_match,France,FRANCE|DACH,cereals,2,Quaker Oats | Quaker Cruesli Chocolat noisette,"Quaker | Cruesli,PepsiCo,QUAKER,Quarker"
amoy,Amoy,top9_portfolio_brand_alias,confirmed,existing_company_brand_mapping_token_match,Ireland,UK_IE,beverages,2,Light coconut milk | Rich & creamy coconut milk,"Amoy | Amoy,Alifoods"
light and free,Light & Free,curated_mechanical_brand_alias,confirmed,existing_company_brand_mapping_token_match,Belgium,BENELUX|FRANCE,dairies,2,Light and Free Fraises | Fruits tropicaux sans M.G. / Tropische vruchten,"Danone, Light & Free | Danone, Light & Free"
light & fit,Light & Fit,curated_mechanical_brand_alias,confirmed,existing_company_brand_mapping_token_match,United States,US_CANADA,dairies,2,"Blueberry Flavored Original Nonfat Yogurt, Blueberry | Playful Peach","Light & fit | Danone,Light & Fit"
levissima,Levissima,top9_portfolio_brand_alias,confirmed,existing_company_brand_mapping_token_match,France,FRANCE|SOUTHERN_EUROPE,beverages,2,Acqua minerale naturale frizzante | Acqua minerale naturale,Levissima | Levissima
marks and spencer,M&S,curated_mechanical_brand_alias,confirmed,first_off_brand_token_fallback,Czech Republic,FRANCE,snacks,2,RED & BLACK GUMS | foam lobsters,Marks & Spencer | Marks & Spencer
marks and spencer,M&S,curated_mechanical_brand_alias,confirmed,first_off_brand_token_fallback,Belgium,BENELUX|FRANCE|UK_IE,snacks,2,Cookies Stem Ginger | Ginger snaps,Marks & Spencer | Marks & Spencer
coca cola,Coca-Cola,curated_mechanical_brand_alias,confirmed,first_off_brand_token_fallback,France,FRANCE|DACH|UK_IE,beverages,2,Coca-Cola cherry | Cherry,"Coca-Cola, The Coca-Cola Company | Coca-Cola"
coca cola,Coca-Cola,curated_mechanical_brand_alias,confirmed,first_off_brand_token_fallback,Denmark,NORDICS|FRANCE,beverages,2,Coca-Cola Zero | Cherry Coca-Cola,Coca-Cola | Coca-Cola
maille,Maille,top9_portfolio_brand_alias,confirmed,existing_company_brand_mapping_token_match,France,FRANCE,beverages,2,Crème de Cassis de Dijon | Duo Vinaigre balsamique et vin rouge,Maille | Maille
m&s,M&S,curated_mechanical_brand_alias,confirmed,existing_company_brand_mapping_token_match,United Kingdom,UK_IE|US_CANADA,snacks,2,Crispy Mint Double Chocolate Chip Cookies | Reduced Fat Crinkle Cut Crisps Ready Salted,M&S | M&S
m&s,M&S,curated_mechanical_brand_alias,confirmed,existing_company_brand_mapping_token_match,Jersey,UK_IE,snacks,2,Reduced far all butter croissants | Yum yum,M&S | M&S
m&s,M&S,curated_mechanical_brand_alias,confirmed,existing_company_brand_mapping_token_match,Ireland,UK_IE,beverages,2,Gold decaf | Coconut cream,M&S | M&S
coca cola,Coca-Cola,curated_mechanical_brand_alias,confirmed,first_off_brand_token_fallback,Kazakhstan,US_CANADA,beverages,2,Coke Zero Sugar | Coca-Cola Zero,Coca-Cola | Coca-Cola
coca cola,Coca-Cola,curated_mechanical_brand_alias,confirmed,first_off_brand_token_fallback,Ireland,UK_IE,beverages,2,Coke Zero | Coca-Cola Zero Sugar,Coca Cola | Coca-Cola
coca cola,Coca-Cola,curated_mechanical_brand_alias,confirmed,first_off_brand_token_fallback,Germany,DACH|US_CANADA,beverages,2,Diet Coke | Coca-Cola cherry,Coca-Cola | Coca-Cola
danio,Danio,top9_portfolio_brand_alias,confirmed,existing_company_brand_mapping_token_match,France,FRANCE,dairies,2,Danio - Encas super consistant - Framboise | Luchtige kwark Danio Bosbes,Danio | Danio
crunch,Crunch,curated_mechanical_brand_alias,confirmed,existing_company_brand_mapping_token_match,United States,US_CANADA,snacks,2,CRUNCH Creamy Milk Chocolate with Crisped Rice | Crunch! cookies,CRUNCH | Crunch!
crunch,Crunch,curated_mechanical_brand_alias,confirmed,existing_company_brand_mapping_token_match,Belgium,BENELUX|FRANCE,cereals,2,crunch | Crunch,"Nestlé, Crunch | Nestlé, Crunch"
cote d or,Cote d'Or,top9_portfolio_brand_alias,confirmed,existing_company_brand_mapping_token_match,United States,US_CANADA,snacks,2,Dark Chocolate Confection | Chocolate Bar Dark 86% 1X3.52 Oz,Côte d'Or | Côte d'Or
kraft,Kraft,curated_mechanical_brand_alias,confirmed,existing_company_brand_mapping_token_match,United States,US_CANADA,beverages,2,"Lemon Iced Tea Flavored Drink Mix, Lemon Iced Tea","Kraft | Kraft, Country time"
kraft,Kraft,curated_mechanical_brand_alias,confirmed,existing_company_brand_mapping_token_match,France,FRANCE,snacks,2,Kraft Marshmallow Jet Puff White | Véritable Petit Écolier - Noix de Coco,"KRAFT | Kraft, Kraft Foods, LU"
kraft,Kraft,curated_mechanical_brand_alias,confirmed,existing_company_brand_mapping_token_match,France,FRANCE,cereals,2,Vitalis Muesli Croustillant Raisins | Vitalis Roasted Muesli Chocolat Noisettes,"Dr. Oetker, Kraft | Dr. Oetker, Kraft"
kraft,Kraft,curated_mechanical_brand_alias,confirmed,existing_company_brand_mapping_token_match,Belgium,BENELUX|FRANCE,dairies,2,Philadelphia mousse nature | Philadelphia ail et fines herbes,"Kraft, Philadelphia | Kraft, Kraft Foods, Mondelèz International, Philadelphia"
marmite,Marmite,top9_portfolio_brand_alias,confirmed,existing_company_brand_mapping_token_match,France,FRANCE|UK_IE,snacks,2,Marmite Rice Cakes | Rice Cakes (marmite),Marmite | Marmite
alvalle,Alvalle,top9_portfolio_brand_alias,confirmed,existing_company_brand_mapping_token_match,France,FRANCE,beverages,2,Alvalle Gazpacho l'original | Soupe,Alvalle | Alvalle
quaker,Quaker,curated_mechanical_brand_alias,confirmed,existing_company_brand_mapping_token_match,Brazil,FRANCE,cereals,2,Aveia Em Flocos Finos Quaker 200G | Aveia Flocos Regulares Quaker 200G,Quaker | Quaker
quaker,Quaker,curated_mechanical_brand_alias,confirmed,existing_company_brand_mapping_token_match,Bolivia,FRANCE|US_CANADA,cereals,2,Quaker Instant Oatmeal Original | Real Medleys Apple Walnut,"Quaker | Quaker, Real Medleys"
quaker,Quaker,curated_mechanical_brand_alias,confirmed,existing_company_brand_mapping_token_match,Belgium,BENELUX|FRANCE|SOUTHERN_EUROPE|DACH,cereals,2,Muesli Croustillant Noix de pécan & noix du Brésil | Cruesli Chocolat noir,Quaker | Quaker
powerade,Powerade,curated_mechanical_brand_alias,confirmed,existing_company_brand_mapping_token_match,France,FRANCE|US_CANADA,beverages,2,Fruit Punch | Powerade Mountain Berry Blast,Powerade | Powerade
gamesa,Gamesa,curated_mechanical_brand_alias,confirmed,existing_company_brand_mapping_token_match,France,FRANCE,snacks,2,Doradas de Marías | Choky's,Gamesa | Gamesa
knorr,Knorr,top9_portfolio_brand_alias,confirmed,existing_company_brand_mapping_token_match,France,FRANCE|DACH,beverages,2,Knorr SL Champignon Suppe | Deftiger Kartoffeltopf,Knorr | Knorr
kellogg's,Kellogg's,curated_mechanical_brand_alias,confirmed,existing_company_brand_mapping_token_match,United Kingdom,UK_IE|US_CANADA,cereals,2,Rice Krispies | KRAVE Milk Chocolate,Kellogg's | Kellogg's
heinz,Heinz,curated_mechanical_brand_alias,confirmed,existing_company_brand_mapping_token_match,United States,US_CANADA,snacks,2,"Heinz, Mustard & Pretzels Dippers | Mini Marshmallows",Heinz | Heinz
heinz,Heinz,curated_mechanical_brand_alias,confirmed,existing_company_brand_mapping_token_match,United States,US_CANADA,dairies,2,Kraft triple cheddar | Wisconsin extra sharp yellow cheddar,"Heinz, Kraft | Heinz"
heinz,Heinz,curated_mechanical_brand_alias,confirmed,existing_company_brand_mapping_token_match,United States,US_CANADA,beverages,2,Peach iced tea | Liquid water enhancer,Heinz | Heinz
heinz,Heinz,curated_mechanical_brand_alias,confirmed,existing_company_brand_mapping_token_match,France,FRANCE|UK_IE,snacks,2,"K gentle crush, softens quickly Heinz SO YUMMY 7+ | Mango and apricot biscotti",Heinz | Heinz
heinz,Heinz,curated_mechanical_brand_alias,confirmed,existing_company_brand_mapping_token_match,France,FRANCE,snacks,2,Lay's super chips kenz tomato ketchup | Chips Lay's heinz tomato ketchup,Heinz | Heinz
kellogg's,Kellogg's,curated_mechanical_brand_alias,confirmed,existing_company_brand_mapping_token_match,Spain,SOUTHERN_EUROPE|US_CANADA,cereals,2,Frosted flakes of corn cereal | Chocolatey delight crunchy wheat & rice flakes with chocolatey pieces cereal,Kellogg's | Kellogg's
mcvitie's,McVitie's,curated_mechanical_brand_alias,confirmed,existing_company_brand_mapping_token_match,Ireland,UK_IE|US_CANADA,snacks,2,Rich Tea Classic One | Digestives The Original Twin Pack,McVitie's | McVitie’s
mcvitie's,McVitie's,curated_mechanical_brand_alias,confirmed,existing_company_brand_mapping_token_match,France,FRANCE|SOUTHERN_EUROPE|DACH,snacks,2,The Original Digestive | Digestive galletas con chocolate negro,McVitie's | McVitie's
mcvitie's,McVitie's,curated_mechanical_brand_alias,confirmed,existing_company_brand_mapping_token_match,France,FRANCE|NORDICS,snacks,2,Hobnobs Milk Chocolate | Digestives Fullkorn,Mcvitie's | McVitie's
mcvitie's,McVitie's,curated_mechanical_brand_alias,confirmed,existing_company_brand_mapping_token_match,France,FRANCE|DACH|UK_IE,snacks,2,Digestives The ORIGINAL | Sablés Anglais L'Original,"McVitie's | McVitie's,United Biscuits"
mcvitie's,McVitie's,curated_mechanical_brand_alias,confirmed,existing_company_brand_mapping_token_match,Belgium,BENELUX|FRANCE,snacks,2,"""Les Schtroumpfs"" Biscuits au chocolat | Mcvities Digestive Milk Chocolate Biscuits","Delacre, Ferrero, Mcvitie s | McVitie's"
coca cola,Coca-Cola,curated_mechanical_brand_alias,confirmed,first_off_brand_token_fallback,Belgium,BENELUX|NORDICS|FRANCE|DACH|SOUTHERN_EUROPE|UK_IE,beverages,2,Coke Original Taste | Coca-Cola,Coca-Cola | Coca-Cola
coca cola,Coca-Cola,curated_mechanical_brand_alias,confirmed,first_off_brand_token_fallback,Belgium,BENELUX|FRANCE|SOUTHERN_EUROPE|DACH,beverages,2,coca cola zero | Coca-Cola Zero zuccheri Zero caffeina,Coca-Cola® | Coca-Cola
kellogg's,Kellogg's,curated_mechanical_brand_alias,confirmed,existing_company_brand_mapping_token_match,Puerto Rico,US_CANADA,snacks,2,Kellogg'S Special K Cereal Bars Fruit & Nut 1.23Oz | Kellogg'S Special K Cereal Bars Chocolate Peanut 1.23Oz,"Kellogg's Special K, Kellogg's, Special K | Kellogg's Special K, Kellogg's, Special K"
kellogg's,Kellogg's,curated_mechanical_brand_alias,confirmed,existing_company_brand_mapping_token_match,Mexico,US_CANADA,cereals,2,Natural chocolate flavored cereal | Cereal Kellogg's Zucaritas,Kelloggs | Kellogg's
kellogg's,Kellogg's,curated_mechanical_brand_alias,confirmed,existing_company_brand_mapping_token_match,Italy,SOUTHERN_EUROPE|UK_IE,snacks,2,"SPECIAL HIGH PROTEIN 23% Cocco, Cacao e Anacardi | Barretta Mandorle e Cioccolato al latte",Kellogg's | Kellogg's
hershey's,Hershey’s,curated_mechanical_brand_alias,confirmed,existing_company_brand_mapping_token_match,United States,US_CANADA,beverages,2,Milk Chocolate Hot Cocoa Mix | Milk booster syrup,Hershey's | Hershey's
hershey's,Hershey’s,curated_mechanical_brand_alias,confirmed,existing_company_brand_mapping_token_match,France,FRANCE|SOUTHERN_EUROPE,snacks,2,Hershey's Kisses Cookies'n'creme | Pelon Pelo Rico,hershey's | Hershey's
hershey's,Hershey’s,curated_mechanical_brand_alias,confirmed,existing_company_brand_mapping_token_match,France,FRANCE|SOUTHERN_EUROPE,dairies,2,Hershey Giant Milk Chocolate | Brik toons,hershey's | Hershey's
hershey's,Hershey’s,curated_mechanical_brand_alias,confirmed,existing_company_brand_mapping_token_match,France,FRANCE,beverages,2,Sirop De Caramel Léger | Sirop de chocolat,Hershey s | Hershey's
hershey's,Hershey’s,curated_mechanical_brand_alias,confirmed,existing_company_brand_mapping_token_match,Bolivia,FRANCE|US_CANADA,snacks,2,Kisses Milk Chocolate | Special Dark,"Hershey's, Kisses | Hershey's"
hershey's,Hershey’s,curated_mechanical_brand_alias,confirmed,existing_company_brand_mapping_token_match,Bolivia,FRANCE,snacks,2,Hershey's Kisses with Almonds | Cookies 'n' Creme XL,"Hershey's, Kisses | Hershey's"
powerade,Powerade,curated_mechanical_brand_alias,confirmed,existing_company_brand_mapping_token_match,France,FRANCE|DACH|SOUTHERN_EUROPE,beverages,2,Citrus | Powerade Orange,Powerade | Powerade
cailler,Cailler,top9_portfolio_brand_alias,confirmed,existing_company_brand_mapping_token_match,France,FRANCE|DACH,beverages,2,Poudre De Cacao Cailler 800 GR,Cailler | Cailler
cadbury bournville,Cadbury Bournville,curated_mechanical_brand_alias,confirmed,existing_company_brand_mapping_token_match,France,FRANCE|UK_IE|US_CANADA,snacks,2,Dark Chocolate | Dark Chocolate,Cadbury Bournville | Cadbury Bournville
buxton,Buxton,top9_portfolio_brand_alias,confirmed,existing_company_brand_mapping_token_match,France,FRANCE|UK_IE,beverages,2,Buxton Still Mineral Water Sportscap (12 x 75 cl) | Buxton Sparkling,Buxton | Buxton
powerade,Powerade,curated_mechanical_brand_alias,confirmed,existing_company_brand_mapping_token_match,Canada,US_CANADA|FRANCE,beverages,2,Fruit Punch Flavour Sports Drink | Melon-Pineapple Flavour Sports Drink,Powerade | Powerade
pirate s booty,Pirate's Booty,top9_portfolio_brand_alias,confirmed,existing_company_brand_mapping_token_match,United States,US_CANADA,snacks,2,Aged White Cheddar Rice & Corn Puffs | Pirates booty snack puffs aged white cheddar ounce,Pirate's Booty | Pirate's Booty
coca cola,Coca-Cola,curated_mechanical_brand_alias,confirmed,first_off_brand_token_fallback,Austria,DACH|BENELUX|FRANCE|SOUTHERN_EUROPE,beverages,2,Coca-Cola Light | Zero Sugar,Coca-Cola | Coca-Cola
kellogg's,Kellogg's,curated_mechanical_brand_alias,confirmed,existing_company_brand_mapping_token_match,France,FRANCE|UK_IE|US_CANADA,snacks,2,"Frosted s'mores toaster pastries, frosted s'mores | Toaster pastries, wild! berry",Kellogg's | Kellogg's
kellogg's,Kellogg's,curated_mechanical_brand_alias,confirmed,existing_company_brand_mapping_token_match,France,FRANCE|SOUTHERN_EUROPE|BENELUX,cereals,2,Extra original | Frosties,Kellogg's | Kellogg's
hu,Hu,curated_mechanical_brand_alias,confirmed,existing_company_brand_mapping_token_match,France,FRANCE|US_CANADA,snacks,2,SALTY DARK CHOCOLATE | Hazelnut Butter Dark Chocolate,Hu | Hu
herta,Herta,top9_portfolio_brand_alias,confirmed,existing_company_brand_mapping_token_match,France,FRANCE,dairies,2,HERTA Croque-Monsieur Maxi Jambon fromage ss nitrite x2 300G | Croc’ini - Jambon fromage,"HERTA, Tendre Croc' | Herta"
herta,Herta,top9_portfolio_brand_alias,confirmed,existing_company_brand_mapping_token_match,Belgium,BENELUX|FRANCE,snacks,2,Brownies | Cookies,Herta | Herta
hershey's,Hershey’s,curated_mechanical_brand_alias,confirmed,existing_company_brand_mapping_token_match,United States,US_CANADA,dairies,2,Strawberry milk 2% | Cookies 'n' creme milk shake,Hershey's | Hershey's
quaker chewy,Quaker Chewy,curated_mechanical_brand_alias,confirmed,existing_company_brand_mapping_token_match,United States,US_CANADA,snacks,2,Chocolate Chip Granola Bars | Peanut Butter Chocolate Chip Granola Bars,Quaker Chewy | Quaker Chewy
Quaker Oats,Quaker,curated_mechanical_brand_alias,confirmed,existing_company_brand_mapping_token_match,France,FRANCE|US_CANADA,cereals,2,"Quick 1-Minute Oats | Old fashioned 100% whole grain oats, old fashioned",Quaker Oats | Quaker Oats
nestle dessert,Nestlé Dessert,curated_mechanical_brand_alias,confirmed,existing_company_brand_mapping_token_match,Canada,US_CANADA|FRANCE,snacks,2,NESTLÉ DESSERT Caramel 170g | NESTLE DESSERT Blanc 180g,"Nestlé, NESTLE DESSERT, Tablettes | Nestlé, Nestlé Dessert, Tablettes"
nestea,Nestea,top9_portfolio_brand_alias,confirmed,existing_company_brand_mapping_token_match,United States,US_CANADA,beverages,2,"Sweet iced tea mix, lemon | Real brewed black tea",Nestea | Nestea
nestea,Nestea,top9_portfolio_brand_alias,confirmed,existing_company_brand_mapping_token_match,United Kingdom,UK_IE,beverages,2,Nestea | Nestea - Lemon Ice Tea,Nestea | Nestea
clif bar,Clif,curated_mechanical_brand_alias,confirmed,existing_company_brand_mapping_token_match,Austria,DACH|FRANCE,snacks,2,Chocolate Almond Fudge | Peanut Butter Banana with Dark Chocolate,Clif Bar | Clif Bar
minute maid,Minute Maid,top9_portfolio_brand_alias,confirmed,existing_company_brand_mapping_token_match,United Kingdom,UK_IE,beverages,2,Fruit & Nada | Tropika Minuman Buah Campuran,minute maid | Minute Maid
Lay's,Lay’s,curated_mechanical_brand_alias,confirmed,top9_portfolio_token_match,France,FRANCE|SOUTHERN_EUROPE,snacks,2,,"Lay's,PepsiCo | Lay's,PepsiCo"
sun chips,SunChips,curated_mechanical_brand_alias,confirmed,existing_company_brand_mapping_token_match,France,FRANCE|US_CANADA,snacks,2,Sun chips original | Garden Salsa Flavored Sun Chips,Sun Chips | Sun Chips
pg tips,PG Tips,top9_portfolio_brand_alias,confirmed,existing_company_brand_mapping_token_match,France,FRANCE|UK_IE,beverages,2,PG Tips Pyramid Tea Bags X40 | Original PG Tips,Pg tips | PG Tips
pg tips,PG Tips,top9_portfolio_brand_alias,confirmed,existing_company_brand_mapping_token_match,France,FRANCE|DACH,beverages,2,PG Tips 80 Pyramid Tea Bags 232G | PG Tips Free the Fresh Taste,PG Tips | PG Tips
cheetos,Cheetos,top9_portfolio_brand_alias,confirmed,existing_company_brand_mapping_token_match,France,FRANCE|SOUTHERN_EUROPE,snacks,2,Crunchy | Cheetos Sticks,Cheetos | cheetos
cappy,Cappy,top9_portfolio_brand_alias,confirmed,existing_company_brand_mapping_token_match,Austria,DACH|FRANCE,beverages,2,Orange nectar | Cappy 100% orange,Cappy | Cappy
Quaker Oats,Quaker,curated_mechanical_brand_alias,confirmed,existing_company_brand_mapping_token_match,France,FRANCE|UK_IE,cereals,2,Oat Crisp | Quaker oat so simple sultanas raisins cranberry apple,Quaker Oats | Quaker Oats
after eight,After Eight,curated_mechanical_brand_alias,confirmed,existing_company_brand_mapping_token_match,France,FRANCE|DACH,snacks,2,After Eight Mint & Orange | AFTER EIGHT chocolat intense menthe,"Nestlé, After eight | After Eight"
after eight,After Eight,curated_mechanical_brand_alias,confirmed,existing_company_brand_mapping_token_match,France,FRANCE,dairies,2,After Eight Mousse | After Eight,"Nestlé,After eight | Nestlé, After Eight"
acqua panna,Acqua Panna,top9_portfolio_brand_alias,confirmed,existing_company_brand_mapping_token_match,United States,US_CANADA,beverages,2,Natural Spring Water | Purified Drinking water,"Acqua Panna | Nestle Waters,Acqua Panna"
Nescafé,Nescafé Dolce Gusto,curated_mechanical_brand_alias,confirmed,top9_portfolio_token_match,France,FRANCE|DACH,beverages,2,Nescafé Dolce Gusto - Ricoré Latte | Capsules NESCAFE DOLCE GUSTO Marrakech Tea,"Nestlé, Dolce gusto, Nescafe | Nestlé,Dolce gusto,Nescafe,Nescafé Dolce Gusto"
kellogg's,Kellogg's,curated_mechanical_brand_alias,confirmed,existing_company_brand_mapping_token_match,France,FRANCE|NORDICS|DACH,cereals,2,Rice Krispies | Classic Special K,Kellogg's | Kellogg's
kellogg's,Kellogg's,curated_mechanical_brand_alias,confirmed,existing_company_brand_mapping_token_match,France,FRANCE|NORDICS,cereals,2,All bran regular flakes | All Bran Flakes,Kellogg's | Kellogg's
kellogg's,Kellogg's,curated_mechanical_brand_alias,confirmed,existing_company_brand_mapping_token_match,France,FRANCE|DACH|NORDICS,cereals,2,Tresor | Cornflakes Kellogg´s,Kellogg's | Kellogg's
smartwater,Smartwater,curated_mechanical_brand_alias,confirmed,existing_company_brand_mapping_token_match,United States,US_CANADA,beverages,2,Smartwater vapor distilled water 500ml | Smartwater Alkaline,Smartwater | Smartwater
Lay's,Lay’s,curated_mechanical_brand_alias,confirmed,top9_portfolio_token_match,United States,US_CANADA,snacks,2,Lay's Sea Salted Thick Cut Potato Chips | Lightly Salted Chips,"Lay's,frito-lay,pepsico | Lay's,frito-lay,pepsico"
yorkie,Yorkie,curated_mechanical_brand_alias,confirmed,first_off_brand_token_fallback,United Kingdom,UK_IE,snacks,1,Yorkie Orange Duo,Yorkie
san pellegrino,San Pellegrino,curated_mechanical_brand_alias,confirmed,existing_company_brand_mapping_token_match,France,FRANCE|US_CANADA,beverages,1,S.Pellegrino,San Pellegrino
san pellegrino,San Pellegrino,curated_mechanical_brand_alias,confirmed,existing_company_brand_mapping_token_match,France,FRANCE|SOUTHERN_EUROPE,beverages,1,Eau Gazeuse San Pellegrino,"San Pellegrino,Sanpellegrino"
san pellegrino,San Pellegrino,curated_mechanical_brand_alias,confirmed,existing_company_brand_mapping_token_match,France,FRANCE|DACH,beverages,1,Limone & Menta,San pellegrino
acqua panna,Acqua Panna,top9_portfolio_brand_alias,confirmed,existing_company_brand_mapping_token_match,France,FRANCE|SOUTHERN_EUROPE,beverages,1,Mineral Water,Acqua Panna
acqua panna,Acqua Panna,top9_portfolio_brand_alias,confirmed,existing_company_brand_mapping_token_match,France,FRANCE,beverages,1,Acqua Panna,Acqua Panna
acqua panna,Acqua Panna,top9_portfolio_brand_alias,confirmed,existing_company_brand_mapping_token_match,Estonia,FRANCE,beverages,1,Acqua panna,acqua panna
Sanpellegrino,San Pellegrino,curated_mechanical_brand_alias,confirmed,top9_portfolio_token_match,United States,US_CANADA,beverages,1,S. Pellegrino,"San Pellegrino, Nestlé"
vittel,Vittel,top9_portfolio_brand_alias,confirmed,existing_company_brand_mapping_token_match,France,FRANCE|BENELUX,beverages,1,VITTEL & FRUITS BIO Infusés fraise 1L,Vittel
vitaminwater,Vitaminwater,curated_mechanical_brand_alias,confirmed,existing_company_brand_mapping_token_match,United Kingdom,UK_IE,beverages,1,Vitamin Water Essential orange-orange,"Vitamin water,Glacéau"
vitaminwater,Vitaminwater,curated_mechanical_brand_alias,confirmed,existing_company_brand_mapping_token_match,India,US_CANADA,beverages,1,acai blueberry pomegranate nutrient enhanced water beverage,vitamin water
vital proteins,Vital Proteins,top9_portfolio_brand_alias,confirmed,existing_company_brand_mapping_token_match,New Zealand,US_CANADA,snacks,1,"Collagen 10 G, Protein 14 G, Sugar 2 G, Fiber 5 G Bars, Chocolate Almond Sea Salt, Chocolate Almond Sea Salt",Vital proteins
san pellegrino,San Pellegrino,curated_mechanical_brand_alias,confirmed,existing_company_brand_mapping_token_match,Belgium,BENELUX|FRANCE|SOUTHERN_EUROPE,beverages,1,eau minérale naturelle gazeuse,San Pellegrino
san pellegrino,San Pellegrino,curated_mechanical_brand_alias,confirmed,existing_company_brand_mapping_token_match,Belgium,BENELUX|FRANCE,beverages,1,Eau minérale naturelle gazeuse,San Pellegrino
sabritas,Sabritas,curated_mechanical_brand_alias,confirmed,existing_company_brand_mapping_token_match,Mexico,US_CANADA,snacks,1,Fritos Limón y sal,Sabritas
reese s,Reese's,top9_portfolio_brand_alias,confirmed,existing_company_brand_mapping_token_match,France,FRANCE|US_CANADA,snacks,1,Milk chocolate peanut butter cups,Reese s
reese s,Reese's,top9_portfolio_brand_alias,confirmed,existing_company_brand_mapping_token_match,France,FRANCE|DACH|US_CANADA,snacks,1,Peanut butter candy,"GRAZA, Reese s"
kellogg's,Kellogg's,curated_mechanical_brand_alias,confirmed,existing_company_brand_mapping_token_match,Belgium,BENELUX|US_CANADA|FRANCE|DACH,cereals,1,Frosted Flakes,Kellogg's
kellogg's,Kellogg's,curated_mechanical_brand_alias,confirmed,existing_company_brand_mapping_token_match,Belgium,BENELUX|US_CANADA,snacks,1,"Frosted sparkle-licious cherry toaster pastries, frosted sparkle-licious cherry",Kellogg's
kellogg's,Kellogg's,curated_mechanical_brand_alias,confirmed,existing_company_brand_mapping_token_match,Belgium,BENELUX|US_CANADA,cereals,1,Froot Loops Marshmallows,"Kellogg's, Froot Loops"
kellogg's,Kellogg's,curated_mechanical_brand_alias,confirmed,existing_company_brand_mapping_token_match,Belgium,BENELUX|UK_IE,cereals,1,,Kellogg's
kellogg's,Kellogg's,curated_mechanical_brand_alias,confirmed,existing_company_brand_mapping_token_match,Belgium,BENELUX|FRANCE|UK_IE,cereals,1,,Kellogg's
kellogg's,Kellogg's,curated_mechanical_brand_alias,confirmed,existing_company_brand_mapping_token_match,Belgium,BENELUX|FRANCE|SOUTHERN_EUROPE,snacks,1,Barres de Céréales Special K Chocolat au Lait,Kellogg's
kellogg's,Kellogg's,curated_mechanical_brand_alias,confirmed,existing_company_brand_mapping_token_match,Belgium,BENELUX|FRANCE|NORDICS|DACH,cereals,1,Reine des Neiges,Kellogg's
kellogg's,Kellogg's,curated_mechanical_brand_alias,confirmed,existing_company_brand_mapping_token_match,Belgium,BENELUX|FRANCE|DACH|SOUTHERN_EUROPE,cereals,1,Froot Loops,Kellogg's
kellogg's,Kellogg's,curated_mechanical_brand_alias,confirmed,existing_company_brand_mapping_token_match,Austria,DACH|NORDICS|FRANCE,cereals,1,Special K - Red Berries,Kellogg's
kellogg's,Kellogg's,curated_mechanical_brand_alias,confirmed,existing_company_brand_mapping_token_match,Austria,DACH|FRANCE|UK_IE,cereals,1,Kellogg's Corn Flakes,"Kellogg's,kellanova"
kellogg's,Kellogg's,curated_mechanical_brand_alias,confirmed,existing_company_brand_mapping_token_match,Austria,DACH|FRANCE|BENELUX,cereals,1,Crunchy Müsli Coconut & Cashew,Kellogg's
kellogg's,Kellogg's,curated_mechanical_brand_alias,confirmed,existing_company_brand_mapping_token_match,Austria,DACH|FRANCE,cereals,1,Crunchy müsli peanut butter,Kellogg's
kellogg's,Kellogg's,curated_mechanical_brand_alias,confirmed,existing_company_brand_mapping_token_match,Austria,DACH|BENELUX|FRANCE|SOUTHERN_EUROPE,cereals,1,Crunchy Muesli Cacao & Hazelnut,"Kellogg's, W.K. Kellogg"
kellogg's,Kellogg's,curated_mechanical_brand_alias,confirmed,existing_company_brand_mapping_token_match,Australia,FRANCE|US_CANADA,snacks,1,Pop Tarts Frosted Chocotastic,Kellogg's
kellogg's,Kellogg's,curated_mechanical_brand_alias,confirmed,existing_company_brand_mapping_token_match,Algeria,FRANCE,cereals,1,Spécial K red fruits,Kellogg's
starbucks,Nescafé Dolce Gusto,curated_mechanical_brand_alias,confirmed,first_off_brand_token_fallback,France,FRANCE|SOUTHERN_EUROPE,beverages,1,STARBUCKS BY NESCAFÉ DOLCE GUSTO NEO Caramel Macchiato 120g,"STARBUCKS, by NESCAFE DOLCE GUSTO"
kellogg's,Kellogg's,curated_mechanical_brand_alias,confirmed,existing_company_brand_mapping_token_match,Cyprus,US_CANADA,cereals,1,Corn Flakes,Kellogg’s
kellogg's,Kellogg's,curated_mechanical_brand_alias,confirmed,existing_company_brand_mapping_token_match,Cyprus,FRANCE|SOUTHERN_EUROPE,cereals,1,Corn Flakes,Kellogg's
jolly rancher,Jolly Rancher,top9_portfolio_brand_alias,confirmed,existing_company_brand_mapping_token_match,United Kingdom,UK_IE|US_CANADA,snacks,1,Hard candy,Jolly Rancher
jolly rancher,Jolly Rancher,top9_portfolio_brand_alias,confirmed,existing_company_brand_mapping_token_match,France,FRANCE|US_CANADA,snacks,1,JOLLY RANCHER HARD CANDY,JOLLY RANCHER
jolly rancher,Jolly Rancher,top9_portfolio_brand_alias,confirmed,existing_company_brand_mapping_token_match,Egypt,US_CANADA,snacks,1,Fruit chews candy,Jolly rancher
jell o,Jell-O,curated_mechanical_brand_alias,confirmed,existing_company_brand_mapping_token_match,United States,US_CANADA,dairies,1,vanilla instant reduced calorie pudding & pie filling,JELL-O
jell o,Jell-O,curated_mechanical_brand_alias,confirmed,existing_company_brand_mapping_token_match,France,FRANCE|US_CANADA,dairies,1,Vanilla Pudding (mix),JELL-O
impact,Impact,top9_portfolio_brand_alias,confirmed,existing_company_brand_mapping_token_match,United Kingdom,UK_IE,dairies,1,WHEY PROTEIN YOGURT,Impact
impact,Impact,top9_portfolio_brand_alias,confirmed,existing_company_brand_mapping_token_match,France,FRANCE,beverages,1,25CL Energy Drink Impact,"Impact, Refresco France"
ice breakers,Ice Breakers,top9_portfolio_brand_alias,confirmed,existing_company_brand_mapping_token_match,El Salvador,FRANCE|US_CANADA,snacks,1,Ice breaker ice cubes peppermint,Ice Breakers
ice breakers,Ice Breakers,top9_portfolio_brand_alias,confirmed,existing_company_brand_mapping_token_match,Bolivia,US_CANADA,snacks,1,Duo Fruit + Cool Strawberry,Ice Breakers
ice breakers,Ice Breakers,top9_portfolio_brand_alias,confirmed,existing_company_brand_mapping_token_match,Bolivia,FRANCE|US_CANADA,snacks,1,"Ice Breakers Sours Mixed Berry, Strawberry, Cherry",Ice Breakers
kellogg's,Kellogg's,curated_mechanical_brand_alias,confirmed,existing_company_brand_mapping_token_match,Cyprus,FRANCE,cereals,1,Coco pops,Kellogg's
kellogg's,Kellogg's,curated_mechanical_brand_alias,confirmed,existing_company_brand_mapping_token_match,Canada,US_CANADA|FRANCE|DACH,cereals,1,Flocons de maïs (Corn flakes),Kellogg's
kellogg's,Kellogg's,curated_mechanical_brand_alias,confirmed,existing_company_brand_mapping_token_match,Canada,US_CANADA,cereals,1,Raisin Bran,Kellogg's
kellogg's,Kellogg's,curated_mechanical_brand_alias,confirmed,existing_company_brand_mapping_token_match,Bolivia,SOUTHERN_EUROPE|US_CANADA,cereals,1,Fun Pak,Kellogg's
kellogg's,Kellogg's,curated_mechanical_brand_alias,confirmed,existing_company_brand_mapping_token_match,Germany,DACH|NORDICS|UK_IE,snacks,1,pop tarts,"Kellogg's, Pop-Tarts"
kellogg's,Kellogg's,curated_mechanical_brand_alias,confirmed,existing_company_brand_mapping_token_match,France,FRANCE|UK_IE|SOUTHERN_EUROPE,cereals,1,Coco pops,Kellogg's
kellogg's,Kellogg's,curated_mechanical_brand_alias,confirmed,existing_company_brand_mapping_token_match,France,FRANCE|SOUTHERN_EUROPE|DACH|UK_IE,cereals,1,Céréales Corn Flakes Kellogg's Original,Kellogg's
kellogg's,Kellogg's,curated_mechanical_brand_alias,confirmed,existing_company_brand_mapping_token_match,France,FRANCE|SOUTHERN_EUROPE|BENELUX|DACH,cereals,1,muesli croustillant,Kellogg's
hu,Hu,curated_mechanical_brand_alias,confirmed,existing_company_brand_mapping_token_match,Spain,SOUTHERN_EUROPE|UK_IE,snacks,1,HAZELNUT BUTTER DARK CHOCOLATE,Hu
hu,Hu,curated_mechanical_brand_alias,confirmed,existing_company_brand_mapping_token_match,Panama,US_CANADA,snacks,1,Simple Milk Chocolate,Hu
hsu fu chi,Hsu Fu Chi,top9_portfolio_brand_alias,confirmed,existing_company_brand_mapping_token_match,United States,US_CANADA,snacks,1,Egg roll candy,Hsu Fu Chi
honest tea,Honest Tea,top9_portfolio_brand_alias,confirmed,existing_company_brand_mapping_token_match,France,FRANCE|US_CANADA,beverages,1,Organic Honey Green Tea,Honest Tea
hipro,HiPRO,curated_mechanical_brand_alias,confirmed,existing_company_brand_mapping_token_match,France,FRANCE|US_CANADA,dairies,1,Hipro crème dessert saveur vanille,Hipro
hipro,HiPRO,curated_mechanical_brand_alias,confirmed,existing_company_brand_mapping_token_match,Belgium,BENELUX|FRANCE|US_CANADA,dairies,1,Hipro saveur coco,Hipro
kellogg's,Kellogg's,curated_mechanical_brand_alias,confirmed,existing_company_brand_mapping_token_match,France,FRANCE|DACH|US_CANADA,cereals,1,Corn Flakes,Kellogg's
kellogg's,Kellogg's,curated_mechanical_brand_alias,confirmed,existing_company_brand_mapping_token_match,France,FRANCE|DACH|UK_IE,snacks,1,Rice Krispies,Kellogg's
kellogg's,Kellogg's,curated_mechanical_brand_alias,confirmed,existing_company_brand_mapping_token_match,France,FRANCE|DACH|SOUTHERN_EUROPE,cereals,1,Smacks,Kellogg's
kellogg's,Kellogg's,curated_mechanical_brand_alias,confirmed,existing_company_brand_mapping_token_match,France,FRANCE|DACH,snacks,1,Squares,Kellogg's
kellogg's,Kellogg's,curated_mechanical_brand_alias,confirmed,existing_company_brand_mapping_token_match,France,FRANCE,beverages,1,Sirop grenadine,Kellogg's
kellogg's,Kellogg's,curated_mechanical_brand_alias,confirmed,existing_company_brand_mapping_token_match,European Union,FRANCE,snacks,1,Special K Fibre Delice au Chocolat,"Kellogg's, Special K"
kellogg's,Kellogg's,curated_mechanical_brand_alias,confirmed,existing_company_brand_mapping_token_match,Kuwait,US_CANADA,cereals,1,Cereal,Kellogg’s
kellogg's,Kellogg's,curated_mechanical_brand_alias,confirmed,existing_company_brand_mapping_token_match,Japan,US_CANADA,cereals,1,Frosted Flakes of Corn,Kellogg's
kellogg's,Kellogg's,curated_mechanical_brand_alias,confirmed,existing_company_brand_mapping_token_match,Italy,SOUTHERN_EUROPE|UK_IE,cereals,1,Fiocchi di frumento integrale,Kellogg's
kellogg's,Kellogg's,curated_mechanical_brand_alias,confirmed,existing_company_brand_mapping_token_match,Ireland,UK_IE|US_CANADA,cereals,1,Coco Pops,Kellogg's
kellogg's,Kellogg's,curated_mechanical_brand_alias,confirmed,existing_company_brand_mapping_token_match,India,SOUTHERN_EUROPE|US_CANADA,cereals,1,Froot loops marshmallows,Kellogg's
kellogg's,Kellogg's,curated_mechanical_brand_alias,confirmed,existing_company_brand_mapping_token_match,Greece,SOUTHERN_EUROPE|UK_IE,cereals,1,,"Kellogg's,Frosties"
kellogg's,Kellogg's,curated_mechanical_brand_alias,confirmed,existing_company_brand_mapping_token_match,Greece,NORDICS|UK_IE,cereals,1,Extra granola milk chocolate,Kellogg's
hershey's,Hershey’s,curated_mechanical_brand_alias,confirmed,existing_company_brand_mapping_token_match,Mexico,US_CANADA,snacks,1,HR-KISSES MK CHOCO 306G,Hershey’s
hershey's,Hershey’s,curated_mechanical_brand_alias,confirmed,existing_company_brand_mapping_token_match,France,FRANCE|UK_IE|US_CANADA,snacks,1,Special Dark - Mildly Sweet Chocolate (Giant Bar),Hershey's
hershey's,Hershey’s,curated_mechanical_brand_alias,confirmed,existing_company_brand_mapping_token_match,France,FRANCE|DACH|US_CANADA,beverages,1,Hershey’s Syrup,Hershey’s
hershey's,Hershey’s,curated_mechanical_brand_alias,confirmed,existing_company_brand_mapping_token_match,Bolivia,US_CANADA,dairies,1,Hershey's Chocolate Milk,Hershey’s
hershey's,Hershey’s,curated_mechanical_brand_alias,confirmed,existing_company_brand_mapping_token_match,Belgium,BENELUX|FRANCE,snacks,1,Cookies 'n' Creme Candy Bar,Hershey's
kellogg's,Kellogg's,curated_mechanical_brand_alias,confirmed,existing_company_brand_mapping_token_match,Germany,DACH|UK_IE|US_CANADA,cereals,1,Raisin bran breakfast cereal,Kellogg's
kellogg's,Kellogg's,curated_mechanical_brand_alias,confirmed,existing_company_brand_mapping_token_match,Germany,DACH|UK_IE,snacks,1,Pop tarts hot fudge sundae 4 x 2 Stück,Kellogg's
kellogg's,Kellogg's,curated_mechanical_brand_alias,confirmed,existing_company_brand_mapping_token_match,Germany,DACH|UK_IE,cereals,1,,Kellogg's
kellogg's,Kellogg's,curated_mechanical_brand_alias,confirmed,existing_company_brand_mapping_token_match,Germany,DACH|SOUTHERN_EUROPE|UK_IE,cereals,1,Coco pops Risetti,Kellogg's
knorr,Knorr,top9_portfolio_brand_alias,confirmed,existing_company_brand_mapping_token_match,Argentina,FRANCE,beverages,1,Sopa Quick Veget. n,Knorr
kisses,Kisses,top9_portfolio_brand_alias,confirmed,existing_company_brand_mapping_token_match,United States,US_CANADA,snacks,1,Rainbow Brownie Kisses,Kisses
kellogg's,Kellogg's,curated_mechanical_brand_alias,confirmed,existing_company_brand_mapping_token_match,United Kingdom,UK_IE|US_CANADA,snacks,1,"Frosted toaster pastries, cherry",Kelloggs
kellogg's,Kellogg's,curated_mechanical_brand_alias,confirmed,existing_company_brand_mapping_token_match,Turkey,US_CANADA,cereals,1,Special k cereal oats & honey,Kellogg's
heinz,Heinz,curated_mechanical_brand_alias,confirmed,existing_company_brand_mapping_token_match,United Kingdom,UK_IE,snacks,1,,Heinz
heinz,Heinz,curated_mechanical_brand_alias,confirmed,existing_company_brand_mapping_token_match,Ireland,UK_IE,dairies,1,"HEINZ TOMATO, GRANA PADANO & MASCARPONE PASTA SAUCE",HEINZ
heinz,Heinz,curated_mechanical_brand_alias,confirmed,existing_company_brand_mapping_token_match,Germany,DACH|US_CANADA,beverages,1,Kool-Aid,Heinz
heinz,Heinz,curated_mechanical_brand_alias,confirmed,existing_company_brand_mapping_token_match,France,FRANCE|BENELUX|US_CANADA,snacks,1,Chocoladevlokken melk,"De Ruijter, Heinz, Koninklijke De Ruijter B.V."
heinz,Heinz,curated_mechanical_brand_alias,confirmed,existing_company_brand_mapping_token_match,France,FRANCE|BENELUX,cereals,1,,"Brinta, Heinz"
heinz,Heinz,curated_mechanical_brand_alias,confirmed,existing_company_brand_mapping_token_match,France,FRANCE,dairies,1,Parmesan style grated topping,Heinz
heinz,Heinz,curated_mechanical_brand_alias,confirmed,existing_company_brand_mapping_token_match,France,FRANCE,cereals,1,7+ Months First Steps Blueberry Porridge,Heinz
heinz,Heinz,curated_mechanical_brand_alias,confirmed,existing_company_brand_mapping_token_match,France,FRANCE,beverages,1,Tomato juice,Heinz
heinz,Heinz,curated_mechanical_brand_alias,confirmed,existing_company_brand_mapping_token_match,Canada,US_CANADA|FRANCE,dairies,1,Swiss Cheese Slices,"Cracker Barrel, Heinz"
heinz,Heinz,curated_mechanical_brand_alias,confirmed,existing_company_brand_mapping_token_match,Canada,US_CANADA|FRANCE,beverages,1,Jus de tomate,Heinz
kellogg's,Kellogg's,curated_mechanical_brand_alias,confirmed,existing_company_brand_mapping_token_match,Puerto Rico,UK_IE,cereals,1,Frosted Flakes,Kellogg's
kellogg's,Kellogg's,curated_mechanical_brand_alias,confirmed,existing_company_brand_mapping_token_match,Malta,UK_IE,cereals,1,coco pops,Kellogg's
kraft,Kraft,curated_mechanical_brand_alias,confirmed,existing_company_brand_mapping_token_match,Bolivia,FRANCE|US_CANADA,dairies,1,Parmesan Cheese,Kraft
kraft,Kraft,curated_mechanical_brand_alias,confirmed,existing_company_brand_mapping_token_match,Belgium,BENELUX|FRANCE,cereals,1,Vitalis Roasted Muesli Fraise-Vanille Bourbon,"Dr. Oetker, Kraft, Vitalis"
heinz,Heinz,curated_mechanical_brand_alias,confirmed,existing_company_brand_mapping_token_match,Belgium,BENELUX|FRANCE,cereals,1,Brinta Petit déjeuner aux céréales complètes,"Brinta, Heinz"
halls,Halls,top9_portfolio_brand_alias,confirmed,existing_company_brand_mapping_token_match,United States,US_CANADA,snacks,1,Halls,Halls
halls,Halls,top9_portfolio_brand_alias,confirmed,existing_company_brand_mapping_token_match,Bolivia,US_CANADA,snacks,1,Halls Mentol,Halls
gamesa,Gamesa,curated_mechanical_brand_alias,confirmed,existing_company_brand_mapping_token_match,Spain,SOUTHERN_EUROPE|US_CANADA,snacks,1,Marias,Gamesa
gamesa,Gamesa,curated_mechanical_brand_alias,confirmed,existing_company_brand_mapping_token_match,France,FRANCE|SOUTHERN_EUROPE,snacks,1,Barras de coco,Gamesa
felix,Felix,top9_portfolio_brand_alias,confirmed,existing_company_brand_mapping_token_match,France,FRANCE|NORDICS,cereals,1,Risgröt,Felix
erikli,Erikli,top9_portfolio_brand_alias,confirmed,existing_company_brand_mapping_token_match,France,FRANCE|DACH,beverages,1,,Erikli
drumstick,Drumstick,top9_portfolio_brand_alias,confirmed,existing_company_brand_mapping_token_match,Norway,NORDICS|UK_IE,snacks,1,Marvellous mallows,Drumstick
dot s pretzels,Dot's Pretzels,top9_portfolio_brand_alias,confirmed,existing_company_brand_mapping_token_match,United States,US_CANADA,snacks,1,Dot’s Homestyle Pretzels,Dot's pretzels
dolce gusto,Nescafé Dolce Gusto,curated_mechanical_brand_alias,confirmed,first_off_brand_token_fallback,France,FRANCE|DACH,beverages,1,Espresso extra crema,Dolce Gusto
kraft,Kraft,curated_mechanical_brand_alias,confirmed,existing_company_brand_mapping_token_match,Australia,FRANCE,dairies,1,Cheddar,"Dairylea, Kraft"
kraft,Kraft,curated_mechanical_brand_alias,confirmed,existing_company_brand_mapping_token_match,Algeria,FRANCE,snacks,1,oreo peanut,kraft
knorr,Knorr,top9_portfolio_brand_alias,confirmed,existing_company_brand_mapping_token_match,France,FRANCE|DACH,snacks,1,Stocki Snack,Knorr
knorr,Knorr,top9_portfolio_brand_alias,confirmed,existing_company_brand_mapping_token_match,Belgium,BENELUX|FRANCE|DACH,beverages,1,Hühnerbouillon,Knorr
la laitiere,La Laitière,curated_mechanical_brand_alias,confirmed,existing_company_brand_mapping_token_match,Afghanistan,BENELUX|FRANCE,dairies,1,Feuilleté de Mousse Menthe,"Nestlé, La Laitière"
kraft singles,Kraft Singles,curated_mechanical_brand_alias,confirmed,existing_company_brand_mapping_token_match,France,FRANCE,dairies,1,White American,Kraft Singles
dolce gusto,Nescafé Dolce Gusto,curated_mechanical_brand_alias,confirmed,first_off_brand_token_fallback,France,FRANCE,dairies,1,Choccocino,Dolce Gusto
dolce gusto,Nescafé Dolce Gusto,curated_mechanical_brand_alias,confirmed,first_off_brand_token_fallback,Belgium,BENELUX|FRANCE|DACH|SOUTHERN_EUROPE,beverages,1,,Dolce gusto
crunch,Crunch,curated_mechanical_brand_alias,confirmed,existing_company_brand_mapping_token_match,United Kingdom,UK_IE,snacks,1,Nestlé Crunch,"Crunch,Nestlé"
crunch,Crunch,curated_mechanical_brand_alias,confirmed,existing_company_brand_mapping_token_match,France,FRANCE|US_CANADA,snacks,1,Crunch - Chocolat au lait noisettes,"Nestlé, Crunch"
crunch,Crunch,curated_mechanical_brand_alias,confirmed,existing_company_brand_mapping_token_match,France,FRANCE|DACH,cereals,1,NESTLE CRUNCH Céréales 750g,"Nestlé, Crunch"
crunch,Crunch,curated_mechanical_brand_alias,confirmed,existing_company_brand_mapping_token_match,Belgium,BENELUX|FRANCE|SOUTHERN_EUROPE|DACH,snacks,1,,"Nestlé, Crunch"
crunch,Crunch,curated_mechanical_brand_alias,confirmed,existing_company_brand_mapping_token_match,Belgium,BENELUX|FRANCE|DACH,snacks,1,CRUNCH Lait Tablette 100g,"Nestlé, Crunch"
cote d or,Cote d'Or,top9_portfolio_brand_alias,confirmed,existing_company_brand_mapping_token_match,France,FRANCE|US_CANADA,snacks,1,Cote d'or bouchees chocolate pieces milk praline,côte d'or
kraft,Kraft,curated_mechanical_brand_alias,confirmed,existing_company_brand_mapping_token_match,United Kingdom,UK_IE,dairies,1,Light Philadelphia Chives,"Kraft,Philadelphia"
kraft,Kraft,curated_mechanical_brand_alias,confirmed,existing_company_brand_mapping_token_match,Thailand,US_CANADA,dairies,1,Mexican Style Four Cheese,Kraft
kraft,Kraft,curated_mechanical_brand_alias,confirmed,existing_company_brand_mapping_token_match,Puerto Rico,US_CANADA,dairies,1,Mozzarella Shredded Fat Free Mozzarella Cheese,Kraft
kraft,Kraft,curated_mechanical_brand_alias,confirmed,existing_company_brand_mapping_token_match,France,FRANCE|SOUTHERN_EUROPE,dairies,1,Sottilette classiche,Kraft
kraft,Kraft,curated_mechanical_brand_alias,confirmed,existing_company_brand_mapping_token_match,France,FRANCE|DACH,dairies,1,Singles,Kraft
kraft,Kraft,curated_mechanical_brand_alias,confirmed,existing_company_brand_mapping_token_match,France,FRANCE,beverages,1,Cristaux Pour Boissons (limonade Rose),Kraft
lion,Lion,curated_mechanical_brand_alias,confirmed,existing_company_brand_mapping_token_match,Egypt,FRANCE,snacks,1,Lion Peanut,"Nestlé, Lion"
lion,Lion,curated_mechanical_brand_alias,confirmed,existing_company_brand_mapping_token_match,Denmark,NORDICS|FRANCE|DACH,snacks,1,Lion,"Nestlé, Lion"
lion,Lion,curated_mechanical_brand_alias,confirmed,existing_company_brand_mapping_token_match,Belgium,BENELUX|NORDICS|FRANCE,snacks,1,LION Barres chocolatées,"Lion, Nestlé"
lion,Lion,curated_mechanical_brand_alias,confirmed,existing_company_brand_mapping_token_match,Belarus,FRANCE,snacks,1,Lion,"Nestlé, Lion"
lion,Lion,curated_mechanical_brand_alias,confirmed,existing_company_brand_mapping_token_match,Austria,DACH|FRANCE,cereals,1,Crunchy muesli Lion,"Nestlé, Lion"
light fit,Light & Fit,curated_mechanical_brand_alias,confirmed,existing_company_brand_mapping_token_match,United States,US_CANADA,dairies,1,Light & Fit Flavored Greek Yogurt,Light + Fit
light and free,Light & Free,curated_mechanical_brand_alias,confirmed,existing_company_brand_mapping_token_match,Ireland,UK_IE,dairies,1,Light &free,"Light & Free,Danone"
light and free,Light & Free,curated_mechanical_brand_alias,confirmed,existing_company_brand_mapping_token_match,France,FRANCE|UK_IE,dairies,1,SKYR - Light & Free - blueberry blast,"Danone, Light & Free"
light and free,Light & Free,curated_mechanical_brand_alias,confirmed,existing_company_brand_mapping_token_match,France,FRANCE,beverages,1,Cola Light With Stevia 330ML Free Sugar,"Danone, Light & Free"
light and free,Light & Free,curated_mechanical_brand_alias,confirmed,existing_company_brand_mapping_token_match,Afghanistan,FRANCE,dairies,1,Light & free skyr nature 145 g x 1,"Danone, Light & free, Light & free skyr"
lay s,Lay’s,curated_mechanical_brand_alias,confirmed,existing_company_brand_mapping_token_match,France,FRANCE|SOUTHERN_EUROPE,snacks,1,Patatas fritas Cheese & Onion bolsa 170 g,Lay´s
la lechera,La Lechera,top9_portfolio_brand_alias,confirmed,existing_company_brand_mapping_token_match,France,FRANCE|SOUTHERN_EUROPE,dairies,1,Leche condensada desnatada,La Lechera
la laitiere,La Laitière,curated_mechanical_brand_alias,confirmed,existing_company_brand_mapping_token_match,France,FRANCE|SOUTHERN_EUROPE,dairies,1,La Laitière le yaourt au citron,"Nestlé, LA LAITIÈRE"
la laitiere,La Laitière,curated_mechanical_brand_alias,confirmed,existing_company_brand_mapping_token_match,France,FRANCE|DACH|US_CANADA,dairies,1,Secret de mousse,"La Laitière, Nestle"
la laitiere,La Laitière,curated_mechanical_brand_alias,confirmed,existing_company_brand_mapping_token_match,France,FRANCE,snacks,1,Clafoutis aux pommes façon tatin,"Nestlé, La Laitière"
la laitiere,La Laitière,curated_mechanical_brand_alias,confirmed,existing_company_brand_mapping_token_match,Belgium,BENELUX|FRANCE|UK_IE,dairies,1,Le Petit Pot de Crème au Chocolat,La Laitière
lion,Lion,curated_mechanical_brand_alias,confirmed,existing_company_brand_mapping_token_match,United States,US_CANADA,beverages,1,Coffee,Lion
lion,Lion,curated_mechanical_brand_alias,confirmed,existing_company_brand_mapping_token_match,France,FRANCE|US_CANADA,cereals,1,Céréales Lion Caramel & Chocolat,"Nestlé, Lion"
lion,Lion,curated_mechanical_brand_alias,confirmed,existing_company_brand_mapping_token_match,France,FRANCE|NORDICS,snacks,1,Lion 2 go,"Nestlé, Lion"
lion,Lion,curated_mechanical_brand_alias,confirmed,existing_company_brand_mapping_token_match,France,FRANCE|DACH|BENELUX|SOUTHERN_EUROPE,snacks,1,LION Brownie (5x30g),"Nestlé,Lion"
lion,Lion,curated_mechanical_brand_alias,confirmed,existing_company_brand_mapping_token_match,France,FRANCE|DACH,cereals,1,"NESTLE LION Céréales 1,05 kg","Nestlé, Lion"
lion,Lion,curated_mechanical_brand_alias,confirmed,existing_company_brand_mapping_token_match,France,FRANCE|BENELUX|SOUTHERN_EUROPE,snacks,1,LION Barres chocolatées - 3x42g,"Lion, Nestlé"
cote d or,Cote d'Or,top9_portfolio_brand_alias,confirmed,existing_company_brand_mapping_token_match,France,FRANCE|UK_IE,snacks,1,Nougatti,Côte d'Or
cote d or,Cote d'Or,top9_portfolio_brand_alias,confirmed,existing_company_brand_mapping_token_match,France,FRANCE|SOUTHERN_EUROPE,snacks,1,Noir 86% Extra intense,Côte d'Or
cote d or,Cote d'Or,top9_portfolio_brand_alias,confirmed,existing_company_brand_mapping_token_match,Belgium,BENELUX|FRANCE|DACH,snacks,1,lait et noisette,Côte d'Or
cote d or,Cote d'Or,top9_portfolio_brand_alias,confirmed,existing_company_brand_mapping_token_match,Andorra,BENELUX|FRANCE,snacks,1,Chocolat noir bio caramel beurre salé,Côte d'Or
cote d or,Cote d'Or,top9_portfolio_brand_alias,confirmed,existing_company_brand_mapping_token_match,Algeria,FRANCE|BENELUX,snacks,1,180G LT NOISETTE COTE D OR,Côte d'Or
cote d or,Cote d'Or,top9_portfolio_brand_alias,confirmed,existing_company_brand_mapping_token_match,Algeria,BENELUX|FRANCE,snacks,1,100G COTE D'OR NOIR ORIGINAL,CÔTE D'OR
costa coffee,Costa Coffee,top9_portfolio_brand_alias,confirmed,existing_company_brand_mapping_token_match,United Kingdom,UK_IE,dairies,1,Wiltshire ham and mature chedda,Costa Coffee
costa coffee,Costa Coffee,top9_portfolio_brand_alias,confirmed,existing_company_brand_mapping_token_match,United Kingdom,UK_IE,cereals,1,Berry Bircher,Costa Coffee
Sanpellegrino,San Pellegrino,curated_mechanical_brand_alias,confirmed,top9_portfolio_token_match,France,FRANCE|SOUTHERN_EUROPE|DACH,beverages,1,,"Nestlé, San Pellegrino"
Sanpellegrino,San Pellegrino,curated_mechanical_brand_alias,confirmed,top9_portfolio_token_match,France,FRANCE|NORDICS,beverages,1,Sanpellegrino aranciata rossa,"Nestlé, San Pellegrino"
lu,LU,curated_mechanical_brand_alias,confirmed,existing_company_brand_mapping_token_match,France,FRANCE|SOUTHERN_EUROPE,cereals,1,Principe a cucharadas,Lu
lu,LU,curated_mechanical_brand_alias,confirmed,existing_company_brand_mapping_token_match,France,FRANCE|DACH|SOUTHERN_EUROPE,snacks,1,Mikado,Lu
lu,LU,curated_mechanical_brand_alias,confirmed,existing_company_brand_mapping_token_match,France,FRANCE|DACH|BENELUX,snacks,1,,Lu
lu,LU,curated_mechanical_brand_alias,confirmed,existing_company_brand_mapping_token_match,France,FRANCE,cereals,1,Craquotte,LU
lu,LU,curated_mechanical_brand_alias,confirmed,existing_company_brand_mapping_token_match,France,FRANCE,beverages,1,Vin de Savoie,LU
lu,LU,curated_mechanical_brand_alias,confirmed,existing_company_brand_mapping_token_match,Denmark,NORDICS|FRANCE|DACH,snacks,1,Lu Prince Kakaokiks 1 Rulle,Lu
lu,LU,curated_mechanical_brand_alias,confirmed,existing_company_brand_mapping_token_match,Canada,US_CANADA|FRANCE|DACH|SOUTHERN_EUROPE,snacks,1,Petit écolier chocolat noir pur beurre de cacao,LU
lu,LU,curated_mechanical_brand_alias,confirmed,existing_company_brand_mapping_token_match,Canada,US_CANADA|FRANCE|DACH,snacks,1,Prince - Goût Lait - Choco Au Blé Compet,LU
lu,LU,curated_mechanical_brand_alias,confirmed,existing_company_brand_mapping_token_match,Canada,US_CANADA|FRANCE,snacks,1,Véritable Petit écolier Le Blanc,LU
lu,LU,curated_mechanical_brand_alias,confirmed,existing_company_brand_mapping_token_match,Belgium,BENELUX|US_CANADA|FRANCE|DACH,snacks,1,Lulu La Barquette Fraise,LU
lu,LU,curated_mechanical_brand_alias,confirmed,existing_company_brand_mapping_token_match,Belgium,BENELUX|NORDICS|FRANCE|SOUTHERN_EUROPE,snacks,1,,"LU, Mondelēz, Tuc"
lu,LU,curated_mechanical_brand_alias,confirmed,existing_company_brand_mapping_token_match,Belgium,BENELUX|NORDICS|FRANCE|DACH,snacks,1,Petit Ecolier chocolat au lait,LU
lu,LU,curated_mechanical_brand_alias,confirmed,existing_company_brand_mapping_token_match,Belgium,BENELUX|FRANCE|US_CANADA,snacks,1,Prince petit dej,Lu
lu,LU,curated_mechanical_brand_alias,confirmed,existing_company_brand_mapping_token_match,Belgium,BENELUX|FRANCE|DACH|US_CANADA,snacks,1,Granola L'Original,LU
lu,LU,curated_mechanical_brand_alias,confirmed,existing_company_brand_mapping_token_match,Belgium,BENELUX|FRANCE,dairies,1,Prince Goût tout choco,"LU, Prince"
lu,LU,curated_mechanical_brand_alias,confirmed,existing_company_brand_mapping_token_match,Austria,DACH|FRANCE,snacks,1,Mikado Zartherbe Schokolade,"Glico, LU, Mondelez"
S.Pellegrino,San Pellegrino,curated_mechanical_brand_alias,confirmed,existing_company_brand_mapping_token_match,France,FRANCE,beverages,1,,S.Pellegrino
S.Pellegrino,San Pellegrino,curated_mechanical_brand_alias,confirmed,existing_company_brand_mapping_token_match,Canada,US_CANADA|FRANCE,beverages,1,Carbonated Natural Mineral Water,S. Pellegrino
S.Pellegrino,San Pellegrino,curated_mechanical_brand_alias,confirmed,existing_company_brand_mapping_token_match,Bolivia,US_CANADA,beverages,1,Tangerine & Wild Strawberry,S. Pellegrino Essenza
Quaker Oats,Quaker,curated_mechanical_brand_alias,confirmed,existing_company_brand_mapping_token_match,United Kingdom,UK_IE,snacks,1,caramelised Biscuit,Quaker Oats So Simple
Quaker Oats,Quaker,curated_mechanical_brand_alias,confirmed,existing_company_brand_mapping_token_match,Germany,DACH|US_CANADA,cereals,1,Quick 1-Minute Oats,Quaker Oats
Quaker Oats,Quaker,curated_mechanical_brand_alias,confirmed,existing_company_brand_mapping_token_match,Germany,DACH|UK_IE,cereals,1,Original porridge pot,"Asda, Quaker Oats"
lu,LU,curated_mechanical_brand_alias,confirmed,existing_company_brand_mapping_token_match,France,FRANCE|SOUTHERN_EUROPE|DACH,snacks,1,Mikado king - Biscuits nappés de chocolat,"Lu, Mikado"
Sanpellegrino,San Pellegrino,curated_mechanical_brand_alias,confirmed,top9_portfolio_token_match,Belgium,BENELUX|FRANCE|SOUTHERN_EUROPE|DACH,beverages,1,S. Pellegrino Water,"Nestlé,Nestlé Waters,San Pellegrino"
Sanpellegrino,San Pellegrino,curated_mechanical_brand_alias,confirmed,top9_portfolio_token_match,Belgium,BENELUX|FRANCE|DACH,beverages,1,Eau minérale naturelle gazeuse 50cl PET,"Nestlé, Nestlé Waters, San Pellegrino"
Sanpellegrino,San Pellegrino,curated_mechanical_brand_alias,confirmed,top9_portfolio_token_match,Australia,FRANCE|UK_IE,beverages,1,San Pellegrino,"Nestlé, San Pellegrino"
Sanpellegrino,San Pellegrino,curated_mechanical_brand_alias,confirmed,top9_portfolio_token_match,Australia,FRANCE,beverages,1,Sanpellegrino Aranciata Rossa,"Nestlé, San Pellegrino"
Sanpellegrino,San Pellegrino,curated_mechanical_brand_alias,confirmed,existing_company_brand_mapping_token_match,France,FRANCE|DACH|UK_IE,beverages,1,San pellegrino sparkling mineral water,SANPELLEGRINO
cornetto,Cornetto,top9_portfolio_brand_alias,confirmed,existing_company_brand_mapping_token_match,Belgium,BENELUX|FRANCE|SOUTHERN_EUROPE,snacks,1,Cornetto Chocolat,Cornetto
corn flakes,Corn Flakes,top9_portfolio_brand_alias,confirmed,existing_company_brand_mapping_token_match,Algeria,FRANCE,cereals,1,CORN FLAKES,Cornflakes
contrex,Contrex,top9_portfolio_brand_alias,confirmed,existing_company_brand_mapping_token_match,France,FRANCE|DACH,beverages,1,CONTREX Green BIO Maté saveur Menthe 75cl,"Contrex, Green"
contrex,Contrex,top9_portfolio_brand_alias,confirmed,existing_company_brand_mapping_token_match,France,FRANCE|BENELUX,beverages,1,CONTREX® Green Saveur Mangue Passion Thé Vert 75cl,"Contrex,Contrex Green"
m&s,M&S,curated_mechanical_brand_alias,confirmed,existing_company_brand_mapping_token_match,Belgium,BENELUX|FRANCE|UK_IE,snacks,1,Chocolate Chip Cookies,"M&S, Marks & Spencer"
m&s,M&S,curated_mechanical_brand_alias,confirmed,existing_company_brand_mapping_token_match,Austria,DACH|UK_IE,snacks,1,All Butter Strawberry and Clotted Cream Shortbread,"M&S, Marks & Spencer"
Sanpellegrino,San Pellegrino,curated_mechanical_brand_alias,confirmed,existing_company_brand_mapping_token_match,France,FRANCE|DACH,beverages,1,Chino,Sanpellegrino
Sanpellegrino,San Pellegrino,curated_mechanical_brand_alias,confirmed,existing_company_brand_mapping_token_match,Brazil,US_CANADA,beverages,1,Aranciata Orange Sparkling Orange Beverage,Sanpellegrino
S.Pellegrino,San Pellegrino,curated_mechanical_brand_alias,confirmed,top9_portfolio_token_match,United States,US_CANADA,beverages,1,S.PELLEGRINO ESSENZA Dark morello cherry & pomegranate,"S. PELLEGRINO ESSENZA,S. PELLEGRINO,Nestlé Waters,Nestlé"
S.Pellegrino,San Pellegrino,curated_mechanical_brand_alias,confirmed,existing_company_brand_mapping_token_match,United Kingdom,UK_IE,beverages,1,i,S.Pellegrino
compleat,Compleat,top9_portfolio_brand_alias,confirmed,existing_company_brand_mapping_token_match,United States,US_CANADA,beverages,1,Compleat Pediatric Standard Vanilla,Compleat
coke,Coca-Cola,curated_mechanical_brand_alias,confirmed,first_off_brand_token_fallback,France,FRANCE|US_CANADA,beverages,1,Diet Coke 2L,Coke
coke,Coca-Cola,curated_mechanical_brand_alias,confirmed,first_off_brand_token_fallback,France,FRANCE|DACH,beverages,1,Coca Cola,COKE
coffee mate,Coffee mate,curated_mechanical_brand_alias,confirmed,existing_company_brand_mapping_token_match,United States,US_CANADA,dairies,1,Harry Potter Butterbeer,Coffee Mate
coca cola,Coca-Cola,curated_mechanical_brand_alias,confirmed,first_off_brand_token_fallback,United States,US_CANADA,snacks,1,Assorted Glass Collection With Coasters And Mini Pretzels Twists,Coca-cola
coca cola,Coca-Cola,curated_mechanical_brand_alias,confirmed,first_off_brand_token_fallback,United Kingdom,UK_IE|US_CANADA,beverages,1,Diet Coke,Coca-Cola
coca cola,Coca-Cola,curated_mechanical_brand_alias,confirmed,first_off_brand_token_fallback,Spain,SOUTHERN_EUROPE|UK_IE,beverages,1,,Coca-Cola
coca cola,Coca-Cola,curated_mechanical_brand_alias,confirmed,first_off_brand_token_fallback,Romania,UK_IE,beverages,1,Diet Coke Exotic Mango,Coca Cola
coca cola,Coca-Cola,curated_mechanical_brand_alias,confirmed,first_off_brand_token_fallback,Romania,SOUTHERN_EUROPE|UK_IE,beverages,1,"Coca-Cola 2,5",Coca-Cola
S.Pellegrino,San Pellegrino,curated_mechanical_brand_alias,confirmed,existing_company_brand_mapping_token_match,France,FRANCE|US_CANADA,beverages,1,Sparkling Natural Mineral Water,S.Pellegrino
m&s,M&S,curated_mechanical_brand_alias,confirmed,existing_company_brand_mapping_token_match,United States,US_CANADA,beverages,1,Pink lady apple juice,M&S
m&s,M&S,curated_mechanical_brand_alias,confirmed,existing_company_brand_mapping_token_match,United Kingdom,UK_IE|US_CANADA,dairies,1,Skimmed milk,M&S
m&s,M&S,curated_mechanical_brand_alias,confirmed,existing_company_brand_mapping_token_match,United Kingdom,UK_IE|US_CANADA,beverages,1,Diet Pink Lemonade,M&S
m&s,M&S,curated_mechanical_brand_alias,confirmed,existing_company_brand_mapping_token_match,Ireland,UK_IE,cereals,1,wholegrain wheat flakes and wheat bran with added vitamins and iron,M and s
m&s,M&S,curated_mechanical_brand_alias,confirmed,existing_company_brand_mapping_token_match,France,FRANCE|UK_IE|US_CANADA,snacks,1,Unsweetened Dark Sweet Cherries,"Trader Joe's, M&S"
coca cola,Coca-Cola,curated_mechanical_brand_alias,confirmed,first_off_brand_token_fallback,Portugal,SOUTHERN_EUROPE|US_CANADA,beverages,1,Coca-Cola Zero,Coca Cola
coca cola,Coca-Cola,curated_mechanical_brand_alias,confirmed,first_off_brand_token_fallback,Norway,NORDICS|UK_IE,beverages,1,Coca-Cola Intergalactic,"Coca Cola,Coca-Cola Company"
coca cola,Coca-Cola,curated_mechanical_brand_alias,confirmed,first_off_brand_token_fallback,Moldova,SOUTHERN_EUROPE|UK_IE,beverages,1,Coca-Cola Zero,Coca-Cola
coca cola,Coca-Cola,curated_mechanical_brand_alias,confirmed,first_off_brand_token_fallback,India,US_CANADA,beverages,1,Coca cola 400,Coca-Cola
coca cola,Coca-Cola,curated_mechanical_brand_alias,confirmed,first_off_brand_token_fallback,India,UK_IE,beverages,1,Limca lime lemon drink 750ml,Coca-Cola
coca cola,Coca-Cola,curated_mechanical_brand_alias,confirmed,first_off_brand_token_fallback,Hungary,US_CANADA,beverages,1,Coca-Cola Eredeti Íz,Coca-Cola
coca cola,Coca-Cola,curated_mechanical_brand_alias,confirmed,first_off_brand_token_fallback,Guernsey,UK_IE,beverages,1,Diet Coke,Coca-Cola
coca cola,Coca-Cola,curated_mechanical_brand_alias,confirmed,first_off_brand_token_fallback,France,FRANCE|SOUTHERN_EUROPE|UK_IE,beverages,1,Coca-Cola senza caffeina,Coca-Cola
coca cola,Coca-Cola,curated_mechanical_brand_alias,confirmed,first_off_brand_token_fallback,France,FRANCE|SOUTHERN_EUROPE|DACH|UK_IE,beverages,1,Coca Cola,Coca-Cola
m&s,M&S,curated_mechanical_brand_alias,confirmed,existing_company_brand_mapping_token_match,European Union,FRANCE,dairies,1,white stilton,M&S
m&s,M&S,curated_mechanical_brand_alias,confirmed,existing_company_brand_mapping_token_match,Czech Republic,UK_IE,snacks,1,Colin the Caterpillar Fruit Sours,M&S
marks and spencer,M&S,curated_mechanical_brand_alias,confirmed,first_off_brand_token_fallback,Czech Republic,FRANCE|UK_IE,snacks,1,Percy Pig Sugar Reduced,Marks & Spencer
marks and spencer,M&S,curated_mechanical_brand_alias,confirmed,first_off_brand_token_fallback,Czech Republic,FRANCE|UK_IE,beverages,1,Organic Green Tea with Jasmine,Marks & Spencer
marks and spencer,M&S,curated_mechanical_brand_alias,confirmed,first_off_brand_token_fallback,Czech Republic,DACH|UK_IE,snacks,1,Plant Kitchen Chewy Cherry Bakewell Cookies,"Marks & Spencer,Plant kitchen"
marks and spencer,M&S,curated_mechanical_brand_alias,confirmed,first_off_brand_token_fallback,Belgium,BENELUX|UK_IE,snacks,1,Single Origin - Intense Dark Cacao,Marks & Spencer
coca cola,Coca-Cola,curated_mechanical_brand_alias,confirmed,first_off_brand_token_fallback,France,FRANCE|DACH|SOUTHERN_EUROPE|US_CANADA,beverages,1,Coca Cola,Coca-Cola
coca cola,Coca-Cola,curated_mechanical_brand_alias,confirmed,first_off_brand_token_fallback,France,FRANCE|DACH|BENELUX,beverages,1,"Coca-Cola Zero Sugar 0,5 Liter",Coca-Cola
coca cola,Coca-Cola,curated_mechanical_brand_alias,confirmed,first_off_brand_token_fallback,France,FRANCE|BENELUX,beverages,1,zero,Coca-Cola
coca cola,Coca-Cola,curated_mechanical_brand_alias,confirmed,first_off_brand_token_fallback,France,FRANCE,dairies,1,Yaourt nature sucres U,Coca Cola
coca cola,Coca-Cola,curated_mechanical_brand_alias,confirmed,first_off_brand_token_fallback,Estonia,FRANCE,beverages,1,Coca-Cola Zero,Coca-Cola
coca cola,Coca-Cola,curated_mechanical_brand_alias,confirmed,first_off_brand_token_fallback,Czech Republic,FRANCE|DACH,beverages,1,Coca-Cola Less Sugar,Coca-Cola
coca cola,Coca-Cola,curated_mechanical_brand_alias,confirmed,first_off_brand_token_fallback,Czech Republic,FRANCE,beverages,1,Vanilla,Coca-Cola
coca cola,Coca-Cola,curated_mechanical_brand_alias,confirmed,first_off_brand_token_fallback,Colombia,FRANCE,beverages,1,Gaseosa Cocacola X,Coca-Cola
coca cola,Coca-Cola,curated_mechanical_brand_alias,confirmed,first_off_brand_token_fallback,Canada,US_CANADA|UK_IE,beverages,1,Thums Up 300ml can,Coca Cola
marks and spencer,M&S,curated_mechanical_brand_alias,confirmed,first_off_brand_token_fallback,Belgium,BENELUX|FRANCE|UK_IE,cereals,1,Apple and cinnamon flakes,Marks & Spencer
maille,Maille,top9_portfolio_brand_alias,confirmed,existing_company_brand_mapping_token_match,France,FRANCE|DACH,beverages,1,Vinaigre de Vin Blanc Aromatisé Noix,Maille
m&s,M&S,curated_mechanical_brand_alias,confirmed,existing_company_brand_mapping_token_match,United States,US_CANADA,dairies,1,Vintage Red Fox,M&S
maxwell house,Maxwell House,curated_mechanical_brand_alias,confirmed,existing_company_brand_mapping_token_match,Algeria,FRANCE|DACH,beverages,1,löslichen Kaffee,Maxwell House
maxwell house,Maxwell House,curated_mechanical_brand_alias,confirmed,existing_company_brand_mapping_token_match,Algeria,FRANCE,beverages,1,Café,"Jacobs Douwe Egberts, Maxwell House"
marmite,Marmite,top9_portfolio_brand_alias,confirmed,existing_company_brand_mapping_token_match,United Kingdom,UK_IE,dairies,1,Marmite cheese,Marmite
marmite,Marmite,top9_portfolio_brand_alias,confirmed,existing_company_brand_mapping_token_match,France,FRANCE,dairies,1,Cheddar bites,Marmite
marks and spencer,M&S,curated_mechanical_brand_alias,confirmed,first_off_brand_token_fallback,United States,US_CANADA,snacks,1,70% Dark Chocolate Cocoa Dusted Almonds,Marks & Spencer
marks and spencer,M&S,curated_mechanical_brand_alias,confirmed,first_off_brand_token_fallback,Spain,SOUTHERN_EUROPE|UK_IE,snacks,1,White Chocolate Cookies,Marks & Spencer
marks and spencer,M&S,curated_mechanical_brand_alias,confirmed,first_off_brand_token_fallback,Spain,SOUTHERN_EUROPE|UK_IE,dairies,1,English Semi-Skimmed Milk,Marks & Spencer
marks and spencer,M&S,curated_mechanical_brand_alias,confirmed,first_off_brand_token_fallback,Italy,SOUTHERN_EUROPE|UK_IE,snacks,1,you're a smart cookie Granola Squares,Marks & Spencer
marks and spencer,M&S,curated_mechanical_brand_alias,confirmed,first_off_brand_token_fallback,Ireland,UK_IE,dairies,1,Farmhouse Cheddar Cheese & Celery,Marks & Spencer
marks and spencer,M&S,curated_mechanical_brand_alias,confirmed,first_off_brand_token_fallback,Ireland,UK_IE,beverages,1,Juicy Vitamin Water - Revitalise,Marks & Spencer
marks and spencer,M&S,curated_mechanical_brand_alias,confirmed,first_off_brand_token_fallback,France,FRANCE|UK_IE|US_CANADA,dairies,1,Low fat Greek style yogurt,Marks & Spencer
marks and spencer,M&S,curated_mechanical_brand_alias,confirmed,first_off_brand_token_fallback,France,FRANCE|SOUTHERN_EUROPE|UK_IE,snacks,1,All butter scottish shortbread assortment,Marks & Spencer
marks and spencer,M&S,curated_mechanical_brand_alias,confirmed,first_off_brand_token_fallback,France,FRANCE|DACH|UK_IE,snacks,1,Scottish All Butter Shortbread Rounds,Marks & Spencer
marks and spencer,M&S,curated_mechanical_brand_alias,confirmed,first_off_brand_token_fallback,France,FRANCE|DACH,dairies,1,Bavarian Smoked Cheese,Marks & Spencer
marks and spencer,M&S,curated_mechanical_brand_alias,confirmed,first_off_brand_token_fallback,France,FRANCE|BENELUX|UK_IE,dairies,1,Extremely Fruity Low Fat Yogurts,Marks & Spencer
marks and spencer,M&S,curated_mechanical_brand_alias,confirmed,first_off_brand_token_fallback,Czech Republic,UK_IE,dairies,1,4 cholesterol lowering fat free yogurts,"Marks & Spencer,Marks & Spencer ActiveHealth"
mcvitie's,McVitie's,curated_mechanical_brand_alias,confirmed,existing_company_brand_mapping_token_match,Australia,UK_IE,snacks,1,Digestives Dark Chocolate,McVitie's
mcvitie's,McVitie's,curated_mechanical_brand_alias,confirmed,existing_company_brand_mapping_token_match,Australia,FRANCE|UK_IE,snacks,1,Hobnobs,McVitie's
maxwell house,Maxwell House,curated_mechanical_brand_alias,confirmed,existing_company_brand_mapping_token_match,Thailand,US_CANADA,beverages,1,Vanilla caramel latte,"Maxwell house,Kraft"
maxwell house,Maxwell House,curated_mechanical_brand_alias,confirmed,existing_company_brand_mapping_token_match,Germany,DACH|US_CANADA,beverages,1,Coffee - Ground,Maxwell House
coca cola,Coca-Cola,curated_mechanical_brand_alias,confirmed,first_off_brand_token_fallback,Bulgaria,FRANCE|US_CANADA,beverages,1,Cappy PULPY,Coca cola
coca cola,Coca-Cola,curated_mechanical_brand_alias,confirmed,first_off_brand_token_fallback,Bulgaria,FRANCE|UK_IE,beverages,1,Coca Cola Cherry Zero Bottle 500ml,Coca-Cola
coca cola,Coca-Cola,curated_mechanical_brand_alias,confirmed,first_off_brand_token_fallback,Bulgaria,FRANCE|SOUTHERN_EUROPE,beverages,1,Original Taste,"Coca Cola,Coke"
coca cola,Coca-Cola,curated_mechanical_brand_alias,confirmed,first_off_brand_token_fallback,Belgium,BENELUX|NORDICS|UK_IE,beverages,1,Coca cola Dreamworld,Coca-Cola
coca cola,Coca-Cola,curated_mechanical_brand_alias,confirmed,first_off_brand_token_fallback,Belgium,BENELUX|FRANCE|UK_IE,beverages,1,Coca-Cola Zero Sugar 25cl,Coca-Cola
coca cola,Coca-Cola,curated_mechanical_brand_alias,confirmed,first_off_brand_token_fallback,Belgium,BENELUX|FRANCE|SOUTHERN_EUROPE|NORDICS,beverages,1,CocaCola Energy,Coca-Cola
coca cola,Coca-Cola,curated_mechanical_brand_alias,confirmed,first_off_brand_token_fallback,Belgium,BENELUX|FRANCE|SOUTHERN_EUROPE,beverages,1,Coca-Cola Zero,Coca-Cola
coca cola,Coca-Cola,curated_mechanical_brand_alias,confirmed,first_off_brand_token_fallback,Belgium,BENELUX|FRANCE|NORDICS,beverages,1,Orange Icon,Coca Cola
coca cola,Coca-Cola,curated_mechanical_brand_alias,confirmed,first_off_brand_token_fallback,Belgium,BENELUX|FRANCE|DACH|SOUTHERN_EUROPE|UK_IE|US_CANADA,beverages,1,Coke Zero,Coca-Cola
coca cola,Coca-Cola,curated_mechanical_brand_alias,confirmed,first_off_brand_token_fallback,Belgium,BENELUX|FRANCE|DACH|SOUTHERN_EUROPE|UK_IE,beverages,1,Coca-Cola goût original,Coca-Cola
coca cola,Coca-Cola,curated_mechanical_brand_alias,confirmed,first_off_brand_token_fallback,Azerbaijan,BENELUX|FRANCE|DACH|SOUTHERN_EUROPE|NORDICS,beverages,1,Coca-Cola Zero,Coca-Cola
maxwell house,Maxwell House,curated_mechanical_brand_alias,confirmed,existing_company_brand_mapping_token_match,France,FRANCE|DACH,beverages,1,Qualité filtre décaféiné,Maxwell House
clif bar,Clif,curated_mechanical_brand_alias,confirmed,existing_company_brand_mapping_token_match,France,FRANCE|DACH|UK_IE,snacks,1,,CLIF BAR
milkybar,Milkybar,curated_mechanical_brand_alias,confirmed,existing_company_brand_mapping_token_match,United Kingdom,UK_IE,dairies,1,White Chocolate Dairy Dessert,Milkybar
milkybar,Milkybar,curated_mechanical_brand_alias,confirmed,existing_company_brand_mapping_token_match,Ireland,UK_IE,snacks,1,Mini Eggs Bar,Milky Bar
mcvitie's,McVitie's,curated_mechanical_brand_alias,confirmed,existing_company_brand_mapping_token_match,United Kingdom,UK_IE|US_CANADA,snacks,1,Toasting Waffles,McVitie's
mcvitie's,McVitie's,curated_mechanical_brand_alias,confirmed,existing_company_brand_mapping_token_match,Spain,SOUTHERN_EUROPE|UK_IE,snacks,1,Tasties Coconut Rings,McVitie's
mcvitie's,McVitie's,curated_mechanical_brand_alias,confirmed,existing_company_brand_mapping_token_match,Portugal,SOUTHERN_EUROPE|UK_IE,snacks,1,Digestives Milk Chocolate Minis Snack Packs,McVitie's
mcvitie's,McVitie's,curated_mechanical_brand_alias,confirmed,existing_company_brand_mapping_token_match,New Zealand,UK_IE,snacks,1,Hobnobs Oat Snap Cookies,McVities
mcvitie's,McVitie's,curated_mechanical_brand_alias,confirmed,existing_company_brand_mapping_token_match,Jersey,UK_IE,snacks,1,Digestives strawberry cheesecake flavour,"McVitie,United Biscuits,McVities,McVitie's"
mcvitie's,McVitie's,curated_mechanical_brand_alias,confirmed,existing_company_brand_mapping_token_match,Italy,SOUTHERN_EUROPE|UK_IE,snacks,1,avena,McVities
mcvitie's,McVitie's,curated_mechanical_brand_alias,confirmed,existing_company_brand_mapping_token_match,Germany,DACH|UK_IE,snacks,1,Flipz Salted Caramel,McVitie’s
mcvitie's,McVitie's,curated_mechanical_brand_alias,confirmed,existing_company_brand_mapping_token_match,France,FRANCE|US_CANADA,snacks,1,Hobnobs,McVitie's
mcvitie's,McVitie's,curated_mechanical_brand_alias,confirmed,existing_company_brand_mapping_token_match,France,FRANCE|UK_IE|SOUTHERN_EUROPE,snacks,1,Ginger Nuts,McVitie's
mcvitie's,McVitie's,curated_mechanical_brand_alias,confirmed,existing_company_brand_mapping_token_match,France,FRANCE|SOUTHERN_EUROPE|NORDICS,snacks,1,Digestive galletas con chocolate con leche,McVitie's
mcvitie's,McVitie's,curated_mechanical_brand_alias,confirmed,existing_company_brand_mapping_token_match,France,FRANCE,beverages,1,Rich tea classic,McVitie's
mcvitie's,McVitie's,curated_mechanical_brand_alias,confirmed,existing_company_brand_mapping_token_match,Croatia,FRANCE|DACH|SOUTHERN_EUROPE|UK_IE,snacks,1,Digestives The Original Wheat Biscuit,McVitie's
mcvitie's,McVitie's,curated_mechanical_brand_alias,confirmed,existing_company_brand_mapping_token_match,Belgium,BENELUX|FRANCE|DACH,snacks,1,Direktive Biscuits,"McVites, McVitie’s"
minute maid,Minute Maid,top9_portfolio_brand_alias,confirmed,existing_company_brand_mapping_token_match,France,FRANCE|SOUTHERN_EUROPE|US_CANADA,beverages,1,Mango Punch,Minute Maid
minute maid,Minute Maid,top9_portfolio_brand_alias,confirmed,existing_company_brand_mapping_token_match,France,FRANCE|SOUTHERN_EUROPE,dairies,1,Duo Mediterraneo,Minute Maid
minute maid,Minute Maid,top9_portfolio_brand_alias,confirmed,existing_company_brand_mapping_token_match,France,FRANCE|BENELUX,beverages,1,Minute Maid Original Orange,Minute Maid
minute maid,Minute Maid,top9_portfolio_brand_alias,confirmed,existing_company_brand_mapping_token_match,China,FRANCE,beverages,1,美汁源 果粒橙 橙汁饮料,Minute Maid
milkybar,Milkybar,curated_mechanical_brand_alias,confirmed,existing_company_brand_mapping_token_match,United Kingdom,UK_IE,snacks,1,milkybar cookies and cream,Milkybar
coca cola,Coca-Cola,curated_mechanical_brand_alias,confirmed,first_off_brand_token_fallback,Austria,DACH|FRANCE|SOUTHERN_EUROPE|UK_IE,beverages,1,"coca cola 1,75",Coca-Cola
coca cola,Coca-Cola,curated_mechanical_brand_alias,confirmed,first_off_brand_token_fallback,Austria,DACH|FRANCE,beverages,1,Lemon Coca-Cola Zero Sugar,Coca-Cola
coca cola,Coca-Cola,curated_mechanical_brand_alias,confirmed,first_off_brand_token_fallback,Austria,DACH|BENELUX|FRANCE|SOUTHERN_EUROPE|NORDICS,beverages,1,Coca-Cola Zero,Coca-Cola
coca cola,Coca-Cola,curated_mechanical_brand_alias,confirmed,first_off_brand_token_fallback,Algeria,FRANCE|UK_IE,beverages,1,Coca Cola,Coca-Cola
coca cola,Coca-Cola,curated_mechanical_brand_alias,confirmed,first_off_brand_token_fallback,Algeria,DACH|BENELUX|FRANCE|SOUTHERN_EUROPE|NORDICS|UK_IE|US_CANADA,beverages,1,Cocacola original 500,Coca-Cola
coca cola,Coca-Cola,curated_mechanical_brand_alias,confirmed,first_off_brand_token_fallback,Albania,DACH|BENELUX|US_CANADA|FRANCE|SOUTHERN_EUROPE|UK_IE,beverages,1,Coke Original Taste,Coca-Cola
coca cola,Coca-Cola,curated_mechanical_brand_alias,confirmed,first_off_brand_token_fallback,Albania,DACH|BENELUX|FRANCE|SOUTHERN_EUROPE|NORDICS|UK_IE|US_CANADA,beverages,1,Coca Cola Original taste,Coca-Cola
coca cola,Coca-Cola,curated_mechanical_brand_alias,confirmed,first_off_brand_token_fallback,Albania,DACH|BENELUX|FRANCE,beverages,1,,Coca-Cola
clif bar,Clif,curated_mechanical_brand_alias,confirmed,existing_company_brand_mapping_token_match,United Kingdom,UK_IE,snacks,1,Chocolate Chip Protein Bar,Clif Bar
clif bar,Clif,curated_mechanical_brand_alias,confirmed,existing_company_brand_mapping_token_match,Ireland,UK_IE|US_CANADA,snacks,1,Clif Organic Nutter Butter Bar Peanut Butter Energy Bar,Clif Bar
clif bar,Clif,curated_mechanical_brand_alias,confirmed,existing_company_brand_mapping_token_match,France,FRANCE|UK_IE|DACH,snacks,1,Coconut Chocolate Chip,Clif bar
nestea,Nestea,top9_portfolio_brand_alias,confirmed,existing_company_brand_mapping_token_match,Bulgaria,UK_IE,beverages,1,Nestea Forest Fruits,Nestea
mirinda,Mirinda,top9_portfolio_brand_alias,confirmed,existing_company_brand_mapping_token_match,United Kingdom,UK_IE,beverages,1,Mirinda Orange,Mirinda
mirinda,Mirinda,top9_portfolio_brand_alias,confirmed,existing_company_brand_mapping_token_match,France,FRANCE|UK_IE,beverages,1,Mirinda Boisson gazeuse goût fraise 33 cl,Mirinda
clif bar,Clif,curated_mechanical_brand_alias,confirmed,existing_company_brand_mapping_token_match,France,FRANCE|DACH|SOUTHERN_EUROPE|NORDICS,snacks,1,Crunchy Peanut Butter,CLIF BAR
clif bar,Clif,curated_mechanical_brand_alias,confirmed,existing_company_brand_mapping_token_match,France,FRANCE|DACH,snacks,1,Nut butter filled,Clif Bar
clif bar,Clif,curated_mechanical_brand_alias,confirmed,existing_company_brand_mapping_token_match,Australia,FRANCE|UK_IE|NORDICS,snacks,1,White Chocolate Macadamia Nut Flavour Energy Bar,Clif Bar
clif bar,Clif,curated_mechanical_brand_alias,confirmed,existing_company_brand_mapping_token_match,Australia,FRANCE|NORDICS,snacks,1,Chocolate Chip,Clif bar
chef,Chef,top9_portfolio_brand_alias,confirmed,existing_company_brand_mapping_token_match,United Kingdom,UK_IE,dairies,1,Panna al Tartufo,Chef
chef,Chef,top9_portfolio_brand_alias,confirmed,existing_company_brand_mapping_token_match,France,FRANCE|DACH|SOUTHERN_EUROPE,dairies,1,Pana al funghi,"Chef, Parmalat"
chef,Chef,top9_portfolio_brand_alias,confirmed,existing_company_brand_mapping_token_match,France,FRANCE,dairies,1,Emmental,Chef
cheetos,Cheetos,top9_portfolio_brand_alias,confirmed,existing_company_brand_mapping_token_match,Spain,SOUTHERN_EUROPE|US_CANADA,snacks,1,Flamin' Hot Limón Crunchy Cheese Flavored Snacks,Cheetos
cheetos,Cheetos,top9_portfolio_brand_alias,confirmed,existing_company_brand_mapping_token_match,Hungary,UK_IE,snacks,1,Ketchup flavoured,Cheetos
mirinda,Mirinda,top9_portfolio_brand_alias,confirmed,existing_company_brand_mapping_token_match,France,FRANCE|DACH,beverages,1,Mirinda light,Mirinda
mirinda,Mirinda,top9_portfolio_brand_alias,confirmed,existing_company_brand_mapping_token_match,Bulgaria,FRANCE,beverages,1,Mirinda Orange,Mirinda
mirinda,Mirinda,top9_portfolio_brand_alias,confirmed,existing_company_brand_mapping_token_match,Algeria,FRANCE,beverages,1,Mirinda framboise,Mirinda
minute maid,Minute Maid,top9_portfolio_brand_alias,confirmed,existing_company_brand_mapping_token_match,Germany,DACH|UK_IE,beverages,1,APPLESAP - Minute Maid - Minute Maid - Minute Maid - Mi,Minute Maid
perugina,Perugina,curated_mechanical_brand_alias,confirmed,existing_company_brand_mapping_token_match,France,FRANCE|DACH|SOUTHERN_EUROPE,dairies,1,Nuvole Mousse,"Nestlé,Lactalis,Perugina"
perugina,Perugina,curated_mechanical_brand_alias,confirmed,existing_company_brand_mapping_token_match,Belgium,BENELUX|FRANCE,snacks,1,Chocolate con leche y almendras,"Nestlé, Perugina"
perugina,Perugina,curated_mechanical_brand_alias,confirmed,existing_company_brand_mapping_token_match,Australia,FRANCE,snacks,1,Baci Dark chocolate,"Nestlé, Perugina"
perfect snacks,Perfect Snacks,curated_mechanical_brand_alias,confirmed,existing_company_brand_mapping_token_match,United States,US_CANADA,snacks,1,"Refrigerated Peanut Butter Cups Dark Chocolate with Sea Salt, Organic",Perfect Snacks
payday,PayDay,curated_mechanical_brand_alias,confirmed,existing_company_brand_mapping_token_match,Spain,SOUTHERN_EUROPE|US_CANADA,snacks,1,Peanut Caramel Bar,PAYDAY
oscar mayer,Oscar Mayer,curated_mechanical_brand_alias,confirmed,existing_company_brand_mapping_token_match,United States,US_CANADA,dairies,1,Shaved Smoked Turkey Breast & White Turkey,Oscar Mayer
oscar mayer,Oscar Mayer,curated_mechanical_brand_alias,confirmed,existing_company_brand_mapping_token_match,Belgium,BENELUX|FRANCE,beverages,1,Thé noir parfum pèche blanche,"May tea, Orangine Schweppes France, Oscar mayer"
nido,Nido,top9_portfolio_brand_alias,confirmed,existing_company_brand_mapping_token_match,United States,US_CANADA,beverages,1,Kinder lacto-ease,Nido
nestle dessert,Nestlé Dessert,curated_mechanical_brand_alias,confirmed,existing_company_brand_mapping_token_match,France,FRANCE|DACH,snacks,1,NESTLÉ DESSERT Corsé 200g,"Nestlé,Nestlé Dessert"
nestle dessert,Nestlé Dessert,curated_mechanical_brand_alias,confirmed,existing_company_brand_mapping_token_match,France,FRANCE,cereals,1,Muesli voeni,Nestlé Dessert
nestle dessert,Nestlé Dessert,curated_mechanical_brand_alias,confirmed,existing_company_brand_mapping_token_match,France,FRANCE,beverages,1,100% cacao,Nestlé Dessert
nestle dessert,Nestlé Dessert,curated_mechanical_brand_alias,confirmed,existing_company_brand_mapping_token_match,Belgium,BENELUX|FRANCE,snacks,1,NESTLE L'ATELIER Noir Orange confite 115g,"Nestlé, Les recettes de l'atelier, Nestlé dessert"
nestle,Nescafé Dolce Gusto,curated_mechanical_brand_alias,confirmed,first_off_brand_token_fallback,France,FRANCE,beverages,1,,"Nestlé, Dolce Gusto"
nestea,Nestea,top9_portfolio_brand_alias,confirmed,existing_company_brand_mapping_token_match,Romania,UK_IE,beverages,1,Nestea Lemon,Nestea
nestea,Nestea,top9_portfolio_brand_alias,confirmed,existing_company_brand_mapping_token_match,Mexico,US_CANADA,beverages,1,,Nestea
nestea,Nestea,top9_portfolio_brand_alias,confirmed,existing_company_brand_mapping_token_match,France,FRANCE|SOUTHERN_EUROPE|DACH,beverages,1,Nestea Limón,Nestea
popcorners,PopCorners,curated_mechanical_brand_alias,confirmed,existing_company_brand_mapping_token_match,Australia,US_CANADA,snacks,1,Lentil Chips Jalapeno,"Popcorners, Simply 7 Snacks"
pg tips,PG Tips,top9_portfolio_brand_alias,confirmed,existing_company_brand_mapping_token_match,United States,US_CANADA,beverages,1,"Pg tips, black pyramid tea bags",Pg Tips
pg tips,PG Tips,top9_portfolio_brand_alias,confirmed,existing_company_brand_mapping_token_match,Germany,DACH|UK_IE,beverages,1,Tea,"PG, PG Tips"
pg tips,PG Tips,top9_portfolio_brand_alias,confirmed,existing_company_brand_mapping_token_match,France,FRANCE,beverages,1,PG Tips Blackcurrant Herbal Infusion Tea,Pg tips
pg tips,PG Tips,top9_portfolio_brand_alias,confirmed,existing_company_brand_mapping_token_match,Canada,US_CANADA|SOUTHERN_EUROPE|UK_IE,beverages,1,Black Tea,PG Tips
perugina,Perugina,curated_mechanical_brand_alias,confirmed,existing_company_brand_mapping_token_match,United States,US_CANADA,snacks,1,"Bittersweet Chocolate Bar, 70% Cacao",Perugina
perugina,Perugina,curated_mechanical_brand_alias,confirmed,existing_company_brand_mapping_token_match,United Kingdom,UK_IE,snacks,1,Perugina Italia. Extra dark chocolate,"Perugina, Nestlé"
cheetos,Cheetos,top9_portfolio_brand_alias,confirmed,existing_company_brand_mapping_token_match,Brazil,FRANCE,snacks,1,Puff cheese flavored snacks,Cheetos
carte d or,Carte d'Or,top9_portfolio_brand_alias,confirmed,existing_company_brand_mapping_token_match,France,FRANCE|SOUTHERN_EUROPE,dairies,1,,Carte d'Or
cappy,Cappy,top9_portfolio_brand_alias,confirmed,existing_company_brand_mapping_token_match,United States,US_CANADA,beverages,1,Pulpy,Cappy
cappy,Cappy,top9_portfolio_brand_alias,confirmed,existing_company_brand_mapping_token_match,United Kingdom,UK_IE,beverages,1,Cappy Orange Pulpy,Cappy
cappy,Cappy,top9_portfolio_brand_alias,confirmed,existing_company_brand_mapping_token_match,France,FRANCE|DACH,beverages,1,Schorle,Cappy
cappy,Cappy,top9_portfolio_brand_alias,confirmed,existing_company_brand_mapping_token_match,Czech Republic,FRANCE,beverages,1,Jablko 100%,Cappy
cappy,Cappy,top9_portfolio_brand_alias,confirmed,existing_company_brand_mapping_token_match,Bulgaria,FRANCE,beverages,1,Сок от кайсия,Cappy
cap'n crunch,Cap’n Crunch,curated_mechanical_brand_alias,confirmed,existing_company_brand_mapping_token_match,France,FRANCE|US_CANADA,cereals,1,Cereal,"Cap'N Crunch, Quaker"
perugina,Perugina,curated_mechanical_brand_alias,confirmed,existing_company_brand_mapping_token_match,France,FRANCE|SOUTHERN_EUROPE,dairies,1,Creme cioccolato al latte,Perugina
quaker,Quaker,curated_mechanical_brand_alias,confirmed,existing_company_brand_mapping_token_match,Austria,DACH|UK_IE,cereals,1,quaker original,Quaker
quaker,Quaker,curated_mechanical_brand_alias,confirmed,existing_company_brand_mapping_token_match,Austria,DACH|FRANCE|UK_IE,cereals,1,Porridge to go,Quaker
quaker,Quaker,curated_mechanical_brand_alias,confirmed,existing_company_brand_mapping_token_match,Austria,DACH|FRANCE,cereals,1,Porridge to go,Quaker
quaker,Quaker,curated_mechanical_brand_alias,confirmed,existing_company_brand_mapping_token_match,Argentina,FRANCE|SOUTHERN_EUROPE,cereals,1,Honey nut oats,Quaker
powerade,Powerade,curated_mechanical_brand_alias,confirmed,existing_company_brand_mapping_token_match,Denmark,NORDICS|FRANCE,beverages,1,Powerade,Powerade
cailler,Cailler,top9_portfolio_brand_alias,confirmed,existing_company_brand_mapping_token_match,France,FRANCE|DACH,dairies,1,Crème dessert chocolat au lait des alpes suisses,Cailler
cailler,Cailler,top9_portfolio_brand_alias,confirmed,existing_company_brand_mapping_token_match,France,FRANCE,beverages,1,Poudre de Chocolat 43% Cacao,Cailler
cadbury dairy milk fingers crossed,Cadbury Dairy Milk,curated_mechanical_brand_alias,confirmed,existing_company_brand_mapping_token_match,France,FRANCE|UK_IE,snacks,1,Milk Chocolate Biscuits,Cadbury Dairy Milk Fingers crossed
cadbury dairy milk,Cadbury Dairy Milk,curated_mechanical_brand_alias,confirmed,existing_company_brand_mapping_token_match,United Kingdom,UK_IE,snacks,1,Cream egg Easter egg,Cadbury Dairy Milk
cadbury dairy milk,Cadbury Dairy Milk,curated_mechanical_brand_alias,confirmed,existing_company_brand_mapping_token_match,France,FRANCE|UK_IE|US_CANADA,snacks,1,Little Bar,Cadbury Dairy Milk
cadbury dairy milk,Cadbury Dairy Milk,curated_mechanical_brand_alias,confirmed,existing_company_brand_mapping_token_match,Australia,FRANCE,snacks,1,Caramello Koala,Cadbury Dairy Milk
cadbury brunch,Cadbury Brunch,curated_mechanical_brand_alias,confirmed,existing_company_brand_mapping_token_match,United Kingdom,UK_IE,snacks,1,Honey And Oat Bar Light,Cadbury Brunch
cadbury bournville,Cadbury Bournville,curated_mechanical_brand_alias,confirmed,existing_company_brand_mapping_token_match,United Kingdom,UK_IE,snacks,1,Brunch bar,Cadbury Bournville
buitoni,Buitoni,top9_portfolio_brand_alias,confirmed,existing_company_brand_mapping_token_match,United States,US_CANADA,dairies,1,Parmesan Shredded Cheese,Buitoni
powerade,Powerade,curated_mechanical_brand_alias,confirmed,existing_company_brand_mapping_token_match,Belarus,FRANCE|DACH|NORDICS|SOUTHERN_EUROPE|UK_IE,beverages,1,Boisson pour le sport,Powerade
powerade,Powerade,curated_mechanical_brand_alias,confirmed,existing_company_brand_mapping_token_match,Australia,FRANCE,beverages,1,Powerade Blackcurrant,Powerade
quaker,Quaker,curated_mechanical_brand_alias,confirmed,existing_company_brand_mapping_token_match,Belgium,BENELUX|FRANCE|SOUTHERN_EUROPE|DACH|UK_IE,cereals,1,Flocons d'avoine complète,Quaker
quaker,Quaker,curated_mechanical_brand_alias,confirmed,existing_company_brand_mapping_token_match,Belgium,BENELUX|FRANCE|SOUTHERN_EUROPE,cereals,1,Hunky baked granola nuts & seeds,"PepsiCo, Quaker"
buitoni,Buitoni,top9_portfolio_brand_alias,confirmed,existing_company_brand_mapping_token_match,France,FRANCE|SOUTHERN_EUROPE,snacks,1,Sfoglia rotonda,Buitoni
brookside,Brookside,top9_portfolio_brand_alias,confirmed,existing_company_brand_mapping_token_match,United Kingdom,UK_IE|US_CANADA,snacks,1,Açaí & Blueberry Flavors Soft Fruit Flavored Centers Covered In Smooth Dark Chocolate,BROOKSIDE
brookside,Brookside,top9_portfolio_brand_alias,confirmed,existing_company_brand_mapping_token_match,Canada,US_CANADA|FRANCE,snacks,1,Brookside - Acai&blueberry dark chocolate,Brookside
breyers,Breyers,top9_portfolio_brand_alias,confirmed,existing_company_brand_mapping_token_match,France,FRANCE|SOUTHERN_EUROPE,snacks,1,Creamy chocolate,Breyers
best foods,Best Foods,top9_portfolio_brand_alias,confirmed,existing_company_brand_mapping_token_match,United States,US_CANADA,beverages,1,Earl grey organic black tea,Best Foods
best foods,Best Foods,top9_portfolio_brand_alias,confirmed,existing_company_brand_mapping_token_match,Bulgaria,FRANCE|SOUTHERN_EUROPE,snacks,1,Lotto Classic Snack,Best Foods
best foods,Best Foods,top9_portfolio_brand_alias,confirmed,existing_company_brand_mapping_token_match,Bulgaria,FRANCE,snacks,1,Pop-o top's,"Best foods, Lotto"
benenuts,Benenuts,top9_portfolio_brand_alias,confirmed,existing_company_brand_mapping_token_match,Belgium,BENELUX|FRANCE,snacks,1,Chips MixUps goût salé,"Bénénuts, LAYS, MixUps"
ben and jerry s,Ben & Jerry's,top9_portfolio_brand_alias,confirmed,existing_company_brand_mapping_token_match,United States,US_CANADA,snacks,1,Lights! Caramel! Action!,Ben & Jerry's
ben and jerry s,Ben & Jerry's,top9_portfolio_brand_alias,confirmed,existing_company_brand_mapping_token_match,France,FRANCE|DACH|SOUTHERN_EUROPE|NORDICS,dairies,1,Half Baked,Ben & Jerry's
ben and jerry s,Ben & Jerry's,top9_portfolio_brand_alias,confirmed,existing_company_brand_mapping_token_match,France,FRANCE,dairies,1,Topped - Salted Caramel Brownie,Ben & Jerry's
quaker,Quaker,curated_mechanical_brand_alias,confirmed,existing_company_brand_mapping_token_match,Belgium,BENELUX|FRANCE|DACH|SOUTHERN_EUROPE|UK_IE,cereals,1,cruesly mélange de noix,Quaker
quaker,Quaker,curated_mechanical_brand_alias,confirmed,existing_company_brand_mapping_token_match,Belgium,BENELUX|FRANCE|DACH,snacks,1,"Havermount Flocons D'avoine , Haferflocken",Quaker
quaker,Quaker,curated_mechanical_brand_alias,confirmed,existing_company_brand_mapping_token_match,Belgium,BENELUX|FRANCE|DACH,cereals,1,Oats - Flocons d'avoine,"Pepsico, Quaker"
bakers,Bakers,top9_portfolio_brand_alias,confirmed,existing_company_brand_mapping_token_match,Australia,FRANCE,snacks,1,Tennis Biscuits,Bakers
badoit,Badoit,top9_portfolio_brand_alias,confirmed,existing_company_brand_mapping_token_match,France,FRANCE|UK_IE,beverages,1,Badoit Sparkling Water,Badoit
badoit,Badoit,top9_portfolio_brand_alias,confirmed,existing_company_brand_mapping_token_match,France,FRANCE|DACH|UK_IE,beverages,1,Badoit 6x1 L PET,Badoit
aptamil,Aptamil,top9_portfolio_brand_alias,confirmed,existing_company_brand_mapping_token_match,United Kingdom,UK_IE,dairies,1,pepti 2,Aptamil
amora,Amora,top9_portfolio_brand_alias,confirmed,existing_company_brand_mapping_token_match,France,FRANCE,snacks,1,Amora Sauce Fish'n'Chips Flacon Souple 251g,Amora
amora,Amora,top9_portfolio_brand_alias,confirmed,existing_company_brand_mapping_token_match,France,FRANCE,beverages,1,Vinaigre Français de Vin Rouge,Amora
alvalle,Alvalle,top9_portfolio_brand_alias,confirmed,existing_company_brand_mapping_token_match,France,FRANCE,dairies,1,Havarti Bockshornklee,Alvalle
alvalle,Alvalle,top9_portfolio_brand_alias,confirmed,existing_company_brand_mapping_token_match,Belgium,BENELUX|FRANCE|SOUTHERN_EUROPE|DACH,beverages,1,Gazpacho,Alvalle
quaker,Quaker,curated_mechanical_brand_alias,confirmed,existing_company_brand_mapping_token_match,Ethiopia,FRANCE,cereals,1,White Oats,Quaker
quaker,Quaker,curated_mechanical_brand_alias,confirmed,existing_company_brand_mapping_token_match,Cyprus,FRANCE|UK_IE|US_CANADA,cereals,1,Quick Cooking White Oats,Quaker
quaker,Quaker,curated_mechanical_brand_alias,confirmed,existing_company_brand_mapping_token_match,Cyprus,FRANCE,cereals,1,Quaker Oats Tin,"Quaker, Quaker Νιφάδες Βρώμης Ολικής Άλεσης"
quaker,Quaker,curated_mechanical_brand_alias,confirmed,existing_company_brand_mapping_token_match,Cote D Ivoire,FRANCE|SOUTHERN_EUROPE,cereals,1,Quaker white oats,Quaker
quaker,Quaker,curated_mechanical_brand_alias,confirmed,existing_company_brand_mapping_token_match,Colombia,FRANCE,snacks,1,Galleta Sabor Frutos Rojos,Quaker
quaker,Quaker,curated_mechanical_brand_alias,confirmed,existing_company_brand_mapping_token_match,Canada,US_CANADA|UK_IE,cereals,1,Quaker oat so simple apple and blueberry,Quaker
quaker,Quaker,curated_mechanical_brand_alias,confirmed,existing_company_brand_mapping_token_match,Canada,US_CANADA,snacks,1,"Peanut butter protein bar, peanut butter",Quaker
quaker,Quaker,curated_mechanical_brand_alias,confirmed,existing_company_brand_mapping_token_match,Canada,US_CANADA,cereals,1,"HARVEST CRUNCH PROTEIN OAT, HONEY & ALMOND FLAVOUR GRANOLA CEREAL",Quaker
Nescafé,Nescafé Dolce Gusto,curated_mechanical_brand_alias,confirmed,top9_portfolio_token_match,France,FRANCE|DACH,dairies,1,Nesquik,"Nestlé,Dolce Gusto,Nescafé,Nescafé Dolce Gusto"
Nescafé,Nescafé Dolce Gusto,curated_mechanical_brand_alias,confirmed,top9_portfolio_token_match,Belgium,BENELUX|FRANCE|DACH,dairies,1,Gusto Cappuccino Coffee Pods Capsules Per Box,"Nestlé,Dolce Gusto,Nescafé"
Nescafé,Nescafé Dolce Gusto,curated_mechanical_brand_alias,confirmed,existing_company_brand_mapping_token_match,France,FRANCE|UK_IE,dairies,1,Gusto Skinny Latte Macchiato Coffee Pods Capsules,"Nescafé, Nescafé Dolce Gusto"
Nescafé,Nescafé Dolce Gusto,curated_mechanical_brand_alias,confirmed,existing_company_brand_mapping_token_match,France,FRANCE|UK_IE,beverages,1,Capsules NESCAFE DOLCE GUSTO Café Au Lait Intenso 16 Capsules,"Nescafe, Nescafé Dolce Gusto, Dolce gusto"
Nescafé,Nescafé Dolce Gusto,curated_mechanical_brand_alias,confirmed,existing_company_brand_mapping_token_match,France,FRANCE|SOUTHERN_EUROPE|DACH,dairies,1,Capsules NESCAFE DOLCE GUSTO NESQUIK x16,"Dolce gusto,Nescafé,Nescafé Dolce Gusto"
quaker,Quaker,curated_mechanical_brand_alias,confirmed,existing_company_brand_mapping_token_match,United Kingdom,UK_IE|US_CANADA,snacks,1,Less sugar granola bars,Quaker
quaker,Quaker,curated_mechanical_brand_alias,confirmed,existing_company_brand_mapping_token_match,United Kingdom,UK_IE,snacks,1,porridge to go,Quaker
quaker,Quaker,curated_mechanical_brand_alias,confirmed,existing_company_brand_mapping_token_match,Spain,SOUTHERN_EUROPE|US_CANADA,snacks,1,APPLE CINNAMON RICE CRISPS,QUAKER
quaker,Quaker,curated_mechanical_brand_alias,confirmed,existing_company_brand_mapping_token_match,Serbia,UK_IE,cereals,1,Oat So Simple Original,"Quaker,Quaker Oats"
quaker,Quaker,curated_mechanical_brand_alias,confirmed,existing_company_brand_mapping_token_match,Saint Martin,US_CANADA,cereals,1,Avena with iron instant oats,Quaker
quaker,Quaker,curated_mechanical_brand_alias,confirmed,existing_company_brand_mapping_token_match,Germany,DACH|US_CANADA,cereals,1,Quick 5-minute grits,Quaker
quaker,Quaker,curated_mechanical_brand_alias,confirmed,existing_company_brand_mapping_token_match,France,FRANCE|SOUTHERN_EUROPE|US_CANADA,cereals,1,"Simply granola, oats, honey & almonds",Quaker
quaker,Quaker,curated_mechanical_brand_alias,confirmed,existing_company_brand_mapping_token_match,France,FRANCE|SOUTHERN_EUROPE|DACH,cereals,1,,QUAKER
quaker,Quaker,curated_mechanical_brand_alias,confirmed,existing_company_brand_mapping_token_match,France,FRANCE|DACH|SOUTHERN_EUROPE|US_CANADA,cereals,1,Maple & Brown Sugar Instant Oatmeal,"Quaker,Pepsico"
quaker,Quaker,curated_mechanical_brand_alias,confirmed,existing_company_brand_mapping_token_match,European Union,UK_IE,cereals,1,Apple And Raspberry Water,"Quaker, Quaker Oats, Aldi"
bakers,Bakers,top9_portfolio_brand_alias,confirmed,existing_company_brand_mapping_token_match,Canada,US_CANADA|FRANCE,snacks,1,Unsweetened Chocolate,Baker's
quaker,Quaker,curated_mechanical_brand_alias,confirmed,existing_company_brand_mapping_token_match,United States,US_CANADA,dairies,1,"Muller, nonfat greek yogurt, blackberry & raspberry",Quaker
quaker,Quaker,curated_mechanical_brand_alias,confirmed,existing_company_brand_mapping_token_match,United States,US_CANADA,beverages,1,Quaker Strawberry Breakfast Shake (4-11.1 Fl Oz) 44.4 Fluid Ounce 4 Pack Plastic Bottles,Quaker
Quaker Oats,Quaker,curated_mechanical_brand_alias,confirmed,existing_company_brand_mapping_token_match,France,FRANCE|DACH|US_CANADA,cereals,1,Old Fashioned 100% Whole Grain Rolled Oats,Quaker Oats
Quaker Oats,Quaker,curated_mechanical_brand_alias,confirmed,existing_company_brand_mapping_token_match,Canada,US_CANADA|FRANCE,cereals,1,QUICK 1-MINUTE OATS,QUAKER OATS
Nespresso,Nescafé Dolce Gusto,curated_mechanical_brand_alias,confirmed,top9_portfolio_token_match,France,FRANCE|NORDICS,beverages,1,Toffee Nut Latte,"Dolce Gusto, Nespresso, Starbucks"
alvalle,Alvalle,top9_portfolio_brand_alias,confirmed,existing_company_brand_mapping_token_match,Belgium,BENELUX|FRANCE|DACH,beverages,1,Tropicana orange without pulp,"Alvalle, Hitchcock"
after eight,After Eight,curated_mechanical_brand_alias,confirmed,existing_company_brand_mapping_token_match,United Kingdom,UK_IE,snacks,1,Winter fondants,After eight
after eight,After Eight,curated_mechanical_brand_alias,confirmed,existing_company_brand_mapping_token_match,France,FRANCE|DACH|UK_IE,snacks,1,After Eight,"Nestlé, After Eight"
after eight,After Eight,curated_mechanical_brand_alias,confirmed,existing_company_brand_mapping_token_match,France,FRANCE|DACH|SOUTHERN_EUROPE|BENELUX|NORDICS,snacks,1,After Eight Dark Chocolate Thins,"Nestlé, After eight"
after eight,After Eight,curated_mechanical_brand_alias,confirmed,existing_company_brand_mapping_token_match,France,FRANCE|BENELUX|DACH,snacks,1,Fines feuilles de chocolat noir fourrées à la menthe,After Eight
after eight,After Eight,curated_mechanical_brand_alias,confirmed,existing_company_brand_mapping_token_match,Croatia,FRANCE,snacks,1,After Eight,"Nestlé, After eight"
after eight,After Eight,curated_mechanical_brand_alias,confirmed,existing_company_brand_mapping_token_match,Bulgaria,FRANCE|SOUTHERN_EUROPE,snacks,1,Delightfully Minty Dark Chocolate Thins,"Nestlé, After Eight"
after eight,After Eight,curated_mechanical_brand_alias,confirmed,existing_company_brand_mapping_token_match,Bolivia,FRANCE|UK_IE,snacks,1,After Eight Bites,"Nestlé, After Eight"
after eight,After Eight,curated_mechanical_brand_alias,confirmed,existing_company_brand_mapping_token_match,Belgium,BENELUX|FRANCE|UK_IE|SOUTHERN_EUROPE,snacks,1,AFTER EIGHT Coffret 300g,"Nestlé, After eight"
after eight,After Eight,curated_mechanical_brand_alias,confirmed,existing_company_brand_mapping_token_match,Belgium,BENELUX|FRANCE,snacks,1,AfterEight Noël,After Eight
Nescafé,Nescafé Dolce Gusto,curated_mechanical_brand_alias,confirmed,top9_portfolio_token_match,France,FRANCE|SOUTHERN_EUROPE,beverages,1,Capsules NESCAFE DOLCE GUSTO Avoine 12 capsules,"Nestlé,Dolce gusto,Nescafe"
Nescafé,Nescafé Dolce Gusto,curated_mechanical_brand_alias,confirmed,existing_company_brand_mapping_token_match,Belgium,BENELUX|FRANCE|SOUTHERN_EUROPE|DACH,beverages,1,Capsules Dolce Gusto lungo 16 Capsules,"Dolce gusto, Nescafé"
yorkie,Yorkie,curated_mechanical_brand_alias,confirmed,first_off_brand_token_fallback,France,FRANCE|UK_IE,snacks,1,Yorkie Raisin & Biscuit,Yorkie
yopro,YoPRO,curated_mechanical_brand_alias,confirmed,existing_company_brand_mapping_token_match,United States,US_CANADA,dairies,1,yopro doce de leite,Yopro
wheat thins,Wheat Thins,top9_portfolio_brand_alias,confirmed,existing_company_brand_mapping_token_match,United States,US_CANADA,snacks,1,SPICY SWEET CHILI,WHEAT THINS
Lay's,Lay’s,curated_mechanical_brand_alias,confirmed,top9_portfolio_token_match,Estonia,NORDICS|UK_IE,snacks,1,Lays solone,"Lay's,PepsiCo"
Lay's,Lay’s,curated_mechanical_brand_alias,confirmed,top9_portfolio_token_match,France,FRANCE|DACH|SOUTHERN_EUROPE,snacks,1,,"Lay's,frito-lay,pepsico"
tate's bake shop,Tate’s Bake Shop,curated_mechanical_brand_alias,confirmed,existing_company_brand_mapping_token_match,Italy,SOUTHERN_EUROPE|US_CANADA,snacks,1,Pumpkin Spice Cookies,Tate's Bake Shop
tate's bake shop,Tate’s Bake Shop,curated_mechanical_brand_alias,confirmed,existing_company_brand_mapping_token_match,Germany,DACH|US_CANADA,snacks,1,Chocolate Chip Cookies,Tate's Bake Shop
smartwater,Smartwater,curated_mechanical_brand_alias,confirmed,existing_company_brand_mapping_token_match,Mexico,US_CANADA,beverages,1,Vapor distilled water,SmartWater
smartwater,Smartwater,curated_mechanical_brand_alias,confirmed,existing_company_brand_mapping_token_match,Hungary,SOUTHERN_EUROPE|UK_IE,beverages,1,Smart Water,smartwater
smartwater,Smartwater,curated_mechanical_brand_alias,confirmed,existing_company_brand_mapping_token_match,France,FRANCE|US_CANADA,beverages,1,Smart Water,"Glaceau, Smartwater, Glaceuu Smart water"
smartwater,Smartwater,curated_mechanical_brand_alias,confirmed,existing_company_brand_mapping_token_match,France,FRANCE,beverages,1,6 PK,Smartwater
skinny pop,SkinnyPop,curated_mechanical_brand_alias,confirmed,existing_company_brand_mapping_token_match,Germany,DACH|US_CANADA,snacks,1,Original Popcorn,SkinnyPop
seasonal latte,Nescafé Dolce Gusto,curated_mechanical_brand_alias,confirmed,first_off_brand_token_fallback,France,FRANCE|DACH,beverages,1,"STARBUCKS by NESCAFE DOLCE GUSTO Toffee Nut Latte 127,8g","Seasonal latte, STARBUCKS, White, by NESCAFE DOLCE GUSTO"
scharffen berger,Scharffen Berger,curated_mechanical_brand_alias,confirmed,existing_company_brand_mapping_token_match,United States,US_CANADA,snacks,1,ORANGE CHOCOLATE CHUNK cookie,SCHARFFEN BERGER
scharffen berger,Scharffen Berger,curated_mechanical_brand_alias,confirmed,existing_company_brand_mapping_token_match,United States,US_CANADA,beverages,1,Natural cocoa powder,Scharffen Berger
starbucks,Nescafé Dolce Gusto,curated_mechanical_brand_alias,confirmed,first_off_brand_token_fallback,France,FRANCE,snacks,1,STARBUCKS by NESCAFE DOLCE GUSTO chocolate Toffe Nut Latte 200g,"STARBUCKS, by NESCAFE DOLCE GUSTO"
starbucks,Nescafé Dolce Gusto,curated_mechanical_brand_alias,confirmed,first_off_brand_token_fallback,France,FRANCE,beverages,1,STARBUCKS by NESCAFE DOLCE GUSTO white mocha 12 capsules,"STARBUCKS, by NESCAFE DOLCE GUSTO"
sour patch kids,Sour Patch Kids,top9_portfolio_brand_alias,confirmed,existing_company_brand_mapping_token_match,France,FRANCE|US_CANADA,snacks,1,Sour Patch Kids (Watermelon),Sour Patch Kids
sour patch kids,Sour Patch Kids,top9_portfolio_brand_alias,confirmed,existing_company_brand_mapping_token_match,France,FRANCE|DACH|US_CANADA,snacks,1,Kids Sweets Bag,"Maynards, Sour Patch Kids"
solgar,Solgar,top9_portfolio_brand_alias,confirmed,existing_company_brand_mapping_token_match,United Kingdom,UK_IE,cereals,1,Psyllium Husk Fibre Capsules,Solgar
solgar,Solgar,top9_portfolio_brand_alias,confirmed,existing_company_brand_mapping_token_match,France,FRANCE,beverages,1,Spiruline 750MG - 100 Tablets - Solgar,Solgar
so delicious,So Delicious,curated_mechanical_brand_alias,confirmed,existing_company_brand_mapping_token_match,Netherlands,BENELUX|US_CANADA,beverages,1,Vanilla organic almond milk with cashew,So delicious
so delicious,So Delicious,curated_mechanical_brand_alias,confirmed,existing_company_brand_mapping_token_match,France,FRANCE|US_CANADA,beverages,1,Organic Coconut Unsweetened Coconutmilk,SO Delicious
velveeta,Velveeta,top9_portfolio_brand_alias,confirmed,existing_company_brand_mapping_token_match,France,FRANCE|US_CANADA,dairies,1,Velveeta Original Pasteurized Recipe Cheese Product,Velveeta
velveeta,Velveeta,top9_portfolio_brand_alias,confirmed,existing_company_brand_mapping_token_match,France,FRANCE,dairies,1,Cheese Sauce,Velveeta
Nescafé,Nescafé Dolce Gusto,curated_mechanical_brand_alias,confirmed,existing_company_brand_mapping_token_match,France,FRANCE|DACH|US_CANADA,beverages,1,D.gus Latt Macc Caramel Nescafe,"Dolce gusto, Nescafe, Nescafé dolce gusto"
Nescafé,Nescafé Dolce Gusto,curated_mechanical_brand_alias,confirmed,existing_company_brand_mapping_token_match,France,FRANCE|DACH|UK_IE,beverages,1,Cappuccino,"Dolce Gusto,Nescafé"
Nescafé,Nescafé Dolce Gusto,curated_mechanical_brand_alias,confirmed,existing_company_brand_mapping_token_match,Denmark,NORDICS|FRANCE,beverages,1,Nestea lemon,"Dolce Gusto, Nescafé, Nestea"
Nescafé,Nescafé Dolce Gusto,curated_mechanical_brand_alias,confirmed,existing_company_brand_mapping_token_match,Belgium,BENELUX|NORDICS|FRANCE|DACH,dairies,1,Capsules NESCAFE Dolce Gusto Latte Macchiato 16 Capsules,"Sainsbury's, Dolce Gusto, Nescafé, Nescafé Dolce gusto"
Nescafé,Nescafé Dolce Gusto,curated_mechanical_brand_alias,confirmed,existing_company_brand_mapping_token_match,Belgium,BENELUX|NORDICS|FRANCE|DACH,beverages,1,Capsules NESCAFE DOLCE GUSTO Cappuccino 16 Capsules,"Nescafé, Nescafé Dolce Gusto"
Nescafé,Nescafé Dolce Gusto,curated_mechanical_brand_alias,confirmed,existing_company_brand_mapping_token_match,Belgium,BENELUX|NORDICS|FRANCE,beverages,1,Barista,"Nescafe, Nescafé Dolce Gusto"
