query_category,observed_market_region_codes,current_primary_brand,proposed_primary_brand,detected_portfolio_group,detection_source,detection_reason,record_count,example_product_names,example_raw_brands
beverages,US_CANADA,starbucks,starbucks,,no_change,no more-specific Top 9 portfolio brand detected,581,"Starbucks, Teavana Shaken Berry Sangria Herbal Tea, Tall | Vanilla Doubleshot Energy | Starbucks, Teavana Shaken Strawberry Green Tea Infusion, Grande | Starbucks, Teavana Shaken Pineapple Black Tea Infusion Lemonade, Trenta Iced | Starbucks, Honey Citrus Mint Tea, Grande",starbucks | starbucks | starbucks | starbucks | starbucks
dairies,FRANCE,danone,danone,,no_change,no more-specific Top 9 portfolio brand detected,429,SKYR | Yaourt aux ferments d'origine naturelle | Emmental français | Veloute Fruix Framboise | Yaourt,danone | danone | danone | danone | danone
dairies,FRANCE,nestle,nestle,,no_change,no more-specific Top 9 portfolio brand detected,326,Yaos yaourt a la grecque pulpe citron | Concentré sucré | Feuilleté de mousse la Laitière | Lait concentré sucré | ferme et fondant,nestlé | nestlé | nestlé | nestlé | nestlé
beverages,FRANCE,coca cola,coca cola,,no_change,no more-specific Top 9 portfolio brand detected,294,Coca cola | Coca cola zero | Coca-Cola | Coca-cola Zero | Coca cola,coca-cola | coca cola zero | coca-cola | coca-cola | coca-cola
snacks,FRANCE,nestle,nestle,,no_change,no more-specific Top 9 portfolio brand detected,262,"Tablette chocolat Nestle | Code-barres inexistant et/ou fiche incomplète, obsolète ou en doublon | Chocolat noir bio Nestlé | les recettes de l atelier",nestlé | nestlé | nestlé | nestlé | nestlé
dairies,US_CANADA,kraft,kraft,,no_change,no more-specific Top 9 portfolio brand detected,198,"Colby Natural Cheese, Colby | Kraft, Natural Pepper Jack Cheese | Mozzarella Low-Moisture Part-Skim Natural Cheese, Mozzarella | Sharp Cheddar Natural Cheese, Sharp Cheddar | Monterey Jack Cheese",kraft | kraft | kraft | kraft | kraft
dairies,FRANCE,activia,activia,,no_change,no more-specific Top 9 portfolio brand detected,185,"Activia So Délicat Pointe de Citron Vert | Yaourt Activia au bifidus | activia fruits mixés | flocons d'avoine myrtille-açai | Activia Recette au fromage blanc (2,9 % MG) Saveur Vanille","activia, danone | activia, danone | activia, danone | activia,danone | activia, danone"
snacks,US_CANADA,hersheys,hersheys,,no_change,no more-specific Top 9 portfolio brand detected,175,"Payday, 1.85 oz | jolly rancher gummy sours | Milk Chocolate with Almonds | Kisses Cookies 'n' Creme | Milk Chocolate",hershey's | hershey’s | hershey's | hershey's | hershey's
beverages,FRANCE,nestle,san pellegrino,Nestlé,top_company_portfolio_matrix_off_brands,current primary brand is parent/company token; portfolio brand appears in OFF brands field,166,San Pellegrino | Woda San Pellegrino | S.pellecrino | Sanpellegrino aranciata | Cocktail,"nestlé,san pellegrino | nestlé, san pellegrino | nestlé, san pellegrino | nestlé, san pellegrino | nestlé, san pellegrino"
dairies,FRANCE,nestle,la laitiere,,top_company_portfolio_matrix_off_brands,current primary brand is parent/company token; another OFF brand token needs brand-level review,135,Velours de Crème Chocolat au lait | La Laitière yaourt bio à la vanille | L'onctueux sur lit de myrtilles BIO | Mousse Grand Chocolat. Copeaux & Coulis Chocolat | Velours de creme chocolat x4,"nestlé, la laitière | nestlé, la laitière | nestlé, la laitière | nestlé, la laitière | nestlé, la laitière"
dairies,FRANCE,danette,danette,,no_change,no more-specific Top 9 portfolio brand detected,123,"Danette saveur vanille magix | Danette extra noir | Danette saveurs pistache | P'tite danette chocolat et lait 70 g x 6 | Crème Dessert Danette Danone, Chocolat Prix Choc","danette, danone | danette, danone | danette, danone | danette, danette gouter au lait, danone | danette, danone"
beverages,US_CANADA,pepsi,pepsi,,no_change,no more-specific Top 9 portfolio brand detected,121,Diet Pepsi Cola 12 Fluid Ounce Aluminum Can | Diet Pepsi Cola 8 Fluid Ounce Aluminum Can | Cola | Pepsi | Pepsi Cola,pepsi | pepsi | pepsi | pepsi | pepsi
beverages,FRANCE,nestle,nestle,,no_change,no more-specific Top 9 portfolio brand detected,117,ricoré | Chocolat poudre | Ricoré original | ricore Nestlé 1boite 200g | ricoré,nestlé | nestlé | nestlé | nestlé | nestlé
beverages,FRANCE,pepsi,pepsi,,no_change,no more-specific Top 9 portfolio brand detected,111,Pepsi lime | With a splash of mango juice | Pepsi Cola | Pepsi | Pepsi,pepsi | pepsi | pepsi | pepsi | pepsi
beverages,FRANCE,coca cola,coca cola light,Coca-Cola,top_company_portfolio_matrix_off_brands,current primary brand is parent/company token; portfolio brand appears in OFF brands field,94,Coca cola light | Coca cola zero | Coca Cola Zero (40cl) | Coca Cola Zero | Coca Cola Zero sucre,"coca-cola, coca-cola-light | coca-cola, coca-cola-light, the coca-cola company | coca-cola, coca-cola-light, mcdonald's | coca-cola, coca-cola-light | coca cola, coca-cola-light"
beverages,US_CANADA,lipton,lipton,,no_change,no more-specific Top 9 portfolio brand detected,87,"Lipton Lemon Iced Tea 20 Fluid Ounce Plastic Bottle | Iced tea | Diet Iced Tea, Lemon Flavor With Other Natural Flavors | Diet iced tea | Green tea","lipton, unilever | lipton, unilever | lipton, unilever | lipton, unilever | lipton,unilever"
snacks,FRANCE,nestle,les recettes de latelier,,top_company_portfolio_matrix_off_brands,current primary brand is parent/company token; another OFF brand token needs brand-level review,78,"NESTLE LES RECETTES DE L'ATELIER - Carrés dégustation Chocolat noir 70% - 210g | NESTLE L'ATELIER Chocolat Noir Myrtilles, Amandes et Noisettes | Chocolat Noir, Cranberries, Amandes | NESTLE L'ATELIER Chocolat au Lait, Cranberries, Amandes et Noisettes | NESTLE L'ATELIER Chocolat au Lait, Raisins, Amandes et Noisettes","nestlé, les recettes de l'atelier, les recettes de l'atelier les carres | nestlé, les recettes de l'atelier | nestlé, les recettes de l'atelier | nestlé, les recettes de l'atelier | nestlé, les recettes de l'atelier"
snacks,FRANCE,lu,lu,,no_change,no more-specific Top 9 portfolio brand detected,77,Véritable - Petit écolier | Figolu - Sablés aux figues | La Coqueline (fraise) | Lulu La Coqueline Goût Chocolat Noisette | Lulu La Barquette Framboise,"lu, mondelez | lu, kraft foods | lu,mondelez | lu,mondelez | lu, mondelez"
snacks,FRANCE,nestle,kitkat,Nestlé,top_company_portfolio_matrix_off_brands,current primary brand is parent/company token; portfolio brand appears in OFF brands field,74,"KITKAT Ball, Billes au chocolat au Lait, 250g | KITKAT Ball, Chapelet Billes au chocolat au Lait, 5x30g | Barres au chocolat blanc | KITKAT Blanc, 4 barres enrobage blanc, 8x41,5g | KITKAT Tablette Saveur Cookie Dough 99g","nestlé, kit kat ball, kitkat | nestlé, kit kat ball, kitkat | nestlé, kitkat | nestlé, kitkat | nestlé, kit kat"
beverages,US_CANADA,coca cola,coca cola,,no_change,no more-specific Top 9 portfolio brand detected,71,Coca cola 400 | REFRESCO CARBONATADO SABOR ORIGINAL | Coke Zero | 3 Liters | Coca-Cola,coca-cola | coca-cola | coca-cola | coca-cola | coca-cola
snacks,FRANCE,nestle,dessert,,top_company_portfolio_matrix_off_brands,current primary brand is parent/company token; another OFF brand token needs brand-level review,69,Préparation pour fondant au chocolat | Cookies aux pépites de chocolat | Praline | Blanc | Chocolat noir,"nestlé dessert | nestlé dessert | nestlé, nestlé dessert | nestle dessert | nestlé dessert"
beverages,UK_IE,pepsi,pepsi,,no_change,no more-specific Top 9 portfolio brand detected,59,Pepsi Max | Pepsi max | Carbonated Low Calorie Cola Flavoured Soft Drink | Diet Pepsi 8pk | Pepsi Max,"pepsi,pepsico | pepsi | pepsi max | pepsi | pepsi"
beverages,FRANCE,lipton,lipton,,no_change,no more-specific Top 9 portfolio brand detected,58,Lipton Ice Tea saveur pêche touche de miel 6 x 33 cl | Thé Noir Royal Ceylan Vrac | Thé Noir Russian Earl Grey | Lipton Thé Pêche Mangue 20 Sachets | Lipton Thé Noir Citron notes Fraiches et Légères 25 Sachets,"lipton, pepsico | lipton, unilever | lipton, unilever | lipton, unilever | lipton, unilever"
dairies,FRANCE,danone,taillefine,Danone,top_company_portfolio_matrix_off_brands,current primary brand is parent/company token; portfolio brand appears in OFF brands field,56,Hipro | Taillefine recette au fromage blanc fraise 120 g x 4 | Taillefine recette au fromage blanc peche 120 g x 4 | Taillefine recette au fromage blanc saveur vanille 120 g x 4 | Taillefine recette au fromage blanc nature 850 g,"danone, taillefine | danone, taillefine, taillefine fromage | danone, taillefine, taillefine fromage | danone, taillefine, taillefine fromage | danone, taillefine, taillefine fromage"
beverages,UK_IE,coca cola,coca cola,,no_change,no more-specific Top 9 portfolio brand detected,54,Coke cola zero sugar | Thumbs Up (Indian coke) | Coke Zero | Coca cola zero | Coca-cola,coca-cola | coca cola company | coca cola | coca-cola | coca-cola
dairies,FRANCE,danone,danette,Danone,top_company_portfolio_matrix_product_name,current primary brand is parent/company token; portfolio brand appears in product name,52,danette | Danette caramel salé | Danette Saveur Pistache | Danette - Caramel | Danette 12+4 pots,danone | danone | danone | danone | danone
snacks,UK_IE,nestle,nestle,,no_change,no more-specific Top 9 portfolio brand detected,50,fruit pastilles | Zebra Dark&White | Counters | Animal bar,nestlé | nestlé | nestle | nestle | nestle
snacks,US_CANADA,kraft,kraft,,no_change,no more-specific Top 9 portfolio brand detected,49,"cookies, honey | Colby Jack Cheese, Dark Chocolate Chunks, Banana Chips Snack Trios, Colby Jack, Dark Chocolate, Banana | Snack Trios Extra Sharp White Cheddar Cheese, Dark Chocolate Chunks, Dried Cranberries, White Cheddar, Dark Chocolate | Monterey Jack Cheese, Dried Cinnamon Apples, Granola Clusters Trios Snack, Monterey Jack Cheese, Dried Cinnamon Apples, Granola Clusters | Snack Mix, Sharp Yellow Cheddar Cheese, Dark Chocolate Chunks, Dried Cherries","kraft foods inc.,nabisco,monsanto company | kraft | kraft | kraft | kraft"
dairies,FRANCE,actimel,actimel,,no_change,no more-specific Top 9 portfolio brand detected,48,Actimel + (10 Bouteilles + 2 Gratuites) | Actimel + (0 % MG) 10 Bouteilles + 2 Gratuites | Lait fermenté à boire sucré | Actimel nature | Actimel goût multifruits,"actimel, danone | actimel, danone | actimel, danone | actimel, danone | actimel, danone"
snacks,FRANCE,milka,milka,,no_change,no more-specific Top 9 portfolio brand detected,47,Milka - Noisette Entières - Maxi Format | Saint Nicolas Chocolat au Lait | Choco Cookie Raisins Pieguski | Tablette de chocolat | Sensations cookies Oreo cream,"milka, mondelez | milka, mondelez | milka,mondelez | milka, mondelez | milka,mondelez"
,FRANCE,nestle,nestle,,no_change,no more-specific Top 9 portfolio brand detected,44,Nat miel & Amandes | Nat miel & amandes | Caro Céréales et Chicorée | P'tite Céréale Caramel | Clusters,nestlé | nestlé | nestlé | nestlé | nestlé
dairies,FRANCE|SOUTHERN_EUROPE,danone,danone,,no_change,no more-specific Top 9 portfolio brand detected,43,Le Yoghourt Nature | Iogurte | I love Corpos | Danone | Yaourt,danone | danone | danone | danone | danone
beverages,FRANCE|DACH,coca cola,coca cola,,no_change,no more-specific Top 9 portfolio brand detected,42,Original COCA-COLA | Big Apple | Coca cola originale taste | mezzo mix,coca cola | coca-cola | coca-cola | coca-cola | coca-cola company
dairies,FRANCE,danone,light and free,,top_company_portfolio_matrix_off_brands,current primary brand is parent/company token; another OFF brand token needs brand-level review,40,Light and free pêche | Light and Free | Light & free fraise | Light & Free Myrtille | Danone 0% rouges,"danone, light & free | danone, light & free | danone,light & free | danone,light & free | danone,light & free"
snacks,FRANCE,nestle,perugina,,top_company_portfolio_matrix_off_brands,current primary brand is parent/company token; another OFF brand token needs brand-level review,40,mini oeufs en chocolat fourrés aux noisettes | Perugina Baci Tubo GR. 100 | Baci Perugina Chocolates Hazelnut | Pralinen Mit Haselnussfüllung - Baci Con Nocciola | Perugina Baci Maxi Cuore Elegance GR. 129,"nestlé, perugina, baci | nestlé, perugina | nestlé, perugina | nestlé, perugina | nestlé, perugina"
snacks,FRANCE,cote dor,cote dor,,no_change,no more-specific Top 9 portfolio brand detected,38,Biscuit Intense Chocolat Noir | Lait Raisins Noisettes | Côte d'Or Lait Noisettes Entières | Mini Sensation Intense 70% | Mini roc lait,"côte d'or, kraft foods | côte d'or, kraft foods | côte d'or, mondelez international | côte d'or, mondelez | côte d'or,mondelez"
dairies,FRANCE,danone,hipro,Danone,top_company_portfolio_matrix_product_name,current primary brand is parent/company token; portfolio brand appears in product name,38,HiPRO saveur Mangue | Hipro | HiPRO Crème dessert saveur Caramel | Hipro Creme dessert vanille | HiPRO vanille,danone | danone | danone | danone | danone
snacks,FRANCE|SOUTHERN_EUROPE,nestle,nestle,,no_change,no more-specific Top 9 portfolio brand detected,38,Golden grahams céréales et lait | Kit Kat | Kit kat chunky | Kit Kat Orange 2 Finger 20.7G | chocolate Abuelita tableta,nestlé | nestlé | nestlé | nestlé | nestlé
snacks,FRANCE,mondelez,mondelez,,no_change,no more-specific Top 9 portfolio brand detected,38,rem | Chewing-gums | Galettes Saint Sauveur Collection LU | Goûters REM Parfum chocolat | Feuilleté doré Collection LU,mondelez international | mondelez | mondelez | mondelez | mondelez
dairies,US_CANADA,nestle,nestle,,no_change,no more-specific Top 9 portfolio brand detected,38,Fortificada Dry Whole Milk | Nestle Klim Dry whole milk with vitamins and minerals | Media crema | La lecherita | Sweetened condensed milk,nestlé | nestle | nestle | nestlé | nestlé
beverages,FRANCE,nestle,nescafe,Nestlé,top_company_portfolio_matrix_off_brands,current primary brand is parent/company token; portfolio brand appears in OFF brands field,37,"Café soluble | NESCAFE SELECTION Décaféiné Dose Individuelle de 2g | NESCAFE Café Viennois, Café soluble, Boîte de 8 sticks (18g chacun) | Espresso - Original, 100% arabica | NESCAFÉ SPECIAL FILTRE Décaféiné, Café Soluble, Flacon de 200g","nestlé, nescafé | nestlé, nescafe, selection | nestlé, cafe viennois, nescafé, nutritional compass | nestlé, nescafé | nestlé, nescafé, special filtre, special filtre decaf"
snacks,FRANCE,nestle,smarties,Nestlé,top_company_portfolio_matrix_product_name,current primary brand is parent/company token; portfolio brand appears in product name,36,Smarties | Glace smarties | Nestle Smarties Minis | Smarties | Smarties,nestlé | nestlé | nestlé | nestlé | nestlé
dairies,BENELUX|FRANCE,danone,danone,,no_change,no more-specific Top 9 portfolio brand detected,35,"Gervais Au Fruits, Pack De 2 Fois 6 Pots De 50 Grammes, Marque Danone | Gervita | Fjord | Bifidus saveur Citron | Vitalinea break fraise 2X145G",danone | danone | danone | danone | danone
beverages,FRANCE,starbucks,starbucks,,no_change,no more-specific Top 9 portfolio brand detected,35,Sirop Caramel | Caffè latte | Frappuccino | Matcha Green Tea | Signature Chocolate,starbucks | starbucks | starbucks | starbucks | starbucks
snacks,FRANCE,hersheys,hersheys,,no_change,no more-specific Top 9 portfolio brand detected,34,"Hershey's | Cookies n creme candy bar | Hershey's Holiday Candy Cane Bar, 3.5 Oz | cookies'n'creme candy | Reese's Pieces 113G",hershey's | hershey's | hershey's | hershey's | hershey's
dairies,FRANCE,danone,danonino,Danone,top_company_portfolio_matrix_product_name,current primary brand is parent/company token; portfolio brand appears in product name,34,Danonino | Danonino bio | Danonino de Gervais aux fruits | Danonino à Boire | Danonino vanille,danone | danone | danone | danone | danone
dairies,FRANCE|SOUTHERN_EUROPE,nestle,nestle,,no_change,no more-specific Top 9 portfolio brand detected,31,Ilovekefir | Fruttolo | fruttolo | Liberals pro morango | kefir sabor tropical,nestlé | nestlé | nestlé | nestlé | nestlé
snacks,FRANCE,nestle,smarties,Nestlé,top_company_portfolio_matrix_off_brands,current primary brand is parent/company token; portfolio brand appears in OFF brands field,29,"Smarties | SMARTIES Chocolat blanc Sachet 250g | Bonbons de chocolat au lait SMARTIES mini Carton de 11,5kg | SMARTIES Hexatube Multipack 3x34g | SMARTIES Hexa Multipack 6x34g","nestlé,smarties | nestlé, smarties | nestlé, smarties | nestlé, smarties | nestlé, smarties"
beverages,US_CANADA,nestle,nestle,,no_change,no more-specific Top 9 portfolio brand detected,28,"Purified drinking water | abuelita | 7 essential vitamins & minerals | Kinder 1+ with prebio1 powdered milk beverage | Chocolate flavor milk powder, chocolate",nestle | nestlé | nestlé | nestlé | nestlé
snacks,FRANCE,nestle,lanvin,,top_company_portfolio_matrix_off_brands,current primary brand is parent/company token; another OFF brand token needs brand-level review,28,L'escargot lait | Arabesques exquises | Escargots | L'Escargot Noir | L'Escargot Lait,"nestlé, lanvin | nestlé, lanvin | nestlé, lanvin | nestlé, lanvin | nestlé, lanvin"
dairies,FRANCE,danone,activia,Danone,top_company_portfolio_matrix_product_name,current primary brand is parent/company token; portfolio brand appears in product name,26,Activia bifidus nature 125 g x 8 | Activia | Activia saveur fruits rouges | Activia abricot | Activia au bifidus nature,danone | danone | danone | danone | danone
beverages,US_CANADA,diet pepsi,diet pepsi,,no_change,no more-specific Top 9 portfolio brand detected,25,"Caffeine Free Diet Cola | Caffeine Free Diet Cola, Caffeine Free | Diet Cola | Diet Cola | Caffeine Free Diet Cola",diet pepsi | diet pepsi | diet pepsi | diet pepsi | diet pepsi
beverages,FRANCE|SOUTHERN_EUROPE,coca cola,coca cola,,no_change,no more-specific Top 9 portfolio brand detected,25,Coca-Cola Original | Coca Cola | Coca-Cola original taste1.75 | Coca-Cola,"coca-cola | coca cola | coca-cola | coca cola, coca-cola | coca-cola"
dairies,FRANCE,nestle,sveltesse,,top_company_portfolio_matrix_off_brands,current primary brand is parent/company token; another OFF brand token needs brand-level review,24,"Ferme et fondant Pistache | Ferme et fondant sveltesse café | Sveltesse Ferme & Fondant saveur mangue-Passion | Sveltesse Ferme et Fondant, saveur Crème Brûlée | Ferme et Fondant, Chocolat","nestlé, sveltesse | nestlé, sveltesse | nestlé, sveltesse | nestlé, sveltesse | nestlé, sveltesse"
dairies,US_CANADA,starbucks,starbucks,,no_change,no more-specific Top 9 portfolio brand detected,24,Caramel Macchiato Creamer | ESPRESSO AND CREAM PREMIUM ESPRESSO BEVERAGE | Mocha Frappuccino chilled coffee drink | Birthday cake pop | Pumpkin Spice Latte Creamer,starbucks | starbucks | starbucks | starbucks | starbucks
snacks,US_CANADA,nestle,nestle,,no_change,no more-specific Top 9 portfolio brand detected,24,California raisins covered in chocolate | Candy theater box | Milk chocolate with peanuts & raisins | Candy | Bunches of crunchy milk chocolate,nestle | nestlé | nestlé | nestle | nestle
snacks,FRANCE,bledina,bledina,,no_change,no more-specific Top 9 portfolio brand detected,23,Cocktail de fruits | BLEDINA Mon 1er petit pot Poires 2x130g Dès 4/6 mois | Blédi'fruit Harmonie de fruits | BLEDINA POTS FRUITS Mon 1er Petit Pot Pommes 2x130g Dès 4/6 Mois | BLEDINA POTS FRUITS Pommes Bananes 4x130g Dès 4/6 Mois,"blédina, danone | blédina, danone, mon 1er petit pot | blédina, danone | blédina, danone, mon 1er petit pot, pots fruits | blédina, danone, pots fruits"
dairies,FRANCE,danone,taillefine,Danone,top_company_portfolio_matrix_product_name,current primary brand is parent/company token; portfolio brand appears in product name,23,"Taillefine Fondant à la vanille | Fromage blanc Taillefine noix de coco | Taillefine Coco 0% | Taillefine fondants Chocolat de Tanzanie (0,9% M.G) | Taillefine aux Fruits Abricot - Pêche",danone | danone | danone | danone | danone
snacks,FRANCE,nestle,kitkat,Nestlé,top_company_portfolio_matrix_product_name,current primary brand is parent/company token; portfolio brand appears in product name,23,KitKat ball | Kitkat au matcha | KitKat CHUNKY | KitKat Chunky Peanut Butter | KitKat Chunky with milk,nestlé | nestlé | nestlé | nestlé | nestlé
beverages,FRANCE,nestle,nesquik,Nestlé,top_company_portfolio_matrix_off_brands,current primary brand is parent/company token; portfolio brand appears in OFF brands field,22,"Code-barres inexistant et/ou fiche incomplète, obsolète ou en doublon | Nesquik gourmand | Nesquik | nesquik | Mon Premier Nesquik","nestlé, nesquik | nestlé, nesquik | nestlé, nesquik | nestlé, nesquik | nestlé, nesquik"
snacks,FRANCE|US_CANADA,nestle,nestle,,no_change,no more-specific Top 9 portfolio brand detected,22,Bars | Milk chocolate | Fudge bar in milk chocolate | Crunch Creamy Milk Chocolate with Crisped Rice | California raisins covered in chocolate,nestlé | nestlé | nestlé | nestle | nestlé
cereals,UK_IE,nestle,nestle,,no_change,no more-specific Top 9 portfolio brand detected,22,Shredded Wheat | Shredded Wheat Bitesize | CLUSTERS Cereal Box | Nestle 50% Extra 565G Cookie Crisp | CEREVITA,nestle | nestlé | nestle | nestlé | nestlé
snacks,FRANCE|DACH,milka,milka,,no_change,no more-specific Top 9 portfolio brand detected,22,Oreo | Alles Gute Pralinen | Milka Schmunzelhase Weiße Schokolade | Milka Weihnachtsmischung | Apple Crumble,"milka, mondelez | milka,mondelez | milka,mondelez | milka,mondelez | milka, mondelez deutschland gmbh"
,FRANCE,nestle,chocapic,Nestlé,top_company_portfolio_matrix_off_brands,current primary brand is parent/company token; portfolio brand appears in OFF brands field,22,chocapic sans huile palme | Chocapic | Chocapic crunchy muesly | Chocapic Maxi Format | Chocapic,"nestlé, chocapic | nestlé, chocapic | nestlé, chocapic | nestlé, chocapic, general mills | nestlé, chocapic"
dairies,FRANCE,danone,gervais,,top_company_portfolio_matrix_off_brands,current primary brand is parent/company token; another OFF brand token needs brand-level review,22,"Le petit suisse | Gervais le petit suisse | Gervais Fraise, Abricot Framboise | Gervais maxi | Gervais (Saveurs : Fraise, Banane, Pêche, Framboise, Abricot) 18 Pots","danone, gervais | danone, gervais | danone, gervais | danone, gervais | danone, gervais"
beverages,UK_IE,san pellegrino,san pellegrino,,no_change,no more-specific Top 9 portfolio brand detected,21,Sanpellegrino Limonata | Tonica | Aranciata | San Pellegrino Limonata,"san pellegrino, nestlé | san pellegrino, nestlé | san pellegrino, nestlé | san pellegrino, nestlé | san pellegrino, nestlé"
,FRANCE,nestle,maggi,Nestlé,top_company_portfolio_matrix_off_brands,current primary brand is parent/company token; portfolio brand appears in OFF brands field,21,Mousline | Mousline Tendresse de Lait | Tendresse de Lait | Nouilles instantané asiatiques saveur poulet | Nouilles Asiatiques Saveur Boeuf - 60 g - Maggi,"nestlé, maggi, mousline | nestlé, maggi, mousline, tendresse de lait | nestlé, maggi, mousline, tendresse de lait | nestlé, maggi | nestlé, maggi"
dairies,UK_IE,danone,danone,,no_change,no more-specific Top 9 portfolio brand detected,21,Активиа киноа и лешници | GetPRO Banana Yoghurt | Light & Free delicious Strawberry Greek Style Yoghurt | Light & Free Greek Style Yogurt Raspberry Razzle | Oykos Raspberry Greek Style Yogurt,danone | danone | danone | danone | danone
dairies,US_CANADA,nestle,coffee mate,Nestlé,top_company_portfolio_matrix_product_name,current primary brand is parent/company token; portfolio brand appears in product name,21,Coffee Mate Chocolate Creme | Nestle Coffee Mate French Vanilla concentrated creamer | Original Coffee Mate | Coffee mate Zero Sugar Birthday Cake | Hazelnut Coffee mate,nestle | nestlé | nestle | nestlé | nestlé
dairies,FRANCE,starbucks,starbucks,,no_change,no more-specific Top 9 portfolio brand detected,20,Lait d'avoine | Coconut drink | Caffe latte | MACCHIATO NOISETTTE | Vegan Stracciatella,starbucks | starbucks | starbucks | starbucks | starbucks
snacks,BENELUX|FRANCE,cote dor,cote dor,,no_change,no more-specific Top 9 portfolio brand detected,20,Carrés Noir Noisette | Côte d'Or lait Noisettes | Lait Coco | Bar de chocolat noir noisettes entières | Chocolat Lait Noisettes,"côte d'or, mondelez, mondelez international | cote d'or, kraft foods, mondelez | côte d'or, mondelez | côte d'or, mondelez | côte d'or, mondelez"
dairies,US_CANADA,danone,danone,,no_change,no more-specific Top 9 portfolio brand detected,20,Sweet and Creamy Almondmilk Creamer | Yaourt aromatisé | Skyr | Dairy Drink | Dairy Snack,danone | danone | danone | danone | danone
beverages,UK_IE,starbucks,starbucks,,no_change,no more-specific Top 9 portfolio brand detected,19,Chai | Ginger shot | Raspberry Lemonade | Frappuccino vanille | Oat based vanilla macchiato,starbucks | starbucks | starbucks | starbucks | starbucks
cereals,FRANCE,nestle,nestle,,no_change,no more-specific Top 9 portfolio brand detected,19,crunch | chokella | Nestle Koko Crunch 150 | Honey stars เดี่ยว | Cookie Crisp,nestlé | nestlé | nestlé | nestlé | nestlé
dairies,FRANCE,danone,les 2 vaches,,top_company_portfolio_matrix_off_brands,current primary brand is parent/company token; another OFF brand token needs brand-level review,19,"Douceur laitière, Fameuh Nature | Fameuh Marron | Les p'tites pailles Vanille | Les p'tites Pailles (3 x Fraise, 3 x Pêche) | Myrtille Délicieuse","danone, les 2 vaches, stonyfield france | danone, les 2 vaches, stonyfield france | danone, les 2 vaches | danone, les 2 vaches, stonyfield france | danone, les 2 vaches, stonyfield france"
dairies,FRANCE,danio,danio,,no_change,no more-specific Top 9 portfolio brand detected,19,"Danio fraise | Danio Myrtille | Danio Pêche (2,4 % MG) | Danio 0% mg passion 150 g x 1 | Danio - Spécialité laitière sur lit de framboises sucré","danio, danone | danio, danone | danio, danone | danio, danio 0%, danone | danio, danone"
beverages,FRANCE|DACH,nestle,san pellegrino,Nestlé,top_company_portfolio_matrix_off_brands,current primary brand is parent/company token; portfolio brand appears in OFF brands field,18,S. Pellegrino Mineralwasser | San Pellegrino | Eau minérale gazeuse | S. Pellegrino | Acqua Panna,"nestlé, san pellegrino | nestlé, san pellegrino | nestlé, san pellegrino | nestlé, san pellegrino | nestlé, acqua panna, san pellegrino"
dairies,FRANCE,danone,actimel,Danone,top_company_portfolio_matrix_product_name,current primary brand is parent/company token; portfolio brand appears in product name,18,Actimel | Actimel Fraise offre Anniversaire | Actimel 0% Allégé en Sucres | Actimel | Actimel,danone | danone | danone | danone | danone
snacks,US_CANADA,mondelez,mondelez,,no_change,no more-specific Top 9 portfolio brand detected,18,"Honey maid graham crackers | Mini chocolate chip cookies go-pak imp | Crackers 'n cheese dip | Peanut butter cracker sandwiches, peanut butter | Sandwich cookies",mondelez | mondelez | mondelez | mondelez | mondelez
dairies,US_CANADA,nestle,coffee mate,,top_company_portfolio_matrix_off_brands,current primary brand is parent/company token; another OFF brand token needs brand-level review,18,Butterbeer Cold Foam Creamer | Italian Sweet Creme | natural bliss ALMOND CREAMER | Italian Sweet Crème | Café Mocha,nestlé coffee mate | nestlé coffee mate | nestlé coffee mate | nestlé coffee mate | nestlé coffee mate
snacks,FRANCE,kraft,kraft,,no_change,no more-specific Top 9 portfolio brand detected,18,LU La Paille d'Or aux Framboises | Dinosaurus Chocolat | Pépito pockitos chocolat noir | Pépito Chocolat au lait | Edition Spéciale LU,"kraft foods, lu | kraft foods, lu | kraft foods, lu | kraft foods, lu | kraft foods, lu"
dairies,FRANCE|DACH,nestle,nestle,,no_change,no more-specific Top 9 portfolio brand detected,18,yaourt a la grecque | Maronsui's - Mousse à la crème de marrons | Yaos coco | Le Viennois | Yaos Yaourt à la Grecque Nature,nestlé | nestlé | nestlé | nestlé | nestlé
beverages,FRANCE,nestle,nesquik,Nestlé,top_company_portfolio_matrix_product_name,current primary brand is parent/company token; portfolio brand appears in product name,18,Nesquik | Kakao Nestle Rozpuszczalne Nesquik 400G | Nesquik | Nesquik | Nesquik 200-Nestle,nestlé | nestlé | nestle | nestle | nestlé
beverages,FRANCE|SOUTHERN_EUROPE,nestle,san pellegrino,Nestlé,top_company_portfolio_matrix_off_brands,current primary brand is parent/company token; portfolio brand appears in OFF brands field,17,Acqua San Pellegrino | San Pellegrino 500ml Mineral Water | NATURALMENTE FUORI DAL CORO DAL 1932 SANPELLEGRINO | Sanpellegrino Arancia e Pera | SANPELLEGRINO Bois pétil au jus d'orange et de figue de Barbarie 33cl,"nestlé, san pellegrino | nestlé, san pellegrino | nestlé, san pellegrino | nestlé, san pellegrino | nestlé, san pellegrino"
dairies,FRANCE,danone,danonino,Danone,top_company_portfolio_matrix_off_brands,current primary brand is parent/company token; portfolio brand appears in OFF brands field,17,Danonino | Danonino gourde fraise banane 70 g x 4 | Danonino aux fruits fraise framboise abricot 100 g x 6 | Danoino aux fruits fraise framboise abricot 50 g x 6 | Danonino aux fruits panache 50 g x 24,"danone, danonino | danone, danonino, danonino pouch | danone, danonino, danonino fruits | danone, danonino, danonino fruits | danone, danonino, danonino fruits"
beverages,FRANCE,elephant,elephant,,no_change,no more-specific Top 9 portfolio brand detected,17,"Relaxation & Anti-Stress - feuilles d'oranger, camomille, vanille | Elephant Infusion Fruits Rouges 20 Sachets | Elephant Infusions Coffret Bien-Etre 60 Sachets | Mon Infusion Bio Rêves | Infusion Mandarine Groseille","eléphant, unilever | elephant, unilever | elephant, unilever | elephant, unilever | elephant, unilever"
dairies,FRANCE|US_CANADA,danone,danone,,no_change,no more-specific Top 9 portfolio brand detected,17,Yopro | Danone light and free | Yaourt Le Nature | Skyr | Light and Free,danone | danone | danone | danone | danone
snacks,FRANCE|DACH,nestle,cailler,Nestlé,top_company_portfolio_matrix_off_brands,current primary brand is parent/company token; portfolio brand appears in OFF brands field,17,Cailler Napolitain | Chocolat au lait aux noisettes entières | CRÉMANT 400g MEGA FORMAT | Dessert chocolat au lait et praliné gianduja | Frigor Lait,"nestlé, cailler | nestlé, cailler | nestlé, cailler | nestlé, cailler | nestlé, cailler"
dairies,FRANCE,la laitiere,la laitiere,,no_change,no more-specific Top 9 portfolio brand detected,16,Douceur de yaourt | Douceur de yahourt | Le yaourt sucre de Canne de la Réunion | Frais et Fondant vanille de Madagascar 4 x 115 g | Secret de Mousse Vanille coulis de caramel,"la laitière,nestlé | la laitière,nestlé | la laitière,nestlé | la laitière,nestlé | la laitière,nestlé"
snacks,FRANCE,nestle,galak,,top_company_portfolio_matrix_off_brands,current primary brand is parent/company token; another OFF brand token needs brand-level review,16,GALAK Chocolat Blanc | GALAK Chocolat Blanc Tablette 2x100g | Galak | Galak - Spéculoos | Galak - Biscuits,"nestlé, galak | nestlé, galak | nestlé, galak | nestlé, galak | nestlé, galak"
snacks,FRANCE|UK_IE,nestle,nestle,,no_change,no more-specific Top 9 portfolio brand detected,16,Kit Kat chunky duo | Polo | Polo Mint Sugarfree 34g | Rowntrees Fruit Pastilles Tube | Yorkie,nestlé | nestlé | nestlé | nestlé | nestlé
beverages,BENELUX|FRANCE,coca cola,coca cola,,no_change,no more-specific Top 9 portfolio brand detected,16,Cola Regular - Coca-cola - 1.5 Liters | Coca-Cola Collector 2013 | Coca-Cola | Coca Cola zéro,coca-cola | coca-cola | coca cola | coca-cola | coca-cola
snacks,FRANCE|DACH,nestle,nestle,,no_change,no more-specific Top 9 portfolio brand detected,16,"Code-barres inexistant et/ou fiche incomplète, obsolète ou en doublon | After Eight | Chocolat au lait des Alpes Suisses",nestle | nestlé | nestlé | nestlé | nestlé
beverages,US_CANADA,starbucks,coffee company,,top_company_portfolio_matrix_off_brands,current primary brand is parent/company token; another OFF brand token needs brand-level review,16,Via ready brew pumpkin spice single serve packets | Instant latte coffee beverage | Specialty coffee beverage | Coffee beverage caramel latte | Specialty coffee beverage,"starbucks, starbucks coffee company | starbucks, starbucks coffee company | starbucks, starbucks coffee company | starbucks, starbucks coffee company | starbucks, starbucks coffee company"
,FRANCE,bledina,bledina,,no_change,no more-specific Top 9 portfolio brand detected,16,Blédine vanille | Blédine Cacao | Blédine croissance saveur choco-biscuitée - Dès 12 mois | Blediner - Mon repas complet du soir aux courgettes | Ma 1ère Blédine Céréales pour bébés RIZ saveur VANILLE,"blédina, blédine, danone | blédina, blédine, danone | blédina, blédine, danone | blédina, blédîner, danone | blédina, danone"
dairies,FRANCE,kraft,kraft,,no_change,no more-specific Top 9 portfolio brand detected,15,Kraft Italian five cheese | White American | cheddar cheese | Kraft cheese Original slices | Cheddar cheese,kraft | kraft | kraft | kraft | kraft
snacks,FRANCE,kraft,milka,Mondelez,top_company_portfolio_matrix_off_brands,known portfolio brand appears in OFF brands field,15,Chocolat au lait du Pays Alpin | Chocolat Noisettes entières | Oeufs de Pâques Tendre au lait Milka | Chocolat au lait du Pays Alpin | Chocolat Noisettes entières (Lot de 2),"kraft foods, milka | kraft foods, milka | kraft foods, milka | kraft foods, milka | kraft foods, milka"
beverages,BENELUX|FRANCE,nestle,san pellegrino,Nestlé,top_company_portfolio_matrix_off_brands,current primary brand is parent/company token; portfolio brand appears in OFF brands field,15,San Bitter Aperitif 6 x | Eau gazeuse | Chinotto Original En Bouteille x6 | Melograno et Arancia | San Pellegrino pamplemousse,"nestlé, san pellegrino | nestlé,san pellegrino | nestlé, san pellegrino | nestlé, san pellegrino | nestlé, san pellegrino"
beverages,FRANCE|DACH,nestle,nescafe,Nestlé,top_company_portfolio_matrix_off_brands,current primary brand is parent/company token; portfolio brand appears in OFF brands field,15,Eiskaffee | Nescafé Cappuccino Weniger Süß | Nescafé cappucino | Nescafé Gold de Luxe,"nestlé,nescafé,special filtre | nestlé, nescafé | nestlé, nescafe | nestlé, fach, nescafe, fach 2 | nestlé,nescafé"
snacks,FRANCE,nestle,after eight,,top_company_portfolio_matrix_off_brands,current primary brand is parent/company token; another OFF brand token needs brand-level review,15,After Eight Extra dark Mint chocolate thins | After Eight Menthe & Saveur Citron | After Eight Édition Noël Chocolat Noir Cassis | AFTER EIGHT Classique 800g | AFTER EIGHT Calendrier de l'Avent adulte Big Ben 185g,"nestlé, after eight | nestlé, after eight | nestlé, after eight | nestlé, after eight | nestlé, after eight"
dairies,FRANCE,nestle,bebe,,top_company_portfolio_matrix_off_brands,current primary brand is parent/company token; another OFF brand token needs brand-level review,14,Nestlé p'tit gourmand banane cacao | NESTLE P'TIT ONCTUEUX Fromag Blanc Saveur Natur Sucré-4x100gDès6mois | NESTLÉ P'TIT ONCTUEUX au Fromage Blanc Pêche - 4 x 100g - Dès 6 mois | UD PTONCT fromage blanc pom 4x100g | NESTLÉ P'TIT ONCTUEUX au Fromage Blanc Fruits Rouges-4x100g-Dès 6 mois,"nestlé, nestlé bébé | nestlé, nestlé bébé, p'tit onctueux, bébé nestlé | nestlé, nestlé bébé, p'tit onctueux, bébé nestlé | nestlé, nestlé bébé, p'tit onctueux, bébé nestlé | nestlé, nestlé bébé, p'tit onctueux, bébé nestlé"
beverages,FRANCE|DACH,pepsi,pepsi,,no_change,no more-specific Top 9 portfolio brand detected,14,Pepsi | Miranda | Pepsi | Pepsi | Pepsi Max Cherry,"pepsi | pepsi, pepsico | pepsi | pepsi,pepsico | pepsi"
dairies,BENELUX|FRANCE,nestle,nestle,,no_change,no more-specific Top 9 portfolio brand detected,14,Yaos - Yaourt à la Grecque Nature au Lait Entier | Yaos | Kvarg Stracciatella | Le Viennois L'Original | Le Viennois café,nestlé | nestlé | nestlé | nestlé | nestlé
snacks,FRANCE,nestle,crunch,,top_company_portfolio_matrix_off_brands,current primary brand is parent/company token; another OFF brand token needs brand-level review,14,CRUNCH lapin 88g | CRUNCH moulage rennes 88g | CRUNCH œuf géant 175g | CRUNCH Blanc Tablette 2x100g | Crunch,"nestlé, crunch | nestlé, crunch | nestlé, crunch | nestlé, crunch, crunch blanc | nestlé, crunch"
snacks,FRANCE,nestle,lion,Nestlé,top_company_portfolio_matrix_off_brands,current primary brand is parent/company token; portfolio brand appears in OFF brands field,14,Lion | LION Ball 100g | LION Céréales Barres (12x25g) | NESTLE LION Barres de Céréales (8+4)x25g | Lion,"nestlé, lion | nestlé, lion | nestlé, lion | nestlé, lion | nestlé, lion"
cereals,UK_IE,nestle,shreddies,Nestlé,top_company_portfolio_matrix_product_name,current primary brand is parent/company token; portfolio brand appears in product name,14,Shreddies Big Pack | Coco Shreddies | Original Shreddies | The original Shreddies | Shreddies,nestlé | nestle | nestlé | nestlé | nestle
dairies,US_CANADA,danone,the dannon company inc,,top_company_portfolio_matrix_off_brands,current primary brand is parent/company token; another OFF brand token needs brand-level review,14,"Danone, dairy drink, strawberry fresa | Danone, dairy drink, mixed berry | Danone, dairy drink, peach durazno | Danone, dairy drink, coconut, coco | Danone, dairy drink, strawberry banana cereal","danone, the dannon company inc. | danone, the dannon company inc. | danone, the dannon company inc. | danone, the dannon company inc. | danone, the dannon company inc."
snacks,US_CANADA,starbucks,starbucks,,no_change,no more-specific Top 9 portfolio brand detected,14,Cakebites sweet lemon layers cakebites | New york style cheesecake | Croissant | Gum Peppermint | Madeleine Cakes,starbucks | starbucks | starbucks | starbucks | starbucks
snacks,US_CANADA,starbucks,coffee company,,top_company_portfolio_matrix_off_brands,current primary brand is parent/company token; another OFF brand token needs brand-level review,14,"Starbucks, peppermint cookie chocolate bites | La Boulange, Famous Shortbread, Vanilla | Starbucks, bar, cranberry bliss | Starbucks, chocolate caramel hearts | Frappuccino, Cookie Straw","starbucks, starbucks coffee company | starbucks coffee company | starbucks, starbucks coffee company | starbucks, starbucks coffee company | starbucks coffee company"
beverages,US_CANADA,tazo,tazo,,no_change,no more-specific Top 9 portfolio brand detected,14,"Chai vanilla caramel latte black tea concentrate, vanilla caramel latte | Chai skinny latte black tea concentrate, skinny latte | Caffeine-free iced passion herbal tea concentrate, iced passion | Iced peachy green tea concentrate, iced peachy green | Black Tea Concentrate, Iced Sangria Black","tazo, starbucks coffee company | tazo, starbucks coffee company | tazo, starbucks coffee company | tazo, starbucks coffee company | tazo, starbucks coffee company"
dairies,BENELUX|FRANCE,activia,activia,,no_change,no more-specific Top 9 portfolio brand detected,14,"Activia Fruits (Fraise, Ananas, Cerise, Mangue, Figue, Abricot) 16 Pots | Activia Fruits (Ananas) | Activa (Nature) 12 Pots | Activia (Nature) 16 Pots | Activia 0% fraise","activia, danone | activia, danone | activia, danone | activia, danone | activia, danone"
snacks,FRANCE,nestle,naturnes,,top_company_portfolio_matrix_off_brands,current primary brand is parent/company token; another OFF brand token needs brand-level review,13,NESTLÉ NATURNES Purée bébé Pommes Coings -4x130g -Dès 4/6 mois | NESTLÉ NATURNES Purée bébé Pommes Pruneaux -4x130g -Dès 4/6 mois | NESTLÉ NATURNES Purée bébé Pommes Bananes -4x130g -Dès 4/6 mois | NESTLÉ NATURNES Purée bébé Pommes Poires -4x130g -Dès 4/6 mois | NESTLÉ NATURNES Purée bébé Fruits du Verger -4x130g -Dès 6 mois,"nestlé, naturnes | nestlé, naturnes | nestlé, naturnes | nestlé, naturnes | nestlé, naturnes"
dairies,BENELUX|FRANCE,nestle,la laitiere,,top_company_portfolio_matrix_off_brands,current primary brand is parent/company token; another OFF brand token needs brand-level review,13,Velours de Crème Caramel | Secret de Mousse Chocolat Noir | Le Yaourt à la pêche 100% naturel | Le Yaourt à la Rhubarbe 100% naturel | Le liégeois au yaourt à la pêche,"nestlé, la laitière | nestlé,la laitière | nestlé la laitière | nestlé, la laitière | nestlé, la laitière"
beverages,FRANCE,coca cola,coca cola light,Coca-Cola,top_company_portfolio_matrix_product_name,current primary brand is parent/company token; portfolio brand appears in product name,13,Coca-Cola light | Coca-Cola light | Coca-Cola Light | Coca-Cola light taste | Coca-Cola light,coca-cola | coca-cola | coca-cola | coca-cola® | coca-cola
snacks,FRANCE,belin,belin,,no_change,no more-specific Top 9 portfolio brand detected,13,Mini Crackers Assortis | Croustilles goût emmental | Croustilles - Cacahuète | Croustilles format familial | Best Of,"belin, danone, lu | belin, mondelez international | belin, kraft foods | belin, kraft foods | belin, mondelez"
snacks,UK_IE,nestle,smarties,Nestlé,top_company_portfolio_matrix_product_name,current primary brand is parent/company token; portfolio brand appears in product name,13,White chocolate smarties | Smarties Easter Bunny | Orange smarties buttons | Smarties Buttons | Smarties mini,nestlé | nestle | nestlé | nestlé | nestlé
beverages,FRANCE,nestle,ricore,,top_company_portfolio_matrix_off_brands,current primary brand is parent/company token; another OFF brand token needs brand-level review,13,"Ricoré | Ricoré Original | Chicorée & Café, RICORÉ® L'Original, Boîte de 20 Sticks (3g chacun) | Chicorée & Café, RICORÉ® L'Original, Recharge de 180g | RICORE Original, Café & Chicorée, Boîte 200g","nestlé, ricoré | nestlé, ricoré | nestlé, ricoré | nestlé, ricore | nestlé, ricore"
dairies,UK_IE,nestle,nestle,,no_change,no more-specific Top 9 portfolio brand detected,13,Lindahls Kvarg | Lindahls Pro Lemon Cheesecake | Lindahls Pro + banoffee pie | 65p Nestle LINDAHLS PROTEIN PUDDING CHOCOLATE BROW | Ski Smooth 2xCherry 2xBlackcurrant,nestlé | nestle | nestle | nestle | nestlé
snacks,FRANCE,nestle,les recettes de latelier bouchees,,top_company_portfolio_matrix_off_brands,current primary brand is parent/company token; another OFF brand token needs brand-level review,12,"NESTLE LES RECETTES DE L'ATELIER Les Bouchées lait 400g | NESTLE LES RECETTES DE L'ATELIER Les Bouchées noir 401g | NESTLE L'ATELIER Lingots Lait Raisins Noisettes 157,5g | NESTLE L'ATELIER LES BOUCHÉES Noir caramel | LES RECETTES DE L'ATELIER Les Bouchées Noir 187g","nestlé, les recettes de l'atelier bouchees | nestlé, les recettes de l'atelier bouchees | nestlé, les recettes de l'atelier bouchees | nestlé, les recettes de l'atelier bouchees | nestlé, les recettes de l'atelier bouchees"
beverages,FRANCE|SOUTHERN_EUROPE,pepsi,pepsi,,no_change,no more-specific Top 9 portfolio brand detected,12,Pepsi Max | Pepsi | Pepsi Max zero a la lima | Pepsi-cola (diet)-330ml-max Zero Aããcar Uef-portugal | Pepsi,pepsi | pepsi | pepsi | pepsi | pepsi
,FRANCE,lays,lays,,no_change,no more-specific Top 9 portfolio brand detected,12,Laus nature | Lay's Recette à l'ancienne nature | Chips nature | Moutarde Pickles | Dégustation Goût & Craquant d'Exception,"lay's, lays, pepsico | lay's, lays, pepsico | lay's, pepsico | lay's, pepsico | lay's, pepsico"
,FRANCE,cruesli,quaker,PepsiCo,top_company_portfolio_matrix_off_brands,known portfolio brand appears in OFF brands field,12,Cruesli au chocolat (Offre Spéciale) | Cruesli chocolat au lait | Cruesli 4 Noix (Format 600 g) | Cruesli chocolat au lait (format familial) | Automne - Hiver - 3 chocolats,"cruesli, pepsico, quaker | cruesli, pepsico, quaker | cruesli, pepsico, quaker | cruesli, pepsico, quaker | cruesli, pepsico, quaker"
snacks,UK_IE,nestle,aero,Nestlé,top_company_portfolio_matrix_product_name,current primary brand is parent/company token; portfolio brand appears in product name,11,Aero Peppermint Chocolate Bar | Aero Chocolate Caramel | Aero | aero mint pouch 92g | Aero Peppermint,nestlé | nestlé | nestlé | nestlé | nestlé
dairies,UK_IE,nestle,munch bunch,,top_company_portfolio_matrix_off_brands,current primary brand is parent/company token; another OFF brand token needs brand-level review,11,Munch Bunch Organic Pouch Strawberry | Munch Bunch Organic Fromage Frais | Munch Bunch Squashums Yogurt Drinks Strawberry | Munch Bunch Fromage Frais Original | Munch Bunch Fromage Frais,"nestle,munch bunch | nestle,munch bunch | nestle,munch bunch,squashums | nestle,munch bunch | nestle,munch bunch"
dairies,FRANCE,danone,danette,Danone,top_company_portfolio_matrix_off_brands,current primary brand is parent/company token; portfolio brand appears in OFF brands field,11,Danette | Danette cafe | Danette chocolat et lait | Danette chocolat et lait | Danette caramel,"danone, danette | danone, danette | danone, danette | danone, danette | danone,danette"
snacks,BENELUX|FRANCE,milka,milka,,no_change,no more-specific Top 9 portfolio brand detected,11,Oeufs en chocolat Lait Praliné Croquant | LT2X100G RIZ MILKA | Milka Eitjes Oreo | Mmmax Cacahuète & Caramel | Sensations Cookies,"milka, mondelez international | milka, mondelez | milka, mondelez | milka,mondelez | milka,mondelez"
beverages,FRANCE|DACH,nestle,nestle,,no_change,no more-specific Top 9 portfolio brand detected,11,"Code-barres inexistant et/ou fiche incomplète, obsolète ou en doublon | Intense mint spécial T | Earl Grey | Special. T Red Romance | SPECIAL.T Thé Noir english breakfast","nestlé, nestlé | nestlé | nestlé | nestlé | nestlé"
,FRANCE,nestle,nesquik,Nestlé,top_company_portfolio_matrix_off_brands,current primary brand is parent/company token; portfolio brand appears in OFF brands field,11,Céréales Nesquik | NESQUIK Céréales Petit Déjeuner 625g + 20% | Nesquik | Nesquik | Nesquik (+15% gratuit),"nestlé, nesquik | nestlé, nesquik | nestlé, nesquik | nestlé, nesquik | nestlé, nesquik"
snacks,FRANCE,nestle,nesquik,Nestlé,top_company_portfolio_matrix_off_brands,current primary brand is parent/company token; portfolio brand appears in OFF brands field,11,"Code-barres inexistant et/ou fiche incomplète, obsolète ou en doublon | nesquick | NESQUIK Barres de Céréales 12x25g | NESQUIK Barres Céréales 25g (8+4 Offertes) | NESTLE NESQUIK Delice Barres de Céréales 6x23g","nestlé,nesquik | nestlé, nesquik | nestlé, general mills, nesquik | nestlé, nesquik | nestlé, nesquik"
snacks,FRANCE,starbucks,starbucks,,no_change,no more-specific Top 9 portfolio brand detected,11,Signature chocolate | Madeleines | Egg toast bacon & cheese | Chocolat au lait | Sucette Chocolat,starbucks | starbucks | starbucks | starbucks | starbucks
snacks,FRANCE,nestle,orion,,top_company_portfolio_matrix_off_brands,current primary brand is parent/company token; another OFF brand token needs brand-level review,11,Margot s kokosem | Lentilky | Hořká | Kočičí jazýčky | Studentská mléčná s chutí višní,"nestlé, orion | nestlé, orion | nestlé, orion | nestlé, orion | nestlé,orion"
snacks,FRANCE|SOUTHERN_EUROPE,nestle,perugina,,top_company_portfolio_matrix_off_brands,current primary brand is parent/company token; another OFF brand token needs brand-level review,11,Baci | Nero Fondente Extra 70% | Fondente extra Arancia | Baci | Bacetti,"nestlé, perugina | nestlé,perugina | nestlé, perugina | nestlé, perugina | nestlé, perugina"
beverages,UK_IE,coca cola,diet coke,Coca-Cola,top_company_portfolio_matrix_product_name,current primary brand is parent/company token; portfolio brand appears in product name,11,Diet Coke | Diet coke | Diet Coke | Diet coke | Diet coke,coca-cola | coca-cola | coca cola | coca-cola | coca-cola
snacks,BENELUX|FRANCE,lu,lu,,no_change,no more-specific Top 9 portfolio brand detected,11,"Palmito L'original | Belvita Petit Déjeuner Chocolat | Bastogne | Cent wafers original | Grany moelleux, fruit des bois","lu, mondelez | lu, mondelez | lu, mondelez | lu, mondelez | lu, mondelez"
dairies,FRANCE,danone,veloute,,top_company_portfolio_matrix_off_brands,current primary brand is parent/company token; another OFF brand token needs brand-level review,10,Danone veloute nature 125 g x 12 | Danone veloute nature 125 g x 16 | Velouté Nature | Velouté Nature | Velouté (Nature),"danone, veloute, veloute nature | danone, veloute, veloute nature | danone,velouté | danone, velouté | danone, velouté"
dairies,FRANCE,nestle,bebe nestle,,top_company_portfolio_matrix_off_brands,current primary brand is parent/company token; another OFF brand token needs brand-level review,10,NESTLE P'TIT GOURMAND Biscuit - 4 x 100g - Dès 6 mois | NESTLE P'TIT GOURMAND Caramel - 4 x 100g - Dès 6 mois | P'tit Gourmand saveur Chocolat blanc | P'tit Brassé mini poire | P'tit brassé mini banane,"nestlé, bébé nestlé, nestlé bébé, p'tit gourmand | nestlé, bébé nestlé, nestlé bébé, p'tit gourmand | nestlé, bébé nestlé, nestlé bébé, p'tit gourmand | nestlé, bébé nestlé, nestlé bébé, p'tit brassé, p'tit brassé mini | nestlé, bébé nestlé, nestlé bébé, p'tit brassé, p'tit brassé mini"
dairies,FRANCE,nestle,ptit brasse,,top_company_portfolio_matrix_off_brands,current primary brand is parent/company token; another OFF brand token needs brand-level review,10,NESTLE P'TIT BRASSE Saveur Nature Sucré - 4 x 100g - Dès 6 mois | NESTLE P'TIT BRASSE BIO Nature 4 x 90g - Dès 6 mois | NESTLE P'TIT BRASSE BIO Pomme Pêche 4 x 90g - Dès 6 mois | NESTLE P'TIT BRASSE BIO Poire Banane 4 x 90g - Dès 6 mois | NESTLE P'TIT BRASSE Nature sans sucre ajouté 4 x 100g,"nestlé, p'tit brassé, bébé nestlé, nestlé bébé | nestlé, p'tit brasse | nestlé, p'tit brasse | nestlé, p'tit brasse | nestlé, p'tit brasse"
dairies,UK_IE,danone,activia,Danone,top_company_portfolio_matrix_off_brands,current primary brand is parent/company token; portfolio brand appears in OFF brands field,10,Activia rhubarbe | Activia Prune | Cereals 4 x (500g) | Rasberry yogurt | Activia Blueberry & Acai,"danone,activia | danone,activia | danone,activia | danone,activia | danone,activia"
snacks,UK_IE,kitkat,kitkat,,no_change,no more-specific Top 9 portfolio brand detected,10,KitKat festive friends | Vegan KitKat | KitKat Chunky Easter Egg | Nestle KitKat Christmas break kitkat | KitKat,"kitkat, nestlé | kitkat, nestlé | kitkat, nestlé | kitkat,nestlé | kitkat, nestlé"
beverages,BENELUX|FRANCE|DACH,coca cola,coca cola,,no_change,no more-specific Top 9 portfolio brand detected,10,Boisson rafraîchissante aux extraits végétaux | Coca Cola | Coca-Cola | PET 50CL COCA COLA ZERO | PET 1.75L COCA,coca-cola | coca-cola | coca-cola | coca-cola | coca-cola
snacks,FRANCE,benenuts,benenuts,,no_change,no more-specific Top 9 portfolio brand detected,10,Cacahuètes grillées à sec | Bénénuts Cacahuètes grillées à sec maxi format | Twinuts goût tomate | Bénénuts Twinuts saveur mexicaine 2 x 150 g +10% offert | Cocktail de Noix Nobles - Grillées et salées,"bénenuts, pepsico | benenuts, pepsico | bénenuts, pepsico | benenuts, pepsico, twinuts | benenuts, pepsico"
snacks,FRANCE|US_CANADA,hersheys,hersheys,,no_change,no more-specific Top 9 portfolio brand detected,10,Peanut butter candy in a crunchy shell | Kisses Milk Chocolate | Special Dark | Big cup peanut butter cup,"hershey's | hershey's, kisses | hershey's | hershey's | hershey's"
,FRANCE,nestle,cerelac,Nestlé,top_company_portfolio_matrix_product_name,current primary brand is parent/company token; portfolio brand appears in product name,10,Cérélac | CERELAC | Cerelac | Cerelac | Cerelac multicereais,nestlé | nestlé | nestlé | nestlé | nestlé
dairies,FRANCE|SOUTHERN_EUROPE,danone,activia,Danone,top_company_portfolio_matrix_product_name,current primary brand is parent/company token; portfolio brand appears in product name,10,Activia | Yaourt Activia | Activia | Activia con Probiotico Bifidus Fibre Avena e Noci | Activia con bífidus naturales (natural),danone | danone | danone | danone | danone
,FRANCE,nestle,fitness,Nestlé,top_company_portfolio_matrix_off_brands,current primary brand is parent/company token; portfolio brand appears in OFF brands field,10,Fitness Croquant d'Avoine - Pépites croustillantes d'avoine au bon goût de miel | Fitness Croquant d'avoine | Fitness nutritious energy CHOCOLATE | Fitness original grains entiers d'avoine complète | Fitness delice,"nestlé, fitness | nestlé, fitness | nestlé, fitness | nestlé, fitness | nestlé, fitness"
snacks,FRANCE,nestle,motta,,top_company_portfolio_matrix_off_brands,current primary brand is parent/company token; another OFF brand token needs brand-level review,10,Il Panettone - Gâteau de Noël Panettone | Gran Soffice | 18 marrons glacés | Il panettone | 21 Marrons glacés,"nestlé, motta | nestlé, motta | nestlé, motta | nestlé, motta | nestlé, motta"
snacks,FRANCE,mondelez,suchard,,top_company_portfolio_matrix_off_brands,current primary brand is parent/company token; another OFF brand token needs brand-level review,10,Cœur Croustillant Chocolat Noir | Édition de Noël - cœur croustillant lait | Cœur Croustillant Lait | Marché de Noël - Cœurs fondants & Croustillants | Marché de Noel Cœurs fondants et croustillants,"mondelez, suchard | mondelez international, suchard | mondelez, suchard | mondelez, suchard | mondelez, suchard"
dairies,FRANCE|SOUTHERN_EUROPE,activia,activia,,no_change,no more-specific Top 9 portfolio brand detected,9,Activia bifidus nature 0% de mg 125 g x 8 | Activia fruits 125 g x 4 abricot | Activia fruits 125 g x 4 mangue | Yaourt | Naturale,"activia,danone | activia,danone | activia, activia yoghurt fruits, danone | activia, danone | activia,danone"
beverages,FRANCE,nestle,nespresso,Nestlé,top_company_portfolio_matrix_off_brands,current primary brand is parent/company token; portfolio brand appears in OFF brands field,9,Barista Chiaro | Nespresso Corto | NESPRESSO livanto | Café | Café,"nestlé, nespresso | nestlé, nespresso | nestlé, nespresso | nestlé, nespresso | nestlé, nespresso"
snacks,FRANCE|SOUTHERN_EUROPE,milka,milka,,no_change,no more-specific Top 9 portfolio brand detected,9,Choco cookies nuts Pieguski | Chocolate con leche | Peanut caramel | Chocolate con leche Oreo,"milka,mondelez | milka,mondelez | milka, mondelez | milka,mondelez | milka,oreo,mondelez"
dairies,FRANCE,danone,danio,Danone,top_company_portfolio_matrix_product_name,current primary brand is parent/company token; portfolio brand appears in product name,9,"Danio nature | Danio Fraise 0% | Mini Danio Pêche | Danio Minis Framboise (2,4% MG) | Danio Kiwi",danone | danone | danone | danone | danone
snacks,US_CANADA,mondelez,sour patch kids,Mondelez,top_company_portfolio_matrix_product_name,current primary brand is parent/company token; portfolio brand appears in product name,9,Sour patch kids candy kids 1x1.8 lb | Sour Patch Kids Big Kid | Sour patch kids | Sour Patch Kids | Sour patch Kids,mondelez | mondelez | mondelez | mondelez | mondelez
dairies,US_CANADA,simply,simply,,no_change,no more-specific Top 9 portfolio brand detected,9,"Cottage Cheese | Low Fat Cottage Cheese | Cottage Cheese | Kraft, Simply Reduced Fat Sour Cream | Kraft, Sour Cream",simply kraft | simply kraft | simply kraft | simply kraft | simply kraft
dairies,UK_IE,danone,activia,Danone,top_company_portfolio_matrix_product_name,current primary brand is parent/company token; portfolio brand appears in product name,9,Activia | Activia Strawberry Yogurt | Activia Rhubarb Yogurt | Activia Cherry Fat Free Yogurt | Activia Peach Yogurt,danone | danone | danone | danone | danone
dairies,BENELUX|FRANCE,danette,danette,,no_change,no more-specific Top 9 portfolio brand detected,9,CROUSTI 3 CHOCO | Danette Saveur Chocolat-Noisette | Danette croustillant 3 choco | Danette pop chocolat et billes soufflees 117 g x 4 | Danette saveur vanille sur lit au caramel,"danette, danone | danette, danone | danette, danone | danette, danette grains de malice, danone | danette, danone"
beverages,FRANCE|US_CANADA,coca cola,coca cola,,no_change,no more-specific Top 9 portfolio brand detected,9,Coca Cola | Coca-Cola | Coca-Cola Original Taste | Coca-Cola Zero Sugar | Coca-Cola Zero Sugar Cola,coca-cola | coca-cola | coca-cola | coca-cola | coca-cola
snacks,FRANCE,hollywood,hollywood,,no_change,no more-specific Top 9 portfolio brand detected,9,Sweet Gum Fraise & Citron Vert | 2Fresh parfum menthe extra-fort | Style parfum Cocktail de Fruits | Green Fresh Sans Sucres | Chew gum,"hollywood, mondelez | hollywood, mondelez | hollywood, mondelez | hollywood, mondelez | hollywood, mondelez"
beverages,BENELUX|FRANCE,coca cola,coca cola light,Coca-Cola,top_company_portfolio_matrix_off_brands,current primary brand is parent/company token; portfolio brand appears in OFF brands field,9,Coca Cola Zero 1.5 | Coca Cola Coke Zero 375Ml | Boisson gazeuse aux extraits végétaux | Coke Light | Coca zero lemon,"coca cola company, coca-cola-light | coca-cola, coca-cola-light | coca cola zero, coca-cola-light | coca-cola, coca-cola-light, the coca-cola company | coca-cola, coca-cola-light"
beverages,BENELUX|FRANCE,lipton,lipton,,no_change,no more-specific Top 9 portfolio brand detected,8,Lipton Thé Vert Citron 25 Sachets | Green Ice Tea Lemon | Tropical Ice Tea | Thé Glacé Pétillant Agrumes | Ice tea Sparkling,"lipton, unilever | lipton, unilever | lipton, unilever | lipton, unilever | lipton, unilever"
cereals,UK_IE,nestle,cheerios,Nestlé,top_company_portfolio_matrix_product_name,current primary brand is parent/company token; portfolio brand appears in product name,8,CHEERIOS Chocolate Cereal Box | Cheerios honey | Honey Cheerios | Cheerios honey | Cheerios multigrain,nestlé | nestle | nestlé | nestlé | nestle
beverages,FRANCE|DACH,danone,volvic,Danone,top_company_portfolio_matrix_off_brands,current primary brand is parent/company token; portfolio brand appears in OFF brands field,8,"Trinkwasser Volvic | Eau minérale | Volvic Touch Rote Früchte 1,5L | Volvic Tee Pfirsich 1,5 L EW | Volvic Tee Pfirsich 75cl PET","danone, société des eaux de volvic, volvic | danone, volvic | danone,touch,volvic | danone,volvic,volvic aro | danone,volvic"
dairies,FRANCE|DACH,danone,danone,,no_change,no more-specific Top 9 portfolio brand detected,8,Skir | Velouté Fruix Framboise | SKYR | Dany Sahne | Danone FruchtZwerge für unterwegs Erdbeer/Banane 70g,danone | danone | danone | danone | danone
dairies,FRANCE|DACH,activia,activia,,no_change,no more-specific Top 9 portfolio brand detected,8,"Activia bifidus cereales 120 g x 4 muesli | Danone ACTIVIA® Erbeere / Pfirsich-Maracuja 115g AFH | Activia® Erdbeere (4×115g = 460g) | Danone ACTIVIA® XXL Winter Edition Hafer, Apfel & Zimt / Leinsamen & getrocknete Pflaume (8 x 115g) = 920g | Danone ACTIVIA® ohne Zuckerzusatz & ohne Süßstoffe, doppelt Früchte Erdbeere, Dattel, Himbeere (4 x 115g) = 460g","activia, activia yoghurt cereals/fibres, danone | activia®, danone | activia®, aktivia, danone, danone activia® | activia®, danone | activia®, danone"
snacks,FRANCE,nestle,lanvin lescargot,,top_company_portfolio_matrix_off_brands,current primary brand is parent/company token; another OFF brand token needs brand-level review,8,LANVIN Mini Escargots TRIO Lait Blanc Noir | LANVIN Escargots EDITION DE NOEL lait pain d'épices 329g | LANVIN l'escargot caramel 164G | LANVIN l'escargot café 164g | LANVIN l'escargot noir 164G,"nestlé, lanvin l'escargot | nestlé, lanvin l'escargot | nestlé, lanvin l'escargot | nestlé, lanvin l'escargot | nestlé, lanvin l'escargot"
snacks,FRANCE,nestle,lion,Nestlé,top_company_portfolio_matrix_product_name,current primary brand is parent/company token; portfolio brand appears in product name,8,Lion mini (+10% gratuit) | Lion | Lion Peanut 2pack | Lion snack size | Barre chocolatée lion,nestlé | nestlé | nestlé | nestlé | nestlé
beverages,FRANCE|US_CANADA,starbucks,starbucks,,no_change,no more-specific Top 9 portfolio brand detected,8,"DOUBLESHOT ENERGY ENERGY COFFEE BEVERAGE | White Chocolate Mocha | Sparkling juice blend | Vanilla honey flavored coffee smoothie with almondmilk, vanilla honey | Vanilla Latte",starbucks | starbucks | starbucks | starbucks | starbucks
snacks,FRANCE,nestle,lescargot,,top_company_portfolio_matrix_off_brands,current primary brand is parent/company token; another OFF brand token needs brand-level review,8,LANVIN Escargots Chocolat Noir mini 140g | Escargot de Lanvin | Lanvin escargot lait cœur praliné amande | Lanvin l'escargot noir | Lanvin l'escargot lait,"nestlé, l'escargot, lanvin | nestlé, l'escargot, lanvin | nestlé, l'escargot, lanvin | nestlé, l'escargot, lanvin | nestlé, l'escargot, lanvin"
beverages,FRANCE,carte noire,carte noire,,no_change,no more-specific Top 9 portfolio brand detected,8,"L'Instant Classic | Arabica exclusif | L'Instant Classic, gout équilibré | Café Arabica N°6 Corsé | N°11 Expresso Intense irrésistible","carte noire, mondelez | carte noire, kraft foods | carte noire, mondelez | carte noire, kraft foods | carte noire, mondelez"
snacks,FRANCE,nestle,quality street,Nestlé,top_company_portfolio_matrix_off_brands,current primary brand is parent/company token; portfolio brand appears in OFF brands field,8,QUALITY STREET | Quality Street Chocolates & Toffees | Quality Street | Chocolat Quality Street | Quality Street,"nestlé, quality street | nestlé,quality street | nestlé, quality street | nestlé, quality street | nestlé, quality street"
,FRANCE,nestle,fitness,Nestlé,top_company_portfolio_matrix_product_name,current primary brand is parent/company token; portfolio brand appears in product name,8,Fitness original | Fitness & fruits | Nestlé - Fitness - Chocolat Blanc | Fitness Delice | Fitness croquant d'avoine,nestlé | nestlé | nestlé | nestlé | nestlé
cereals,FRANCE,nestle,lion,Nestlé,top_company_portfolio_matrix_off_brands,current primary brand is parent/company token; portfolio brand appears in OFF brands field,8,lion | Céréales Lion - Caramel & Chocolat | Lion Caramel et Chocolat (+50% gratuit) | NESTLE LION céréales 675g​ | NESTLE LION Céréales 750g,"nestlé, lion | nestlé, lion | nestlé, lion | nestlé, lion | nestlé, lion"
cereals,FRANCE,nestle,lion,Nestlé,top_company_portfolio_matrix_product_name,current primary brand is parent/company token; portfolio brand appears in product name,8,Céréales lion bio | Lion caramel and chocolate | Lion caramel & chocolate taste | Céréales Lion | Lion cereal with caramel and chocolate,nestlé | nestlé | nestlé | nestlé | nestlé
dairies,FRANCE,nestle,ptit gourmand,,top_company_portfolio_matrix_off_brands,current primary brand is parent/company token; another OFF brand token needs brand-level review,8,NESTLE P'TIT GOURMAND Cacao - 4 x 100g - Dès 6 mois | NESTLÉ P'TIT GOURMAND Semoule au Lait - 4 x 100g - Dès 6 mois | NESTLE P'TIT GOURMAND Crème de Riz au Lait - 4 x 100g - Dès 6 mois | NESTLÉ P'tit GOURMAND BIO saveur Vanille 4x90g | NESTLÉ P'TIT GOURMAND BIO Cacao 4x90g,"nestlé, nestlé p'tit gourmand, p'tit gourmand | nestlé, p'tit gourmand, bébé nestlé, nestlé bébé | nestlé, p'tit gourmand | nestlé, p'tit gourmand | nestlé, p'tit gourmand"
cereals,FRANCE,nestle,fitness,Nestlé,top_company_portfolio_matrix_product_name,current primary brand is parent/company token; portfolio brand appears in product name,8,"Céréales Fitness Nestlé, Blé Complet 375g+75 Gratuit | Fitness | Fitness | Fitness Miel & Almendras | Fitness Dark Chocolate 375gr",nestlé | nestlé | nestlé | nestlé | nestlé
snacks,US_CANADA,heinz,heinz,,no_change,no more-specific Top 9 portfolio brand detected,8,"Hot Dog Relish, Hot Dog | Heinz, Dip & Go!, Jalapeno Yellow Mustard With Pretzels | Heinz, Mustard & Pretzels Dippers | Heinz, Bread & Butter Slices, Mildly Sweet And Spicy, Mildly Sweet And Spicy | Heinz, Premium Kosher Baby Dills, Garlic Dill Taste",heinz | heinz | heinz | heinz | heinz
snacks,BENELUX|FRANCE,nestle,galak,,top_company_portfolio_matrix_off_brands,current primary brand is parent/company token; another OFF brand token needs brand-level review,8,Galak Le chocolat blanc | Bâtons Galak 40G | Blanc-wit | chocolat blanc speculoos | Galak popri,"nestlé, galak | nestlé, galak | nestlé, galak | nestlé, galak | nestlé, galak"
snacks,BENELUX|FRANCE,nestle,nestle,,no_change,no more-specific Top 9 portfolio brand detected,8,"Moelleux la laitière | Galettes de riz Barbecue Paprika | Kit Kat | Nestlé Biscuit | Chocolat noir aux myrtilles confites, noisettes et amandes",nestlé | nestlé | nestlé | nestlé | nestlé
snacks,BENELUX|FRANCE,nestle,les recettes de latelier,,top_company_portfolio_matrix_off_brands,current primary brand is parent/company token; another OFF brand token needs brand-level review,8,"Chocolat au lait Raisins, Amandes & Noisettes | NESTLE L'ATELIER Noir Caramel 115g | NESTLE L'ATELIER Noir Amande 115g | NESTLE L'ATELIER Noir Orange confite 115g | Les recettes de l'atelier","nestlé, les recettes de l'atelier | nestlé, les recettes de l'atelier | nestlé, les recettes de l'atelier | nestlé, les recettes de l'atelier, nestlé dessert | nestlé, les recettes de l'atelier"
dairies,US_CANADA,kraft,kraft singles,Kraft Heinz,top_company_portfolio_matrix_off_brands,known portfolio brand appears in OFF brands field,8,American Cheese Slices | White American Cheese Slices | Skim Milk Sharp Cheddar Cheese Slices | American Cheese Slices | American Cheese Product,kraft singles | kraft singles | kraft singles | kraft singles | kraft singles
,FRANCE,nestle,ptite cereale,,top_company_portfolio_matrix_off_brands,current primary brand is parent/company token; another OFF brand token needs brand-level review,8,NESTLE P'TITE CEREALE Cacao - Boîte 400g- Dès 6 mois | NESTLE P'TITE CEREALE Miel - Boîte 400g - Dès 8 mois | NESTLE P'TITE CEREALE Vanille Boîte 400g - Dès 6 mois | NESTLE P'TITE CEREALE 5 Céréales Vanille 415g | P'TITE CEREALE 5 Céréales - Boîte 415g - De 6 à 36 mois,"nestlé, p'tite cereale | nestlé, p'tite cereale | nestlé p'tite cereale | nestlé, p'tite cereale | nestlé, p'tite cereale"
beverages,FRANCE,nestle,milo,Nestlé,top_company_portfolio_matrix_product_name,current primary brand is parent/company token; portfolio brand appears in product name,8,Choco Milo Free Activgo X 500GR | Nestle Milo powder 520g | NES MILO 200GM | Nestle Milo Drinking Chocolate | MILO ACTIV-GO Softpack,nestlé | nestlé | nestlé | nestlé | nestlé
snacks,FRANCE|DACH,nestle,smarties,Nestlé,top_company_portfolio_matrix_product_name,current primary brand is parent/company token; portfolio brand appears in product name,8,Smarties Family Pack | Smarties mini | Smarties Mini | Bonbons smarties de chocolat au lait dragéïfiés | Chocolat Smarties,nestlé | nestlé | nestlé | nestlé | nestlé
snacks,FRANCE,cadbury,cadbury,,no_change,no more-specific Top 9 portfolio brand detected,8,Stoptou 2 étuis | Astros | Luxury cookies | Cookies Milk & Hazelnut Chunk Sensations | Bournville Fingers,"cadbury, kraft foods | cadbury,mondelez,mondelez international | cadbury, mondelez, mondelez international | cadbury, mondelez | cadbury, mondelez"
snacks,FRANCE,belvita,belvita,,no_change,no more-specific Top 9 portfolio brand detected,8,"Belvita Petit Déjeuner Chocolat & 5 Céréales Complètes, allégé en sucres | Moelleux Petit Déjeuner fruits rouges | Belvita Muesli | Le Moelleux fruits rouges | Belvita petit déjeuner","belvita, kraft foods, lu | belvita, lu, mondelez | belvita,mondelez | belvita, lu, mondelez | belvita, lu, mondelez"
snacks,FRANCE,doritos,doritos,,no_change,no more-specific Top 9 portfolio brand detected,8,Goût Paprika | Doritos Nacho cheese | Doritos Sweet Chili Pepper | Biscuits apéritif chips barbecue Doritos | Doritos cheese,"doritos, pepsico | doritos, pepsico | doritos, pepsico | doritos, pepsico | doritos,pepsico"
,FRANCE,nestle,crunch,,top_company_portfolio_matrix_off_brands,current primary brand is parent/company token; another OFF brand token needs brand-level review,8,Crunch (+50% gratuit) | NESTLE CRUNCH Céréales 450g | NESTLE CRUNCH Céréales Petit Déjeuner 3x450g | Crunch max - Céréales fourrées au bon goût de chocolat | NESTLE CRUNCH Choco-Noisette Céréales 400g,"nestlé, crunch | nestlé, crunch | nestlé, crunch | nestlé, crunch | nestlé, crunch"
beverages,BENELUX|FRANCE,pepsi,pepsi,,no_change,no more-specific Top 9 portfolio brand detected,8,Pepsi Zéro sucres 50 cl | Pepsi Max | Pepsi Max Cool Lemon | Pepsi MAX | Pepsi,"pepsi, pepsi zero | pepsi zero, pepsico | pepsi | pepsi | pepsi"
dairies,FRANCE|DACH,nestle,hirz,,top_company_portfolio_matrix_off_brands,current primary brand is parent/company token; another OFF brand token needs brand-level review,8,"Hirz Framboise Vanille | Yogourt baies des bois | Joghurt mit Luzerner Rhabarber | Hirz Jogurt, Brombeer Vanille 0.1% Fett, Brombeer ... | Hirz Yogourt Pommes Thurgoviennes et Kiwis Vaudois Nestlé","nestlé, hirz | nestlé, hirz | nestlé, hirz | nestlé, hirz | nestlé, hirz"
dairies,FRANCE,bledina,bledina,,no_change,no more-specific Top 9 portfolio brand detected,7,Blédi'Délice chocolat | Les Mini Lactés Fraise | Les mini lactés nature sucré | BLEDINA DESSERTS 4x100g Crème de Riz Dès 8 mois | Les lactés pêche,"blédina, danone | bledina, danone, les mini lactés | blédina, danone, les mini lactés | blédina, danone, les desserts, offre sucree | blédina, danone, les lactés"
cereals,FRANCE,nestle,chocapic,Nestlé,top_company_portfolio_matrix_off_brands,current primary brand is parent/company token; portfolio brand appears in OFF brands field,7,Chocapic Trocitos | Chocapic | Nestle Chocapic | Chocapic Duo | Chocapic,"nestlé, chocapic | nestlé, chocapic | nestlé,chocapic | nestlé, chocapic | nestlé, chocapic"
dairies,BENELUX|FRANCE,danone,hipro,Danone,top_company_portfolio_matrix_product_name,current primary brand is parent/company token; portfolio brand appears in product name,7,Hipro fruit citron | Hipro Myrtille | Yaourt protéiné Hipro Vanille 0%mg - 2x160g | HiPRO Blueberry | HiPRO,danone | danone | danone | danone | danone
snacks,FRANCE,nestle,bebe nestle,,top_company_portfolio_matrix_off_brands,current primary brand is parent/company token; another OFF brand token needs brand-level review,7,P'tite Boisson Pommes Abricots | P'tite Boisson Pommes Framboises | P'tite Boisson pomme peche 4/6 mois | P'tits fruits pommes cassis | P'tits fruits pommes oranges,"nestlé, bébé nestlé, p'tite boisson, nestlé bébé | nestlé, bébé nestlé, nestlé bébé | nestlé, bébé nestlé, nestlé bébé, p'tite boisson | nestlé, bébé nestlé, nestlé bébé, p'tits fruits | nestlé, bébé nestlé, nestlé bébé, p'tits fruits"
snacks,FRANCE,mondelez,oreo,Mondelez,top_company_portfolio_matrix_off_brands,current primary brand is parent/company token; portfolio brand appears in OFF brands field,7,Oreo baby monster original | Oreo Cheesecake Fraise | Biscuiți cu cacao și cremă | Oreo Original | Oreo crispy & thin,"mondelez international, oreo | mondelez, oreo | mondelez,mondelez international,oreo | mondelez,oreo | mondelez, oreo"
snacks,FRANCE,nestle,chocapic,Nestlé,top_company_portfolio_matrix_off_brands,current primary brand is parent/company token; portfolio brand appears in OFF brands field,7,Chocapic Barres | Barre Chocapic | Chocapic | NESTLE CHOCAPIC Barres de Céréales 12x25g | Présentoir Barres CHOCAPIC 25gx24,"nestlé, chocapic | nestlé, chocapic | nestlé, chocapic | nestlé, chocapic | nestlé, chocapic"
dairies,BENELUX|FRANCE,danone,oikos,Danone,top_company_portfolio_matrix_off_brands,current primary brand is parent/company token; portfolio brand appears in OFF brands field,7,Oikos Yaourt à la grecque nature | Oikos Greek Natur | Yaourt à la grecque myrtille | Oikos Saveur Vanille | Oikos Yaourt A La Grecque Pomme Cannelle,"danone, oikos | danone, oikos | danone, oikos | danone, oikos | danone, oikos"
dairies,FRANCE|US_CANADA,nestle,nestle,,no_change,no more-specific Top 9 portfolio brand detected,7,"Nestle vanilla caramel coffee creamer | French vanilla powder coffee creamer | Coffee creamer, hazelnut | Hazelnut coffee creamer, hazelnut | Coffee creamer, french vanilla",nestlé | nestlé | nestlé | nestlé | nestlé
snacks,FRANCE,nestle,grand chocolat,,top_company_portfolio_matrix_off_brands,current primary brand is parent/company token; another OFF brand token needs brand-level review,7,NESTLE LES CARRES Dégustation Lait Caramel Pointe de Sel 200g | Grand Chocolat Éclat Noir aux Éclats de fève de Cacao Noir | NESTLE GRAND CHOCOLAT Chocolat Noir Raisins Amandes Noisettes 200g | NESTLE GRAND CHOCOLAT Chocolat Noir Noisettes Entieres 200g | NESTLE GRAND CHOCOLAT Chocolat au Lait Noisettes Entières 200g,"nestlé, grand chocolat | nestlé, nestlé grand chocolat | nestlé, grand chocolat | nestlé, grand chocolat | nestlé, grand chocolat"
beverages,UK_IE,nestle,nescafe,Nestlé,top_company_portfolio_matrix_product_name,current primary brand is parent/company token; portfolio brand appears in product name,7,Nescafe original coffee | nescafe gold cappuccino unsweetened | Nescafé Gold Oat Latte | Nescafe original 3 in 1 | Nescafé coffee,nestlé | nestlé | nestlé | nestlé | nestlé
snacks,FRANCE|SOUTHERN_EUROPE,fontaneda,fontaneda,,no_change,no more-specific Top 9 portfolio brand detected,7,Lulu el osito de chocolate | Digestive avena | Digestive manzana y avena | Digestive finas de chocolate con leche,"fontaneda,mondelez | fontaneda,mondelez | fontaneda,mondelez | fontaneda,mondelez | fontaneda,mondelez"
snacks,FRANCE|SOUTHERN_EUROPE,nestle,kitkat,Nestlé,top_company_portfolio_matrix_product_name,current primary brand is parent/company token; portfolio brand appears in product name,7,"KITKAT Chunky Peanut Butter Wrapper 42g | KITKAT 4 Fingers Barre au Chocolat au Lait 41,5g, unitaire | KitKat | KITKAT Mini Barre au chocolat au Lait, 200g | KitKat Dark",nestlé | nestlé | nestlé | nestle | nestlé
snacks,FRANCE,mondelez,toblerone,Mondelez,top_company_portfolio_matrix_product_name,current primary brand is parent/company token; portfolio brand appears in product name,7,Toblerone Cheesecake | Toblerone | Toblerone Milk Tiny 25er | Toblerone blanc | Toblerone,mondelez | mondelez | mondelez | mondelez | mondelez
,US_CANADA,nestle,toll house,,top_company_portfolio_matrix_off_brands,current primary brand is parent/company token; another OFF brand token needs brand-level review,7,WHITE CHIP MACADAMIA NUT COOKIE DOUGH | Chocolate Chip Lovers | Pecan Turtle Delight | CHOCOLATE CHIP COOKIE DOUGH | mini chocolate chip cookie dough,nestle toll house | nestlé toll house | nestle toll house | nestle toll house | nestle toll house
dairies,FRANCE|SOUTHERN_EUROPE,danone,actimel,Danone,top_company_portfolio_matrix_product_name,current primary brand is parent/company token; portfolio brand appears in product name,7,actimel 0% | actimel fresa | Actimel desnatado 0% natural | Actimel Natural | Actimel kids fresa-plátano,danone | danone | danone | danone | danone
beverages,US_CANADA,pepsi cola,pepsi cola,,no_change,no more-specific Top 9 portfolio brand detected,7,"Vanilla Real Sugar Cola, Vanilla | Throwback Natural Sugar Cola | Real Sugar Cola | Wild Cherry Real Sugar Cola, Wild Cherry | 7 up",pepsi-cola | pepsi-cola | pepsi-cola | pepsi-cola | pepsi-cola
snacks,FRANCE,nestle,fitness,Nestlé,top_company_portfolio_matrix_product_name,current primary brand is parent/company token; portfolio brand appears in product name,7,Fitness chocolat au lait | Barres Fitness Chocolat Blanc | Barre de céréales Fitness Crunchy Caramel | Fitness Délice - Chocolat Noir | FITNESS Délice barres de céréales chocolat au lait,nestlé | nestlé | nestlé | nestlé | nestlé
beverages,FRANCE,nestle,perrier,Nestlé,top_company_portfolio_matrix_off_brands,current primary brand is parent/company token; portfolio brand appears in OFF brands field,7,"Lemon | Eau De Source Naturelle Gazéifiée, 10 X 250 ML, Citron | PERRIER citron vert | Perrier fines bulles | Perrier","nestlé waters, perrier | nestlé, perrier | nestlé, nestlé waters, perrier | nestlé, nestlé waters, perrier | nestlé, perrier"
beverages,FRANCE|UK_IE,nestle,san pellegrino,Nestlé,top_company_portfolio_matrix_off_brands,current primary brand is parent/company token; portfolio brand appears in OFF brands field,7,"Carbonated Natural Mineral Water (Nestlé, San Pellegrino) | San Pellegrino | Lemon & Mint | San Pellegrino Limonata | San Pellegrino Sparkling Limonata","nestlé, san pellegrino | nestlé, san pellegrino | nestlé, san pellegrino | nestlé, san pellegrino | nestlé, san pellegrino"
beverages,FRANCE,the coca cola company,the coca cola company,,no_change,no more-specific Top 9 portfolio brand detected,7,Coca Cola | Urge With Carbos | [Coca-Cola] Carbonated softdrink with cola taste | 50 CL POWER RED MANGO | Pulpy,the coca-cola company | the coca-cola company | the coca-cola company | the coca-cola company | the coca-cola company
snacks,FRANCE,smarties,smarties,,no_change,no more-specific Top 9 portfolio brand detected,7,Smarties mini eggs | SMARTIES Moulage Père Noel 85g | SMARTIES Lapin 175g | Mini tablette | SMARTIES Bleu edition givrée papier 130g,"smarties, nestlé | smarties, nestlé | smarties, nestlé | smarties nestle | smarties, nestlé"
snacks,FRANCE|DACH,lu,lu,,no_change,no more-specific Top 9 portfolio brand detected,7,Sablés beurré nantais | Lulu La Barquette Framboise | Belvita figues et fibres | Lulu L'Ourson Chocolat | Véritable Petit Beurre,"lu, mondelez international | lu,mondelez | lu, mondelez | lu,mondelez international | lu, mondelez international"
snacks,FRANCE,kitkat,kitkat,,no_change,no more-specific Top 9 portfolio brand detected,7,KitKat Chunky Funky | KITKAT Tablette noisette 99g | KITKAT Lapin 85G | Kitkat œuf géant | KITKAT Mini figurines,"kitkat, nestlé | kitkat nestle | kitkat, nestlé | kitkat, nestlé | kitkat, nestlé"
beverages,FRANCE|SOUTHERN_EUROPE,nestle,nestle,,no_change,no more-specific Top 9 portfolio brand detected,7,Aquarius Naranja | Tofina | NESTLE DESSERT Cacao en Poudre boîte 250g | Aveia e cevana | Orzoro - Orzo e caffè solubile,nestlé | nestle | nestlé | nestlé | nestlé
beverages,FRANCE|UK_IE,coca cola,coca cola,,no_change,no more-specific Top 9 portfolio brand detected,7,Coca-Cola Original Taste | Coca-cola diet (UK) | Coca Cola Cherry Zero Bottle 500ml | Original Taste Cherry | Coca-Cola Zero Sugar Vanilla,coca cola | coca-cola | coca-cola | coca-cola | coca-cola
dairies,FRANCE,danone,delice,,top_company_portfolio_matrix_off_brands,current primary brand is parent/company token; another OFF brand token needs brand-level review,7,Délice Mamzouj | Danup Vanille | Yaourt saveur Fruits Exotiques | brassée goût fraise biscuits | Danup,"danone, délice | danone, délice | danone, delice | danone, delice | danone,délice"
dairies,FRANCE,danone,gervita,,top_company_portfolio_matrix_off_brands,current primary brand is parent/company token; another OFF brand token needs brand-level review,7,Gervita nature 100 g x 8 | Gervita noix de coco | Gervita noix de coco | Gervita nature | Gervita saveur noix de coco 100 g x 4,"danone, gervita, gervita nature | danone, gervita | danone, gervita | danone, gervita | danone, gervita, gervita fruits"
snacks,FRANCE,alsa,alsa,,no_change,no more-specific Top 9 portfolio brand detected,7,Préparation pour gâteau de semoule | Gâteau aux Amandes | Muffins | Flan pâtissier aux oeufs | Moelleux au bon goût Citron,"alsa, unilever | alsa, unilever | alsa, unilever | alsa, unilever | alsa, unilever"
dairies,FRANCE,danone,lait entier,,top_company_portfolio_matrix_off_brands,current primary brand is parent/company token; another OFF brand token needs brand-level review,7,Danone nature lait entier 125 g x 4 afh | Danone lait entier arome vanille 125 g x 8 | Danone lait entier arome nature fleur d'oranger 125 g x 4 | Danone lait entier arome ctron 125 g x 4 | Danone lait entier arome vanille 125 g x 4,"danone, danone lait entier | danone, danone lait entier | danone, danone lait entier | danone, danone lait entier | danone, danone lait entier"
beverages,BENELUX|FRANCE,nestle,nesquik,Nestlé,top_company_portfolio_matrix_off_brands,current primary brand is parent/company token; portfolio brand appears in OFF brands field,7,Nesquik | NESQUIK Gout EXTRA CHOCO Poudre Cacaotée boîte 600g | Nesquik Extra Choco | Nesquik,"nestlé, nesquik | nestlé, nesquik, nesquik extra choco | nestlé, nesquik | nestlé, nesquik | nestlé, nesquik"
beverages,FRANCE,coca cola,fanta,Coca-Cola,top_company_portfolio_matrix_off_brands,current primary brand is parent/company token; portfolio brand appears in OFF brands field,6,fanta | Fanta grape | Fanta Orange | Fanta Shokata | Fanta What The Fanta,"coca-cola company, fanta | coca-cola,coca-cola company,fanta | coca-cola compagny, fanta | coca-cola company, fanta | coca-cola company, fanta"
dairies,FRANCE|DACH,actimel,actimel,,no_change,no more-specific Top 9 portfolio brand detected,6,Actimel gout multifruit | Danone Actimel® 100% Pflanzlich Classic 6 x 100g = 600g | Danone Actimel® Classic 14 x 100g | Danone Actimel® VANILLE 6X100G | Actimel Yuzu bombig,"actimel,danone | actimel®, danone | actimel®, danone | actimel®, danone | actimel, danone"
dairies,UK_IE,starbucks,starbucks,,no_change,no more-specific Top 9 portfolio brand detected,6,Fairtrade Frappuccino Coffee Drink Caramel Flavour | DoubleShot Espresso | Starbucks cafe latte chilled coffee | Dark chocolate mocha flavour chilled coffee | Protein Drink,starbucks | starbucks | starbucks | starbucks | starbucks
snacks,FRANCE|NORDICS,marabou,marabou,,no_change,no more-specific Top 9 portfolio brand detected,6,Japp | Paradis Choklad | Mjölkchoklad Oreo Marabou | Marabou Kex | Marabou Co-Co,"marabou, mondelez | marabou, mondelez | marabou, mondelez, oreo | marabou, mondelez | marabou, mondelez"
dairies,UK_IE,danone,actimel,Danone,top_company_portfolio_matrix_product_name,current primary brand is parent/company token; portfolio brand appears in product name,6,Actimel Immune Support | 0% added sugar 0% fat strawberry Actimel | Actimel Blueberry | Actimel Immune Support | Actimel 100% Dairy Free Mango,danone | danone | danone | danone | danone
snacks,FRANCE,mondelez,poulain,,top_company_portfolio_matrix_off_brands,current primary brand is parent/company token; another OFF brand token needs brand-level review,6,Poulain noir extra | Noir Extra | Pralinoise 55% | grand arôme 32% cacao sélectionné | Au Bon Lait de Nos Régions Noisettes,"mondelez international, poulain | mondelez, poulain | mondelez, poulain | mondelez, poulain | mondelez, poulain, unilever"
dairies,FRANCE|UK_IE,nestle,nestle,,no_change,no more-specific Top 9 portfolio brand detected,6,Lindahl kvarg stracciatella | Fromage Blanc Fraise Citron Very | Pro+ Fromage Blanc Saveur Stracciatella | STRAWBERRY VANILLA,nestlé | nestlé | nestlé | nestlé | nestle
dairies,BENELUX|FRANCE,danone,actimel,Danone,top_company_portfolio_matrix_product_name,current primary brand is parent/company token; portfolio brand appears in product name,6,Actimel | Actimel Original | Actimel grenade | Dan. actimel Myrtille | Actimel 0%,danone | danone | danone | danone | danone
beverages,FRANCE,nestle,nespresso,Nestlé,top_company_portfolio_matrix_product_name,current primary brand is parent/company token; portfolio brand appears in product name,6,"NESPRESSO | Nespresso | Nespresso Decaffeinato | Nespresso Kazaar 50 Capsules | Nespresso Variations Vanilio, Intensity 6, 10 Capsules",nestlé | nestlé | nestlé | nestlé | nestlé
snacks,UK_IE,nestle,milkybar,Nestlé,top_company_portfolio_matrix_product_name,current primary brand is parent/company token; portfolio brand appears in product name,6,Milkybar white chocolate buttons | Milkybar imp | Milkybar | Milkybar Speculoos | Milkybar,nestle | nestle | nestle | nestlé | nestlé
snacks,US_CANADA,hershey,hershey,,no_change,no more-specific Top 9 portfolio brand detected,6,"Milk Chocolate Bar | Hershey Assorted Flavored Snack Size Candy, Party Pack 33.08 oz | Whozeewhatzit | Mounds Dark Chocolate | 5th Avenue",hershey | hershey | hershey | hershey | hershey
beverages,FRANCE,danone,danone,,no_change,no more-specific Top 9 portfolio brand detected,6,Source de joie | Boisson abricot pêche céréales Danao | Danup | Activiabdrink Fraise+kiwi | Aïn saïss,danone | danone | danone | danone | danone
snacks,FRANCE|US_CANADA,mondelez,mondelez,,no_change,no more-specific Top 9 portfolio brand detected,6,"Chocolate sandwich cookies | Basil & garlic woven with quinoa seeds crackers, basil & garlic | Grahams Crackers | Sour patch soft candy big bag fat free1x9 oz | Sout patch kids peg bag",mondelez | mondelez | mondelez | mondelez | mondelez
beverages,FRANCE,diet pepsi,pepsi,PepsiCo,top_company_portfolio_matrix_off_brands,known portfolio brand appears in OFF brands field,6,"Pepsi Zéro sucres saveur cerise 1,5 L | Pepsi Zéro sucres 2 L maxi format | Pepsi Zéro sucres format familial lot de 4 x 1,5 L | Pepsi Zéro sucres 1 L | Pepsi Zéro sucres 5 x 1,5 L + 1 offerte","diet pepsi, pepsi, pepsi max, pepsi zero, pepsico | diet pepsi, pepsi, pepsi zero | diet pepsi,pepsi,pepsi zero,pepsico | diet pepsi, pepsi, pepsi zero, pepsico | diet pepsi, pepsi, pepsi zero"
beverages,FRANCE,fanta,fanta,,no_change,no more-specific Top 9 portfolio brand detected,6,Fanta Orange | Fanta | Fanta Saveur Pomme & Cerise | Fanta zéro citron frappé | Fanta,"fanta, mcdonald's, the coca cola company | fanta the coca-cola company coca-cola | fanta, the coca cola company | fanta, fanta-light, the coca-cola company | fanta, the coca-cola company"
beverages,FRANCE,coca cola,sprite,Coca-Cola,top_company_portfolio_matrix_product_name,current primary brand is parent/company token; portfolio brand appears in product name,6,Sprite | Sprite Zéro | Sprite | Sprite | Sprite 1.25,"coca-cola | coca-cola | coca-cola company | coca-cola | coca cola, coca-cola"
snacks,UK_IE,nestle,kitkat,Nestlé,top_company_portfolio_matrix_product_name,current primary brand is parent/company token; portfolio brand appears in product name,6,Kitkat Chunky Funky | kitkat | KitKat original | KitKat Chunky | KitKat Family Pack 14pk,nestle | nestle | nestlé | nestle | nestlé
beverages,FRANCE,pure leaf,pure leaf,,no_change,no more-specific Top 9 portfolio brand detected,6,Tea pure leaf | Pure Leaf Thé Vert Bio Menthe 15 Sachets | Pure Leaf Thé Noir Bio Darjeeling 120g Vrac | Pure Leaf Thé Vert Bio Fraise Menthe 15 Sachets | Thé noir Chai,"pure leaf, unilever | pure leaf, unilever | pure leaf, unilever | pure leaf, unilever | pure leaf, unilever"
snacks,DACH|FRANCE,milka,milka,,no_change,no more-specific Top 9 portfolio brand detected,6,Milka Tablette Noisette | Milka Pralinés | Sweet Winter Schokolade | Zarte Momente - Nuß-Mix | Peanut Crisp,"milka, mondelez | milka, mondelez | milka, mondelez | milka,mondelez | milka, milka mondelez international"
dairies,FRANCE|US_CANADA,nestle,coffee mate,Nestlé,top_company_portfolio_matrix_product_name,current primary brand is parent/company token; portfolio brand appears in product name,6,Coffee mate the original coffee creamer | Nestle coffee mate powdered coffee creamer french vanilla | The Original Coffee mate Rich & Smooth | Hazelnut Coffee Mate | French Vanilla Coffee Mate,nestlé | nestlé | nestle | nestlé | nestlé
snacks,US_CANADA,mondelez,ritz,Mondelez,top_company_portfolio_matrix_product_name,current primary brand is parent/company token; portfolio brand appears in product name,6,Nabisco ritz crackers snowflake 1x13.700 oz | Nabisco ritz crackers whole wheat 1x12.9 oz | end cap Ritz crackers everything flavour 1x13.7 oz | ritz crackers | ritz crackers original,mondelez | mondelez | mondelez | mondelez | mondelez
dairies,FRANCE,nestle,le lait concentre sucre,,top_company_portfolio_matrix_off_brands,current primary brand is parent/company token; another OFF brand token needs brand-level review,6,NESTLE® Lait Concentré Sucré à pâtisser lait demi-écrémé boîte 1kg | NESTLE® Lait Concentré Sucré Sans Lactose à pâtisser boîte 387g | NESTLE Lait concentré sucré en tube Caramel 450g | NESTLE Lait concentré sucré en tube Chocolat 450g | NESTLE Lait concentré sucré 4% Tube 165g,"nestlé, le lait concentre sucre | nestlé, le lait concentre sucre | nestlé, le lait concentre sucre | nestlé, le lait concentre sucre | nestlé,le lait concentre sucre"
dairies,FRANCE,nestle,le viennois,,top_company_portfolio_matrix_off_brands,current primary brand is parent/company token; another OFF brand token needs brand-level review,6,Le Viennois Création Chocolat | Le Viennois Saveur Fraise | Le Viennois Chocolat Saveur Noisette | Le Viennois (Compote Pomme) | Le Viennois (Compote Pomme Banane),"nestlé,le viennois | nestlé, le viennois | nestlé, le viennois | nestlé, le viennois | nestlé, le viennois"
snacks,FRANCE,lou cocal,lou cocal,,no_change,no more-specific Top 9 portfolio brand detected,6,Nonettes aux Noix du Périgord | Noix Du Périgord Aop Au Chocolat | Gâteau aux noix du Périgord | Noix du Périgord AOP Grillées au caramel | Cookie artisanal thé miel,lou cocal | lou cocal | lou cocal | lou cocal | lou cocal
cereals,FRANCE|SOUTHERN_EUROPE,nestle,nestle,,no_change,no more-specific Top 9 portfolio brand detected,6,Golden grahams | Nestle Shredded Wheat | Mel | Golden Grahams | Cereali a forma di biscotto Cookie Crisp,nestlé | nestlé | nestlé | nestlé | nestlé
beverages,FRANCE|US_CANADA,lipton,lipton,,no_change,no more-specific Top 9 portfolio brand detected,6,Diet Green Tea Citrus | Iced Tea Peach | Black iced tea mix | Lipton Diet Lemon Iced Tea Mix | Sweetened iced tea mix,"lipton, unilever | lipton, unilever | lipton, unilever | lipton, unilever | lipton, unilever"
snacks,FRANCE|DACH,nestle,lion,Nestlé,top_company_portfolio_matrix_product_name,current primary brand is parent/company token; portfolio brand appears in product name,6,NESTLE LION Getreideriegel Multipack ( | Lion Snacksize 6er Multipack | Lion 2er | Lion black white | Lion - Coconut,nestlé | nestlé | nestlé | nestlé | nestlé
beverages,FRANCE,danone,taillefine,Danone,top_company_portfolio_matrix_off_brands,current primary brand is parent/company token; portfolio brand appears in OFF brands field,6,Taillefine Fiz Agrumes | Taillefine Fiz Citron | Fiz. | Taillefine Fiz Fruits Rouges | Fiz Citron Vert,"danone, taillefine, taillefine fiz | danone, taillefine, taillefine fiz | danone, taillefine | danone, taillefine, taillefine fiz | danone, taillefine, taillefine fiz"
dairies,FRANCE,danone,fjord,,top_company_portfolio_matrix_off_brands,current primary brand is parent/company token; another OFF brand token needs brand-level review,6,Fjord myrtille sauvage | Fjord nature 125 g x 8 | Fjord nature 125 g x 4 | Fjord bio nature 120 g x 4 | Fjord coco,"danone, fjord | danone, fjord, fjord nature | danone, fjord, fjord nature | danone, fjord, fjord nature | danone, fjord"
dairies,FRANCE|SOUTHERN_EUROPE,actimel,actimel,,no_change,no more-specific Top 9 portfolio brand detected,6,Actimel 0% | Actimel original nature | Actimel bianco | Actimel Fragola | Actimel multifrutti,"actimel, danone | actimel, danone | actimel, danone | actimel,danone | actimel, danone"
beverages,FRANCE|DACH,lipton,lipton,,no_change,no more-specific Top 9 portfolio brand detected,6,Lipton Yellow Thé Noir 200g Vrac | Thé Vert Menthe (25 sachets enveloppés) | Lipton Thé Vert Marrakech Mint 20 Sachets | Lipton Tchaé Thé Vert Menthe 25 Sachets | Lipton Ice Tea saveur Citron Citron Vert,"lipton, unilever | lipton, unilever | lipton, unilever | lipton, unilever | lipton, unilever"
snacks,US_CANADA|FRANCE,hersheys,hersheys,,no_change,no more-specific Top 9 portfolio brand detected,6,Hershey's creamy milk chocolate | Chipits Pure Semi-Sweet Chocolate Chips | Creamy Milk Chocolate Bar | Cherry Blossom | Hershey's Cookies 'N' Cream,hershey's | hershey's | hershey's | hershey's | hershey's
dairies,FRANCE,danone,oikos,Danone,top_company_portfolio_matrix_off_brands,current primary brand is parent/company token; portfolio brand appears in OFF brands field,5,Banane Caramélisée | Oikos myrtille exquise | Dan. oikos Cerise-choc. | Oikos yaourt greco nature sucree | Danone oikos,"danone, oikos | danone, oikos | danone, oikos | danone, oikos | danone, oikos"
dairies,US_CANADA|FRANCE,kraft,kraft,,no_change,no more-specific Top 9 portfolio brand detected,5,Nabisco easy cheese pasteurized cheese snack bacon 1x8.000 oz | Fromage Singles | Beurre d'arachide Tout Naturel | Cheez Whiz | Cheez whiz,kraft | kraft | kraft | kraft | kraft
dairies,FRANCE,danone,jockey,,top_company_portfolio_matrix_off_brands,current primary brand is parent/company token; another OFF brand token needs brand-level review,5,"Jockey | Jockey Avec du bon lait entier (8 % MG) | Yaourt stracciatella Jockey | Jockey Aux Fraises (4,1 % MG) | Jockey 3% de mg nature 100 g x 8","danone, jockey | danone, jockey | danone,jockey,jockey fruits | danone, jockey | danone, jockey, jockey natural"
snacks,UK_IE,mondelez,mondelez,,no_change,no more-specific Top 9 portfolio brand detected,5,turkish delight | Soft sponge cake with chocolate filling | sour squirms | Wispa Gold,mondelez | mondelez | mondelez | mondelez | mondelez
,FRANCE,nestle,clusters,,top_company_portfolio_matrix_off_brands,current primary brand is parent/company token; another OFF brand token needs brand-level review,5,Clusters Muesli Chocolat au lait | Clusters Chocolat au Lait | Clusters Crunchy Muesli Caramel | Clusters chocolat | CLUSTERS Amandes céréales petit déjeuner,"nestlé, clusters | nestlé, clusters | nestlé, clusters | nestlé, clusters | nestlé, clusters"
,FRANCE,lu,lu,,no_change,no more-specific Top 9 portfolio brand detected,5,Heudebert - Biscottes fibres+ | Cracotte original | Les gourmands Pelletier Biscottes Tradition | Pain grillé blé complet | Le pain grillé au Sésame,"lu, mondelez | lu, mondelez | lu, mondelez, pelletier | lu, mondelez, pelletier | lu, mondelez, pelletier"
dairies,FRANCE|SOUTHERN_EUROPE,danone,oikos,Danone,top_company_portfolio_matrix_product_name,current primary brand is parent/company token; portfolio brand appears in product name,5,Oikos fruit de la passion | Oikos tentaciones tarta de arándanos | Oikos Mediterráneo | Oikos yogur griego natural | Oikos crunch avellana y caramelo,danone | danone | danone | danone | danone
dairies,FRANCE|SOUTHERN_EUROPE,danone,danonino,Danone,top_company_portfolio_matrix_product_name,current primary brand is parent/company token; portfolio brand appears in product name,5,Danonino maxi sabor fresa | danonino fresa | Danonino | Danonino | Danonino para llevar sabor fresa y plátano,danone | danone | danone | danone | danone
snacks,US_CANADA,nestle,toll house,,top_company_portfolio_matrix_off_brands,current primary brand is parent/company token; another OFF brand token needs brand-level review,5,Caramel Morsels | Premier White Morsels | Milk Chocolate Morsels | Plant Based Chocolate Morsels | Semi-Sweet Mini Morsels,"nestlé toll house | nestlé toll house | nestle toll house | nestle toll house | nestle, nestlé toll house"
beverages,US_CANADA,nestle,nestle pure life,Nestlé,top_company_portfolio_matrix_off_brands,current primary brand is parent/company token; portfolio brand appears in OFF brands field,5,Still water Beverage with Potassium - Orange Flavored | Pure Life Plus active with Potassium (orange flavor) Enhanced Water | Nestle pure life revive | Pure life | Purified Drinking water,"nestle pure life,nestle waters, nestlé | nestle,nestle pure life | nestle pure life,nestle | nestle pure life,nestle | nestlé,nestle pure life,pure life"
cereals,BENELUX|FRANCE,nestle,nestle,,no_change,no more-specific Top 9 portfolio brand detected,5,Clusters Amandes | Golden grahams | Clusters | Clusters Granola Crunchy muesli | Clusters,nestlé | nestlé | nestlé | nestlé | nestlé
beverages,US_CANADA,kraft,kraft,,no_change,no more-specific Top 9 portfolio brand detected,5,"Country Time Black Cherry Lemonade | Country Time Lemonade | Lemon Iced Tea Flavored Drink Mix, Lemon Iced Tea","kraft foods | kraft heinz | kraft foods | kraft, country time | kraft"
snacks,DACH|BENELUX|FRANCE,nestle,nestle,,no_change,no more-specific Top 9 portfolio brand detected,5,Clusters barre crunchy choco | Clusters Caramel Choco | CLUSTERS almonds seeds barres de céréales | Clusters crunchy choco | Clusters Caramel & Choco,nestlé | nestlé | nestlé | nestlé | nestlé
dairies,FRANCE,nestle,ptit onctueux,,top_company_portfolio_matrix_off_brands,current primary brand is parent/company token; another OFF brand token needs brand-level review,5,NESTLE P'TIT ONCTUEUX au Fromag Blanc Saveur Natur Sucré8x100gDès6mois | NESTLÉ P'TIT ONCTUEUX au Fromage Blanc Fruits Exotiques 4x100gDès6mois | NESTLE P'TIT ONCTUEUX BIO Nature au Sucre de Canne 4x90g | NESTLÉ P'TIT ONCTUEUX Nature au Fromage Blanc - 4 x 90g - Dès 6 mois | NESTLÉ P'TIT ONCTUEUX Sans Sucres Ajoutés Mangue Ananas 4x90g - Dès 6 mois,"nestlé, p'tit onctueux | nestlé, p'tit onctueux | nestlé, p'tit onctueux | nestlé, p'tit onctueux | nestlé, p'tit onctueux"
dairies,FRANCE,nestle,nido,Nestlé,top_company_portfolio_matrix_product_name,current primary brand is parent/company token; portfolio brand appears in product name,5,Nido Lait entier en poudre | Nido | Lait Entier Poudre Nido | NIDO | Nido,nestlé | nestlé | nestlé | nestlé | nestlé
dairies,BENELUX|FRANCE,danone,danio,Danone,top_company_portfolio_matrix_product_name,current primary brand is parent/company token; portfolio brand appears in product name,5,"Danio nectarine-framboise | Danio Spécialité Au Fromage Frais - Fraises 180gr | Danio Exotic | Danio, Waldbeere | Danio",danone | danone | danone | danone | danone
snacks,FRANCE,mondelez,oreo,Mondelez,top_company_portfolio_matrix_product_name,current primary brand is parent/company token; portfolio brand appears in product name,5,Oreo | Oreo | Oreo | Oreo | Oreo Crispy and Thin,mondelez | mondelez | mondelez | mondelez | mondelez
beverages,BENELUX|FRANCE,aquarius,aquarius,,no_change,no more-specific Top 9 portfolio brand detected,5,Aquarius Blueberry | Aquarius Red Peach | Aquarius Green Splash Pet 6X50CL 4-pack | Lemon Still Water | Aquarius red peach,"aquarius, the coca-cola company | aquarius, the coca-cola company | aquarius, the coca-cola company | aquarius, the coca-cola company | aquarius, the coca-cola company"
beverages,US_CANADA,unilever,unilever,,no_change,no more-specific Top 9 portfolio brand detected,5,"Maizena atole | Maizena, Fortified Corn Starch Beverage Mix, Coconut Flavor Artificially Flavored | Fortified Corn Starch Beverage Mix, Chocolate | Tazo Passion | Lipton Ice Tea Peach Zero Sugar",unilever | unilever | unilever | unilever | unilever
beverages,UK_IE,nestle,nestle,,no_change,no more-specific Top 9 portfolio brand detected,5,"GOLD Cappuccino Unsweetened Taste Coffee, 8 Sachets x | 3in1 Fresher Richer | Gold Non-Dairy Coconut Latte Instant Coffee x 6 Sachets | Alta rica gold blend | Instant Coffee Blend Alta Rica",nestle | nestlé | nestlé | nestlé | nestlé
beverages,FRANCE|BENELUX,starbucks,by nespresso,,top_company_portfolio_matrix_off_brands,current primary brand is parent/company token; another OFF brand token needs brand-level review,5,STARBUCKS By NESPRESSO House Blend (18 capsules) | STARBUCKS By NESPRESSO House Blend 10 capsules | STARBUCKS By NESPRESSO Espresso Roast X18 | STARBUCKS By NESPRESSO Espresso Roast 10 capsules | STARBUCKS By NESPRESSO Espresso Roast Décaféiné 10 capsules,"starbucks, by nespresso | starbucks, by nespresso | starbucks, by nespresso | starbucks, by nespresso | starbucks, by nespresso"
dairies,BENELUX|FRANCE,danio,danio,,no_change,no more-specific Top 9 portfolio brand detected,5,Danio Breakfast | Danio | Danio | Danio saveur vanille smaak | Cerise,"danio, danone | danio, danone | danio, danone | danio, danone | danio, danone"
dairies,BENELUX|FRANCE,actimel,actimel,,no_change,no more-specific Top 9 portfolio brand detected,5,"Actimel, Goût Fraise | Actimel Multifruit | Actimel | Actimel","actimel, danone | actimel, danone | actimel, danone | actimel, danone | actimel, danone"
snacks,FRANCE|SOUTHERN_EUROPE,nestle,kitkat,Nestlé,top_company_portfolio_matrix_off_brands,current primary brand is parent/company token; portfolio brand appears in OFF brands field,5,"KITKAT Moulage Père Noël 85g | Kit kat you | KITKAT Ball, Billes au chocolat au Lait, 400g | KITKAT 4F Noisette Multipack 8x41,5g | KITKAT White barre au chocolat blanc 146,3g","nestlé, kitkat | nestlé, kit kat | nestlé, kitkat | nestlé, kitkat | nestlé, kitkat"
,FRANCE,heudebert,heudebert,,no_change,no more-specific Top 9 portfolio brand detected,5,La Biscotte Heudebert | La Biscotte 96 % céréales | HEUDEBERT La braisor cuisson à moule ouvert | Biscottes | Biscotte Bio A l'épeautre Complet,"heudebert, kraft foods, lu | heudebert, kraft foods, lu | heudebert, kraft foods, lu | heudebert,lu,mondelez | heudebert, mondelez, mondelez international"
beverages,FRANCE,coca cola,coke,,top_company_portfolio_matrix_off_brands,current primary brand is parent/company token; another OFF brand token needs brand-level review,5,Vanilla Zero | Coca-Cola zéro orange&vanilla | Coca-Cola Cherry | Coca-Cola | BTE 6X33CL COCA COLA CHERRY,"coca-cola, coke | coca-cola, coke | coca-cola,coke | coca cola, coke | coca-cola, coke"
dairies,US_CANADA,ben and jerrys,ben and jerrys,,no_change,no more-specific Top 9 portfolio brand detected,5,"Cherry garcia froyo cherry frozen yogurt with cherries & fudge flakes, cherry garcia froyo | Ben & jerry's, froyo, low fat frozen yogurt, chocolate fudge brownie | Ben & jerry's, greek, frozen yogurt, strawberry shortcake | Ben & jerry's, greek, frozen yogurt, raspberry fudge chunk | Ben & jerry's, greek, frozen yogurt, blueberry vanilla graham","ben & jerry's, unilever | ben & jerry's, unilever | ben & jerry's, unilever | ben & jerry's, unilever | ben & jerry's, unilever"
snacks,FRANCE|DACH,nestle,kitkat,Nestlé,top_company_portfolio_matrix_off_brands,current primary brand is parent/company token; portfolio brand appears in OFF brands field,5,KIITKAT CHUNKY BLACK&WHITE (4x42g) | Lapin Kit Kat | Kitkat dark | Barres au chocolat noir | Kit Kat vegan,"nestlé, kitkat | nestlé, kit kat | nestlé, kit kat | nestlé, kitkat | nestlé, kit kat, kitkat"
snacks,FRANCE|SOUTHERN_EUROPE,mondelez,mondelez,,no_change,no more-specific Top 9 portfolio brand detected,5,Crisp original | Oro cruscoro | Cipster : The Original | Oro Ciok Fondente | Oro Classico,mondelez | mondelez | mondelez | mondelez | mondelez
cereals,BENELUX|FRANCE,nestle,fitness,Nestlé,top_company_portfolio_matrix_product_name,current primary brand is parent/company token; portfolio brand appears in product name,5,"Fitness Pure Chocolat, 375 g | Fitness Chocolat Noir | Fitness Céréales Complètes | NESTLE FITNESS Chocolat Noir Céréales 450g | Fitness Nature Céréales complètes",nestlé | nestlé | nestlé | nestlé | nestle
beverages,DACH|UK_IE,pepsi,pepsi,,no_change,no more-specific Top 9 portfolio brand detected,5,Pepsi Max | Pepsi max lime500ml | Pepsi Max Mango | REFRESHING 7UP TASTE. ZERO SUGAR up ZERO SUGAR FR | Pepsi,pepsi | pepsi | pepsi | pepsi | pepsi
snacks,FRANCE,nestle,dessert truffles,,top_company_portfolio_matrix_off_brands,current primary brand is parent/company token; another OFF brand token needs brand-level review,5,NESTLE DESSERT Truffes au chocolat Noir 250g | NESTLE DESSERT Truffes au chocolat Noir corsé 70% 250g | NESTLE DESSERT Truffes au chocolat Noir 85% 250g | NESTLE DESSERT Truffes au chocolat Noir corsé 70% 250g | NESTLE DESSERT Truffes au chocolat Lait 250g,"nestlé, dessert truffles | nestlé, dessert truffles | nestlé, dessert truffles | nestlé, dessert truffles | nestlé, dessert truffles"
cereals,FRANCE,nestle,chocapic,Nestlé,top_company_portfolio_matrix_product_name,current primary brand is parent/company token; portfolio brand appears in product name,5,chocapic | Chocapic | Chocapic | chocapic | Cereales chocapic,nestlé | nestlé | nestlé | nestlé | nestlé
beverages,US_CANADA,nestle,boost,Nestlé,top_company_portfolio_matrix_product_name,current primary brand is parent/company token; portfolio brand appears in product name,5,"Boost plus complete nutritional drink very vanilla bottle | Boost Balanced nutrional drink | Boost, calorie smart, balanced nutritional drink, vanilla caramel, vanilla caramel | Boost Rich Chocolate | Boost balanced nutritional drink",nestlé | nestlé | nestle | nestlé | nestlé
beverages,FRANCE|DACH|SOUTHERN_EUROPE,nestle,san pellegrino,Nestlé,top_company_portfolio_matrix_off_brands,current primary brand is parent/company token; portfolio brand appears in OFF brands field,5,San Pellegrino | Sanbitter | Clementina | Naturali Aranciata | Boisson aranciata amara,"nestlé, san pellegrino | nestlé,san pellegrino | nestlé, san pellegrino | nestlé,san pellegrino | nestlé, san pellegrino"
,FRANCE|SOUTHERN_EUROPE,nestle,buitoni,Nestlé,top_company_portfolio_matrix_off_brands,current primary brand is parent/company token; portfolio brand appears in OFF brands field,5,La sfoglia bonta di semi | Crostino con farina integrale | Brisée pasta brisée fresca stesa rotonda rotolo | Sfoglia rotonda senza glutine | Pizza rotonda senza glutine,"nestlé, buitoni | nestlé, buitoni | nestlé, buitoni | nestlé, buitoni | nestlé, buitoni"
dairies,UK_IE,danone,danio,Danone,top_company_portfolio_matrix_product_name,current primary brand is parent/company token; portfolio brand appears in product name,5,Danio Cherry | Danio Raspberry | Danio Strawberry | Danio Blueberry | Danio smak waniliowy,danone | danone | danone | danone | danone
dairies,FRANCE,nestle,nesquik,Nestlé,top_company_portfolio_matrix_product_name,current primary brand is parent/company token; portfolio brand appears in product name,5,Nesquik petit | Nesquik choco | Nesquik Duo | NESTLÉ NESQUIK Lacté Poche | Nesquik,nestlé | nestlé | nestlé | nestlé | nestlé
beverages,FRANCE|SOUTHERN_EUROPE,nestle,nesquik,Nestlé,top_company_portfolio_matrix_product_name,current primary brand is parent/company token; portfolio brand appears in product name,5,Nesquik extra choco | Nesquik | Nesquik Plus 250G | nesquik | Nesquik,nestlé | nestlé | nestlé | nestlé | nestlé
,FRANCE|SOUTHERN_EUROPE,nestle,nestle,,no_change,no more-specific Top 9 portfolio brand detected,5,Nestke Gold flakes | cafe de cereales | Papilla de cereales azúcares añadidos y sin aceite | Papilla 8 cereales con miel,nestlé | nestlé | nestlé | nestlé | nestlé
snacks,UK_IE,hersheys,hersheys,,no_change,no more-specific Top 9 portfolio brand detected,5,Hershey’s Kisses | Cookies 'n' Creme Egg | Cookies ‘n’ Creme rounds | Cookies 'n' creme | Cookies and cream mini eggs,hershey’s | hershey's | hershey’s | hershey's | hershey’s
cereals,FRANCE|SOUTHERN_EUROPE,nestle,fitness,Nestlé,top_company_portfolio_matrix_product_name,current primary brand is parent/company token; portfolio brand appears in product name,5,Fitness energia nutritia | Fitness | Nestle Fitness Cioccolato Fondente | FITNESS Céréales chocolat noir | Original Fitness,nestlé | nestlé | nestlé | nestlé | nestlé
beverages,US_CANADA,nestle,nesquik,Nestlé,top_company_portfolio_matrix_off_brands,current primary brand is parent/company token; portfolio brand appears in OFF brands field,5,"Nesquik Chocolate Powder | Nesquik Strawberry Powder | Chocolate Nesquik | Drink mix | Nesquick, chocolate flavor","nestlé,nesquik | nestlé,nesquik | nestlé,nesquik | nestle,nesquik | nestle,nesquik"
beverages,FRANCE|DACH,nestle,nesquik,Nestlé,top_company_portfolio_matrix_off_brands,current primary brand is parent/company token; portfolio brand appears in OFF brands field,5,"Nestle Nesquik | Nesquik | NESQUIK Poudre cacaotée 12 sticks de 13,5g | Nesquik Original | NESQUIK poudre saveur fraise 350g","nestlé, nesquik | nestlé, nesquik | nestlé, nesquik | nestlé, nesquik | nestlé, nesquik"
snacks,FRANCE|UK_IE,nestle,kitkat,Nestlé,top_company_portfolio_matrix_product_name,current primary brand is parent/company token; portfolio brand appears in product name,5,kitkat | KitKat | KitKat | KitKat orange | Kitkat Dark Chocolate Biscuit Bar,nestlé | nestle | nestlé | nestlé | nestlé
beverages,FRANCE,danone,la salvetat,,top_company_portfolio_matrix_off_brands,current primary brand is parent/company token; another OFF brand token needs brand-level review,5,La Salvetat | La salvetat | La salvetat | La Salvetat | La Salvetat,"danone, la salvetat, salvetat | danone, la salvetat | danone,la salvetat | danone, la salvetat | danone, la salvetat"
dairies,FRANCE,danacol,danacol,,no_change,no more-specific Top 9 portfolio brand detected,5,Danacol fruits panache 125 g x 8 | Danacol a boire 0% de sucres ajoutes aro 100 g x 4 | Danacol nature 125 g x 8 | Danacol (0 % MG) Pêche Abricot | Danacol a boire 0% de sucres ajoutes sav peche abric 100 g x 10,"danacol, danacol fruits, danone | danacol,danacol drink,danone | danacol,danacol nature,danone | danacol, danone | danacol, danacol drink, danone"
beverages,FRANCE,nestle,vittel,Nestlé,top_company_portfolio_matrix_off_brands,current primary brand is parent/company token; portfolio brand appears in OFF brands field,5,eau vittel | VITTEL UP eau aromatisée Citron & Citron vert BIO 50cl | VITTEL UP eau aromatise Pêche BIO 1L | VITTEL UP eau aromatisée Pamplemousse BIO 1L | VITTEL UP eau aromatisée Pamplemousse BIO 50cl,"nestlé, vittel | nestlé,vittel | nestlé,vittel | nestlé,vittel | nestlé,vittel"
,FRANCE,pepsico,quaker,PepsiCo,top_company_portfolio_matrix_off_brands,current primary brand is parent/company token; portfolio brand appears in OFF brands field,5,Life chocolat - Pépites & pétales croustillants à l'avoine | Life Nature | Cruesli goût Vanille | Flocons d'avoine instantanés | Flocon d'avoine pour poridg,"pepsico, quaker, quaker life | pepsico, quaker, quaker life | pepsico, quaker | pepsico, quaker | pepsico, quaker"
snacks,FRANCE|UK_IE,nestle,quality street,Nestlé,top_company_portfolio_matrix_off_brands,current primary brand is parent/company token; portfolio brand appears in OFF brands field,5,Cool Mint Matchmakers | Zingy Orange Matchmakers | Matchmakers Cool Mint | Quality Street Matchmakers Zingy Orange | Matchmakers Gingerbread Flavour,"nestlé, quality street | nestlé, quality street | nestlé, quality street | nestlé, quality street | nestlé, quality street"
snacks,US_CANADA,the hershey company,the hershey company,,no_change,no more-specific Top 9 portfolio brand detected,4,Milk Duds | Kit Kat DUOS Mint Dark Chocolate | Chocolate | icebreakers cubes gum,"the hershey company | the hershey company | the hershey company | the hershey company,hershey"
snacks,US_CANADA,nestle,kitkat,Nestlé,top_company_portfolio_matrix_product_name,current primary brand is parent/company token; portfolio brand appears in product name,4,KitKat Melon | KitKat GOLD キットカットで応援しよう! | KitKat Minis | 70% Dark Cocoa KitKat,nestlé | nestle | nestlé | nestlé
beverages,FRANCE,coca cola,fuze tea,Coca-Cola,top_company_portfolio_matrix_product_name,current primary brand is parent/company token; portfolio brand appears in product name,4,Fuze Tea Apple And Lemongrass Flavoured Bottle | Fuze tea saveur fruit rouge faible en calorie | Fuze Tea sans sucre | Fuze Tea אפרסק,coca-cola | coca-cola | coca-cola | coca cola
beverages,FRANCE|US_CANADA,nestle,nestle,,no_change,no more-specific Top 9 portfolio brand detected,4,"Drink mix | Nestle flavored powder strawberry | Sparkling Lemon Beverage | Nestle, instant coffee",nestlé | nestlé | nestlé | nestlé
beverages,FRANCE,nestle,special t,,top_company_portfolio_matrix_off_brands,current primary brand is parent/company token; another OFF brand token needs brand-level review,4,Darjeeling Black Tea | Copa Copacabana Organic Infusion | Merry Mango Flavoured Rooibos | SPECIAL.T Infusion BIO Detox,"nestlé, special t | nestlé, special t | nestlé, special t | nestlé, special t"
snacks,FRANCE,nestle,fitness,Nestlé,top_company_portfolio_matrix_off_brands,current primary brand is parent/company token; portfolio brand appears in OFF brands field,4,"Fitness crunchy caramel | Fitness chocolate e hazelnut | Barre de céréales Fitness Delice Choco Noisette | NESTLE FITNESS Barres de Céréales Miel & Amandes 6x23,5g","nestlé, fitness | nestlé, fitness, fitness délice | nestlé, fitness, fitness délice | nestlé, fitness"
beverages,FRANCE|DACH,actimel,actimel,,no_change,no more-specific Top 9 portfolio brand detected,4,"Danone Actimel® Classic 4 x 100g = 400g | Danone Actimel® Power Heidelbeere-Brombeere 8 x 100g = 800g | Danone Actimel® Kokosnuss 8 x 100g = 800g | Danone Actimel® Botanicals Grüner Apfel, Kiwi, Aloe Vera 8 x 100g = 800g","actimel®, danone | actimel®, danone | actimel®, danone | actimel®, danone"
dairies,FRANCE|US_CANADA,danone,hipro,Danone,top_company_portfolio_matrix_product_name,current primary brand is parent/company token; portfolio brand appears in product name,4,Hipro citron | HiPro | Hipro banane saveur beurre de cacahuète | Hipro Crème Dessert Chocolat Noisette,danone | danone | danone | danone
beverages,FRANCE,starbucks,by nespresso,,top_company_portfolio_matrix_off_brands,current primary brand is parent/company token; another OFF brand token needs brand-level review,4,Espresso Roast | STARBUCKS By NESPRESSO Blonde Espresso Roast 36 capsules | Creamy vanilla café | STARBUCKS by Nespresso Blonde Décaféiné 10 capsules,"starbucks by nespresso | starbucks, by nespresso | starbucks, by nespresso | starbucks, by nespresso"
beverages,FRANCE|DACH,coca cola,coca cola light,Coca-Cola,top_company_portfolio_matrix_product_name,current primary brand is parent/company token; portfolio brand appears in product name,4,"Coca-cola light | Coca Cola light | Coca-Cola Light | Coca-Cola light Coca-Cola light Mehrweg Pet 1L X1 1 l (1,29 € / 1 l) zzgl. Pfand 0,15 €",coca-cola | coca cola | coca-cola | coca-cola
beverages,BENELUX|FRANCE|DACH|SOUTHERN_EUROPE,coca cola,coca cola,,no_change,no more-specific Top 9 portfolio brand detected,4,Coca-Cola Zero Zero | Coca-Cola | Zero calories Zero caffeine Zerosugar | Coca-Cola,coca-cola | coca-cola | coca-cola | coca-cola
dairies,BENELUX|FRANCE,danone,danette,Danone,top_company_portfolio_matrix_product_name,current primary brand is parent/company token; portfolio brand appears in product name,4,Danette Savure Spiculoos | Danette liegeois vanille | Danette Saveur Vanille | Danette chocolat vanille,danone | danone | danone | danone
beverages,FRANCE,coca,coca,,no_change,no more-specific Top 9 portfolio brand detected,4,coca zero | Coca cola | Coca cola | Coca-cola Bouteilles,"coca, coca-zero | coca | coca | coca"
dairies,BENELUX|FRANCE,danone,activia,Danone,top_company_portfolio_matrix_product_name,current primary brand is parent/company token; portfolio brand appears in product name,4,Activia bifidus saveur citron | Activia bifidus nature | Activia Granen Aurore | Activia céréales,danone | danone | danone | danone
snacks,FRANCE,nestle,la laitiere,,top_company_portfolio_matrix_off_brands,current primary brand is parent/company token; another OFF brand token needs brand-level review,4,Clafoutis aux Abricots | La Laitiere Clafoutis aux cerises | Clafoutis aux pommes façon tatin | Far aux Pruneaux d'Agen,"nestlé, la laitière | nestlé, la laitière | nestlé, la laitière | nestlé, la laitière"
dairies,FRANCE|DACH,danone,actimel,Danone,top_company_portfolio_matrix_product_name,current primary brand is parent/company token; portfolio brand appears in product name,4,Actimel Défenses Immunitaires | Danone Actimel® CLASSIC XXL 12X100G | Danone Actimel® XXL Erdbeere | Danone Actimel® Erdbeere 6 x 100g = 600g,danone | danone | danone | danone
cereals,FRANCE|UK_IE,nestle,nestle,,no_change,no more-specific Top 9 portfolio brand detected,4,Golden Nuggets | curiously cinnamon | Curiously Cinnamon | Cookie Crisp,nestle | nestlé | nestlé | nestlé
dairies,FRANCE|SOUTHERN_EUROPE,nestle,la lechera,Nestlé,top_company_portfolio_matrix_off_brands,current primary brand is parent/company token; portfolio brand appears in OFF brands field,4,Dalky duo chocolate con nata | Delicias Galleta María La Lechera 2 Ud De | La Lechera Yogur Natural Azucarado | La Lechera Mousse Dúo: Chocolate con leche / Chocolate blanco,"nestlé, la lechera | nestlé,la lechera | nestlé,la lechera | nestlé,la lechera"
snacks,FRANCE|SOUTHERN_EUROPE,nestle,les recettes de latelier,,top_company_portfolio_matrix_off_brands,current primary brand is parent/company token; another OFF brand token needs brand-level review,4,NESTLE L'ATELIER Tablette Chocolat noir amandes croquantes - 100g | NESTLE L'ATELIER Tablette Chocolat noir biscuit caramel amandes - 170g | NESTLE L'ATELIER – Tablette Chocolat lait fondant noisette – 130g | NESTLE L'ATELIER – Tablette Chocolat noir ganache – 130g,"nestlé, les recettes de l'atelier | nestlé, les recettes de l'atelier | nestlé, les recettes de l'atelier | nestlé, les recettes de l'atelier"
snacks,FRANCE|SOUTHERN_EUROPE,nestle,after eight,,top_company_portfolio_matrix_off_brands,current primary brand is parent/company token; another OFF brand token needs brand-level review,4,Delightfully Minty Dark Chocolate Thins | Nestle After Eight Classic | AFTER EIGHT Fraise 400g | AFTER EIGHT Mini oeufs 153g,"nestlé, after eight | nestlé, after eight | nestlé, after eight | nestlé, after eight"
beverages,UK_IE,nestle,milo,Nestlé,top_company_portfolio_matrix_product_name,current primary brand is parent/company token; portfolio brand appears in product name,4,Milo | Milo | Milo | Milo,nestlé | nestlé | nestlé | nestlé
dairies,FRANCE|DACH,danette,danette,,no_change,no more-specific Top 9 portfolio brand detected,4,Mousse Caramel salé | Danone Danette Family Pack Schokolade 2x(4x125g) 1Kg | Danette mousse liegeoise chocolat 80 g x 8 | Danone Danette Mousse Liégeoise Schokolade 2x(2x80g) 320g,"danette, danette mousse, danone | danette, danone | danette, danette creme liegeoise, danone | danette, danone"
dairies,FRANCE|DACH,danone,danonino,Danone,top_company_portfolio_matrix_off_brands,current primary brand is parent/company token; portfolio brand appears in OFF brands field,4,Danone Danonino Pouch Erdbeere 70g | Danonino Go Fraise | Danone Danonino Erdbeer-Aprikose-Banane 6x50g | Danone Danonino Erdbeere / Banane / Pfirsich-Birne / Erdbeere 8 x 50g,"danone, danonino | danone, danonino, danonino pouch | danone, danonino | danone, danonino"
snacks,US_CANADA,planters,planters,,no_change,no more-specific Top 9 portfolio brand detected,4,Dry Roasted Sunflower Kernels | Deluxe Salted Mixed Nuts | Cocoa almonds | Salted Cashews,"planters,kraft heinz | planters,kraft heinz | planters,kraft foods | planters,kraft heinz"
,FRANCE,nestle,nesquik,Nestlé,top_company_portfolio_matrix_product_name,current primary brand is parent/company token; portfolio brand appears in product name,4,NESTLE NESQUIK Céréales paquet de 450g + 50% | NESTLE NESQUIK Céréales Petit Déjeuner 950g PRIX CHOC | Nesquik | Nesquik,nestlé | nestlé | nestlé | nestlé
snacks,FRANCE|NORDICS,mondelez,norge,,top_company_portfolio_matrix_off_brands,current primary brand is parent/company token; another OFF brand token needs brand-level review,4,Firkløver 200g Freia | Melkesjokolade Fruktnøtt | Melkesjokoladekjeks | Premium Tynn 70% Appelsin,mondelez norge | mondelez norge | mondelez norge | mondelez norge
beverages,BENELUX|FRANCE,nestle,nescafe,Nestlé,top_company_portfolio_matrix_off_brands,current primary brand is parent/company token; portfolio brand appears in OFF brands field,4,"NESCAFÉ NES, Café Soluble, Boîte de 25 Sticks (2g chacun) | The chaud dolce gusto | Capsules NESCAFE Dolce Gusto Lungo 30 Capsules | Nescafé Cappuccino","nestlé, nes, nescafe | nestlé, dolce gusto, nescafé | nestlé, dolce gusto, nescafe | nestlé, nescafé"
dairies,BENELUX|FRANCE|DACH,danone,danette,Danone,top_company_portfolio_matrix_product_name,current primary brand is parent/company token; portfolio brand appears in product name,4,Danone Danette Schokolade (4x125g) 500g | Danone Danette Vanille Geschmack (4x125g) 500g | danette | Danette Saveur Vanille,danone | danone | danone | danone
beverages,FRANCE|DACH|SOUTHERN_EUROPE,coca cola,coca cola,,no_change,no more-specific Top 9 portfolio brand detected,4,Energy | Coca-Cola Zero Zero | PET 1.25L COCA ZERO CT SICAFE | Coca-Cola limone,coca cola | coca-cola | coca-cola | coca cola
snacks,FRANCE,granola,granola,,no_change,no more-specific Top 9 portfolio brand detected,4,Granola Gros éclats de Chocolat | Cookies Gros éclats de chocolat (lot de 2 x 276 g) Maxiformat Granola | Granola Cœur Extra Moelleux Tout Chocolat | Brownie,"granola, kraft foods, lu, mondelez, unilever | granola, mondelez | granola, lu, mondelez | granola, lu, mondelez"
cereals,FRANCE,nestle,milo,Nestlé,top_company_portfolio_matrix_product_name,current primary brand is parent/company token; portfolio brand appears in product name,4,Nestle Cereal Milo | Milo | Nestle Milo Cereal Breakfast | Nestlé Milo Breakfast Cereal,nestlé | nestle | nestlé | nestlé
beverages,US_CANADA,coca cola,sprite,Coca-Cola,top_company_portfolio_matrix_product_name,current primary brand is parent/company token; portfolio brand appears in product name,4,Lemon Lime Sprite | Sprite | Sprite ginger | Sprite zero,coca-cola | coca cola | coca-cola | coca-cola
beverages,FRANCE|SOUTHERN_EUROPE,nestle,nescafe,Nestlé,top_company_portfolio_matrix_product_name,current primary brand is parent/company token; portfolio brand appears in product name,4,Nescafé Gold | Nescafé Cappuccino | Nescafé cappuccino decaf | Nescafé classic natural,nestlé | nestlé | nestlé | nestlé
beverages,US_CANADA,coca cola,diet coke,Coca-Cola,top_company_portfolio_matrix_product_name,current primary brand is parent/company token; portfolio brand appears in product name,4,Diet Coke | Diet Coke | Diet Coke | Diet Coke,coca-cola | coca-cola | coca-cola | coca-cola
beverages,FRANCE|SOUTHERN_EUROPE,nestle,vera,,top_company_portfolio_matrix_off_brands,current primary brand is parent/company token; another OFF brand token needs brand-level review,4,Nestlé vera | Vera | Acqua minerale frizzante | Acqua frizzante,"nestlé, vera | nestlé,vera | nestlé, vera | nestlé, vera"
dairies,FRANCE,mondelez,philadelphia,Mondelēz International,top_company_portfolio_matrix_off_brands,current primary brand is parent/company token; portfolio brand appears in OFF brands field,4,Philadelphia | Nature | Classic Philadelphia Ail & Fines Herbes (20 % MG) - Format Spécial | Philadelphia,"mondelez, philadelphia | mondelez, philadelphia | mondelèz international, philadelphia | mondelez, philadelphia"
dairies,FRANCE,nestle,lindahls,,top_company_portfolio_matrix_off_brands,current primary brand is parent/company token; another OFF brand token needs brand-level review,4,Lindahl's Kvarg - saveur framboise | Crème dessert saveur vanille | Crème desserts saveur vanille | Lindahls pro +,"nestlé, lindahl's | nestlé, lindahls | nestlé, lindahls | nestlé, lindahls"
,FRANCE,nestle,herta,Nestlé,top_company_portfolio_matrix_off_brands,current primary brand is parent/company token; portfolio brand appears in OFF brands field,4,Pâte à tarte feuilletée | Pâte à pizza épaisse et rectangulaire | Trésor de Grand Mère Brisée | Pâte Feuilletée,"nestlé, herta | nestlé, herta | nestlé, herta | nestlé, herta"
beverages,FRANCE|SOUTHERN_EUROPE,coca cola,coca cola light,Coca-Cola,top_company_portfolio_matrix_off_brands,current primary brand is parent/company token; portfolio brand appears in OFF brands field,4,Coca cola light taste | Coca cola Zero Zuccheri | Coca Cola Zero | Coca Cola Zéro,"coca-cola, coca-cola-light | coca-cola-light,cocacola | coca-cola, coca-cola-light | coca-cola, coca-cola-light"
snacks,FRANCE,kit kat,kitkat,Nestlé,top_company_portfolio_matrix_off_brands,known portfolio brand appears in OFF brands field,4,"KITKAT Lapin 175g | NESTLE 5 Asst Ctn Chocobox 2,426kg | KITKAT Lapin 3x17g | Kikat","kit kat, nestlé, kitkat | kit kat, nestlé | kit kat, nestlé | kit kat, nestlé"
beverages,FRANCE|SOUTHERN_EUROPE|UK_IE,pepsi,pepsi,,no_change,no more-specific Top 9 portfolio brand detected,4,Diet | Diet Pepsi 330ml can | Pepsi | Pepsi Max Cherry 330ml,pepsi | pepsi | pepsi | pepsi
beverages,FRANCE|DACH,nestle,ricore,,top_company_portfolio_matrix_off_brands,current primary brand is parent/company token; another OFF brand token needs brand-level review,4,"Chicorée & Café, RICORÉ® Au Lait, Boîte de 400g | Chicorée & Café, RICORÉ® L'Original, Boîte de 260g | Chicorée & Café, RICORÉ® Noir Intense, Boîte de 240g | Chicorée & Café, RICORÉ® L'Original, Boîte de 260g","nestlé, ricore | nestlé, ricoré | nestlé, ricore | nestlé, ricore"
snacks,BENELUX|FRANCE|DACH,lu,lu,,no_change,no more-specific Top 9 portfolio brand detected,4,Cracotte Chocolat | Cracotte Fraise | Prince goût chocolat | La Paille d'Or aux framboises,"lu,mondelez | lu, mondelez | lu, mondelez, prince | lu,mondelez international"
snacks,BENELUX|FRANCE|DACH,belvita,belvita,,no_change,no more-specific Top 9 portfolio brand detected,4,Belvita - Petit Déjeuner - Chocolat & 5 Céréales Complètes | Belvita - Petit Déjeuner - Brut 5 & Céréales Complètes | Moelleux chocolat | Petit Déjeuner Chocolat,"belvita, kraft foods, lu | belvita,kraft foods,lu | belvita, lu, mondelez international | belvita,lu,mondelez"
beverages,FRANCE,nestle,coffee mate,Nestlé,top_company_portfolio_matrix_product_name,current primary brand is parent/company token; portfolio brand appears in product name,4,"Nestle, Coffee Mate 170g | Coffee Mate 180G Original 07 / 18 | Coffee Mate Coffee Creamer | Coffee mate",nestlé | nestlé | nestle | nestlé
beverages,FRANCE|SOUTHERN_EUROPE,aquarius,aquarius,,no_change,no more-specific Top 9 portfolio brand detected,4,Aquarius Limón | Bebida isotónica naranja | Aquarius Limón Zero | Aquarius zero azucar,"aquarius, the coca-cola company | aquarius,the coca-cola company,coca-cola | aquarius, the coca-cola company, aquarius zero | aquarius, the coca-cola company"
snacks,BENELUX|FRANCE,lays,lays,,no_change,no more-specific Top 9 portfolio brand detected,4,Saveur Poulet Rôti | Super Chips Paprika | super chips salt 'n pepper flavor,"lay's, lays, pepsico | lay's, pepsico | lay's, pepsico | lay's, pepsico"
dairies,FRANCE,danone,hipro,Danone,top_company_portfolio_matrix_off_brands,current primary brand is parent/company token; portfolio brand appears in OFF brands field,4,Hipro a boire saveur cafe 300 g x 1 | Hipro a boire saveur caramel 300 g x 1 | Hipro Saveur Myrtille | Hipro,"danone, hipro, hipro drinks | danone, hipro, hipro drinks | danone, hipro | danone, hipro"
beverages,FRANCE,nestle,contrex,Nestlé,top_company_portfolio_matrix_off_brands,current primary brand is parent/company token; portfolio brand appears in OFF brands field,4,Contrex | CONTREX Green eau aromatisée BIO Maté saveur Citron Citron Vert 75cl | Contrex green framboise | bio eau aromatisée Thé noir saveur pêche 75cl,"nestlé, contrex, nestlé waters | nestlé,contrex,green | nestlé, contrex | nestlé,contrex,contrex green,nestlé waters"
dairies,FRANCE,danone,faire bien,,top_company_portfolio_matrix_off_brands,current primary brand is parent/company token; another OFF brand token needs brand-level review,4,Crème dessert bio au chocolat | Yaourt vanille | Yaourt nature | Faire Bien,"danone, faire bien | danone, faire bien | danone, faire bien | danone, faire bien"
snacks,UK_IE,starbucks,starbucks,,no_change,no more-specific Top 9 portfolio brand detected,4,Galleta de jengibre con glaseado de azucar | Gluten Free Fruit & Nut Bar | ALL BUTTER SHORTBREAD BISCUITS | Egg White Bites With three Cheese & Red Pepper,starbucks | starbucks | starbucks | starbucks
dairies,US_CANADA,hersheys,hersheys,,no_change,no more-specific Top 9 portfolio brand detected,4,Strawberry milk 2% | Hershey's Chocolate Milk | Chocolate Caramel | Cookies 'n' creme milk shake,hershey's | hershey’s | hershey's international delight | hershey's
dairies,US_CANADA,nestle,nido,Nestlé,top_company_portfolio_matrix_product_name,current primary brand is parent/company token; portfolio brand appears in product name,4,NIDO | Leche nido | NIDO Kinder | Nido,nestle | nestle | nestle | nestlé
beverages,FRANCE,nestle,nescafe,Nestlé,top_company_portfolio_matrix_product_name,current primary brand is parent/company token; portfolio brand appears in product name,4,"Nescafé spécial filtre | Nescafé Ricoré | NESCAFÉ SPECIAL FILTRE L'Original, Café Soluble, Boîte de 25 Sticks | Nescafé",nestlé | nestle | nestlé | nestlé
dairies,US_CANADA,danone,oikos,Danone,top_company_portfolio_matrix_product_name,current primary brand is parent/company token; portfolio brand appears in product name,4,"Oikos Greek Yogurt Blended - Lemon Meringue Flavor - Made with Whole Milk, Cane Sweetened | OIKOS TRIPLE ZERO | Oikos Triple Zero | Oíkos fusion",danone | danone | danone | danone
cereals,FRANCE,nestle,cheerios,Nestlé,top_company_portfolio_matrix_product_name,current primary brand is parent/company token; portfolio brand appears in product name,4,Honey nut cheerios | Cheerios Honey Miodowy | Nestle Honey Cheerios 565G | Multigrain cheerios,nestlé | nestlé | nestlé | nestlé
,FRANCE,nestle,nat,,top_company_portfolio_matrix_off_brands,current primary brand is parent/company token; another OFF brand token needs brand-level review,4,NESTLE NAT Miel & Amandes céréales 270g | NAT cereales | NAT ourson chocolat | NAT OURSON MIEL,"nestlé, nat, nat honey & almond | nestlé, nat | nestlé, nat, nat bear chocolate | nestlé, nat, nat bear honey"
cereals,FRANCE,nestle,corn flakes,Nestlé,top_company_portfolio_matrix_product_name,current primary brand is parent/company token; portfolio brand appears in product name,4,Corn flakes | Nestle Corn Flakes | Corn Flakes | Corn flakes choco,nestlé | nestlé | nestlé | nestlé
beverages,FRANCE|DACH,nestle,nespresso,Nestlé,top_company_portfolio_matrix_off_brands,current primary brand is parent/company token; portfolio brand appears in OFF brands field,4,Nespresso Volluto coffeinfrei | Nespresso Ristretto | India | Nespresso Capriccio Capsules - 10 Capsules,"nestlé, nespresso, volluto coffeinfrei | nestlé,nespresso | nestlé, nespresso | nestlé, nespresso"
snacks,FRANCE|DACH,nestle,smarties,Nestlé,top_company_portfolio_matrix_off_brands,current primary brand is parent/company token; portfolio brand appears in OFF brands field,4,SMARTIES Lapin 85g | Smarties Weihnachtskugeln | SMARTIES MINI sachet 315g | SMARTIES Mini figurines 65g,"nestlé, smarties | nestlé, smarties | nestlé, smarties, smarties minis | nestlé,smarties"
dairies,FRANCE|DACH,nestle,la laitiere,,top_company_portfolio_matrix_off_brands,current primary brand is parent/company token; another OFF brand token needs brand-level review,4,Semoule au lait saveur vanille | L'Original MaronSui's | La Laitière - L'Original MarronSui's | Secret de Mousse Chocolat au Lait (4 Pots),"nestlé, la laitière | nestlé, la laitière | nestlé, la laitière | nestlé,la laitière,secret de mousse"
beverages,FRANCE|DACH,coca cola,fanta,Coca-Cola,top_company_portfolio_matrix_off_brands,current primary brand is parent/company token; portfolio brand appears in OFF brands field,4,Fanta Orange | Fanta Lemon ohne Zucker | Fanta | Fanta Mango,"coca-cola, fanta, orange | coca-cola, coca-cola company, fanta | coca-cola, fanta | coca-cola, fanta"
,FRANCE,knorr,knorr,,no_change,no more-specific Top 9 portfolio brand detected,4,Noodles poulet royal | Mushroom noodles | Knorr Pâtes Champignons 70g | Knorr Pâtes Tomate et Fromage,"knorr, nudle, unilever | knorr, unilever | knorr, unilever | knorr, unilever"
,FRANCE,maizena,maizena,,no_change,no more-specific Top 9 portfolio brand detected,4,Fleur de Maïs | Sauceline® Liant express pour Sauces Brunes | Pâte à pizza | Maizena® Fleur de maïs® - Format familial - 700 g,"maizena, unilever | maizena,sauceline,unilever | maizena, unilever | maizena, unilever"
beverages,US_CANADA,nestle,health science,,top_company_portfolio_matrix_off_brands,current primary brand is parent/company token; another OFF brand token needs brand-level review,4,Max Men | High protein complete nutritional drink rich chocolate | Boost Wild Berry Breeze | Chocolate Crazy Kid Essentials,nestlé health science | nestlé health science | nestlé health science | nestlé health science
snacks,US_CANADA|FRANCE,nestle,nestle,,no_change,no more-specific Top 9 portfolio brand detected,4,Coffee Crisp | Turtles Minis | CANDY COATED MILK CHOCOLATE | NESTLE DESSERT Lait,nestle | nestlé | nestlé | nestlé
snacks,US_CANADA|FRANCE,nestle,kitkat,Nestlé,top_company_portfolio_matrix_product_name,current primary brand is parent/company token; portfolio brand appears in product name,3,Classic KitKat | KitKat Gold | Kitkat chunky popcorn,nestlé | nestlé | nestlé
,FRANCE,bledidej,bledina,Danone,top_company_portfolio_matrix_off_brands,known portfolio brand appears in OFF brands field,3,BLEDINA BLEDIDEJ Croissance Miel Saveur Biscuitée 4x250ml Dès 12 Mois | BLEDIDEJ 4x250 ml Céréales Dès 4/6 mois | BLEDINA BLEDIDEJ Saveur Caramel 4x250ml Dès 9 Mois,"bledidej, bledina, danone | blédidej, blédina, danone | blédidej, blédina, danone"
beverages,US_CANADA,the coca cola company,the coca cola company,,no_change,no more-specific Top 9 portfolio brand detected,3,Rasperry Acai Sparking Water | Coca-Cola | Coca-Cola 1.25L,the coca-cola company | the coca-cola company | the coca-cola company
snacks,US_CANADA|FRANCE,hershey,hershey,,no_change,no more-specific Top 9 portfolio brand detected,3,Oh Henry! | Oh Henry! Bites | Oh henry peanut butter,hershey | hershey | hershey
,FRANCE,mondelez,mondelez,,no_change,no more-specific Top 9 portfolio brand detected,3,Cracotte | Cracotte | Cracotte,mondelez | mondelez | mondelez
beverages,US_CANADA|FRANCE,nestle,nesquik,Nestlé,top_company_portfolio_matrix_product_name,current primary brand is parent/company token; portfolio brand appears in product name,3,Nesquik sirop chocolat | Nesquik Cocoa | Nesquik,nestlé | nestlé | nestlé
beverages,US_CANADA|FRANCE,coca cola,coca cola,,no_change,no more-specific Top 9 portfolio brand detected,3,Coca-Cola Zero | Coca-cola Classique | Diet Coca-Cola,coca-cola | coca-cola | coca cola
dairies,FRANCE|DACH|US_CANADA,nestle,coffee mate,Nestlé,top_company_portfolio_matrix_product_name,current primary brand is parent/company token; portfolio brand appears in product name,3,Coffee mate | Vanilla Caramel Zero Sugar Coffee Mate | Coffee mate Hazelnut imp,nestlé | nestlé | nestlé
dairies,FRANCE|DACH,nestle,lc1,,top_company_portfolio_matrix_off_brands,current primary brand is parent/company token; another OFF brand token needs brand-level review,3,Lc1 | LC1 Fruit de la passion | Saison Grenade-Ananas,"nestlé, lc1 | nestlé, lc1, lactalis | nestlé, lc1"
beverages,FRANCE|DACH,fanta,fanta,,no_change,no more-specific Top 9 portfolio brand detected,3,ALDI Coca-Cola Fanta orange 1.49€ plus 0.25€ Pfand 1l 0.75€ | Fanta Orange | Fanta Orange Zero,"fanta,coca-cola | fanta, the coca cola company | fanta,the coca-cola company"
beverages,FRANCE|DACH,nestle,nestea,Nestlé,top_company_portfolio_matrix_off_brands,current primary brand is parent/company token; portfolio brand appears in OFF brands field,3,Nestea Mangue Ananas | Nestea Peach Zero | Nestea Peach,"nestlé, nestea | nestlé, nestea | nestlé, nestea"
beverages,FRANCE|DACH,nestle,nesquik,Nestlé,top_company_portfolio_matrix_product_name,current primary brand is parent/company token; portfolio brand appears in product name,3,"Nestle Nesquik | Nesquik 30% weniger Zucker | Nesquik, 400g",nestlé | nestlé | nestlé
snacks,FRANCE|DACH,mondelez,oreo,Mondelez,top_company_portfolio_matrix_off_brands,current primary brand is parent/company token; portfolio brand appears in OFF brands field,3,Oreo Peanut Butter Flavour | Oreo Chocolate Creme | Oreo,"mondelez, oreo | mondelez, oreo | mondelēz, oreo"
snacks,FRANCE|DACH|SOUTHERN_EUROPE,nestle,nestle,,no_change,no more-specific Top 9 portfolio brand detected,3,Kit Kat Senses | After Eight,nestlé | nestlé | nestlé
beverages,US_CANADA,gold peak,gold peak,,no_change,no more-specific Top 9 portfolio brand detected,3,Zero Sugar Sweet Tea | Sweet Tea Gold Peak | Real Brewed Tea Made with Cane Sugar,"gold peak,cocacola | gold peak, the cocacola company sweet tea gold peak | gold peak,the coca-cola company"
cereals,FRANCE,nestle,uncle tobys,,top_company_portfolio_matrix_off_brands,current primary brand is parent/company token; another OFF brand token needs brand-level review,3,Uncle Toby Cheerios Hny / Oats | Cereals cashews nutty clusters | Cheerios,"nestlé, uncle tobys | nestlé, uncle tobys | nestlé, uncle tobys"
snacks,DACH|FRANCE,nestle,nestle,,no_change,no more-specific Top 9 portfolio brand detected,3,Kit Kat White | Nuts,nestlé | nestlé | nestlé
dairies,FRANCE,danone,oikos,Danone,top_company_portfolio_matrix_product_name,current primary brand is parent/company token; portfolio brand appears in product name,3,Oikos biologique | Oikos plátano y caramelo | Oikos pomme cannelle,danone | danone | danone
dairies,FRANCE,danone,local fruit,,top_company_portfolio_matrix_off_brands,current primary brand is parent/company token; another OFF brand token needs brand-level review,3,Danone aux fruits d'ici fruits rouges 145 g x 2 | Danone aux fruits d'ici fruits jaunes 145 g x 2 | Danone aux fruits d'ici fruits de nos recoltes 145 g x 2,"danone, danone local fruit | danone, danone local fruit | danone, danone local fruit"
beverages,FRANCE,nestle,milo,Nestlé,top_company_portfolio_matrix_off_brands,current primary brand is parent/company token; portfolio brand appears in OFF brands field,3,Energy food drink | Milo | Milo,"nestlé, milo | nestlé, milo | nestlé, milo"
snacks,BENELUX|FRANCE,nestle,smarties,Nestlé,top_company_portfolio_matrix_product_name,current primary brand is parent/company token; portfolio brand appears in product name,3,Smarties Mini | Smarties | Smarties Mini,nestlé | nestlé | nestlé
dairies,FRANCE,danone,jockey nature,,top_company_portfolio_matrix_off_brands,current primary brand is parent/company token; another OFF brand token needs brand-level review,3,"Danone fromage blanc 3,2% de mg 825 x 1 | Danone fromage blanc 3,2% de g nature 100 g x 4 | Danone fromage blanc 480 g x 1","danone, danone jockey nature | danone, danone jockey nature | danone, danone jockey nature"
snacks,BENELUX|FRANCE,nestle,kitkat,Nestlé,top_company_portfolio_matrix_off_brands,current primary brand is parent/company token; portfolio brand appears in OFF brands field,3,"KitKat senses | KitKat Chunky | KITKAT 4 Finger Barre au chocolat au Lait, 41,5g en lot de 6","nestlé, kitkat | nestlé, kitkat | nestlé, kit kat, kitkat"
snacks,BENELUX|FRANCE,nestle,fitness,Nestlé,top_company_portfolio_matrix_product_name,current primary brand is parent/company token; portfolio brand appears in product name,3,Fitness Tiramisu | Fitness Chocolat | Barre de céréales Fitness Delice Chocolat blanc,nestlé | nestlé | nestlé
snacks,BENELUX|FRANCE|DACH,nestle,dessert,,top_company_portfolio_matrix_off_brands,current primary brand is parent/company token; another OFF brand token needs brand-level review,3,Chocolat Noir dessert | Chocolat noir pour préparation pâtissière | Nestlé dessert Noir,"nestlé,nestlé dessert | nestlé, nestlé dessert, tablettes | nestlé, nestle dessert, tablettes"
dairies,US_CANADA,danone,hipro,Danone,top_company_portfolio_matrix_product_name,current primary brand is parent/company token; portfolio brand appears in product name,3,Hipro | Hipro 🍋 | Hipro yaourt coco,danone | danone | danone
dairies,US_CANADA,danone,danonino,Danone,top_company_portfolio_matrix_product_name,current primary brand is parent/company token; portfolio brand appears in product name,3,"Danone, danonino dairy snack, strawberry vanilla | Danone, danonino, dairy snack, strawberry fresa | Dannon, danonino, dairy snack, strawberry, strawberry banana & peach",danone | danone | danone
beverages,FRANCE,nestle,norge,,top_company_portfolio_matrix_off_brands,current primary brand is parent/company token; another OFF brand token needs brand-level review,3,Nescafe Original | Espresso Intenso | STARBUCKS By Nespresso Breakfast Blend 10 capsules,"nestle norge | nestle norge | nestle norge, starbucks, by nespresso"
beverages,FRANCE,nestle,nestle pure life,Nestlé,top_company_portfolio_matrix_product_name,current primary brand is parent/company token; portfolio brand appears in product name,3,"Nestle Pure Life Water Beverage, Acai Grape Splash | Bouteille d'eau Nestlé Pure Life | Nestle Pure Life Water",nestlé | nestlé | nestlé
beverages,FRANCE,nestle,nestea,Nestlé,top_company_portfolio_matrix_product_name,current primary brand is parent/company token; portfolio brand appears in product name,3,"Nestea Eistee, Weißer Pfirsich, Ohne Zucker | Nestea, Mango Ananas | Nestea aromatisé citron & menthe",nestlé | nestlé | nestlé
dairies,US_CANADA,danone,danimals,,top_company_portfolio_matrix_off_brands,current primary brand is parent/company token; another OFF brand token needs brand-level review,3,Strawberry/Birthday Cake Smoothies | Nonfat Strawberry Banana Yogurt | Strawberry/Strawberry Kiwi Smoothies,"danone, danimals | danone, danimals | danone, danimals"
snacks,US_CANADA,coca cola,coca cola,,no_change,no more-specific Top 9 portfolio brand detected,3,coka cola starlight | Coca Cola Starlight Limited Edition | Assorted Glass Collection With Coasters And Mini Pretzels Twists,coca-cola | coca-cola | coca-cola
dairies,FRANCE,kraft,philadelphia,Mondelēz International,top_company_portfolio_matrix_off_brands,known portfolio brand appears in OFF brands field,3,"Philadelphia (6 portions) Nature (23,5% MG) - 100 g - Kraft | Philadelphia (6 portions) Ail & Fines Herbes (21,5% MG) - 100 g - Kraft | Philadelphia Saumon fumé & aneth (10% MG)","kraft, kraft foods, mondelèz international, philadelphia | kraft, kraft foods, mondelèz international, philadelphia | kraft, kraft foods, mondelèz international, philadelphia"
snacks,FRANCE|UK_IE,nestle,aero,Nestlé,top_company_portfolio_matrix_product_name,current primary brand is parent/company token; portfolio brand appears in product name,3,Aero Peppermint | Aero | Aero Delightful Peppermint,nestlé | nestlé | nestlé
snacks,FRANCE|UK_IE|US_CANADA,nestle,nestle,,no_change,no more-specific Top 9 portfolio brand detected,3,"Dark chocolate covered pretzels with peppermint pieces, peppermint | Nestle, butterfinger | Chewy candy video box",nestlé | nestlé | nestlé
beverages,FRANCE,danone,volvic,Danone,top_company_portfolio_matrix_off_brands,current primary brand is parent/company token; portfolio brand appears in OFF brands field,3,"Volvic | Volvic au jus de fraise | 1,5L FRAISE VOLVIC","danone, volvic | danone, volvic | danone,volvic"
beverages,FRANCE,looza,looza,,no_change,no more-specific Top 9 portfolio brand detected,3,Jus d'ananas | Nectar De Fruit : Pêche | Looza Mango Nektar,"looza, pepsico | looza, pepsico | looza, pepsico"
snacks,DACH|FRANCE|SOUTHERN_EUROPE,milka,milka,,no_change,no more-specific Top 9 portfolio brand detected,3,Milka Noisette | Milka Schoko & Keks | Alpine Milk,"milka,mondelez | milka, mondelez | milka,mondelez"
beverages,FRANCE|SOUTHERN_EUROPE|DACH,coca cola,coca cola,,no_change,no more-specific Top 9 portfolio brand detected,3,Coca Zéro | Coca cola zero,coca-cola | coca-cola | coca-cola
beverages,FRANCE|SOUTHERN_EUROPE,starbucks,starbucks,,no_change,no more-specific Top 9 portfolio brand detected,3,Skinny Latte | Frappuccino bebida de café baja grasa | Frappuccino bebida de café con vainilla baja grasa,starbucks | starbucks | starbucks
snacks,SOUTHERN_EUROPE|UK_IE,nestle,nestle,,no_change,no more-specific Top 9 portfolio brand detected,3,Cookie Crisp | Caramac | Black Magic,nestlé | nestlé | nestlé
snacks,UK_IE,nestle,lion,Nestlé,top_company_portfolio_matrix_product_name,current primary brand is parent/company token; portfolio brand appears in product name,3,Lion 2+1 | Lion brownie imp | Lion white,"nestle, тов ""нестле україна"" | nestlé | nestle"
dairies,UK_IE,nestle,lindahls,,top_company_portfolio_matrix_off_brands,current primary brand is parent/company token; another OFF brand token needs brand-level review,3,KVARG STRACCIATELLA | KVARG White Chocolate Flavour | Protein Pudding Chocolate,nestlé lindahls | nestlé lindahl's | nestle lindahls
dairies,FRANCE,nestle,longa vida,,top_company_portfolio_matrix_off_brands,current primary brand is parent/company token; another OFF brand token needs brand-level review,3,Longa Vida | Aroma Banana | Aroma Coco,"nestlé, longa vida | nestlé, longa vida | nestlé, longa vida"
dairies,FRANCE,nestle,lnuf marques,,top_company_portfolio_matrix_off_brands,current primary brand is parent/company token; another OFF brand token needs brand-level review,3,YAOS sur lit de Marrons | Desserts semoule au lait nature La Laitière | Crème Brûlée avec Sachet d'Éclats de Caramel,"nestlé, lnuf marques | nestlé, lnuf marques, la laitière, lactalis | nestlé, lnuf marques, la laitière"
beverages,FRANCE|DACH,special t by nestle,special t by nestle,,no_change,no more-specific Top 9 portfolio brand detected,3,SPECIAL T MENTHE INTENSE - INTENSE MINT | Boîte De 10 Capsules Thé Spécial T. By Nestlé Mandarin Peach | Verveine Bio,spécial t by nestlé | spécial t by nestlé | special t by nestlé
beverages,FRANCE,nestle,nescore,,top_company_portfolio_matrix_off_brands,current primary brand is parent/company token; another OFF brand token needs brand-level review,3,NESTLE NESCORE - Dose individuelle de 3 g | NESTLE NESCORE - Poche de | NESTLÉ® NESCORÉ® Dose Litre de 15g,"nestlé, nescore | nestlé, nescore | nestlé, nescore"
beverages,FRANCE,pepsico,pepsi,PepsiCo,top_company_portfolio_matrix_product_name,current primary brand is parent/company token; portfolio brand appears in product name,3,pepsi | pepsi | Pepsi max,pepsico | pepsico | pepsico
dairies,FRANCE,danone,activia,Danone,top_company_portfolio_matrix_off_brands,current primary brand is parent/company token; portfolio brand appears in OFF brands field,3,Activia 0% MG pack découverte | Yog. act. farro GR. 125X4 Danone | Danone Activia Fibre Semi Fico X4,"danone,activia | danone, activia | danone, activia"
snacks,UK_IE|US_CANADA,mondelez,mondelez,,no_change,no more-specific Top 9 portfolio brand detected,3,Chocolate sandwich cookies - halloween edition | Barny biscuits-sponge strawberry | Trebor Extra Strong Peppermint,mondelez | mondelez | mondelez
,FRANCE,nestle,lion,Nestlé,top_company_portfolio_matrix_off_brands,current primary brand is parent/company token; portfolio brand appears in OFF brands field,3,Céréales Lion caramel et chocolat | lion | NESTLE LION WILD Céréales 360g,"nestlé, lion | nestlé, cereal partners worldwide, lion | nestlé, lion"
snacks,US_CANADA,mondelez,wheat thins,Mondelez,top_company_portfolio_matrix_product_name,current primary brand is parent/company token; portfolio brand appears in product name,3,Nabisco Wheat Thins Crackers Original 1X1 Oz | Wheat Thins original | Wheat Thins sundried tomato & basil,mondelez | mondelez | mondelez international
snacks,FRANCE,biscuiterie lou cocal,biscuiterie lou cocal,,no_change,no more-specific Top 9 portfolio brand detected,3,Biscuit artisanal lunette à la fraise | Financier poire caramel | Financier Framboise & Pistache,biscuiterie lou cocal | biscuiterie lou cocal | biscuiterie lou cocal
dairies,DACH|FRANCE,activia,activia,,no_change,no more-specific Top 9 portfolio brand detected,3,Danone ACTIVIA® Granola & Amaranth 150g | Danone ACTIVIA® Kokos & Dinkel mit Kakao-Splittern 150g | Danone ACTIVIA® Waldfrüchte & Granatapfel (4 x 115g) = 460g,"activia®, danone | activia®, danone | activia®, danone"
dairies,FRANCE,bledilait,bledina,Danone,top_company_portfolio_matrix_off_brands,known portfolio brand appears in OFF brands field,3,"Blédilait croissance vanille | BLEDILAIT Croissance + Maxi Format 1,6kg De 1 à 3 ans | BLEDILAIT CROISSANCE 3 1L (X6) de 10 mois à 36 mois","blédilait, blédina, danone | bledilait, blédina, danone | blédilait, blédilait croissance, blédina, danone"
snacks,FRANCE,hersheys,reeses,Hershey,top_company_portfolio_matrix_off_brands,known portfolio brand appears in OFF brands field,3,White Reese's Peanut Butter Cups | Beurre de cacahuète enrobé de chocolat | Mini Reester Bunnies,"hershey's, reese's | hershey's, reese’s | hershey's, reese's"
,UK_IE,nestle,nestle,,no_change,no more-specific Top 9 portfolio brand detected,3,Crisp rice | Tahini Sauce | Frosted Shredders,nestlé | nestlé | nestle
cereals,FRANCE,nestle,nesquik,Nestlé,top_company_portfolio_matrix_product_name,current primary brand is parent/company token; portfolio brand appears in product name,3,Nestle Nesquik Cereals | Nesquik Knuspermüsli | Nesquik,nestlé | nestlé | nestlé
beverages,BENELUX|FRANCE|DACH,pepsi,pepsi,,no_change,no more-specific Top 9 portfolio brand detected,3,"Pepsi 1,5L | pepsi | Pepsi Max NO SUGAR","pepsi | pepsi | pepsi, pepsi max"
cereals,FRANCE|DACH,nestle,nesquik,Nestlé,top_company_portfolio_matrix_off_brands,current primary brand is parent/company token; portfolio brand appears in OFF brands field,3,NESTLE NESQUIK Céréales 375g | NESTLE NESQUIK Cerealien | NESQUIK Céréales Petit Déjeuner Crunchy Mueslis,"nestle, nesquik | nestlé, cpw, nesquik, nestle nesquik | nestlé, nesquik"
snacks,FRANCE|SOUTHERN_EUROPE,nestle,crunch,,top_company_portfolio_matrix_off_brands,current primary brand is parent/company token; another OFF brand token needs brand-level review,3,CRUNCH SNACK Barre chocolatée - 33g | Snack | CRUNCH Calendrier de l'avent 85g,"nestlé, crunch | nestlé, crunch | nestlé, crunch"
beverages,FRANCE,pepsico,7up,PepsiCo,top_company_portfolio_matrix_product_name,current primary brand is parent/company token; portfolio brand appears in product name,3,"7up | 7UP saveur mojito citron vert & menthe 1,5 L | 7up",pepsico | pepsico | pepsico
snacks,UK_IE,cadbury,cadbury,,no_change,no more-specific Top 9 portfolio brand detected,3,Twirl | Salted caramel fingers | Mini Fingers Biscuits Bag (6x19.3g),"cadbury,mondelez | cadbury,mondelez | cadbury, mondelez"
dairies,FRANCE,nestle,nesquik,Nestlé,top_company_portfolio_matrix_off_brands,current primary brand is parent/company token; portfolio brand appears in OFF brands field,3,Nesquik Chocoballs | Nesquik Go!! | Duo Saveur Chocolat et Vanille,"nestlé,nesquik | nestlé, nesquik | nestlé, nesquik"
dairies,FRANCE,nestle,nescafe,Nestlé,top_company_portfolio_matrix_off_brands,current primary brand is parent/company token; portfolio brand appears in OFF brands field,3,"NESCAFÉ MOKAMBO Poche de 500g | Cappuccino intenso | Nescafe Shakissimo , Light Skinny Latte","nestlé, mokambo, nescafe | nestlé, nescafe | nestlé, nescafe"
beverages,FRANCE|DACH,volvic,volvic,,no_change,no more-specific Top 9 portfolio brand detected,3,"Volvic Nature 50cl PET | Volvic Juicy; Naturell | Volvic Tee Pfirsich 0,75 L EW","volvic, volvicdanone | volvic, danone | volvic, danone"
beverages,FRANCE,unilever,elephant,,top_company_portfolio_matrix_off_brands,current primary brand is parent/company token; another OFF brand token needs brand-level review,3,Infusion un zeste de pep´s citron-menthe | ELEPHANT Mon Infusion Bio Verveine Menthe 20 Sachets Pyramid® | Elephant Infusion Élimination & Bien-Être 25 Sachets,"unilever, éléphant | unilever, éléphant | unilever, élephant"
beverages,SOUTHERN_EUROPE|UK_IE,coca cola,coca cola,,no_change,no more-specific Top 9 portfolio brand detected,3,"Coca-Cola 2,5 | Coca-Cola Zero",coca-cola | coca-cola | coca-cola
dairies,BENELUX|FRANCE,mondelez,philadelphia,Mondelēz International,top_company_portfolio_matrix_off_brands,current primary brand is parent/company token; portfolio brand appears in OFF brands field,3,Philadelphia light | Philadelphia Feel Good | Philadelphia Light,"mondelez, philadelphia | mondelez, philadelphia | mondelez, philadelphia"
beverages,FRANCE,coca cola,monster energy,Coca-Cola,top_company_portfolio_matrix_off_brands,current primary brand is parent/company token; portfolio brand appears in OFF brands field,3,Monster Energy Ultra Strawberry Dreams Zero Sugar | Monster Energy Rio Punch | Lo-cal Monster Energy,"coca-cola company, monster, monster energy | coca-cola company,monster,monster energy | coca-cola company, monster, monster energy"
snacks,FRANCE,hershey,hershey,,no_change,no more-specific Top 9 portfolio brand detected,3,Hershey Cookie N Chocolate | Reese Miniatures Friandise Moules Au Beurre D'arachides | M&M's Milk Chocolate Candies,hershey | hershey | hershey
snacks,FRANCE,grany,grany,,no_change,no more-specific Top 9 portfolio brand detected,3,Grany noisettes | Barre céréales chocolat Grany | Grany Amandes Caramélisées 5 céréales,"grany, lu, mondelez | grany, lu, mondelez | grany, lu, mondelez international"
beverages,FRANCE,coca cola,fanta,Coca-Cola,top_company_portfolio_matrix_product_name,current primary brand is parent/company token; portfolio brand appears in product name,3,Fanta Exotique | Fanta saveur fruit des bois | Fanta 375 mL,coca-cola | coca-cola company | coca-cola
dairies,BENELUX|FRANCE|US_CANADA,danone,hipro,Danone,top_company_portfolio_matrix_product_name,current primary brand is parent/company token; portfolio brand appears in product name,3,Hipro façon stracciatella | Hipro | HiPro Mangue,danone | danone | danone
beverages,FRANCE|UK_IE,nestle,nescafe,Nestlé,top_company_portfolio_matrix_off_brands,current primary brand is parent/company token; portfolio brand appears in OFF brands field,3,Nescafe Original | Nescafé Gold Blend | Nescafe Azera Intenso 100G,"nestlé, nescafé | nestlé, nescafé | nestlé, nescafé"
dairies,US_CANADA,activia,activia,,no_change,no more-specific Top 9 portfolio brand detected,3,Activia Greek Vanilla | Activia Base Peach | Activia Base Strawberry,"activia,dannon,danone | activia, danone, dannon | activia,danone"
beverages,FRANCE|DACH,coca cola,coca cola light,Coca-Cola,top_company_portfolio_matrix_off_brands,current primary brand is parent/company token; portfolio brand appears in OFF brands field,3,Coca - Cola light taste koffeinfrei | cherry zero | Cocacola Light,"coca-cola, coca-cola-light | coca-cola, coca-cola-light | coca cola,coca-cola-light"
dairies,FRANCE|US_CANADA,kraft,kraft,,no_change,no more-specific Top 9 portfolio brand detected,3,Grated Parmesan Cheese | Parmesan Cheese | Natural cheese extra sharp cheddar,kraft | kraft | kraft
dairies,UK_IE,munch bunch,munch bunch,,no_change,no more-specific Top 9 portfolio brand detected,3,squashums | Munch Bunch Squashums Yogurt Drinks Strawberry | Squashums Yogurt Strawberry & Peach,"munch bunch, nestlé | munch bunch,squashums,nestlé | munch bunch,nestle,squashums"
dairies,UK_IE,mondelez,mondelez,,no_change,no more-specific Top 9 portfolio brand detected,3,Dairylea | Dairylea Dunkers | Dairy milk winter orange crisp,mondelez | mondelez | mondelez
dairies,UK_IE,honestly tasty,honestly tasty,,no_change,no more-specific Top 9 portfolio brand detected,3,Blue plant based cheese | Garlic & Herb | Bree,honestly tasty | honestly tasty | honestly tasty
beverages,FRANCE,pepsico,tropicana,,top_company_portfolio_matrix_off_brands,current primary brand is parent/company token; another OFF brand token needs brand-level review,3,"Tropicana Pure premium douceur du matin 1 L + 10% offerts | Pure Premium Ananas Plaisir | Créations Originales, Pure Premium Orange Fraise","pepsico, tropicana | pepsico, tropicana | pepsico, tropicana"
snacks,FRANCE,nestle,docello,,top_company_portfolio_matrix_off_brands,current primary brand is parent/company token; another OFF brand token needs brand-level review,3,"Flan Pâtissier ou Crème Pâtissière NESTLE Docello Étui de 1,2 kg pour 50 portions | Mousse Blanche NESTLE Docello Étui de 1 kg pour 97 portions | Mousse au Chocolat Blanc NESTLÉ Docello Etui de 1kg pour 85 portions","nestlé, docello | nestlé, docello | nestlé, docello"
snacks,FRANCE,lion,lion,,no_change,no more-specific Top 9 portfolio brand detected,3,Peanut Barre | Barre chocolatée | Lion barre chocolatée,"lion, nestlé | lion, nestlé | lion, nestlé"
snacks,FRANCE,mondelez,opavia,,top_company_portfolio_matrix_off_brands,current primary brand is parent/company token; another OFF brand token needs brand-level review,3,Kolonáda lázeňské oplatky oříškové | Lázeňské oplatky Kolonáda - čokoládové | ZLATÉ ESÍČKA,"mondelez,opavia | mondelez,opavia | mondelez,opavia"
snacks,FRANCE,mondelez,norge as,,top_company_portfolio_matrix_off_brands,current primary brand is parent/company token; another OFF brand token needs brand-level review,3,Stimorol Max | Mini prince | Daim Mini Cylinder,mondelez norge as | mondelez norge as | mondelez norge as
snacks,FRANCE,nestle,cailler,Nestlé,top_company_portfolio_matrix_off_brands,current primary brand is parent/company token; portfolio brand appears in OFF brands field,3,Assortiment La Branche Mini | L'Ecorcé Chocolat noir 70% | Pralinés noirs pétillants au Marc de champagne,"nestlé, cailler | nestlé,cailler | nestlé, cailler"
dairies,BENELUX|FRANCE,starbucks,starbucks,,no_change,no more-specific Top 9 portfolio brand detected,3,Vanilla Macchiato | Starbucks caramel macchiato | Noisette/Hazelnut Macchiato,starbucks | starbucks | starbucks
cereals,UK_IE,starbucks,starbucks,,no_change,no more-specific Top 9 portfolio brand detected,3,Classic oatmeal | Five grain oatmeal | Classic Oatmeal,starbucks | starbucks | starbucks
beverages,UK_IE,coca cola,dr pepper,Coca-Cola,top_company_portfolio_matrix_product_name,current primary brand is parent/company token; portfolio brand appears in product name,3,Dr Pepper | Dr pepper | Dr Pepper,coca-cola | coca-cola | coca-cola
dairies,BENELUX|FRANCE,danone,danonino,Danone,top_company_portfolio_matrix_product_name,current primary brand is parent/company token; portfolio brand appears in product name,3,Danonino Fromage frais aux fruits Duo | Danonino | Danonino,danone | danone | danone
snacks,FRANCE,mondelez,toblerone,Mondelez,top_company_portfolio_matrix_off_brands,current primary brand is parent/company token; portfolio brand appears in OFF brands field,3,Assortiment Lait Noir Blanc | Toblerone Weiße Schokolade mit Honig & Mandelnougat | Chocolat au lait,"mondelez, toblerone | mondelez, toblerone | mondelez, toblerone"
beverages,FRANCE,pepsico,pepsico,,no_change,no more-specific Top 9 portfolio brand detected,3,Pitch black soda | Tropicana Orange Juice Original | Jus de Raisin 1L,pepsico | pepsico | pepsico
dairies,FRANCE|UK_IE,danone,actimel,Danone,top_company_portfolio_matrix_product_name,current primary brand is parent/company token; portfolio brand appears in product name,3,Actimel Immune Support | Actimel Immune Support | Actimel 0%,danone | danone | danone
beverages,FRANCE|DACH,coca cola,life,,top_company_portfolio_matrix_off_brands,current primary brand is parent/company token; another OFF brand token needs brand-level review,3,Coca Cola Life | Coca cola Life | Coca Cola Life,"coca cola, coca cola life | coca-cola, coca-cola life | coca cola life, coca-cola"
dairies,FRANCE|BENELUX,danone,danone,,no_change,no more-specific Top 9 portfolio brand detected,3,"Cottage Cheese | Greek Style Joghurt, Zitrusfrüchte / Citrus | Aardbei",danone | danone | danone
dairies,FRANCE,nestle,yaos,,top_company_portfolio_matrix_off_brands,current primary brand is parent/company token; another OFF brand token needs brand-level review,3,"Yaos sur lit de miel | Yaos sur lit de Cerises | Yaourt a la grecque, morceau de cerises","nestlé yaos | nestlé, nestle yaos, yaos | nestlé, yaos"
beverages,FRANCE|DACH,nestle,specialt by nestle,,top_company_portfolio_matrix_off_brands,current primary brand is parent/company token; another OFF brand token needs brand-level review,3,Special T Lemon & Ginger | Boîte De 10 Capsules Spécial. t By Nestlé Lemon Sorbet,"nestlé, special‘t by nestlé | nestlé, special‘t by nestlé | nestlé, special‘t by nestlé, special.t"
cereals,FRANCE|UK_IE,nestle,shreddies,Nestlé,top_company_portfolio_matrix_product_name,current primary brand is parent/company token; portfolio brand appears in product name,3,Nestle Shreddies Coco 500g | Shreddies | The original shreddies,nestlé | nestlé | nestlé
snacks,FRANCE,nestle,nesquik,Nestlé,top_company_portfolio_matrix_product_name,current primary brand is parent/company token; portfolio brand appears in product name,3,Nesquik | Nesquik Mini | Nesquik Chocolate Milk Flavouring,nestlé | nestlé | nestlé
snacks,FRANCE|SOUTHERN_EUROPE,nestle,fitness,Nestlé,top_company_portfolio_matrix_product_name,current primary brand is parent/company token; portfolio brand appears in product name,3,Nestlé Fitness 8X23.5G Suklaa Viljavälipalapatukka | Fitness | Milk Chocolate Fitness,nestlé | nestle | nestlé
snacks,FRANCE,nestle,kohler,,top_company_portfolio_matrix_off_brands,current primary brand is parent/company token; another OFF brand token needs brand-level review,3,Chocolat noir Kohler | Chocolat noir pâtissier | Chocolat noir 170g,"nestlé, kohler | nestlé, kohler | nestlé, kohler"
beverages,BENELUX|FRANCE|SOUTHERN_EUROPE,nestle,nestle,,no_change,no more-specific Top 9 portfolio brand detected,3,Eau pure life | Pure life | Nesquick,nestlé | nestlé | nestlé
beverages,DACH|BENELUX|FRANCE|SOUTHERN_EUROPE|UK_IE,coca cola,coca cola,,no_change,no more-specific Top 9 portfolio brand detected,3,Coca-Cola Zero Azúcar | Coca-Cola Zero 500ml черная крышка | Original Taste,coca-cola | coca-cola | coca-cola
snacks,FRANCE,nestle,kit kat ball,,top_company_portfolio_matrix_off_brands,current primary brand is parent/company token; another OFF brand token needs brand-level review,3,"KITKAT Ball, Billes au chocolat Blanc, 200g | KITKAT BALL Chocolat blanc 100g | Billes chocolat au lait","nestlé, kit kat ball | nestlé, kit kat ball | nestlé, kit kat ball"
,FRANCE,heinz,heinz,,no_change,no more-specific Top 9 portfolio brand detected,3,Maïs Doux | Lay's super chips kenz tomato ketchup | Chips Lay's heinz tomato ketchup,heinz | heinz | heinz
beverages,BENELUX|FRANCE|DACH,coca cola,fanta,Coca-Cola,top_company_portfolio_matrix_product_name,current primary brand is parent/company token; portfolio brand appears in product name,3,"Fanta orange | 3CL CAN TUTTI FRUTTI FANTA | Fanta 0,2",coca-cola company | coca-cola company | coca-cola
beverages,BENELUX|FRANCE|SOUTHERN_EUROPE,aquarius,aquarius,,no_change,no more-specific Top 9 portfolio brand detected,3,Lemon | Aquarius Naranja | Aquarius Redpeach,"aquarius, the coca-cola company | aquarius,the coca-cola company,coca-cola | aquarius, the coca-cola company"
cereals,FRANCE|SOUTHERN_EUROPE,nestle,chocapic,Nestlé,top_company_portfolio_matrix_product_name,current primary brand is parent/company token; portfolio brand appears in product name,3,Chocapic | Chocapic Original | Chocapic,nestlé | nestlé | nestlé
beverages,UK_IE,coca cola,coke,,top_company_portfolio_matrix_off_brands,current primary brand is parent/company token; another OFF brand token needs brand-level review,3,Diet Coke No Caffiene 8x330ml Cans | Diet Coke | Coca-Cola,"coca cola, coke | coca-cola, coke | coca-cola,coke"
cereals,UK_IE,nestle,corn flakes,Nestlé,top_company_portfolio_matrix_product_name,current primary brand is parent/company token; portfolio brand appears in product name,3,Corn Flakes | Go Free Gluten Free Corn Flakes imp | Corn Flakes,nestle | nestle | nestlé
cereals,BENELUX|FRANCE,nestle,lion,Nestlé,top_company_portfolio_matrix_off_brands,current primary brand is parent/company token; portfolio brand appears in OFF brands field,3,NESTLE LION Céréales 400g | NESTLE LION céréales 675g​ | LION BIO Céréales - Boite de 400g,"nestlé, lion | nestlé, lion | nestlé, lion, lion bio"
beverages,BENELUX|FRANCE,nestle,nestle,,no_change,no more-specific Top 9 portfolio brand detected,3,"Code-barres inexistant et/ou fiche incomplète, obsolète ou en doublon | Pure Life | Bonjour cafe au lait à la chicorée",nestlé | nestlé | nestlé
beverages,BENELUX|FRANCE,nestle,nesquik,Nestlé,top_company_portfolio_matrix_product_name,current primary brand is parent/company token; portfolio brand appears in product name,3,Nestle Nesquik Mini Pack | Nesquik | Nesquik,nestlé | nestlé | nestlé
snacks,FRANCE|DACH,nestle,kitkat,Nestlé,top_company_portfolio_matrix_product_name,current primary brand is parent/company token; portfolio brand appears in product name,3,KitKat with ruby cocoa beans | KitKat saveur caramel cappuccino | Kitkat White,nestlé | nestlé | nestlé
snacks,US_CANADA|FRANCE,nestle,aero,Nestlé,top_company_portfolio_matrix_product_name,current primary brand is parent/company token; portfolio brand appears in product name,3,Aero Milk Chocolate Bar | Aero Peppermint | Barre De Chocolat Aero (grand Format),nestlé | nestle | nestlé
snacks,US_CANADA|FRANCE,milka,milka,,no_change,no more-specific Top 9 portfolio brand detected,3,Bubbly Alpine milk | Choco Wafer | Choco Biscuits,"milka,mondelez | milka,mondelez | milka,mondelez"
snacks,US_CANADA|FRANCE,nestle,dessert,,top_company_portfolio_matrix_off_brands,current primary brand is parent/company token; another OFF brand token needs brand-level review,2,NESTLÉ DESSERT Caramel 170g | NESTLE DESSERT Blanc 180g,"nestlé, nestle dessert, tablettes | nestlé, nestlé dessert, tablettes"
beverages,US_CANADA,starbucks,conifer specialties inc,,top_company_portfolio_matrix_off_brands,current primary brand is parent/company token; another OFF brand token needs brand-level review,2,"Starbucks, hot cocoa mix, peppermint | Hot Cocoa Mix, Classic","starbucks, conifer specialties inc. | starbucks, conifer specialties inc."
beverages,US_CANADA,starbucks,via,,top_company_portfolio_matrix_off_brands,current primary brand is parent/company token; another OFF brand token needs brand-level review,2,Refreshers Instant Beverage | Vanilla latte,starbucks via | starbucks via
beverages,US_CANADA,pepsico,mountain dew,PepsiCo,top_company_portfolio_matrix_product_name,current primary brand is parent/company token; portfolio brand appears in product name,2,Mountain Dew Code Red | Mountain Dew,pepsico | pepsico
beverages,US_CANADA,pepsico,pepsico,,no_change,no more-specific Top 9 portfolio brand detected,2,Man Dew Maui Burst - (20 OZ) | MTN Dew,pepsico | pepsico
beverages,US_CANADA,minute maid,minute maid,,no_change,no more-specific Top 9 portfolio brand detected,2,Minute Maid - Lemonade | Duvalin Bi Sabor,"minute maid,coca-cola | minute maid,coca-cola"
beverages,US_CANADA,mountain dew,mountain dew,,no_change,no more-specific Top 9 portfolio brand detected,2,Mountain Dew Maui Burst | Mtn Dew,"mountain dew,mtn dew,pepsico | mountain dew,mtn dew,pepsi"
,FRANCE,dr oetker,kraft,Kraft Heinz,top_company_portfolio_matrix_off_brands,known portfolio brand appears in OFF brands field,2,Vitalis Muesli Croustillant Raisins | Vitalis Roasted Muesli Chocolat Noisettes,"dr. oetker, kraft | dr. oetker, kraft"
snacks,FRANCE|SOUTHERN_EUROPE,lays,lays,,no_change,no more-specific Top 9 portfolio brand detected,2,Boca Bits,"lay's,pepsico | lay's,pepsico"
snacks,FRANCE|SOUTHERN_EUROPE,lu,lu,,no_change,no more-specific Top 9 portfolio brand detected,2,Pépito - Chocolat noir | Mini Principe,"lu, mondelez international | lu,mondelez"
snacks,FRANCE|DACH,mondelez,toblerone,Mondelez,top_company_portfolio_matrix_off_brands,current primary brand is parent/company token; portfolio brand appears in OFF brands field,2,Toblerone | Calendrier de l’avent toblerone,"mondelez international, toblerone | mondelez, toblerone"
snacks,FRANCE|DACH|NORDICS,marabou,marabou,,no_change,no more-specific Top 9 portfolio brand detected,2,Frukt & Mandel,"marabou, mondelez | marabou, mondelez"
snacks,FRANCE|DACH,reeses,reeses,,no_change,no more-specific Top 9 portfolio brand detected,2,Peanut Butter Cups 3 Pack | Reese’s Trio,"reese's, the hershey company | reese's, the hershey company, hersmex"
snacks,FRANCE|DACH,nestle,nesquik,Nestlé,top_company_portfolio_matrix_product_name,current primary brand is parent/company token; portfolio brand appears in product name,2,Nesquik moins de sucre | Nesquik Snack Kakao,nestlé | nestlé
snacks,FRANCE|DACH|US_CANADA,reeses,reeses,,no_change,no more-specific Top 9 portfolio brand detected,2,Giant Peanut Butter Cups (2 Stück à je 225 g) | Peanut Butter Cups - Miniatures,"reese's, reese's - hershey's | reese's, reese's - the hershey company"
snacks,FRANCE|DACH|US_CANADA,nestle,toll house,,top_company_portfolio_matrix_off_brands,current primary brand is parent/company token; another OFF brand token needs brand-level review,2,DARK CHOCOLATE MORSELS | BUTTER-SCOTCH MORSELS,nestlé toll house | nestlé toll house
beverages,BENELUX|FRANCE,elephant,elephant,,no_change,no more-specific Top 9 portfolio brand detected,2,Elephant Mon Infusion Bio Rooibos Pomme Touche de Cannelle 20 Sachets Pyramid® | Elephant Tisane Bio Verveine 20 Sachets Pyramid®,"elephant, unilever | elephant, unilever"
snacks,FRANCE|DACH|SOUTHERN_EUROPE,milka,milka,,no_change,no more-specific Top 9 portfolio brand detected,2,Milka - Riz croustillant | Milka MMMAX Oreo,"milka, mondelez | milka,mondelez,oreo"
,FRANCE,nestle,naturnes bio,,top_company_portfolio_matrix_off_brands,current primary brand is parent/company token; another OFF brand token needs brand-level review,2,"Poireau, lentilles corail, quinoa | Tomate, courgette, lentilles corail, boulgour","nestlé, naturnes bio | nestlé, naturnes bio"
,FRANCE,nestle,mix,,top_company_portfolio_matrix_off_brands,current primary brand is parent/company token; another OFF brand token needs brand-level review,2,NESTLE MIX Céréales 190g | Nestle mix - 570g,"nestlé, mix | nestlé, mix"
snacks,US_CANADA,mondelez,delicje,,top_company_portfolio_matrix_off_brands,current primary brand is parent/company token; another OFF brand token needs brand-level review,2,Delicje Cookies Strawberry | Delicje Cookies Raspberry,"mondelez,delicje | mondelez,delicje"
snacks,US_CANADA,oreo,oreo,,no_change,no more-specific Top 9 portfolio brand detected,2,Golden sandwich cookies | Oreo Gold Red Velvet,"oreo, mondelez | oreo, mondelez"
cereals,BENELUX|FRANCE|DACH,nestle,fitness,Nestlé,top_company_portfolio_matrix_off_brands,current primary brand is parent/company token; portfolio brand appears in OFF brands field,2,NESTLE FITNESS Chocolat Noir Céréales 375g | Fitness Delice Céréales croustillantes avec un coeur aux fruits rouges,"nestlé, fitness, fitness dark chocolate | nestlé, fitness"
cereals,BENELUX|FRANCE|DACH,nestle,chocapic,Nestlé,top_company_portfolio_matrix_off_brands,current primary brand is parent/company token; portfolio brand appears in OFF brands field,2,NESTLE CHOCAPIC Céréales 375g | NESTLE CHOCAPIC BIO Céréales - Boite de 375g,"nestlé, chocapic | nestlé,chocapic"
cereals,BENELUX|FRANCE|DACH,nestle,cheerios,Nestlé,top_company_portfolio_matrix_off_brands,current primary brand is parent/company token; portfolio brand appears in OFF brands field,2,Cheerios Crunchy Muesli | CHEERIOS BIO Céréale 375g,"nestlé, cheerios | nestlé, cheerios"
cereals,BENELUX|FRANCE|SOUTHERN_EUROPE|DACH,nestle,nestle,,no_change,no more-specific Top 9 portfolio brand detected,2,Céréales Cookie Crisp,nestlé | nestlé
dairies,FRANCE|SOUTHERN_EUROPE,nestle,la lechera,Nestlé,top_company_portfolio_matrix_product_name,current primary brand is parent/company token; portfolio brand appears in product name,2,La Lechera leche condensada | Natillas La Lechera Vainilla 4 X,nestlé | nestlé
dairies,FRANCE|UK_IE,danone,danone,,no_change,no more-specific Top 9 portfolio brand detected,2,Oykos Peach Luxury Greek Style Yogurt | Free Peach Passion Fruit 0% Fat & 0% Added Sugar Yogurt 4 x,danone | danone
dairies,FRANCE|UK_IE,danone,danio,Danone,top_company_portfolio_matrix_product_name,current primary brand is parent/company token; portfolio brand appears in product name,2,Danio Blueberry | Danio Cherry,danone | danone
dairies,FRANCE|SOUTHERN_EUROPE|US_CANADA,nestle,coffee mate,Nestlé,top_company_portfolio_matrix_product_name,current primary brand is parent/company token; portfolio brand appears in product name,2,Nestle coffee-mate coffee creamer canister | Coffee mate,nestlé | nestlé
dairies,FRANCE|SOUTHERN_EUROPE,starbucks,starbucks,,no_change,no more-specific Top 9 portfolio brand detected,2,Starbucks Capuccino | Café Caramel Macchiato,starbucks | starbucks
dairies,FRANCE|US_CANADA,danone,actimel,Danone,top_company_portfolio_matrix_product_name,current primary brand is parent/company token; portfolio brand appears in product name,2,Actimel | Actimel x6 shots,danone | danone
dairies,FRANCE|UK_IE,nestle,milkybar,Nestlé,top_company_portfolio_matrix_product_name,current primary brand is parent/company token; portfolio brand appears in product name,2,Milkybar Mousse | Milkybar Dessert,nestlé | nestlé
dairies,UK_IE,activia,activia,,no_change,no more-specific Top 9 portfolio brand detected,2,Activia Intensely Creamy Bursting Blueberry,"activia,danone | activia,danone"
dairies,FRANCE|US_CANADA,starbucks,starbucks,,no_change,no more-specific Top 9 portfolio brand detected,2,"Pumpkin spice latte iced espresso beverage, pumpkin spice latte | Caramel",starbucks | starbucks
dairies,FRANCE,nestle,milo,,top_company_portfolio_matrix_off_brands,current primary brand is parent/company token; another OFF brand token needs brand-level review,2,Nourishing Energy Drink | Cocoa Malt Beverage,nestlé milo | nestlé milo
dairies,FRANCE,nestlehealthscience,nestlehealthscience,,no_change,no more-specific Top 9 portfolio brand detected,2,clinutren | Orel impact,nestléhealthscience | nestlehealthscience
dairies,FRANCE,nestle,ricore,,top_company_portfolio_matrix_off_brands,current primary brand is parent/company token; another OFF brand token needs brand-level review,2,"RICORE Cappuccino, Café & Chicorée, Boîte 243g | RICORE au lait d'amande","nestlé, ricore | nestlé, ricoré"
dairies,FRANCE,nestle,ptit souper,,top_company_portfolio_matrix_off_brands,current primary brand is parent/company token; another OFF brand token needs brand-level review,2,NESTLE P'TIT SOUPER Lait Légumes Verts Riz - 2 x 250ml - Dès 6 mois | NESTLE P'TIT SOUPER Lait Carottes Riz - 2 x 250ml - Dès 6 mois,"nestlé, p'tit souper | nestlé, p'tit souper"
dairies,FRANCE|DACH,ben and jerrys,ben and jerrys,,no_change,no more-specific Top 9 portfolio brand detected,2,Ben & Jerry's Glace en Pot Vegan Sundae Berry Revolutionary 427ml | Ben & Jerry's Vegan Glace Pot Peanut Butter 500ml,"ben & jerry's, unilever | ben & jerry's, unilever"
beverages,FRANCE|DACH,pepsico,pepsi,PepsiCo,top_company_portfolio_matrix_product_name,current primary brand is parent/company token; portfolio brand appears in product name,2,Pepsi Max Cherry | Pepsi Dose,pepsico | pepsico
dairies,FRANCE|SOUTHERN_EUROPE,danone,actimel,Danone,top_company_portfolio_matrix_off_brands,current primary brand is parent/company token; portfolio brand appears in OFF brands field,2,Actimel fresa | Actimel Natural x12,"danone, actimel | danone,actimel"
snacks,UK_IE,kit kat,kitkat,Nestlé,top_company_portfolio_matrix_off_brands,known portfolio brand appears in OFF brands field,2,Kit Kat F1 race cars | KitKat Original,"kit kat, nestlé | kit kat, nestlé"
snacks,UK_IE,heinz,heinz,,no_change,no more-specific Top 9 portfolio brand detected,2,"Strawberry, Banana, Raspberry and Apple",heinz | heinz
beverages,FRANCE|DACH|UK_IE,coca cola,coca cola,,no_change,no more-specific Top 9 portfolio brand detected,2,Coca-Cola cherry | Cherry,"coca-cola, the coca-cola company | coca-cola"
beverages,FRANCE|DACH|SOUTHERN_EUROPE|UK_IE,fanta,fanta,,no_change,no more-specific Top 9 portfolio brand detected,2,Fanta Naranja | fanta Orange,"fanta,coca-cola | fanta,the coca-cola company,coca-cola"
dairies,FRANCE,nestle,guigoz,,top_company_portfolio_matrix_off_brands,current primary brand is parent/company token; another OFF brand token needs brand-level review,2,GUIGOZ OPTIPRO Lait Infantile 900g 1er âge dès la Naissance | GUIGOZ Optipro 5HMO 2 830g,"nestlé,guigoz,laboratoires guigoz, guigoz 1 | nestlé,guigoz,guigoz optipro"
dairies,FRANCE,nestle,gloria,,top_company_portfolio_matrix_off_brands,current primary brand is parent/company token; another OFF brand token needs brand-level review,2,GLORIA Lait concentré non sucré entier briquettes 3x20cl | Gloria Lait entier concentré non sucré,"nestlé,gloria | nestlé, gloria"
dairies,FRANCE,nestle,flanby,,top_company_portfolio_matrix_off_brands,current primary brand is parent/company token; another OFF brand token needs brand-level review,2,Flanby | Flanby,"nestlé, flanby | nestlé, flanby"
beverages,FRANCE|DACH,starbucks,starbucks,,no_change,no more-specific Top 9 portfolio brand detected,2,Signature Chocolate | STARBUCKS Spécialités instantanées en stick - Caramel,starbucks | starbucks
beverages,FRANCE,unilever,unilever,,no_change,no more-specific Top 9 portfolio brand detected,2,green tea to go | Early grey.,unilever | unilever
dairies,US_CANADA,dannon,dannon,,no_change,no more-specific Top 9 portfolio brand detected,2,Lowfat yogurt | Greek nonfat yogurt & sauce,"dannon, the danone group | dannon, the danone group"
dairies,US_CANADA,coffeemate,coffee mate,Nestlé,top_company_portfolio_matrix_off_brands,known portfolio brand appears in OFF brands field,2,Salted Caramel Chocolate Creamer | Butterscotch Latte Coffee creamer,"coffeemate,nestle | coffeemate,nestle"
dairies,UK_IE,nestle,nesquik,Nestlé,top_company_portfolio_matrix_product_name,current primary brand is parent/company token; portfolio brand appears in product name,2,Nesquik all natural strawberry flavour milk drink | Nesquik Carmen choco,nestlé | nestlé
dairies,UK_IE,nestle,milkybar,Nestlé,top_company_portfolio_matrix_product_name,current primary brand is parent/company token; portfolio brand appears in product name,2,Milkybar mixups | Milkybar Gold,nestlé | nestlé
dairies,UK_IE,mondelez,philadelphia,Mondelēz International,top_company_portfolio_matrix_product_name,current primary brand is parent/company token; portfolio brand appears in product name,2,Philadelphia | Salmon philadelphia,mondelez | mondelez international
dairies,UK_IE,light and free,light and free,,no_change,no more-specific Top 9 portfolio brand detected,2,Light &free | Light & Free Greek Style Yogurt,"light & free,danone | light & free,danone"
dairies,UK_IE,danone,simply,The Coca-Cola Company,top_company_portfolio_matrix_product_name,current primary brand is parent/company token; portfolio brand appears in product name,2,Danone simply fruit strawberry | Simply fruit,danone | danone
beverages,FRANCE,nestle,tradicore,,top_company_portfolio_matrix_off_brands,current primary brand is parent/company token; another OFF brand token needs brand-level review,2,NESTLÉ TRADICORÉ Poche de | NESTLE TRADICORE Dose litre de 15 g,"nestlé, tradicore | nestlé, tradicore"
beverages,FRANCE,nestle,tonimalt,,top_company_portfolio_matrix_off_brands,current primary brand is parent/company token; another OFF brand token needs brand-level review,2,TONIMALT Poudre Cacaotée | TONIMALT Poudre Cacaotée boîte 455g,"nestlé, tonimalt | nestlé, tonimalt"
dairies,UK_IE,nestle,coffee mate,Nestlé,top_company_portfolio_matrix_product_name,current primary brand is parent/company token; portfolio brand appears in product name,2,Coffee Mate | Coffee Mate,nestle | nestle
dairies,UK_IE,nestle,carnation,Nestlé,top_company_portfolio_matrix_product_name,current primary brand is parent/company token; portfolio brand appears in product name,2,Carnation | Carnation evaporated milk,nestle | nestlé
dairies,FRANCE,nestle,docello,,top_company_portfolio_matrix_off_brands,current primary brand is parent/company token; another OFF brand token needs brand-level review,2,Mousse Noire au Chocolat NESTLÉ Docello Etui de 1 kg pour 70 portions | Crème Tiramisù NESTLÉ Docello Etui de 800 g (2 x 400 g) pour 56 portions,"nestlé, docello | nestlé, docello"
dairies,FRANCE,nestle,coffee mate,Nestlé,top_company_portfolio_matrix_product_name,current primary brand is parent/company token; portfolio brand appears in product name,2,Nestle Coffee-mate 500G | Nestle Coffee-mate Coffee Creamer,nestlé | nestlé
dairies,FRANCE,nestle,after eight,,top_company_portfolio_matrix_off_brands,current primary brand is parent/company token; another OFF brand token needs brand-level review,2,After Eight Mousse | After Eight,"nestlé,after eight | nestlé, after eight"
dairies,FRANCE,mondelez,philadelphia,Mondelēz International,top_company_portfolio_matrix_product_name,current primary brand is parent/company token; portfolio brand appears in product name,2,Philadelphia Original | Philadelphia Serek Twarogowy Light,mondelèz | mondelez
dairies,FRANCE,miko,miko,,no_change,no more-specific Top 9 portfolio brand detected,2,Miko Swedish Glace Smooth Vanilla | Douceur de Vanille au Soja,"miko, swedish glace, unilever | miko,swedish glace,unilever"
dairies,FRANCE,nestle,health science,,top_company_portfolio_matrix_off_brands,current primary brand is parent/company token; another OFF brand token needs brand-level review,2,Clinutren dessert gourmand saveur vanille | Optifast Cafe 53GR 12 Sobres,"nestlé health science, nestlé health science france | nestlé health science"
beverages,FRANCE|DACH,specialt by nestle,specialt by nestle,,no_change,no more-specific Top 9 portfolio brand detected,2,Infusion After Meal | Merry mango,special‘t by nestlé | special‘t by nestlé
beverages,FRANCE,nestle,nespresso,,top_company_portfolio_matrix_off_brands,current primary brand is parent/company token; another OFF brand token needs brand-level review,2,Inizio | Voltesso,nestlé nespresso | nestle nespresso
beverages,FRANCE,pepsico,mountain dew,PepsiCo,top_company_portfolio_matrix_product_name,current primary brand is parent/company token; portfolio brand appears in product name,2,Mountain dew | Mountain Dew,pepsico | pepsico
beverages,FRANCE,pepsico,mirinda,PepsiCo,top_company_portfolio_matrix_product_name,current primary brand is parent/company token; portfolio brand appears in product name,2,mirinda pomme | Mirinda,pepsico | pepsico
beverages,FRANCE,pepsico,inc,,top_company_portfolio_matrix_off_brands,current primary brand is parent/company token; another OFF brand token needs brand-level review,2,Mirinda Gout Fraise | Mirínda,pepsico inc. | pepsico inc.
snacks,FRANCE|US_CANADA,nestle,toll house,,top_company_portfolio_matrix_off_brands,current primary brand is parent/company token; another OFF brand token needs brand-level review,2,Semi-Sweet Morsels | Dark Chocolate Morsels,nestlé toll house | nestle toll house
beverages,FRANCE,nestle,nestea,Nestlé,top_company_portfolio_matrix_off_brands,current primary brand is parent/company token; portfolio brand appears in OFF brands field,2,Thé Glacé Saveur Pêche Blanche | Nestea Lemon,"nestlé, nestea | nestlé, nestea"
dairies,US_CANADA,nestle,coffeemate,,top_company_portfolio_matrix_off_brands,current primary brand is parent/company token; another OFF brand token needs brand-level review,2,Natural Bliss All Natural Sweet Cream Coffee Creamer | Natural bliss real milk and cream,nestle coffeemate | nestle coffeemate
,FRANCE|DACH,nestle,nestle,,no_change,no more-specific Top 9 portfolio brand detected,2,Nestle Crunch Chocolate Milk Cereal | Golden Minis,nestlé | nestlé
,FRANCE|DACH,nestle,nesquik,Nestlé,top_company_portfolio_matrix_off_brands,current primary brand is parent/company token; portfolio brand appears in OFF brands field,2,NESQUIK Céréales 750g | Nesquik au riz souflé,"nestlé, nesquik | nestlé, nesquik"
,FRANCE|DACH,nestle,maggi,Nestlé,top_company_portfolio_matrix_off_brands,current primary brand is parent/company token; portfolio brand appears in OFF brands field,2,MAGGI Soupe Chinoise 60g | Nudeln gebratene Ente,"nestlé, maggi | nestlé, maggi"
snacks,UK_IE,nestle,quality street,Nestlé,top_company_portfolio_matrix_off_brands,current primary brand is parent/company token; portfolio brand appears in OFF brands field,2,Quality street | Quality Street Matchmakers Honeycomb,"nestle, quality street | nestlé, quality street"
beverages,FRANCE|NORDICS,coca cola,european partners norge a,,top_company_portfolio_matrix_off_brands,current primary brand is parent/company token; another OFF brand token needs brand-level review,2,"Sprite | Coca-Cola Classic 0,33l",coca-cola european partners norge a | coca-cola european partners norge a
beverages,FRANCE|NORDICS,coca cola,coca cola,,no_change,no more-specific Top 9 portfolio brand detected,2,Coca Cola | Coca Cola Zero sucre,coca-cola | coca-cola
dairies,FRANCE,delice danone,delice danone,,no_change,no more-specific Top 9 portfolio brand detected,2,Oîkos | Danao maxi,delice danone | delice danone
dairies,FRANCE,danpro,danpro,,no_change,no more-specific Top 9 portfolio brand detected,2,Yogur cremoso natural azucarado | DanPRO Griego,"danpro, danone | danpro, danone"
dairies,FRANCE,danonedanette,danonedanette,,no_change,no more-specific Top 9 portfolio brand detected,2,Danette Yogurt Vanilla,danonedanette | danonedanette
,FRANCE|SOUTHERN_EUROPE,nestle,chocapic,Nestlé,top_company_portfolio_matrix_product_name,current primary brand is parent/company token; portfolio brand appears in product name,2,CHOCAPIC Choco Crush céréales petit déjeuner | céréales Chocapic,nestlé | nestlé
,FRANCE|SOUTHERN_EUROPE,maggi,maggi,,no_change,no more-specific Top 9 portfolio brand detected,2,Pasta oriental sabor pollo | Pure De Patatas,"maggi,nestlé | maggi,nestlé"
,FRANCE|SOUTHERN_EUROPE,kraft,kraft,,no_change,no more-specific Top 9 portfolio brand detected,2,Puntine | Fette integrali,"kraft heinz, plasmon | kraft heinz, weight watchers"
snacks,UK_IE,nestle,kitkat,Nestlé,top_company_portfolio_matrix_off_brands,current primary brand is parent/company token; portfolio brand appears in OFF brands field,2,Kat 2 Finger Milk Chocolate Biscuit Bar Pack | KitKat Chunky,"nestle,kitkat | nestlé,kit kat"
beverages,FRANCE,pepsi cola,pepsi cola,,no_change,no more-specific Top 9 portfolio brand detected,2,Pepsi-Cola Soda Shop | PEPSI ZERO SLEEK CAN 330MLX6,pepsi-cola | pepsi cola
snacks,BENELUX|FRANCE|SOUTHERN_EUROPE,nestle,yes,,top_company_portfolio_matrix_off_brands,current primary brand is parent/company token; another OFF brand token needs brand-level review,2,"Nut bars | Pecan, banana & dark choc","nestlé, yes! | nestlé, yes!"
snacks,BENELUX|FRANCE|SOUTHERN_EUROPE,milka,milka,,no_change,no more-specific Top 9 portfolio brand detected,2,Milka - MMMAX - Noisettes Entières | Milka - Oreo,"milka, mondelez | milka, mondelez, oreo"
dairies,FRANCE,danone,skyr,,top_company_portfolio_matrix_off_brands,current primary brand is parent/company token; another OFF brand token needs brand-level review,2,Skyr Fraise | Skyr Vanille,"danone,skyr | danone,skyr"
dairies,FRANCE,danone,recette cremeuse,,top_company_portfolio_matrix_off_brands,current primary brand is parent/company token; another OFF brand token needs brand-level review,2,Recette cremeuse aux fruits panache 125gx12 | Recette cremeuse aux fruits panache 125gx16,"danone, recette cremeuse, recette cremeuse aux fruits | danone, recette cremeuse, recette cremeuse aux fruits 101007"
beverages,FRANCE|SOUTHERN_EUROPE,nestle,nescafe,Nestlé,top_company_portfolio_matrix_off_brands,current primary brand is parent/company token; portfolio brand appears in OFF brands field,2,Capsules NESCAFE DOLCE GUSTO Avoine 12 capsules | Nescafe farmers origins colombia (6x90g),"nestlé,dolce gusto,nescafe | nestlé,farmers origins,nescafé"
beverages,FRANCE|SOUTHERN_EUROPE,nestea,nestea,,no_change,no more-specific Top 9 portfolio brand detected,2,Nestea sin azúcar | Nestea con Té verde al maracuyá,"nestea,coca-cola | nestea,coca-cola"
beverages,FRANCE|SOUTHERN_EUROPE,kas,kas,,no_change,no more-specific Top 9 portfolio brand detected,2,Kas Limón | Kas Limón,"kas,pepsico | kas,pepsico"
snacks,UK_IE,milka,milka,,no_change,no more-specific Top 9 portfolio brand detected,2,Choco Wafer | Raspberry creme,"milka, mondelez international | milka,mondelez"
snacks,UK_IE,rowntrees,rowntrees,,no_change,no more-specific Top 9 portfolio brand detected,2,Tropical Tots | Randoms spooky mix,"rowntrees, nestlé | rowntrees,nestlé"
snacks,UK_IE,nestle,quality street,Nestlé,top_company_portfolio_matrix_product_name,current primary brand is parent/company token; portfolio brand appears in product name,2,quality street | Quality Street,nestlé | nestle
dairies,US_CANADA,nestle,carnation,,top_company_portfolio_matrix_off_brands,current primary brand is parent/company token; another OFF brand token needs brand-level review,2,Evaporated Milk | EVAPORATED LOWFAT 2% MILK,nestle carnation | nestle carnation
dairies,US_CANADA|FRANCE,danone,danette,Danone,top_company_portfolio_matrix_product_name,current primary brand is parent/company token; portfolio brand appears in product name,2,Danette choco noisette | Danette Dessert Laitier Au Chocolat,danone | danone
snacks,BENELUX|FRANCE,mondelez,mondelez,,no_change,no more-specific Top 9 portfolio brand detected,2,Penny Wafers Melk | Cote D'or Mini Nougatti Caramel 14 PC,mondelez international | mondelez
snacks,BENELUX|FRANCE,kraft,kraft,,no_change,no more-specific Top 9 portfolio brand detected,2,Petits coeurs chocolat | Prince Pocket goût vanille,"kraft foods, lu, mondelez | kraft foods, lu, prince, unilever"
dairies,US_CANADA,danone,two good,,top_company_portfolio_matrix_off_brands,current primary brand is parent/company token; another OFF brand token needs brand-level review,2,Two Good Blueberry Yogurt-Cultured Ultra-Filtered Milk | Two Good Black Cherry Yogurt-Cultured Ultra-Filtered Milk,"danone, two good | danone, two good"
dairies,US_CANADA,danone,silk,Danone,top_company_portfolio_matrix_product_name,current primary brand is parent/company token; portfolio brand appears in product name,2,Silk Oatmilk creamy lowfat | Silk dairy free creamer maple brown sugar,danone | danone
snacks,FRANCE|UK_IE,heinz,heinz,,no_change,no more-specific Top 9 portfolio brand detected,2,"K gentle crush, softens quickly Heinz SO YUMMY 7+ | Mango and apricot biscotti",heinz | heinz
snacks,DACH|FRANCE,nestle,lion,Nestlé,top_company_portfolio_matrix_product_name,current primary brand is parent/company token; portfolio brand appears in product name,2,"Lion, Black White | Lion Snack Size",nestlé | nestlé
snacks,DACH|FRANCE,mondelez,suchard,,top_company_portfolio_matrix_off_brands,current primary brand is parent/company token; another OFF brand token needs brand-level review,2,Zartbitter Bio au sel de mer | Suprême Haselnuss Mandel,"mondelez, suchard | mondelez, suchard"
snacks,DACH|FRANCE,mondelez,mondelez,,no_change,no more-specific Top 9 portfolio brand detected,2,Noir Brut 86% | Daim XXL,mondelez | mondelez
beverages,FRANCE,maxwell house,maxwell house,,no_change,no more-specific Top 9 portfolio brand detected,2,maxwell house qualité filtre decaféiné | Café qualité filtre décaféiné,"maxwell house, kraft foods | maxwell house, mondelez"
beverages,FRANCE,latte,latte,,no_change,no more-specific Top 9 portfolio brand detected,2,"STARBUCKS Spécialités instantanées en stick Latte Vanille 107,5g | STARBUCKS BY NESCAFÉ DOLCE GUSTO Noisette macchiato","latte, starbucks | latte, starbucks"
beverages,FRANCE,kraft,maxwell house,Kraft Heinz,top_company_portfolio_matrix_off_brands,known portfolio brand appears in OFF brands field,2,Qualité Filtre | Qualité Filtre décaféiné,"kraft foods, maxwell house | kraft foods, maxwell house"
beverages,FRANCE,coca cola,tropico,Coca-Cola,top_company_portfolio_matrix_off_brands,current primary brand is parent/company token; portfolio brand appears in OFF brands field,2,Tropico | Tropical,"coca-cola company, tropico | coca-cola, tropico"
beverages,FRANCE,grandmere,grandmere,,no_change,no more-specific Top 9 portfolio brand detected,2,Bonne nuit décaféiné | Grand'Mère Familial gout généreux,"grand'mère, mondelez | grand'mère, kraft foods"
snacks,US_CANADA,mondelez,oreo,Mondelez,top_company_portfolio_matrix_product_name,current primary brand is parent/company token; portfolio brand appears in product name,2,Oreo | OREO Reese's,mondelez international | mondelez
dairies,FRANCE,danao,danao,,no_change,no more-specific Top 9 portfolio brand detected,2,Abricot Pêche Céréales | Danao douceur d’orange,"danao, danone | danao, danone"
dairies,FRANCE,danone,vitasnella,,top_company_portfolio_matrix_off_brands,current primary brand is parent/company token; another OFF brand token needs brand-level review,2,"Danone Vitasnella Ananas,bosco,cil,pesca 0.1% X8 125g | Ciliegia in pezzi","danone, vitasnella | danone, vitasnella"
snacks,BENELUX|FRANCE,nestle,lion,Nestlé,top_company_portfolio_matrix_off_brands,current primary brand is parent/company token; portfolio brand appears in OFF brands field,2,LION POPS - Sachet billes 140g | Lion🦁 Chocolat🍫,"nestlé, lion, lion pop choc | nestlé, lion"
beverages,FRANCE,mondelez,poulain,,top_company_portfolio_matrix_off_brands,current primary brand is parent/company token; another OFF brand token needs brand-level review,2,Poudre Poulain 1848 | Grand Arôme,"mondelez, poulain | mondelez international, poulain"
beverages,FRANCE,mondelez,mondelez,,no_change,no more-specific Top 9 portfolio brand detected,2,Carte noire l'instant espresso | n°5 café classic,mondelez | mondelez
snacks,BENELUX|FRANCE|DACH,cote dor,cote dor,,no_change,no more-specific Top 9 portfolio brand detected,2,L'original lait | praline noir puur,"côte d’or,mondelez | côte d'or,mondelez"
snacks,FRANCE|US_CANADA,mondelez,oreo,Mondelez,top_company_portfolio_matrix_product_name,current primary brand is parent/company token; portfolio brand appears in product name,2,Oreo cookies rocky road trip 1x10.7 oz | Oreo cookies,mondelez | mondelez
snacks,FRANCE,3ds bugles,lays,PepsiCo,top_company_portfolio_matrix_off_brands,known portfolio brand appears in OFF brands field,2,Lay's 3D's Bugles goût bacon | Lay's 3D's Bugles goût bacon lot de 2 x 85 g,"3d's bugles, benenuts, lays, pepsico | 3d's bugles, benenuts, lays, pepsico"
snacks,FRANCE,glico,mikado,Mondelez,top_company_portfolio_matrix_off_brands,known portfolio brand appears in OFF brands field,2,Box à partager Chocolat au lait | Mikado,"glico, lu, mikado, mondelez | glico, lu, mikado, mondelez"
snacks,FRANCE,daim,milka,Mondelez,top_company_portfolio_matrix_off_brands,known portfolio brand appears in OFF brands field,2,Milka - Daim | Milka -Daim,"daim, milka, mondelez | daim, milka, mondelez"
snacks,FRANCE,crunch,crunch,,no_change,no more-specific Top 9 portfolio brand detected,2,CRUNCH Mini œufs 152g | SNACK Barre chocolatée,"crunch, nestlé | crunch, nestlé"
beverages,FRANCE,coca cola,life,,top_company_portfolio_matrix_off_brands,current primary brand is parent/company token; another OFF brand token needs brand-level review,2,Life | Coca Cola Life,"coca cola, coca cola life | coca cola, coca cola life"
snacks,US_CANADA,lays,lays,,no_change,no more-specific Top 9 portfolio brand detected,2,Lay's Sea Salted Thick Cut Potato Chips | Lightly Salted Chips,"lay's,frito-lay,pepsico | lay's,frito-lay,pepsico"
,FRANCE|DACH,nestle,cini minis,Nestlé,top_company_portfolio_matrix_product_name,current primary brand is parent/company token; portfolio brand appears in product name,2,Cini Minis Crunchy Muesli | NESTLE CINI-MINIS CHURROS Cerealien,nestlé | nestlé
,FRANCE,starbucks,starbucks,,no_change,no more-specific Top 9 portfolio brand detected,2,"Œuf, fromage et épinard sur un pain spécial campagne | Bagel pastrami",starbucks | starbucks
snacks,US_CANADA,hershey,hersheys,The Hershey Company,top_company_portfolio_matrix_product_name,current primary brand is parent/company token; portfolio brand appears in product name,2,Hershey's Nuggets - Milk Chocolate | Hershey's Nuggets - Milk Chocolate with Almonds,hershey | hershey
snacks,FRANCE,brun,brun,,no_change,no more-specific Top 9 portfolio brand detected,2,14 Gaufrettes saveur Cacao | Petit brun extra,"brun, mondelez | brun,mondelez"
snacks,FRANCE,belinmondelez,belinmondelez,,no_change,no more-specific Top 9 portfolio brand detected,2,Belin Snacky Fin & Fondants | P'tits Sablés Chèvres & Pavot,belinmondelez | belinmondelez
snacks,FRANCE,autres secs,bledina,Danone,top_company_portfolio_matrix_off_brands,known portfolio brand appears in OFF brands field,2,Bledina mon premier boudoir | BLEDINA Mon Premier Petit Beurre 133g dès 12 mois,"autres secs, blédina, blédiscuit, danone | autres secs, blédina, danone"
snacks,FRANCE,after eight,after eight,,no_change,no more-specific Top 9 portfolio brand detected,2,AFTER EIGHT Orange 400g | AFTER EIGHT Citron 400g,"after eight, nestlé | after eight, nestlé"
snacks,FRANCE|SOUTHERN_EUROPE,nestle,motta,,top_company_portfolio_matrix_off_brands,current primary brand is parent/company token; another OFF brand token needs brand-level review,2,Tartufone - Dolce Noir | La Cremeria,"nestlé, motta | nestlé, motta"
snacks,FRANCE|UK_IE,nestle,lion,Nestlé,top_company_portfolio_matrix_product_name,current primary brand is parent/company token; portfolio brand appears in product name,2,Lion | Lion White Duo,nestlé | nestlé
snacks,FRANCE,heudebert,heudebert,,no_change,no more-specific Top 9 portfolio brand detected,2,Crackers Apéritif Blé Complet | Crackers heudebert,"heudebert, lu, mondelez | heudebert,lu,mondelez"
beverages,FRANCE,coca cola,cappy,Coca-Cola,top_company_portfolio_matrix_product_name,current primary brand is parent/company token; portfolio brand appears in product name,2,Cappy Pulpy Multifruit | Cappy pulpy,coca-cola | coca-cola company
beverages,FRANCE,coca cola,schweppes,PepsiCo,top_company_portfolio_matrix_off_brands,current primary brand is parent/company token; portfolio brand appears in OFF brands field,2,Shweppes Ananas | Tonic water,"coca-cola, schweppes | coca-cola, schweppes"
dairies,FRANCE,ben and jerrys,ben and jerrys,,no_change,no more-specific Top 9 portfolio brand detected,2,Caramel Brownie Party | Ben & Jerry's Glace Wich Sandwich On The Dough 267ml,"ben & jerry's, unilever | ben & jerry's, unilever"
beverages,FRANCE|SOUTHERN_EUROPE|DACH,nestle,san pellegrino,Nestlé,top_company_portfolio_matrix_off_brands,current primary brand is parent/company token; portfolio brand appears in OFF brands field,2,eau,"nestlé, acqua panna, san pellegrino | nestlé, san pellegrino"
beverages,FRANCE|SOUTHERN_EUROPE|DACH,nestle,nesquik,Nestlé,top_company_portfolio_matrix_off_brands,current primary brand is parent/company token; portfolio brand appears in OFF brands field,2,NESQUIK Moins de Sucres Poudre Cacaotée | Nesquik,"nestlé, nesquik | nestlé, nesquik"
beverages,FRANCE|UK_IE,volvic,volvic,,no_change,no more-specific Top 9 portfolio brand detected,2,Watermelon water | Volvic touch of fruit,"volvic, volvic touch of fruit, danone | volvic, danone, volvic touch of fruit"
beverages,FRANCE|UK_IE,pepsi,pepsi,,no_change,no more-specific Top 9 portfolio brand detected,2,Carbonated Low Calorie Cola Flavoured Soft Drink with Sweeteners | Pepsi Max Can 330ml,pepsi max | pepsi
beverages,FRANCE|SOUTHERN_EUROPE|UK_IE,fanta,fanta,,no_change,no more-specific Top 9 portfolio brand detected,2,Fanta Lemon 2ltr | Fanta Orange Zero 2Ltr,"fanta,coca-cola | fanta,coca-cola"
dairies,FRANCE,alsa,alsa,,no_change,no more-specific Top 9 portfolio brand detected,2,Flan Entremets saveur vanille | Panna Cotta,"alsa,unilever | alsa, unilever"
dairies,FRANCE,danone,dany,,top_company_portfolio_matrix_off_brands,current primary brand is parent/company token; another OFF brand token needs brand-level review,2,Dany Chocolat | Dany chocolat 100 g x 4,"danone, dany | danone, dany, dany flavours"
dairies,FRANCE,danone,danpro,,top_company_portfolio_matrix_off_brands,current primary brand is parent/company token; another OFF brand token needs brand-level review,2,Danpro | La Sour Cream,"danone, danpro | danone, danpro"
snacks,FRANCE|UK_IE|US_CANADA,mondelez,mondelez,,no_change,no more-specific Top 9 portfolio brand detected,2,Trebor extra strong mints peppermint | Barny Bear Chocolate,mondelez | mondelez
,UK_IE,starbucks,starbucks,,no_change,no more-specific Top 9 portfolio brand detected,2,basmati micro rice | Five Cheese Toastie,starbucks | starbucks
,FRANCE|UK_IE,nestle,nestle,,no_change,no more-specific Top 9 portfolio brand detected,2,Honey & Nut Shredded Wheat | Shredded Wheat 16s imp,nestlé | nestlé
snacks,FRANCE|US_CANADA,mondelez,sour patch kids,Mondelez,top_company_portfolio_matrix_product_name,current primary brand is parent/company token; portfolio brand appears in product name,2,Sour Patch Kids Extreme Candy | Sour patch kids soft candy assorted fruits fat free16x1.9 lb,mondelez | mondelez
beverages,FRANCE,coca cola,europacific partners norge as,,top_company_portfolio_matrix_off_brands,current primary brand is parent/company token; another OFF brand token needs brand-level review,2,Powerade Citrus Lime Ion4 Pet | Coca Cola,coca-cola europacific partners norge as | coca-cola europacific partners norge as
beverages,FRANCE,coca cola,diet coke,Coca-Cola,top_company_portfolio_matrix_product_name,current primary brand is parent/company token; portfolio brand appears in product name,2,Coca Cola Diet Coke | Coca Cola Diet Coke 1.75L,coca cola | coca-cola
beverages,FRANCE,coca cola,cocacola,,top_company_portfolio_matrix_off_brands,current primary brand is parent/company token; another OFF brand token needs brand-level review,2,Coca Cola Life | Sprite,cocacola | cocacola
dairies,BENELUX|FRANCE|SOUTHERN_EUROPE,starbucks,starbucks,,no_change,no more-specific Top 9 portfolio brand detected,2,Starbucks Cappuccino | Caramel macchiato,starbucks | starbucks
dairies,BENELUX|FRANCE|SOUTHERN_EUROPE,alpro,alpro,,no_change,no more-specific Top 9 portfolio brand detected,2,Barista Haver (new),"alpro, danone | alpro,danone"
dairies,DACH|FRANCE,mondelez,philadelphia,Mondelēz International,top_company_portfolio_matrix_off_brands,current primary brand is parent/company token; portfolio brand appears in OFF brands field,2,Philadelphia Jalapeño | Philadelphia Original,"mondelez, philadelphia | mondelez,philadelphia"
beverages,NORDICS|FRANCE,coca cola,coca cola,,no_change,no more-specific Top 9 portfolio brand detected,2,Coca-Cola Zero | Cherry Coca-Cola,coca-cola | coca-cola
beverages,FRANCE|US_CANADA,pepsi,pepsi,,no_change,no more-specific Top 9 portfolio brand detected,2,Diet Pepsi | Cola,pepsi | pepsi
dairies,DACH|FRANCE,danone,danone,,no_change,no more-specific Top 9 portfolio brand detected,2,Danone Mars Mix 120g | Danone FruchtZwerge GO 70G ERDBEERE,danone | danone
dairies,FRANCE,centrale danone,centrale danone,,no_change,no more-specific Top 9 portfolio brand detected,2,Danette flan vanille | Jebli original,centrale danone | centrale danone
beverages,FRANCE,colombia,colombia,,no_change,no more-specific Top 9 portfolio brand detected,2,18 Capsules de café | STARBUCKS Grains Single Origin Colombia 450g,"colombia, medium single origin coffee colombia, starbucks, by nespresso | colombia, starbucks"
beverages,FRANCE,coca colas,coca colas,,no_change,no more-specific Top 9 portfolio brand detected,2,Soda sans sucres | mini Coca-Colas cherry Saveur cerise,coca colas | coca-colas
snacks,FRANCE,carambar,carambar,,no_change,no more-specific Top 9 portfolio brand detected,2,Carambar Caramel | Very Bad Kids (Goûts fruits),"carambar, mondelez | carambar, mondelez, very bad kids"
snacks,FRANCE,la laitiere,la laitiere,,no_change,no more-specific Top 9 portfolio brand detected,2,Clafoutis aux cerises | Clafoutis aux cerises,"la laitière,nestlé | la laitière, nestlé"
snacks,FRANCE,krema,krema,,no_change,no more-specific Top 9 portfolio brand detected,2,2KG Regal'ad Vrac | Zinzinfruit,"krema, mondelez, mondelez international | krema, mondelez"
snacks,FRANCE,karuna,karuna,,no_change,no more-specific Top 9 portfolio brand detected,2,Pieniškas šokoladas su razinomis ir lazdynų riešutais | Chocolat Noir fourré saveur Caramel,"karuna, mondelez | karuna, mondelez"
beverages,FRANCE,cappy,cappy,,no_change,no more-specific Top 9 portfolio brand detected,2,Cappy jabłko 0.3 | Pulpy pècne,"cappy, the coca-cola company | cappy, coca-cola"
beverages,FRANCE,cadbury,cadbury,,no_change,no more-specific Top 9 portfolio brand detected,2,Drinking Hot Chocolate 30% Less Sugar | Cadbury Highlights Hot Chocolate-Liquid,"cadbury, mondelez | cadbury, mondelez"
beverages,FRANCE,brasserie de tahiti,brasserie de tahiti,,no_change,no more-specific Top 9 portfolio brand detected,2,Hi-c pomme | Hi-C pomme fraise,"brasserie de tahiti, the coca-cola company | brasserie de tahiti, the coca cola company"
beverages,FRANCE,as nestle norge,as nestle norge,,no_change,no more-specific Top 9 portfolio brand detected,2,STARBUCKS By Nespresso House Blend 10 capsules | STARBUCKS By Nespresso Espresso Roast 10 capsules,"as nestlé norge, starbucks, by nespresso | as nestlé norge, starbucks, by nespresso"
snacks,FRANCE,nestle,buitoni,Nestlé,top_company_portfolio_matrix_off_brands,current primary brand is parent/company token; portfolio brand appears in OFF brands field,2,BUITONI PICCOLINIS mini-pizzas surgelées 3 Formaggi 270g (9 pièces) | Piccolinis Indiana,"nestlé,buitoni | nestlé,buitoni"
dairies,BENELUX|FRANCE,starbucks,discoveries,,top_company_portfolio_matrix_off_brands,current primary brand is parent/company token; another OFF brand token needs brand-level review,2,Starbucks Noisette Macchiato | Caffè Latte,"starbucks, starbucks discoveries | starbucks, starbucks discoveries"
dairies,BENELUX|FRANCE,nestle,nesquik,Nestlé,top_company_portfolio_matrix_product_name,current primary brand is parent/company token; portfolio brand appears in product name,2,Nesquik all natural | Nesquik Shake,nestlé | nestlé
dairies,BENELUX|FRANCE,nestle,le viennois,,top_company_portfolio_matrix_off_brands,current primary brand is parent/company token; another OFF brand token needs brand-level review,2,Le Viennois Chocolat | Le Viennois (Café),"nestlé, le viennois | nestlé, le viennois"
dairies,BENELUX|FRANCE,kraft,philadelphia,Mondelēz International,top_company_portfolio_matrix_off_brands,known portfolio brand appears in OFF brands field,2,Philadelphia mousse nature | Philadelphia ail et fines herbes,"kraft, philadelphia | kraft, kraft foods, mondelèz international, philadelphia"
dairies,BENELUX|FRANCE|DACH,danone,danone,,no_change,no more-specific Top 9 portfolio brand detected,2,Petit Suisse Gervais | Fruix aux fruits mixés,danone | danone
dairies,BENELUX|FRANCE|DACH,ben and jerrys,ben and jerrys,,no_change,no more-specific Top 9 portfolio brand detected,2,Ben & Jerry's Moophoria Glace Pot Chocolat Cookie 500ml | Home Sweet Honey Comb,"ben & jerry's, unilever | ben & jerry's, unilever"
dairies,BENELUX|FRANCE|DACH,activia,activia,,no_change,no more-specific Top 9 portfolio brand detected,2,"Activia (Abricot, Fraise, Kiwi, Mangue) 8 Pots | Yaourt A la Grecque Pêche","activia, danone | activia, danone"
beverages,FRANCE,coca cola,mcdonalds,,top_company_portfolio_matrix_off_brands,current primary brand is parent/company token; another OFF brand token needs brand-level review,2,Moyen Coca Cola Light | Moyen Coca-Cola®,"coca-cola, mcdonald's | coca-cola, mcdonald's"
snacks,FRANCE,lu,tuc,Mondelēz International,top_company_portfolio_matrix_off_brands,known portfolio brand appears in OFF brands field,2,TUC | Tuc Original 3 x 100g,"lu,tuc,mondelez | lu, tuc, mondelez, mondelez international"
snacks,FRANCE,lu,milka,Mondelez,top_company_portfolio_matrix_off_brands,known portfolio brand appears in OFF brands field,2,Milka LU | Milka LU,"lu, milka, mondelez | lu, milka, mondelez"
snacks,FRANCE,lu,mikado,Mondelez,top_company_portfolio_matrix_off_brands,known portfolio brand appears in OFF brands field,2,Mikado Chocolat Noir | Mikado King,"lu, mikado, mondelez | lu, mikado, mondelez"
snacks,FRANCE,nestle,kit kat pops,,top_company_portfolio_matrix_off_brands,current primary brand is parent/company token; another OFF brand token needs brand-level review,2,Kitkat pops noisettes & éclats de cacao | KITKAT POPS Peanut* 110g. *Cacahuète,"nestlé, kit kat pops | nestlé, kit kat pops"
snacks,FRANCE,nestle,kit kat mini break,,top_company_portfolio_matrix_off_brands,current primary brand is parent/company token; another OFF brand token needs brand-level review,2,KITKAT Mini Break Peanut Butter | KITKAT Mini Break White 104g,"nestlé, kit kat mini break | nestlé, kit kat mini break"
beverages,BENELUX|FRANCE|SOUTHERN_EUROPE,nestle,nestle pure life,Nestlé,top_company_portfolio_matrix_product_name,current primary brand is parent/company token; portfolio brand appears in product name,2,Nestlé Pure Life | Nestlé Pure Life,nestlé | nestlé
beverages,DACH|BENELUX|FRANCE|SOUTHERN_EUROPE|NORDICS|UK_IE|US_CANADA,coca cola,coca cola,,no_change,no more-specific Top 9 portfolio brand detected,2,Coca Cola Original taste | Cocacola original 500,coca-cola | coca-cola
snacks,FRANCE,nestle,menier,,top_company_portfolio_matrix_off_brands,current primary brand is parent/company token; another OFF brand token needs brand-level review,2,Menier Pâtissier Tablette | MENIER PATISSIER Chocolat Noir lot de 2 x 200g,"nestlé, menier | nestlé, menier"
beverages,BENELUX|FRANCE|DACH|SOUTHERN_EUROPE,nestle,nesquik,Nestlé,top_company_portfolio_matrix_off_brands,current primary brand is parent/company token; portfolio brand appears in OFF brands field,2,NESQUIK Cacao | NESQUIK ALL NATURAL 168g,"nestlé, nesquik | nestlé, nesquik"
cereals,US_CANADA,nestle,nestle,,no_change,no more-specific Top 9 portfolio brand detected,2,Spring Easter Basket Morsels and More | Crunchy oats,nestlé | nestlé
cereals,US_CANADA,nestle,cerelac,Nestlé,top_company_portfolio_matrix_product_name,current primary brand is parent/company token; portfolio brand appears in product name,2,Nestlé Cerelac | Cerelac Infant Cereals With Milk Mixed fruits & wheat,nestlé | nestle
beverages,UK_IE,dr pepper,dr pepper,,no_change,no more-specific Top 9 portfolio brand detected,2,Dr pepper zeroo | Dr Pepper,"dr pepper,coca cola | dr pepper,coca-cola"
beverages,UK_IE,coca cola,fanta,Coca-Cola,top_company_portfolio_matrix_product_name,current primary brand is parent/company token; portfolio brand appears in product name,2,Fanta Zero Orange 8pk | Fanta exotic,coca cola | coca cola
dairies,BENELUX|FRANCE,danone,light and free,,top_company_portfolio_matrix_off_brands,current primary brand is parent/company token; another OFF brand token needs brand-level review,2,Light and Free Fraises | Fruits tropicaux sans M.G. / Tropische vruchten,"danone, light & free | danone, light & free"
snacks,FRANCE,nestle,bebe,,top_company_portfolio_matrix_off_brands,current primary brand is parent/company token; another OFF brand token needs brand-level review,2,P'tit Dej Croissance saveur Madeleine Chocolat | P'tits Fruits pommes ananas,"nestlé, nestlé bébé, bébé nestlé, p'tit dej, p'tit dej croissance | nestlé, nestlé bébé, p'tits fruits, bébé nestlé"
snacks,FRANCE,nestle,aero,Nestlé,top_company_portfolio_matrix_product_name,current primary brand is parent/company token; portfolio brand appears in product name,2,Aero chocolate | Aero,nestlé | nestlé
snacks,FRANCE,nestle,cini minis,Nestlé,top_company_portfolio_matrix_product_name,current primary brand is parent/company token; portfolio brand appears in product name,2,Cini Minis | Baton Cini Minis 25G,nestlé | nestlé
snacks,FRANCE,lanvin,lanvin,,no_change,no more-specific Top 9 portfolio brand detected,2,LANVIN Escargots Lait Amande 164g | LANVIN Escargots lait 164g,"lanvin, nestlé, lanvin l'escargot | lanvin, nestlé, lanvin l'escargot"
snacks,FRANCE,mondelez,milka,Mondelez,top_company_portfolio_matrix_product_name,current primary brand is parent/company token; portfolio brand appears in product name,2,Milka Schmunzelhase Alpenmilch 175G | Mignonnette Milka,mondelez | mondelez
,US_CANADA,nestle,toll house,Nestlé,top_company_portfolio_matrix_product_name,current primary brand is parent/company token; portfolio brand appears in product name,2,Nestle Toll House Chocolate Chip Cookie Dough 30 Oz | TOLL HOUSE Peanut Butter Chocolate Chip,nestlé | nestlé
snacks,FRANCE|SOUTHERN_EUROPE,nestle,nesquik,Nestlé,top_company_portfolio_matrix_off_brands,current primary brand is parent/company token; portfolio brand appears in OFF brands field,2,NESTLE NESQUIK Maxi Choco Barres de Céréales 6x25g | Cacao en polvo Nesquik,"nestlé, nesquik | nestlé, nesquik"
snacks,FRANCE,nestle,mini eggs,,top_company_portfolio_matrix_off_brands,current primary brand is parent/company token; another OFF brand token needs brand-level review,2,Nestlé mini œufs lait | Nestlé mini œufs noir,"nestlé, mini eggs | nestlé, mini eggs"
snacks,FRANCE,nestle,ptite cereale,,top_company_portfolio_matrix_off_brands,current primary brand is parent/company token; another OFF brand token needs brand-level review,2,NESTLE P'TITE CEREALE 5 Céréales Saveur Biscuit 415g | P'TITE CEREALE 5 Céréales Saveur Noisette Biscuit-415g-Dès 12 mois,"nestlé, p'tite cereale | nestlé, nestlé p'tite céréale, p'tite cereale"
beverages,BENELUX|FRANCE|SOUTHERN_EUROPE,fanta,fanta,,no_change,no more-specific Top 9 portfolio brand detected,2,Fanta Original | Fanta limón zero azúcares,"fanta, the coca-cola company | fanta,coca-cola"
cereals,FRANCE|SOUTHERN_EUROPE,nestle,chocapic,Nestlé,top_company_portfolio_matrix_off_brands,current primary brand is parent/company token; portfolio brand appears in OFF brands field,2,Chocapic Choco Crush | Original Bio,"nestlé, chocapic | nestlé, chocapic"
beverages,UK_IE,pepsi cola,pepsi,PepsiCo,top_company_portfolio_matrix_off_brands,known portfolio brand appears in OFF brands field,2,Pepsi Max Multipack | MAXIMUM TASTE NO SUGAR PEPSI MAX LIME,"pepsi-cola,pepsico,pepsi | pepsi-cola, pepsi"
beverages,UK_IE,nestle,nesquik,Nestlé,top_company_portfolio_matrix_product_name,current primary brand is parent/company token; portfolio brand appears in product name,2,nesquik | Nesquik,nestle | nestlé
cereals,UK_IE,cheerios,cheerios,,no_change,no more-specific Top 9 portfolio brand detected,2,Oat cheerios | Cheerios Multigrain,"cheerios,nestlé | cheerios,nestle"
cereals,US_CANADA,nestle,nestum,Nestlé,top_company_portfolio_matrix_off_brands,current primary brand is parent/company token; portfolio brand appears in OFF brands field,2,Nestum 5 cereales | Nestum Arroz,"nestlé,nestum | nestlé,nestum"
beverages,BENELUX|NORDICS|FRANCE|DACH|SOUTHERN_EUROPE|UK_IE,coca cola,coca cola,,no_change,no more-specific Top 9 portfolio brand detected,2,Coke Original Taste | Coca-Cola,coca-cola | coca-cola
beverages,BENELUX|FRANCE|SOUTHERN_EUROPE|DACH,coca cola,coca cola,,no_change,no more-specific Top 9 portfolio brand detected,2,coca cola zero | Coca-Cola Zero zuccheri Zero caffeina,coca-cola® | coca-cola
snacks,FRANCE,nestle,la lechera,Nestlé,top_company_portfolio_matrix_product_name,current primary brand is parent/company token; portfolio brand appears in product name,2,La lechera choco-avellana | Delicias Turrón La Lechera 2 Ud De,nestle | nestlé
snacks,FRANCE,nestle,nuts,,top_company_portfolio_matrix_off_brands,current primary brand is parent/company token; another OFF brand token needs brand-level review,2,"NUTS , Barre chocolatée de 42g, à l'unité | NUTS Barres chocolatées - 6x42g","nestlé, nuts | nestlé, nuts"
snacks,FRANCE,nestle,nespresso,Nestlé,top_company_portfolio_matrix_off_brands,current primary brand is parent/company token; portfolio brand appears in OFF brands field,2,Chocolat noir éclats de fèves de cacao | Cantuccini,"nestlé, nespresso | nestlé, nespresso"
snacks,FRANCE|SOUTHERN_EUROPE,hersheys,hersheys,,no_change,no more-specific Top 9 portfolio brand detected,2,Hershey's Kisses Cookies'n'creme | Pelon Pelo Rico,hershey's | hershey's
beverages,BENELUX|FRANCE|DACH,nestle,nescafe,Nestlé,top_company_portfolio_matrix_off_brands,current primary brand is parent/company token; portfolio brand appears in OFF brands field,2,Capsules NESCAFE DOLCE GUSTO Lungo Decaffeinato Boîte de 16 capsules | Grande Intenso,"nestle norge, dolce gusto, nescafe | nestlé, nescafé"
snacks,FRANCE|DACH,cailler,cailler,,no_change,no more-specific Top 9 portfolio brand detected,2,cuisine - Kakaopulver | Petit Beurre Lait-Noisette,"cailler,nestlé | cailler,kambly,nestlé"
snacks,FRANCE|DACH,nestle,lion,Nestlé,top_company_portfolio_matrix_off_brands,current primary brand is parent/company token; portfolio brand appears in OFF brands field,2,Lion 2 go | LION White barre chocolatée 42g,"nestlé, lion | nestlé, lion, lion white"
cereals,FRANCE,nestle,koko krunch,Nestlé,top_company_portfolio_matrix_product_name,current primary brand is parent/company token; portfolio brand appears in product name,2,Koko Krunch | Koko Krunch Chocolate Flavoured Wheat Curls Breakfast Cereal 500G,nestlé | nestlé
cereals,FRANCE,nestle,fitness,Nestlé,top_company_portfolio_matrix_off_brands,current primary brand is parent/company token; portfolio brand appears in OFF brands field,2,FITNESS Miel amandes | Fitness chocolat noisette,"nestlé, fitness | nestlé, fitness"
cereals,FRANCE|DACH|SOUTHERN_EUROPE,nestle,nat,,top_company_portfolio_matrix_off_brands,current primary brand is parent/company token; another OFF brand token needs brand-level review,2,NESTLE NAT HONEY CRUNCHIES Cerealien | NESTLE NAT Leckere Frühstücksflakes,"nestlé, nat, nat honey crunchies, nestle nat honey crunchies | nestlé,nat"
cereals,FRANCE|DACH,nestle,nestle,,no_change,no more-specific Top 9 portfolio brand detected,2,Chokella,nestle | nestlé
cereals,FRANCE|DACH,nestle,cookie crisp,,top_company_portfolio_matrix_off_brands,current primary brand is parent/company token; another OFF brand token needs brand-level review,2,NESTLE COOKIE CRISP Céréales 625g | NESTLE COOKIE CRISP Cerealien,"nestlé, cookie crisp | nestlé, nestle cookie crisp"
beverages,UK_IE,nescafe,nescafe,,no_change,no more-specific Top 9 portfolio brand detected,2,Nescafé Gold Crema | Nescafé Latte,"nescafé,nestlé | nescafé, nestle"
beverages,UK_IE,monster,monster energy,Coca-Cola,top_company_portfolio_matrix_off_brands,known portfolio brand appears in OFF brands field,2,Nitro Super Dry | PIPELINE PUNCH 617 PUNCH MONSTER CH EN,"monster,monster energy,coca-cola company | monster,monster energy,coca-cola company"
beverages,UK_IE,volvic,volvic,,no_change,no more-specific Top 9 portfolio brand detected,2,Touch of Peach & Raspberry Sugar Free | Touch of Cherry Sugar Free,"volvic, danone | volvic, danone"
beverages,UK_IE,unilever,pg tips,Unilever,top_company_portfolio_matrix_product_name,current primary brand is parent/company token; portfolio brand appears in product name,2,PG tips | PG tips tasty decaf,unilever | unilever
beverages,UK_IE,the coca cola company,the coca cola company,,no_change,no more-specific Top 9 portfolio brand detected,2,Coca-Cola | Mezzo mix berry love,the coca-cola company | the coca cola company
beverages,UK_IE,sanpellegrino,san pellegrino,Nestlé,top_company_portfolio_matrix_off_brands,known portfolio brand appears in OFF brands field,2,Natural mineral water | Limonata organic,"sanpellegrino,san pellegrino,nestlé | sanpellegrino, san pellegrino, nestlé"
cereals,FRANCE|SOUTHERN_EUROPE,nestle,lion,Nestlé,top_company_portfolio_matrix_product_name,current primary brand is parent/company token; portfolio brand appears in product name,2,Lion | Lion Cioccolato e Caramello,nestlé | nestlé
,FRANCE|UK_IE,heinz,heinz,,no_change,no more-specific Top 9 portfolio brand detected,2,Spaghetti Hoops | Heinz spagetti hoops,heinz | heinz
beverages,US_CANADA,coca cola,coke,,top_company_portfolio_matrix_off_brands,current primary brand is parent/company token; another OFF brand token needs brand-level review,2,Coca-cola Coke - Classic | Diet Coke,"coca-cola, coke | coca-cola, coke"
beverages,US_CANADA,hersheys,hersheys,,no_change,no more-specific Top 9 portfolio brand detected,2,Milk booster syrup | Milk Chocolate Hot Cocoa Mix,hershey's | hershey's
beverages,US_CANADA,heinz,heinz,,no_change,no more-specific Top 9 portfolio brand detected,2,Peach iced tea | Liquid water enhancer,heinz | heinz
beverages,US_CANADA,fanta,fanta,,no_change,no more-specific Top 9 portfolio brand detected,2,Orange soda | Fanta Tropical,"fanta,coca-cola | fanta,coca-cola company"
cereals,FRANCE,nestle,cini minis,Nestlé,top_company_portfolio_matrix_product_name,current primary brand is parent/company token; portfolio brand appears in product name,2,Cini Minis | Cini minis,nestlé | nestlé
cereals,DACH|UK_IE,nestle,shreddies,Nestlé,top_company_portfolio_matrix_product_name,current primary brand is parent/company token; portfolio brand appears in product name,2,shreddies | Shreddies the honey one,nestle | nestlé
beverages,UK_IE,pepsico,pepsi,PepsiCo,top_company_portfolio_matrix_product_name,current primary brand is parent/company token; portfolio brand appears in product name,2,Pepsi Electric | Pepsi cream soda 500ml,pepsico | pepsico
beverages,US_CANADA,coca cola,fanta,Coca-Cola,top_company_portfolio_matrix_product_name,current primary brand is parent/company token; portfolio brand appears in product name,2,Fanta | Fanta,coca-cola | coca cola
snacks,FRANCE,pepsico,pepsico,,no_change,no more-specific Top 9 portfolio brand detected,2,"Nacho cheese | Snack a Jacks Reiswaffeln,Caramel Flavour",pepsico | pepsico
snacks,FRANCE,pepsico,doritos,PepsiCo,top_company_portfolio_matrix_product_name,current primary brand is parent/company token; portfolio brand appears in product name,2,Doritos | Doritos pure paprika flavour,pepsico | pepsico
snacks,FRANCE,oreo,oreo,,no_change,no more-specific Top 9 portfolio brand detected,2,Oreo Dark and White Chocolate Flavoured Cream Sandwich Cookies | Oreo cake,"oreo, mondelez international | oreo,mondelez"
snacks,FRANCE,toblerone,toblerone,,no_change,no more-specific Top 9 portfolio brand detected,2,Toblerone | Toblerone,"toblerone, mondelez international | toblerone,mondelez"
snacks,FRANCE|DACH,mondelez,olza,,top_company_portfolio_matrix_off_brands,current primary brand is parent/company token; another OFF brand token needs brand-level review,2,Prince Polo XXL Mleczne | Olza Prince Polo Classic Crispy Wafer With Cocoa Cream Topped With Chocolate,"mondelez, olza, prince polo | mondelez, olza"
snacks,FRANCE|DACH,mondelez,milka,Mondelez,top_company_portfolio_matrix_product_name,current primary brand is parent/company token; portfolio brand appears in product name,2,Milka au lait | Milka Strawberry,mondelez | mondelez
snacks,FRANCE|DACH,kitkat,kitkat,,no_change,no more-specific Top 9 portfolio brand detected,2,KitKat CHUNKY Funky | Chunky White Chocolate,"kitkat, nestlé | kitkat - nestle"
beverages,BENELUX|FRANCE|DACH,sprite,sprite,,no_change,no more-specific Top 9 portfolio brand detected,2,"Sprite Zitrone-Limette ohne Zucker | Sprite Zero 1,5L","sprite zero, the coca cola companysprite | sprite, the coca-cola company, coca-cola europacific partners de"
beverages,US_CANADA,pure leaf,pure leaf,,no_change,no more-specific Top 9 portfolio brand detected,2,Honey Green Tea | Diet Peach,"pure leaf,lipton,unilever | pure leaf, unilever, lipton"
snacks,US_CANADA,the hershey company,rolo,Nestlé,top_company_portfolio_matrix_product_name,current primary brand is parent/company token; portfolio brand appears in product name,2,Rolo chewy caramels in milk chocolate | Rolo,the hershey company | the hershey company
cereals,BENELUX|FRANCE,nestle,crunch,,top_company_portfolio_matrix_off_brands,current primary brand is parent/company token; another OFF brand token needs brand-level review,2,crunch | Crunch,"nestlé, crunch | nestlé, crunch"
cereals,BENELUX|FRANCE,lu,lu,,no_change,no more-specific Top 9 portfolio brand detected,2,Cracotte Céréale complète 98% céréales | Cracottes Multi-Céréales,"lu, mondelez | lu, mondelez"
beverages,US_CANADA|FRANCE,pepsi,pepsi,,no_change,no more-specific Top 9 portfolio brand detected,2,Diet Pepsi | DIET PEPSI,pepsi | pepsi
cereals,BENELUX|FRANCE|SOUTHERN_EUROPE,nestle,fitness,Nestlé,top_company_portfolio_matrix_off_brands,current primary brand is parent/company token; portfolio brand appears in OFF brands field,2,Original Nature | Bio Avoine,"nestlé,fitness | nestlé, fitness"
snacks,US_CANADA,mondelez,nabisco triscuit,,top_company_portfolio_matrix_off_brands,current primary brand is parent/company token; another OFF brand token needs brand-level review,2,Organic Original - Crackers | Four Cheese & Herb,"mondelez, nabisco-triscuit | mondelez, nabisco-triscuit"
snacks,US_CANADA,mondelez,nabisco,,top_company_portfolio_matrix_off_brands,current primary brand is parent/company token; another OFF brand token needs brand-level review,2,Oreos | Organic Original Wheat Thins,"mondelez,nabisco | mondelez,nabisco"
,FRANCE,nestle,bebe,,top_company_portfolio_matrix_off_brands,current primary brand is parent/company token; another OFF brand token needs brand-level review,2,Nestlé P'tit Déj saveur Vanille Gourmande | P'tit Dej Croissance Saveur Chocolat Noisette,"nestlé, nestlé bébé | nestlé, nestlé bébé"
,FRANCE,nestle,nestum,Nestlé,top_company_portfolio_matrix_product_name,current primary brand is parent/company token; portfolio brand appears in product name,2,Nestum Mel Clássico | Nestum Mix Miel,nestlé | nestlé
snacks,FRANCE|SOUTHERN_EUROPE,artiach,artiach,,no_change,no more-specific Top 9 portfolio brand detected,2,Dinosaurus | Dinosaurus,"artiach,mondelez | artiach,mondelez"
snacks,FRANCE|NORDICS,mondelez,norge as,,top_company_portfolio_matrix_off_brands,current primary brand is parent/company token; another OFF brand token needs brand-level review,2,DAIM DUBBEL | Kvikk Lunsj,mondelez norge as | mondelez norge as
,US_CANADA,nestle,nestle,,no_change,no more-specific Top 9 portfolio brand detected,2,Raw Cookie Dough | Chocolate chip edible cookie dough,nestlé | nestlé
,US_CANADA,kraft,kraft,,no_change,no more-specific Top 9 portfolio brand detected,2,Macaroni & cheese dinner - minions | Easy mac unicorn shapes mac cheese dinner cups,kraft | kraft
snacks,FRANCE|NORDICS,freia,freia,,no_change,no more-specific Top 9 portfolio brand detected,2,Melkesjokolade Popcorn & sprø mais med er dryss havsalt | Melkesjokolade Salt Lakris,"freia, mondelez, mondelez international | freia, mondelez"
snacks,FRANCE|SOUTHERN_EUROPE,mondelez,saiwa,,top_company_portfolio_matrix_off_brands,current primary brand is parent/company token; another OFF brand token needs brand-level review,2,Classico | Ciok con tavoletta di cioccolato al latte,"mondelez, saiwa | mondelez, saiwa"
dairies,FRANCE|SOUTHERN_EUROPE,danacol,danacol,,no_change,no more-specific Top 9 portfolio brand detected,2,Danacol Natural | DANACOL NUECES Y AVENA,"danacol, danone | danacol, danone"
dairies,FRANCE|SOUTHERN_EUROPE,mondelez,mondelez,,no_change,no more-specific Top 9 portfolio brand detected,2,Sottilette le Originali Classiche | Crema de queso para untar sin lactosa,mondelez international | mondelez
dairies,FRANCE|SOUTHERN_EUROPE,kraft,kraft,,no_change,no more-specific Top 9 portfolio brand detected,2,Sottilette classiche | Formaggino fuso omogeneizzato,"kraft | kraft heinz, plasmon"
dairies,FRANCE|SOUTHERN_EUROPE,hersheys,hersheys,,no_change,no more-specific Top 9 portfolio brand detected,2,Hershey Giant Milk Chocolate | Brik toons,hershey's | hershey's
dairies,FRANCE|SOUTHERN_EUROPE,danone,light and free,,top_company_portfolio_matrix_off_brands,current primary brand is parent/company token; another OFF brand token needs brand-level review,2,Light & free skyr sur lit mangue passion 145 g x 1 | Light & Free Triple Zero con Coco,"danone, light & free, light & free skyr | danone,light & free"
dairies,FRANCE|SOUTHERN_EUROPE,philadelphia,philadelphia,,no_change,no more-specific Top 9 portfolio brand detected,2,Philadelphia Light | Original,"philadelphia,mondelez | philadelphia,mondelez"
dairies,FRANCE|SOUTHERN_EUROPE,nestle,nesquik,Nestlé,top_company_portfolio_matrix_product_name,current primary brand is parent/company token; portfolio brand appears in product name,2,Nesquik Go!! | Lait Aromatisé Nesquik,nestlé | nestlé
dairies,FRANCE|DACH|SOUTHERN_EUROPE,mondelez,mondelez,,no_change,no more-specific Top 9 portfolio brand detected,2,,mondelez | mondelez
beverages,FRANCE|DACH,nestle,lipton,,top_company_portfolio_matrix_off_brands,current primary brand is parent/company token; another OFF brand token needs brand-level review,2,Lipton Thé Noir Fruits Rouges 12 Capsules | Infusion Nuit Tranquille,"nestlé, lipton | nestlé, lipton"
beverages,FRANCE|DACH,nestle,henniez,Nestlé,top_company_portfolio_matrix_off_brands,current primary brand is parent/company token; portfolio brand appears in OFF brands field,2,Acqua minerale naturale | Acqua minerale naturale leggermente frizzante,"nestlé, henniez | nestlé, henniez"
dairies,FRANCE|DACH,nestle,nido,Nestlé,top_company_portfolio_matrix_product_name,current primary brand is parent/company token; portfolio brand appears in product name,2,NIDO MILK 1800G | Nido Fortifié,nestlé | nestlé
dairies,FRANCE|SOUTHERN_EUROPE,danone,activia,Danone,top_company_portfolio_matrix_off_brands,current primary brand is parent/company token; portfolio brand appears in OFF brands field,2,Activia | Fibre bianco cereali,"danone, activia | danone, activia"
snacks,US_CANADA,planters,kraft,Kraft Heinz,top_company_portfolio_matrix_off_brands,known portfolio brand appears in OFF brands field,2,Honey Roasted Peanuts | Hot and spicy cashews,"planters,kraft | planters, kraft"
snacks,US_CANADA,ritz,ritz,,no_change,no more-specific Top 9 portfolio brand detected,2,Peanut Butter Cracker Sandwich | Crisp and thins salt and vinegar chips,"ritz crackers,nabisco,mondelez international | ritz, mondelez"
,FRANCE,maison lou cocal,maison lou cocal,,no_change,no more-specific Top 9 portfolio brand detected,2,Biscottes aux 5 céréales | Mini-Biscottes aux Figues,maison lou cocal | maison lou cocal
beverages,US_CANADA,sprite,sprite,,no_change,no more-specific Top 9 portfolio brand detected,2,Lemon lime soda | Sprite,"sprite, coca-cola | sprite,cocacola"
snacks,US_CANADA|FRANCE|SOUTHERN_EUROPE,milka,milka,,no_change,no more-specific Top 9 portfolio brand detected,1,Choco sticks,"milka,mondelez"
,BENELUX|FRANCE|DACH,nestle,buitoni,Nestlé,top_company_portfolio_matrix_off_brands,current primary brand is parent/company token; portfolio brand appears in OFF brands field,1,Pâte pizza Classica original,"nestlé, buitoni"
,BENELUX|FRANCE|SOUTHERN_EUROPE,biaglut,biaglut,,no_change,no more-specific Top 9 portfolio brand detected,1,Pate sans gluten,"biaglut, kraft heinz"
,DACH|FRANCE,maggi,maggi,,no_change,no more-specific Top 9 portfolio brand detected,1,Noodle Cup - Chicken Taste,"maggi, nestlé"
,FRANCE,amino,amino,,no_change,no more-specific Top 9 portfolio brand detected,1,Noodles haricots au lard,"amino, unilever"
snacks,US_CANADA,triscuit,triscuit,,no_change,no more-specific Top 9 portfolio brand detected,1,Fire Roasted Tomato And Olive Oil,"triscuit, mondelez, nabisco-triscuit"
snacks,US_CANADA,toll house,toll house,,no_change,no more-specific Top 9 portfolio brand detected,1,Semi-Sweet Morsels,"toll house,nestle"
snacks,US_CANADA,the hershey compsny,the hershey compsny,,no_change,no more-specific Top 9 portfolio brand detected,1,Reese’s Oreo,the hershey compsny
snacks,US_CANADA,the hershey company,payday,Hershey,top_company_portfolio_matrix_product_name,current primary brand is parent/company token; portfolio brand appears in product name,1,PAYDAY Peanut Caramel Bar,the hershey company
,FRANCE,nestle,carnation,,top_company_portfolio_matrix_off_brands,current primary brand is parent/company token; another OFF brand token needs brand-level review,1,Graines de Chia,nestle carnation
,FRANCE,nestle,cereal partners,,top_company_portfolio_matrix_off_brands,current primary brand is parent/company token; another OFF brand token needs brand-level review,1,Estrellitas saveur Galleta Maria,"nestlé, cereal partners"
,FRANCE,nestle,cheerios,Nestlé,top_company_portfolio_matrix_off_brands,current primary brand is parent/company token; portfolio brand appears in OFF brands field,1,NESTLE CHEERIOS Céréales 375g,"nestlé, cheerios"
,FRANCE,nestle,chocapic,Nestlé,top_company_portfolio_matrix_product_name,current primary brand is parent/company token; portfolio brand appears in product name,1,Chocapic maxi 750G,nestlé
,FRANCE,nestle,dessert,,top_company_portfolio_matrix_off_brands,current primary brand is parent/company token; another OFF brand token needs brand-level review,1,Muesli voeni,nestlé dessert
snacks,US_CANADA,pepsico,pepsico,,no_change,no more-specific Top 9 portfolio brand detected,1,Kurkure Naughty Tomato,pepsico
snacks,US_CANADA,reeses,reeses,,no_change,no more-specific Top 9 portfolio brand detected,1,Reese's Pieces bag,"reese's,hershey"
snacks,US_CANADA,nestle,damak,Nestlé,top_company_portfolio_matrix_product_name,current primary brand is parent/company token; portfolio brand appears in product name,1,Damak Dark Chocolate with Pistachios,nestle
snacks,US_CANADA,nestle,drumstick,Nestlé,top_company_portfolio_matrix_product_name,current primary brand is parent/company token; portfolio brand appears in product name,1,Kit kat drumstick,nestle
snacks,US_CANADA,nestle,kitkat,,top_company_portfolio_matrix_off_brands,current primary brand is parent/company token; another OFF brand token needs brand-level review,1,Salted Caramel,nestlé kitkat
snacks,US_CANADA,nestle,milo,Nestlé,top_company_portfolio_matrix_product_name,current primary brand is parent/company token; portfolio brand appears in product name,1,Milo,nestle
snacks,US_CANADA,nestle,smarties,Nestlé,top_company_portfolio_matrix_product_name,current primary brand is parent/company token; portfolio brand appears in product name,1,Smarties,nestlé
snacks,US_CANADA,one hersheys,one hersheys,,no_change,no more-specific Top 9 portfolio brand detected,1,Double Chocolate Flavor Inspired Protein Bar,one hershey's
snacks,US_CANADA,outshine,outshine,,no_change,no more-specific Top 9 portfolio brand detected,1,Fruit & Yogurt Smoothie Apple Pear,"outshine, nestlé"
snacks,US_CANADA,pepsi,pepsi,,no_change,no more-specific Top 9 portfolio brand detected,1,Lay's wafer style,pepsi co.
snacks,US_CANADA,mondelez,cadbury,Mondelez,top_company_portfolio_matrix_product_name,current primary brand is parent/company token; portfolio brand appears in product name,1,Cadbury 5 Star,mondelez
beverages,US_CANADA|FRANCE,heinz,heinz,,no_change,no more-specific Top 9 portfolio brand detected,1,Jus de tomate,heinz
beverages,US_CANADA|FRANCE,lipton,lipton,,no_change,no more-specific Top 9 portfolio brand detected,1,Real Peach Brewed Iced Tea,"lipton, pure leaf, unilever"
beverages,US_CANADA|FRANCE,nestle,nestea,Nestlé,top_company_portfolio_matrix_product_name,current primary brand is parent/company token; portfolio brand appears in product name,1,Nestea Lemon,nestlé
beverages,US_CANADA|FRANCE,nestle,nestle,,no_change,no more-specific Top 9 portfolio brand detected,1,Natural spring water,nestlé
beverages,US_CANADA,s pellegrino essenza,s pellegrino,Nestlé,top_company_portfolio_matrix_off_brands,known portfolio brand appears in OFF brands field,1,S.PELLEGRINO ESSENZA Dark morello cherry & pomegranate,"s. pellegrino essenza,s. pellegrino,nestlé waters,nestlé"
beverages,US_CANADA,sams club,pepsi,PepsiCo,top_company_portfolio_matrix_off_brands,known portfolio brand appears in OFF brands field,1,Sam's Club: (32 OZ) - Fountain Drink Cup,"sam's club, members mark, pepsi"
beverages,US_CANADA,san pellegrino,san pellegrino,,no_change,no more-specific Top 9 portfolio brand detected,1,S. Pellegrino,"san pellegrino, nestlé"
beverages,US_CANADA,starbucks,by nespresso for vertuo,,top_company_portfolio_matrix_off_brands,current primary brand is parent/company token; another OFF brand token needs brand-level review,1,Colombia (Single Origin),starbucks (by nespresso for vertuo)
beverages,US_CANADA,starbucks,formation brands llc,,top_company_portfolio_matrix_off_brands,current primary brand is parent/company token; another OFF brand token needs brand-level review,1,Hot cocoa mix,"starbucks, formation brands llc"
beverages,US_CANADA,starbucks,nespresso,Nestlé,top_company_portfolio_matrix_product_name,current primary brand is parent/company token; portfolio brand appears in product name,1,pike place nespresso vertuo,starbucks
beverages,US_CANADA,starbucks,refresher,,top_company_portfolio_matrix_off_brands,current primary brand is parent/company token; another OFF brand token needs brand-level review,1,Strawberry açai lemonade,starbucks refresher
beverages,US_CANADA,starbucks,refreshers,,top_company_portfolio_matrix_off_brands,current primary brand is parent/company token; another OFF brand token needs brand-level review,1,Strawberry Lemonade,"starbucks,starbucks refreshers"
beverages,US_CANADA,starbucks,tripleshot energy,,top_company_portfolio_matrix_off_brands,current primary brand is parent/company token; another OFF brand token needs brand-level review,1,ENERGY COFFEE BEVERAGE,starbucks tripleshot energy
beverages,US_CANADA,sting,pepsi,PepsiCo,top_company_portfolio_matrix_off_brands,known portfolio brand appears in OFF brands field,1,Sting Energy,"sting,pepsi,pepsico,suntory,sting energy"
beverages,US_CANADA,nestle,nesquik,Nestlé,top_company_portfolio_matrix_product_name,current primary brand is parent/company token; portfolio brand appears in product name,1,Nesquik imp,nestle
beverages,US_CANADA,nestle,nestle pure life,Nestlé,top_company_portfolio_matrix_product_name,current primary brand is parent/company token; portfolio brand appears in product name,1,Nestlé Pure Life(cajas),nestlé
beverages,US_CANADA,nesquik,nesquik,,no_change,no more-specific Top 9 portfolio brand detected,1,Chocolate Syrup,"nesquik,nestlé"
beverages,US_CANADA,nestle,abuelita,,top_company_portfolio_matrix_off_brands,current primary brand is parent/company token; another OFF brand token needs brand-level review,1,Mexican style instant hot chocolate mix,nestle abuelita
beverages,US_CANADA,nestle,acqua panna,Nestlé,top_company_portfolio_matrix_off_brands,current primary brand is parent/company token; portfolio brand appears in OFF brands field,1,Purified Drinking water,"nestle waters,acqua panna"
beverages,US_CANADA,nestle,acqua panna,Nestlé,top_company_portfolio_matrix_product_name,current primary brand is parent/company token; portfolio brand appears in product name,1,Acqua Panna Tuscany,nestle
beverages,US_CANADA,nestle,coffee mate,Nestlé,top_company_portfolio_matrix_product_name,current primary brand is parent/company token; portfolio brand appears in product name,1,COFFEE MATE AVELLANA,nestle
beverages,US_CANADA,nestle,milo,Nestlé,top_company_portfolio_matrix_product_name,current primary brand is parent/company token; portfolio brand appears in product name,1,Milo,nestlé
beverages,US_CANADA,nestle,nescafe,Nestlé,top_company_portfolio_matrix_product_name,current primary brand is parent/company token; portfolio brand appears in product name,1,Nescafe Espresso Roast,nestlé
beverages,US_CANADA,nestle,nesquik,,top_company_portfolio_matrix_off_brands,current primary brand is parent/company token; another OFF brand token needs brand-level review,1,Chocolate flavor powder,nestlé nesquik
beverages,US_CANADA,danone,danone,,no_change,no more-specific Top 9 portfolio brand detected,1,"Vanilla caffeinated & cultured dairy drink, vanilla",danone
beverages,US_CANADA,danone,two good,,top_company_portfolio_matrix_off_brands,current primary brand is parent/company token; another OFF brand token needs brand-level review,1,Two Good Smoothie Drinks - Strawberry Banana,"danone, two good"
beverages,US_CANADA,dasani,dasani,,no_change,no more-specific Top 9 portfolio brand detected,1,Purified water,"dasani, coca-cola, coca-cola company"
beverages,US_CANADA,unilever,knorr,Unilever,top_company_portfolio_matrix_product_name,current primary brand is parent/company token; portfolio brand appears in product name,1,Knorr atole,unilever
beverages,US_CANADA,unilever,pg tips,Unilever,top_company_portfolio_matrix_product_name,current primary brand is parent/company token; portfolio brand appears in product name,1,"Pg Tips, Pyramid Tea Bags, Black Tea",unilever
beverages,US_CANADA,venom,pepsi,PepsiCo,top_company_portfolio_matrix_off_brands,known portfolio brand appears in OFF brands field,1,"Fruit Punch Flavored Energy Drink, Lemon","venom, pepsi"
beverages,US_CANADA|FRANCE,coca cola,diet coke,Coca-Cola,top_company_portfolio_matrix_product_name,current primary brand is parent/company token; portfolio brand appears in product name,1,Diet Coke,coca-cola
beverages,US_CANADA|FRANCE,coca cola,nestea,Nestlé,top_company_portfolio_matrix_off_brands,current primary brand is parent/company token; portfolio brand appears in OFF brands field,1,Nestea Thé Glacé Citron Naturel,"coca-cola, nestea"
cereals,BENELUX|FRANCE|SOUTHERN_EUROPE,nestle,chocapic,Nestlé,top_company_portfolio_matrix_product_name,current primary brand is parent/company token; portfolio brand appears in product name,1,Chocapic Muesli,nestlé
beverages,US_CANADA|FRANCE,pepsico,inc,,top_company_portfolio_matrix_off_brands,current primary brand is parent/company token; another OFF brand token needs brand-level review,1,Aquafina,pepsico inc.
beverages,US_CANADA|FRANCE,pepsico,pepsico,,no_change,no more-specific Top 9 portfolio brand detected,1,Mtn Dew,pepsico
beverages,US_CANADA|FRANCE|DACH,aunt jemima,aunt jemima,,no_change,no more-specific Top 9 portfolio brand detected,1,Sirop De Table (original),"aunt jemima, pepsico"
beverages,US_CANADA|FRANCE|DACH,nesquik,nesquik,,no_change,no more-specific Top 9 portfolio brand detected,1,"NESQUIK Poudre Cacaotée boîte 1,3kg",nesquik • nestle
beverages,US_CANADA|UK_IE,coca cola,coca cola,,no_change,no more-specific Top 9 portfolio brand detected,1,Thums Up 300ml can,coca cola
cereals,BENELUX|FRANCE,brinta,heinz,Kraft Heinz,top_company_portfolio_matrix_off_brands,known portfolio brand appears in OFF brands field,1,Brinta Petit déjeuner aux céréales complètes,"brinta, heinz"
cereals,BENELUX|FRANCE,cruesli,quaker,PepsiCo,top_company_portfolio_matrix_off_brands,known portfolio brand appears in OFF brands field,1,Cruesli Chocolat,"cruesli, pepsico, quaker"
cereals,BENELUX|FRANCE,dr oetker,kraft,Kraft Heinz,top_company_portfolio_matrix_off_brands,known portfolio brand appears in OFF brands field,1,Vitalis Roasted Muesli Fraise-Vanille Bourbon,"dr. oetker, kraft, vitalis"
cereals,BENELUX|FRANCE,nestle,cerelac,Nestlé,top_company_portfolio_matrix_product_name,current primary brand is parent/company token; portfolio brand appears in product name,1,Cerelac,nestlé
cereals,BENELUX|FRANCE,nestle,chocapic,Nestlé,top_company_portfolio_matrix_product_name,current primary brand is parent/company token; portfolio brand appears in product name,1,Chocapic,nestlé
cereals,BENELUX|FRANCE,nestle,fitness,Nestlé,top_company_portfolio_matrix_off_brands,current primary brand is parent/company token; portfolio brand appears in OFF brands field,1,Fitness honing and amandes max,"nestlé, cereal partners, fitness"
beverages,US_CANADA,the coca cola,the coca cola,,no_change,no more-specific Top 9 portfolio brand detected,1,Cider,the coca-cola
beverages,US_CANADA,the coca cola company,sprite,Coca-Cola,top_company_portfolio_matrix_product_name,current primary brand is parent/company token; portfolio brand appears in product name,1,Sprite,the coca-cola company
beverages,US_CANADA,mountain dew pepsico,mountain dew,PepsiCo,top_company_portfolio_matrix_off_brands,known portfolio brand appears in OFF brands field,1,Mountain Dew: Maui Burts - (Dollar General Exclusive),mountain dew/pepsico
beverages,US_CANADA,mr pibb,mr pibb,,no_change,no more-specific Top 9 portfolio brand detected,1,Mr. Pibb Kickin' Cherry Soda,"mr. pibb, coca cola, the coca cola company"
cereals,DACH|FRANCE,nestle,lion,Nestlé,top_company_portfolio_matrix_product_name,current primary brand is parent/company token; portfolio brand appears in product name,1,Lion Kellogs,nestlé
cereals,DACH|FRANCE,nestlelion,nestlelion,,no_change,no more-specific Top 9 portfolio brand detected,1,"Kellogs, Lion Cereals","nestlélion, nestle"
cereals,DACH|FRANCE|SOUTHERN_EUROPE,nestle,cini minis,Nestlé,top_company_portfolio_matrix_product_name,current primary brand is parent/company token; portfolio brand appears in product name,1,"Kellogs, Cini Minis",nestlé
cereals,DACH|FRANCE|UK_IE,nestle,cheerios,,top_company_portfolio_matrix_off_brands,current primary brand is parent/company token; another OFF brand token needs brand-level review,1,NESTLE CHEERIOS Multigrain Cerealien,"nestlé, nestle cheerios"
cereals,DACH|UK_IE,nestle,kit kat,,top_company_portfolio_matrix_off_brands,current primary brand is parent/company token; another OFF brand token needs brand-level review,1,Kit Kat,"nestle, nestle kit kat"
cereals,DACH|UK_IE,nestle,nesquik,Nestlé,top_company_portfolio_matrix_product_name,current primary brand is parent/company token; portfolio brand appears in product name,1,Nesquik Choco Waves,nestlé
cereals,BENELUX|FRANCE,nestle,lion protein,,top_company_portfolio_matrix_off_brands,current primary brand is parent/company token; another OFF brand token needs brand-level review,1,NESTLE LION protéines Céréales 340g,"nestle, lion protein"
cereals,BENELUX|FRANCE,nestle,maggi,Nestlé,top_company_portfolio_matrix_off_brands,current primary brand is parent/company token; portfolio brand appears in OFF brands field,1,"MOUSLINE Purée Nature, 4 sachets pour 4 personnes (4x130g)","nestlé, maggi, mousline"
cereals,BENELUX|FRANCE,nestle,nesquik,Nestlé,top_company_portfolio_matrix_off_brands,current primary brand is parent/company token; portfolio brand appears in OFF brands field,1,NESTLE NESQUIK Duo Céréales paquet de,"nestlé, nesquik"
cereals,BENELUX|FRANCE,nestle,nesquik,Nestlé,top_company_portfolio_matrix_product_name,current primary brand is parent/company token; portfolio brand appears in product name,1,Nesquik,nestlé
cereals,BENELUX|FRANCE|DACH,nestle,clusters,,top_company_portfolio_matrix_off_brands,current primary brand is parent/company token; another OFF brand token needs brand-level review,1,Clusters Mandel,"nestlé,clusters"
cereals,BENELUX|FRANCE|DACH,nestle,lion,Nestlé,top_company_portfolio_matrix_product_name,current primary brand is parent/company token; portfolio brand appears in product name,1,Lion Wild,nestlé
cereals,BENELUX|FRANCE|DACH,nestle,nesquik,Nestlé,top_company_portfolio_matrix_product_name,current primary brand is parent/company token; portfolio brand appears in product name,1,NESTLE NESQUIK Cerealien,nestlé
cereals,BENELUX|FRANCE|DACH,pepsico,quaker,PepsiCo,top_company_portfolio_matrix_off_brands,current primary brand is parent/company token; portfolio brand appears in OFF brands field,1,Oats - Flocons d'avoine,"pepsico, quaker"
cereals,BENELUX|FRANCE|DACH|SOUTHERN_EUROPE,nestle,fitness,Nestlé,top_company_portfolio_matrix_off_brands,current primary brand is parent/company token; portfolio brand appears in OFF brands field,1,Chocolate con Leche,"nestlé,fitness"
cereals,BENELUX|FRANCE|SOUTHERN_EUROPE,nestle,cheerios,Nestlé,top_company_portfolio_matrix_product_name,current primary brand is parent/company token; portfolio brand appears in product name,1,Cheerios Bio,nestlé
cereals,BENELUX|FRANCE|SOUTHERN_EUROPE,nestle,nestle,,no_change,no more-specific Top 9 portfolio brand detected,1,Granola Miele,nestlé
cereals,BENELUX|FRANCE|SOUTHERN_EUROPE,pepsico,quaker,PepsiCo,top_company_portfolio_matrix_off_brands,current primary brand is parent/company token; portfolio brand appears in OFF brands field,1,Hunky baked granola nuts & seeds,"pepsico, quaker"
cereals,BENELUX|FRANCE|SOUTHERN_EUROPE|DACH,nestle,fitness,Nestlé,top_company_portfolio_matrix_off_brands,current primary brand is parent/company token; portfolio brand appears in OFF brands field,1,Nature Céréales,"nestlé, fitness"
beverages,US_CANADA,gerber,gerber,,no_change,no more-specific Top 9 portfolio brand detected,1,Purified water with minerals,"gerber,nestlé"
beverages,US_CANADA,hindustan,hindustan,,no_change,no more-specific Top 9 portfolio brand detected,1,Bru Instant,"hindustan ,unilever"
beverages,US_CANADA,inca kola,inca kola,,no_change,no more-specific Top 9 portfolio brand detected,1,Golden Kola,"inca kola, golden kola, the coca-cola company"
beverages,US_CANADA,international delight,international delight,,no_change,no more-specific Top 9 portfolio brand detected,1,Caramel Macchiato Iced Coffee,"international delight, danone"
beverages,US_CANADA,j7,j7,,no_change,no more-specific Top 9 portfolio brand detected,1,Напиток сокосодержащий Энергия Фруктов манго-гуава-лайм-личи с мякотью для детского питания «Сокровище Тропиков»,"j7,pepsico holdings"
beverages,US_CANADA,kool aid,kool aid,,no_change,no more-specific Top 9 portfolio brand detected,1,Bursts berry blue soft drink,"kool-aid,kraft,kraft heinz,heinz"
beverages,US_CANADA,bubly,bubly,,no_change,no more-specific Top 9 portfolio brand detected,1,Bubly Burst Watermelon Lime,"bubly, pepsico inc."
beverages,US_CANADA,coca cola,cocacola,,top_company_portfolio_matrix_off_brands,current primary brand is parent/company token; another OFF brand token needs brand-level review,1,Mello Yellow,cocacola
cereals,BENELUX|FRANCE|SOUTHERN_EUROPE|DACH,nestle,nesquik,Nestlé,top_company_portfolio_matrix_off_brands,current primary brand is parent/company token; portfolio brand appears in OFF brands field,1,NESTLE NESQUIK BIO Céréales 375g,"nestlé, nesquik, nesquik bio"
cereals,BENELUX|US_CANADA|FRANCE|DACH,maizena,maizena,,no_change,no more-specific Top 9 portfolio brand detected,1,Maizena Fleur de Maïs Sans Gluten 400g,"maizena, unilever"
cereals,DACH|BENELUX|FRANCE|SOUTHERN_EUROPE,nestle,kitkat cereal,Nestlé,top_company_portfolio_matrix_product_name,current primary brand is parent/company token; portfolio brand appears in product name,1,KitKat Cereal,nestlé
cereals,DACH|BENELUX|FRANCE|SOUTHERN_EUROPE,nestle,nestle,,no_change,no more-specific Top 9 portfolio brand detected,1,Alphabet Céréales Petit Déjeuner,nestlé
cereals,DACH|FRANCE,nestle,lion,Nestlé,top_company_portfolio_matrix_off_brands,current primary brand is parent/company token; portfolio brand appears in OFF brands field,1,Crunchy muesli Lion,"nestlé, lion"
cereals,FRANCE,nestle,nestum,Nestlé,top_company_portfolio_matrix_off_brands,current primary brand is parent/company token; portfolio brand appears in OFF brands field,1,Nestum Trigo y Miel,"nestlé, nestum"
cereals,FRANCE,nestle,nestum,Nestlé,top_company_portfolio_matrix_product_name,current primary brand is parent/company token; portfolio brand appears in product name,1,Nestum,nestlé
cereals,FRANCE|BENELUX,brinta,heinz,Kraft Heinz,top_company_portfolio_matrix_off_brands,known portfolio brand appears in OFF brands field,1,,"brinta, heinz"
cereals,FRANCE|BENELUX,nestle,nestle,,no_change,no more-specific Top 9 portfolio brand detected,1,GoFree Cornflakes,nestlé
cereals,FRANCE|BENELUX|UK_IE,nestle,nestle,,no_change,no more-specific Top 9 portfolio brand detected,1,Kit kat cereal,nestle
cereals,DACH|US_CANADA,nestle,maggi,Nestlé,top_company_portfolio_matrix_off_brands,current primary brand is parent/company token; portfolio brand appears in OFF brands field,1,5 Minuten Terrine – Kartoffelbrei mit Erbsen & Möhren,"nestlé,5 minuten terrine,maggi"
cereals,DACH|US_CANADA,nestle,nestum,Nestlé,top_company_portfolio_matrix_off_brands,current primary brand is parent/company token; portfolio brand appears in OFF brands field,1,Nestum Avena y Arroz,"nestlé,nestum"
cereals,FRANCE,cruesli,quaker,PepsiCo,top_company_portfolio_matrix_off_brands,known portfolio brand appears in OFF brands field,1,Cruesli Caramel,"cruesli, pepsico, quaker"
cereals,FRANCE,heinz,heinz,,no_change,no more-specific Top 9 portfolio brand detected,1,7+ Months First Steps Blueberry Porridge,heinz
cereals,FRANCE,maggi,maggi,,no_change,no more-specific Top 9 portfolio brand detected,1,Puré de Papas,"maggi,nestlé"
cereals,FRANCE,nestle,cereal partners,,top_company_portfolio_matrix_off_brands,current primary brand is parent/company token; another OFF brand token needs brand-level review,1,NESTLE CHOKELLA Céréales 580g​,"nestlé, cereal partners, chokella"
cereals,FRANCE,nestle,cerelac,Nestlé,top_company_portfolio_matrix_off_brands,current primary brand is parent/company token; portfolio brand appears in OFF brands field,1,Cerelac,"nestlé, cerelac"
cereals,FRANCE,nestle,cerelac,Nestlé,top_company_portfolio_matrix_product_name,current primary brand is parent/company token; portfolio brand appears in product name,1,Cerelac Plein De Fruit,nestlé
cereals,FRANCE,nestle,chocapic minis,,top_company_portfolio_matrix_off_brands,current primary brand is parent/company token; another OFF brand token needs brand-level review,1,NESTLE CHOCAPIC MINIS 310g – Céréales au chocolat,"nestlé, chocapic minis"
cereals,FRANCE,nestle,crunch,,top_company_portfolio_matrix_off_brands,current primary brand is parent/company token; another OFF brand token needs brand-level review,1,CRUNCH Céréales,"nestlé, crunch, cereal partners"
cereals,BENELUX|FRANCE|SOUTHERN_EUROPE,nestle,fitness,Nestlé,top_company_portfolio_matrix_product_name,current primary brand is parent/company token; portfolio brand appears in product name,1,FITNESS BIO céréales avoine et chocolat,nestlé
cereals,FRANCE|DACH,nestlecrunch,nestlecrunch,,no_change,no more-specific Top 9 portfolio brand detected,1,Crunch Nestlé,nestlécrunch
cereals,FRANCE|DACH|SOUTHERN_EUROPE,nestle,nesquik,Nestlé,top_company_portfolio_matrix_off_brands,current primary brand is parent/company token; portfolio brand appears in OFF brands field,1,NESTLE NESQUIK Cereal,"nestle,nesquik"
cereals,FRANCE|DACH|SOUTHERN_EUROPE,nestle,trix,,top_company_portfolio_matrix_off_brands,current primary brand is parent/company token; another OFF brand token needs brand-level review,1,Trix,"nestlé,nestle trix"
beverages,US_CANADA,coca cola,craftea,,top_company_portfolio_matrix_off_brands,current primary brand is parent/company token; another OFF brand token needs brand-level review,1,红茶花伝,coca-cola craftea
beverages,US_CANADA,coca cola,fuze tea,Coca-Cola,top_company_portfolio_matrix_product_name,current primary brand is parent/company token; portfolio brand appears in product name,1,Fuze Tea Con Té negro y sabor Durazno sin calorías,coca-cola
beverages,US_CANADA,coca cola,hbc magyarorszag kft,,top_company_portfolio_matrix_off_brands,current primary brand is parent/company token; another OFF brand token needs brand-level review,1,Coca-Cola Zero 1.75,coca-cola hbc magyarország kft.
beverages,US_CANADA,coca cola,oreo,Mondelez,top_company_portfolio_matrix_off_brands,current primary brand is parent/company token; portfolio brand appears in OFF brands field,1,Coke zero sugar oreo,"coca-cola,oreo"
beverages,US_CANADA,coca cola,original taste,,top_company_portfolio_matrix_off_brands,current primary brand is parent/company token; another OFF brand token needs brand-level review,1,Coca Cola,"coca-cola,coca-cola original taste"
beverages,US_CANADA,coca cola hbc romania,coca cola hbc romania,,no_change,no more-specific Top 9 portfolio brand detected,1,Next joy!,coca- cola hbc romania
beverages,US_CANADA,coca cola life,coca cola life,,no_change,no more-specific Top 9 portfolio brand detected,1,Reduced Calorie Cola,coca-cola life
beverages,US_CANADA,coffee mate,coffee mate,,no_change,no more-specific Top 9 portfolio brand detected,1,Italian sweet crème,"coffee mate, nestlé"
beverages,US_CANADA,danone,danimals,,top_company_portfolio_matrix_off_brands,current primary brand is parent/company token; another OFF brand token needs brand-level review,1,Strawberry/Banana Smoothies,"danone, danimals"
beverages,UK_IE,pepsico,pepsico,,no_change,no more-specific Top 9 portfolio brand detected,1,Max,pepsico
beverages,UK_IE,princes gate,princes gate,,no_change,no more-specific Top 9 portfolio brand detected,1,Sparkling Spring Water,"princes gate,nestlé"
cereals,FRANCE,nestle,lion wild,,top_company_portfolio_matrix_off_brands,current primary brand is parent/company token; another OFF brand token needs brand-level review,1,NESTLE LION WILD Céréales 810g,"nestlé, lion wild"
cereals,FRANCE,nestle,nesquik,Nestlé,top_company_portfolio_matrix_off_brands,current primary brand is parent/company token; portfolio brand appears in OFF brands field,1,Nesquik grand,"nestlé, nesquik"
cereals,FRANCE|DACH,nestle,cheerios,Nestlé,top_company_portfolio_matrix_product_name,current primary brand is parent/company token; portfolio brand appears in product name,1,Cheerios miel et 5 Céréales complètes,nestlé
cereals,FRANCE|DACH,nestle,chocapic,Nestlé,top_company_portfolio_matrix_off_brands,current primary brand is parent/company token; portfolio brand appears in OFF brands field,1,Céréales Chocapic,"nestlé,chocapic"
beverages,UK_IE,the coca cola company,diet coke,Coca-Cola,top_company_portfolio_matrix_product_name,current primary brand is parent/company token; portfolio brand appears in product name,1,Diet coke Kate Moss,the coca-cola company
beverages,UK_IE,tropicana,tropicana,,no_change,no more-specific Top 9 portfolio brand detected,1,Pure Premium smooth Orange with no bits,"tropicana,pepsi group"
beverages,UK_IE,unilever,unilever,,no_change,no more-specific Top 9 portfolio brand detected,1,,unilever
beverages,UK_IE|US_CANADA,coca cola,diet coke,Coca-Cola,top_company_portfolio_matrix_product_name,current primary brand is parent/company token; portfolio brand appears in product name,1,Diet Coke,coca-cola
beverages,UK_IE|US_CANADA,pepsi,pepsi,,no_change,no more-specific Top 9 portfolio brand detected,1,With a splash of mango juice,pepsi
beverages,US_CANADA,acqua panna,san pellegrino,Nestlé,top_company_portfolio_matrix_off_brands,known portfolio brand appears in OFF brands field,1,Smooth taste toscana,"acqua panna, san pellegrino, nestlé"
beverages,US_CANADA,aha,aha,,no_change,no more-specific Top 9 portfolio brand detected,1,Peach Honey Sparkling Water,"aha, coca-cola"
beverages,UK_IE,naked,naked,,no_change,no more-specific Top 9 portfolio brand detected,1,Red Machine Smoothie,"naked,pepsico"
beverages,UK_IE,nestle,coffee mate,Nestlé,top_company_portfolio_matrix_product_name,current primary brand is parent/company token; portfolio brand appears in product name,1,Coffee Mate,nestle
cereals,FRANCE|DACH,nestle,chokella,,top_company_portfolio_matrix_off_brands,current primary brand is parent/company token; another OFF brand token needs brand-level review,1,NESTLE CHOKELLA Céréales - Boite de 350g,"nestlé, chokella"
cereals,FRANCE|DACH,nestle,cpw,,top_company_portfolio_matrix_off_brands,current primary brand is parent/company token; another OFF brand token needs brand-level review,1,NESTLE GOLDEN GRAHAMS Céréales 570g,"nestlé, cpw, golden grahams"
cereals,FRANCE|DACH,nestle,fitness,Nestlé,top_company_portfolio_matrix_off_brands,current primary brand is parent/company token; portfolio brand appears in OFF brands field,1,NESTLE FITNESS JOGHURT Cerealien,"nestlé, fitness, nestle fitness & yoghurt"
cereals,FRANCE|DACH,nestle,fitness,Nestlé,top_company_portfolio_matrix_product_name,current primary brand is parent/company token; portfolio brand appears in product name,1,Fitness,nestlé
cereals,FRANCE|DACH,nestle,nesquik crunchy brownie,,top_company_portfolio_matrix_off_brands,current primary brand is parent/company token; another OFF brand token needs brand-level review,1,NESTLE NESQUIK CRUNCHY BROWNIE Cerealien,"nestlé, nestle nesquik crunchy brownie"
beverages,UK_IE,nestle,nestle pure life,Nestlé,top_company_portfolio_matrix_product_name,current primary brand is parent/company token; portfolio brand appears in product name,1,Nestle Pure Life Still Spring Water,nestle
beverages,UK_IE,nestle,norge as,,top_company_portfolio_matrix_off_brands,current primary brand is parent/company token; another OFF brand token needs brand-level review,1,Dolce Gusto Ristretto Barista 16 kapsler,nestlé norge as
beverages,UK_IE,nestle,uk,,top_company_portfolio_matrix_off_brands,current primary brand is parent/company token; another OFF brand token needs brand-level review,1,Nescafé Cappuccino,nestlé uk
beverages,UK_IE,pepsi cola,pepsi cola,,no_change,no more-specific Top 9 portfolio brand detected,1,Pepsi Max,pepsi-cola
beverages,UK_IE,pepsico,inc,,top_company_portfolio_matrix_off_brands,current primary brand is parent/company token; another OFF brand token needs brand-level review,1,Mountain dew,pepsico inc.
beverages,UK_IE,pepsico,pepsi,PepsiCo,top_company_portfolio_matrix_off_brands,current primary brand is parent/company token; portfolio brand appears in OFF brands field,1,Pepsi max,"pepsico,pepsi"
beverages,UK_IE,coca cola,cocacola,,top_company_portfolio_matrix_off_brands,current primary brand is parent/company token; another OFF brand token needs brand-level review,1,Coca-cola Zero Lemon,cocacola
cereals,FRANCE|SOUTHERN_EUROPE,nestle,cheerios,Nestlé,top_company_portfolio_matrix_product_name,current primary brand is parent/company token; portfolio brand appears in product name,1,Honey Cheerios,nestlé
cereals,FRANCE|SOUTHERN_EUROPE,nestle,fitness,Nestlé,top_company_portfolio_matrix_off_brands,current primary brand is parent/company token; portfolio brand appears in OFF brands field,1,,"nestlé, fitness"
cereals,FRANCE|SOUTHERN_EUROPE,nestle,nesquik,Nestlé,top_company_portfolio_matrix_off_brands,current primary brand is parent/company token; portfolio brand appears in OFF brands field,1,All Natural* Porridge Cacao,"nestlé, nesquik"
cereals,FRANCE|SOUTHERN_EUROPE,nestle,nesquik,Nestlé,top_company_portfolio_matrix_product_name,current primary brand is parent/company token; portfolio brand appears in product name,1,Cereals Nesquik,nestlé
cereals,FRANCE|SOUTHERN_EUROPE,nestle,nestum,Nestlé,top_company_portfolio_matrix_off_brands,current primary brand is parent/company token; portfolio brand appears in OFF brands field,1,Bolacha Maria,"nestlé, nestum"
cereals,FRANCE|SOUTHERN_EUROPE,nestle,shreddies,Nestlé,top_company_portfolio_matrix_product_name,current primary brand is parent/company token; portfolio brand appears in product name,1,Frosted shreddies,nestlé
cereals,FRANCE|SOUTHERN_EUROPE,pepsico,quaker,PepsiCo,top_company_portfolio_matrix_off_brands,current primary brand is parent/company token; portfolio brand appears in OFF brands field,1,Cruesli Chocolate,"pepsico, quaker"
cereals,FRANCE|DACH,cruesli,quaker,PepsiCo,top_company_portfolio_matrix_off_brands,known portfolio brand appears in OFF brands field,1,Quaker Cruesli Chocolat noisette,"cruesli,pepsico,quaker,quarker"
cereals,FRANCE|DACH,nesquiknestle,nesquiknestle,,no_change,no more-specific Top 9 portfolio brand detected,1,Nesquik Knusper-Frühstück,nesquiknestle
cereals,US_CANADA|FRANCE,pepsico,quaker,PepsiCo,top_company_portfolio_matrix_off_brands,current primary brand is parent/company token; portfolio brand appears in OFF brands field,1,"Croque Nature chocolat noir, canneberges et amendes","pepsico, quaker"
cereals,FRANCE|SOUTHERN_EUROPE,quaker,quaker,,no_change,no more-specific Top 9 portfolio brand detected,1,Quaker Cruesli Frutta Secca,"quaker,pepsico"
cereals,FRANCE|SOUTHERN_EUROPE|DACH,nestle,cheerios,Nestlé,top_company_portfolio_matrix_product_name,current primary brand is parent/company token; portfolio brand appears in product name,1,Cheerios,nestlé
cereals,FRANCE|SOUTHERN_EUROPE|DACH,nestle,fitness,Nestlé,top_company_portfolio_matrix_product_name,current primary brand is parent/company token; portfolio brand appears in product name,1,Fitness Original,nestlé
cereals,FRANCE|SOUTHERN_EUROPE|DACH,nestle,milo,Nestlé,top_company_portfolio_matrix_product_name,current primary brand is parent/company token; portfolio brand appears in product name,1,Milo 400G,nestlé
cereals,FRANCE|SOUTHERN_EUROPE|UK_IE,nestle,shreddies,Nestlé,top_company_portfolio_matrix_product_name,current primary brand is parent/company token; portfolio brand appears in product name,1,Nestle Frosted Shreddies 500G,nestlé
cereals,FRANCE|UK_IE,nestle,cheerios,Nestlé,top_company_portfolio_matrix_off_brands,current primary brand is parent/company token; portfolio brand appears in OFF brands field,1,Cheerios,"nestlé,cheerios"
cereals,FRANCE|UK_IE,nestle,cheerios,Nestlé,top_company_portfolio_matrix_product_name,current primary brand is parent/company token; portfolio brand appears in product name,1,Cheerios 375g,nestlé
cereals,NORDICS|FRANCE,nestle,corn flakes,Nestlé,top_company_portfolio_matrix_product_name,current primary brand is parent/company token; portfolio brand appears in product name,1,Gluten Free Corn Flakes,nestlé
cereals,SOUTHERN_EUROPE|UK_IE,nestle,nestle,,no_change,no more-specific Top 9 portfolio brand detected,1,Shredded wheat bitesize,nestlé
cereals,UK_IE,nestle,cerelac,Nestlé,top_company_portfolio_matrix_product_name,current primary brand is parent/company token; portfolio brand appears in product name,1,Cerelac,nestlé
cereals,UK_IE,nestle,cheerios,Nestlé,top_company_portfolio_matrix_off_brands,current primary brand is parent/company token; portfolio brand appears in OFF brands field,1,nestle cheerios,"nestle,cheerios"
cereals,FRANCE|DACH|SOUTHERN_EUROPE|US_CANADA,quaker,quaker,,no_change,no more-specific Top 9 portfolio brand detected,1,Maple & Brown Sugar Instant Oatmeal,"quaker,pepsico"
cereals,FRANCE|DACH|US_CANADA,hersheys,hersheys,,no_change,no more-specific Top 9 portfolio brand detected,1,Caramel Syrup,hershey's
cereals,FRANCE|NORDICS,nestle,norge as,,top_company_portfolio_matrix_off_brands,current primary brand is parent/company token; another OFF brand token needs brand-level review,1,Lion Caramel & Chocolate Taste,nestlé norge as
cereals,FRANCE|SOUTHERN_EUROPE,chocapic,chocapic,,no_change,no more-specific Top 9 portfolio brand detected,1,NESTLE CHOCAPIC protéines Céréales 340g,"chocapic, nestlé, chocapic protein"
beverages,UK_IE,coca cola,schweppes,PepsiCo,top_company_portfolio_matrix_product_name,current primary brand is parent/company token; portfolio brand appears in product name,1,Schweppes lemonade,coca-cola
beverages,UK_IE,coca cola,the cocacola company,,top_company_portfolio_matrix_off_brands,current primary brand is parent/company token; another OFF brand token needs brand-level review,1,Japan,"coca cola, the cocacola company"
beverages,UK_IE,cocacola company,cocacola company,,no_change,no more-specific Top 9 portfolio brand detected,1,Sprite Lemonl-lime,cocacola company
beverages,UK_IE,danone,actimel,Danone,top_company_portfolio_matrix_off_brands,current primary brand is parent/company token; portfolio brand appears in OFF brands field,1,actimel,"danone,actimel"
beverages,UK_IE,diet coke,diet coke,,no_change,no more-specific Top 9 portfolio brand detected,1,Diet coke caffeine free,"diet coke,coca cola"
beverages,UK_IE,fanta,fanta,,no_change,no more-specific Top 9 portfolio brand detected,1,Fanta fruit ywisy,"fanta, coca-cola"
beverages,UK_IE,mondelez,uk,,top_company_portfolio_matrix_off_brands,current primary brand is parent/company token; another OFF brand token needs brand-level review,1,Hot chocolate,mondelez uk
beverages,NORDICS|FRANCE,mondelez,oboy,,top_company_portfolio_matrix_off_brands,current primary brand is parent/company token; another OFF brand token needs brand-level review,1,Portion,"mondelez, oboy"
beverages,NORDICS|FRANCE,nestle,nestle,,no_change,no more-specific Top 9 portfolio brand detected,1,Hot Chocolate,nestlé
beverages,NORDICS|FRANCE,nestle,norge as,,top_company_portfolio_matrix_off_brands,current primary brand is parent/company token; another OFF brand token needs brand-level review,1,Nescafé DG 16kaps /,nestlé norge as
beverages,NORDICS|FRANCE,pepsi,pepsi,,no_change,no more-specific Top 9 portfolio brand detected,1,Pepsi Max,pepsi
cereals,UK_IE,pepsi,pepsi,,no_change,no more-specific Top 9 portfolio brand detected,1,Pepsi zero sugar - starwberries 'n' cream flavour,pepsi
cereals,UK_IE|SOUTHERN_EUROPE,nestle,cheerios,Nestlé,top_company_portfolio_matrix_product_name,current primary brand is parent/company token; portfolio brand appears in product name,1,Multigrain Cheerios,nestlé
cereals,US_CANADA,fitness,fitness,,no_change,no more-specific Top 9 portfolio brand detected,1,Fitness fruits,"fitness,nestlé"
cereals,US_CANADA,nesquik,nesquik,,no_change,no more-specific Top 9 portfolio brand detected,1,Strawberry Syrup,"nesquik,nestlé"
cereals,US_CANADA,nestle,cini minis,Nestlé,top_company_portfolio_matrix_product_name,current primary brand is parent/company token; portfolio brand appears in product name,1,Cini Minis Protein Delightfully Cinnamon,nestlé
beverages,FRANCE|US_CANADA,danone,danone,,no_change,no more-specific Top 9 portfolio brand detected,1,Ain Saïss,danone
dairies,BENELUX|FRANCE,nestle,coffee mate,Nestlé,top_company_portfolio_matrix_product_name,current primary brand is parent/company token; portfolio brand appears in product name,1,Coffee mate,nestlé
dairies,BENELUX|FRANCE,nestle,lactalis,,top_company_portfolio_matrix_off_brands,current primary brand is parent/company token; another OFF brand token needs brand-level review,1,Yaourt au lait. de brebis Lou Pérac,"nestlé, lactalis, lou pérac"
dairies,BENELUX|FRANCE,nestle,nesquik,Nestlé,top_company_portfolio_matrix_off_brands,current primary brand is parent/company token; portfolio brand appears in OFF brands field,1,Nesquik Petit,"nestlé, nesquik"
dairies,BENELUX|FRANCE,nestle,smarties,Nestlé,top_company_portfolio_matrix_off_brands,current primary brand is parent/company token; portfolio brand appears in OFF brands field,1,Smarties yaourt,"nestlé, smarties"
dairies,BENELUX|FRANCE,philadelphia,philadelphia,,no_change,no more-specific Top 9 portfolio brand detected,1,Philadelphia Light - Oignons & poivre noir,"philadelphia, kraft"
dairies,BENELUX|FRANCE,starbucks,nescafe dolce gusto,Nestlé,top_company_portfolio_matrix_product_name,current primary brand is parent/company token; portfolio brand appears in product name,1,STARBUCKS by NESCAFE DOLCE GUSTO Cappuccino 120g,starbucks
dairies,BENELUX|FRANCE,activa,activa,,no_change,no more-specific Top 9 portfolio brand detected,1,Kéfir Saveur myrtille,"activa, danone"
dairies,BENELUX|FRANCE,danone,danette,Danone,top_company_portfolio_matrix_off_brands,current primary brand is parent/company token; portfolio brand appears in OFF brands field,1,Double saveur pistache & chocolat,"danone,danette"
dairies,BENELUX|FRANCE,danone,hipro,Danone,top_company_portfolio_matrix_off_brands,current primary brand is parent/company token; portfolio brand appears in OFF brands field,1,HiPRO Saveur Coco,"danone, hipro"
dairies,BENELUX|FRANCE,danone,vitalinea,,top_company_portfolio_matrix_off_brands,current primary brand is parent/company token; another OFF brand token needs brand-level review,1,Crème au chocolat,"danone, vitalinea"
cereals,UK_IE,nestle,nesquik,Nestlé,top_company_portfolio_matrix_product_name,current primary brand is parent/company token; portfolio brand appears in product name,1,Nesquik,nestlé
cereals,UK_IE,nestle,nesvita,Nestlé,top_company_portfolio_matrix_product_name,current primary brand is parent/company token; portfolio brand appears in product name,1,Nesvita - Owsianka - Truskawka,nestlé
cereals,UK_IE,nestle,shredded wheat,,top_company_portfolio_matrix_off_brands,current primary brand is parent/company token; another OFF brand token needs brand-level review,1,Shredded wheat apple crumble,"nestlé,shredded wheat"
beverages,UK_IE,coca cola,european partners norge a,,top_company_portfolio_matrix_off_brands,current primary brand is parent/company token; another OFF brand token needs brand-level review,1,"Urge 0,5l",coca-cola european partners norge a
beverages,UK_IE,coca cola,oreo,Mondelez,top_company_portfolio_matrix_product_name,current primary brand is parent/company token; portfolio brand appears in product name,1,OreoLimited Edition Oreo,coca-cola
dairies,BENELUX|FRANCE|DACH|SOUTHERN_EUROPE,mondelez,philadelphia,Mondelēz International,top_company_portfolio_matrix_product_name,current primary brand is parent/company token; portfolio brand appears in product name,1,Philadelphia Original,mondelez international
dairies,BENELUX|FRANCE,hipro,hipro,,no_change,no more-specific Top 9 portfolio brand detected,1,Hipro Mousse cacao,"hipro, danone"
dairies,BENELUX|FRANCE,kraft,milka,Mondelez,top_company_portfolio_matrix_off_brands,known portfolio brand appears in OFF brands field,1,Dosettes Milka au lait,"kraft foods, milka, mondelez"
beverages,NORDICS|FRANCE,sprite,sprite,,no_change,no more-specific Top 9 portfolio brand detected,1,Sprite,"sprite, the coca cola company"
beverages,NORDICS|FRANCE|DACH,fanta,fanta,,no_change,no more-specific Top 9 portfolio brand detected,1,Fanta - Exotic,"fanta, fanta - the coca cola company"
beverages,NORDICS|FRANCE|DACH,nestle,nescafe,Nestlé,top_company_portfolio_matrix_off_brands,current primary brand is parent/company token; portfolio brand appears in OFF brands field,1,Dolce gusto - Chococino - Chocolat en poudre et lait entier en poudre avec sucre,"nestlé, nescafé"
beverages,NORDICS|FRANCE|DACH|UK_IE,coca cola,life,,top_company_portfolio_matrix_off_brands,current primary brand is parent/company token; another OFF brand token needs brand-level review,1,Coca-Cola Life,"coca cola, coca cola life, coca-cola"
beverages,NORDICS|UK_IE,coca cola,coca cola,,no_change,no more-specific Top 9 portfolio brand detected,1,Coca-Cola Intergalactic,"coca cola,coca-cola company"
beverages,SOUTHERN_EUROPE|UK_IE,pepsi,pepsi,,no_change,no more-specific Top 9 portfolio brand detected,1,Pepsi-cola,pepsi
beverages,SOUTHERN_EUROPE|US_CANADA,coca cola,coca cola,,no_change,no more-specific Top 9 portfolio brand detected,1,Coca-Cola Zero,coca cola
beverages,SOUTHERN_EUROPE|US_CANADA,nestle,nestle,,no_change,no more-specific Top 9 portfolio brand detected,1,Chocolate powder no sugar added,nestlé
beverages,SOUTHERN_EUROPE|US_CANADA,pepsi,pepsi,,no_change,no more-specific Top 9 portfolio brand detected,1,Diet Pepsi,pepsi
beverages,UK_IE,acqua panna,san pellegrino,Nestlé,top_company_portfolio_matrix_off_brands,known portfolio brand appears in OFF brands field,1,Still water,"acqua panna, san pellegrino, nestlé"
beverages,UK_IE,actimel,actimel,,no_change,no more-specific Top 9 portfolio brand detected,1,Dairy free,"actimel,danone"
beverages,FRANCE|US_CANADA,coca cola,coke,,top_company_portfolio_matrix_off_brands,current primary brand is parent/company token; another OFF brand token needs brand-level review,1,"Coca-Cola Zero Sugar Zero Calorie Cola, 67.6 fl oz","coca-cola,coke"
beverages,FRANCE|US_CANADA,coca cola,gold peak,,top_company_portfolio_matrix_off_brands,current primary brand is parent/company token; another OFF brand token needs brand-level review,1,Tea raspberry tea,"coca-cola, gold peak"
dairies,BENELUX|NORDICS|FRANCE|DACH,danone,as,,top_company_portfolio_matrix_off_brands,current primary brand is parent/company token; another OFF brand token needs brand-level review,1,Whipping Soya 24.6% Fat,danone as
dairies,BENELUX|UK_IE,activia,activia,,no_change,no more-specific Top 9 portfolio brand detected,1,Activia 0% Fat Peach Yogurt,"activia, danone"
dairies,DACH|BENELUX|FRANCE,ben and jerrys,ben and jerrys,,no_change,no more-specific Top 9 portfolio brand detected,1,Ben & Jerry's Glace Pot Topped Chocolate Caramel Cookie Dough 470ml,"ben & jerry's, unilever"
dairies,DACH|BENELUX|FRANCE|UK_IE,unilever norge as,unilever norge as,,no_change,no more-specific Top 9 portfolio brand detected,1,Non-Dairy Cookies on Cookie Dough 465 ml,unilever norge as
dairies,DACH|BENELUX|NORDICS|FRANCE|SOUTHERN_EUROPE|UK_IE,danone,alpro,Danone,top_company_portfolio_matrix_off_brands,current primary brand is parent/company token; portfolio brand appears in OFF brands field,1,"Alpro Sojadrink, Schokoladen-Geschmack 250ml","danone as, alpro"
dairies,BENELUX|FRANCE|DACH,danette,danette,,no_change,no more-specific Top 9 portfolio brand detected,1,Danette Expresso,"danette, danone"
dairies,BENELUX|FRANCE|DACH,danone,danio,Danone,top_company_portfolio_matrix_product_name,current primary brand is parent/company token; portfolio brand appears in product name,1,Danio Stracciatella,danone
dairies,BENELUX|FRANCE|DACH,danone,jockey,,top_company_portfolio_matrix_off_brands,current primary brand is parent/company token; another OFF brand token needs brand-level review,1,Jockey 3% de mg nature 1 kg x 1,"danone, jockey, jockey natural"
dairies,BENELUX|FRANCE|DACH,danone,oikos,Danone,top_company_portfolio_matrix_off_brands,current primary brand is parent/company token; portfolio brand appears in OFF brands field,1,Oikos yaourt à la grecque - fruit de la passion,"danone, oikos"
dairies,BENELUX|FRANCE|DACH,nestle,nescafe,Nestlé,top_company_portfolio_matrix_off_brands,current primary brand is parent/company token; portfolio brand appears in OFF brands field,1,Gusto Cappuccino Coffee Pods Capsules Per Box,"nestlé,dolce gusto,nescafé"
dairies,BENELUX|FRANCE|DACH,nestle,nesquik,Nestlé,top_company_portfolio_matrix_off_brands,current primary brand is parent/company token; portfolio brand appears in OFF brands field,1,Petit Nesquik,"nestlé, nesquik"
dairies,BENELUX|FRANCE|DACH,nestle,nesquik,Nestlé,top_company_portfolio_matrix_product_name,current primary brand is parent/company token; portfolio brand appears in product name,1,Petit nesquik,nestlé
dairies,BENELUX|FRANCE|DACH,nestle,nestle,,no_change,no more-specific Top 9 portfolio brand detected,1,LC1 probiotic Mocca,nestlé
dairies,BENELUX|FRANCE|DACH,nestle,yaos,,top_company_portfolio_matrix_off_brands,current primary brand is parent/company token; another OFF brand token needs brand-level review,1,Yaos le yaourt à la Grecque,"nestlé, yaos"
dairies,BENELUX|FRANCE|DACH|NORDICS,alpro,alpro,,no_change,no more-specific Top 9 portfolio brand detected,1,Alpro Biologischer Sojadrink 1L,"alpro, danone as"
dairies,BENELUX|FRANCE|DACH|SOUTHERN_EUROPE,danone,actimel,Danone,top_company_portfolio_matrix_product_name,current primary brand is parent/company token; portfolio brand appears in product name,1,Actimel 0%mg original,danone
dairies,DACH|FRANCE,philadelphia,philadelphia,,no_change,no more-specific Top 9 portfolio brand detected,1,Philadelphia Meerrettich,"philadelphia, mondelez"
dairies,DACH|FRANCE,starbucks,starbucks,,no_change,no more-specific Top 9 portfolio brand detected,1,Caffè Latte,starbucks
dairies,DACH|FRANCE|SOUTHERN_EUROPE,starbucks,starbucks,,no_change,no more-specific Top 9 portfolio brand detected,1,Cappuccino,starbucks
dairies,DACH|FRANCE|UK_IE,nestle,nido,,top_company_portfolio_matrix_off_brands,current primary brand is parent/company token; another OFF brand token needs brand-level review,1,INSTANT FULL CREAM MILK POWDER,nestle nido
dairies,DACH|UK_IE,nestle,nesquik,Nestlé,top_company_portfolio_matrix_product_name,current primary brand is parent/company token; portfolio brand appears in product name,1,Nesquik banana flavor,nestlé
dairies,DACH|UK_IE,starbucks,starbucks,,no_change,no more-specific Top 9 portfolio brand detected,1,Caffè Latte,starbucks
dairies,DACH|US_CANADA,mondelez,philadelphia,Mondelēz International,top_company_portfolio_matrix_product_name,current primary brand is parent/company token; portfolio brand appears in product name,1,"Philadelphia Doppelrahmstufe, 4er-packung",mondelez
dairies,DACH|US_CANADA,starbucks,starbucks,,no_change,no more-specific Top 9 portfolio brand detected,1,DOUBLESHOT ENERGY,starbucks
dairies,BENELUX|FRANCE|DACH|UK_IE,danone,alpro,Danone,top_company_portfolio_matrix_off_brands,current primary brand is parent/company token; portfolio brand appears in OFF brands field,1,Caffè Karamel Soya,"danone as, alpro"
dairies,BENELUX|FRANCE|SOUTHERN_EUROPE,activia,activia,,no_change,no more-specific Top 9 portfolio brand detected,1,Activia bifidus saveur noix de coco sans arome artificiel 125 gx 4,"activia,danone"
dairies,BENELUX|FRANCE|SOUTHERN_EUROPE,danone,actimel,Danone,top_company_portfolio_matrix_product_name,current primary brand is parent/company token; portfolio brand appears in product name,1,Dan. actimel Fraise 8X100ML,danone
dairies,BENELUX|FRANCE|SOUTHERN_EUROPE,danone,activia,,top_company_portfolio_matrix_off_brands,current primary brand is parent/company token; another OFF brand token needs brand-level review,1,Activia bifidus saveur vanille sans arome artificiel 125 g x 4,danone activia
dairies,BENELUX|FRANCE|SOUTHERN_EUROPE,danone,set plain,,top_company_portfolio_matrix_off_brands,current primary brand is parent/company token; another OFF brand token needs brand-level review,1,Danone le nature 125 g x 4,"danone, danone set plain"
dairies,BENELUX|FRANCE|SOUTHERN_EUROPE,nestle,nestle,,no_change,no more-specific Top 9 portfolio brand detected,1,YAOS Yaourt Grec nature Bio,nestlé
dairies,BENELUX|FRANCE|US_CANADA,nestle,nestle,,no_change,no more-specific Top 9 portfolio brand detected,1,Lait concentré sucré,nestlé
dairies,BENELUX|NORDICS|FRANCE,danone,as,,top_company_portfolio_matrix_off_brands,current primary brand is parent/company token; another OFF brand token needs brand-level review,1,Strawberry soya,danone as
dairies,FRANCE,dairylea,kraft,Kraft Heinz,top_company_portfolio_matrix_off_brands,known portfolio brand appears in OFF brands field,1,Cheddar,"dairylea, kraft"
dairies,DACH|FRANCE,danone,actimel,Danone,top_company_portfolio_matrix_product_name,current primary brand is parent/company token; portfolio brand appears in product name,1,Danone Actimel® Classic 6 x 100g = 600g,danone
dairies,DACH|FRANCE,danone,oikos,Danone,top_company_portfolio_matrix_off_brands,current primary brand is parent/company token; portfolio brand appears in OFF brands field,1,Danone OIKOS Stracciatella 2 x 125g = 250g,"danone, oikos"
beverages,FRANCE|US_CANADA,hawai,hawai,,no_change,no more-specific Top 9 portfolio brand detected,1,Hawai Tropical,"hawai,coca cola"
beverages,FRANCE|US_CANADA,hersheys,hersheys,,no_change,no more-specific Top 9 portfolio brand detected,1,Zero Sugar Chocolate Syrup,hershey's
beverages,FRANCE|US_CANADA,lipton,pepsi,PepsiCo,top_company_portfolio_matrix_off_brands,known portfolio brand appears in OFF brands field,1,Pure Leaf Sweet Tea,"lipton, pepsi, pure leaf, unilever"
beverages,FRANCE|US_CANADA,nestle,nesquick,,top_company_portfolio_matrix_off_brands,current primary brand is parent/company token; another OFF brand token needs brand-level review,1,Nesquick flavored powder strawberry,nestle nesquick
beverages,FRANCE|US_CANADA,nestle,perrier,Nestlé,top_company_portfolio_matrix_product_name,current primary brand is parent/company token; portfolio brand appears in product name,1,"Perrier, sparkling natural mineral water, pink grapefruit",nestlé
beverages,FRANCE|US_CANADA,perrier,perrier,,no_change,no more-specific Top 9 portfolio brand detected,1,Sparkling natural mineral water,perrier (nestlé)
beverages,FRANCE|US_CANADA,starbucks,frappuccino,,top_company_portfolio_matrix_off_brands,current primary brand is parent/company token; another OFF brand token needs brand-level review,1,Frappuccino chilled coffee drink,"starbucks,frappuccino"
beverages,FRANCE|UK_IE,nestle,aero,Nestlé,top_company_portfolio_matrix_product_name,current primary brand is parent/company token; portfolio brand appears in product name,1,Aero Hot Chocolate,nestlé
beverages,FRANCE|UK_IE,nestle,milo,Nestlé,top_company_portfolio_matrix_product_name,current primary brand is parent/company token; portfolio brand appears in product name,1,Milo,nestlé
beverages,FRANCE|UK_IE,nestle,nescafe,Nestlé,top_company_portfolio_matrix_product_name,current primary brand is parent/company token; portfolio brand appears in product name,1,Nescafé Decaff,nestlé
dairies,DACH|FRANCE,danone,yoothie,,top_company_portfolio_matrix_off_brands,current primary brand is parent/company token; another OFF brand token needs brand-level review,1,Danone YOOTHIE Yoghurt Smoothie Mango Maracuja 250g,"danone, yoothie"
dairies,DACH|FRANCE,kinder,miko,Unilever,top_company_portfolio_matrix_off_brands,known portfolio brand appears in OFF brands field,1,KINDER Glace Sandwich Céréales et Lait,"kinder, miko, unilever"
dairies,DACH|FRANCE,nestle,bauermovenpick,,top_company_portfolio_matrix_off_brands,current primary brand is parent/company token; another OFF brand token needs brand-level review,1,Feinjoghurt Karamell,"nestlé, bauermövenpick"
beverages,FRANCE|UK_IE,nestle,nestle,,no_change,no more-specific Top 9 portfolio brand detected,1,Pure life still spring water,nestlé
beverages,FRANCE|UK_IE,nestle,princes gate,,top_company_portfolio_matrix_off_brands,current primary brand is parent/company token; another OFF brand token needs brand-level review,1,Still Spring Water,"nestlé, princes gate"
beverages,FRANCE|UK_IE,pepsi cola,pepsi cola,,no_change,no more-specific Top 9 portfolio brand detected,1,Diet pepsie,pepsi cola
beverages,FRANCE|UK_IE,pepsico,7up,PepsiCo,top_company_portfolio_matrix_product_name,current primary brand is parent/company token; portfolio brand appears in product name,1,7up Free,pepsico
beverages,FRANCE|UK_IE,pepsico,tropicana,,top_company_portfolio_matrix_off_brands,current primary brand is parent/company token; another OFF brand token needs brand-level review,1,Smooth Orange Juice,"pepsico, tropicana"
beverages,FRANCE|UK_IE,starbucks,starbucks,,no_change,no more-specific Top 9 portfolio brand detected,1,starbucks Chocolat poudre,starbucks
beverages,FRANCE|UK_IE,the coca cola company,diet coke,Coca-Cola,top_company_portfolio_matrix_product_name,current primary brand is parent/company token; portfolio brand appears in product name,1,Diet Coke No Caffeine,the coca-cola company
beverages,FRANCE|US_CANADA,coca cola,cappy,Coca-Cola,top_company_portfolio_matrix_product_name,current primary brand is parent/company token; portfolio brand appears in product name,1,Cappy PULPY,coca cola
beverages,FRANCE|SOUTHERN_EUROPE|DACH,nestea,nestea,,no_change,no more-specific Top 9 portfolio brand detected,1,Nestea Limón,"nestea,coca-cola"
beverages,FRANCE|SOUTHERN_EUROPE|DACH,pepsi,pepsi,,no_change,no more-specific Top 9 portfolio brand detected,1,pepsi,pepsi
dairies,FRANCE,bledidej,bledina,Danone,top_company_portfolio_matrix_off_brands,known portfolio brand appears in OFF brands field,1,BLEDINA BLEDIDEJ Saveur Vanille 4x250ml Dès 6 Mois,"blédidej, blédina, danone"
dairies,FRANCE,carte noire,carte noire,,no_change,no more-specific Top 9 portfolio brand detected,1,Cappuccino,"carte noire, mondelez"
dairies,FRANCE,centrale,centrale,,no_change,no more-specific Top 9 portfolio brand detected,1,Jebli,"centrale, danone, jebli"
dairies,FRANCE,centrale laitiere,centrale laitiere,,no_change,no more-specific Top 9 portfolio brand detected,1,Lait Frais Pasteurise,"centrale laitière, danone"
dairies,FRANCE,coca cola,coca cola,,no_change,no more-specific Top 9 portfolio brand detected,1,Yaourt nature sucres U,coca cola
dairies,FRANCE,cottage,cottage,,no_change,no more-specific Top 9 portfolio brand detected,1,Jockey cottage cheese nature 200 g x 2,"cottage, danone"
beverages,FRANCE|SOUTHERN_EUROPE,viladrau,viladrau,,no_change,no more-specific Top 9 portfolio brand detected,1,Agua Mineral Natural,"viladrau,nestlé"
beverages,FRANCE|SOUTHERN_EUROPE|DACH,coca cola,nestea,Nestlé,top_company_portfolio_matrix_off_brands,current primary brand is parent/company token; portfolio brand appears in OFF brands field,1,Nestea limón,"coca-cola, nestea"
beverages,FRANCE|SOUTHERN_EUROPE,coca cola,aquarius,,top_company_portfolio_matrix_off_brands,current primary brand is parent/company token; another OFF brand token needs brand-level review,1,Bebida isotónica limón,"coca-cola,aquarius"
beverages,FRANCE|SOUTHERN_EUROPE,coca cola,coca cola light,Coca-Cola,top_company_portfolio_matrix_product_name,current primary brand is parent/company token; portfolio brand appears in product name,1,Coca-Cola light sin cafeína,coca-cola
dairies,FRANCE,balisto,balisto,,no_change,no more-specific Top 9 portfolio brand detected,1,Balisto mix,"balisto, danone"
beverages,FRANCE|SOUTHERN_EUROPE|DACH|UK_IE,coca cola,coca cola,,no_change,no more-specific Top 9 portfolio brand detected,1,Coca Cola,coca-cola
beverages,FRANCE|SOUTHERN_EUROPE|UK_IE,coca cola,coca cola,,no_change,no more-specific Top 9 portfolio brand detected,1,Coca-Cola senza caffeina,coca-cola
beverages,FRANCE|SOUTHERN_EUROPE|UK_IE,nestea,nestea,,no_change,no more-specific Top 9 portfolio brand detected,1,Refresco de té negro con limón sin azúcar sin calorías,"nestea,coca-cola"
beverages,FRANCE|SOUTHERN_EUROPE|UK_IE,nestle,nesquik,Nestlé,top_company_portfolio_matrix_off_brands,current primary brand is parent/company token; portfolio brand appears in OFF brands field,1,Nesquik Chocolate Flavour,"nestlé,nesquik"
beverages,FRANCE|UK_IE,coca cola,coke zero,,top_company_portfolio_matrix_off_brands,current primary brand is parent/company token; another OFF brand token needs brand-level review,1,Coca,"coca-cola, coke zero"
beverages,FRANCE|UK_IE,coca cola,diet coke,Coca-Cola,top_company_portfolio_matrix_product_name,current primary brand is parent/company token; portfolio brand appears in product name,1,Diet Coke Top quality,coca-cola
beverages,FRANCE|UK_IE,coca cola,dr pepper,Coca-Cola,top_company_portfolio_matrix_product_name,current primary brand is parent/company token; portfolio brand appears in product name,1,Dr Pepper Zero,coca cola
beverages,FRANCE|UK_IE,coca cola,tesco,,top_company_portfolio_matrix_off_brands,current primary brand is parent/company token; another OFF brand token needs brand-level review,1,Diet Coke,"coca-cola, tesco"
beverages,FRANCE|UK_IE,naked,naked,,no_change,no more-specific Top 9 portfolio brand detected,1,Blue Machine Blueberry Smoothie,"naked, pepsico"
beverages,FRANCE|SOUTHERN_EUROPE,nestle,nesquik,Nestlé,top_company_portfolio_matrix_off_brands,current primary brand is parent/company token; portfolio brand appears in OFF brands field,1,Nesquik,"nestlé, nesquik"
beverages,FRANCE|UK_IE,nestle,nesquik,Nestlé,top_company_portfolio_matrix_product_name,current primary brand is parent/company token; portfolio brand appears in product name,1,Nesquik,nestlé
dairies,FRANCE,danone,s a,,top_company_portfolio_matrix_off_brands,current primary brand is parent/company token; another OFF brand token needs brand-level review,1,Skyr Danone,danone s.a.
dairies,FRANCE,danone,set plain,,top_company_portfolio_matrix_off_brands,current primary brand is parent/company token; another OFF brand token needs brand-level review,1,Danone le nature 125 g x 12,"danone, danone set plain"
dairies,FRANCE,danone,taillefine plaisirs,,top_company_portfolio_matrix_off_brands,current primary brand is parent/company token; another OFF brand token needs brand-level review,1,Taillefine Plaisirs,"danone, taillefine plaisirs"
dairies,FRANCE,danone,veloute fruix,,top_company_portfolio_matrix_off_brands,current primary brand is parent/company token; another OFF brand token needs brand-level review,1,Velouté Fruix Fraise Framboise Fruits Rouges,"danone, velouté fruix"
dairies,FRANCE,danone,yopro,,top_company_portfolio_matrix_off_brands,current primary brand is parent/company token; another OFF brand token needs brand-level review,1,Yo pro Blueberry,danone yopro
dairies,FRANCE,danone,gallia,,top_company_portfolio_matrix_off_brands,current primary brand is parent/company token; another OFF brand token needs brand-level review,1,Calisma,"danone, gallia"
dairies,FRANCE,danone,grenade,Mondelēz International,top_company_portfolio_matrix_product_name,current primary brand is parent/company token; portfolio brand appears in product name,1,Light & Free Framboise et jus de grenade,danone
dairies,FRANCE,danone,ilios,,top_company_portfolio_matrix_off_brands,current primary brand is parent/company token; another OFF brand token needs brand-level review,1,ILIOS Yaourt à la Grecque Nature (4 pots) 500 g - Danone,"danone, ilios"
dairies,FRANCE,danone,laboratoire gallia,,top_company_portfolio_matrix_off_brands,current primary brand is parent/company token; another OFF brand token needs brand-level review,1,Laboratoire Gallia calisma,"danone, laboratoire gallia"
dairies,FRANCE,danone,les danones du monde,,top_company_portfolio_matrix_off_brands,current primary brand is parent/company token; another OFF brand token needs brand-level review,1,Lassi inspire d inde,"danone, les danones du monde"
dairies,FRANCE,danone,actimel,Danone,top_company_portfolio_matrix_off_brands,current primary brand is parent/company token; portfolio brand appears in OFF brands field,1,Actimel,"danone, actimel"
beverages,FRANCE|SOUTHERN_EUROPE,nestle,norge,,top_company_portfolio_matrix_off_brands,current primary brand is parent/company token; another OFF brand token needs brand-level review,1,Nesquik,nestle norge
beverages,FRANCE|SOUTHERN_EUROPE,nestle,sanpellegrino,Nestlé,top_company_portfolio_matrix_off_brands,current primary brand is parent/company token; portfolio brand appears in OFF brands field,1,Acqua Naturale Vera In Bosco,"nestlé, sanpellegrino"
beverages,FRANCE|SOUTHERN_EUROPE,pepsico,pepsico,,no_change,no more-specific Top 9 portfolio brand detected,1,Seven 7,pepsico
beverages,FRANCE|SOUTHERN_EUROPE,starbucks,by nescafe dolce gusto,,top_company_portfolio_matrix_off_brands,current primary brand is parent/company token; another OFF brand token needs brand-level review,1,STARBUCKS BY NESCAFÉ DOLCE GUSTO NEO Caramel Macchiato 120g,"starbucks, by nescafe dolce gusto"
beverages,FRANCE|SOUTHERN_EUROPE,the coca cola company,fanta,Coca-Cola,top_company_portfolio_matrix_product_name,current primary brand is parent/company token; portfolio brand appears in product name,1,Fanta lemon 1l pet,the coca cola company
dairies,FRANCE,lindahls,lindahls,,no_change,no more-specific Top 9 portfolio brand detected,1,Pro+ Yaourt à Boire Saveur Exotiques,"lindahls, nestlé"
dairies,FRANCE,danone,of the world,,top_company_portfolio_matrix_off_brands,current primary brand is parent/company token; another OFF brand token needs brand-level review,1,Danone straggisto 140 g x 2 nature,"danone, danone of the world"
beverages,FRANCE|SOUTHERN_EUROPE,coca cola,coke,,top_company_portfolio_matrix_off_brands,current primary brand is parent/company token; another OFF brand token needs brand-level review,1,Original Taste,"coca cola,coke"
beverages,FRANCE|SOUTHERN_EUROPE,coca cola,sprite,Coca-Cola,top_company_portfolio_matrix_product_name,current primary brand is parent/company token; portfolio brand appears in product name,1,Sprite,coca-cola
beverages,FRANCE|SOUTHERN_EUROPE,cocatech,cocatech,,no_change,no more-specific Top 9 portfolio brand detected,1,Cápsulas de café con leche,cocatech
beverages,FRANCE|SOUTHERN_EUROPE,font vella,font vella,,no_change,no more-specific Top 9 portfolio brand detected,1,Agua mineral,"font vella,danone"
beverages,FRANCE|SOUTHERN_EUROPE,greip,pepsi,PepsiCo,top_company_portfolio_matrix_off_brands,known portfolio brand appears in OFF brands field,1,Mosto Greip,"greip, pepsi"
beverages,FRANCE|SOUTHERN_EUROPE,lipton,lipton,,no_change,no more-specific Top 9 portfolio brand detected,1,Ice tea pêssego,"lipton, unilever"
beverages,FRANCE|SOUTHERN_EUROPE,mondelez,tang,Mondelēz International,top_company_portfolio_matrix_off_brands,current primary brand is parent/company token; portfolio brand appears in OFF brands field,1,Sabor Tropical,"mondelēz, tang"
beverages,FRANCE|SOUTHERN_EUROPE,nescafe,nescafe,,no_change,no more-specific Top 9 portfolio brand detected,1,Classic descafeinado,"nescafé,nestlé"
beverages,FRANCE|SOUTHERN_EUROPE,nestle,bolero,,top_company_portfolio_matrix_off_brands,current primary brand is parent/company token; another OFF brand token needs brand-level review,1,Cereais e Fibra,"nestlé, bolero"
beverages,FRANCE|DACH|US_CANADA,as nestle norge,as nestle norge,,no_change,no more-specific Top 9 portfolio brand detected,1,STARBUCKS Capsules comp. Nespresso Pike Place,"as nestlé norge, starbucks, by nespresso"
beverages,FRANCE|DACH|US_CANADA,hersheys,hersheys,,no_change,no more-specific Top 9 portfolio brand detected,1,Hershey’s Syrup,hershey’s
beverages,FRANCE|DACH|US_CANADA,nestle,nestle,,no_change,no more-specific Top 9 portfolio brand detected,1,Hot cocoa mix,nestlé
beverages,FRANCE|DACH|US_CANADA,pg tips,pg tips,,no_change,no more-specific Top 9 portfolio brand detected,1,"Pg Tips, Pyramid Tea Bags, Black Tea","pg tips,unilever"
dairies,FRANCE,danone,panier de yoplait,,top_company_portfolio_matrix_off_brands,current primary brand is parent/company token; another OFF brand token needs brand-level review,1,Panier 0% J'aime tous les fruits fraise pêche abricot cerises,"danone, panier de yoplait, yoplait"
beverages,FRANCE|NORDICS,nestle,norge,,top_company_portfolio_matrix_off_brands,current primary brand is parent/company token; another OFF brand token needs brand-level review,1,Nescafé Brasero,nestle norge
beverages,FRANCE|NORDICS,nestle,norge as,,top_company_portfolio_matrix_off_brands,current primary brand is parent/company token; another OFF brand token needs brand-level review,1,Cafe Vanilla,nestlé norge as
beverages,FRANCE|NORDICS,nestle,san pellegrino,Nestlé,top_company_portfolio_matrix_off_brands,current primary brand is parent/company token; portfolio brand appears in OFF brands field,1,Sanpellegrino aranciata rossa,"nestlé, san pellegrino"
beverages,FRANCE|NORDICS,pepsi,pepsi,,no_change,no more-specific Top 9 portfolio brand detected,1,Pepsi Max Lime,pepsi
beverages,FRANCE|SOUTHERN_EUROPE,7up,7up,,no_change,no more-specific Top 9 portfolio brand detected,1,Seven-up,"7up,pepsico"
beverages,FRANCE|DACH|SOUTHERN_EUROPE,nestle,nescafe,Nestlé,top_company_portfolio_matrix_product_name,current primary brand is parent/company token; portfolio brand appears in product name,1,Nescafé classic natural,nestlé
beverages,FRANCE|DACH|SOUTHERN_EUROPE,nestle,nesquik,Nestlé,top_company_portfolio_matrix_product_name,current primary brand is parent/company token; portfolio brand appears in product name,1,Nesquik,nestlé
beverages,FRANCE|DACH|SOUTHERN_EUROPE,nestle,nestle,,no_change,no more-specific Top 9 portfolio brand detected,1,Chococino,nestlé
dairies,FRANCE,gervais,gervais,,no_change,no more-specific Top 9 portfolio brand detected,1,Gervais onctueux vanille,"gervais, danone"
dairies,FRANCE,gervita,gervita,,no_change,no more-specific Top 9 portfolio brand detected,1,Gervita fraise melba 100 g x 4,"gervita, gervita fruits, danone"
dairies,FRANCE,guigoz,guigoz,,no_change,no more-specific Top 9 portfolio brand detected,1,GUIGOZ Optipro 1 500ml,"guigoz,nestlé"
dairies,FRANCE,heinz,heinz,,no_change,no more-specific Top 9 portfolio brand detected,1,Parmesan style grated topping,heinz
dairies,FRANCE,kraft,kraft singles,Kraft Heinz,top_company_portfolio_matrix_off_brands,known portfolio brand appears in OFF brands field,1,White American,kraft singles
dairies,FRANCE,kraft,maxwell house,Kraft Heinz,top_company_portfolio_matrix_off_brands,known portfolio brand appears in OFF brands field,1,Capuccino,"kraft foods, maxwell house"
dairies,FRANCE,les danone du monde,les danone du monde,,no_change,no more-specific Top 9 portfolio brand detected,1,Skyr Citron,les danone du monde
dairies,FRANCE,lf,lf,,no_change,no more-specific Top 9 portfolio brand detected,1,Fromage à pâte molle au lait de vache pasteurisé,"lf, lactalis nestlé ultra frais, sans marque"
dairies,FRANCE,nestle,kitkat,Nestlé,top_company_portfolio_matrix_product_name,current primary brand is parent/company token; portfolio brand appears in product name,1,Mix-in yogur natural azucarado con bolitas de kitkat,nestlé
dairies,FRANCE,nestle,lnuf,,top_company_portfolio_matrix_off_brands,current primary brand is parent/company token; another OFF brand token needs brand-level review,1,Feuilleté de Mousse Poire,"nestlé,lnuf,la laitière"
dairies,FRANCE,nestle,midor,,top_company_portfolio_matrix_off_brands,current primary brand is parent/company token; another OFF brand token needs brand-level review,1,Lait en poudre,"nestlé, midor"
dairies,FRANCE,maxwell house,maxwell house,,no_change,no more-specific Top 9 portfolio brand detected,1,Cappuccino,"maxwell house, mondelez, mondelez international"
dairies,FRANCE,moench,moench,,no_change,no more-specific Top 9 portfolio brand detected,1,Crème Pâtissière à Chaud,"moench, unilever, unilever food solutions"
dairies,FRANCE,mondelez,royal,,top_company_portfolio_matrix_off_brands,current primary brand is parent/company token; another OFF brand token needs brand-level review,1,Crème pâtissière,"mondelez, mondelez international, royal"
dairies,FRANCE,nesquik,nesquik,,no_change,no more-specific Top 9 portfolio brand detected,1,Nesquik shake,"nesquik, nestlé"
dairies,FRANCE,nestle,3,,top_company_portfolio_matrix_off_brands,current primary brand is parent/company token; another OFF brand token needs brand-level review,1,GUIGOZ 3 Lait de Croissance dès 1 an 900g,"nestlé,3,guigoz,guigoz croissance,laboratoires guigoz,optipro"
dairies,FRANCE,nestle,carnation,Nestlé,top_company_portfolio_matrix_product_name,current primary brand is parent/company token; portfolio brand appears in product name,1,Nestle Carnation Creamy Evaporated Milk,nestlé
dairies,FRANCE,nestle,cerelac,Nestlé,top_company_portfolio_matrix_off_brands,current primary brand is parent/company token; portfolio brand appears in OFF brands field,1,Cerelac,"nestlé, cerelac"
dairies,FRANCE,nestle,clement faugier,,top_company_portfolio_matrix_off_brands,current primary brand is parent/company token; another OFF brand token needs brand-level review,1,MaronSui's,"nestlé, clément faugier, la laitière, maronsui's"
dairies,FRANCE,danonino,danonino,,no_change,no more-specific Top 9 portfolio brand detected,1,Danoino aux fruits bio fraise abricot banane 50 g x 8,"danonino, danonino bio, danone"
beverages,FRANCE|NORDICS,coca cola,coca cola light,Coca-Cola,top_company_portfolio_matrix_off_brands,current primary brand is parent/company token; portfolio brand appears in OFF brands field,1,Coca cola zero sucre,"coca cola, coca cola zero, coca-cola-light"
beverages,FRANCE|NORDICS,coca cola,powerade,The Coca-Cola Company,top_company_portfolio_matrix_product_name,current primary brand is parent/company token; portfolio brand appears in product name,1,Powerade Passionfruit,coca-cola
beverages,FRANCE|NORDICS,dolce gusto,nespresso,Nestlé,top_company_portfolio_matrix_off_brands,known portfolio brand appears in OFF brands field,1,Toffee Nut Latte,"dolce gusto, nespresso, starbucks"
beverages,FRANCE|NORDICS,lipton,lipton,,no_change,no more-specific Top 9 portfolio brand detected,1,Thé Noir Finest Earl Grey Vrac,"lipton, unilever"
dairies,FRANCE,nestle,nutrition,,top_company_portfolio_matrix_off_brands,current primary brand is parent/company token; another OFF brand token needs brand-level review,1,Longa vida aroma coco,nestle nutrition
dairies,FRANCE,nestle,guigoz pelargon,,top_company_portfolio_matrix_off_brands,current primary brand is parent/company token; another OFF brand token needs brand-level review,1,GUIGOZ Pelargon 3 Lait Infantile 3eme age 780g,"nestlé, guigoz pelargon"
beverages,FRANCE|DACH|SOUTHERN_EUROPE,pepsi,pepsi,,no_change,no more-specific Top 9 portfolio brand detected,1,Pepsi Light,pepsi
beverages,FRANCE|DACH|SOUTHERN_EUROPE,seasonal latte,seasonal latte,,no_change,no more-specific Top 9 portfolio brand detected,1,STARBUCKS By DOLCE GUSTO Pumpkin spice latte 12 capsules,"seasonal latte, starbucks"
beverages,FRANCE|DACH|SOUTHERN_EUROPE,sprite,sprite,,no_change,no more-specific Top 9 portfolio brand detected,1,Sprite Zitrone-Limette,"sprite, zitrone-limette, coca-cola"
beverages,FRANCE|DACH|SOUTHERN_EUROPE|UK_IE,nestle,nesquik,Nestlé,top_company_portfolio_matrix_off_brands,current primary brand is parent/company token; portfolio brand appears in OFF brands field,1,h,"nestlé, nesquik, nesquick - nestlé"
beverages,FRANCE|DACH|SOUTHERN_EUROPE|US_CANADA,coca cola,coca cola,,no_change,no more-specific Top 9 portfolio brand detected,1,Coca Cola,coca-cola
beverages,FRANCE|DACH|UK_IE,coca cola,life,,top_company_portfolio_matrix_off_brands,current primary brand is parent/company token; another OFF brand token needs brand-level review,1,,"coca-cola, coca-cola life"
beverages,FRANCE|DACH|UK_IE,coca cola,sprite,Coca-Cola,top_company_portfolio_matrix_off_brands,current primary brand is parent/company token; portfolio brand appears in OFF brands field,1,Sprite,"coca-cola, sprite"
beverages,FRANCE|DACH|UK_IE,nestle,nesquik nestle,,top_company_portfolio_matrix_off_brands,current primary brand is parent/company token; another OFF brand token needs brand-level review,1,Nesquik banana flavor,"nestlé, nesquik - nestlé, nesquick - nestlé"
beverages,FRANCE|DACH|UK_IE,pepsi,pepsi,,no_change,no more-specific Top 9 portfolio brand detected,1,Pepsi Cola - Cherry 2L,"pepsi,pepsico"
beverages,FRANCE|DACH|UK_IE,starbucks,starbucks,,no_change,no more-specific Top 9 portfolio brand detected,1,Fairtrade DoubleShot Espresso Premium Coffee Drink,starbucks
beverages,FRANCE|DACH,starbucks,by nespresso,,top_company_portfolio_matrix_off_brands,current primary brand is parent/company token; another OFF brand token needs brand-level review,1,STARBUCKS by NESPRESSO Caramel 10 capsules,"starbucks,by nespresso"
beverages,FRANCE|DACH,starbucks,nescafe dolce gusto,Nestlé,top_company_portfolio_matrix_product_name,current primary brand is parent/company token; portfolio brand appears in product name,1,STARBUCKS by NESCAFE DOLCE GUSTO Vanille Macchiatto 12 capsules 132g,starbucks
dairies,FRANCE,nestle,hirz,,top_company_portfolio_matrix_off_brands,current primary brand is parent/company token; another OFF brand token needs brand-level review,1,Yaourt saison Fraise-Rhubarbe,"nestlé, hirz"
dairies,FRANCE,nestle,kitkat,Nestlé,top_company_portfolio_matrix_off_brands,current primary brand is parent/company token; portfolio brand appears in OFF brands field,1,Mix-In Kit Kat 4 x 115 g,"nestlé, kit kat, lnuf"
dairies,FRANCE,nestle,milo,Nestlé,top_company_portfolio_matrix_product_name,current primary brand is parent/company token; portfolio brand appears in product name,1,Milo x 500 gr,nestlé
dairies,FRANCE,nestle,munch bunch,,top_company_portfolio_matrix_off_brands,current primary brand is parent/company token; another OFF brand token needs brand-level review,1,Munch Bunch Squashums Huge Tubes Strawberry & Raspberry,"nestlé, munch bunch, squashums"
beverages,FRANCE|DACH,the coca cola company,the coca cola company,,no_change,no more-specific Top 9 portfolio brand detected,1,Lift Apfelschorle,the coca cola company
beverages,FRANCE|DACH,the coca cola company,vio,,top_company_portfolio_matrix_off_brands,current primary brand is parent/company token; another OFF brand token needs brand-level review,1,Bio Limo,"the coca-cola company, vio"
beverages,FRANCE|DACH,unilever,unilever,,no_change,no more-specific Top 9 portfolio brand detected,1,Thé au fruits rouges,unilever
beverages,FRANCE|DACH|BENELUX,coca cola,coca cola,,no_change,no more-specific Top 9 portfolio brand detected,1,"Coca-Cola Zero Sugar 0,5 Liter",coca-cola
beverages,FRANCE|DACH|BENELUX|NORDICS,nestle,nespresso,Nestlé,top_company_portfolio_matrix_off_brands,current primary brand is parent/company token; portfolio brand appears in OFF brands field,1,Arpeggio 2 Stangen,"nestlé, nespresso"
beverages,FRANCE|DACH|NORDICS,pepsi,sodastream,PepsiCo,top_company_portfolio_matrix_off_brands,known portfolio brand appears in OFF brands field,1,Pepsi Max Lime soda mix,"pepsi, soda stream"
beverages,FRANCE|DACH|SOUTHERN_EUROPE,capri sun,capri sun,,no_change,no more-specific Top 9 portfolio brand detected,1,Capri-Sun Mango & Maracuyá,capri-sun (coca-cola)
beverages,FRANCE|DACH|SOUTHERN_EUROPE,coca cola,fanta,Coca-Cola,top_company_portfolio_matrix_off_brands,current primary brand is parent/company token; portfolio brand appears in OFF brands field,1,Fanta Orange 1.75,"coca-cola, fanta"
beverages,FRANCE|DACH|SOUTHERN_EUROPE,nestle,nescafe,Nestlé,top_company_portfolio_matrix_off_brands,current primary brand is parent/company token; portfolio brand appears in OFF brands field,1,Nescafé Classic,"nestlé, nescafé"
beverages,FRANCE|DACH,nestle,nutrition,,top_company_portfolio_matrix_off_brands,current primary brand is parent/company token; another OFF brand token needs brand-level review,1,Nescafé Gold de Luxe,"nestlé, nestle nutrition"
beverages,FRANCE|DACH,nestle,romanette,,top_company_portfolio_matrix_off_brands,current primary brand is parent/company token; another OFF brand token needs brand-level review,1,Limonade Pamplemousse Romanette,"nestlé, romanette"
dairies,FRANCE,nestle,nidal,,top_company_portfolio_matrix_off_brands,current primary brand is parent/company token; another OFF brand token needs brand-level review,1,Nestlé Nidal Classique 1er âge Lait Infantile - 800g,"nestlé,nidal,nidal 1"
dairies,FRANCE,nestle,nido,Nestlé,top_company_portfolio_matrix_off_brands,current primary brand is parent/company token; portfolio brand appears in OFF brands field,1,Nido - Lait entier en Poudre,"nestlé, nido"
dairies,FRANCE,nestle,ninho,,top_company_portfolio_matrix_off_brands,current primary brand is parent/company token; another OFF brand token needs brand-level review,1,Leite integral em pó,"nestlé, ninho"
dairies,FRANCE|DACH,danio,danio,,no_change,no more-specific Top 9 portfolio brand detected,1,Danio banane,"danio, danone"
dairies,FRANCE|DACH,danone,dany,,top_company_portfolio_matrix_off_brands,current primary brand is parent/company token; another OFF brand token needs brand-level review,1,Dany,"danone, dany"
dairies,FRANCE|DACH,danone,disney,,top_company_portfolio_matrix_off_brands,current primary brand is parent/company token; another OFF brand token needs brand-level review,1,Danone Disney Joghurt mit Erdbeeren mit Schoko Knusper Herzen 120g,"danone, disney"
dairies,FRANCE|DACH,danone,disney micky maus,,top_company_portfolio_matrix_off_brands,current primary brand is parent/company token; another OFF brand token needs brand-level review,1,Danone Disney Micky Maus Erdbeer / Himbeer Joghurt 4x125g = 500g,"danone, disney micky maus"
dairies,FRANCE|DACH,danone,fruchtzwerge,,top_company_portfolio_matrix_off_brands,current primary brand is parent/company token; another OFF brand token needs brand-level review,1,Danone FruchtZwerge für unterwegs Erdbeere 3 x 70g,"danone, fruchtzwerge"
dairies,FRANCE|DACH,danone,les 2 vaches,,top_company_portfolio_matrix_off_brands,current primary brand is parent/company token; another OFF brand token needs brand-level review,1,yaourt nature,"danone, les 2 vaches"
dairies,FRANCE,nestle,smarties,Nestlé,top_company_portfolio_matrix_product_name,current primary brand is parent/company token; portfolio brand appears in product name,1,Nestlé Smarties yaourt à la vanille 4 x 120 g,nestlé
dairies,FRANCE,nestle,sveltess,,top_company_portfolio_matrix_off_brands,current primary brand is parent/company token; another OFF brand token needs brand-level review,1,Sveltess 500 G (4 125 G),"nestlé, sveltess, sveltesse"
dairies,FRANCE,nestle,taillefine,Danone,top_company_portfolio_matrix_product_name,current primary brand is parent/company token; portfolio brand appears in product name,1,Taillefine Recette au fromage blanc Fraise,nestlé
dairies,FRANCE,nestle,wunda,,top_company_portfolio_matrix_off_brands,current primary brand is parent/company token; another OFF brand token needs brand-level review,1,Wunda,"nestlé, wunda"
dairies,FRANCE,nestle,yoco,,top_company_portfolio_matrix_off_brands,current primary brand is parent/company token; another OFF brand token needs brand-level review,1,Yoco goût Fraise,"nestlé, yoco"
dairies,FRANCE,swedish glaze,swedish glaze,,no_change,no more-specific Top 9 portfolio brand detected,1,Heavenly chocolate,"swedish glaze, unilever"
dairies,FRANCE,vitasnella,vitasnella,,no_change,no more-specific Top 9 portfolio brand detected,1,Danone Vitasnella Peach X2,"vitasnella, danone"
dairies,FRANCE,yaos,yaos,,no_change,no more-specific Top 9 portfolio brand detected,1,Yaos fraise framboise,"yaos,nestlé"
dairies,FRANCE|BENELUX,danette,danette,,no_change,no more-specific Top 9 portfolio brand detected,1,Danette Chocolat,"danette, danone"
dairies,FRANCE,nestle,milk pak,,top_company_portfolio_matrix_off_brands,current primary brand is parent/company token; another OFF brand token needs brand-level review,1,Full Cream Milk,nestlé milk pak
dairies,FRANCE|BENELUX,nestle,alegria,,top_company_portfolio_matrix_off_brands,current primary brand is parent/company token; another OFF brand token needs brand-level review,1,NESTLE Alegria Lait Écrémé en Poudre Poche de 500g,"nestlé, alegria"
dairies,FRANCE|BENELUX,starbucks,starbucks,,no_change,no more-specific Top 9 portfolio brand detected,1,Vanilla Macchiato,starbucks
beverages,FRANCE|DACH,nestle,special t,,top_company_portfolio_matrix_off_brands,current primary brand is parent/company token; another OFF brand token needs brand-level review,1,Rooibos Orange,"nestlé, spécial t, spécial.t by nestlé"
beverages,FRANCE|DACH,nestle,special t nestle,,top_company_portfolio_matrix_off_brands,current primary brand is parent/company token; another OFF brand token needs brand-level review,1,Capsules thé,"nestlé, special t nestlé"
beverages,FRANCE|DACH,nestle,waters,,top_company_portfolio_matrix_off_brands,current primary brand is parent/company token; another OFF brand token needs brand-level review,1,Romanette,"nestlé waters, romanette"
beverages,FRANCE|DACH,pepsico,rockstar,,top_company_portfolio_matrix_off_brands,current primary brand is parent/company token; another OFF brand token needs brand-level review,1,Rockstar Energy BerryBlast,"pepsico, rockstar, rockstar; pepsico"
beverages,FRANCE|DACH,pg tips,pg tips,,no_change,no more-specific Top 9 portfolio brand detected,1,Té Negro PG Tips,"pg tips, unilever"
beverages,FRANCE|DACH,premium instant cappuccino,premium instant cappuccino,,no_change,no more-specific Top 9 portfolio brand detected,1,STARBUCKS Spécialités instantanées en stick - Cinnamon Dolce Latte,"premium instant cappuccino, starbucks"
beverages,FRANCE|DACH,seasonal latte,seasonal latte,,no_change,no more-specific Top 9 portfolio brand detected,1,"STARBUCKS by NESCAFE DOLCE GUSTO Toffee Nut Latte 127,8g","seasonal latte, starbucks, white, by nescafe dolce gusto"
beverages,FRANCE|DACH,sodastream,sodastream,,no_change,no more-specific Top 9 portfolio brand detected,1,Pepsi max cherry,"sodastream, pepsi"
beverages,FRANCE|DACH,special t,special t,,no_change,no more-specific Top 9 portfolio brand detected,1,SPECIAL T ROOIBOS ORANGE BIO,"spécial. t, special‘t by nestlé"
beverages,FRANCE|DACH,nestle,boost,Nestlé,top_company_portfolio_matrix_product_name,current primary brand is parent/company token; portfolio brand appears in product name,1,Exotic Boost infusion Aromatisée,nestlé
beverages,FRANCE|DACH,nestle,cailler,Nestlé,top_company_portfolio_matrix_off_brands,current primary brand is parent/company token; portfolio brand appears in OFF brands field,1,Le Chocolat,"nestlé, cailler"
beverages,FRANCE|DACH,nestle,coconut flat white,,top_company_portfolio_matrix_off_brands,current primary brand is parent/company token; another OFF brand token needs brand-level review,1,Dolce Gusto,"nestlé, coconut flat white"
beverages,FRANCE|DACH,nestle,gold,,top_company_portfolio_matrix_off_brands,current primary brand is parent/company token; another OFF brand token needs brand-level review,1,ICED LATTE SALTED CARAMEL,"nestlé, nestlé gold"
dairies,FRANCE|DACH,danao,danao,,no_change,no more-specific Top 9 portfolio brand detected,1,danao multi vitaminé,"danao, danone"
dairies,FRANCE|DACH|BENELUX,danone,disney,,top_company_portfolio_matrix_off_brands,current primary brand is parent/company token; another OFF brand token needs brand-level review,1,Danone Disney Joghurt Vanille mit Schoko Knusper Ohren 120g,"danone, disney"
dairies,FRANCE|DACH|SOUTHERN_EUROPE,activia,activia,,no_change,no more-specific Top 9 portfolio brand detected,1,Aktivia Erdbeere,"activia, danone"
dairies,FRANCE|DACH|SOUTHERN_EUROPE,danone,danone,,no_change,no more-specific Top 9 portfolio brand detected,1,Skyr,danone
dairies,FRANCE|DACH,danone,mars,,top_company_portfolio_matrix_off_brands,current primary brand is parent/company token; another OFF brand token needs brand-level review,1,MARS M&Ms 120g VAN-milk choc,"danone, mars, m&m's"
dairies,FRANCE|DACH,danone,of the world,,top_company_portfolio_matrix_off_brands,current primary brand is parent/company token; another OFF brand token needs brand-level review,1,Danone skyr 140 g x 2 nature,"danone, danone of the world"
dairies,FRANCE|DACH,danone,recette cremeuse,,top_company_portfolio_matrix_off_brands,current primary brand is parent/company token; another OFF brand token needs brand-level review,1,Recette cremeuse aux fruits panache fruits rouges 125 g x 8,"danone, recette cremeuse, recette cremeuse aux fruits"
dairies,FRANCE|DACH,danone,twix mix,,top_company_portfolio_matrix_off_brands,current primary brand is parent/company token; another OFF brand token needs brand-level review,1,Danone Twix® Mix 120g,"danone, twix® mix"
dairies,FRANCE|DACH,hirz,hirz,,no_change,no more-specific Top 9 portfolio brand detected,1,Cottage cheese à la ciboulette,"hirz, nestlé hirz"
dairies,FRANCE|DACH,kraft,kraft,,no_change,no more-specific Top 9 portfolio brand detected,1,Singles,kraft
dairies,FRANCE|DACH,milka,philadelphia,Mondelēz International,top_company_portfolio_matrix_off_brands,known portfolio brand appears in OFF brands field,1,Philadelphia - Milka Frischkäse,"milka, mondelez, philadelphia"
dairies,FRANCE|DACH,nestle,bebe,,top_company_portfolio_matrix_off_brands,current primary brand is parent/company token; another OFF brand token needs brand-level review,1,semoule lait,"nestlé, nestlé bébé, bébé nestlé, p'tit gourmand"
dairies,FRANCE|DACH,nestle,bebe nestle,,top_company_portfolio_matrix_off_brands,current primary brand is parent/company token; another OFF brand token needs brand-level review,1,brassé abricots,"nestlé, bébé nestlé, nestlé bébé, p'tit brassé"
dairies,FRANCE|DACH,nestle,lactalis nestle,,top_company_portfolio_matrix_off_brands,current primary brand is parent/company token; another OFF brand token needs brand-level review,1,Yogourt à la Grecque au Miel,"nestlé, lactalis nestlé"
dairies,FRANCE|DACH,nestle,lc1 immunity,,top_company_portfolio_matrix_off_brands,current primary brand is parent/company token; another OFF brand token needs brand-level review,1,LC1 Nature non sucré,nestlé lc1 immunity
dairies,FRANCE|DACH,nestle,lindahls,,top_company_portfolio_matrix_off_brands,current primary brand is parent/company token; another OFF brand token needs brand-level review,1,Kvarg,"nestlé, lindahls"
dairies,FRANCE|DACH,nestle,nescafe,Nestlé,top_company_portfolio_matrix_off_brands,current primary brand is parent/company token; portfolio brand appears in OFF brands field,1,Nescafé Gold Latte,"nestlé, nescafe"
dairies,FRANCE|DACH,nestle,ptit brasse,,top_company_portfolio_matrix_off_brands,current primary brand is parent/company token; another OFF brand token needs brand-level review,1,brasses framboise,"nestlé, p'tit brassé, bébé nestlé, nestlé bébé"
beverages,FRANCE|DACH,nestle,maggi,Nestlé,top_company_portfolio_matrix_off_brands,current primary brand is parent/company token; portfolio brand appears in OFF brands field,1,Maggi Würze,"nestlé, maggi, fach 4"
beverages,FRANCE|DACH,nestle,nescafe dolce gusto,Nestlé,top_company_portfolio_matrix_off_brands,current primary brand is parent/company token; portfolio brand appears in OFF brands field,1,Capsules NESCAFE DOLCE GUSTO Marrakech Tea,"nestlé,dolce gusto,nescafe,nescafé dolce gusto"
beverages,FRANCE|DACH,nestle,nestea,Nestlé,top_company_portfolio_matrix_product_name,current primary brand is parent/company token; portfolio brand appears in product name,1,Nestea lemon,nestlé
beverages,FRANCE|DACH,nestle,norge as,,top_company_portfolio_matrix_off_brands,current primary brand is parent/company token; another OFF brand token needs brand-level review,1,STARBUCKS By Nespresso Blonde Espresso Roast 10 capsules,"nestlé norge as, starbucks, by nespresso"
beverages,FRANCE|DACH,evian,evian,,no_change,no more-specific Top 9 portfolio brand detected,1,"Evian 1,0L Premium, ohne Kohlensäure - natriumarm","evian, danone"
beverages,FRANCE|DACH,festive collection limited edition nespresso nestle,festive collection limited edition nespresso nestle,,no_change,no more-specific Top 9 portfolio brand detected,1,Nespresso - Cinnamon And Candied Tamarind,"festive collection - limited edition - nespresso - nestlé, festive collection - limited editions - nespresso - nestlé"
beverages,FRANCE|DACH,festive collection limited editions nespresso nestle,festive collection limited editions nespresso nestle,,no_change,no more-specific Top 9 portfolio brand detected,1,Nespresso - Sweet Almond And Hibiscus,festive collection - limited editions - nespresso - nestlé
dairies,FRANCE|DACH,nestle,smarties,Nestlé,top_company_portfolio_matrix_product_name,current primary brand is parent/company token; portfolio brand appears in product name,1,Mix-in smarties,nestlé
dairies,FRANCE|DACH,nestle,stalden,,top_company_portfolio_matrix_off_brands,current primary brand is parent/company token; another OFF brand token needs brand-level review,1,Stalden Caramel,"nestlé, stalden"
dairies,FRANCE|DACH,nestle,sveltesse,,top_company_portfolio_matrix_off_brands,current primary brand is parent/company token; another OFF brand token needs brand-level review,1,Sveltesse yaourt allégé au chocolat noir,"nestlé, sveltesse"
dairies,FRANCE|DACH,nestle,wunda,,top_company_portfolio_matrix_off_brands,current primary brand is parent/company token; another OFF brand token needs brand-level review,1,WUNDA Sans sucres à base de pois,"nestlé, wunda"
dairies,FRANCE|DACH,nestle,yaos,,top_company_portfolio_matrix_off_brands,current primary brand is parent/company token; another OFF brand token needs brand-level review,1,Yaourt à la Grecque sur lit de pêches,"nestlé, yaos"
dairies,FRANCE|DACH,rama,rama,,no_change,no more-specific Top 9 portfolio brand detected,1,"Cremefine, Zum Kochen 7%","rama, unilever"
dairies,FRANCE|DACH,starbucks,starbucks,,no_change,no more-specific Top 9 portfolio brand detected,1,Hazelnut Macchiato,starbucks
dairies,FRANCE|DACH,yaos nestle,yaos nestle,,no_change,no more-specific Top 9 portfolio brand detected,1,Le yaourt à la grecque,yaos nestle
dairies,FRANCE|SOUTHERN_EUROPE,danone,jockey nature,,top_company_portfolio_matrix_off_brands,current primary brand is parent/company token; another OFF brand token needs brand-level review,1,"Danone fromage blanc 3,2% de mg nature 100 g x 8","danone, danone jockey nature"
dairies,FRANCE|SOUTHERN_EUROPE,danone,of the world,,top_company_portfolio_matrix_off_brands,current primary brand is parent/company token; another OFF brand token needs brand-level review,1,Danone du monde kefir 265 ml x 1,"danone, danone of the world"
dairies,FRANCE|SOUTHERN_EUROPE,danone,oikos,Danone,top_company_portfolio_matrix_off_brands,current primary brand is parent/company token; portfolio brand appears in OFF brands field,1,Oikos cheesecake de mirtillo,"danone, oikos"
dairies,FRANCE|SOUTHERN_EUROPE,danone,vitasnella,,top_company_portfolio_matrix_off_brands,current primary brand is parent/company token; another OFF brand token needs brand-level review,1,Yogurt Vitasnella Zero Grassi Fragola in Pezzi,"danone, vitasnella"
dairies,FRANCE|SOUTHERN_EUROPE,ecco,ecco,,no_change,no more-specific Top 9 portfolio brand detected,1,Cebada instantánea,"ecco,nestlé"
dairies,FRANCE|SOUTHERN_EUROPE,el caserio,el caserio,,no_change,no more-specific Top 9 portfolio brand detected,1,Queso fundido,"el caserio,mondelez"
dairies,FRANCE|SOUTHERN_EUROPE,la lechera,la lechera,,no_change,no more-specific Top 9 portfolio brand detected,1,Dalky Chocolate,"la lechera,nestlé"
dairies,FRANCE|DACH|SOUTHERN_EUROPE,nestle,lactalis,,top_company_portfolio_matrix_off_brands,current primary brand is parent/company token; another OFF brand token needs brand-level review,1,Nuvole Mousse,"nestlé,lactalis,perugina"
dairies,FRANCE|DACH|SOUTHERN_EUROPE|UK_IE,magnum,magnum,,no_change,no more-specific Top 9 portfolio brand detected,1,MAGNUM Glace Bâtonnet Amande Vegan 3x90ml,"magnum,unilever"
dairies,FRANCE|DACH|UK_IE,magnum,magnum,,no_change,no more-specific Top 9 portfolio brand detected,1,Vegan sea salt caramel,"magnum, unilever"
dairies,FRANCE|DACH|US_CANADA,la laitiere,la laitiere,,no_change,no more-specific Top 9 portfolio brand detected,1,Secret de mousse,"la laitière, nestle"
dairies,FRANCE|DACH|US_CANADA,nestle,coffee mate,,top_company_portfolio_matrix_off_brands,current primary brand is parent/company token; another OFF brand token needs brand-level review,1,French Vanilla Coffee Mate Zero Sugar,nestlé coffee mate
dairies,FRANCE|NORDICS,nestle,nestle,,no_change,no more-specific Top 9 portfolio brand detected,1,Nestlé lait concentré sucré,nestlé
dairies,FRANCE|SOUTHERN_EUROPE,alpro,alpro,,no_change,no more-specific Top 9 portfolio brand detected,1,,"alpro, danone"
dairies,FRANCE|SOUTHERN_EUROPE,danone,activia,,top_company_portfolio_matrix_off_brands,current primary brand is parent/company token; another OFF brand token needs brand-level review,1,Activia fibre kiwi cereales,danone activia
dairies,FRANCE|DACH,nestle,nescafe dolce gusto,Nestlé,top_company_portfolio_matrix_off_brands,current primary brand is parent/company token; portfolio brand appears in OFF brands field,1,Nesquik,"nestlé,dolce gusto,nescafé,nescafé dolce gusto"
dairies,FRANCE|SOUTHERN_EUROPE,danone,danette,Danone,top_company_portfolio_matrix_product_name,current primary brand is parent/company token; portfolio brand appears in product name,1,Danette choco,danone
dairies,FRANCE|SOUTHERN_EUROPE,danone,hipro,Danone,top_company_portfolio_matrix_product_name,current primary brand is parent/company token; portfolio brand appears in product name,1,Hipro - Saveur myrtille,danone
beverages,FRANCE|DACH,home compostable collection nespresso nestle,home compostable collection nespresso nestle,,no_change,no more-specific Top 9 portfolio brand detected,1,Ispirazione Aosta,home compostable collection - nespresso - nestlé
beverages,FRANCE|DACH,home compostable collection nespresso nestle,nespresso,Nestlé,top_company_portfolio_matrix_off_brands,known portfolio brand appears in OFF brands field,1,Peru Organic,"home compostable collection - nespresso - nestlé, nespresso"
beverages,FRANCE|DACH,ice tea,ice tea,,no_change,no more-specific Top 9 portfolio brand detected,1,"Lipton Ice Tea duo saveur pêche fraise 1,5 L","ice tea, lipton, unilever"
beverages,FRANCE|DACH,italian roast,italian roast,,no_change,no more-specific Top 9 portfolio brand detected,1,STARBUCKS by NESPRESSO Italian Style Roast 10 capsules,"italian roast, medium italian roast-nes, starbucks, by nespresso"
beverages,FRANCE|DACH,kraft,kraft,,no_change,no more-specific Top 9 portfolio brand detected,1,Suchard Express,"kraft foods, suchard"
beverages,FRANCE|DACH,medium single origin coffee colombia,medium single origin coffee colombia,,no_change,no more-specific Top 9 portfolio brand detected,1,STARBUCKS Medium Colombia Café Moulu 200g,"medium single origin coffee colombia, starbucks"
beverages,FRANCE|DACH,mezzo mix,mezzo mix,,no_change,no more-specific Top 9 portfolio brand detected,1,Mezzo Mix,"mezzo mix, coca-cola"
beverages,FRANCE|DACH,mondelez,mondelez,,no_change,no more-specific Top 9 portfolio brand detected,1,,mondelez
beverages,FRANCE|DACH,nespresso,nespresso,,no_change,no more-specific Top 9 portfolio brand detected,1,Spécial réserve,"nespresso, special reserve - nespresso - nestlé"
beverages,FRANCE|DACH,nesquik,nesquik,,no_change,no more-specific Top 9 portfolio brand detected,1,NESQUIK poudre saveur vanille 350g,"nesquik, nestlé"
beverages,FRANCE|DACH,nestle,bonka,,top_company_portfolio_matrix_off_brands,current primary brand is parent/company token; another OFF brand token needs brand-level review,1,NESTLÉ BONKA Selección Profesional Natural Poche 1kg,"nestlé, bonka"
beverages,FRANCE|DACH,coca cola,cocacola,,top_company_portfolio_matrix_off_brands,current primary brand is parent/company token; another OFF brand token needs brand-level review,1,"Mezzo Mix 0,33",cocacola
beverages,FRANCE|DACH,coca cola,coke,,top_company_portfolio_matrix_off_brands,current primary brand is parent/company token; another OFF brand token needs brand-level review,1,"Coca-ColaCherry Coca-Cola Cherry Mehrweg Pet 1L X1 1 l (1,29 € / 1 l) zzgl. Pfand 0,15 €","coca-cola, coke"
beverages,FRANCE|DACH,coca cola,collector 2012,,top_company_portfolio_matrix_off_brands,current primary brand is parent/company token; another OFF brand token needs brand-level review,1,"Mezzo mix Zero, Erfrischungsgetränk, Pet",coca cola collector 2012
dairies,FRANCE|UK_IE,magnum,magnum,,no_change,no more-specific Top 9 portfolio brand detected,1,Magnum Vegan Classic,"magnum, unilever"
dairies,FRANCE|UK_IE,mondelez,norge as,,top_company_portfolio_matrix_off_brands,current primary brand is parent/company token; another OFF brand token needs brand-level review,1,Philadelphia Naturell 500g,mondelez norge as
dairies,FRANCE|UK_IE,mondelez,philadelphia,Mondelēz International,top_company_portfolio_matrix_off_brands,current primary brand is parent/company token; portfolio brand appears in OFF brands field,1,Light Philadelphia medium fat soft cheese,"mondelez intercontinental, philadelphia"
dairies,FRANCE|UK_IE,nestle,aero,Nestlé,top_company_portfolio_matrix_product_name,current primary brand is parent/company token; portfolio brand appears in product name,1,Aero Milk Chocolate bubbly mousse,nestlé
dairies,FRANCE|UK_IE,nestle,coffee mate,Nestlé,top_company_portfolio_matrix_product_name,current primary brand is parent/company token; portfolio brand appears in product name,1,Coffee-Mate Coffee Whitener,nestlé
dairies,FRANCE|SOUTHERN_EUROPE,mondelez,philadelphia,Mondelēz International,top_company_portfolio_matrix_off_brands,current primary brand is parent/company token; portfolio brand appears in OFF brands field,1,Philadelphia Light,"mondelēz, philadelphia"
dairies,FRANCE|SOUTHERN_EUROPE,nestle,coffee mate,Nestlé,top_company_portfolio_matrix_product_name,current primary brand is parent/company token; portfolio brand appears in product name,1,Coffee mate,nestlé
dairies,FRANCE|SOUTHERN_EUROPE,nestle,la laitiere,,top_company_portfolio_matrix_off_brands,current primary brand is parent/company token; another OFF brand token needs brand-level review,1,La Laitière le yaourt au citron,"nestlé, la laitière"
dairies,FRANCE|SOUTHERN_EUROPE,nestle,lindahls,,top_company_portfolio_matrix_off_brands,current primary brand is parent/company token; another OFF brand token needs brand-level review,1,Lindahl’s,"nestlé, lindahls"
dairies,FRANCE|SOUTHERN_EUROPE,nestle,longa vida,,top_company_portfolio_matrix_off_brands,current primary brand is parent/company token; another OFF brand token needs brand-level review,1,Natural,"nestlé, longa vida"
dairies,FRANCE|SOUTHERN_EUROPE,nestle,mio,,top_company_portfolio_matrix_off_brands,current primary brand is parent/company token; another OFF brand token needs brand-level review,1,Formaggino Mio,"nestlé, mio"
dairies,FRANCE|SOUTHERN_EUROPE,nestle,nesquik,Nestlé,top_company_portfolio_matrix_off_brands,current primary brand is parent/company token; portfolio brand appears in OFF brands field,1,Nesquik sabor fresa,"nestlé, nesquik"
dairies,FRANCE|SOUTHERN_EUROPE,nestle,smarties,Nestlé,top_company_portfolio_matrix_product_name,current primary brand is parent/company token; portfolio brand appears in product name,1,Smarties Morango,nestlé
dairies,FRANCE|SOUTHERN_EUROPE,nestle,sveltesse,,top_company_portfolio_matrix_off_brands,current primary brand is parent/company token; another OFF brand token needs brand-level review,1,Be Active - Yogurt alla Greca,"nestlé, sveltesse"
dairies,FRANCE|SOUTHERN_EUROPE,nestlela lechera,nestlela lechera,,no_change,no more-specific Top 9 portfolio brand detected,1,Delicias de trufa,nestlela lechera
dairies,FRANCE|SOUTHERN_EUROPE,starbucks,arla,,top_company_portfolio_matrix_off_brands,current primary brand is parent/company token; another OFF brand token needs brand-level review,1,café latte Starbucks,"starbucks,arla"
beverages,FRANCE|DACH,coca cola,flavors vanilla zero sugar,,top_company_portfolio_matrix_off_brands,current primary brand is parent/company token; another OFF brand token needs brand-level review,1,,"coca-cola, coca-cola flavors vanilla zero sugar"
beverages,FRANCE|DACH,coca cola,honest,,top_company_portfolio_matrix_off_brands,current primary brand is parent/company token; another OFF brand token needs brand-level review,1,Thé glacé bio,"coca-cola company, honest"
beverages,FRANCE|DACH,coca cola,minute maid,Coca-Cola,top_company_portfolio_matrix_product_name,current primary brand is parent/company token; portfolio brand appears in product name,1,Minute Maid Pommes,coca cola company
beverages,FRANCE|DACH,coca cola,nestea,Nestlé,top_company_portfolio_matrix_product_name,current primary brand is parent/company token; portfolio brand appears in product name,1,Nestea - Green Tea Citrus,coca cola
beverages,FRANCE|DACH,coca cola,powerade,The Coca-Cola Company,top_company_portfolio_matrix_off_brands,current primary brand is parent/company token; portfolio brand appears in OFF brands field,1,powerrade Mountain Blast - Blue,"coca-cola, powerade"
beverages,FRANCE|DACH,coca cola,sprite,Coca-Cola,top_company_portfolio_matrix_off_brands,current primary brand is parent/company token; portfolio brand appears in OFF brands field,1,Sprite,"coca cola, sprite"
beverages,FRANCE|DACH,coca cola,the coca cola company,,top_company_portfolio_matrix_off_brands,current primary brand is parent/company token; another OFF brand token needs brand-level review,1,Coca-Cola Vanille,"coca-cola, coca-cola - the coca-cola company"
beverages,FRANCE|DACH,danone,danone,,no_change,no more-specific Top 9 portfolio brand detected,1,,danone
beverages,FRANCE|DACH,danone,innocent,The Coca-Cola Company,top_company_portfolio_matrix_off_brands,current primary brand is parent/company token; portfolio brand appears in OFF brands field,1,Marille Jogurella,"danone, schärdinger, innocent"
beverages,FRANCE|DACH,danone,volvic,,top_company_portfolio_matrix_off_brands,current primary brand is parent/company token; another OFF brand token needs brand-level review,1,Volvic Touch,danone volvic
beverages,FRANCE|BENELUX,starbucks,nespresso,Nestlé,top_company_portfolio_matrix_product_name,current primary brand is parent/company token; portfolio brand appears in product name,1,STARBUCKS By Nespresso Espresso Roast Décaféiné 10 capsules,starbucks
beverages,FRANCE|BENELUX,starbucks,starbucks,,no_change,no more-specific Top 9 portfolio brand detected,1,STARBUCKS Toffee Nut 51g,starbucks
beverages,FRANCE|BENELUX|DACH,danone,evian,Danone,top_company_portfolio_matrix_off_brands,current primary brand is parent/company token; portfolio brand appears in OFF brands field,1,Evian+ Grapefruit & Basil 33cl ALU,"danone, evian"
dairies,FRANCE|UK_IE,danette,danette,,no_change,no more-specific Top 9 portfolio brand detected,1,"Danette Chocolat, vanille & caramel","danette, danette creme dessert, danone"
dairies,FRANCE|UK_IE,danone,light and free,,top_company_portfolio_matrix_off_brands,current primary brand is parent/company token; another OFF brand token needs brand-level review,1,SKYR - Light & Free - blueberry blast,"danone, light & free"
dairies,FRANCE|UK_IE,danone,taillefine,Danone,top_company_portfolio_matrix_product_name,current primary brand is parent/company token; portfolio brand appears in product name,1,Taillefine aux fruits 0% mat. Grasses,danone
dairies,UK_IE,danone,actimel,Danone,top_company_portfolio_matrix_off_brands,current primary brand is parent/company token; portfolio brand appears in OFF brands field,1,Actimel Kids,"danone,actimel"
dairies,FRANCE|UK_IE,nestle,lindahls,,top_company_portfolio_matrix_off_brands,current primary brand is parent/company token; another OFF brand token needs brand-level review,1,KVARG VANILLA FLAVOURED,nestlé lindahls
dairies,FRANCE|UK_IE,nestle,munch bunch,,top_company_portfolio_matrix_off_brands,current primary brand is parent/company token; another OFF brand token needs brand-level review,1,Squashums Strawberry Yoghurt Drinks,"nestlé, munch bunch, squashums"
dairies,FRANCE|UK_IE,nestle,nescafe,Nestlé,top_company_portfolio_matrix_off_brands,current primary brand is parent/company token; portfolio brand appears in OFF brands field,1,Nescafé Gold Vanilla Latte,"nestlé,gold,nescafé"
dairies,FRANCE|UK_IE,nestle,nido,,top_company_portfolio_matrix_off_brands,current primary brand is parent/company token; another OFF brand token needs brand-level review,1,Instant Full Cream Milk Powder,nestlé nido
dairies,FRANCE|UK_IE,nestle,rolo,Nestlé,top_company_portfolio_matrix_product_name,current primary brand is parent/company token; portfolio brand appears in product name,1,Rolo mousse,nestlé
dairies,FRANCE|UK_IE|DACH,nestle,nestle,,no_change,no more-specific Top 9 portfolio brand detected,1,Lindahls kvarg raspberry,nestle
dairies,FRANCE|UK_IE|SOUTHERN_EUROPE,ben and jerrys,ben and jerrys,,no_change,no more-specific Top 9 portfolio brand detected,1,Non-Dairy Ice Cream Coconutterly Caramel'd,"ben & jerry's, unilever"
dairies,FRANCE|UK_IE|US_CANADA,nesquik,nesquik,,no_change,no more-specific Top 9 portfolio brand detected,1,Chocolate Lowfat Milk,"nesquik,nestlé"
dairies,FRANCE|US_CANADA,auchan,auchan,,no_change,no more-specific Top 9 portfolio brand detected,1,Crème Dessert au chocolat,"auchan, danone"
dairies,FRANCE|US_CANADA,danone,activia,Danone,top_company_portfolio_matrix_product_name,current primary brand is parent/company token; portfolio brand appears in product name,1,Activia. Fraise,danone
dairies,FRANCE|US_CANADA,danone,danette,Danone,top_company_portfolio_matrix_product_name,current primary brand is parent/company token; portfolio brand appears in product name,1,Danette chocolat,danone
dairies,FRANCE|US_CANADA,danone,danonino,Danone,top_company_portfolio_matrix_product_name,current primary brand is parent/company token; portfolio brand appears in product name,1,Danonino aux fruits,danone
dairies,FRANCE|SOUTHERN_EUROPE,yaos,yaos,,no_change,no more-specific Top 9 portfolio brand detected,1,Yaourt Grec,"yaos,nestle"
dairies,FRANCE|SOUTHERN_EUROPE|UK_IE,nestle,lindahls,,top_company_portfolio_matrix_off_brands,current primary brand is parent/company token; another OFF brand token needs brand-level review,1,KVARG Peach & Passion Fruit Flavoured,nestle lindahls
dairies,FRANCE|SOUTHERN_EUROPE|US_CANADA,danone,activia,Danone,top_company_portfolio_matrix_product_name,current primary brand is parent/company token; portfolio brand appears in product name,1,Activia Céréales,danone
beverages,FRANCE|BENELUX|DACH,nestle,nespresso,Nestlé,top_company_portfolio_matrix_off_brands,current primary brand is parent/company token; portfolio brand appears in OFF brands field,1,Nespresso Vivalto Lungo,"nestlé, nespresso"
beverages,FRANCE|BENELUX|US_CANADA,danone,danone,,no_change,no more-specific Top 9 portfolio brand detected,1,Ain Saiss Eau Minerale Naturelle,danone
beverages,FRANCE|BENELUX|US_CANADA,the coca cola company,the coca cola company,,no_change,no more-specific Top 9 portfolio brand detected,1,Ciel,the coca-cola company
beverages,FRANCE|DACH,as nestle norge,as nestle norge,,no_change,no more-specific Top 9 portfolio brand detected,1,Colombia,"as nestlé norge, starbucks, by nespresso"
beverages,FRANCE|DACH,barista creations nespresso nestle,nespresso,Nestlé,top_company_portfolio_matrix_off_brands,known portfolio brand appears in OFF brands field,1,Caramello Flavoured,"barista creations - nespresso - nestlé, nespresso"
beverages,FRANCE|DACH,blonde espresso roast,blonde espresso roast,,no_change,no more-specific Top 9 portfolio brand detected,1,Espresso blonde,"blonde espresso roast, starbucks"
beverages,FRANCE|DACH,coca cola,co,,top_company_portfolio_matrix_off_brands,current primary brand is parent/company token; another OFF brand token needs brand-level review,1,Dr Pepper 1.5Lt .,coca cola co.
beverages,FRANCE|DACH,coca cola,coca,,top_company_portfolio_matrix_off_brands,current primary brand is parent/company token; another OFF brand token needs brand-level review,1,Cola,"coca-cola, coca"
beverages,FRANCE,starbucks,by nescafe dolce gusto,,top_company_portfolio_matrix_off_brands,current primary brand is parent/company token; another OFF brand token needs brand-level review,1,STARBUCKS by NESCAFE DOLCE GUSTO white mocha 12 capsules,"starbucks, by nescafe dolce gusto"
beverages,FRANCE,starbucks,nescafe dolce gusto,Nestlé,top_company_portfolio_matrix_product_name,current primary brand is parent/company token; portfolio brand appears in product name,1,STARBUCKS By NESCAFE DOLCE GUSTO Caffe Latte 121.2g,starbucks
dairies,NORDICS|FRANCE|UK_IE,danone,alpro,Danone,top_company_portfolio_matrix_off_brands,current primary brand is parent/company token; portfolio brand appears in OFF brands field,1,,"danone, alpro"
dairies,NORDICS|UK_IE,starbucks,starbucks,,no_change,no more-specific Top 9 portfolio brand detected,1,Caramel Macchiato,starbucks
dairies,SOUTHERN_EUROPE|UK_IE,nestle,nestle,,no_change,no more-specific Top 9 portfolio brand detected,1,Evaporated milk,nestlé
dairies,SOUTHERN_EUROPE|UK_IE,rolo,rolo,,no_change,no more-specific Top 9 portfolio brand detected,1,Toffee Yogurt with Mini Rolo® Chocolates,"rolo,nestlé"
dairies,UK_IE,actimel,actimel,,no_change,no more-specific Top 9 portfolio brand detected,1,Multifruit x 8,"actimel,danone"
dairies,UK_IE,aero,aero,,no_change,no more-specific Top 9 portfolio brand detected,1,Aero Heavenly Salted Caramel Mousse and Pecan Nuts,"aero,nestle"
beverages,FRANCE,unilever norge as,unilever norge as,,no_change,no more-specific Top 9 portfolio brand detected,1,thé noir bio Russian Grey,unilever norge as
beverages,FRANCE|BENELUX,coca cola,coca cola,,no_change,no more-specific Top 9 portfolio brand detected,1,zero,coca-cola
beverages,FRANCE|BENELUX,medium holiday blend,medium holiday blend,,no_change,no more-specific Top 9 portfolio brand detected,1,STARBUCKS by NESPRESSO Holiday Blend édition limitée 10 capsules,"medium holiday blend, seasonal holiday blend, starbucks, by nespresso"
beverages,FRANCE|BENELUX,nestle,nescafe,Nestlé,top_company_portfolio_matrix_off_brands,current primary brand is parent/company token; portfolio brand appears in OFF brands field,1,Cappuccino,"nestlé, nescafé"
beverages,FRANCE|BENELUX,nestle,nestle,,no_change,no more-specific Top 9 portfolio brand detected,1,Cafe,nestlé
beverages,FRANCE|BENELUX,pepsi,pepsi,,no_change,no more-specific Top 9 portfolio brand detected,1,Pepsi Cola,pepsi
beverages,FRANCE,pepsico,rockstar,,top_company_portfolio_matrix_off_brands,current primary brand is parent/company token; another OFF brand token needs brand-level review,1,Rockstar kiwi watermelon,"pepsico, rockstar"
beverages,FRANCE,pepsico,seven up,,top_company_portfolio_matrix_off_brands,current primary brand is parent/company token; another OFF brand token needs brand-level review,1,Seven Up,"pepsico, seven up"
dairies,UK_IE,danone,light and free,,top_company_portfolio_matrix_off_brands,current primary brand is parent/company token; another OFF brand token needs brand-level review,1,Coconut Yoghurt 4X115G,"danone,light & free"
dairies,UK_IE,danone,skyr,,top_company_portfolio_matrix_off_brands,current primary brand is parent/company token; another OFF brand token needs brand-level review,1,Natural Icelandic Style Strained Yoghurt,danone skyr
dairies,UK_IE,heinz,heinz,,no_change,no more-specific Top 9 portfolio brand detected,1,"HEINZ TOMATO, GRANA PADANO & MASCARPONE PASTA SAUCE",heinz
dairies,UK_IE,kraft,philadelphia,Mondelēz International,top_company_portfolio_matrix_off_brands,known portfolio brand appears in OFF brands field,1,Light Philadelphia Chives,"kraft,philadelphia"
dairies,UK_IE,lindahls,lindahls,,no_change,no more-specific Top 9 portfolio brand detected,1,Lindahls Kvarg white chocolate,"lindahls,nestlé"
dairies,UK_IE,nestle,aero,Nestlé,top_company_portfolio_matrix_off_brands,current primary brand is parent/company token; portfolio brand appears in OFF brands field,1,Aero Heavenly Milk Chocolate Mousse,"nestle,aero,aero heavenly"
dairies,FRANCE|US_CANADA,danone,oikos,Danone,top_company_portfolio_matrix_off_brands,current primary brand is parent/company token; portfolio brand appears in OFF brands field,1,Off-the-charts cherry pie flavor not-so-traditional blended greek yogurt,"danone, oikos"
dairies,FRANCE|US_CANADA,kraft,philadelphia,Mondelēz International,top_company_portfolio_matrix_off_brands,known portfolio brand appears in OFF brands field,1,Philadelphia cream cheese-soft plain,"kraft, philadelphia"
beverages,FRANCE,powerarde,powerarde,,no_change,no more-specific Top 9 portfolio brand detected,1,,"powerarde, coca cola company"
beverages,FRANCE,ricore,ricore,,no_change,no more-specific Top 9 portfolio brand detected,1,Ricoré,"ricoré, nestlé"
beverages,FRANCE,ristretto shot,ristretto shot,,no_change,no more-specific Top 9 portfolio brand detected,1,STARBUCKS By NESPRESSO Ristretto shot 57g,"ristretto shot, starbucks"
beverages,FRANCE,san pellegrino,san pellegrino,,no_change,no more-specific Top 9 portfolio brand detected,1,Essenza saveur mandarine & fraise,"san pellegrino, nestlé"
beverages,FRANCE,seasonal latte,seasonal latte,,no_change,no more-specific Top 9 portfolio brand detected,1,STARBUCK Toffee Nut Late 86g,"seasonal latte, starbucks"
beverages,FRANCE,snembg,snembg,,no_change,no more-specific Top 9 portfolio brand detected,1,Royal Soda Orange,"snembg, the coca cola company"
beverages,FRANCE,special t by nestle,special t by nestle,,no_change,no more-specific Top 9 portfolio brand detected,1,Lemon & Ginger flavoured green,spécial.t by nestlé
beverages,FRANCE,special t nestle,special t nestle,,no_change,no more-specific Top 9 portfolio brand detected,1,Japanese Sencha Bio Green Tea,special.t nestle
beverages,FRANCE,sprite,sprite,,no_change,no more-specific Top 9 portfolio brand detected,1,Sprite,"sprite, coca cola"
beverages,FRANCE,nestle,societe,,top_company_portfolio_matrix_off_brands,current primary brand is parent/company token; another OFF brand token needs brand-level review,1,"Code-barres inexistant et/ou fiche incomplète, obsolète ou en doublon","nestlé, société"
dairies,UK_IE,nestle,rolo,Nestlé,top_company_portfolio_matrix_off_brands,current primary brand is parent/company token; portfolio brand appears in OFF brands field,1,Rolo dessert,"nestle,rolo"
dairies,UK_IE,nestle,rolo,Nestlé,top_company_portfolio_matrix_product_name,current primary brand is parent/company token; portfolio brand appears in product name,1,Rolo yogurt,nestlé
dairies,US_CANADA,danone,activia,Danone,top_company_portfolio_matrix_off_brands,current primary brand is parent/company token; portfolio brand appears in OFF brands field,1,Activia Dailies Vanilla,"danone, activia"
beverages,FRANCE,starbucks,sunny day blend,,top_company_portfolio_matrix_off_brands,current primary brand is parent/company token; another OFF brand token needs brand-level review,1,Starbucks by Nespresso Sunny Day Blend 10 capsules,"starbucks, sunny day blend, by nespresso"
beverages,FRANCE,the coca cola company,zico,,top_company_portfolio_matrix_off_brands,current primary brand is parent/company token; another OFF brand token needs brand-level review,1,Premium coconut water,"the coca cola company, zico"
beverages,FRANCE,tribeco,tribeco,,no_change,no more-specific Top 9 portfolio brand detected,1,Sarsi,"tribeco, coca-cola"
beverages,FRANCE,nestle,pure life,,top_company_portfolio_matrix_off_brands,current primary brand is parent/company token; another OFF brand token needs brand-level review,1,Natural Spring Water,"nestlé, pure life"
beverages,FRANCE,nestle,quest,,top_company_portfolio_matrix_off_brands,current primary brand is parent/company token; another OFF brand token needs brand-level review,1,Ricoré Originam,"nestlé,quest"
beverages,FRANCE,nestle,dessert,,top_company_portfolio_matrix_off_brands,current primary brand is parent/company token; another OFF brand token needs brand-level review,1,100% cacao,nestlé dessert
beverages,FRANCE,nestle,dolce gusto,,top_company_portfolio_matrix_off_brands,current primary brand is parent/company token; another OFF brand token needs brand-level review,1,,"nestlé, dolce gusto"
dairies,US_CANADA,danone,light and fit,Danone,top_company_portfolio_matrix_off_brands,current primary brand is parent/company token; portfolio brand appears in OFF brands field,1,Playful Peach,"danone,light & fit"
dairies,US_CANADA,danone,north america,,top_company_portfolio_matrix_off_brands,current primary brand is parent/company token; another OFF brand token needs brand-level review,1,Too Good,danone north america
dairies,US_CANADA,danone,oikos,Danone,top_company_portfolio_matrix_off_brands,current primary brand is parent/company token; portfolio brand appears in OFF brands field,1,Oikos Triple Zero Strawberry Banana (5.3 oz),"danone, oikos"
dairies,US_CANADA,heinz,heinz,,no_change,no more-specific Top 9 portfolio brand detected,1,Wisconsin extra sharp yellow cheddar,heinz
dairies,US_CANADA,heinz,kraft,Kraft Heinz,top_company_portfolio_matrix_off_brands,known portfolio brand appears in OFF brands field,1,Kraft triple cheddar,"heinz, kraft"
dairies,US_CANADA,heinz kraft,heinz kraft,,no_change,no more-specific Top 9 portfolio brand detected,1,"Kraft Zip Pak Shredded Mozzarella Cheese, 8 Ounce","heinz kraft,thrive market"
dairies,UK_IE,nestle,lindahls pro,,top_company_portfolio_matrix_off_brands,current primary brand is parent/company token; another OFF brand token needs brand-level review,1,Strawberry Sundae Flavour,nestlé lindahls pro+
beverages,FRANCE,pepsi,sodastream,PepsiCo,top_company_portfolio_matrix_off_brands,known portfolio brand appears in OFF brands field,1,Sodastream pepsi,"pepsi, sodastream"
beverages,FRANCE,pepsi cola jamaica bottling company,pepsi cola jamaica bottling company,,no_change,no more-specific Top 9 portfolio brand detected,1,Ting grapefruit soda,pepsi-cola jamaica bottling company
beverages,FRANCE,nestle,nescafe dolce gusto,Nestlé,top_company_portfolio_matrix_off_brands,current primary brand is parent/company token; portfolio brand appears in OFF brands field,1,Nescafé Dolce Gusto Chococino Caramel,"nestlé, nescafé, nescafé dolce gusto"
beverages,FRANCE,perrier,perrier,,no_change,no more-specific Top 9 portfolio brand detected,1,PERRIER eau minérale naturelle gazeuse,"perrier,nestlé waters,nestlé"
beverages,FRANCE,powerade,powerade,,no_change,no more-specific Top 9 portfolio brand detected,1,Powerade gout cerise,"powerade, the coca cola company"
dairies,US_CANADA,starbucks,coffee company,,top_company_portfolio_matrix_off_brands,current primary brand is parent/company token; another OFF brand token needs brand-level review,1,"Starbucks, milk pods","starbucks, starbucks coffee company"
dairies,US_CANADA,starbucks,sweet cream,,top_company_portfolio_matrix_off_brands,current primary brand is parent/company token; another OFF brand token needs brand-level review,1,White chocolate macadamia nut,starbucks sweet cream
dairies,US_CANADA|FRANCE,activia,activia,,no_change,no more-specific Top 9 portfolio brand detected,1,Activia saveurs coco,"activia, danone"
dairies,US_CANADA|FRANCE,cracker barrel,heinz,Kraft Heinz,top_company_portfolio_matrix_off_brands,known portfolio brand appears in OFF brands field,1,Swiss Cheese Slices,"cracker barrel, heinz"
dairies,US_CANADA,international delight,international delight,,no_change,no more-specific Top 9 portfolio brand detected,1,French Vanilla,"international delight, danone"
dairies,US_CANADA,kraft,velveeta,Kraft Heinz,top_company_portfolio_matrix_off_brands,known portfolio brand appears in OFF brands field,1,Original cheese,"kraft, heinz, velveeta, gallo family"
dairies,US_CANADA,kraftfoods,kraftfoods,,no_change,no more-specific Top 9 portfolio brand detected,1,"Extra sharp white cheddar cheese, aged reserve cheddar",kraftfoods
dairies,US_CANADA,mococa s a produtos alimenticios,mococa s a produtos alimenticios,,no_change,no more-specific Top 9 portfolio brand detected,1,Sweetened Condensed Milk,mococa s/a produtos alimenticios
dairies,US_CANADA,nesquik,nesquik,,no_change,no more-specific Top 9 portfolio brand detected,1,Strawberry Lowfat Milk,"nesquik,nestlé"
dairies,US_CANADA,nestle,carnation,Nestlé,top_company_portfolio_matrix_product_name,current primary brand is parent/company token; portfolio brand appears in product name,1,Carnation Evaporated Milk,nestle
dairies,US_CANADA,nestle,coffee mate,Nestlé,top_company_portfolio_matrix_off_brands,current primary brand is parent/company token; portfolio brand appears in OFF brands field,1,Fat free hazelnut liquid coffee creamer,"nestlé,coffeemate"
dairies,US_CANADA,nestle,gerber,Nestlé,top_company_portfolio_matrix_product_name,current primary brand is parent/company token; portfolio brand appears in product name,1,Gerber soothe baby probiotic colic,nestlé
dairies,US_CANADA,nestle,la lechera,Nestlé,top_company_portfolio_matrix_product_name,current primary brand is parent/company token; portfolio brand appears in product name,1,La lechera sweetened condensed milk,nestle
dairies,US_CANADA,danone,activia,Danone,top_company_portfolio_matrix_product_name,current primary brand is parent/company token; portfolio brand appears in product name,1,Activia + Peach,danone
dairies,US_CANADA,danone,dannon,Danone,top_company_portfolio_matrix_product_name,current primary brand is parent/company token; portfolio brand appears in product name,1,Dannon strawberry,danone
beverages,FRANCE,nestle,nestum,,top_company_portfolio_matrix_off_brands,current primary brand is parent/company token; another OFF brand token needs brand-level review,1,Nestum 3-in-1 Cereal Milk Drink Original - 18X28G,nestle nestum
dairies,US_CANADA,nestle,nesquik,,top_company_portfolio_matrix_off_brands,current primary brand is parent/company token; another OFF brand token needs brand-level review,1,Protein Milk Beverage,nestlé nesquik
beverages,FRANCE,nestle,health energie,,top_company_portfolio_matrix_off_brands,current primary brand is parent/company token; another OFF brand token needs brand-level review,1,Clinutren Énergie,nestlé health énergie
beverages,FRANCE,nestle,health science,,top_company_portfolio_matrix_off_brands,current primary brand is parent/company token; another OFF brand token needs brand-level review,1,Oral impact,nestlé health science
beverages,FRANCE,nestle,kitkat,Nestlé,top_company_portfolio_matrix_off_brands,current primary brand is parent/company token; portfolio brand appears in OFF brands field,1,Nestle Kitkat 2017 Green Tea Matcha With Tea Leaves Japan,"nestlé, kitkat"
beverages,FRANCE,nestle,la laitiere,,top_company_portfolio_matrix_off_brands,current primary brand is parent/company token; another OFF brand token needs brand-level review,1,Nesquick Stick,nestle la laitiere
beverages,FRANCE,nestle,lion,Nestlé,top_company_portfolio_matrix_off_brands,current primary brand is parent/company token; portfolio brand appears in OFF brands field,1,Chocolat lion,"nestlé, lion"
beverages,FRANCE,nestle,lion,Nestlé,top_company_portfolio_matrix_product_name,current primary brand is parent/company token; portfolio brand appears in product name,1,Chocolat en poudre lion,nestlé
beverages,FRANCE,nestle,lipton,,top_company_portfolio_matrix_off_brands,current primary brand is parent/company token; another OFF brand token needs brand-level review,1,Lipton Infusion Rooibos Vanille 12 Capsules Compatibles Dolce Gusto®,"nestlé, lipton"
beverages,FRANCE,nestle,maggi,Nestlé,top_company_portfolio_matrix_off_brands,current primary brand is parent/company token; portfolio brand appears in OFF brands field,1,MAGGI Soupe déshydratée Halal Chorba 110g en boite,"nestlé,chorba,maggi"
beverages,FRANCE,medium single origin coffee colombia,medium single origin coffee colombia,,no_change,no more-specific Top 9 portfolio brand detected,1,STARBUCKS By NESPRESSO Colombia 36 capsules,"medium single origin coffee colombia, starbucks"
beverages,FRANCE,milka,milka,,no_change,no more-specific Top 9 portfolio brand detected,1,Milka,"milka, mondelez"
beverages,FRANCE,minute maid,minute maid,,no_change,no more-specific Top 9 portfolio brand detected,1,Jus D'orange,"minute maid, the coca cola company"
beverages,FRANCE,mirinda,mirinda,,no_change,no more-specific Top 9 portfolio brand detected,1,Mirinda Boisson gazeuse goût citron 2 L,"mirinda, pepsico"
dairies,US_CANADA,nestle coffee mate,nestle coffee mate,,no_change,no more-specific Top 9 portfolio brand detected,1,Creamer,nestle coffee-mate
dairies,US_CANADA,oikos,dannon,Danone,top_company_portfolio_matrix_off_brands,known portfolio brand appears in OFF brands field,1,Oikos triple zero blended Greek yogurt vanilla,"oikos,danone,dannon"
dairies,US_CANADA,silk,silk,,no_change,no more-specific Top 9 portfolio brand detected,1,Almondmilk Original,"silk, danone"
snacks,BENELUX|FRANCE,nestle,perugina,,top_company_portfolio_matrix_off_brands,current primary brand is parent/company token; another OFF brand token needs brand-level review,1,Chocolate con leche y almendras,"nestlé, perugina"
snacks,BENELUX|FRANCE,nestle,smarties mini,,top_company_portfolio_matrix_off_brands,current primary brand is parent/company token; another OFF brand token needs brand-level review,1,SMARTIES Edition Noël Mini Boîtes 216g,"nestlé, smarties mini"
snacks,BENELUX|FRANCE,nestle,yes,,top_company_portfolio_matrix_off_brands,current primary brand is parent/company token; another OFF brand token needs brand-level review,1,YES! Cranberries et Chocolat Noir,"nestlé, yes!"
snacks,BENELUX|FRANCE,pepsico,quaker,PepsiCo,top_company_portfolio_matrix_off_brands,current primary brand is parent/company token; portfolio brand appears in OFF brands field,1,Havermout flocons d'avoine,"pepsico, quaker"
dairies,US_CANADA|FRANCE,mcdonalds,mcdonalds,,no_change,no more-specific Top 9 portfolio brand detected,1,"McCafe Frappe Caramel Coffee Bottle, 13.7 fl oz","mcdonald's, the coca-cola company"
dairies,US_CANADA|FRANCE,nestle,nestle,,no_change,no more-specific Top 9 portfolio brand detected,1,Colorant à Café,nestlé
dairies,US_CANADA|FRANCE,starbucks,starbucks,,no_change,no more-specific Top 9 portfolio brand detected,1,Yogurt parfait,starbucks
snacks,BENELUX|FRANCE,belvita,belvita,,no_change,no more-specific Top 9 portfolio brand detected,1,Petit déjeuner pépites chocolat,"belvita,lu,mondelez"
snacks,BENELUX|FRANCE,coca cola,coca cola,,no_change,no more-specific Top 9 portfolio brand detected,1,Coca Cola Original taste,coca-cola
snacks,BENELUX|FRANCE,doritos,doritos,,no_change,no more-specific Top 9 portfolio brand detected,1,Nachos fromage/piment fort,"doritos, pepsico"
snacks,BENELUX|FRANCE,duyvis pepsico,duyvis pepsico,,no_change,no more-specific Top 9 portfolio brand detected,1,Crac-a-nut Cocktail 200G,duyvis pepsico
snacks,BENELUX|FRANCE,hersheys,hersheys,,no_change,no more-specific Top 9 portfolio brand detected,1,Cookies 'n' Creme Candy Bar,hershey's
snacks,BENELUX|FRANCE,lu,tuc,Mondelēz International,top_company_portfolio_matrix_off_brands,known portfolio brand appears in OFF brands field,1,Tuc original 2 sachets de 75g,"lu,mondelez,tuc"
snacks,BENELUX|FRANCE,mondelez,belvita,Mondelez,top_company_portfolio_matrix_off_brands,current primary brand is parent/company token; portfolio brand appears in OFF brands field,1,Petit Déjeuner Moelleux Coeur Gourmand Fraise,"mondelēz, belvita"
dairies,US_CANADA,nestle,milo,Nestlé,top_company_portfolio_matrix_off_brands,current primary brand is parent/company token; portfolio brand appears in OFF brands field,1,Milo,"nestlé,milo"
dairies,US_CANADA,nestle,milo,Nestlé,top_company_portfolio_matrix_product_name,current primary brand is parent/company token; portfolio brand appears in product name,1,Milo Original,nestle
beverages,FRANCE,house blend,house blend,,no_change,no more-specific Top 9 portfolio brand detected,1,House Blend Lungo,"house blend, starbucks, by nespresso"
snacks,BENELUX|FRANCE|DACH,glico,mikado,Mondelez,top_company_portfolio_matrix_off_brands,known portfolio brand appears in OFF brands field,1,Mikado chocolat noir,"glico, lu, mikado, mondelez"
snacks,BENELUX|FRANCE|DACH,granola,granola,,no_change,no more-specific Top 9 portfolio brand detected,1,Sablés - Chocolat au Lait,"granola, lu, mondelez"
snacks,BENELUX|FRANCE|DACH,kraft,kraft,,no_change,no more-specific Top 9 portfolio brand detected,1,Biscuits goût chocolat,"kraft foods, lu, prince"
snacks,BENELUX|FRANCE|DACH,lumondelez,lumondelez,,no_change,no more-specific Top 9 portfolio brand detected,1,Véritable petit beurre🧈,lumondelez
snacks,BENELUX|FRANCE|DACH,nestle,crunch,,top_company_portfolio_matrix_off_brands,current primary brand is parent/company token; another OFF brand token needs brand-level review,1,CRUNCH Lait Tablette 100g,"nestlé, crunch"
snacks,BENELUX|FRANCE|DACH,nestle,lion,Nestlé,top_company_portfolio_matrix_product_name,current primary brand is parent/company token; portfolio brand appears in product name,1,Lion caramel blond,nestlé
snacks,BENELUX|FRANCE|DACH,nestle,mars chocolat france,,top_company_portfolio_matrix_off_brands,current primary brand is parent/company token; another OFF brand token needs brand-level review,1,MilkyWay,"nestlé, mars chocolat france"
snacks,BENELUX|FRANCE|DACH,nestle,nestle,,no_change,no more-specific Top 9 portfolio brand detected,1,Nestle Biscuit Bio Apfel 10M 150 G,nestlé
snacks,BENELUX|FRANCE|DACH,nestle,quality street,Nestlé,top_company_portfolio_matrix_off_brands,current primary brand is parent/company token; portfolio brand appears in OFF brands field,1,Quality Street,"nestlé, quality street"
snacks,BENELUX|FRANCE|DACH,nestle,rolo,Nestlé,top_company_portfolio_matrix_product_name,current primary brand is parent/company token; portfolio brand appears in product name,1,Rolo,nestlé
snacks,BENELUX|FRANCE,mondelez,oreo,Mondelez,top_company_portfolio_matrix_off_brands,current primary brand is parent/company token; portfolio brand appears in OFF brands field,1,Crunchies original,"mondelez,oreo"
snacks,BENELUX|FRANCE,mondelez,stimorol,,top_company_portfolio_matrix_off_brands,current primary brand is parent/company token; another OFF brand token needs brand-level review,1,Frost watermelon,"mondelez, stimorol"
snacks,BENELUX|FRANCE,nestle,fitness,Nestlé,top_company_portfolio_matrix_off_brands,current primary brand is parent/company token; portfolio brand appears in OFF brands field,1,Fitness,"nestlé, fitness"
snacks,BENELUX|FRANCE,nestle,herta,Nestlé,top_company_portfolio_matrix_off_brands,current primary brand is parent/company token; portfolio brand appears in OFF brands field,1,"Cookies, Pépites de Chocolat (15 Cookies)","nestlé, herta"
snacks,BENELUX|FRANCE,nestle,nesquik,Nestlé,top_company_portfolio_matrix_product_name,current primary brand is parent/company token; portfolio brand appears in product name,1,Nesquik wafer,nestlé
snacks,BENELUX|FRANCE|UK_IE|SOUTHERN_EUROPE,nestle,after eight,,top_company_portfolio_matrix_off_brands,current primary brand is parent/company token; another OFF brand token needs brand-level review,1,AFTER EIGHT Coffret 300g,"nestlé, after eight"
snacks,BENELUX|FRANCE|DACH,belin,belin,,no_change,no more-specific Top 9 portfolio brand detected,1,Monaco,"belin, mondelez"
snacks,BENELUX|FRANCE|DACH,cadbury,cadbury,,no_change,no more-specific Top 9 portfolio brand detected,1,Curly Wurly,"cadbury, mondelez"
beverages,FRANCE,mondelez,rappor,,top_company_portfolio_matrix_off_brands,current primary brand is parent/company token; another OFF brand token needs brand-level review,1,Rappor,"mondelez, rappor"
beverages,FRANCE,mondelez,suchard,,top_company_portfolio_matrix_off_brands,current primary brand is parent/company token; another OFF brand token needs brand-level review,1,1KG Soluble Arome Cacao Lait Suchard,"mondelez, suchard"
beverages,FRANCE,mondelez,tang,Mondelēz International,top_company_portfolio_matrix_off_brands,current primary brand is parent/company token; portfolio brand appears in OFF brands field,1,tang orange 19g,"mondelez international, tang"
beverages,FRANCE,mondelez,tang,Mondelēz International,top_company_portfolio_matrix_product_name,current primary brand is parent/company token; portfolio brand appears in product name,1,Tang Powder Orange Flaver,mondelez
beverages,FRANCE,nessuie,nesquik,Nestlé,top_company_portfolio_matrix_off_brands,known portfolio brand appears in OFF brands field,1,"Code-barres inexistant et/ou fiche incomplète, obsolète ou en doublon","n’essuie, plus, nestlé, nesquik"
beverages,FRANCE,nestea,nestea,,no_change,no more-specific Top 9 portfolio brand detected,1,Nature,"nestea, nestlé professional"
beverages,FRANCE,nestle,alegria,,top_company_portfolio_matrix_off_brands,current primary brand is parent/company token; another OFF brand token needs brand-level review,1,NESTLE Alegria Cocoa Poche de 1kg,"nestlé, alegria"
beverages,FRANCE,nestle,bebe,,top_company_portfolio_matrix_off_brands,current primary brand is parent/company token; another OFF brand token needs brand-level review,1,Jus de fruits pommes peches,"nestlé, nestlé bébé"
beverages,FRANCE,nestle,cacao mix,,top_company_portfolio_matrix_off_brands,current primary brand is parent/company token; another OFF brand token needs brand-level review,1,NESTLE CACAO MIX Poche de 1kg,"nestlé, cacao mix"
beverages,FRANCE,nestle,caro,,top_company_portfolio_matrix_off_brands,current primary brand is parent/company token; another OFF brand token needs brand-level review,1,RICORÉ® aux céréales et à la chicorée solubles Boîte 250g,"nestlé,caro,ricore"
beverages,FRANCE,hershey s,hersheys,The Hershey Company,top_company_portfolio_matrix_off_brands,known portfolio brand appears in OFF brands field,1,Sirop De Caramel Léger,hershey s
beverages,FRANCE,hersheys,hersheys,,no_change,no more-specific Top 9 portfolio brand detected,1,Sirop de chocolat,hershey's
beverages,FRANCE,honest,honest tea,Coca-Cola,top_company_portfolio_matrix_off_brands,known portfolio brand appears in OFF brands field,1,Thé Glacé Bio au Thé Noir Infusé Saveur Framboise & Basilic,"honest, honest tea, the coca-cola company"
snacks,BENELUX|US_CANADA|UK_IE,milka,milka,,no_change,no more-specific Top 9 portfolio brand detected,1,Milka oreo,"milka, mondelez"
snacks,DACH|BENELUX|FRANCE,milka,milka,,no_change,no more-specific Top 9 portfolio brand detected,1,Adventskalender,"milka,mondelez"
snacks,DACH|BENELUX|FRANCE,nestle,original wagner,,top_company_portfolio_matrix_off_brands,current primary brand is parent/company token; another OFF brand token needs brand-level review,1,Piccolinis Thunfisch,"nestlé,original wagner"
snacks,BENELUX|FRANCE|DACH,nestle,smarties,Nestlé,top_company_portfolio_matrix_off_brands,current primary brand is parent/company token; portfolio brand appears in OFF brands field,1,SMARTIES,"nestlé, smarties"
snacks,BENELUX|FRANCE|DACH|SOUTHERN_EUROPE,nestle,smarties,Nestlé,top_company_portfolio_matrix_product_name,current primary brand is parent/company token; portfolio brand appears in product name,1,SMARTIES Hexatube 38g,nestlé
snacks,BENELUX|FRANCE|DACH|SOUTHERN_EUROPE|US_CANADA,mondelez,mondelez,,no_change,no more-specific Top 9 portfolio brand detected,1,Prince Goût Chocolat au blé complet,mondelez
snacks,BENELUX|FRANCE|SOUTHERN_EUROPE,fitness,fitness,,no_change,no more-specific Top 9 portfolio brand detected,1,FITNESS CHOC Barres Céréale 6x23.5g,"fitness,nestlé"
snacks,BENELUX|FRANCE|SOUTHERN_EUROPE,glica,glica,,no_change,no more-specific Top 9 portfolio brand detected,1,Mikado chocolat noir,"glica,lu,mondelez"
snacks,BENELUX|FRANCE|SOUTHERN_EUROPE,lu,lu,,no_change,no more-specific Top 9 portfolio brand detected,1,Tuc original - Biscuits salé,"lu,mondelez international"
snacks,BENELUX|FRANCE|SOUTHERN_EUROPE,nestle,fitness,Nestlé,top_company_portfolio_matrix_off_brands,current primary brand is parent/company token; portfolio brand appears in OFF brands field,1,"NESTLE FITNESS Barres de Céréales Nature 6x23,5g","nestlé,fitness"
snacks,BENELUX|FRANCE|SOUTHERN_EUROPE,nestle,fitness,Nestlé,top_company_portfolio_matrix_product_name,current primary brand is parent/company token; portfolio brand appears in product name,1,Fitness breakfast cereal bar pêches et abricot,nestlé
snacks,BENELUX|FRANCE|SOUTHERN_EUROPE,nestle,nestle,,no_change,no more-specific Top 9 portfolio brand detected,1,"Code-barres inexistant et/ou fiche incomplète, obsolète ou en doublon",nestlé
snacks,BENELUX|FRANCE|SOUTHERN_EUROPE|DACH,glico,mikado,Mondelez,top_company_portfolio_matrix_off_brands,known portfolio brand appears in OFF brands field,1,Mikado chocolat au lait,"glico, lumondelez, mikado"
snacks,BENELUX|FRANCE|SOUTHERN_EUROPE|DACH,nesquik,nesquik,,no_change,no more-specific Top 9 portfolio brand detected,1,,"nesquik,nestlé"
snacks,BENELUX|FRANCE|SOUTHERN_EUROPE|DACH,nestle,crunch,,top_company_portfolio_matrix_off_brands,current primary brand is parent/company token; another OFF brand token needs brand-level review,1,,"nestlé, crunch"
snacks,BENELUX|FRANCE|UK_IE,nestle,quality street,Nestlé,top_company_portfolio_matrix_product_name,current primary brand is parent/company token; portfolio brand appears in product name,1,Quality Street,nestlé
snacks,DACH|FRANCE,nestle,lion white,,top_company_portfolio_matrix_off_brands,current primary brand is parent/company token; another OFF brand token needs brand-level review,1,LION White - Barres chocolatées 6x30g,"nestlé, lion white"
snacks,DACH|FRANCE,nestle,nesquik,Nestlé,top_company_portfolio_matrix_off_brands,current primary brand is parent/company token; portfolio brand appears in OFF brands field,1,,"nestlé, nesquik"
snacks,DACH|FRANCE,nestle,smarties,Nestlé,top_company_portfolio_matrix_product_name,current primary brand is parent/company token; portfolio brand appears in product name,1,Smarties,nestlé
snacks,DACH|FRANCE|BENELUX|SOUTHERN_EUROPE,nestle,kitkat,,top_company_portfolio_matrix_off_brands,current primary brand is parent/company token; another OFF brand token needs brand-level review,1,CHUNKY,nestle kitkat
snacks,BENELUX|FRANCE|US_CANADA,cote dor,cote dor,,no_change,no more-specific Top 9 portfolio brand detected,1,Noir Marzipan,"côte d'or,mondelez"
snacks,BENELUX|FRANCE|US_CANADA,dentyne,dentyne,,no_change,no more-specific Top 9 portfolio brand detected,1,Dentyne fire gum cinnamon sugar free1x16 pc,"dentyne, kraft foods, mondelez"
snacks,BENELUX|FRANCE|US_CANADA,mondelez,oreo,Mondelez,top_company_portfolio_matrix_off_brands,current primary brand is parent/company token; portfolio brand appears in OFF brands field,1,Oreo Original,"mondelez, oreo"
snacks,BENELUX|NORDICS|FRANCE,lion,lion,,no_change,no more-specific Top 9 portfolio brand detected,1,LION Barres chocolatées,"lion, nestlé"
snacks,BENELUX|NORDICS|FRANCE|SOUTHERN_EUROPE,nestle,fitness,Nestlé,top_company_portfolio_matrix_product_name,current primary brand is parent/company token; portfolio brand appears in product name,1,Chocolate Fitness,nestlé
snacks,BENELUX|NORDICS|FRANCE|SOUTHERN_EUROPE|UK_IE,nestle,kitkat,Nestlé,top_company_portfolio_matrix_off_brands,current primary brand is parent/company token; portfolio brand appears in OFF brands field,1,Kit Kat x10,"nestlé,kit kat,kitkat"
snacks,BENELUX|NORDICS|FRANCE|UK_IE|SOUTHERN_EUROPE,mondelez,norge as,,top_company_portfolio_matrix_off_brands,current primary brand is parent/company token; another OFF brand token needs brand-level review,1,Oreo Sjokoladetrukket 246 g,mondelez norge as
snacks,BENELUX|US_CANADA,the hershey comp,the hershey comp,,no_change,no more-specific Top 9 portfolio brand detected,1,Zero standard,the hershey comp.
snacks,BENELUX|US_CANADA|FRANCE,nestle,quality street,Nestlé,top_company_portfolio_matrix_off_brands,current primary brand is parent/company token; portfolio brand appears in OFF brands field,1,Quality Street,"nestlé, quality street"
snacks,BENELUX|US_CANADA|FRANCE|DACH,la vosgienne,la vosgienne,,no_change,no more-specific Top 9 portfolio brand detected,1,Bonbon à la Sève de Pin,"la vosgienne, mondelez"
snacks,BENELUX|US_CANADA|FRANCE|DACH,mondelez,mondelez,,no_change,no more-specific Top 9 portfolio brand detected,1,Véritable Petit Écolier Chocolat au Lait,mondelez international
snacks,BENELUX|US_CANADA|FRANCE|DACH|SOUTHERN_EUROPE,mondelez,oreo,Mondelez,top_company_portfolio_matrix_off_brands,current primary brand is parent/company token; portfolio brand appears in OFF brands field,1,Original,"mondelēz,oreo"
snacks,DACH|BENELUX|FRANCE|SOUTHERN_EUROPE,mondelez,oreo,Mondelez,top_company_portfolio_matrix_off_brands,current primary brand is parent/company token; portfolio brand appears in OFF brands field,1,Original,"mondelez international,oreo,mondelez"
snacks,DACH|BENELUX|FRANCE|SOUTHERN_EUROPE|NORDICS,magnum,magnum,,no_change,no more-specific Top 9 portfolio brand detected,1,Magnum Ice Cream Lolly ALMOND 120 ML,"magnum,unilever"
snacks,DACH|FRANCE,glico,glico,,no_change,no more-specific Top 9 portfolio brand detected,1,Mikado Zartherbe Schokolade,"glico, lu, mondelez"
beverages,FRANCE,jacques vabre,jacques vabre,,no_change,no more-specific Top 9 portfolio brand detected,1,Notes de Bahia Brésil doux et fruité,"jacques vabre, mondelez"
beverages,FRANCE,jean paul gaultier,jean paul gaultier,,no_change,no more-specific Top 9 portfolio brand detected,1,Coca-Cola Light x Jean Paul Gaultier,"jean paul gaultier,coca-cola"
beverages,FRANCE,knorr,knorr,,no_change,no more-specific Top 9 portfolio brand detected,1,Knorr Moments Gourmets Soupe déshydratée Velours de Cèpes Champignons 91g 3 Portions,"knorr, moments gourmets, unilever"
beverages,FRANCE,kraft,kraft,,no_change,no more-specific Top 9 portfolio brand detected,1,Cristaux Pour Boissons (limonade Rose),kraft
beverages,FRANCE,liptonunilever,liptonunilever,,no_change,no more-specific Top 9 portfolio brand detected,1,,liptonunilever
beverages,FRANCE,mcdonalds,sprite,Coca-Cola,top_company_portfolio_matrix_off_brands,known portfolio brand appears in OFF brands field,1,Sprite,"mcdonald's, sprite, the coca cola company"
beverages,FRANCE,medium,medium,,no_change,no more-specific Top 9 portfolio brand detected,1,STARBUCKS Holiday Blend édition limitée en grains 190g,"medium, medium holiday blend, seasonal holiday blend, starbucks"
beverages,FRANCE,dark single origin coffee sumatra,dark single origin coffee sumatra,,no_change,no more-specific Top 9 portfolio brand detected,1,STARBUCKS Sumatra,"dark single origin coffee sumatra, starbucks, by nespresso"
beverages,FRANCE,diet pepsi,diet pepsi,,no_change,no more-specific Top 9 portfolio brand detected,1,Pepsi Zéro Sleek 33 cl,"diet pepsi, pepsi zero, pepsico"
snacks,DACH|FRANCE,mirabell mondelez,mirabell mondelez,,no_change,no more-specific Top 9 portfolio brand detected,1,Mirabell Echte Salzbourg Mozartkulgen,"mirabell mondelez,mondelez,mirabell"
snacks,DACH|FRANCE,mondelez,opavia,,top_company_portfolio_matrix_off_brands,current primary brand is parent/company token; another OFF brand token needs brand-level review,1,DISKO Sušenky s vanilkovou příchutí,"mondelez, opavia"
snacks,DACH|FRANCE,mondelez,tuc,Mondelēz International,top_company_portfolio_matrix_off_brands,current primary brand is parent/company token; portfolio brand appears in OFF brands field,1,TUC Cheese,"mondelez, tuc"
snacks,DACH|FRANCE,nestle,kitkat,Nestlé,top_company_portfolio_matrix_off_brands,current primary brand is parent/company token; portfolio brand appears in OFF brands field,1,"KITKAT Ball, Billes au chocolat au Lait,140g","nestlé, kit kat, kitkat"
beverages,FRANCE,hawai,hawai,,no_change,no more-specific Top 9 portfolio brand detected,1,Hawai Tropical,"hawai, the coca-cola company"
beverages,FRANCE,heinz,heinz,,no_change,no more-specific Top 9 portfolio brand detected,1,Tomato juice,heinz
beverages,FRANCE,coca cola,the coca cola family,,top_company_portfolio_matrix_off_brands,current primary brand is parent/company token; another OFF brand token needs brand-level review,1,Appletiser,"coca-cola, the coca-cola family"
beverages,FRANCE,coca cola,tropico,Coca-Cola,top_company_portfolio_matrix_product_name,current primary brand is parent/company token; portfolio brand appears in product name,1,Tropico fraise kiwi,coca-cola
snacks,DACH|FRANCE|UK_IE,milka,milka,,no_change,no more-specific Top 9 portfolio brand detected,1,Happy Cow,"milka,mondelez"
snacks,DACH|FRANCE|US_CANADA,mondelez,sour patch kids,Mondelez,top_company_portfolio_matrix_product_name,current primary brand is parent/company token; portfolio brand appears in product name,1,Sour Patch Kids,mondelez
snacks,DACH|NORDICS|FRANCE,tuc,tuc,,no_change,no more-specific Top 9 portfolio brand detected,1,TUC Original,"tuc, mondelez"
snacks,DACH|NORDICS|FRANCE|BENELUX|SOUTHERN_EUROPE,nestle,kitkat,Nestlé,top_company_portfolio_matrix_product_name,current primary brand is parent/company token; portfolio brand appears in product name,1,KitKat chunky,nestlé
snacks,DACH|UK_IE,maynards bassetts,maynards bassetts,,no_change,no more-specific Top 9 portfolio brand detected,1,Jelly Babies,"maynards bassetts,mondelez inc."
snacks,DACH|UK_IE,mondelez,mondelez,,no_change,no more-specific Top 9 portfolio brand detected,1,Blue raspberry soft & chewy candy,mondelez
snacks,DACH|UK_IE|US_CANADA,nestle,rolo,Nestlé,top_company_portfolio_matrix_product_name,current primary brand is parent/company token; portfolio brand appears in product name,1,Nestle Rolo Chocolate Tube 52g,nestlé
snacks,DACH|US_CANADA,doritos,doritos,,no_change,no more-specific Top 9 portfolio brand detected,1,Nacho Cheese,"doritos,pepsico"
snacks,DACH|US_CANADA,hershey,hershey,,no_change,no more-specific Top 9 portfolio brand detected,1,Milk Duds,hershey
snacks,DACH|US_CANADA,nestle,nestle,,no_change,no more-specific Top 9 portfolio brand detected,1,"Holiday nerds, soft & chewy rope candy",nestlé
snacks,DACH|US_CANADA|FRANCE,nestle,nestle,,no_change,no more-specific Top 9 portfolio brand detected,1,Classic Turtles,nestlé
snacks,FRANCE,,,,no_change,no more-specific Top 9 portfolio brand detected,1,NESTLE L'ATELIER LES BOUCHÉES Noir Éclats de fève de cacao 262g,"null, nestlé, les recettes de l'atelier"
snacks,FRANCE,flore cocardon,flore cocardon,,no_change,no more-specific Top 9 portfolio brand detected,1,Sablés pur beurre,flore cocardon
snacks,FRANCE,freia,freia,,no_change,no more-specific Top 9 portfolio brand detected,1,Premium Perler Bringebær,"freia, mondelez"
snacks,FRANCE,frito lay,frito lay,,no_change,no more-specific Top 9 portfolio brand detected,1,Tostitos Original Restaurant Style Chips,"frito-lay, pepsico"
snacks,FRANCE,,smarties,Nestlé,top_company_portfolio_matrix_off_brands,known portfolio brand appears in OFF brands field,1,SMARTIES Sachet Mini œufs 81G,"null, nestlé, smarties"
snacks,FRANCE,bimo,bimo,,no_change,no more-specific Top 9 portfolio brand detected,1,Tango Sablito,"bimo, mondelez"
snacks,FRANCE,bio,bio,,no_change,no more-specific Top 9 portfolio brand detected,1,NESTLE DESSERT BIO Corsé,"bio, nestle dessert"
snacks,FRANCE,biscuiterie artisanale lou cocal,biscuiterie artisanale lou cocal,,no_change,no more-specific Top 9 portfolio brand detected,1,Financiers marron glacé,biscuiterie artisanale lou cocal
snacks,DACH|FRANCE|SOUTHERN_EUROPE,nestle,kitkat,Nestlé,top_company_portfolio_matrix_off_brands,current primary brand is parent/company token; portfolio brand appears in OFF brands field,1,KITKAT CHUNKY Peanut Butter 168g,"nestlé, kit kat chunky, kitkat"
snacks,DACH|FRANCE|SOUTHERN_EUROPE,oreo,oreo,,no_change,no more-specific Top 9 portfolio brand detected,1,Mini Oreo,"oreo,mondelez"
snacks,DACH|FRANCE|SOUTHERN_EUROPE|UK_IE,nestle,nesquik,Nestlé,top_company_portfolio_matrix_product_name,current primary brand is parent/company token; portfolio brand appears in product name,1,Nesquik Schnitten,nestlé
beverages,FRANCE,edition limitee 2018,edition limitee 2018,,no_change,no more-specific Top 9 portfolio brand detected,1,Elephant Edition Limitée 2018 Tisanes Coffret 56 Sachets,"edition limitée 2018, elephant, unilever"
beverages,FRANCE,espresso,nescafe,Nestlé,top_company_portfolio_matrix_off_brands,known portfolio brand appears in OFF brands field,1,STARBUCKS by NESCAFE DOLCE GUSTO Espresso Colombia 66g,"espresso, medium colombia, nescafé, starbucks, by nescafe dolce gusto"
beverages,FRANCE,espresso roast,espresso roast,,no_change,no more-specific Top 9 portfolio brand detected,1,STARBUCKS By Nespresso Espresso Roast X18,"espresso roast, starbucks, by nespresso"
beverages,FRANCE,finley coca,finley coca,,no_change,no more-specific Top 9 portfolio brand detected,1,Finley pina colada,finley -coca
beverages,FRANCE,flavoured coffee,flavoured coffee,,no_change,no more-specific Top 9 portfolio brand detected,1,Cafe saveur chocolat noisette,"flavoured coffee, starbucks"
beverages,FRANCE,fuzetea heaven and earth coca cola,fuze tea,Coca-Cola,top_company_portfolio_matrix_off_brands,known portfolio brand appears in OFF brands field,1,Jasmine Green Tea,fuzetea; heaven and earth; coca cola
snacks,FRANCE,chococam,chococam,,no_change,no more-specific Top 9 portfolio brand detected,1,TARTINA,chococam
beverages,FRANCE,coca cola light,coca cola light,,no_change,no more-specific Top 9 portfolio brand detected,1,Coca-cola light 2L,coca-cola light
beverages,FRANCE,coca nasa,coca nasa,,no_change,no more-specific Top 9 portfolio brand detected,1,Hoja de coca entera,coca nasa
beverages,FRANCE,cocatech,cocatech,,no_change,no more-specific Top 9 portfolio brand detected,1,Café Extra Fuerte,cocatech
beverages,FRANCE,danone,danonino,Danone,top_company_portfolio_matrix_product_name,current primary brand is parent/company token; portfolio brand appears in product name,1,Danonino fraise,danone
beverages,FRANCE,danone,evian,Danone,top_company_portfolio_matrix_off_brands,current primary brand is parent/company token; portfolio brand appears in OFF brands field,1,Eau minérale naturelle,"danone, evian"
beverages,FRANCE,danone,gallia,,top_company_portfolio_matrix_off_brands,current primary brand is parent/company token; another OFF brand token needs brand-level review,1,Calisma Lait de Croissance,"danone, gallia"
beverages,FRANCE,danone,light and free,,top_company_portfolio_matrix_off_brands,current primary brand is parent/company token; another OFF brand token needs brand-level review,1,Cola Light With Stevia 330ML Free Sugar,"danone, light & free"
beverages,FRANCE,danone,salvetat,,top_company_portfolio_matrix_off_brands,current primary brand is parent/company token; another OFF brand token needs brand-level review,1,Eau minérale naturelle de citron verdelli de Sicile,"danone, salvetat"
beverages,FRANCE,coca cola,hawai,,top_company_portfolio_matrix_off_brands,current primary brand is parent/company token; another OFF brand token needs brand-level review,1,Hawai,"coca cola, hawai"
beverages,FRANCE,coca cola,hi c,,top_company_portfolio_matrix_off_brands,current primary brand is parent/company token; another OFF brand token needs brand-level review,1,Pomme-pêche,"coca cola, hi-c, brasserie de tahiti"
beverages,FRANCE,coca cola,honest,,top_company_portfolio_matrix_off_brands,current primary brand is parent/company token; another OFF brand token needs brand-level review,1,Thé glacé bio pêche romarin,"coca-cola company, honest"
snacks,FRANCE,coca cola,ferrero,,top_company_portfolio_matrix_off_brands,current primary brand is parent/company token; another OFF brand token needs brand-level review,1,Tic-tac /Coca cola,"coca-cola, ferrero, tic tac"
snacks,FRANCE,csm france,oreo,Mondelez,top_company_portfolio_matrix_off_brands,known portfolio brand appears in OFF brands field,1,Donut,"csm france, mondelez, mondelez international, oreo"
snacks,FRANCE,extreme,extreme,,no_change,no more-specific Top 9 portfolio brand detected,1,Extreme Framboise Brownie x6,"extrême,nestlé"
snacks,FRANCE,falim,falim,,no_change,no more-specific Top 9 portfolio brand detected,1,Chewing-gum,"falim, mondelez"
snacks,FRANCE,malabar,malabar,,no_change,no more-specific Top 9 portfolio brand detected,1,Malabar,"malabar, mondelez"
snacks,FRANCE,marabou,marabou,,no_change,no more-specific Top 9 portfolio brand detected,1,Marabou Daim,"marabou, mondelez international"
snacks,FRANCE,marbo,marbo,,no_change,no more-specific Top 9 portfolio brand detected,1,Štapići punjeni kikirikijem,"marbo, pardon, pepsico"
beverages,FRANCE,coca cola,mini,,top_company_portfolio_matrix_off_brands,current primary brand is parent/company token; another OFF brand token needs brand-level review,1,Coca-Cola mini cans,coca cola mini
beverages,FRANCE,coca cola,minute maid,Coca-Cola,top_company_portfolio_matrix_off_brands,current primary brand is parent/company token; portfolio brand appears in OFF brands field,1,Minute Maid,"coca-cola, minute maid"
beverages,FRANCE,coca cola,minute maid,Coca-Cola,top_company_portfolio_matrix_product_name,current primary brand is parent/company token; portfolio brand appears in product name,1,Minute maid,coca-cola
beverages,FRANCE,coca cola,nestea,Nestlé,top_company_portfolio_matrix_product_name,current primary brand is parent/company token; portfolio brand appears in product name,1,Nestea Sparkling Lemon Pet,coca-cola
beverages,FRANCE,coca cola,peru,,top_company_portfolio_matrix_off_brands,current primary brand is parent/company token; another OFF brand token needs brand-level review,1,Inca Kola,"coca cola, coca cola peru"
beverages,FRANCE,coca cola,powerade,The Coca-Cola Company,top_company_portfolio_matrix_off_brands,current primary brand is parent/company token; portfolio brand appears in OFF brands field,1,Powerade Active Zero,"coca-cola, powerade"
beverages,FRANCE,coca cola,pulpy,,top_company_portfolio_matrix_off_brands,current primary brand is parent/company token; another OFF brand token needs brand-level review,1,Rani,"coca-cola, pulpy, rani"
beverages,FRANCE,coca cola,rani,,top_company_portfolio_matrix_off_brands,current primary brand is parent/company token; another OFF brand token needs brand-level review,1,Puply,"coca-cola, rani"
beverages,FRANCE,coca cola,schweppes,PepsiCo,top_company_portfolio_matrix_product_name,current primary brand is parent/company token; portfolio brand appears in product name,1,Schweppes citron,coca-cola
snacks,FRANCE,kraft,mikado,Mondelez,top_company_portfolio_matrix_off_brands,known portfolio brand appears in OFF brands field,1,Mikado King Choco Chocolat saveur Praliné,"kraft foods, lu, mikado, mondelez"
snacks,FRANCE,kraft,ritz,Mondelez,top_company_portfolio_matrix_off_brands,known portfolio brand appears in OFF brands field,1,Crackers,"kraft foods, ritz"
snacks,FRANCE,cheetos,cheetos,,no_change,no more-specific Top 9 portfolio brand detected,1,Cheetos Goût Cacahuète,"cheetos, pepsico"
snacks,FRANCE,chocapic,chocapic,,no_change,no more-specific Top 9 portfolio brand detected,1,NESTLE CHOCAPIC Barres de Céréales 8x25g,"chocapic, nestlé"
snacks,FRANCE,mondelez,poiana,,top_company_portfolio_matrix_off_brands,current primary brand is parent/company token; another OFF brand token needs brand-level review,1,Poiana Amăruie cu gust de portocale,"mondelez, poiana"
snacks,FRANCE,la vosgienne,la vosgienne,,no_change,no more-specific Top 9 portfolio brand detected,1,Sève de Pin,"la vosgienne, mondelez"
snacks,FRANCE,lajaunie,lajaunie,,no_change,no more-specific Top 9 portfolio brand detected,1,Cachou,"lajaunie, mondelez france"
beverages,FRANCE,coca cola,collector 2012,,top_company_portfolio_matrix_off_brands,current primary brand is parent/company token; another OFF brand token needs brand-level review,1,Coca Cola 500ml,coca cola collector 2012
beverages,FRANCE,coca cola,compagnie,,top_company_portfolio_matrix_off_brands,current primary brand is parent/company token; another OFF brand token needs brand-level review,1,coca cola cheri,coca cola compagnie
beverages,FRANCE,coca cola,european partners norge a,,top_company_portfolio_matrix_off_brands,current primary brand is parent/company token; another OFF brand token needs brand-level review,1,Sprite Light,coca-cola european partners norge a
beverages,FRANCE,coca cola,finley,,top_company_portfolio_matrix_off_brands,current primary brand is parent/company token; another OFF brand token needs brand-level review,1,Fine bulles - Pomme-citron & gentiane,"coca cola company, finley"
beverages,FRANCE,coca cola,fuze tea,Coca-Cola,top_company_portfolio_matrix_off_brands,current primary brand is parent/company token; portfolio brand appears in OFF brands field,1,Thé glacé pêche intense,"coca-cola, fuzetea"
beverages,FRANCE,7up,7up,,no_change,no more-specific Top 9 portfolio brand detected,1,7UP Free saveur citron & citron vert,"7up free,7up,pepsico"
beverages,FRANCE,aquafina is sold by pepsico,aquafina is sold by pepsico,,no_change,no more-specific Top 9 portfolio brand detected,1,Packaged Drinking Water,"aquafina is sold by pepsico, pepsico"
beverages,FRANCE,arla,arla,,no_change,no more-specific Top 9 portfolio brand detected,1,"Starbucks Frappuccino milk and coffee drink, coffee","arla foods, starbucks"
beverages,FRANCE,arwacoca cola,arwacoca cola,,no_change,no more-specific Top 9 portfolio brand detected,1,arwa,arwacoca cola
snacks,FRANCE,lu,belvita,Mondelez,top_company_portfolio_matrix_off_brands,known portfolio brand appears in OFF brands field,1,Belvita - Petit-déjeuner Original,"lu, mondelez, belvita"
snacks,FRANCE,lumondelez,lumondelez,,no_change,no more-specific Top 9 portfolio brand detected,1,Prince Goût Chocolat,lumondelez
snacks,FRANCE,maison lou cocal,maison lou cocal,,no_change,no more-specific Top 9 portfolio brand detected,1,Sablés Doudoux,maison lou cocal
snacks,FRANCE,maizena,maizena,,no_change,no more-specific Top 9 portfolio brand detected,1,Maizena Sans Gluten Préparation pour Gateau aux Amandes 10 parts,"maizena, sans gluten, unilever"
snacks,FRANCE,mondelez,belvita,Mondelez,top_company_portfolio_matrix_product_name,current primary brand is parent/company token; portfolio brand appears in product name,1,BelVita breakfast,mondelez international
beverages,FRANCE,ayatakacoca cola,ayatakacoca cola,,no_change,no more-specific Top 9 portfolio brand detected,1,Ayataka Japanese green tea,ayatakacoca cola
beverages,FRANCE,badoit,badoit,,no_change,no more-specific Top 9 portfolio brand detected,1,Badoit zest citron vert sans sucres,"badoit, danone"
beverages,FRANCE,blonde espresso roast,blonde espresso roast,,no_change,no more-specific Top 9 portfolio brand detected,1,STARBUCKS By Nespresso Blonde Espresso Roast x18,"blonde espresso roast, starbucks, by nespresso"
beverages,FRANCE,bralima,bralima,,no_change,no more-specific Top 9 portfolio brand detected,1,Vital'O,"bralima, the coca-cola company"
beverages,FRANCE,brasserie de tahiti sous license,brasserie de tahiti sous license,,no_change,no more-specific Top 9 portfolio brand detected,1,Fanta saveur orange,"brasserie de tahiti (sous license), coca cola international"
beverages,FRANCE,coca,coca cola light,Coca-Cola,top_company_portfolio_matrix_off_brands,known portfolio brand appears in OFF brands field,1,Coca cola lemon light,"coca, coca-cola-light"
beverages,DACH|NORDICS|US_CANADA,pepsi,pepsi,,no_change,no more-specific Top 9 portfolio brand detected,1,Pepsi Max Lemon,pepsi
beverages,DACH|NORDICS|US_CANADA,pepsico,sodastream,PepsiCo,top_company_portfolio_matrix_off_brands,current primary brand is parent/company token; portfolio brand appears in OFF brands field,1,Sirup Schwip Schwap Zero,"pepsico, schwip schwap, sodastream"
beverages,DACH|SOUTHERN_EUROPE|UK_IE,coca cola,fanta,Coca-Cola,top_company_portfolio_matrix_off_brands,current primary brand is parent/company token; portfolio brand appears in OFF brands field,1,Fanta Madness 2 l,"coca cola, fanta"
beverages,DACH|UK_IE,coca cola,coca cola,,no_change,no more-specific Top 9 portfolio brand detected,1,Coke,coca cola
snacks,FRANCE,mondelez,cote dor,Mondelez,top_company_portfolio_matrix_off_brands,current primary brand is parent/company token; portfolio brand appears in OFF brands field,1,Praliné cajou & amandes,"mondelez, côte d'or"
snacks,FRANCE,mondelez,france,,top_company_portfolio_matrix_off_brands,current primary brand is parent/company token; another OFF brand token needs brand-level review,1,Pastille Vichy Menthe aux sels minéraux sans sucres,"mondelez france, vichy"
snacks,FRANCE,mondelez,hollywood,,top_company_portfolio_matrix_off_brands,current primary brand is parent/company token; another OFF brand token needs brand-level review,1,Hollywood Cubes,mondelez hollywood
snacks,FRANCE,mondelez,marabou,Mondelēz International,top_company_portfolio_matrix_product_name,current primary brand is parent/company token; portfolio brand appears in product name,1,Marabou Premium 70 % Cocoa Mint,mondelez
snacks,FRANCE,mondelez,olza,,top_company_portfolio_matrix_off_brands,current primary brand is parent/company token; another OFF brand token needs brand-level review,1,Prince Polo XXL orzechowe,"mondelez, olza, prince polo"
beverages,DACH|BENELUX|FRANCE,coca cola,coca cola light,Coca-Cola,top_company_portfolio_matrix_off_brands,current primary brand is parent/company token; portfolio brand appears in OFF brands field,1,Coca light 1.5l,"coca cola zero, coca-cola, coca-cola-light"
beverages,DACH|BENELUX|FRANCE|SOUTHERN_EUROPE,coca cola,coca cola,,no_change,no more-specific Top 9 portfolio brand detected,1,Zero Sugar,coca-cola
snacks,FRANCE,nestle,damak,Nestlé,top_company_portfolio_matrix_product_name,current primary brand is parent/company token; portfolio brand appears in product name,1,damak baklava,nestlé
snacks,FRANCE,nestle,dessert corse,,top_company_portfolio_matrix_off_brands,current primary brand is parent/company token; another OFF brand token needs brand-level review,1,NESTLE DESSERT Corsé 3 x 200g,"nestlé, dessert corse, nestlé dessert, dessert"
snacks,FRANCE,nestle,extreme,Nestlé,top_company_portfolio_matrix_product_name,current primary brand is parent/company token; portfolio brand appears in product name,1,Extreme Mini,nestlé
snacks,FRANCE,nestle,galak mini eggs,,top_company_portfolio_matrix_off_brands,current primary brand is parent/company token; another OFF brand token needs brand-level review,1,Galak Mini Œufs 152 grs,"nestlé, galak mini eggs"
snacks,FRANCE,nestle,golden grahams,,top_company_portfolio_matrix_off_brands,current primary brand is parent/company token; another OFF brand token needs brand-level review,1,NESTLE GOLDEN GRAHAM Barres de Céréales 8x25g,"nestlé, golden grahams"
snacks,FRANCE,nestle,gourmet,Nestlé,top_company_portfolio_matrix_product_name,current primary brand is parent/company token; portfolio brand appears in product name,1,Dark sublime gourmet collection,nestlé
snacks,FRANCE,mondelez,stimorol,,top_company_portfolio_matrix_off_brands,current primary brand is parent/company token; another OFF brand token needs brand-level review,1,Stimorol Original sans sucres,"mondelez, stimorol"
snacks,FRANCE,mondelez,trident,Mondelēz International,top_company_portfolio_matrix_off_brands,current primary brand is parent/company token; portfolio brand appears in OFF brands field,1,Chewing-gum,"mondelez, trident"
snacks,FRANCE,nesle,nesle,,no_change,no more-specific Top 9 portfolio brand detected,1,LES RECETTES DE L'ATELIER Les Bouchées Lait et Noir 398g,"neslé, nestlé, les recettes de l'atelier bouchees"
snacks,FRANCE,nesquik,nesquik,,no_change,no more-specific Top 9 portfolio brand detected,1,NESTLE NESQUIK Bio Barres de céréales 4X25g,"nesquik, nestlénesquik bio"
snacks,FRANCE,nestle,cereal partners,,top_company_portfolio_matrix_off_brands,current primary brand is parent/company token; another OFF brand token needs brand-level review,1,NESQUIK Barres de Céréales 6 x 25g + 6 offertes,"nestlé, cereal partners"
snacks,FRANCE,nestle,cheerios,Nestlé,top_company_portfolio_matrix_off_brands,current primary brand is parent/company token; portfolio brand appears in OFF brands field,1,NESTLE CHEERIOS BIO Barres de céréales 4x22g,"nestlé, cheerios, cheerios bio, cheerios bio honey"
snacks,FRANCE,miko,viennetta,Unilever,top_company_portfolio_matrix_off_brands,known portfolio brand appears in OFF brands field,1,Viennetta Glace Dessert Menthe,"miko,unilever,viennetta"
snacks,FRANCE,milkamondelez,milkamondelez,,no_change,no more-specific Top 9 portfolio brand detected,1,milka noisette,milkamondelez
snacks,FRANCE,nestle,kit kat senses,,top_company_portfolio_matrix_off_brands,current primary brand is parent/company token; another OFF brand token needs brand-level review,1,KITKAT Senses Choco Noisette,"nestlé, kit kat senses"
snacks,FRANCE,nestle,klaus,,top_company_portfolio_matrix_off_brands,current primary brand is parent/company token; another OFF brand token needs brand-level review,1,Chocolat Noir 80%,"nestlé, klaus"
snacks,FRANCE,nestle,chocapic,,top_company_portfolio_matrix_off_brands,current primary brand is parent/company token; another OFF brand token needs brand-level review,1,Chocapic,nestlé chocapic
beverages,DACH|UK_IE,coca cola,cola,,top_company_portfolio_matrix_off_brands,current primary brand is parent/company token; another OFF brand token needs brand-level review,1,cola Zero 24Stk,"coca cola, cola"
beverages,DACH|UK_IE,starbucks,starbucks,,no_change,no more-specific Top 9 portfolio brand detected,1,Grande Cup - Caramel Macchiato Flavour,starbucks
beverages,DACH|US_CANADA,coca cola,coca cola,,no_change,no more-specific Top 9 portfolio brand detected,1,Coca-Cola cherry,coca-cola
beverages,DACH|US_CANADA,coca cola,diet coke,Coca-Cola,top_company_portfolio_matrix_product_name,current primary brand is parent/company token; portfolio brand appears in product name,1,Diet Coke,coca-cola
beverages,DACH|US_CANADA,coca coms,coca coms,,no_change,no more-specific Top 9 portfolio brand detected,1,coke,coca coms
beverages,DACH|US_CANADA,heinz,heinz,,no_change,no more-specific Top 9 portfolio brand detected,1,Kool-Aid,heinz
beverages,DACH|US_CANADA,kraft,kraft,,no_change,no more-specific Top 9 portfolio brand detected,1,,kraft foods
beverages,DACH|US_CANADA,nestle,norge as,,top_company_portfolio_matrix_off_brands,current primary brand is parent/company token; another OFF brand token needs brand-level review,1,Zoegas Mollberg Blanding RWB 450g,nestlé norge as
beverages,DACH|US_CANADA,pepsi,pepsi,,no_change,no more-specific Top 9 portfolio brand detected,1,Pepsi Mango Flavour,pepsi
beverages,DACH|US_CANADA,starbucks,by nespresso nestle,,top_company_portfolio_matrix_off_brands,current primary brand is parent/company token; another OFF brand token needs brand-level review,1,Nespresso,starbucks by nespresso - nestlé
beverages,DACH|US_CANADA,starbucks,conifer specialties inc,,top_company_portfolio_matrix_off_brands,current primary brand is parent/company token; another OFF brand token needs brand-level review,1,"Hot cocoa mix marshmallow, hot cocoa","starbucks, conifer specialties inc."
beverages,BENELUX|UK_IE,nestle,nesquik,Nestlé,top_company_portfolio_matrix_off_brands,current primary brand is parent/company token; portfolio brand appears in OFF brands field,1,Nesquik Strawberry 300gr,"nestlé, nesquik"
beverages,DACH|BENELUX|FRANCE,coca cola,coca cola,,no_change,no more-specific Top 9 portfolio brand detected,1,,coca-cola
beverages,DACH|BENELUX|FRANCE|SOUTHERN_EUROPE,coca cola,coca cola light,Coca-Cola,top_company_portfolio_matrix_product_name,current primary brand is parent/company token; portfolio brand appears in product name,1,Coca-Cola Light,coca-cola
beverages,DACH|BENELUX|FRANCE|SOUTHERN_EUROPE|NORDICS,coca cola,coca cola,,no_change,no more-specific Top 9 portfolio brand detected,1,Coca-Cola Zero,coca-cola
beverages,DACH|BENELUX|US_CANADA|FRANCE|SOUTHERN_EUROPE|UK_IE,coca cola,coca cola,,no_change,no more-specific Top 9 portfolio brand detected,1,Coke Original Taste,coca-cola
beverages,DACH|FRANCE,coca cola,coca cola,,no_change,no more-specific Top 9 portfolio brand detected,1,Lemon Coca-Cola Zero Sugar,coca-cola
beverages,DACH|FRANCE,coca cola,cocacola,,top_company_portfolio_matrix_off_brands,current primary brand is parent/company token; another OFF brand token needs brand-level review,1,Cherry Coca-Cola,"coca-cola, cocacola"
beverages,DACH|FRANCE,fuzetea,fuze tea,Coca-Cola,top_company_portfolio_matrix_off_brands,known portfolio brand appears in OFF brands field,1,Zitrone Zitronengras,"fuzetea,coca-cola"
beverages,DACH|FRANCE,nestle,movenpick,Nestlé,top_company_portfolio_matrix_off_brands,current primary brand is parent/company token; portfolio brand appears in OFF brands field,1,"Kaffee, Der Himmlische","nestlé, mövenpick"
beverages,DACH|FRANCE,nestle,nestle,,no_change,no more-specific Top 9 portfolio brand detected,1,SPECIAL.T Thé Noir Earl Grey,nestlé
beverages,DACH|FRANCE,the coca cola company,innocent,The Coca-Cola Company,top_company_portfolio_matrix_off_brands,current primary brand is parent/company token; portfolio brand appears in OFF brands field,1,Super Smoothie Antioxidant,"the coca-cola company, innocent"
beverages,DACH|FRANCE|SOUTHERN_EUROPE|UK_IE,coca cola,coca cola,,no_change,no more-specific Top 9 portfolio brand detected,1,"coca cola 1,75",coca-cola
beverages,BENELUX|FRANCE|SOUTHERN_EUROPE,pepsi,pepsi,,no_change,no more-specific Top 9 portfolio brand detected,1,Pepsi Max,pepsi
beverages,BENELUX|FRANCE|SOUTHERN_EUROPE,starbucks,starbucks,,no_change,no more-specific Top 9 portfolio brand detected,1,Dark Espresso Roast Café en Grains,starbucks
snacks,FRANCE,nestle,kit kat chunky,,top_company_portfolio_matrix_off_brands,current primary brand is parent/company token; another OFF brand token needs brand-level review,1,KITKAT Chunky crunchy double choc (4x42g),"nestlé, kit kat chunky"
snacks,FRANCE,nestle,kit kat icon,,top_company_portfolio_matrix_off_brands,current primary brand is parent/company token; another OFF brand token needs brand-level review,1,KitKat F1,"nestlé, kit kat icon"
snacks,FRANCE,nestle,kit kat mini,,top_company_portfolio_matrix_off_brands,current primary brand is parent/company token; another OFF brand token needs brand-level review,1,KITKAT Mini offre gourmande,"nestlé, kit kat mini"
snacks,FRANCE,nestle,kit kat minis,,top_company_portfolio_matrix_off_brands,current primary brand is parent/company token; another OFF brand token needs brand-level review,1,"KITKAT Mini Barre au chocolat au Lait, 350g +10%, format promotionnel","nestlé, kit kat minis"
beverages,BENELUX|FRANCE|UK_IE,appletiser coca cola,appletiser coca cola,,no_change,no more-specific Top 9 portfolio brand detected,1,100% Sparkling Apple Juice,appletiser (coca-cola)
beverages,BENELUX|FRANCE|UK_IE,coca cola,coca cola,,no_change,no more-specific Top 9 portfolio brand detected,1,Coca-Cola Zero Sugar 25cl,coca-cola
beverages,BENELUX|FRANCE|UK_IE,nestle,nescafe,Nestlé,top_company_portfolio_matrix_off_brands,current primary brand is parent/company token; portfolio brand appears in OFF brands field,1,Cappucino Chocolate,"nestlé, nescafé"
beverages,BENELUX|FRANCE|UK_IE|NORDICS|SOUTHERN_EUROPE,the coca cola company,the coca cola company,,no_change,no more-specific Top 9 portfolio brand detected,1,"Coca-Cola Energy, No Sugar",the coca-cola company
beverages,BENELUX|NORDICS|UK_IE,coca cola,coca cola,,no_change,no more-specific Top 9 portfolio brand detected,1,Coca cola Dreamworld,coca-cola
beverages,BENELUX|FRANCE|DACH|SOUTHERN_EUROPE,coca cola,coca cola light,Coca-Cola,top_company_portfolio_matrix_off_brands,current primary brand is parent/company token; portfolio brand appears in OFF brands field,1,Coca-Cola zéro,"coca-cola,coca-cola-light,the coca-cola company"
beverages,BENELUX|FRANCE|DACH|SOUTHERN_EUROPE,fanta,fanta,,no_change,no more-specific Top 9 portfolio brand detected,1,Fanta - Straberry & Kiwi,"fanta, fanta - the coca cola company"
snacks,FRANCE,nestle,les recettes de latelier incoa,,top_company_portfolio_matrix_off_brands,current primary brand is parent/company token; another OFF brand token needs brand-level review,1,NESTLE L'ATELIER INCOA 70% 68g,"nestlé, les recettes de l'atelier incoa"
snacks,FRANCE,nestle,lion mini,,top_company_portfolio_matrix_off_brands,current primary brand is parent/company token; another OFF brand token needs brand-level review,1,LION MINI Barres chocolatées - sachet 385g,"nestlé, lion mini"
snacks,FRANCE,nestle,lion peanut,,top_company_portfolio_matrix_off_brands,current primary brand is parent/company token; another OFF brand token needs brand-level review,1,LION Peanut Barres - 5x41g,"nestlé, lion peanut"
snacks,FRANCE,nestle,lion white,,top_company_portfolio_matrix_off_brands,current primary brand is parent/company token; another OFF brand token needs brand-level review,1,"LION WHITE Mini 237,6g","nestlé, lion white"
snacks,FRANCE,nestle,mars,,top_company_portfolio_matrix_off_brands,current primary brand is parent/company token; another OFF brand token needs brand-level review,1,M&M's,"nestlé, mars"
snacks,FRANCE,nestle,milkybar,Nestlé,top_company_portfolio_matrix_product_name,current primary brand is parent/company token; portfolio brand appears in product name,1,Milkybar galleta,nestlé
snacks,FRANCE,nestle,milo,,top_company_portfolio_matrix_off_brands,current primary brand is parent/company token; another OFF brand token needs brand-level review,1,Dipped Snack Bar with White Choc,nestlé milo
snacks,FRANCE,nestle,herta,Nestlé,top_company_portfolio_matrix_off_brands,current primary brand is parent/company token; portfolio brand appears in OFF brands field,1,Gâteau au Chocolat à Ma Façon,"nestlé, herta"
snacks,FRANCE,nestle,jojo,,top_company_portfolio_matrix_off_brands,current primary brand is parent/company token; another OFF brand token needs brand-level review,1,VEXTA,"nestlé, jojo"
snacks,FRANCE,nestle,smarties mini,,top_company_portfolio_matrix_off_brands,current primary brand is parent/company token; another OFF brand token needs brand-level review,1,SMARTIES Mini bonbons chocolatés Sachet,"nestlé, smarties mini"
snacks,FRANCE,nestle,smarties minis,,top_company_portfolio_matrix_off_brands,current primary brand is parent/company token; another OFF brand token needs brand-level review,1,SMARTIES MINI sachet 375g,"nestlé, smarties minis"
snacks,FRANCE,nestle,smarties white chocolate,,top_company_portfolio_matrix_off_brands,current primary brand is parent/company token; another OFF brand token needs brand-level review,1,SMARTIES WHITE CHOCOLATE Hexatube 34g,"nestlé, smarties white chocolate"
snacks,FRANCE,nestle,milo,Nestlé,top_company_portfolio_matrix_off_brands,current primary brand is parent/company token; portfolio brand appears in OFF brands field,1,Nestle Cereal Bars Milo,"nestlé, milo"
snacks,FRANCE,nestle,naturnes bio,,top_company_portfolio_matrix_off_brands,current primary brand is parent/company token; another OFF brand token needs brand-level review,1,NESTLE NATURNES BIO Eco-poche Pomme - 1kg - Dès 4 mois,"nestlé, naturnes bio"
snacks,FRANCE,nestle,nesltle,,top_company_portfolio_matrix_off_brands,current primary brand is parent/company token; another OFF brand token needs brand-level review,1,P'TITE CEREALE Chocolat au lait saveur biscuit - Dès 12 mois,"nestlé, nesltle, p'tite cereale"
snacks,FRANCE,nestle,nesquik cereal,Nestlé,top_company_portfolio_matrix_product_name,current primary brand is parent/company token; portfolio brand appears in product name,1,"Nesquik Cereal Riegel, Schoko",nestlé
snacks,FRANCE,nestle,nesquik crunchy brownie,,top_company_portfolio_matrix_off_brands,current primary brand is parent/company token; another OFF brand token needs brand-level review,1,NESTLE NESQUIK Barres de Céréales Crunchy brownie 6x20g,"nestlé, nesquik crunchy brownie"
snacks,FRANCE,nestle,norge as,,top_company_portfolio_matrix_off_brands,current primary brand is parent/company token; another OFF brand token needs brand-level review,1,Barre céréales complètes,nestlé norge as
snacks,FRANCE,nestle,nuts mini,,top_company_portfolio_matrix_off_brands,current primary brand is parent/company token; another OFF brand token needs brand-level review,1,NUTS MINI barre chocolatée Sachet 332g,"nestlé, nuts mini"
snacks,FRANCE,nestle,optifast,,top_company_portfolio_matrix_off_brands,current primary brand is parent/company token; another OFF brand token needs brand-level review,1,Berry Crunch Flavour Bar,"nestlé,optifast"
beverages,BENELUX|FRANCE|SOUTHERN_EUROPE|DACH,nestle,nesquik,Nestlé,top_company_portfolio_matrix_off_brands,current primary brand is parent/company token; portfolio brand appears in OFF brands field,1,NESQUIK Moins de Sucres,"nestlé,nesquik"
beverages,BENELUX|FRANCE|SOUTHERN_EUROPE|DACH,nestle,ricore,,top_company_portfolio_matrix_off_brands,current primary brand is parent/company token; another OFF brand token needs brand-level review,1,"Chicorée & Café, RICORÉ® L'Original, Boîte de 100g","nestlé, ricore"
beverages,BENELUX|FRANCE|SOUTHERN_EUROPE|DACH,nestle,san pellegrino,Nestlé,top_company_portfolio_matrix_off_brands,current primary brand is parent/company token; portfolio brand appears in OFF brands field,1,S. Pellegrino Water,"nestlé,nestlé waters,san pellegrino"
beverages,BENELUX|FRANCE|SOUTHERN_EUROPE|NORDICS,coca cola,coca cola,,no_change,no more-specific Top 9 portfolio brand detected,1,CocaCola Energy,coca-cola
beverages,BENELUX|FRANCE|SOUTHERN_EUROPE|UK_IE,fanta,fanta,,no_change,no more-specific Top 9 portfolio brand detected,1,Fanta Limón,"fanta,the coca-cola company,coca-cola"
beverages,BENELUX|FRANCE|DACH|SOUTHERN_EUROPE|UK_IE,coca cola,coca cola,,no_change,no more-specific Top 9 portfolio brand detected,1,Coca-Cola goût original,coca-cola
beverages,BENELUX|FRANCE|DACH|SOUTHERN_EUROPE|UK_IE|US_CANADA,coca cola,coca cola,,no_change,no more-specific Top 9 portfolio brand detected,1,Coke Zero,coca-cola
beverages,BENELUX|FRANCE|DACH|UK_IE,coca cola,coca cola,,no_change,no more-specific Top 9 portfolio brand detected,1,Cocacola mini original taste,coca-cola company
beverages,BENELUX|FRANCE|DACH|UK_IE,danone,volvic,Danone,top_company_portfolio_matrix_off_brands,current primary brand is parent/company token; portfolio brand appears in OFF brands field,1,Eau Volvic,"danone, volvic"
beverages,BENELUX|FRANCE|DACH|UK_IE,pepsi,pepsi,,no_change,no more-specific Top 9 portfolio brand detected,1,Pepsi Max,"pepsi zero, pepsico, pepsi, pepsi max"
beverages,BENELUX|FRANCE|DACH|UK_IE,sprite,sprite,,no_change,no more-specific Top 9 portfolio brand detected,1,Sprite 330 ml,"sprite, the coca-cola company"
beverages,BENELUX|FRANCE|NORDICS,coca cola,coca cola,,no_change,no more-specific Top 9 portfolio brand detected,1,Orange Icon,coca cola
beverages,BENELUX|FRANCE|SOUTHERN_EUROPE,coca cola,coca cola,,no_change,no more-specific Top 9 portfolio brand detected,1,Coca-Cola Zero,coca-cola
beverages,BENELUX|FRANCE|DACH,coca cola,sprite,Coca-Cola,top_company_portfolio_matrix_off_brands,current primary brand is parent/company token; portfolio brand appears in OFF brands field,1,"Sprite 0,2","coca-cola, sprite"
beverages,BENELUX|FRANCE|DACH,coke zero,coke zero,,no_change,no more-specific Top 9 portfolio brand detected,1,"coca cola zero 1,25L","coke zéro®, coca-cola"
beverages,BENELUX|FRANCE|DACH,lipton,lipton,,no_change,no more-specific Top 9 portfolio brand detected,1,Lipton Thé Vert Menthe Intense 20 Sachets,"lipton, unilever"
snacks,FRANCE,nestle,ptit biscuit,,top_company_portfolio_matrix_off_brands,current primary brand is parent/company token; another OFF brand token needs brand-level review,1,NESTLE P'tit Biscuit- Etui 180g - Dès 12 mois,"nestlé, p'tit biscuit"
snacks,FRANCE,nestle,ptit laitage,,top_company_portfolio_matrix_off_brands,current primary brand is parent/company token; another OFF brand token needs brand-level review,1,NESTLE P'TIT LAITAGE Vanille 4 x 100g,"nestlé, p'tit laitage"
snacks,FRANCE,nestle,ptite boisson,,top_company_portfolio_matrix_off_brands,current primary brand is parent/company token; another OFF brand token needs brand-level review,1,NESTLE P'TITE BOISSON - Cocktail de Fruits - 500ml - Dès 8 mois,"nestlé, p'tite boisson"
snacks,FRANCE,nestle,rolo,Nestlé,top_company_portfolio_matrix_product_name,current primary brand is parent/company token; portfolio brand appears in product name,1,Rolo,nestlé
snacks,FRANCE,nestle,sahne nuss,Nestlé,top_company_portfolio_matrix_product_name,current primary brand is parent/company token; portfolio brand appears in product name,1,SAHNE-NUSS Chocolate de Leche con Almendras Enteras,nestlé
snacks,FRANCE|DACH,cadbury,cadbury,,no_change,no more-specific Top 9 portfolio brand detected,1,Curly Wurly,"cadbury, mondelez"
snacks,FRANCE,nestle,starburst,,top_company_portfolio_matrix_off_brands,current primary brand is parent/company token; another OFF brand token needs brand-level review,1,Roundtrees Fruit Pastilles,"nestlé, starburst"
snacks,FRANCE,nestle,sundy,,top_company_portfolio_matrix_off_brands,current primary brand is parent/company token; another OFF brand token needs brand-level review,1,SUNDY barre céréales et chocolat 36g,"nestlé, sundy"
snacks,FRANCE,nestle,uncle tobys,,top_company_portfolio_matrix_off_brands,current primary brand is parent/company token; another OFF brand token needs brand-level review,1,Chewy choc chip,"nestlé, uncle tobys"
snacks,FRANCE,nestle,usa,,top_company_portfolio_matrix_off_brands,current primary brand is parent/company token; another OFF brand token needs brand-level review,1,Rainbow Nerds,"nestlé, nestlé usa"
snacks,FRANCE,nestlefitness,nestlefitness,,no_change,no more-specific Top 9 portfolio brand detected,1,Fitness Breakfast Cereal Bar - Chocolate,nestléfitness
snacks,FRANCE,nestlenestle dessert,nestlenestle dessert,,no_change,no more-specific Top 9 portfolio brand detected,1,NESTLE DESSERT chocolat noir,nestlénestlé dessert
snacks,FRANCE,orion,orion,,no_change,no more-specific Top 9 portfolio brand detected,1,Kofila,"orion, zora, nestlé česko"
snacks,FRANCE,pepsico,cheetos,PepsiCo,top_company_portfolio_matrix_product_name,current primary brand is parent/company token; portfolio brand appears in product name,1,Cheetos Original Gout Fromager,pepsico
snacks,FRANCE,pepsico,france,,top_company_portfolio_matrix_off_brands,current primary brand is parent/company token; another OFF brand token needs brand-level review,1,Doritos,pepsico france
snacks,FRANCE,pepsico,matutano,,top_company_portfolio_matrix_off_brands,current primary brand is parent/company token; another OFF brand token needs brand-level review,1,Pistachos al horno,"pepsico,matutano"
snacks,FRANCE,starbucks,by nescafe dolce gusto,,top_company_portfolio_matrix_off_brands,current primary brand is parent/company token; another OFF brand token needs brand-level review,1,STARBUCKS by NESCAFE DOLCE GUSTO chocolate Toffe Nut Latte 200g,"starbucks, by nescafe dolce gusto"
snacks,FRANCE,nestle,powerbar,,top_company_portfolio_matrix_off_brands,current primary brand is parent/company token; another OFF brand token needs brand-level review,1,PowerBar Ride Energy + Magnesium,"nestle, powerbar"
snacks,FRANCE,nestle,ptit,,top_company_portfolio_matrix_off_brands,current primary brand is parent/company token; another OFF brand token needs brand-level review,1,Biscuits,"nestlé, nestlé p'tit, p'tit biscuit"
beverages,BENELUX|FRANCE|DACH|SOUTHERN_EUROPE,nestle,nestle,,no_change,no more-specific Top 9 portfolio brand detected,1,Nesquick,nestlé
beverages,BENELUX|FRANCE|DACH|SOUTHERN_EUROPE|NORDICS,coca cola,coca cola,,no_change,no more-specific Top 9 portfolio brand detected,1,Coca-Cola Zero,coca-cola
snacks,FRANCE|DACH,mirabell mondelez,mirabell mondelez,,no_change,no more-specific Top 9 portfolio brand detected,1,Mirabell Violine Mozartkugeln,mirabell (mondelez)
snacks,FRANCE|DACH,mondelez,mondelez,,no_change,no more-specific Top 9 portfolio brand detected,1,MJÖLKCHOKLAD RULLE P9,mondelez
snacks,FRANCE,the hershey company,the hershey company,,no_change,no more-specific Top 9 portfolio brand detected,1,Reese's Peanut Butter Pumpkins,the hershey company
snacks,FRANCE,tuc,tuc,,no_change,no more-specific Top 9 portfolio brand detected,1,Tuc original,"tuc,mondelez"
snacks,FRANCE,unilever,alsa,,top_company_portfolio_matrix_off_brands,current primary brand is parent/company token; another OFF brand token needs brand-level review,1,Fondant au Chocolat,"unilever, alsa"
snacks,FRANCE,unilever,unilever,,no_change,no more-specific Top 9 portfolio brand detected,1,Barre chocolaté,unilever
snacks,FRANCE|BENELUX,milka,milka,,no_change,no more-specific Top 9 portfolio brand detected,1,,"milka,mondelez"
snacks,FRANCE|BENELUX,mondelez,mondelez,,no_change,no more-specific Top 9 portfolio brand detected,1,Liga Haverkick Appel,mondelez
snacks,FRANCE|BENELUX,nestle,damak,Nestlé,top_company_portfolio_matrix_off_brands,current primary brand is parent/company token; portfolio brand appears in OFF brands field,1,,"nestlé,damak"
snacks,FRANCE|BENELUX,nestle,kitkat,Nestlé,top_company_portfolio_matrix_off_brands,current primary brand is parent/company token; portfolio brand appears in OFF brands field,1,"KITKAT aux fèves de cacao Ruby, 41,5g, unitaire","nestlé, kit kat"
snacks,FRANCE|BENELUX,nestle,nestle,,no_change,no more-specific Top 9 portfolio brand detected,1,,nestlé
snacks,FRANCE|BENELUX|SOUTHERN_EUROPE,lion,lion,,no_change,no more-specific Top 9 portfolio brand detected,1,LION Barres chocolatées - 3x42g,"lion, nestlé"
snacks,FRANCE|BENELUX|US_CANADA,de ruijter,heinz,Kraft Heinz,top_company_portfolio_matrix_off_brands,known portfolio brand appears in OFF brands field,1,Chocoladevlokken melk,"de ruijter, heinz, koninklijke de ruijter b.v."
snacks,FRANCE|DACH,belin,belin,,no_change,no more-specific Top 9 portfolio brand detected,1,Box Best of,"belin, mondelez france, mondelez international"
snacks,FRANCE|DACH,belinkraft foodsmondelez international,belinkraft foodsmondelez international,,no_change,no more-specific Top 9 portfolio brand detected,1,Feuilleté Emmental,belinkraft foodsmondelèz international
snacks,FRANCE|DACH,belvita,belvita,,no_change,no more-specific Top 9 portfolio brand detected,1,Belvita original - Biscuits petit déjeuner miel & pépites de chocolat,"belvita, lu, mondelez"
beverages,BENELUX|FRANCE|DACH,nestle,nesquik,Nestlé,top_company_portfolio_matrix_off_brands,current primary brand is parent/company token; portfolio brand appears in OFF brands field,1,Nesquik,"nestlé, nesquik"
beverages,BENELUX|FRANCE|DACH,nestle,norge as,,top_company_portfolio_matrix_off_brands,current primary brand is parent/company token; another OFF brand token needs brand-level review,1,"Dolce Gusto café pur arabica, grande aroma",nestlé norge as
beverages,BENELUX|FRANCE|DACH,nestle,perrier,Nestlé,top_company_portfolio_matrix_off_brands,current primary brand is parent/company token; portfolio brand appears in OFF brands field,1,Perrier,"nestlé, nestlé waters, perrier"
beverages,BENELUX|FRANCE|DACH,nestle,san pellegrino,Nestlé,top_company_portfolio_matrix_off_brands,current primary brand is parent/company token; portfolio brand appears in OFF brands field,1,Eau minérale naturelle gazeuse 50cl PET,"nestlé, nestlé waters, san pellegrino"
beverages,BENELUX|FRANCE|DACH,nestlenesquik,nestlenesquik,,no_change,no more-specific Top 9 portfolio brand detected,1,NESQUIK Poudre Cacaotée boîte 250g,nestlénesquik
beverages,BENELUX|FRANCE|DACH,pepsico,tropicana,,top_company_portfolio_matrix_off_brands,current primary brand is parent/company token; another OFF brand token needs brand-level review,1,Jus d'Orange avec Pulpe 100% pressée Pur Jus,"pepsico, tropicana"
beverages,BENELUX|FRANCE|DACH,special t,special t,,no_change,no more-specific Top 9 portfolio brand detected,1,Thé vert menthe Marrakech,"special t., special‘t by nestlé"
beverages,BENELUX|FRANCE|DACH,starbucks,by nespresso,,top_company_portfolio_matrix_off_brands,current primary brand is parent/company token; another OFF brand token needs brand-level review,1,STARBUCKS by NESPRESSO Guatemala 10 capsules,"starbucks,by nespresso"
beverages,BENELUX|FRANCE,nestle,perrier,Nestlé,top_company_portfolio_matrix_off_brands,current primary brand is parent/company token; portfolio brand appears in OFF brands field,1,Eau minérale naturelle gazeuse,"nestlé, perrier"
beverages,BENELUX|FRANCE,nestle,ricore,,top_company_portfolio_matrix_off_brands,current primary brand is parent/company token; another OFF brand token needs brand-level review,1,"Ricoré (Café, Chicorée, Magnésium)","nestlé,ricoré"
beverages,BENELUX|FRANCE,nestle,vittel,Nestlé,top_company_portfolio_matrix_off_brands,current primary brand is parent/company token; portfolio brand appears in OFF brands field,1,"Vittel 1,5 L","nestlé, nestlé waters, vittel"
snacks,FRANCE|DACH,granola,granola,,no_change,no more-specific Top 9 portfolio brand detected,1,Granola L'original Gros éclats de chocolat,"granola,lu,mondelez"
snacks,FRANCE|DACH,hollywood,hollywood,,no_change,no more-specific Top 9 portfolio brand detected,1,Green Fresh,"hollywood, mondelez france"
snacks,FRANCE|DACH,kit kat,kitkat,Nestlé,top_company_portfolio_matrix_off_brands,known portfolio brand appears in OFF brands field,1,Tablette double chocolat,"kit kat,nestlé,nestlé kitkat"
snacks,FRANCE|DACH,krema,krema,,no_change,no more-specific Top 9 portfolio brand detected,1,Régal'ad - Le bombon tendre,"krema, mondelez"
snacks,FRANCE|DACH,marabou,marabou,,no_change,no more-specific Top 9 portfolio brand detected,1,Mjölk Choklad,"marabou, mondelez international"
snacks,FRANCE|DACH|BENELUX|SOUTHERN_EUROPE,nestle,lion,Nestlé,top_company_portfolio_matrix_off_brands,current primary brand is parent/company token; portfolio brand appears in OFF brands field,1,LION Brownie (5x30g),"nestlé,lion"
snacks,FRANCE|DACH|SOUTHERN_EUROPE,colussi s p a nespresso nestle,colussi s p a nespresso nestle,,no_change,no more-specific Top 9 portfolio brand detected,1,Amaretti,"colussi s.p.a. - nespresso - nestlé, nespresso amaretti"
snacks,FRANCE|DACH|SOUTHERN_EUROPE,kitkat,kitkat,,no_change,no more-specific Top 9 portfolio brand detected,1,,"kitkat,nestlé"
snacks,FRANCE|DACH,mondelez,stimorol,,top_company_portfolio_matrix_off_brands,current primary brand is parent/company token; another OFF brand token needs brand-level review,1,Stimorol Watermelon sunrise Flavour,"mondelez, stimorol"
snacks,FRANCE|DACH,nestle,after eight,,top_company_portfolio_matrix_off_brands,current primary brand is parent/company token; another OFF brand token needs brand-level review,1,After Eight Mint & Orange,"nestlé, after eight"
snacks,FRANCE|DACH,nestle,cini minis,Nestlé,top_company_portfolio_matrix_product_name,current primary brand is parent/company token; portfolio brand appears in product name,1,Cini Minis Riegel,nestlé
snacks,FRANCE|DACH,nestle,dessert,,top_company_portfolio_matrix_off_brands,current primary brand is parent/company token; another OFF brand token needs brand-level review,1,NESTLÉ DESSERT Corsé 200g,"nestlé,nestlé dessert"
snacks,FRANCE|DACH,nestle,froneri,,top_company_portfolio_matrix_off_brands,current primary brand is parent/company token; another OFF brand token needs brand-level review,1,Maxibon Classic,"nestlé, froneri"
snacks,FRANCE|DACH,nestle,kit kat singles,,top_company_portfolio_matrix_off_brands,current primary brand is parent/company token; another OFF brand token needs brand-level review,1,"KITKAT Singles Barre au chocolat au Lait, 10 x 15,2g","nestlé, kit kat singles"
snacks,FRANCE|DACH,nestle,kochenmeister,,top_company_portfolio_matrix_off_brands,current primary brand is parent/company token; another OFF brand token needs brand-level review,1,Yes Cacao,"nestlé, kochenmeister, yes"
snacks,FRANCE|DACH,nestle,les recettes de latelier,,top_company_portfolio_matrix_off_brands,current primary brand is parent/company token; another OFF brand token needs brand-level review,1,NESTLE LES RECETTES DE L'ATELIER - Carrés dégustation Chocolat noir éclats cacao - 192g,"nestlé, les recettes de l'atelier"
snacks,FRANCE|DACH,nestle,lion minis,,top_company_portfolio_matrix_off_brands,current primary brand is parent/company token; another OFF brand token needs brand-level review,1,LION MINI 234g,"nestlé, lion minis"
snacks,FRANCE|DACH,cailler,jell o,Kraft Heinz,top_company_portfolio_matrix_off_brands,known portfolio brand appears in OFF brands field,1,Chocomel,"cailler,jello,nestlé"
snacks,FRANCE|DACH,colussi s p a nespresso nestle,nespresso,Nestlé,top_company_portfolio_matrix_off_brands,known portfolio brand appears in OFF brands field,1,Biscuit aux amandes,"colussi s.p.a. - nespresso - nestlé, nespresso"
snacks,FRANCE|DACH,cote dor,cote dor,,no_change,no more-specific Top 9 portfolio brand detected,1,Mini roc praliné,"côte d'or,mondelez"
beverages,BENELUX|FRANCE|DACH,nesquik,nesquik,,no_change,no more-specific Top 9 portfolio brand detected,1,Nesquik,"nesquik,nestlé"
snacks,FRANCE|DACH|SOUTHERN_EUROPE,nestle,nesquik,Nestlé,top_company_portfolio_matrix_product_name,current primary brand is parent/company token; portfolio brand appears in product name,1,Nestlé Nesquik Snack Cacao kakao,nestlé
snacks,FRANCE|DACH|SOUTHERN_EUROPE,royal,royal,,no_change,no more-specific Top 9 portfolio brand detected,1,Caramelo Liquido,"royal, mondelez"
snacks,FRANCE|DACH|SOUTHERN_EUROPE|BENELUX|NORDICS,nestle,after eight,,top_company_portfolio_matrix_off_brands,current primary brand is parent/company token; another OFF brand token needs brand-level review,1,After Eight Dark Chocolate Thins,"nestlé, after eight"
snacks,FRANCE|DACH|UK_IE,nestle,after eight,,top_company_portfolio_matrix_off_brands,current primary brand is parent/company token; another OFF brand token needs brand-level review,1,After Eight,"nestlé, after eight"
snacks,FRANCE|DACH|UK_IE,nestle,nestle,,no_change,no more-specific Top 9 portfolio brand detected,1,Nerds,nestlé
snacks,FRANCE|DACH|UK_IE,toblerone,toblerone,,no_change,no more-specific Top 9 portfolio brand detected,1,Toblerone Cheesecakes,"toblerone, mondelez"
snacks,FRANCE|DACH|UK_IE|US_CANADA,nestle,nerds,,top_company_portfolio_matrix_off_brands,current primary brand is parent/company token; another OFF brand token needs brand-level review,1,Nerds Candy - Rainbow,"nestlé, nerds"
snacks,FRANCE|DACH|US_CANADA,hersheys,reeses,Hershey,top_company_portfolio_matrix_off_brands,known portfolio brand appears in OFF brands field,1,Peanut Butter Cups,"hershey's, reese's"
snacks,FRANCE|DACH|US_CANADA,mondelez,toblerone,Mondelez,top_company_portfolio_matrix_off_brands,current primary brand is parent/company token; portfolio brand appears in OFF brands field,1,Toblerone,"mondelez, toblerone"
snacks,FRANCE|DACH,nestle,motta,,top_company_portfolio_matrix_off_brands,current primary brand is parent/company token; another OFF brand token needs brand-level review,1,Panettone,"nestlé, motta"
snacks,FRANCE|DACH,nestle,nespresso,Nestlé,top_company_portfolio_matrix_off_brands,current primary brand is parent/company token; portfolio brand appears in OFF brands field,1,Chocolat noir (70% de cacao),"nestlé,nespresso"
snacks,FRANCE|DACH,nestle,nesquik,Nestlé,top_company_portfolio_matrix_off_brands,current primary brand is parent/company token; portfolio brand appears in OFF brands field,1,NESTLE NESQUIK Getreideriegel 4+2er Multipack (,"nestlé, nesquik, nestle nesquik"
snacks,FRANCE|DACH,nestle,quality street,Nestlé,top_company_portfolio_matrix_off_brands,current primary brand is parent/company token; portfolio brand appears in OFF brands field,1,Quality Street Chokolade & Toffees,"nestlé, quality street"
snacks,FRANCE|DACH,nestle,yes,,top_company_portfolio_matrix_off_brands,current primary brand is parent/company token; another OFF brand token needs brand-level review,1,Yes Caramel,"nestlé, yes"
snacks,FRANCE|DACH,starbucks,starbucks,,no_change,no more-specific Top 9 portfolio brand detected,1,Peanut & Cashew Bar,starbucks
snacks,FRANCE|DACH,toblerone,toblerone,,no_change,no more-specific Top 9 portfolio brand detected,1,"Tiny Toblerone Milk, White & Dark","toblerone, mondelez international"
snacks,FRANCE|DACH|SOUTHERN_EUROPE,mondelez,oreo,Mondelez,top_company_portfolio_matrix_off_brands,current primary brand is parent/company token; portfolio brand appears in OFF brands field,1,,"mondelez, oreo"
snacks,FRANCE|DACH|SOUTHERN_EUROPE,nestle,kitkat,Nestlé,top_company_portfolio_matrix_off_brands,current primary brand is parent/company token; portfolio brand appears in OFF brands field,1,KitKat,"nestlé, kit kat, kitkat"
snacks,FRANCE|DACH|SOUTHERN_EUROPE,nestle,kitkat nestle,,top_company_portfolio_matrix_off_brands,current primary brand is parent/company token; another OFF brand token needs brand-level review,1,Chunky Peanut Butter,"nestlé, kitkat - nestle"
beverages,BENELUX|FRANCE,pepsico,tropicana,,top_company_portfolio_matrix_off_brands,current primary brand is parent/company token; another OFF brand token needs brand-level review,1,Pure Premium Sanguinello,"pepsico, tropicana"
beverages,BENELUX|FRANCE,san pellegrino,san pellegrino,,no_change,no more-specific Top 9 portfolio brand detected,1,San Pellegrino,"san pellegrino, nestlé"
beverages,BENELUX|FRANCE,signature,signature,,no_change,no more-specific Top 9 portfolio brand detected,1,STARBUCKS Signature chocolat 70% 300g,"signature chocolate, starbucks"
beverages,BENELUX|FRANCE,starbucks,coffee company,,top_company_portfolio_matrix_off_brands,current primary brand is parent/company token; another OFF brand token needs brand-level review,1,Capsules café arabica espresso kenya,"starbucks, starbucks coffee company"
beverages,BENELUX|FRANCE,starbucks,nescafe dolce gusto,Nestlé,top_company_portfolio_matrix_product_name,current primary brand is parent/company token; portfolio brand appears in product name,1,"STARBUCKS by NESCAFE DOLCE GUSTO Caramel Macchiato 127,8g",starbucks
beverages,BENELUX|FRANCE,starbucks,starbucks,,no_change,no more-specific Top 9 portfolio brand detected,1,Signature chocolate,starbucks
beverages,BENELUX|FRANCE,the coca cola company coca cola,the coca cola company coca cola,,no_change,no more-specific Top 9 portfolio brand detected,1,Coca-Cola Zero Caféine,the coca-cola company coca-cola
beverages,BENELUX|FRANCE,vittel,vittel,,no_change,no more-specific Top 9 portfolio brand detected,1,VITTEL & FRUITS BIO infusés Fraise 50cl,"vittel,nestlé waters"
beverages,BENELUX|FRANCE|DACH,coca cola,coca cola light,Coca-Cola,top_company_portfolio_matrix_off_brands,current primary brand is parent/company token; portfolio brand appears in OFF brands field,1,Coca Cola Light,"coca-cola, coca-cola-light"
beverages,BENELUX|FRANCE|DACH,coca cola,fanta,Coca-Cola,top_company_portfolio_matrix_off_brands,current primary brand is parent/company token; portfolio brand appears in OFF brands field,1,Fanta lemon,"coca cola,fanta"
beverages,BENELUX|FRANCE,dark espresso roast,nescafe,Nestlé,top_company_portfolio_matrix_off_brands,known portfolio brand appears in OFF brands field,1,STARBUCKS By NESPRESSO Espresso Roast 12 Capsules 66g,"dark espresso roast, nescafé, starbucks"
beverages,BENELUX|FRANCE,evian,evian,,no_change,no more-specific Top 9 portfolio brand detected,1,EVIAN Eau Minérale,"evian, danone"
beverages,BENELUX|FRANCE,hepar,hepar,,no_change,no more-specific Top 9 portfolio brand detected,1,HEPAR,"hepar,nestlé"
beverages,BENELUX|FRANCE,knorr,knorr,,no_change,no more-specific Top 9 portfolio brand detected,1,Julienne légumes avec boulettes,"knorr, unilever"
beverages,BENELUX|FRANCE,medium house blend,nescafe,Nestlé,top_company_portfolio_matrix_off_brands,known portfolio brand appears in OFF brands field,1,STARBUCKS by NESCAFE Dolce Gusto House Blend 12 capsules,"medium house blend, nescafé, starbucks, by nescafe dolce gusto"
beverages,BENELUX|FRANCE,nescafe,nescafe,,no_change,no more-specific Top 9 portfolio brand detected,1,STARBUCKS by NESCAFE DOLCE GUSTO Latte Macchiato 129g,"nescafé, starbucks, white latte macchiato"
beverages,BENELUX|FRANCE,nestle,hepar,Nestlé,top_company_portfolio_matrix_off_brands,current primary brand is parent/company token; portfolio brand appears in OFF brands field,1,hepar,"nestlé,hépar,nestlé waters"
beverages,BENELUX|FRANCE,nestle,le chocolat,,top_company_portfolio_matrix_off_brands,current primary brand is parent/company token; another OFF brand token needs brand-level review,1,Le Choco,"nestlé, le chocolat"
beverages,BENELUX|FRANCE,nestle,nescafe dolce gusto,Nestlé,top_company_portfolio_matrix_off_brands,current primary brand is parent/company token; portfolio brand appears in OFF brands field,1,Capsules NESCAFE DOLCE GUSTO Lungo Intenso 16 Capsules,"nestlé, nescafé, nescafé dolce gusto, dolce gusto"
beverages,BENELUX|FRANCE,nestle,norge as,,top_company_portfolio_matrix_off_brands,current primary brand is parent/company token; another OFF brand token needs brand-level review,1,STARBUCKS By Nespresso Caffè Verona 10 capsules,"nestlé norge as, starbucks, by nespresso"
,US_CANADA,nestle,nestum,Nestlé,top_company_portfolio_matrix_off_brands,current primary brand is parent/company token; portfolio brand appears in OFF brands field,1,Nestum Multicereal con Quinoa,"nestlé,nestum"
snacks,FRANCE|NORDICS,mondelez,mondelez,,no_change,no more-specific Top 9 portfolio brand detected,1,Daim Chokolade 28g,mondelez
snacks,FRANCE|NORDICS,mondelez,oreo,Mondelez,top_company_portfolio_matrix_off_brands,current primary brand is parent/company token; portfolio brand appears in OFF brands field,1,Original Oreo - Open and share,"mondelez, oreo"
snacks,FRANCE|NORDICS,nestle,lion,Nestlé,top_company_portfolio_matrix_off_brands,current primary brand is parent/company token; portfolio brand appears in OFF brands field,1,Lion 2 go,"nestlé, lion"
snacks,FRANCE|NORDICS|UK_IE,mondelez,norge as,,top_company_portfolio_matrix_off_brands,current primary brand is parent/company token; another OFF brand token needs brand-level review,1,Oreo Choc'a Brownie Flavor,mondelez norge as
snacks,FRANCE|NORDICS|US_CANADA,mondelez,norge,,top_company_portfolio_matrix_off_brands,current primary brand is parent/company token; another OFF brand token needs brand-level review,1,Melkerull 74g Freia,mondelez norge
snacks,FRANCE|SOUTHERN_EUROPE,belvita,belvita,,no_change,no more-specific Top 9 portfolio brand detected,1,Belvita leche y cereales,"belvita,fontaneda,mondelez"
snacks,FRANCE|SOUTHERN_EUROPE,cheetos,cheetos,,no_change,no more-specific Top 9 portfolio brand detected,1,Mega Mix 4,"cheetos,pepsico"
snacks,FRANCE|SOUTHERN_EUROPE,chips ahoy,chips ahoy,,no_change,no more-specific Top 9 portfolio brand detected,1,Mini,"chips ahoy!,mondelez"
snacks,FRANCE|SOUTHERN_EUROPE,nestle,les recettes de latelier bouchees,,top_company_portfolio_matrix_off_brands,current primary brand is parent/company token; another OFF brand token needs brand-level review,1,LES RECETTES DE L'ATELIER Les Bouchées Lait et Noir 186g,"nestlé, les recettes de l'atelier bouchees"
snacks,FRANCE|SOUTHERN_EUROPE,nestle,lindahls pro,,top_company_portfolio_matrix_off_brands,current primary brand is parent/company token; another OFF brand token needs brand-level review,1,Lindahls pro +,nestlé lindahls pro
snacks,FRANCE|SOUTHERN_EUROPE,nestle,lion mini,,top_company_portfolio_matrix_off_brands,current primary brand is parent/company token; another OFF brand token needs brand-level review,1,LION MINI Barres chocolatées - sachet 350g,"nestlé, lion mini"
snacks,FRANCE|SOUTHERN_EUROPE,nestle,milkybar,Nestlé,top_company_portfolio_matrix_product_name,current primary brand is parent/company token; portfolio brand appears in product name,1,Milkybar,nestlé
snacks,FRANCE|SOUTHERN_EUROPE,doritos,doritos,,no_change,no more-specific Top 9 portfolio brand detected,1,Snack Aper Matutano Doritos Tex-Mex 120g,"doritos, pepsico"
snacks,FRANCE|SOUTHERN_EUROPE,fitness,fitness,,no_change,no more-specific Top 9 portfolio brand detected,1,Nestle Fitness Cereal Bars Red Berries X6,"fitness, nestlé"
snacks,FRANCE|SOUTHERN_EUROPE,kit kat,kitkat,Nestlé,top_company_portfolio_matrix_off_brands,known portfolio brand appears in OFF brands field,1,KITKAT mini figurines 65g,"kit kat, nestlé, kitkat"
snacks,FRANCE|SOUTHERN_EUROPE,maxibon,maxibon,,no_change,no more-specific Top 9 portfolio brand detected,1,Maxibon cookie,"maxibon,nestlé"
snacks,FRANCE|SOUTHERN_EUROPE,mondelez,halls,Mondelez,top_company_portfolio_matrix_product_name,current primary brand is parent/company token; portfolio brand appears in product name,1,halls,mondelez
snacks,FRANCE|SOUTHERN_EUROPE,mondelez,oreo,Mondelez,top_company_portfolio_matrix_off_brands,current primary brand is parent/company token; portfolio brand appears in OFF brands field,1,OREO Crispy & Thin Chocolat crème,"mondeléz, oreo"
snacks,FRANCE|SOUTHERN_EUROPE,mondelez,ritz,Mondelez,top_company_portfolio_matrix_product_name,current primary brand is parent/company token; portfolio brand appears in product name,1,Ritz crackers,mondelez
snacks,FRANCE|SOUTHERN_EUROPE,mondelez,toblerone,Mondelez,top_company_portfolio_matrix_off_brands,current primary brand is parent/company token; portfolio brand appears in OFF brands field,1,Toblerone fruit & nut,"mondelez,toblerone"
snacks,FRANCE|SOUTHERN_EUROPE,mondelez,triunfo,,top_company_portfolio_matrix_off_brands,current primary brand is parent/company token; another OFF brand token needs brand-level review,1,Biscuits Waffer Chocolat Triunfo 146GR,"mondelez, triunfo"
snacks,FRANCE|NORDICS,belvita,belvita,,no_change,no more-specific Top 9 portfolio brand detected,1,Crunchy Breakfast - Choc Chips,"belvita, mondelez, mondelez international, mondelēz"
snacks,FRANCE|NORDICS,daim,daim,,no_change,no more-specific Top 9 portfolio brand detected,1,Daim Caramel Latte,"daim, mondelez"
snacks,FRANCE|NORDICS,frigoscandia distribution,marabou,Mondelēz International,top_company_portfolio_matrix_off_brands,known portfolio brand appears in OFF brands field,1,Marabou Jordgubb Limited Edition,"frigoscandia distribution, marabou, mondelez"
snacks,FRANCE|SOUTHERN_EUROPE,nestle,cereal partners,,top_company_portfolio_matrix_off_brands,current primary brand is parent/company token; another OFF brand token needs brand-level review,1,NESTLE GOLDEN GRAHAMS Barres de Céréales 6x25g,"nestlé, cereal partners, golden grahams"
snacks,FRANCE|SOUTHERN_EUROPE,nestle,chocapic,Nestlé,top_company_portfolio_matrix_off_brands,current primary brand is parent/company token; portfolio brand appears in OFF brands field,1,Chocapic 🍫 strong In Chocolaté 🍫,"nestlé, chocapic"
,US_CANADA,nestle,toll house m and ms minis,,top_company_portfolio_matrix_off_brands,current primary brand is parent/company token; another OFF brand token needs brand-level review,1,chocolate chip cookie dough,nestlé toll house m&m's minis
,US_CANADA,nestle,us,,top_company_portfolio_matrix_off_brands,current primary brand is parent/company token; another OFF brand token needs brand-level review,1,"Buitoni, fresh fettuccine pasta",nestle us
,US_CANADA,stouffers,stouffers,,no_change,no more-specific Top 9 portfolio brand detected,1,French bread pizzas,"stouffer's, nestlé"
,US_CANADA|FRANCE,kraft,kraft,,no_change,no more-specific Top 9 portfolio brand detected,1,Panure Assaisonnée Shake 'n Bake (poulet Croustillant),kraft shake 'n bake
beverages,BENELUX|FRANCE,coca cola,fuze tea,Coca-Cola,top_company_portfolio_matrix_off_brands,current primary brand is parent/company token; portfolio brand appears in OFF brands field,1,FuzeTea thé vert mangue & camomille,"coca cola, fuzetea"
beverages,BENELUX|FRANCE,coca cola,minute maid,Coca-Cola,top_company_portfolio_matrix_off_brands,current primary brand is parent/company token; portfolio brand appears in OFF brands field,1,Minute Maid multivitamines,"coca-cola, minute maid"
beverages,BENELUX|FRANCE,coca cola,sprite,Coca-Cola,top_company_portfolio_matrix_off_brands,current primary brand is parent/company token; portfolio brand appears in OFF brands field,1,,"coca-cola company, sprite"
beverages,BENELUX|FRANCE,coca cola zero,coca cola zero,,no_change,no more-specific Top 9 portfolio brand detected,1,Coca-cola zéro,coca-cola zero
,FRANCE|SOUTHERN_EUROPE|DACH,nestle,nesquik,Nestlé,top_company_portfolio_matrix_off_brands,current primary brand is parent/company token; portfolio brand appears in OFF brands field,1,NESTLE NESQUIK Céréales 450g,"nestlé, nesquik"
,FRANCE|SOUTHERN_EUROPE|DACH,nestle,pensal,,top_company_portfolio_matrix_off_brands,current primary brand is parent/company token; another OFF brand token needs brand-level review,1,100% Cevada,"nestlé, pensal"
,FRANCE|UK_IE,nestle,cerelac,Nestlé,top_company_portfolio_matrix_product_name,current primary brand is parent/company token; portfolio brand appears in product name,1,cerelac HONEY & wheat,nestlé
snacks,FRANCE|SOUTHERN_EUROPE,nestle,dolca,,top_company_portfolio_matrix_off_brands,current primary brand is parent/company token; another OFF brand token needs brand-level review,1,Dolca chocolate negro,nestlé dolca
snacks,FRANCE|SOUTHERN_EUROPE,nestle,extrafino,,top_company_portfolio_matrix_off_brands,current primary brand is parent/company token; another OFF brand token needs brand-level review,1,Chocolate con Leche,nestlé extrafino
snacks,FRANCE|SOUTHERN_EUROPE,nestle,fitness,Nestlé,top_company_portfolio_matrix_off_brands,current primary brand is parent/company token; portfolio brand appears in OFF brands field,1,Chocolate fitness,"nestlé, fitness"
snacks,FRANCE|UK_IE,nestle,after eight,,top_company_portfolio_matrix_off_brands,current primary brand is parent/company token; another OFF brand token needs brand-level review,1,After Eight Bites,"nestlé, after eight"
snacks,FRANCE|UK_IE,nestle,conditorei coppenrath and wiese,,top_company_portfolio_matrix_off_brands,current primary brand is parent/company token; another OFF brand token needs brand-level review,1,Caramel,"nestlé, conditorei coppenrath & wiese"
snacks,FRANCE|UK_IE,nestle,milkybar,Nestlé,top_company_portfolio_matrix_product_name,current primary brand is parent/company token; portfolio brand appears in product name,1,Milkybar,nestlé
snacks,FRANCE|SOUTHERN_EUROPE,nestle,nesquik,Nestlé,top_company_portfolio_matrix_product_name,current primary brand is parent/company token; portfolio brand appears in product name,1,Nesquik - Chocolat au lait fourré aux crème de lait,nestlé
snacks,FRANCE|SOUTHERN_EUROPE,nestle,nutrition,,top_company_portfolio_matrix_off_brands,current primary brand is parent/company token; another OFF brand token needs brand-level review,1,CRUNCH mini figurines 144g,"nestle nutrition, nestlé, crunch"
snacks,FRANCE|SOUTHERN_EUROPE,nestle,san pellegrino,Nestlé,top_company_portfolio_matrix_off_brands,current primary brand is parent/company token; portfolio brand appears in OFF brands field,1,Sanbitter Emozioni,"nestlé, san pellegrino"
snacks,FRANCE|SOUTHERN_EUROPE,nestle,smarties,Nestlé,top_company_portfolio_matrix_off_brands,current primary brand is parent/company token; portfolio brand appears in OFF brands field,1,,"nestlé, smarties"
snacks,FRANCE|SOUTHERN_EUROPE,nestle,smarties,Nestlé,top_company_portfolio_matrix_product_name,current primary brand is parent/company token; portfolio brand appears in product name,1,Smarties,nestlé
snacks,FRANCE|SOUTHERN_EUROPE,oreo,oreo,,no_change,no more-specific Top 9 portfolio brand detected,1,Double Creme,"oreo,mondelez"
snacks,FRANCE|SOUTHERN_EUROPE,pepsico,pepsico,,no_change,no more-specific Top 9 portfolio brand detected,1,Sunbites al toque de sal marina,pepsico
snacks,FRANCE|SOUTHERN_EUROPE,suchard,suchard,,no_change,no more-specific Top 9 portfolio brand detected,1,Clásico,"suchard,mondelez"
snacks,FRANCE|SOUTHERN_EUROPE,the coca cola company,sprite,Coca-Cola,top_company_portfolio_matrix_product_name,current primary brand is parent/company token; portfolio brand appears in product name,1,Sprite,the coca-cola company
snacks,FRANCE|SOUTHERN_EUROPE|DACH,mondelez,fonzies,,top_company_portfolio_matrix_off_brands,current primary brand is parent/company token; another OFF brand token needs brand-level review,1,Fonzies gli originali,"mondelez, fonzies"
snacks,FRANCE|SOUTHERN_EUROPE|DACH,nestle,cailler,Nestlé,top_company_portfolio_matrix_off_brands,current primary brand is parent/company token; portfolio brand appears in OFF brands field,1,Cailler Sublim 198 GR,"nestlé, cailler"
snacks,FRANCE|SOUTHERN_EUROPE|DACH,nestle,chocapic,Nestlé,top_company_portfolio_matrix_off_brands,current primary brand is parent/company token; portfolio brand appears in OFF brands field,1,,"nestlé, chocapic"
snacks,FRANCE|SOUTHERN_EUROPE,nestle,aero,Nestlé,top_company_portfolio_matrix_product_name,current primary brand is parent/company token; portfolio brand appears in product name,1,Aéro truffle,nestlé
snacks,FRANCE|UK_IE|US_CANADA,hersheys,hersheys,,no_change,no more-specific Top 9 portfolio brand detected,1,Special Dark - Mildly Sweet Chocolate (Giant Bar),hershey's
snacks,FRANCE|UK_IE|US_CANADA,mondelez,belvita,Mondelez,top_company_portfolio_matrix_product_name,current primary brand is parent/company token; portfolio brand appears in product name,1,Belvita breakfast biscuits-breakfast cocoa with choco chip,"mondelez, mondelez international"
snacks,FRANCE|UK_IE|US_CANADA,mondelez,inc,,top_company_portfolio_matrix_off_brands,current primary brand is parent/company token; another OFF brand token needs brand-level review,1,Barny biscuits-sponge chocolate filling,mondelez international inc
snacks,FRANCE|UK_IE|US_CANADA,mondelez,norge as,,top_company_portfolio_matrix_off_brands,current primary brand is parent/company token; another OFF brand token needs brand-level review,1,Ritz Breaks Original 6x38g,mondelez norge as
snacks,FRANCE|UK_IE|US_CANADA,mondelez,terrys,,top_company_portfolio_matrix_off_brands,current primary brand is parent/company token; another OFF brand token needs brand-level review,1,Terry's chocolate orange chocolate ball,"mondelez, terry's"
snacks,FRANCE|UK_IE|US_CANADA,nestle,aero,Nestlé,top_company_portfolio_matrix_product_name,current primary brand is parent/company token; portfolio brand appears in product name,1,"Nestle aero, bubbles chocolate",nestlé
snacks,FRANCE|UK_IE|US_CANADA,nestle,usa,,top_company_portfolio_matrix_off_brands,current primary brand is parent/company token; another OFF brand token needs brand-level review,1,Candy theater box,"nestlé, nestlé usa"
snacks,FRANCE|US_CANADA,belvita,belvita,,no_change,no more-specific Top 9 portfolio brand detected,1,Blueberry breakfast biscuits,"belvita, mondelez"
snacks,FRANCE|SOUTHERN_EUROPE|DACH,oreo,oreo,,no_change,no more-specific Top 9 portfolio brand detected,1,Oreo Goldem,"oreo,mondelez"
snacks,FRANCE|SOUTHERN_EUROPE|US_CANADA,chips ahoy,chips ahoy,,no_change,no more-specific Top 9 portfolio brand detected,1,Chips Ahoy Original,"chips ahoy!,mondelez"
snacks,FRANCE|SOUTHERN_EUROPE|US_CANADA,mondelez,toblerone,Mondelez,top_company_portfolio_matrix_off_brands,current primary brand is parent/company token; portfolio brand appears in OFF brands field,1,Toblerone,"mondelez, toblerone"
snacks,FRANCE|UK_IE,brioche pasquier,brioche pasquier,,no_change,no more-specific Top 9 portfolio brand detected,1,Pasquier 8x Brioche Rolls,"brioche pasquier, coca cola, kleenex"
snacks,FRANCE|UK_IE,cadbury,cadbury,,no_change,no more-specific Top 9 portfolio brand detected,1,"Cadbury Heroes Chocolate Tub, 660 G","cadbury, mondelez"
snacks,FRANCE|UK_IE,mondelez,mondelez,,no_change,no more-specific Top 9 portfolio brand detected,1,Le Petit Citron,mondelez
snacks,FRANCE|UK_IE,mondelez,oreo,Mondelez,top_company_portfolio_matrix_product_name,current primary brand is parent/company token; portfolio brand appears in product name,1,Oreo Crispy & Thin Original,mondelez
snacks,FRANCE|UK_IE,nestle,aero,Nestlé,top_company_portfolio_matrix_off_brands,current primary brand is parent/company token; portfolio brand appears in OFF brands field,1,Peppermint Mint Chocolate Sharing Bar,"nestlé, aero, aero peppermint"
snacks,FRANCE|UK_IE,nestle,smarties,Nestlé,top_company_portfolio_matrix_product_name,current primary brand is parent/company token; portfolio brand appears in product name,1,Smarties,nestlé
,FRANCE|UK_IE,nestle,shreddies,Nestlé,top_company_portfolio_matrix_product_name,current primary brand is parent/company token; portfolio brand appears in product name,1,Shreddies,nestlé
,FRANCE|UK_IE,pipers,pipers,,no_change,no more-specific Top 9 portfolio brand detected,1,Pipers Anglesey sea salt crisps,"pipers,pepsico"
,FRANCE|UK_IE|SOUTHERN_EUROPE,nestle,nestle,,no_change,no more-specific Top 9 portfolio brand detected,1,Shredded wheat,nestle
,FRANCE|US_CANADA,kraft,kraft,,no_change,no more-specific Top 9 portfolio brand detected,1,Macaroni & Cheese Dinner,kraft
,FRANCE|US_CANADA,nestle,lion,Nestlé,top_company_portfolio_matrix_off_brands,current primary brand is parent/company token; portfolio brand appears in OFF brands field,1,Céréales Lion Caramel & Chocolat,"nestlé, lion"
,SOUTHERN_EUROPE|UK_IE,heinz,heinz,,no_change,no more-specific Top 9 portfolio brand detected,1,Spaghetti Short cut pasta in a juicy tomato sauce,heinz
,UK_IE,heinz,heinz,,no_change,no more-specific Top 9 portfolio brand detected,1,Heinz Hoops,heinz
,UK_IE,pot noodle,pot noodle,,no_change,no more-specific Top 9 portfolio brand detected,1,Pot Noodle Beef and Tomato,"pot noodle,unilever"
,US_CANADA,knorr,knorr,,no_change,no more-specific Top 9 portfolio brand detected,1,Pasta sides cheesey bacon macaroni,"knorr, unilever"
,FRANCE|DACH|US_CANADA,hersheys,hersheys,,no_change,no more-specific Top 9 portfolio brand detected,1,Chocolate Syrup,hershey's
,FRANCE|NORDICS,knorr,knorr,,no_change,no more-specific Top 9 portfolio brand detected,1,Knorr Pasta Snack Pot Carbonara,"knorr, unilever"
,FRANCE|SOUTHERN_EUROPE,biaglut,biaglut,,no_change,no more-specific Top 9 portfolio brand detected,1,Preparato per impanare,"biaglut, kraft heinz"
,FRANCE|SOUTHERN_EUROPE,cipster,cipster,,no_change,no more-specific Top 9 portfolio brand detected,1,Cipster,"cipster, crisper, mondelez"
snacks,FRANCE|UK_IE,pepsico,walkers,PepsiCo,top_company_portfolio_matrix_off_brands,current primary brand is parent/company token; portfolio brand appears in OFF brands field,1,Grainwaves Sour Cream & Cracked Black Pepper Flavour,"pepsico, sunbites, walkers"
snacks,FRANCE|UK_IE|US_CANADA,daim,daim,,no_change,no more-specific Top 9 portfolio brand detected,1,Daim Bar,"daim, mondelez"
snacks,NORDICS|FRANCE|SOUTHERN_EUROPE,mondelez,oreo,Mondelez,top_company_portfolio_matrix_off_brands,current primary brand is parent/company token; portfolio brand appears in OFF brands field,1,Oreo Golden,"mondelez norge as,oreo"
snacks,NORDICS|FRANCE|SOUTHERN_EUROPE,nestle,nestle,,no_change,no more-specific Top 9 portfolio brand detected,1,Nestle Swiss Bar Dark Chocolate,nestlé
snacks,FRANCE|US_CANADA,cadbury,cadbury,,no_change,no more-specific Top 9 portfolio brand detected,1,Cadbury buttons chocolate pieces,"cadbury, mondelez"
snacks,FRANCE|US_CANADA,heinz,heinz,,no_change,no more-specific Top 9 portfolio brand detected,1,"Original Sour Genuine Whole Dills, Original Sour",heinz
snacks,FRANCE|US_CANADA,hershey,hershey,,no_change,no more-specific Top 9 portfolio brand detected,1,"Whoppers, milkshake, malted milk balls, strawberry",hershey
snacks,FRANCE|US_CANADA,hershey,ice breakers,Hershey,top_company_portfolio_matrix_product_name,current primary brand is parent/company token; portfolio brand appears in product name,1,Ice Breakers Cool Mint,hershey
snacks,FRANCE|US_CANADA,hersheys,reeses,Hershey,top_company_portfolio_matrix_off_brands,known portfolio brand appears in OFF brands field,1,Chocolate peanut butter candy,"hershey's, reese s"
snacks,FRANCE|US_CANADA,kit kat,kitkat,Nestlé,top_company_portfolio_matrix_off_brands,known portfolio brand appears in OFF brands field,1,Kit Kat Chocolate Strawberry,"kit kat, the hershey company"
snacks,FRANCE|US_CANADA,la laitiere,la laitiere,,no_change,no more-specific Top 9 portfolio brand detected,1,Clafoutis aux Abricots,"la laitière, nestlé"
snacks,FRANCE|US_CANADA,mondelez,chips ahoy,Mondelez,top_company_portfolio_matrix_product_name,current primary brand is parent/company token; portfolio brand appears in product name,1,Chips ahoy! cookies choco chunky 1x10.25 oz,mondelez
snacks,FRANCE|US_CANADA,mondelez,marabou,Mondelēz International,top_company_portfolio_matrix_product_name,current primary brand is parent/company token; portfolio brand appears in product name,1,Marabou Milchschokolade mit Haselnüssen,mondelez
snacks,FRANCE|US_CANADA,mondelez,nabisco,,top_company_portfolio_matrix_off_brands,current primary brand is parent/company token; another OFF brand token needs brand-level review,1,Honey Maid - Cinnamon,"mondelez, nabisco"
snacks,FRANCE|US_CANADA,mondelez,nabisco triscuit,,top_company_portfolio_matrix_off_brands,current primary brand is parent/company token; another OFF brand token needs brand-level review,1,Smoked Gouda,"mondelez, nabisco-triscuit"
snacks,FRANCE|US_CANADA,nestle,crunch,,top_company_portfolio_matrix_off_brands,current primary brand is parent/company token; another OFF brand token needs brand-level review,1,Crunch - Chocolat au lait noisettes,"nestlé, crunch"
snacks,FRANCE|UK_IE,nestle,quality street,Nestlé,top_company_portfolio_matrix_product_name,current primary brand is parent/company token; portfolio brand appears in product name,1,Quality Street,nestlé
snacks,FRANCE|UK_IE,nestle,smarties,Nestlé,top_company_portfolio_matrix_off_brands,current primary brand is parent/company token; portfolio brand appears in OFF brands field,1,SMARTIES MINI - Sachet 500g,"nestlé, smarties"
snacks,UK_IE,crunch,crunch,,no_change,no more-specific Top 9 portfolio brand detected,1,Nestlé Crunch,"crunch,nestlé"
snacks,UK_IE,damak,damak,,no_change,no more-specific Top 9 portfolio brand detected,1,Драже шоколадные,"damak, nestle"
snacks,UK_IE,frys,cadbury,Mondelez,top_company_portfolio_matrix_off_brands,known portfolio brand appears in OFF brands field,1,FRY'S ORANGE CREAM,"fry's,cadbury,mondelez"
snacks,UK_IE,izvilag,izvilag,,no_change,no more-specific Top 9 portfolio brand detected,1,Kapucíner,"ízvilág,mondelez"
snacks,FRANCE|US_CANADA,nestle,wild about nerds,,top_company_portfolio_matrix_off_brands,current primary brand is parent/company token; another OFF brand token needs brand-level review,1,"Tiny, tangy crunchy candy nerds","nestlé, wild about nerds, wonka"
snacks,FRANCE|US_CANADA,planters,planters,,no_change,no more-specific Top 9 portfolio brand detected,1,Cocktail Peanuts,"planters,kraft heinz"
snacks,FRANCE|US_CANADA,starbucks,coffee company,,top_company_portfolio_matrix_off_brands,current primary brand is parent/company token; another OFF brand token needs brand-level review,1,Sugar-free mints,"starbucks, starbucks coffee company"
snacks,FRANCE|US_CANADA,starbucks,starbucks,,no_change,no more-specific Top 9 portfolio brand detected,1,Starbucks chocolaty cookie straws,starbucks
snacks,FRANCE|US_CANADA,the hershey company,hersheys,The Hershey Company,top_company_portfolio_matrix_product_name,current primary brand is parent/company token; portfolio brand appears in product name,1,Hershey's Milk Chocolate,the hershey company
snacks,FRANCE|US_CANADA,toblerone,toblerone,,no_change,no more-specific Top 9 portfolio brand detected,1,Toblerone chocolate bar dark,"toblerone, mondelez"
snacks,NORDICS|FRANCE,mondelez,mondelez,,no_change,no more-specific Top 9 portfolio brand detected,1,Twist,mondelez
snacks,NORDICS|FRANCE,nestle,kitkat,Nestlé,top_company_portfolio_matrix_off_brands,current primary brand is parent/company token; portfolio brand appears in OFF brands field,1,Kit Kat Mini,"nestlé, kit kat"
snacks,NORDICS|FRANCE|DACH,mondelez,mondelez,,no_change,no more-specific Top 9 portfolio brand detected,1,Allsorts Liquorice 190g Bassetts,mondelez
snacks,NORDICS|FRANCE|DACH,nestle,lion,Nestlé,top_company_portfolio_matrix_off_brands,current primary brand is parent/company token; portfolio brand appears in OFF brands field,1,Lion,"nestlé, lion"
snacks,NORDICS|FRANCE|DACH,nestle,nestle,,no_change,no more-specific Top 9 portfolio brand detected,1,Kit Kat,nestlé
snacks,NORDICS|FRANCE|SOUTHERN_EUROPE,marabou,marabou,,no_change,no more-specific Top 9 portfolio brand detected,1,Marabou BIG Taste - Oreo Filled,"marabou, mondelez, oreo"
snacks,SOUTHERN_EUROPE|UK_IE,mondelez,oreo,Mondelez,top_company_portfolio_matrix_product_name,current primary brand is parent/company token; portfolio brand appears in product name,1,Oreo Double Creme,mondelez international
,FRANCE|SOUTHERN_EUROPE,dr oetker,dr oetker,,no_change,no more-specific Top 9 portfolio brand detected,1,,"dr. oetker, cameo, kraft foods"
,FRANCE|SOUTHERN_EUROPE,lays,lays,,no_change,no more-specific Top 9 portfolio brand detected,1,,"lay's,pepsico"
,FRANCE|SOUTHERN_EUROPE,mondelez,yonkers,,top_company_portfolio_matrix_off_brands,current primary brand is parent/company token; another OFF brand token needs brand-level review,1,Yonkers,"mondelez, yonkers"
,FRANCE|SOUTHERN_EUROPE,nestle,crunch,,top_company_portfolio_matrix_off_brands,current primary brand is parent/company token; another OFF brand token needs brand-level review,1,,nestle crunch
,FRANCE|SOUTHERN_EUROPE,nestle,maggi,Nestlé,top_company_portfolio_matrix_off_brands,current primary brand is parent/company token; portfolio brand appears in OFF brands field,1,Fusian yakisoba fideos orientales sabor pollo,"nestlé, maggi"
,FRANCE|SOUTHERN_EUROPE,nestle,nestum,Nestlé,top_company_portfolio_matrix_product_name,current primary brand is parent/company token; portfolio brand appears in product name,1,Nestum Zero Chocolate,nestlé
,FRANCE|SOUTHERN_EUROPE|DACH,nestle,chocapic,Nestlé,top_company_portfolio_matrix_product_name,current primary brand is parent/company token; portfolio brand appears in product name,1,NESTLE CHOCAPIC Céréales 750g,nestlé
,FRANCE|DACH,nestle,crunch,,top_company_portfolio_matrix_off_brands,current primary brand is parent/company token; another OFF brand token needs brand-level review,1,NESTLE CRUNCH Céréales 750g,"nestlé, crunch"
,FRANCE|DACH,nestle,fitness,Nestlé,top_company_portfolio_matrix_product_name,current primary brand is parent/company token; portfolio brand appears in product name,1,Fitness énergie nutritive Fruits,nestlé
,FRANCE|DACH,nestle,herta,Nestlé,top_company_portfolio_matrix_off_brands,current primary brand is parent/company token; portfolio brand appears in OFF brands field,1,"Pâte à Pizza, Fine et Rectangulaire","nestlé, herta"
,FRANCE|DACH,nestle,lion,Nestlé,top_company_portfolio_matrix_off_brands,current primary brand is parent/company token; portfolio brand appears in OFF brands field,1,"NESTLE LION Céréales 1,05 kg","nestlé, lion"
snacks,SOUTHERN_EUROPE|US_CANADA,heinz,heinz,,no_change,no more-specific Top 9 portfolio brand detected,1,Cajun pistachios,heinz
snacks,SOUTHERN_EUROPE|US_CANADA,starbucks,starbucks,,no_change,no more-specific Top 9 portfolio brand detected,1,Mini caramel waffles,starbucks
snacks,UK_IE,aero,aero,,no_change,no more-specific Top 9 portfolio brand detected,1,AERO,"aero,nestle"
snacks,UK_IE,belvita,belvita,,no_change,no more-specific Top 9 portfolio brand detected,1,Soft Bakes Blueberry,"belvita,mondelez"
snacks,UK_IE,perugina,perugina,,no_change,no more-specific Top 9 portfolio brand detected,1,Perugina Italia. Extra dark chocolate,"perugina, nestlé"
snacks,UK_IE,reeses,reeses,,no_change,no more-specific Top 9 portfolio brand detected,1,Barre de format collation,"reese's,hershey's,ohhenry!"
snacks,UK_IE,special t by nestle,special t by nestle,,no_change,no more-specific Top 9 portfolio brand detected,1,nestle smarties buttons,spécial t by nestlé
snacks,UK_IE,toblerone,toblerone,,no_change,no more-specific Top 9 portfolio brand detected,1,Toblerone,"toblerone, mondelez"
snacks,UK_IE,trebor,trebor,,no_change,no more-specific Top 9 portfolio brand detected,1,Mighties Sugar Free Mints,"trebor,mondelez"
snacks,UK_IE,kukure,kukure,,no_change,no more-specific Top 9 portfolio brand detected,1,Masala Munch,"kukure, pepsico"
snacks,UK_IE,maynardsbassetts,maynardsbassetts,,no_change,no more-specific Top 9 portfolio brand detected,1,wine gums,"maynardsbassetts,mondelez"
snacks,UK_IE,milkybar,milkybar,,no_change,no more-specific Top 9 portfolio brand detected,1,Milkybar Buttons,"milkybar, nestlé"
snacks,UK_IE,mondelez,oreo,Mondelez,top_company_portfolio_matrix_product_name,current primary brand is parent/company token; portfolio brand appears in product name,1,Oreo,mondelez
snacks,UK_IE,mondelez,sour patch kids,Mondelez,top_company_portfolio_matrix_product_name,current primary brand is parent/company token; portfolio brand appears in product name,1,Sour Patch Kids Strawberry,mondelez
snacks,UK_IE,nestle,aero,,top_company_portfolio_matrix_off_brands,current primary brand is parent/company token; another OFF brand token needs brand-level review,1,peppermint bubbles,nestlé aero
snacks,UK_IE,nestle,jungly,,top_company_portfolio_matrix_off_brands,current primary brand is parent/company token; another OFF brand token needs brand-level review,1,Chocolate con leche y galleta,nestlé jungly
snacks,UK_IE,nestle,kit kat,,top_company_portfolio_matrix_off_brands,current primary brand is parent/company token; another OFF brand token needs brand-level review,1,Kit Kat white 65p,nestle kit kat
snacks,UK_IE,nestle,les recettes de latelier,,top_company_portfolio_matrix_off_brands,current primary brand is parent/company token; another OFF brand token needs brand-level review,1,L'atelier Ruby Chocolate with Raspberries,"nestlé,les recettes de l'atelier"
snacks,NORDICS|UK_IE,daim,daim,,no_change,no more-specific Top 9 portfolio brand detected,1,Daim Mint Winter Edition,"daim,mondelez"
snacks,NORDICS|UK_IE,lays,lays,,no_change,no more-specific Top 9 portfolio brand detected,1,Lays solone,"lay's,pepsico"
snacks,UK_IE,nestle,milkybar,Nestlé,top_company_portfolio_matrix_off_brands,current primary brand is parent/company token; portfolio brand appears in OFF brands field,1,Milkybar Mini Eggs,"nestle,milkybar"
,FRANCE|DACH,nestle,nat,,top_company_portfolio_matrix_off_brands,current primary brand is parent/company token; another OFF brand token needs brand-level review,1,Crousti fondant choco-noisettes,"nestlé, nat"
,FRANCE|DACH,nestle,ptite cereale,,top_company_portfolio_matrix_off_brands,current primary brand is parent/company token; another OFF brand token needs brand-level review,1,NESTLE P'TITE CEREALE 5 Céréales - Boîte 400g - Dès 6 mois,"nestlé, p'tite cereale"
,FRANCE|DACH,unilever,knorr,Unilever,top_company_portfolio_matrix_off_brands,current primary brand is parent/company token; portfolio brand appears in OFF brands field,1,Quick Noodles Vegetable,"unilever, knorr"
,FRANCE|DACH|BENELUX|SOUTHERN_EUROPE,nestle,nestle,,no_change,no more-specific Top 9 portfolio brand detected,1,NESTLE CLUSTERS Mandel Cerealien,nestlé
,FRANCE|DACH|SOUTHERN_EUROPE,lays,lays,,no_change,no more-specific Top 9 portfolio brand detected,1,,"lay's,frito-lay,pepsico"
,FRANCE|DACH|SOUTHERN_EUROPE,nestle,buitoni,Nestlé,top_company_portfolio_matrix_off_brands,current primary brand is parent/company token; portfolio brand appears in OFF brands field,1,BUITONI PICCOLINIS mini-pizzas surgelées Jambon Fromage 270 g (9 pièces),"nestlé,buitoni,piccolinis"
,FRANCE|DACH|SOUTHERN_EUROPE,nestle,cerelac,Nestlé,top_company_portfolio_matrix_off_brands,current primary brand is parent/company token; portfolio brand appears in OFF brands field,1,Farinha Láctea,"nestlé, cerelac"
,FRANCE|DACH|UK_IE,heinz,heinz,,no_change,no more-specific Top 9 portfolio brand detected,1,Macaroni cheese,heinz
,FRANCE|DACH|UK_IE,kraft,kraft,,no_change,no more-specific Top 9 portfolio brand detected,1,Original Macaroni & Cheese Dinner,"kraft, kraft - heinz"
,FRANCE,nestle,shreddies,Nestlé,top_company_portfolio_matrix_off_brands,current primary brand is parent/company token; portfolio brand appears in OFF brands field,1,Shreddies Coco Caramel Flavoured,"nestlé, shreddies"
,FRANCE,nestle,shreddies,Nestlé,top_company_portfolio_matrix_product_name,current primary brand is parent/company token; portfolio brand appears in product name,1,Shreddies,nestlé
,FRANCE,pepsico,inc,,top_company_portfolio_matrix_off_brands,current primary brand is parent/company token; another OFF brand token needs brand-level review,1,Lay's gourmet,pepsico inc.
snacks,UK_IE,nestle,rolo,Nestlé,top_company_portfolio_matrix_product_name,current primary brand is parent/company token; portfolio brand appears in product name,1,ROLO Easter Egg With Tube,nestle
snacks,UK_IE,nestle,yorkie,,top_company_portfolio_matrix_off_brands,current primary brand is parent/company token; another OFF brand token needs brand-level review,1,YORKIE,"nestle,yorkie"
snacks,UK_IE,nestlesmarties,nestlesmarties,,no_change,no more-specific Top 9 portfolio brand detected,1,Smarties Buttons,nestlesmarties
snacks,US_CANADA,lacta,lacta,,no_change,no more-specific Top 9 portfolio brand detected,1,Bis Oreo,"lacta, mondelez international"
snacks,US_CANADA,mckay,mckay,,no_change,no more-specific Top 9 portfolio brand detected,1,Alteza sabor Frutilla,"mckay,nestlé"
snacks,US_CANADA,mondelez,belvita,Mondelez,top_company_portfolio_matrix_off_brands,current primary brand is parent/company token; portfolio brand appears in OFF brands field,1,Breakfast biscuits,"mondelez, belvita"
snacks,UK_IE,unilever,unilever,,no_change,no more-specific Top 9 portfolio brand detected,1,Hot Peperami,unilever
snacks,UK_IE,walker heinz,walker heinz,,no_change,no more-specific Top 9 portfolio brand detected,1,serving contains: Saturates Sugars Salt 0.6g 0.7g,walker heinz
snacks,UK_IE|US_CANADA,mondelez,cadbury,Mondelez,top_company_portfolio_matrix_off_brands,current primary brand is parent/company token; portfolio brand appears in OFF brands field,1,Dairy milk little bar,"mondelez, cadbury"
snacks,UK_IE|US_CANADA,mondelez,toblerone,Mondelez,top_company_portfolio_matrix_product_name,current primary brand is parent/company token; portfolio brand appears in product name,1,Toblerone chocolate bar milk,mondelez
snacks,UK_IE|US_CANADA,mondelez,wheat thins,Mondelez,top_company_portfolio_matrix_product_name,current primary brand is parent/company token; portfolio brand appears in product name,1,Wheat thins pita chips original 1x8.000 oz,mondelez
snacks,UK_IE|US_CANADA,nestle,carnation,,top_company_portfolio_matrix_off_brands,current primary brand is parent/company token; another OFF brand token needs brand-level review,1,Classic chocolate fudge kit,nestle carnation
snacks,UK_IE|US_CANADA,nestle,kitkat,Nestlé,top_company_portfolio_matrix_product_name,current primary brand is parent/company token; portfolio brand appears in product name,1,KitKat Caramel X 9,nestle
snacks,UK_IE|US_CANADA,nestle,ritz,Mondelez,top_company_portfolio_matrix_product_name,current primary brand is parent/company token; portfolio brand appears in product name,1,Ritz Cheese Flavour,nestle
snacks,US_CANADA,coca cola,coke,,top_company_portfolio_matrix_off_brands,current primary brand is parent/company token; another OFF brand token needs brand-level review,1,Starlight - Limited Edition,"coca cola, coke"
snacks,US_CANADA,coca compagnie,coca compagnie,,no_change,no more-specific Top 9 portfolio brand detected,1,Sprite mint,coca compagnie
snacks,US_CANADA,doritos,doritos,,no_change,no more-specific Top 9 portfolio brand detected,1,Poppin' Jalapeno Doritos,"doritos,frito-lay,pepsico"
snacks,US_CANADA,field,field,,no_change,no more-specific Top 9 portfolio brand detected,1,ChokoSoda,"field, chokosoda, mondelez"
snacks,US_CANADA,good humor,good humor,,no_change,no more-specific Top 9 portfolio brand detected,1,"Peanut butter ice cream cup, eggs","good humor, unilever"
,FRANCE,unilever,unilever,,no_change,no more-specific Top 9 portfolio brand detected,1,,unilever
,FRANCE|BENELUX,pepsico,quaker,PepsiCo,top_company_portfolio_matrix_off_brands,current primary brand is parent/company token; portfolio brand appears in OFF brands field,1,Havermout - Flocons d'avoine granola,"pepsico, quaker"
,FRANCE|DACH,heudebert,heudebert,,no_change,no more-specific Top 9 portfolio brand detected,1,Biscottes Pleine vie Sans sel ajouté,"heudebert, lu, mondelez"
,FRANCE|DACH,knorr,knorr,,no_change,no more-specific Top 9 portfolio brand detected,1,Kartoffel Knödel Halb+halb Bayrische Art,"knorr, unilever"
,FRANCE|DACH,maggi,maggi,,no_change,no more-specific Top 9 portfolio brand detected,1,Noodle cup Curry,"maggi, nestle"
,FRANCE|DACH,maizena,maizena,,no_change,no more-specific Top 9 portfolio brand detected,1,Maizena Fleur de Maïs,"maizena, maïzena, unilever"
,FRANCE|DACH,nestle,buitoni,Nestlé,top_company_portfolio_matrix_off_brands,current primary brand is parent/company token; portfolio brand appears in OFF brands field,1,Riccioli Nudeln,"nestlé, buitoni"
,FRANCE|DACH,nestle,buitoni,Nestlé,top_company_portfolio_matrix_product_name,current primary brand is parent/company token; portfolio brand appears in product name,1,Buitoni Pizzateig Ohne Gluten,nestlé
,FRANCE|DACH,nestle,chocapic,Nestlé,top_company_portfolio_matrix_off_brands,current primary brand is parent/company token; portfolio brand appears in OFF brands field,1,chocapic,"nestlé, chocapic"
,FRANCE,nestle,garden gourmet,Nestlé,top_company_portfolio_matrix_off_brands,current primary brand is parent/company token; portfolio brand appears in OFF brands field,1,Les Bouchées Soja et Blé,"nestlé, garden gourmet"
snacks,US_CANADA,hershey,rolo,Nestlé,top_company_portfolio_matrix_product_name,current primary brand is parent/company token; portfolio brand appears in product name,1,Rolo,hershey
snacks,US_CANADA,hershey,whatchamacallit,Hershey,top_company_portfolio_matrix_product_name,current primary brand is parent/company token; portfolio brand appears in product name,1,Whatchamacallit King Size,hershey
snacks,US_CANADA,hersheys,reeses,Hershey,top_company_portfolio_matrix_off_brands,known portfolio brand appears in OFF brands field,1,Milk Chocolate & Reese's Pieces Bar,"hershey's,reese's"
snacks,US_CANADA,honestly cranberry,honestly cranberry,,no_change,no more-specific Top 9 portfolio brand detected,1,Unsweetened Dried Cranberries,honestly cranberry
snacks,US_CANADA,ice breakersthe hershey company,ice breakersthe hershey company,,no_change,no more-specific Top 9 portfolio brand detected,1,Ice breakers ice cubes cherry limeade,ice breakersthe hershey company
snacks,US_CANADA,karate,karate,,no_change,no more-specific Top 9 portfolio brand detected,1,Karate,"karate,pepsico"
snacks,US_CANADA,mondelez,inc,,top_company_portfolio_matrix_off_brands,current primary brand is parent/company token; another OFF brand token needs brand-level review,1,Thin Crisps Organic Original,mondelēz international inc.
snacks,US_CANADA,mondelez,int,,top_company_portfolio_matrix_off_brands,current primary brand is parent/company token; another OFF brand token needs brand-level review,1,Clif bar,mondelez int
,FRANCE,nestle,maggi,Nestlé,top_company_portfolio_matrix_product_name,current primary brand is parent/company token; portfolio brand appears in product name,1,Maggi Masala Noodles,nestlé
,FRANCE,nestle,mix bio,,top_company_portfolio_matrix_off_brands,current primary brand is parent/company token; another OFF brand token needs brand-level review,1,NESTLE MIX BIO céréales 4x30g + 2x27g,"nestlé, mix bio"
,FRANCE,nestle,nesquik strawberry,,top_company_portfolio_matrix_off_brands,current primary brand is parent/company token; another OFF brand token needs brand-level review,1,NESQUIK Céréales Fraise 310g,"nestlé, nesquik strawberry"
,FRANCE,nestle,pensal,,top_company_portfolio_matrix_off_brands,current primary brand is parent/company token; another OFF brand token needs brand-level review,1,Pensal farinha com cacau,"nestlé, pensal"
,FRANCE,naturkraftwerke,naturkraftwerke,,no_change,no more-specific Top 9 portfolio brand detected,1,"Millet Brun, forme sauvage, moulu",naturkraftwerke
,FRANCE,nestle,babicao,,top_company_portfolio_matrix_off_brands,current primary brand is parent/company token; another OFF brand token needs brand-level review,1,BABICAO céréales infantiles,"nestlé, babicao"
,FRANCE,nestle,babivanille,,top_company_portfolio_matrix_off_brands,current primary brand is parent/company token; another OFF brand token needs brand-level review,1,BABIVANILLE,"nestlé, babivanille"
snacks,US_CANADA,mondelez,norge as,,top_company_portfolio_matrix_off_brands,current primary brand is parent/company token; another OFF brand token needs brand-level review,1,Snømann 30g Freia,mondelez norge as
snacks,US_CANADA,mondelez,oreo,Mondelez,top_company_portfolio_matrix_off_brands,current primary brand is parent/company token; portfolio brand appears in OFF brands field,1,Oreo - Zero Sugar,"mondelēz,oreo"
snacks,US_CANADA,mondelez,swedish fish,Mondelez,top_company_portfolio_matrix_product_name,current primary brand is parent/company token; portfolio brand appears in product name,1,Swedish Fish - Blue Raspberry Lemonade,mondelez
snacks,US_CANADA,mondelez,toblerone,Mondelez,top_company_portfolio_matrix_product_name,current primary brand is parent/company token; portfolio brand appears in product name,1,Toblerone,mondelez international
snacks,US_CANADA,mondelez,triscuit,Mondelez,top_company_portfolio_matrix_product_name,current primary brand is parent/company token; portfolio brand appears in product name,1,triscuit seasoned with cracked pepper and olive oil,mondelez
snacks,US_CANADA,hershey,ice breakers,Hershey,top_company_portfolio_matrix_product_name,current primary brand is parent/company token; portfolio brand appears in product name,1,Ice Breakers Cherry Limeade,hershey
snacks,US_CANADA,hershey,jolly rancher,Hershey,top_company_portfolio_matrix_product_name,current primary brand is parent/company token; portfolio brand appears in product name,1,Jolly Rancher,hershey
snacks,US_CANADA,the hershey company,leaf inc,,top_company_portfolio_matrix_off_brands,current primary brand is parent/company token; another OFF brand token needs brand-level review,1,The original malted milk balls,"the hershey company,leaf inc."
,FRANCE,chipsy,chipsy,,no_change,no more-specific Top 9 portfolio brand detected,1,Chipsy rebrasti salt,"chipsy, marbo, pepsico"
,BENELUX|FRANCE,nestle,herta,Nestlé,top_company_portfolio_matrix_off_brands,current primary brand is parent/company token; portfolio brand appears in OFF brands field,1,Pâte à Mini Pizza à Ma Façon,"nestlé, herta"
,FRANCE,deli market,deli market,,no_change,no more-specific Top 9 portfolio brand detected,1,Potato chips flame grillad spanish chorizo with roasted onions flavour,"deli market, pepsico"
snacks,US_CANADA|FRANCE,mondelez,triscuit,Mondelez,top_company_portfolio_matrix_product_name,current primary brand is parent/company token; portfolio brand appears in product name,1,triscuit,mondelez
snacks,US_CANADA|FRANCE,nestle,abuelita,,top_company_portfolio_matrix_off_brands,current primary brand is parent/company token; another OFF brand token needs brand-level review,1,Authentic Mexican Hot Chocolate Drink Tablets,nestlé abuelita
snacks,US_CANADA|FRANCE,nestle,aero,,top_company_portfolio_matrix_off_brands,current primary brand is parent/company token; another OFF brand token needs brand-level review,1,Milk Chocolate,nestle aero
snacks,US_CANADA|FRANCE,nestle,rolo,Nestlé,top_company_portfolio_matrix_product_name,current primary brand is parent/company token; portfolio brand appears in product name,1,Rolo,nestlé
snacks,US_CANADA|FRANCE|DACH,belin,belin,,no_change,no more-specific Top 9 portfolio brand detected,1,Chipster,"belin, mondelez"
snacks,US_CANADA|FRANCE|DACH,nestle,nestle,,no_change,no more-specific Top 9 portfolio brand detected,1,NESTLÉ DESSERT Noir 2x205g,nestlé
snacks,US_CANADA,nabisco,nabisco,,no_change,no more-specific Top 9 portfolio brand detected,1,Oreo,"nabisco,mondelez international"
snacks,US_CANADA,nestle,aero,,top_company_portfolio_matrix_off_brands,current primary brand is parent/company token; another OFF brand token needs brand-level review,1,chocolate,nestle aero
snacks,US_CANADA,nestle,butterfinger,,top_company_portfolio_matrix_off_brands,current primary brand is parent/company token; another OFF brand token needs brand-level review,1,Butterfinger,"nestlé,butterfinger"
snacks,US_CANADA,nestle,canada,,top_company_portfolio_matrix_off_brands,current primary brand is parent/company token; another OFF brand token needs brand-level review,1,Kitkat,nestle canada
,FRANCE,nestle,bebe nestle,,top_company_portfolio_matrix_off_brands,current primary brand is parent/company token; another OFF brand token needs brand-level review,1,"P'tit Souper repas du soir potiron, blé","nestlé, bébé nestlé, nestlé bébé, p'tit souper"
,FRANCE,nestle,buitoni,Nestlé,top_company_portfolio_matrix_off_brands,current primary brand is parent/company token; portfolio brand appears in OFF brands field,1,Spaghetti,"nestlé, buitoni"
beverages,US_CANADA,nestle,nido,Nestlé,top_company_portfolio_matrix_product_name,current primary brand is parent/company token; portfolio brand appears in product name,1,Nido Kinder 1+,nestlé
beverages,US_CANADA,nestle,waters north america inc,,top_company_portfolio_matrix_off_brands,current primary brand is parent/company token; another OFF brand token needs brand-level review,1,Arrowhead water spring,nestlé waters north america inc.
beverages,US_CANADA,pepsi cola,mountain dew,PepsiCo,top_company_portfolio_matrix_off_brands,known portfolio brand appears in OFF brands field,1,Mountain dew code red soda,"pepsi-cola, mountain dew"
beverages,US_CANADA,pepsi cola,pepsi,PepsiCo,top_company_portfolio_matrix_off_brands,known portfolio brand appears in OFF brands field,1,Pepsi,"pepsi-cola, pepsi"
beverages,US_CANADA,pepsico,inc,,top_company_portfolio_matrix_off_brands,current primary brand is parent/company token; another OFF brand token needs brand-level review,1,Pepsi,pepsico inc.
beverages,US_CANADA,powerade,powerade,,no_change,no more-specific Top 9 portfolio brand detected,1,Powerade Zero Sugar Sports Drink,"powerade,coca-cola company"
beverages,US_CANADA,pure leaf,pepsi,PepsiCo,top_company_portfolio_matrix_off_brands,known portfolio brand appears in OFF brands field,1,Pure leaf lemon,"pure leaf, pepsi"
beverages,US_CANADA,maxwell house,maxwell house,,no_change,no more-specific Top 9 portfolio brand detected,1,Vanilla caramel latte,"maxwell house,kraft"
beverages,US_CANADA,mello yello,mello yello,,no_change,no more-specific Top 9 portfolio brand detected,1,Citrus Flavored Soda,"mello yello,coca cola"
,FRANCE,golden crisp,quaker,PepsiCo,top_company_portfolio_matrix_off_brands,known portfolio brand appears in OFF brands field,1,Golden Crisp Fraises & Framboises,"golden crisp, pepsico, quaker"
,FRANCE,heinz,kraft,Kraft Heinz,top_company_portfolio_matrix_off_brands,known portfolio brand appears in OFF brands field,1,Whole grain original macaroni & cheese,"heinz, kraft"
,FRANCE,magdeleine,magdeleine,,no_change,no more-specific Top 9 portfolio brand detected,1,34 Biscottes au Froment,"magdeleine, mondelez, mondelez professionnel"
snacks,US_CANADA,unilever,unilever,,no_change,no more-specific Top 9 portfolio brand detected,1,Popsicle SpongeBob 4 oz,unilever
snacks,US_CANADA|FRANCE,hershey,hersheys,The Hershey Company,top_company_portfolio_matrix_product_name,current primary brand is parent/company token; portfolio brand appears in product name,1,Hershey's almonds,hershey
snacks,US_CANADA,sublime,sublime,,no_change,no more-specific Top 9 portfolio brand detected,1,Blanco,"sublime,nestlé"
snacks,US_CANADA,the hershey company,ice breakers,Hershey,top_company_portfolio_matrix_product_name,current primary brand is parent/company token; portfolio brand appears in product name,1,Ice Breakers Sours Mixed Berry,the hershey company
