query_category,observed_market_region_codes,current_company,proposed_company,proposed_ownership_resolution_status,product_count
snacks,US_CANADA,Other / not mapped to a company,Other / not mapped to a company,unresolved,54213
snacks,FRANCE,Other / not mapped to a company,Other / not mapped to a company,unresolved,45268
beverages,FRANCE,Other / not mapped to a company,Other / not mapped to a company,unresolved,43601
beverages,US_CANADA,Other / not mapped to a company,Other / not mapped to a company,unresolved,38259
dairies,FRANCE,Other / not mapped to a company,Other / not mapped to a company,unresolved,36110
dairies,US_CANADA,Other / not mapped to a company,Other / not mapped to a company,unresolved,21265
cereals,US_CANADA,Other / not mapped to a company,Other / not mapped to a company,unresolved,5876
snacks,UK_IE,Other / not mapped to a company,Other / not mapped to a company,unresolved,5218
beverages,FRANCE,Manual review / complex ownership,Manual review / complex ownership,manual_review,4045
beverages,UK_IE,Other / not mapped to a company,Other / not mapped to a company,unresolved,3643
snacks,FRANCE,Manual review / complex ownership,Manual review / complex ownership,manual_review,3348
cereals,FRANCE,Other / not mapped to a company,Other / not mapped to a company,unresolved,3161
dairies,FRANCE,Manual review / complex ownership,Manual review / complex ownership,manual_review,2856
beverages,FRANCE|DACH,Other / not mapped to a company,Other / not mapped to a company,unresolved,2749
snacks,FRANCE|SOUTHERN_EUROPE,Other / not mapped to a company,Other / not mapped to a company,unresolved,2681
dairies,UK_IE,Other / not mapped to a company,Other / not mapped to a company,unresolved,2357
snacks,FRANCE|DACH,Other / not mapped to a company,Other / not mapped to a company,unresolved,2029
dairies,FRANCE,Carrefour,Carrefour,direct,2019
beverages,FRANCE|SOUTHERN_EUROPE,Other / not mapped to a company,Other / not mapped to a company,unresolved,1779
dairies,FRANCE,Auchan,Auchan,direct,1580
dairies,FRANCE|DACH,Other / not mapped to a company,Other / not mapped to a company,unresolved,1540
snacks,FRANCE,Auchan,Auchan,direct,1430
dairies,FRANCE|SOUTHERN_EUROPE,Other / not mapped to a company,Other / not mapped to a company,unresolved,1348
snacks,US_CANADA,PepsiCo,PepsiCo,direct,1179
beverages,FRANCE,Auchan,Auchan,direct,1160
snacks,FRANCE,Carrefour,Carrefour,direct,1026
beverages,FRANCE,Nestlé,Nestlé,direct,1009
beverages,FRANCE,The Coca-Cola Company,The Coca-Cola Company,direct,963
beverages,US_CANADA,Wawa,Wawa,direct,906
snacks,FRANCE,Mondelēz International,Mondelēz International,direct,890
snacks,BENELUX|FRANCE,Other / not mapped to a company,Other / not mapped to a company,unresolved,848
snacks,FRANCE,Haribo,Haribo,direct,837
beverages,BENELUX|FRANCE,Other / not mapped to a company,Other / not mapped to a company,unresolved,823
beverages,US_CANADA,Manual review / complex ownership,Manual review / complex ownership,manual_review,790
dairies,FRANCE,Danone,Danone,market_scoped,782
snacks,US_CANADA,Mars,Mars,direct,772
dairies,FRANCE,Lactalis,Lactalis,direct,742
snacks,FRANCE|US_CANADA,Other / not mapped to a company,Other / not mapped to a company,unresolved,717
dairies,FRANCE,Monoprix,Monoprix,direct,714
cereals,UK_IE,Other / not mapped to a company,Other / not mapped to a company,unresolved,713
dairies,FRANCE,Leclerc,Leclerc,direct,689
dairies,FRANCE,Danone,Danone,direct,687
beverages,FRANCE,Carrefour,Carrefour,direct,675
dairies,FRANCE,General Mills,General Mills,direct,648
snacks,US_CANADA,Mondelēz International,Mondelēz International,direct,648
snacks,US_CANADA,The Campbell's Company,The Campbell's Company,direct,646
snacks,FRANCE,Hema,Hema,direct,643
dairies,FRANCE,Leader Price,Leader Price,direct,630
dairies,FRANCE,Nestlé,Nestlé,direct,627
snacks,FRANCE,Leader Price,Leader Price,direct,578
snacks,FRANCE,Nestlé,Nestlé,direct,577
snacks,FRANCE|UK_IE,Other / not mapped to a company,Other / not mapped to a company,unresolved,551
snacks,FRANCE,Lidl,Lidl,direct,550
dairies,BENELUX|FRANCE,Other / not mapped to a company,Other / not mapped to a company,unresolved,535
snacks,US_CANADA,Lindt & Sprüngli,Lindt & Sprüngli,direct,520
beverages,FRANCE|US_CANADA,Other / not mapped to a company,Other / not mapped to a company,unresolved,518
snacks,FRANCE,PepsiCo,PepsiCo,direct,516
snacks,FRANCE,Ferrero,Ferrero,direct,490
snacks,FRANCE,Intermarché,Intermarché,direct,489
beverages,US_CANADA,Papa John's,Papa John's,direct,478
beverages,US_CANADA,Sonic,Sonic,direct,477
beverages,US_CANADA,TGI Friday's,TGI Friday's,direct,472
snacks,FRANCE|SOUTHERN_EUROPE,Carrefour,Carrefour,direct,470
snacks,FRANCE,Lindt & Sprüngli,Lindt & Sprüngli,direct,464
snacks,US_CANADA,General Mills,General Mills,direct,464
beverages,US_CANADA,Firehouse Subs,Firehouse Subs,direct,455
snacks,FRANCE,Cora,Cora,direct,443
dairies,FRANCE,Lidl,Lidl,direct,436
beverages,FRANCE|UK_IE,Other / not mapped to a company,Other / not mapped to a company,unresolved,430
beverages,FRANCE|SOUTHERN_EUROPE,Carrefour,Carrefour,direct,428
dairies,FRANCE,Bel Group,Bel Group,direct,418
beverages,US_CANADA,Red Robin,Red Robin,direct,406
snacks,FRANCE,Mars,Mars,direct,405
beverages,US_CANADA,PepsiCo,PepsiCo,direct,405
beverages,DACH|US_CANADA,Other / not mapped to a company,Other / not mapped to a company,unresolved,403
dairies,FRANCE,Savencia,Savencia,direct,399
snacks,FRANCE,St Michel,St Michel,direct,397
snacks,FRANCE,Monoprix,Monoprix,direct,393
beverages,US_CANADA,White Castle,White Castle,direct,390
beverages,FRANCE,Leader Price,Leader Price,direct,390
snacks,US_CANADA,Trader Joe's,Trader Joe's,direct,388
snacks,US_CANADA,Ferrero,Ferrero,direct,388
dairies,US_CANADA,Danone,Danone,direct,384
cereals,FRANCE|DACH,Other / not mapped to a company,Other / not mapped to a company,unresolved,382
beverages,FRANCE,Cora,Cora,direct,365
dairies,FRANCE,Other / not mapped to a company,General Mills,direct,360
snacks,US_CANADA,Ahold Delhaize,Ahold Delhaize,direct,355
dairies,FRANCE,Cora,Cora,direct,352
beverages,US_CANADA,Sheetz,Sheetz,direct,350
beverages,US_CANADA,Ahold Delhaize,Ahold Delhaize,direct,346
beverages,FRANCE,Tropicana Brands Group,Tropicana Brands Group,direct,342
beverages,FRANCE,Lidl,Lidl,direct,339
snacks,US_CANADA,Meijer,Meijer,direct,336
dairies,FRANCE,Netto,Netto,direct,336
dairies,US_CANADA,Walmart / Great Value,Walmart / Great Value,direct,329
snacks,UK_IE,PepsiCo,PepsiCo,direct,323
cereals,US_CANADA,General Mills,General Mills,direct,321
beverages,US_CANADA,Yum! Brands,Yum! Brands,direct,318
snacks,UK_IE,Tesco,Tesco,direct,310
cereals,FRANCE|SOUTHERN_EUROPE,Other / not mapped to a company,Other / not mapped to a company,unresolved,310
snacks,US_CANADA,The Hershey Company,The Hershey Company,direct,309
beverages,FRANCE,Monoprix,Monoprix,direct,308
cereals,FRANCE,Mars,Mars,market_scoped,307
snacks,US_CANADA,Wegmans,Wegmans,direct,305
snacks,US_CANADA,Walmart / Great Value,Walmart / Great Value,direct,303
beverages,FRANCE,Danone,Danone,direct,303
cereals,US_CANADA,Ferrero,Ferrero,market_scoped,296
dairies,US_CANADA,Kroger,Kroger,direct,294
snacks,FRANCE|BENELUX,Other / not mapped to a company,Other / not mapped to a company,unresolved,294
snacks,FRANCE,Picard,Picard,direct,289
cereals,FRANCE,Manual review / complex ownership,Manual review / complex ownership,manual_review,284
beverages,US_CANADA,The Coca-Cola Company,The Coca-Cola Company,direct,279
snacks,FRANCE,pladis,pladis,direct,277
snacks,FRANCE,Otsuka / Nutrition & Santé,Otsuka / Nutrition & Santé,direct,273
snacks,FRANCE,Belle France,Belle France,direct,269
beverages,US_CANADA,Kroger,Kroger,direct,268
beverages,US_CANADA,Walmart / Great Value,Walmart / Great Value,direct,267
snacks,FRANCE,Ecotone,Ecotone,direct,266
beverages,US_CANADA,Nestlé,Nestlé,direct,266
snacks,US_CANADA,Target,Target,direct,261
dairies,UK_IE,Tesco,Tesco,direct,259
dairies,UK_IE,Sainsbury's,Sainsbury's,direct,259
beverages,US_CANADA,Meijer,Meijer,direct,258
snacks,BENELUX|FRANCE,Carrefour,Carrefour,direct,255
dairies,FRANCE,Belle France,Belle France,direct,251
snacks,US_CANADA,The Hershey Company,The Hershey Company,market_scoped,251
snacks,US_CANADA,Kroger,Kroger,direct,243
dairies,FRANCE,Franprix,Franprix,direct,241
snacks,FRANCE,La Vie Claire,La Vie Claire,direct,240
dairies,US_CANADA,Lactalis,Lactalis,direct,239
snacks,FRANCE,Netto,Netto,direct,238
snacks,UK_IE,Sainsbury's,Sainsbury's,direct,235
snacks,FRANCE,Franprix,Franprix,direct,235
beverages,FRANCE,PepsiCo,PepsiCo,direct,232
dairies,US_CANADA,Meijer,Meijer,direct,227
dairies,UK_IE,Asda,Asda,direct,223
dairies,US_CANADA,Kraft Heinz,Kraft Heinz,direct,221
dairies,US_CANADA,Chobani,Chobani,direct,221
dairies,FRANCE|SOUTHERN_EUROPE,Carrefour,Carrefour,direct,220
snacks,FRANCE|UK_IE,Marks & Spencer,Marks & Spencer,direct,220
snacks,DACH|FRANCE,Other / not mapped to a company,Other / not mapped to a company,unresolved,218
snacks,UK_IE,Asda,Asda,direct,215
dairies,US_CANADA,Trader Joe's,Trader Joe's,direct,215
dairies,US_CANADA,Whole Foods / Amazon,Whole Foods / Amazon,direct,215
beverages,FRANCE,Belle France,Belle France,direct,211
dairies,US_CANADA,Target,Target,direct,204
dairies,FRANCE|UK_IE,Other / not mapped to a company,Other / not mapped to a company,unresolved,197
dairies,US_CANADA,Ahold Delhaize,Ahold Delhaize,direct,195
dairies,FRANCE|BENELUX,Other / not mapped to a company,Other / not mapped to a company,unresolved,194
dairies,UK_IE,Morrisons,Morrisons,direct,192
beverages,FRANCE,Léa Nature,Léa Nature,direct,192
snacks,US_CANADA,Whole Foods / Amazon,Whole Foods / Amazon,direct,192
dairies,US_CANADA,Wegmans,Wegmans,direct,191
snacks,UK_IE,Mars,Mars,direct,190
beverages,FRANCE,La Vie Claire,La Vie Claire,direct,189
snacks,UK_IE,Marks & Spencer,Marks & Spencer,direct,187
snacks,UK_IE,Morrisons,Morrisons,direct,184
beverages,US_CANADA,Ocean Spray,Ocean Spray,direct,184
snacks,FRANCE,Andros,Andros,direct,182
dairies,UK_IE,Lidl,Lidl,direct,179
dairies,FRANCE,La Vie Claire,La Vie Claire,direct,179
beverages,UK_IE,The Coca-Cola Company,The Coca-Cola Company,direct,175
snacks,UK_IE,Waitrose,Waitrose,direct,174
dairies,FRANCE,Other / not mapped to a company,Savencia,direct,174
beverages,FRANCE|BENELUX,Other / not mapped to a company,Other / not mapped to a company,unresolved,173
beverages,FRANCE,Netto,Netto,direct,173
cereals,US_CANADA,PepsiCo,PepsiCo,direct,171
snacks,UK_IE,Aldi,Aldi,direct,168
snacks,US_CANADA,Hy-Vee,Hy-Vee,direct,167
beverages,US_CANADA,Wegmans,Wegmans,direct,167
beverages,FRANCE,Leclerc,Leclerc,direct,164
dairies,UK_IE,Waitrose,Waitrose,direct,164
beverages,FRANCE,Suntory Beverage & Food,Suntory Beverage & Food,market_scoped,162
beverages,US_CANADA,Trader Joe's,Trader Joe's,direct,161
snacks,UK_IE,Haribo,Haribo,direct,160
dairies,FRANCE,Biocoop,Biocoop,direct,159
snacks,FRANCE,Thiriet,Thiriet,direct,159
beverages,DACH|FRANCE,Other / not mapped to a company,Other / not mapped to a company,unresolved,157
beverages,FRANCE,Franprix,Franprix,direct,157
snacks,UK_IE,Mondelēz International,Mondelēz International,market_scoped,155
snacks,FRANCE|DACH|SOUTHERN_EUROPE,Other / not mapped to a company,Other / not mapped to a company,unresolved,155
beverages,FRANCE|DACH,Nestlé,Nestlé,direct,154
beverages,FRANCE,Ecotone,Ecotone,direct,152
snacks,US_CANADA,Grupo Bimbo,Grupo Bimbo,direct,151
dairies,FRANCE|DACH,Lidl,Lidl,direct,151
beverages,UK_IE,Sainsbury's,Sainsbury's,direct,151
beverages,US_CANADA,Arizona Beverages,Arizona Beverages,direct,149
cereals,FRANCE,Nestlé,Nestlé,direct,149
snacks,FRANCE,Aldi,Aldi,direct,145
snacks,US_CANADA|FRANCE,Other / not mapped to a company,Other / not mapped to a company,unresolved,144
beverages,BENELUX|FRANCE|DACH,Other / not mapped to a company,Other / not mapped to a company,unresolved,144
dairies,BENELUX|FRANCE,Carrefour,Carrefour,direct,143
beverages,US_CANADA,H-E-B,H-E-B,direct,142
beverages,FRANCE|DACH|SOUTHERN_EUROPE,Other / not mapped to a company,Other / not mapped to a company,unresolved,142
beverages,UK_IE,Tesco,Tesco,direct,136
beverages,US_CANADA,Danone,Danone,direct,135
snacks,FRANCE,Savencia,Savencia,direct,135
snacks,UK_IE,Lidl,Lidl,direct,135
snacks,UK_IE,pladis,pladis,direct,134
snacks,FRANCE,Marks & Spencer,Marks & Spencer,direct,134
beverages,US_CANADA,Whole Foods / Amazon,Whole Foods / Amazon,direct,133
dairies,DACH|FRANCE,Other / not mapped to a company,Other / not mapped to a company,unresolved,132
cereals,US_CANADA,Ferrero,Ferrero,direct,130
beverages,FRANCE|UK_IE,Marks & Spencer,Marks & Spencer,direct,130
snacks,US_CANADA,H-E-B,H-E-B,direct,130
snacks,FRANCE|SOUTHERN_EUROPE,Mondelēz International,Mondelēz International,direct,128
snacks,NORDICS|FRANCE,Other / not mapped to a company,Other / not mapped to a company,unresolved,127
snacks,US_CANADA,Tops Friendly Markets,Tops Friendly Markets,direct,124
dairies,UK_IE,Aldi,Aldi,direct,124
dairies,UK_IE,Marks & Spencer,Marks & Spencer,direct,124
cereals,BENELUX|FRANCE,Other / not mapped to a company,Other / not mapped to a company,unresolved,120
snacks,FRANCE|US_CANADA,Mars,Mars,direct,119
snacks,US_CANADA,Ferrero,Ferrero,market_scoped,119
beverages,FRANCE|DACH,The Coca-Cola Company,The Coca-Cola Company,direct,117
snacks,FRANCE|DACH,Mondelēz International,Mondelēz International,direct,115
snacks,FRANCE|US_CANADA,Mondelēz International,Mondelēz International,direct,115
dairies,US_CANADA,General Mills,General Mills,direct,113
dairies,BENELUX|FRANCE,Ahold Delhaize,Ahold Delhaize,direct,113
beverages,UK_IE,Asda,Asda,direct,113
cereals,US_CANADA,General Mills,General Mills,market_scoped,111
cereals,US_CANADA,Meijer,Meijer,direct,111
cereals,UK_IE,Mars,Mars,market_scoped,111
snacks,FRANCE,Nestlé,Nestlé,market_scoped,110
beverages,DACH|UK_IE,Other / not mapped to a company,Other / not mapped to a company,unresolved,110
snacks,SOUTHERN_EUROPE|US_CANADA,Other / not mapped to a company,Other / not mapped to a company,unresolved,110
cereals,US_CANADA,Walmart / Great Value,Walmart / Great Value,direct,109
cereals,FRANCE|UK_IE,Other / not mapped to a company,Other / not mapped to a company,unresolved,108
snacks,DACH|UK_IE,Other / not mapped to a company,Other / not mapped to a company,unresolved,108
beverages,US_CANADA,Keurig Dr Pepper,Keurig Dr Pepper,market_scoped,107
dairies,US_CANADA,Hy-Vee,Hy-Vee,direct,107
snacks,FRANCE|DACH,Coop,Coop,direct,107
snacks,FRANCE,Moulin des Moines,Moulin des Moines,direct,107
dairies,FRANCE,Aldi,Aldi,direct,107
dairies,FRANCE|DACH,Coop,Coop,direct,106
snacks,US_CANADA,Haribo,Haribo,direct,106
beverages,UK_IE,Marks & Spencer,Marks & Spencer,direct,106
beverages,US_CANADA|FRANCE,Other / not mapped to a company,Other / not mapped to a company,unresolved,106
snacks,BENELUX|FRANCE,Ahold Delhaize,Ahold Delhaize,direct,105
beverages,US_CANADA,Tropicana Brands Group,Tropicana Brands Group,direct,105
beverages,FRANCE|DACH,Danone,Danone,direct,103
snacks,BENELUX|FRANCE,Mondelēz International,Mondelēz International,direct,103
dairies,FRANCE,Andros,Andros,direct,103
beverages,US_CANADA,Hy-Vee,Hy-Vee,direct,103
snacks,FRANCE,Leclerc,Leclerc,direct,102
snacks,DACH|US_CANADA,Other / not mapped to a company,Other / not mapped to a company,unresolved,100
dairies,FRANCE,Ecotone,Ecotone,direct,99
beverages,BENELUX|FRANCE,The Coca-Cola Company,The Coca-Cola Company,direct,99
dairies,US_CANADA,H-E-B,H-E-B,direct,98
beverages,US_CANADA,Associated Wholesale Grocers,Associated Wholesale Grocers,direct,98
cereals,US_CANADA,Post Holdings,Post Holdings,direct,97
beverages,FRANCE,Hema,Hema,direct,97
dairies,FRANCE|US_CANADA,Other / not mapped to a company,Other / not mapped to a company,unresolved,95
beverages,FRANCE,Other / not mapped to a company,Nestlé,direct,95
beverages,UK_IE,Morrisons,Morrisons,direct,94
snacks,BENELUX|FRANCE|DACH,Other / not mapped to a company,Other / not mapped to a company,unresolved,94
beverages,US_CANADA,The Campbell's Company,The Campbell's Company,direct,94
dairies,US_CANADA,Associated Wholesale Grocers,Associated Wholesale Grocers,direct,93
dairies,US_CANADA,Wakefern / ShopRite,Wakefern / ShopRite,direct,92
beverages,US_CANADA,Target,Target,direct,92
cereals,FRANCE|US_CANADA,Other / not mapped to a company,Other / not mapped to a company,unresolved,92
beverages,UK_IE,Nestlé,Nestlé,direct,92
snacks,US_CANADA,Giant Eagle,Giant Eagle,direct,91
beverages,BENELUX|FRANCE,Nestlé,Nestlé,direct,91
dairies,FRANCE,Dia,Dia,direct,90
snacks,FRANCE,Perfetti Van Melle,Perfetti Van Melle,direct,90
dairies,FRANCE|DACH,Migros,Migros,direct,90
cereals,FRANCE,Auchan,Auchan,direct,90
beverages,US_CANADA,Wakefern / ShopRite,Wakefern / ShopRite,direct,88
snacks,FRANCE|DACH,Haribo,Haribo,direct,88
snacks,FRANCE|DACH,Lindt & Sprüngli,Lindt & Sprüngli,direct,88
beverages,FRANCE,Marks & Spencer,Marks & Spencer,direct,86
beverages,FRANCE|SOUTHERN_EUROPE,Nestlé,Nestlé,direct,86
snacks,FRANCE|DACH,Mars,Mars,direct,86
snacks,UK_IE,Nestlé,Nestlé,direct,86
dairies,FRANCE,Other / not mapped to a company,Bel Group,direct,85
snacks,FRANCE|DACH,Nestlé,Nestlé,direct,85
dairies,US_CANADA,Saputo,Saputo,direct,83
dairies,FRANCE,Intermarché,Intermarché,direct,82
snacks,FRANCE,Léa Nature,Léa Nature,direct,82
snacks,FRANCE|DACH,Ferrero,Ferrero,direct,82
cereals,FRANCE|SOUTHERN_EUROPE,Carrefour,Carrefour,direct,82
snacks,UK_IE,Mondelēz International,Mondelēz International,direct,81
snacks,FRANCE|US_CANADA,Manual review / complex ownership,Manual review / complex ownership,manual_review,81
snacks,UK_IE|US_CANADA,Other / not mapped to a company,Other / not mapped to a company,unresolved,80
snacks,FRANCE|NORDICS,Other / not mapped to a company,Other / not mapped to a company,unresolved,80
snacks,BENELUX|FRANCE|DACH|SOUTHERN_EUROPE|UK_IE,Other / not mapped to a company,Other / not mapped to a company,unresolved,79
snacks,SOUTHERN_EUROPE|UK_IE,Other / not mapped to a company,Other / not mapped to a company,unresolved,79
snacks,FRANCE,Dia,Dia,direct,78
cereals,FRANCE,Ecotone,Ecotone,direct,78
dairies,DACH|US_CANADA,Other / not mapped to a company,Other / not mapped to a company,unresolved,77
dairies,FRANCE|SOUTHERN_EUROPE,Danone,Danone,market_scoped,77
cereals,US_CANADA,Kroger,Kroger,direct,76
dairies,FRANCE,Intermarché,Manual review / complex ownership,manual_review,76
cereals,FRANCE,Intermarché,Intermarché,direct,76
dairies,US_CANADA,Tops Friendly Markets,Tops Friendly Markets,direct,76
snacks,US_CANADA,Associated Wholesale Grocers,Associated Wholesale Grocers,direct,75
beverages,FRANCE|DACH,Lidl,Lidl,direct,74
snacks,US_CANADA,Other / not mapped to a company,Manual review / complex ownership,manual_review,74
beverages,BENELUX|FRANCE,Ahold Delhaize,Ahold Delhaize,direct,74
beverages,FRANCE|DACH,Manual review / complex ownership,Manual review / complex ownership,manual_review,74
cereals,US_CANADA,Wegmans,Wegmans,direct,73
cereals,FRANCE,Leader Price,Leader Price,direct,73
cereals,UK_IE,Asda,Asda,direct,73
dairies,FRANCE|UK_IE,Marks & Spencer,Marks & Spencer,direct,73
dairies,US_CANADA,Giant Eagle,Giant Eagle,direct,72
beverages,BENELUX|FRANCE,Carrefour,Carrefour,direct,71
beverages,UK_IE,Aldi,Aldi,direct,71
beverages,US_CANADA,Giant Eagle,Giant Eagle,direct,70
snacks,FRANCE|DACH|UK_IE,Other / not mapped to a company,Other / not mapped to a company,unresolved,70
snacks,UK_IE,Lotus Bakeries,Lotus Bakeries,direct,70
dairies,FRANCE,Manual review / complex ownership,Système U,direct,70
dairies,UK_IE,Arla,Arla,direct,70
beverages,FRANCE|DACH,Coop,Coop,direct,69
snacks,US_CANADA,pladis,pladis,direct,68
beverages,FRANCE,Arizona Beverages,Arizona Beverages,direct,68
cereals,FRANCE,Carrefour,Carrefour,direct,68
snacks,FRANCE|SOUTHERN_EUROPE,Nestlé,Nestlé,direct,67
dairies,BENELUX|FRANCE,Danone,Danone,market_scoped,67
dairies,UK_IE,Danone,Danone,direct,66
snacks,FRANCE|DACH,Migros,Migros,direct,66
snacks,FRANCE|DACH,Alnatura,Alnatura,direct,66
beverages,FRANCE|SOUTHERN_EUROPE,The Coca-Cola Company,The Coca-Cola Company,direct,66
beverages,BENELUX|FRANCE,Manual review / complex ownership,Manual review / complex ownership,manual_review,66
dairies,US_CANADA,Bel Group,Bel Group,direct,65
snacks,FRANCE,Biocoop,Biocoop,direct,65
dairies,US_CANADA,Aldi,Aldi,direct,65
beverages,FRANCE,Intermarché,Intermarché,direct,65
beverages,UK_IE,Waitrose,Waitrose,direct,64
dairies,FRANCE|DACH|SOUTHERN_EUROPE,Other / not mapped to a company,Other / not mapped to a company,unresolved,64
dairies,FRANCE,Marks & Spencer,Marks & Spencer,direct,64
cereals,BENELUX|FRANCE,Mars,Mars,market_scoped,64
cereals,FRANCE,PepsiCo,PepsiCo,direct,64
dairies,FRANCE|SOUTHERN_EUROPE,Lactalis,Lactalis,direct,64
beverages,UK_IE,Lidl,Lidl,direct,64
snacks,FRANCE|DACH,Lidl,Lidl,direct,63
beverages,FRANCE,PepsiCo,PepsiCo,market_scoped,63
snacks,FRANCE,Mars,Mars,market_scoped,63
snacks,US_CANADA,Aldi,Aldi,direct,63
dairies,DACH|UK_IE,Other / not mapped to a company,Other / not mapped to a company,unresolved,62
cereals,FRANCE|SOUTHERN_EUROPE,Mars,Mars,market_scoped,61
beverages,FRANCE,Dia,Dia,direct,60
cereals,US_CANADA,Ahold Delhaize,Ahold Delhaize,direct,60
cereals,FRANCE,La Vie Claire,La Vie Claire,direct,60
cereals,FRANCE|US_CANADA,Manual review / complex ownership,Manual review / complex ownership,manual_review,60
beverages,SOUTHERN_EUROPE|UK_IE,Other / not mapped to a company,Other / not mapped to a company,unresolved,59
snacks,FRANCE|SOUTHERN_EUROPE|DACH,Other / not mapped to a company,Other / not mapped to a company,unresolved,59
snacks,FRANCE,Mondelēz International,Mondelēz International,market_scoped,59
dairies,US_CANADA|FRANCE,Other / not mapped to a company,Other / not mapped to a company,unresolved,58
cereals,FRANCE,Cora,Cora,direct,58
beverages,UK_IE,PepsiCo,PepsiCo,direct,58
snacks,FRANCE|UK_IE,pladis,pladis,direct,58
dairies,FRANCE|SOUTHERN_EUROPE,Lidl,Lidl,direct,58
snacks,FRANCE|UK_IE,Tesco,Tesco,direct,57
snacks,US_CANADA,Nestlé,Nestlé,direct,56
cereals,UK_IE,Tesco,Tesco,direct,56
dairies,FRANCE,Arla,Arla,direct,56
dairies,FRANCE,Other / not mapped to a company,Manual review / complex ownership,manual_review,55
dairies,FRANCE|SOUTHERN_EUROPE,Nestlé,Nestlé,direct,55
dairies,BENELUX|FRANCE|DACH,Other / not mapped to a company,Other / not mapped to a company,unresolved,55
dairies,BENELUX|FRANCE,Danone,Danone,direct,55
snacks,US_CANADA,The Coca-Cola Company,Other / not mapped to a company,unresolved,55
snacks,FRANCE,General Mills,General Mills,direct,54
snacks,BENELUX|FRANCE,PepsiCo,PepsiCo,direct,54
snacks,US_CANADA,Other / not mapped to a company,Target,direct,53
beverages,FRANCE|DACH|UK_IE,Other / not mapped to a company,Other / not mapped to a company,unresolved,53
beverages,FRANCE|NORDICS,Other / not mapped to a company,Other / not mapped to a company,unresolved,52
cereals,US_CANADA,Trader Joe's,Trader Joe's,direct,52
beverages,FRANCE,Biocoop,Biocoop,direct,52
dairies,FRANCE|DACH,Nestlé,Nestlé,direct,52
dairies,FRANCE,Coop,Coop,direct,52
cereals,UK_IE,Morrisons,Morrisons,direct,52
beverages,US_CANADA,Kraft Heinz,Kraft Heinz,direct,51
cereals,UK_IE,Sainsbury's,Sainsbury's,direct,51
snacks,FRANCE|UK_IE,Sainsbury's,Sainsbury's,direct,51
beverages,SOUTHERN_EUROPE|US_CANADA,Other / not mapped to a company,Other / not mapped to a company,unresolved,51
cereals,FRANCE|DACH,Mars,Mars,market_scoped,51
snacks,US_CANADA,Kraft Heinz,Kraft Heinz,direct,50
beverages,FRANCE|SOUTHERN_EUROPE,Lidl,Lidl,direct,50
cereals,UK_IE,Nestlé,Nestlé,direct,50
snacks,FRANCE|SOUTHERN_EUROPE,Haribo,Haribo,direct,50
cereals,FRANCE,Nestlé,Manual review / complex ownership,manual_review,50
snacks,FRANCE,Coop,Coop,direct,49
beverages,FRANCE|UK_IE,The Coca-Cola Company,The Coca-Cola Company,direct,49
beverages,FRANCE|UK_IE,Tesco,Tesco,direct,49
beverages,FRANCE,Capri Sun Group / Coca-Cola Europacific Partners,Capri Sun Group / Coca-Cola Europacific Partners,market_scoped,49
dairies,US_CANADA,Mondelēz International,Mondelēz International,direct,48
dairies,US_CANADA,Danone (Dannon in US),Danone (Dannon in US),market_scoped,48
snacks,UK_IE,Coop,Coop,direct,48
snacks,FRANCE|SOUTHERN_EUROPE,Auchan,Auchan,direct,47
dairies,FRANCE|UK_IE,Tesco,Tesco,direct,47
beverages,US_CANADA,The Coca-Cola Company,Other / not mapped to a company,unresolved,47
snacks,FRANCE|DACH|BENELUX,Other / not mapped to a company,Other / not mapped to a company,unresolved,46
beverages,FRANCE|DACH,PepsiCo,PepsiCo,direct,46
dairies,FRANCE,Other / not mapped to a company,Lactalis,direct,46
snacks,UK_IE,Lindt & Sprüngli,Lindt & Sprüngli,direct,46
snacks,FRANCE,Other / not mapped to a company,Mondelēz International,direct,46
cereals,UK_IE,Waitrose,Waitrose,direct,46
beverages,NORDICS|FRANCE,Other / not mapped to a company,Other / not mapped to a company,unresolved,45
beverages,US_CANADA,Tops Friendly Markets,Tops Friendly Markets,direct,45
beverages,FRANCE|DACH,Alnatura,Alnatura,direct,45
cereals,UK_IE,PepsiCo,PepsiCo,direct,44
dairies,UK_IE,Danone,Danone,market_scoped,44
cereals,UK_IE,Marks & Spencer,Marks & Spencer,direct,44
snacks,US_CANADA,Wakefern / ShopRite,Wakefern / ShopRite,direct,43
dairies,FRANCE,Mondelēz International,Mondelēz International,direct,43
snacks,BENELUX|FRANCE|SOUTHERN_EUROPE,Carrefour,Carrefour,direct,43
cereals,FRANCE,Moulin des Moines,Moulin des Moines,direct,42
cereals,FRANCE,Leclerc,Leclerc,direct,42
snacks,UK_IE,Ferrero,Ferrero,direct,42
dairies,US_CANADA,Nestlé,Nestlé,direct,42
beverages,US_CANADA,LIPTON Teas and Infusions / Ekaterra,LIPTON Teas and Infusions / Ekaterra,recently_sold_or_spun_off,41
snacks,US_CANADA,The Coca-Cola Company,The Coca-Cola Company,direct,41
snacks,FRANCE,The Hershey Company,The Hershey Company,direct,41
cereals,FRANCE|BENELUX,Other / not mapped to a company,Other / not mapped to a company,unresolved,41
beverages,FRANCE,Aldi,Aldi,direct,40
dairies,US_CANADA,Arla,Arla,direct,40
beverages,FRANCE|UK_IE,Sainsbury's,Sainsbury's,direct,40
cereals,FRANCE,Biocoop,Biocoop,direct,40
dairies,UK_IE,Coop,Coop,direct,39
dairies,UK_IE,Nestlé,Nestlé,direct,39
beverages,FRANCE,Ocean Spray,Ocean Spray,direct,39
snacks,US_CANADA,Manual review / complex ownership,Manual review / complex ownership,manual_review,39
beverages,BENELUX|FRANCE,Suntory Beverage & Food,Suntory Beverage & Food,market_scoped,39
snacks,FRANCE|SOUTHERN_EUROPE,PepsiCo,PepsiCo,direct,39
dairies,FRANCE,Picard,Picard,direct,39
snacks,FRANCE,Other / not mapped to a company,Manual review / complex ownership,manual_review,38
beverages,UK_IE,Monster Beverage Corp,Monster Beverage Corp,market_scoped,37
dairies,FRANCE|DACH,Savencia,Savencia,direct,36
dairies,FRANCE|DACH,Lactalis,Lactalis,direct,36
snacks,FRANCE|SOUTHERN_EUROPE,Dia,Dia,direct,36
beverages,US_CANADA,Aldi,Aldi,direct,36
beverages,FRANCE|SOUTHERN_EUROPE|DACH,Other / not mapped to a company,Other / not mapped to a company,unresolved,36
snacks,FRANCE|SOUTHERN_EUROPE,Lidl,Lidl,direct,35
beverages,FRANCE,Monster Beverage Corp,Monster Beverage Corp,market_scoped,35
beverages,FRANCE,Manual review / complex ownership,Groupe Casino,direct,35
beverages,UK_IE|US_CANADA,Other / not mapped to a company,Other / not mapped to a company,unresolved,35
dairies,BENELUX|FRANCE,Nestlé,Nestlé,direct,35
snacks,FRANCE|SOUTHERN_EUROPE|UK_IE,Other / not mapped to a company,Other / not mapped to a company,unresolved,35
snacks,FRANCE|US_CANADA,General Mills,General Mills,direct,35
beverages,FRANCE|SOUTHERN_EUROPE,Manual review / complex ownership,Manual review / complex ownership,manual_review,34
cereals,FRANCE|UK_IE,Tesco,Tesco,direct,34
cereals,US_CANADA,H-E-B,H-E-B,direct,34
dairies,BENELUX|FRANCE,Lidl,Lidl,direct,34
dairies,US_CANADA,Savencia,Savencia,direct,33
beverages,FRANCE|SOUTHERN_EUROPE,Auchan,Auchan,direct,33
beverages,FRANCE,Kraft Heinz,Kraft Heinz,direct,33
snacks,FRANCE|UK_IE,Nestlé,Nestlé,direct,33
cereals,FRANCE,Netto,Netto,direct,33
snacks,FRANCE|UK_IE|US_CANADA,Manual review / complex ownership,Manual review / complex ownership,manual_review,33
cereals,US_CANADA,Associated Wholesale Grocers,Associated Wholesale Grocers,direct,32
cereals,FRANCE,Belle France,Belle France,direct,32
beverages,FRANCE|US_CANADA,Nestlé,Nestlé,direct,32
beverages,US_CANADA,Lidl,Lidl,direct,32
beverages,UK_IE,Manual review / complex ownership,Manual review / complex ownership,manual_review,32
beverages,UK_IE,Tropicana Brands Group,Tropicana Brands Group,direct,32
snacks,BENELUX|FRANCE|SOUTHERN_EUROPE,Other / not mapped to a company,Other / not mapped to a company,unresolved,32
dairies,BENELUX|FRANCE|SOUTHERN_EUROPE,Other / not mapped to a company,Other / not mapped to a company,unresolved,31
snacks,BENELUX|FRANCE,Nestlé,Nestlé,direct,31
cereals,FRANCE,Priméal,Priméal,direct,31
beverages,UK_IE,Danone,Danone,direct,31
beverages,FRANCE,Other / not mapped to a company,The Coca-Cola Company,direct,31
beverages,BENELUX|FRANCE|SOUTHERN_EUROPE,Other / not mapped to a company,Other / not mapped to a company,unresolved,30
dairies,US_CANADA,Lidl,Lidl,direct,30
beverages,FRANCE|UK_IE,Nestlé,Nestlé,direct,30
snacks,FRANCE|SOUTHERN_EUROPE,Barilla,Barilla,direct,30
beverages,FRANCE,Otsuka / Nutrition & Santé,Otsuka / Nutrition & Santé,direct,30
dairies,FRANCE|UK_IE,Sainsbury's,Sainsbury's,direct,30
snacks,NORDICS|UK_IE,Other / not mapped to a company,Other / not mapped to a company,unresolved,30
beverages,US_CANADA,Other / not mapped to a company,Kraft Heinz,market_scoped,30
beverages,FRANCE|DACH,Migros,Migros,direct,30
beverages,BENELUX|FRANCE,Danone,Danone,direct,30
cereals,FRANCE,Monoprix,Monoprix,direct,30
cereals,US_CANADA,Target,Target,direct,29
dairies,US_CANADA,Chobani,Other / not mapped to a company,unresolved,29
snacks,FRANCE|UK_IE,Mars,Mars,direct,29
snacks,FRANCE,Trader Joe's,Trader Joe's,direct,29
dairies,FRANCE|DACH,Bel Group,Bel Group,direct,29
beverages,FRANCE,Manual review / complex ownership,Système U,direct,29
dairies,SOUTHERN_EUROPE|UK_IE,Other / not mapped to a company,Other / not mapped to a company,unresolved,29
beverages,FRANCE,Other / not mapped to a company,Monster Beverage Corp,market_scoped,28
cereals,US_CANADA,Whole Foods / Amazon,Whole Foods / Amazon,direct,28
dairies,BENELUX|FRANCE,Manual review / complex ownership,Manual review / complex ownership,manual_review,28
snacks,FRANCE,Barilla,Barilla,direct,28
snacks,FRANCE,Manual review / complex ownership,Système U,direct,28
snacks,US_CANADA,Lidl,Lidl,direct,28
snacks,BENELUX|FRANCE,Haribo,Haribo,direct,28
dairies,FRANCE|DACH|SOUTHERN_EUROPE,Lidl,Lidl,direct,28
cereals,FRANCE|SOUTHERN_EUROPE,Nestlé,Nestlé,direct,28
cereals,FRANCE|DACH|SOUTHERN_EUROPE,Other / not mapped to a company,Other / not mapped to a company,unresolved,28
cereals,FRANCE,Other / not mapped to a company,PepsiCo,direct,28
beverages,US_CANADA,Other / not mapped to a company,The Coca-Cola Company,direct,28
cereals,BENELUX|FRANCE,Ahold Delhaize,Ahold Delhaize,direct,28
beverages,US_CANADA,Monster Beverage Corp (Coca-Cola 20% stake / exclusive distrib),Monster Beverage Corp (Coca-Cola 20% stake / exclusive distrib),market_scoped,28
beverages,FRANCE|US_CANADA,The Coca-Cola Company,The Coca-Cola Company,direct,28
cereals,FRANCE|UK_IE,Mars,Mars,market_scoped,27
cereals,UK_IE,Post Holdings,Post Holdings,direct,27
cereals,US_CANADA,Mars,Mars,direct,27
beverages,FRANCE,Mondelēz International,Mondelēz International,direct,27
dairies,BENELUX|FRANCE|DACH|UK_IE|SOUTHERN_EUROPE,Savencia,Savencia,direct,27
dairies,FRANCE,Kraft Heinz,Kraft Heinz,direct,27
snacks,FRANCE|US_CANADA,The Campbell's Company,The Campbell's Company,direct,27
dairies,UK_IE,Saputo,Saputo,direct,27
dairies,FRANCE|SOUTHERN_EUROPE,Danone,Danone,direct,27
dairies,SOUTHERN_EUROPE|US_CANADA,Other / not mapped to a company,Other / not mapped to a company,unresolved,27
beverages,FRANCE|US_CANADA,Tropicana Brands Group,Tropicana Brands Group,direct,27
beverages,BENELUX|UK_IE,Other / not mapped to a company,Other / not mapped to a company,unresolved,27
snacks,FRANCE|SOUTHERN_EUROPE,Ferrero,Ferrero,direct,27
dairies,UK_IE|US_CANADA,Other / not mapped to a company,Other / not mapped to a company,unresolved,27
beverages,FRANCE|SOUTHERN_EUROPE,Lactalis,Lactalis,direct,26
beverages,FRANCE|DACH|US_CANADA,Other / not mapped to a company,Other / not mapped to a company,unresolved,26
cereals,US_CANADA,Ferrero,Other / not mapped to a company,unresolved,26
dairies,FRANCE|US_CANADA,Danone (Dannon in US),Danone (Dannon in US),market_scoped,26
cereals,FRANCE|DACH,Alnatura,Alnatura,direct,26
beverages,FRANCE|US_CANADA,PepsiCo,PepsiCo,direct,26
dairies,FRANCE|SOUTHERN_EUROPE,Auchan,Auchan,direct,26
dairies,FRANCE|SOUTHERN_EUROPE,Dia,Dia,direct,26
beverages,BENELUX|FRANCE|SOUTHERN_EUROPE,Carrefour,Carrefour,direct,26
dairies,UK_IE,Mondelēz International,Mondelēz International,direct,26
dairies,US_CANADA,The Coca-Cola Company,The Coca-Cola Company,direct,25
beverages,FRANCE|DACH|BENELUX,Other / not mapped to a company,Other / not mapped to a company,unresolved,25
snacks,FRANCE|US_CANADA,Ferrero,Ferrero,direct,25
snacks,FRANCE|US_CANADA,The Hershey Company,The Hershey Company,direct,25
snacks,NORDICS|FRANCE|DACH,Other / not mapped to a company,Other / not mapped to a company,unresolved,25
cereals,DACH|FRANCE,Other / not mapped to a company,Other / not mapped to a company,unresolved,25
snacks,BENELUX|UK_IE,Other / not mapped to a company,Other / not mapped to a company,unresolved,25
snacks,FRANCE|DACH|US_CANADA,Other / not mapped to a company,Other / not mapped to a company,unresolved,25
beverages,FRANCE|DACH,Suntory Beverage & Food,Suntory Beverage & Food,market_scoped,24
snacks,FRANCE,Kraft Heinz,Mondelēz International,direct,24
snacks,FRANCE|DACH,Aldi,Aldi,direct,24
beverages,FRANCE|US_CANADA,Manual review / complex ownership,Manual review / complex ownership,manual_review,24
dairies,NORDICS|FRANCE,Other / not mapped to a company,Other / not mapped to a company,unresolved,24
cereals,BENELUX|FRANCE|DACH,Other / not mapped to a company,Other / not mapped to a company,unresolved,24
cereals,US_CANADA|FRANCE,Other / not mapped to a company,Other / not mapped to a company,unresolved,24
beverages,FRANCE,LIPTON Teas and Infusions / Ekaterra,LIPTON Teas and Infusions / Ekaterra,recently_sold_or_spun_off,24
snacks,FRANCE|SOUTHERN_EUROPE,Mars,Mars,market_scoped,23
beverages,FRANCE,Other / not mapped to a company,Suntory Beverage & Food,market_scoped,23
dairies,BENELUX|FRANCE,Mondelēz International,Mondelēz International,direct,23
beverages,FRANCE,Moulin des Moines,Moulin des Moines,direct,23
beverages,FRANCE,The Coca-Cola Company,Other / not mapped to a company,unresolved,23
snacks,FRANCE|UK_IE,Mondelēz International,Mondelēz International,direct,23
snacks,FRANCE|SOUTHERN_EUROPE,Mars,Mars,direct,23
dairies,US_CANADA,General Mills,Other / not mapped to a company,unresolved,23
cereals,US_CANADA,Wakefern / ShopRite,Wakefern / ShopRite,direct,23
dairies,FRANCE|NORDICS,Other / not mapped to a company,Other / not mapped to a company,unresolved,23
snacks,FRANCE|UK_IE|US_CANADA,Other / not mapped to a company,Other / not mapped to a company,unresolved,23
snacks,FRANCE|UK_IE,Lotus Bakeries,Lotus Bakeries,direct,22
dairies,FRANCE|SOUTHERN_EUROPE|DACH,Other / not mapped to a company,Other / not mapped to a company,unresolved,22
dairies,FRANCE,Manual review / complex ownership,Groupe Casino,direct,22
beverages,BENELUX|FRANCE|DACH|SOUTHERN_EUROPE,Other / not mapped to a company,Other / not mapped to a company,unresolved,22
cereals,FRANCE|DACH,Nestlé,Nestlé,direct,22
dairies,FRANCE|DACH,Danone,Danone,direct,22
beverages,FRANCE|SOUTHERN_EUROPE,Dia,Dia,direct,22
snacks,UK_IE,Morrisons,Other / not mapped to a company,unresolved,22
snacks,US_CANADA,Mondelēz International,Other / not mapped to a company,unresolved,22
cereals,US_CANADA,Tops Friendly Markets,Tops Friendly Markets,direct,22
snacks,BENELUX|FRANCE|DACH,Mondelēz International,Mondelēz International,direct,22
snacks,FRANCE|UK_IE,Mondelēz International,Mondelēz International,market_scoped,22
dairies,BENELUX|FRANCE|SOUTHERN_EUROPE,Carrefour,Carrefour,direct,21
dairies,FRANCE,Manual review / complex ownership,Les Mousquetaires / Intermarché,direct,21
cereals,FRANCE|US_CANADA,PepsiCo,PepsiCo,direct,21
snacks,FRANCE|SOUTHERN_EUROPE,Lindt & Sprüngli,Lindt & Sprüngli,direct,21
snacks,DACH|FRANCE,Haribo,Haribo,direct,21
snacks,DACH|FRANCE,Mondelēz International,Mondelēz International,direct,21
beverages,FRANCE,Lactalis,Lactalis,direct,21
snacks,BENELUX|FRANCE,Mars,Mars,direct,21
beverages,BENELUX|FRANCE|DACH,The Coca-Cola Company,The Coca-Cola Company,direct,21
beverages,FRANCE|SOUTHERN_EUROPE,Suntory Beverage & Food,Suntory Beverage & Food,market_scoped,20
snacks,BENELUX|US_CANADA,Other / not mapped to a company,Other / not mapped to a company,unresolved,20
cereals,FRANCE|US_CANADA,General Mills,General Mills,direct,20
beverages,BENELUX|FRANCE|UK_IE,Other / not mapped to a company,Other / not mapped to a company,unresolved,20
snacks,FRANCE,Manual review / complex ownership,Groupe Casino,direct,20
dairies,FRANCE|SOUTHERN_EUROPE,Mondelēz International,Mondelēz International,direct,20
dairies,US_CANADA,Flora Food Group,Flora Food Group,direct,20
beverages,FRANCE|UK_IE,Danone,Danone,direct,20
snacks,FRANCE|US_CANADA,Nestlé,Nestlé,direct,20
cereals,FRANCE,Marks & Spencer,Marks & Spencer,direct,20
beverages,FRANCE|SOUTHERN_EUROPE|UK_IE,Other / not mapped to a company,Other / not mapped to a company,unresolved,20
cereals,FRANCE|DACH,Coop,Coop,direct,20
snacks,UK_IE|US_CANADA,Manual review / complex ownership,Manual review / complex ownership,manual_review,20
cereals,FRANCE|UK_IE,Marks & Spencer,Marks & Spencer,direct,20
snacks,US_CANADA,Other / not mapped to a company,PepsiCo,direct,20
cereals,FRANCE|UK_IE,Sainsbury's,Sainsbury's,direct,20
cereals,FRANCE,Mars,Other / not mapped to a company,unresolved,19
snacks,BENELUX|FRANCE,Intermarché,Intermarché,direct,19
snacks,FRANCE|SOUTHERN_EUROPE|US_CANADA,Other / not mapped to a company,Other / not mapped to a company,unresolved,19
dairies,UK_IE,Bel Group,Bel Group,direct,19
dairies,UK_IE,Lactalis,Lactalis,direct,19
beverages,US_CANADA,PepsiCo,Other / not mapped to a company,unresolved,19
snacks,FRANCE,The Campbell's Company,The Campbell's Company,direct,19
beverages,UK_IE,Coop,Coop,direct,19
snacks,FRANCE,Nestlé,Manual review / complex ownership,manual_review,19
snacks,FRANCE|DACH,Otsuka / Nutrition & Santé,Otsuka / Nutrition & Santé,direct,19
dairies,BENELUX|FRANCE,Bel Group,Bel Group,direct,19
dairies,FRANCE|DACH,Manual review / complex ownership,Manual review / complex ownership,manual_review,19
cereals,FRANCE,Otsuka / Nutrition & Santé,Otsuka / Nutrition & Santé,direct,19
cereals,FRANCE,Aldi,Aldi,direct,19
dairies,FRANCE,Lidl,Carrefour,direct,19
cereals,FRANCE,Franprix,Franprix,direct,19
dairies,UK_IE,Mondelēz International,Mondelēz International,market_scoped,19
cereals,US_CANADA,Aldi,Aldi,direct,19
dairies,FRANCE|DACH,Danone,Danone,market_scoped,19
snacks,FRANCE|US_CANADA,PepsiCo,PepsiCo,direct,18
cereals,DACH|US_CANADA,Other / not mapped to a company,Other / not mapped to a company,unresolved,18
beverages,BENELUX|FRANCE|DACH,Danone,Danone,direct,18
snacks,US_CANADA,Arizona Beverages,Other / not mapped to a company,unresolved,18
beverages,FRANCE,Unilever Foods,Unilever Foods,direct,18
snacks,US_CANADA,Ferrero,Other / not mapped to a company,unresolved,18
snacks,UK_IE,Perfetti Van Melle,Perfetti Van Melle,direct,18
snacks,FRANCE|UK_IE,PepsiCo,PepsiCo,direct,18
dairies,UK_IE,Andros,Andros,direct,18
dairies,FRANCE|UK_IE,Arla,Arla,direct,18
snacks,US_CANADA,Wegmans,Other / not mapped to a company,unresolved,18
beverages,UK_IE,Suntory Beverage & Food,Suntory Beverage & Food,market_scoped,18
dairies,FRANCE|UK_IE,Lidl,Lidl,direct,18
snacks,BENELUX|FRANCE|DACH,Mars,Mars,direct,17
cereals,NORDICS|FRANCE,Other / not mapped to a company,Other / not mapped to a company,unresolved,17
snacks,FRANCE,Other / not mapped to a company,Nestlé,market_scoped,17
cereals,BENELUX|FRANCE,Nestlé,Nestlé,direct,17
snacks,US_CANADA|FRANCE,Manual review / complex ownership,Manual review / complex ownership,manual_review,17
beverages,FRANCE|DACH,Other / not mapped to a company,Nestlé,direct,17
snacks,FRANCE,Tipiak,Tipiak,direct,17
snacks,BENELUX|FRANCE|UK_IE,Other / not mapped to a company,Other / not mapped to a company,unresolved,17
cereals,SOUTHERN_EUROPE|US_CANADA,Other / not mapped to a company,Other / not mapped to a company,unresolved,17
beverages,FRANCE,Bel Group,Bel Group,direct,17
dairies,FRANCE,Tesco,Tesco,direct,17
cereals,FRANCE,Lidl,Lidl,direct,17
cereals,FRANCE,Post Holdings,Post Holdings,direct,17
dairies,FRANCE|DACH,Aldi,Aldi,direct,17
dairies,BENELUX|FRANCE,FrieslandCampina,FrieslandCampina,direct,17
beverages,FRANCE,pladis,pladis,direct,17
snacks,UK_IE,Mars,Mars,market_scoped,17
snacks,FRANCE|UK_IE,Waitrose,Waitrose,direct,17
dairies,US_CANADA,Manual review / complex ownership,Manual review / complex ownership,manual_review,16
snacks,FRANCE,Mondelēz International,Other / not mapped to a company,unresolved,16
dairies,UK_IE,Flora Food Group,Flora Food Group,direct,16
snacks,FRANCE|DACH|SOUTHERN_EUROPE,Mondelēz International,Mondelēz International,direct,16
snacks,FRANCE|DACH|SOUTHERN_EUROPE|UK_IE,Other / not mapped to a company,Other / not mapped to a company,unresolved,16
snacks,DACH|FRANCE,Ferrero,Ferrero,direct,16
snacks,FRANCE,Tesco,Tesco,direct,16
dairies,FRANCE|DACH|UK_IE,Other / not mapped to a company,Other / not mapped to a company,unresolved,16
snacks,US_CANADA,Other / not mapped to a company,The Hershey Company,market_scoped,16
snacks,US_CANADA,Mars,Other / not mapped to a company,unresolved,16
beverages,BENELUX|FRANCE|DACH,Nestlé,Nestlé,direct,16
snacks,UK_IE,Post Holdings,Post Holdings,direct,16
dairies,FRANCE|DACH,General Mills,General Mills,direct,16
dairies,FRANCE,Otsuka / Nutrition & Santé,Otsuka / Nutrition & Santé,direct,16
dairies,FRANCE,Nestlé,Other / not mapped to a company,unresolved,16
cereals,UK_IE,Aldi,Aldi,direct,16
cereals,FRANCE,Léa Nature,Léa Nature,direct,16
cereals,US_CANADA,Nestlé,Nestlé,direct,16
dairies,US_CANADA,The Coca-Cola Company,Other / not mapped to a company,unresolved,16
cereals,FRANCE|SOUTHERN_EUROPE,Auchan,Auchan,direct,15
dairies,BENELUX|FRANCE,General Mills,General Mills,direct,15
dairies,BENELUX|FRANCE,Other / not mapped to a company,General Mills,direct,15
dairies,FRANCE,Thiriet,Thiriet,direct,15
beverages,FRANCE|SOUTHERN_EUROPE,PepsiCo,PepsiCo,direct,15
snacks,FRANCE|DACH|SOUTHERN_EUROPE,Lidl,Lidl,direct,15
snacks,FRANCE|SOUTHERN_EUROPE,Coop,Coop,direct,15
snacks,FRANCE|DACH,Manual review / complex ownership,Manual review / complex ownership,manual_review,15
snacks,FRANCE|DACH|SOUTHERN_EUROPE,Ferrero,Ferrero,direct,15
cereals,BENELUX|FRANCE|DACH,Mars,Mars,market_scoped,15
cereals,BENELUX|FRANCE|SOUTHERN_EUROPE,Carrefour,Carrefour,direct,15
dairies,FRANCE|DACH|BENELUX,Other / not mapped to a company,Other / not mapped to a company,unresolved,15
snacks,US_CANADA,Smarties Candy Company,Smarties Candy Company,market_scoped,15
dairies,US_CANADA,Other / not mapped to a company,Target,direct,15
snacks,BENELUX|FRANCE,Ferrero,Ferrero,direct,15
beverages,FRANCE,Danone,Danone,market_scoped,15
dairies,FRANCE,Lactalis,Other / not mapped to a company,unresolved,15
beverages,FRANCE,Coop,Coop,direct,15
dairies,FRANCE,Les Mousquetaires / Intermarché,Les Mousquetaires / Intermarché,direct,15
snacks,UK_IE,Nestlé,Nestlé,market_scoped,15
beverages,FRANCE|DACH,Arizona Beverages,Arizona Beverages,direct,15
beverages,FRANCE|DACH,pladis,pladis,direct,15
beverages,FRANCE|DACH,Aldi,Aldi,direct,14
snacks,FRANCE|US_CANADA,Lindt & Sprüngli,Lindt & Sprüngli,direct,14
beverages,BENELUX|FRANCE|DACH|UK_IE,Other / not mapped to a company,Other / not mapped to a company,unresolved,14
beverages,FRANCE|UK_IE,Manual review / complex ownership,Manual review / complex ownership,manual_review,14
cereals,BENELUX|FRANCE,PepsiCo,PepsiCo,direct,14
dairies,FRANCE|DACH,Other / not mapped to a company,General Mills,direct,14
dairies,FRANCE,FrieslandCampina,FrieslandCampina,direct,14
dairies,BENELUX|FRANCE|DACH|SOUTHERN_EUROPE,Other / not mapped to a company,Other / not mapped to a company,unresolved,14
dairies,BENELUX|FRANCE,Lactalis,Lactalis,direct,14
snacks,FRANCE,Lotus Bakeries,Lotus Bakeries,direct,14
dairies,UK_IE,FrieslandCampina,FrieslandCampina,direct,14
cereals,BENELUX|FRANCE|DACH|SOUTHERN_EUROPE,Other / not mapped to a company,Other / not mapped to a company,unresolved,14
dairies,FRANCE|DACH,Other / not mapped to a company,Savencia,direct,14
snacks,FRANCE|UK_IE,General Mills,General Mills,direct,14
snacks,UK_IE,General Mills,General Mills,direct,14
dairies,BENELUX|FRANCE,Savencia,Savencia,direct,14
beverages,BENELUX|FRANCE,Tropicana Brands Group,Tropicana Brands Group,direct,13
cereals,FRANCE|NORDICS,Other / not mapped to a company,Other / not mapped to a company,unresolved,13
cereals,FRANCE|US_CANADA,Ferrero,Ferrero,direct,13
cereals,FRANCE|SOUTHERN_EUROPE,Dia,Dia,direct,13
beverages,FRANCE,Other / not mapped to a company,Tropicana Brands Group,direct,13
snacks,US_CANADA|FRANCE,Nestlé,Nestlé,direct,13
dairies,FRANCE|UK_IE,Lactalis,Lactalis,direct,13
dairies,US_CANADA,Arla,Other / not mapped to a company,unresolved,13
cereals,US_CANADA,Other / not mapped to a company,Post Holdings,direct,13
dairies,FRANCE|DACH,Alnatura,Alnatura,direct,13
beverages,FRANCE|DACH|SOUTHERN_EUROPE,Nestlé,Nestlé,direct,13
snacks,UK_IE,Asda,Other / not mapped to a company,unresolved,13
snacks,US_CANADA,Perfetti Van Melle,Perfetti Van Melle,direct,13
beverages,FRANCE,The Coca-Cola Company,The Coca-Cola Company,market_scoped,13
snacks,US_CANADA|FRANCE,Lindt & Sprüngli,Lindt & Sprüngli,direct,13
beverages,UK_IE,The Coca-Cola Company,The Coca-Cola Company,market_scoped,13
snacks,FRANCE|DACH,St Michel,St Michel,direct,13
snacks,BENELUX|FRANCE,Aldi,Aldi,direct,13
beverages,US_CANADA,Other / not mapped to a company,Target,direct,13
snacks,FRANCE|DACH,PepsiCo,PepsiCo,direct,13
snacks,FRANCE|SOUTHERN_EUROPE,pladis,pladis,direct,13
beverages,US_CANADA|FRANCE,The Coca-Cola Company,The Coca-Cola Company,direct,13
dairies,UK_IE,Waitrose,Other / not mapped to a company,unresolved,13
dairies,FRANCE|SOUTHERN_EUROPE,Manual review / complex ownership,Manual review / complex ownership,manual_review,13
dairies,FRANCE|UK_IE,Nestlé,Nestlé,direct,13
snacks,US_CANADA,PepsiCo,Other / not mapped to a company,unresolved,12
cereals,FRANCE|UK_IE,Nestlé,Nestlé,direct,12
snacks,UK_IE|US_CANADA,Mondelēz International,Mondelēz International,direct,12
beverages,FRANCE,Nestlé,Other / not mapped to a company,unresolved,12
dairies,BENELUX|FRANCE|DACH,Lidl,Lidl,direct,12
cereals,DACH|UK_IE,Other / not mapped to a company,Other / not mapped to a company,unresolved,12
beverages,FRANCE|SOUTHERN_EUROPE,Tropicana Brands Group,Tropicana Brands Group,direct,12
dairies,FRANCE,Ahold Delhaize,Ahold Delhaize,direct,12
cereals,SOUTHERN_EUROPE|UK_IE,Other / not mapped to a company,Other / not mapped to a company,unresolved,12
beverages,FRANCE,Tesco,Tesco,direct,12
beverages,FRANCE|SOUTHERN_EUROPE|US_CANADA,Other / not mapped to a company,Other / not mapped to a company,unresolved,12
snacks,FRANCE|UK_IE,Ferrero,Ferrero,direct,12
dairies,FRANCE|UK_IE,Waitrose,Waitrose,direct,12
dairies,US_CANADA,Danone,Other / not mapped to a company,unresolved,12
dairies,UK_IE,General Mills,General Mills,direct,12
snacks,FRANCE|UK_IE,Coop,Coop,direct,12
snacks,DACH|FRANCE|SOUTHERN_EUROPE,Other / not mapped to a company,Other / not mapped to a company,unresolved,12
snacks,DACH|US_CANADA,PepsiCo,PepsiCo,direct,12
snacks,FRANCE,Grupo Bimbo,Grupo Bimbo,direct,12
beverages,UK_IE,LIPTON Teas and Infusions / Ekaterra,LIPTON Teas and Infusions / Ekaterra,recently_sold_or_spun_off,12
beverages,BENELUX|FRANCE,Lidl,Lidl,direct,12
snacks,US_CANADA,Other / not mapped to a company,Mars,direct,11
snacks,US_CANADA,TGI Friday's,TGI Friday's,direct,11
cereals,UK_IE,Lidl,Lidl,direct,11
cereals,BENELUX|FRANCE|SOUTHERN_EUROPE,Other / not mapped to a company,Other / not mapped to a company,unresolved,11
cereals,BENELUX|UK_IE,Other / not mapped to a company,Other / not mapped to a company,unresolved,11
snacks,FRANCE|DACH,Andros,Andros,direct,11
beverages,FRANCE,Other / not mapped to a company,PepsiCo,market_scoped,11
beverages,UK_IE,Other / not mapped to a company,The Coca-Cola Company,direct,11
snacks,DACH|SOUTHERN_EUROPE|UK_IE,Other / not mapped to a company,Other / not mapped to a company,unresolved,11
snacks,UK_IE,PepsiCo,Other / not mapped to a company,unresolved,11
snacks,FRANCE,Ferrero,Other / not mapped to a company,unresolved,11
dairies,US_CANADA,PepsiCo,PepsiCo,direct,11
cereals,FRANCE|UK_IE,Post Holdings,Post Holdings,direct,11
dairies,FRANCE,Other / not mapped to a company,Carrefour,direct,11
snacks,FRANCE,The Magnum Ice Cream Company,The Magnum Ice Cream Company,recently_demerged,11
snacks,FRANCE|UK_IE,Mars,Mars,market_scoped,11
dairies,FRANCE,Flora Food Group,Flora Food Group,direct,11
beverages,FRANCE|DACH,Capri Sun Group / Coca-Cola Europacific Partners,Capri Sun Group / Coca-Cola Europacific Partners,market_scoped,11
snacks,SOUTHERN_EUROPE|US_CANADA,Mars,Mars,direct,11
beverages,US_CANADA,Mondelēz International,Mondelēz International,direct,11
beverages,BENELUX|FRANCE|SOUTHERN_EUROPE,Nestlé,Nestlé,direct,11
dairies,FRANCE|DACH,Leclerc,Leclerc,direct,11
snacks,FRANCE|SOUTHERN_EUROPE,Manual review / complex ownership,Manual review / complex ownership,manual_review,11
beverages,FRANCE|DACH,LIPTON Teas and Infusions / Ekaterra,LIPTON Teas and Infusions / Ekaterra,recently_sold_or_spun_off,11
beverages,US_CANADA,The Campbell's Company,Other / not mapped to a company,unresolved,11
dairies,FRANCE,Other / not mapped to a company,Lidl,direct,11
snacks,FRANCE|NORDICS,Mondelēz International,Mondelēz International,direct,11
snacks,FRANCE|BENELUX,Hema,Hema,direct,11
dairies,FRANCE|DACH,Other / not mapped to a company,Lidl,direct,10
dairies,FRANCE|DACH,Carrefour,Carrefour,direct,10
dairies,BENELUX|FRANCE,Arla,Arla,direct,10
beverages,FRANCE|BENELUX,Manual review / complex ownership,Manual review / complex ownership,manual_review,10
dairies,US_CANADA,Other / not mapped to a company,Lactalis,direct,10
cereals,UK_IE,Mars,Other / not mapped to a company,unresolved,10
beverages,DACH|FRANCE,The Coca-Cola Company,The Coca-Cola Company,direct,10
beverages,BENELUX|FRANCE,PepsiCo,PepsiCo,direct,10
dairies,FRANCE|DACH,Arla,Arla,direct,10
beverages,BENELUX|FRANCE|SOUTHERN_EUROPE|DACH,Other / not mapped to a company,Other / not mapped to a company,unresolved,10
beverages,FRANCE,Other / not mapped to a company,Carrefour,direct,10
beverages,FRANCE|US_CANADA,Arizona Beverages,Arizona Beverages,direct,10
snacks,FRANCE|SOUTHERN_EUROPE|DACH,Barilla,Barilla,direct,10
snacks,FRANCE,Other / not mapped to a company,Lindt & Sprüngli,direct,10
snacks,FRANCE|DACH,Carrefour,Carrefour,direct,10
dairies,FRANCE|SOUTHERN_EUROPE,Arla,Arla,direct,10
cereals,UK_IE|US_CANADA,Other / not mapped to a company,Other / not mapped to a company,unresolved,10
snacks,FRANCE|DACH,Perfetti Van Melle,Perfetti Van Melle,direct,10
snacks,FRANCE|DACH|US_CANADA,Mars,Mars,direct,10
cereals,FRANCE,Coop,Coop,direct,10
dairies,FRANCE,Migros,Migros,direct,10
snacks,US_CANADA|FRANCE,General Mills,General Mills,direct,10
snacks,FRANCE,Other / not mapped to a company,pladis,direct,10
snacks,FRANCE|UK_IE,Lidl,Lidl,direct,10
snacks,US_CANADA|FRANCE,Mondelēz International,Mondelēz International,direct,10
snacks,FRANCE|SOUTHERN_EUROPE,Otsuka / Nutrition & Santé,Otsuka / Nutrition & Santé,direct,10
beverages,FRANCE|SOUTHERN_EUROPE,Other / not mapped to a company,Nestlé,direct,10
dairies,BENELUX|FRANCE,Aldi,Aldi,direct,10
cereals,BENELUX|FRANCE,Intermarché,Intermarché,direct,10
dairies,FRANCE|DACH,Mondelēz International,Mondelēz International,direct,10
snacks,BENELUX|FRANCE|DACH|SOUTHERN_EUROPE,Other / not mapped to a company,Other / not mapped to a company,unresolved,10
beverages,UK_IE,Ocean Spray,Ocean Spray,direct,10
cereals,US_CANADA,Other / not mapped to a company,Wakefern / ShopRite,direct,10
snacks,US_CANADA,Lindt & Sprüngli,Other / not mapped to a company,unresolved,10
snacks,FRANCE|DACH,Ecotone,Ecotone,direct,10
beverages,UK_IE,PepsiCo,PepsiCo,market_scoped,10
snacks,DACH|UK_IE,Mars,Mars,direct,10
cereals,US_CANADA,Lidl,Lidl,direct,10
snacks,FRANCE|DACH|NORDICS,Other / not mapped to a company,Other / not mapped to a company,unresolved,10
snacks,FRANCE|UK_IE|US_CANADA,Mondelēz International,Mondelēz International,direct,9
beverages,FRANCE|UK_IE,Waitrose,Waitrose,direct,9
snacks,FRANCE|UK_IE,Morrisons,Morrisons,direct,9
beverages,FRANCE|UK_IE,Coop,Coop,direct,9
snacks,FRANCE|DACH,Nestlé,Nestlé,market_scoped,9
beverages,FRANCE,Other / not mapped to a company,Manual review / complex ownership,manual_review,9
snacks,US_CANADA,Ocean Spray,Ocean Spray,direct,9
snacks,FRANCE|DACH,General Mills,General Mills,direct,9
cereals,US_CANADA|FRANCE,Manual review / complex ownership,Manual review / complex ownership,manual_review,9
snacks,DACH|US_CANADA,Mondelēz International,Mondelēz International,direct,9
cereals,UK_IE,Coop,Coop,direct,9
beverages,UK_IE,Mondelēz International,Mondelēz International,market_scoped,9
snacks,FRANCE,Alnatura,Alnatura,direct,9
dairies,FRANCE|UK_IE,Danone,Danone,market_scoped,9
dairies,FRANCE|US_CANADA,Danone,Danone,direct,9
beverages,BENELUX|FRANCE|DACH,Manual review / complex ownership,Manual review / complex ownership,manual_review,9
snacks,US_CANADA,Tesco,Tesco,direct,9
dairies,BENELUX|FRANCE|DACH,Lactalis,Lactalis,direct,9
snacks,FRANCE|DACH,pladis,pladis,direct,9
beverages,FRANCE|DACH|NORDICS,Other / not mapped to a company,Other / not mapped to a company,unresolved,9
cereals,FRANCE|DACH,Migros,Migros,direct,9
dairies,DACH|UK_IE,Lidl,Lidl,direct,9
snacks,NORDICS|FRANCE|SOUTHERN_EUROPE,Other / not mapped to a company,Other / not mapped to a company,unresolved,9
snacks,BENELUX|FRANCE,Otsuka / Nutrition & Santé,Otsuka / Nutrition & Santé,direct,9
dairies,FRANCE,Hema,Hema,direct,9
beverages,FRANCE|SOUTHERN_EUROPE|DACH,Nestlé,Nestlé,direct,9
snacks,BENELUX|FRANCE|DACH,Otsuka / Nutrition & Santé,Otsuka / Nutrition & Santé,direct,9
snacks,DACH|FRANCE,Mars,Mars,direct,9
snacks,FRANCE,The Coca-Cola Company,Other / not mapped to a company,unresolved,9
snacks,FRANCE|UK_IE,Haribo,Haribo,direct,9
beverages,FRANCE|BENELUX,Nestlé,Nestlé,direct,9
dairies,US_CANADA,Nestlé,Other / not mapped to a company,unresolved,9
beverages,US_CANADA|FRANCE|DACH,Other / not mapped to a company,Other / not mapped to a company,unresolved,9
dairies,UK_IE,Morrisons,Other / not mapped to a company,unresolved,9
cereals,FRANCE,Cereal Partners Worldwide,Cereal Partners Worldwide,market_scoped,9
snacks,UK_IE,Mars,Other / not mapped to a company,unresolved,9
beverages,FRANCE|DACH|SOUTHERN_EUROPE,The Coca-Cola Company,The Coca-Cola Company,direct,9
beverages,FRANCE|BENELUX|SOUTHERN_EUROPE,Other / not mapped to a company,Other / not mapped to a company,unresolved,9
snacks,UK_IE,The Coca-Cola Company,Other / not mapped to a company,unresolved,9
beverages,FRANCE|SOUTHERN_EUROPE,Monster Beverage Corp,Monster Beverage Corp,market_scoped,9
snacks,UK_IE,Waitrose,Other / not mapped to a company,unresolved,9
beverages,FRANCE|BENELUX,LIPTON Teas and Infusions / Ekaterra,LIPTON Teas and Infusions / Ekaterra,recently_sold_or_spun_off,9
beverages,FRANCE|DACH,The Coca-Cola Company,Other / not mapped to a company,unresolved,9
snacks,US_CANADA|FRANCE,Mars,Mars,direct,8
dairies,FRANCE|BENELUX,FrieslandCampina,FrieslandCampina,direct,8
snacks,BENELUX|FRANCE,Lotus Bakeries,Lotus Bakeries,direct,8
beverages,FRANCE|US_CANADA,The Campbell's Company,The Campbell's Company,direct,8
dairies,FRANCE,Other / not mapped to a company,Danone,direct,8
beverages,FRANCE,Trader Joe's,Trader Joe's,direct,8
cereals,FRANCE|UK_IE,PepsiCo,PepsiCo,direct,8
cereals,FRANCE|SOUTHERN_EUROPE|UK_IE,Other / not mapped to a company,Other / not mapped to a company,unresolved,8
dairies,FRANCE|UK_IE,Morrisons,Morrisons,direct,8
dairies,FRANCE|NORDICS,Arla,Arla,direct,8
beverages,DACH|UK_IE,PepsiCo,PepsiCo,direct,8
snacks,UK_IE|US_CANADA,Tesco,Tesco,direct,8
beverages,FRANCE|UK_IE|US_CANADA,Other / not mapped to a company,Other / not mapped to a company,unresolved,8
dairies,BENELUX|FRANCE|DACH,Bel Group,Bel Group,direct,8
beverages,BENELUX|FRANCE|DACH,Lidl,Lidl,direct,8
snacks,US_CANADA|FRANCE,PepsiCo,PepsiCo,direct,8
dairies,BENELUX|FRANCE|DACH,Danone,Danone,market_scoped,8
snacks,BENELUX|FRANCE,Lidl,Lidl,direct,8
snacks,FRANCE|SOUTHERN_EUROPE,Hema,Hema,direct,8
snacks,FRANCE|US_CANADA,Trader Joe's,Trader Joe's,direct,8
snacks,BENELUX|FRANCE,Ecotone,Ecotone,direct,8
snacks,BENELUX|FRANCE,Mars,Mars,market_scoped,8
snacks,BENELUX|FRANCE,pladis,pladis,direct,8
snacks,FRANCE|UK_IE,Lindt & Sprüngli,Lindt & Sprüngli,direct,8
snacks,DACH|FRANCE,Lindt & Sprüngli,Lindt & Sprüngli,direct,8
snacks,NORDICS|US_CANADA,Other / not mapped to a company,Other / not mapped to a company,unresolved,8
dairies,FRANCE|DACH,Auchan,Auchan,direct,8
dairies,NORDICS|FRANCE,Arla,Arla,direct,8
beverages,FRANCE,pladis,Other / not mapped to a company,unresolved,8
snacks,FRANCE,Danone,Danone,direct,8
snacks,FRANCE|DACH,Other / not mapped to a company,Lidl,direct,8
snacks,FRANCE|DACH,Migros,Other / not mapped to a company,unresolved,8
snacks,FRANCE|UK_IE,Asda,Asda,direct,8
snacks,FRANCE,Lindt & Sprüngli,Other / not mapped to a company,unresolved,8
snacks,FRANCE,Mars,Other / not mapped to a company,unresolved,8
snacks,FRANCE,Other / not mapped to a company,Intermarché,direct,8
cereals,US_CANADA,Giant Eagle,Giant Eagle,direct,8
snacks,FRANCE,Other / not mapped to a company,Lidl,direct,8
snacks,FRANCE|BENELUX|SOUTHERN_EUROPE,Other / not mapped to a company,Other / not mapped to a company,unresolved,8
snacks,FRANCE|BENELUX|UK_IE,Other / not mapped to a company,Other / not mapped to a company,unresolved,8
beverages,NORDICS|FRANCE|DACH,Other / not mapped to a company,Other / not mapped to a company,unresolved,8
beverages,FRANCE|DACH,Carrefour,Carrefour,direct,8
snacks,BENELUX|FRANCE|SOUTHERN_EUROPE,Mondelēz International,Mondelēz International,direct,8
beverages,US_CANADA,Nestlé,Other / not mapped to a company,unresolved,8
beverages,US_CANADA,Other / not mapped to a company,PepsiCo,direct,8
snacks,DACH|US_CANADA,Mars,Mars,direct,8
dairies,NORDICS|UK_IE,Other / not mapped to a company,Other / not mapped to a company,unresolved,8
beverages,BENELUX|FRANCE|DACH|SOUTHERN_EUROPE|UK_IE,Other / not mapped to a company,Other / not mapped to a company,unresolved,8
dairies,FRANCE|BENELUX,Savencia,Savencia,direct,8
beverages,NORDICS|FRANCE,The Coca-Cola Company,The Coca-Cola Company,direct,8
dairies,BENELUX|FRANCE,Other / not mapped to a company,Savencia,direct,7
snacks,UK_IE,Other / not mapped to a company,Nestlé,market_scoped,7
snacks,FRANCE|SOUTHERN_EUROPE|DACH,Lindt & Sprüngli,Lindt & Sprüngli,direct,7
dairies,UK_IE,Mars,Mars,direct,7
dairies,UK_IE,Manual review / complex ownership,Manual review / complex ownership,manual_review,7
cereals,US_CANADA|FRANCE,General Mills,General Mills,direct,7
dairies,FRANCE|SOUTHERN_EUROPE,Coop,Coop,direct,7
dairies,FRANCE|UK_IE,General Mills,General Mills,direct,7
cereals,BENELUX|US_CANADA,Other / not mapped to a company,Other / not mapped to a company,unresolved,7
beverages,BENELUX|FRANCE,Arizona Beverages,Arizona Beverages,direct,7
snacks,US_CANADA,Flora Food Group,Flora Food Group,direct,7
snacks,FRANCE,Arizona Beverages,Arizona Beverages,direct,7
beverages,NORDICS|US_CANADA,Other / not mapped to a company,Other / not mapped to a company,unresolved,7
dairies,FRANCE|DACH|SOUTHERN_EUROPE|UK_IE,Lidl,Lidl,direct,7
beverages,FRANCE|SOUTHERN_EUROPE,Ferrero,Ferrero,direct,7
beverages,US_CANADA,Ferrero,Ferrero,direct,7
cereals,US_CANADA,Other / not mapped to a company,Target,direct,7
cereals,US_CANADA,Hy-Vee,Hy-Vee,direct,7
beverages,UK_IE,Huel,Huel,direct,7
cereals,FRANCE|SOUTHERN_EUROPE,PepsiCo,PepsiCo,direct,7
beverages,UK_IE,Nestlé,Other / not mapped to a company,unresolved,7
beverages,FRANCE,Mondelēz International,Mondelēz International,market_scoped,7
snacks,FRANCE|DACH|SOUTHERN_EUROPE|BENELUX|UK_IE,Other / not mapped to a company,Other / not mapped to a company,unresolved,7
snacks,BENELUX|FRANCE|DACH,pladis,pladis,direct,7
snacks,DACH|BENELUX|FRANCE,Other / not mapped to a company,Other / not mapped to a company,unresolved,7
snacks,FRANCE|DACH|UK_IE,Mars,Mars,direct,7
beverages,US_CANADA,Lindt & Sprüngli,Lindt & Sprüngli,direct,7
beverages,US_CANADA,Nestlé,Nestlé,market_scoped,7
dairies,UK_IE,Asda,Other / not mapped to a company,unresolved,7
dairies,BENELUX|FRANCE,Cora,Cora,direct,7
dairies,BENELUX|FRANCE|DACH|UK_IE|SOUTHERN_EUROPE,Other / not mapped to a company,Other / not mapped to a company,unresolved,7
beverages,US_CANADA,Danone (Dannon in US),Danone (Dannon in US),market_scoped,7
snacks,DACH|UK_IE,Mondelēz International,Mondelēz International,direct,7
dairies,BENELUX|UK_IE,Other / not mapped to a company,Other / not mapped to a company,unresolved,7
cereals,BENELUX|FRANCE,Carrefour,Carrefour,direct,7
dairies,UK_IE,Lidl,Other / not mapped to a company,unresolved,7
dairies,US_CANADA,Wegmans,Other / not mapped to a company,unresolved,7
dairies,UK_IE,Post Holdings,Post Holdings,direct,7
snacks,FRANCE|DACH|US_CANADA,Mondelēz International,Mondelēz International,direct,7
snacks,FRANCE|SOUTHERN_EUROPE,Grupo Bimbo,Grupo Bimbo,direct,7
beverages,DACH|FRANCE|SOUTHERN_EUROPE,Other / not mapped to a company,Other / not mapped to a company,unresolved,7
dairies,US_CANADA,Carrefour,Carrefour,direct,7
snacks,FRANCE|US_CANADA,Other / not mapped to a company,Manual review / complex ownership,manual_review,7
snacks,FRANCE|US_CANADA,Other / not mapped to a company,Mondelēz International,direct,7
beverages,US_CANADA|FRANCE,Manual review / complex ownership,Manual review / complex ownership,manual_review,7
dairies,US_CANADA,Kraft Heinz,Other / not mapped to a company,unresolved,7
dairies,UK_IE,The Coca-Cola Company,The Coca-Cola Company,direct,7
beverages,BENELUX|FRANCE,Capri Sun Group / Coca-Cola Europacific Partners,Capri Sun Group / Coca-Cola Europacific Partners,market_scoped,7
beverages,BENELUX|FRANCE,Bel Group,Bel Group,direct,7
snacks,FRANCE|BENELUX,Mondelēz International,Mondelēz International,direct,7
beverages,FRANCE|UK_IE,LIPTON Teas and Infusions / Ekaterra,LIPTON Teas and Infusions / Ekaterra,recently_sold_or_spun_off,7
beverages,FRANCE|UK_IE,Ocean Spray,Ocean Spray,direct,7
snacks,FRANCE,Walmart / Great Value,Walmart / Great Value,direct,7
snacks,US_CANADA|FRANCE|DACH,Other / not mapped to a company,Other / not mapped to a company,unresolved,7
beverages,BENELUX|NORDICS|FRANCE|DACH,Other / not mapped to a company,Other / not mapped to a company,unresolved,6
snacks,FRANCE,The Coca-Cola Company,The Coca-Cola Company,direct,6
snacks,FRANCE,Waitrose,Waitrose,direct,6
dairies,FRANCE|SOUTHERN_EUROPE|UK_IE,Other / not mapped to a company,Other / not mapped to a company,unresolved,6
cereals,SOUTHERN_EUROPE|US_CANADA,General Mills,General Mills,direct,6
beverages,FRANCE|DACH|UK_IE,Danone,Danone,direct,6
cereals,FRANCE,Alnatura,Alnatura,direct,6
snacks,FRANCE|NORDICS,Mondelēz International,Other / not mapped to a company,unresolved,6
beverages,FRANCE|US_CANADA,Whole Foods / Amazon,Whole Foods / Amazon,direct,6
snacks,FRANCE|SOUTHERN_EUROPE,Flora Food Group,Flora Food Group,direct,6
dairies,US_CANADA,Other / not mapped to a company,Wakefern / ShopRite,direct,6
beverages,US_CANADA|FRANCE,Nestlé,Nestlé,direct,6
dairies,US_CANADA,Kroger,Other / not mapped to a company,unresolved,6
snacks,NORDICS|FRANCE,Mondelēz International,Mondelēz International,direct,6
snacks,NORDICS|FRANCE,Savencia,Savencia,direct,6
snacks,NORDICS|FRANCE|DACH|SOUTHERN_EUROPE,Other / not mapped to a company,Other / not mapped to a company,unresolved,6
beverages,US_CANADA,The Hershey Company,The Hershey Company,direct,6
dairies,US_CANADA|FRANCE,Danone,Danone,direct,6
dairies,US_CANADA|FRANCE,Mondelēz International,Mondelēz International,direct,6
snacks,BENELUX|FRANCE,General Mills,General Mills,direct,6
beverages,FRANCE,Alnatura,Alnatura,direct,6
cereals,FRANCE,General Mills,General Mills,direct,6
beverages,FRANCE,Associated British Foods,Associated British Foods,market_scoped,6
dairies,FRANCE,Manual review / complex ownership,E.Leclerc,direct,6
dairies,FRANCE,Panzani,Panzani,direct,6
dairies,FRANCE,Trader Joe's,Trader Joe's,direct,6
snacks,FRANCE|SOUTHERN_EUROPE,Nestlé,Nestlé,market_scoped,6
snacks,FRANCE|SOUTHERN_EUROPE,Perfetti Van Melle,Perfetti Van Melle,direct,6
dairies,FRANCE|BENELUX,Auchan,Auchan,direct,6
beverages,DACH|US_CANADA,Manual review / complex ownership,Manual review / complex ownership,manual_review,6
beverages,BENELUX|FRANCE|DACH|SOUTHERN_EUROPE,Nestlé,Nestlé,direct,6
beverages,BENELUX|FRANCE|DACH|SOUTHERN_EUROPE,The Coca-Cola Company,The Coca-Cola Company,direct,6
beverages,BENELUX|FRANCE|DACH|UK_IE,Danone,Danone,direct,6
snacks,BENELUX|FRANCE|DACH,Nestlé,Nestlé,direct,6
beverages,FRANCE|DACH,Cora,Cora,direct,6
beverages,BENELUX|FRANCE|DACH,PepsiCo,PepsiCo,direct,6
beverages,BENELUX|FRANCE|DACH,Tropicana Brands Group,Tropicana Brands Group,direct,6
cereals,FRANCE,Manual review / complex ownership,Système U,direct,6
snacks,SOUTHERN_EUROPE|US_CANADA,Mondelēz International,Mondelēz International,direct,6
beverages,US_CANADA,Manual review / complex ownership,Other / not mapped to a company,unresolved,6
dairies,DACH|FRANCE|SOUTHERN_EUROPE,Other / not mapped to a company,Other / not mapped to a company,unresolved,6
dairies,DACH|US_CANADA,Lidl,Lidl,direct,6
beverages,BENELUX|FRANCE|SOUTHERN_EUROPE|UK_IE,Other / not mapped to a company,Other / not mapped to a company,unresolved,6
dairies,FRANCE|DACH,Froneri,Froneri,direct,6
dairies,NORDICS|FRANCE|DACH,Other / not mapped to a company,Other / not mapped to a company,unresolved,6
dairies,SOUTHERN_EUROPE|UK_IE,Lidl,Lidl,direct,6
dairies,SOUTHERN_EUROPE|US_CANADA,Chobani,Chobani,direct,6
dairies,UK_IE,Arla,Other / not mapped to a company,unresolved,6
snacks,UK_IE,Trader Joe's,Trader Joe's,direct,6
snacks,DACH|FRANCE|SOUTHERN_EUROPE,Mondelēz International,Mondelēz International,direct,6
snacks,DACH|FRANCE|UK_IE,Other / not mapped to a company,Other / not mapped to a company,unresolved,6
snacks,DACH|FRANCE|US_CANADA,Other / not mapped to a company,Other / not mapped to a company,unresolved,6
beverages,US_CANADA,Arizona Beverages,Other / not mapped to a company,unresolved,6
dairies,BENELUX|FRANCE|DACH|SOUTHERN_EUROPE,Lidl,Lidl,direct,6
beverages,FRANCE|DACH,Other / not mapped to a company,The Coca-Cola Company,direct,6
beverages,DACH|BENELUX|FRANCE,Other / not mapped to a company,Other / not mapped to a company,unresolved,6
dairies,BENELUX|FRANCE,Auchan,Auchan,direct,6
dairies,BENELUX|FRANCE,Other / not mapped to a company,Bel Group,direct,6
beverages,FRANCE|UK_IE,Suntory Beverage & Food,Suntory Beverage & Food,market_scoped,6
beverages,FRANCE|UK_IE,Tropicana Brands Group,Tropicana Brands Group,direct,6
snacks,FRANCE|SOUTHERN_EUROPE|US_CANADA,Mars,Mars,direct,6
dairies,FRANCE|US_CANADA,Kraft Heinz,Kraft Heinz,direct,6
snacks,FRANCE|DACH|SOUTHERN_EUROPE,Mars,Mars,direct,6
snacks,FRANCE,Asda,Asda,direct,6
beverages,FRANCE|SOUTHERN_EUROPE,Coop,Coop,direct,6
beverages,FRANCE,Other / not mapped to a company,Lidl,direct,6
beverages,BENELUX|US_CANADA,Other / not mapped to a company,Other / not mapped to a company,unresolved,6
beverages,UK_IE,The Coca-Cola Company,Other / not mapped to a company,unresolved,6
snacks,FRANCE,General Mills,General Mills,market_scoped,6
beverages,FRANCE,Other / not mapped to a company,PepsiCo,direct,6
beverages,UK_IE,Other / not mapped to a company,Monster Beverage Corp,market_scoped,6
snacks,FRANCE,Morrisons,Morrisons,direct,6
cereals,FRANCE|SOUTHERN_EUROPE,Post Holdings,Post Holdings,direct,6
snacks,US_CANADA,General Mills,General Mills,market_scoped,6
snacks,US_CANADA,Nestlé,Other / not mapped to a company,unresolved,6
dairies,FRANCE|DACH|SOUTHERN_EUROPE|UK_IE,Other / not mapped to a company,Other / not mapped to a company,unresolved,6
dairies,FRANCE|SOUTHERN_EUROPE,Bel Group,Bel Group,direct,6
cereals,BENELUX|FRANCE|SOUTHERN_EUROPE|DACH,Mars,Mars,market_scoped,6
beverages,DACH|UK_IE,The Coca-Cola Company,The Coca-Cola Company,direct,6
dairies,FRANCE|US_CANADA,General Mills,General Mills,direct,6
snacks,US_CANADA|FRANCE,The Hershey Company,The Hershey Company,direct,6
snacks,US_CANADA,Other / not mapped to a company,Wakefern / ShopRite,direct,6
snacks,US_CANADA|UK_IE,Other / not mapped to a company,Other / not mapped to a company,unresolved,6
snacks,US_CANADA,pladis,Other / not mapped to a company,unresolved,6
snacks,US_CANADA,Saputo,Saputo,direct,5
snacks,US_CANADA,Smarties Candy Company,Other / not mapped to a company,unresolved,5
snacks,US_CANADA,Tipiak,Tipiak,direct,5
cereals,SOUTHERN_EUROPE|UK_IE,Mars,Mars,market_scoped,5
snacks,US_CANADA,Post Holdings,Post Holdings,direct,5
beverages,FRANCE|DACH|UK_IE,The Coca-Cola Company,The Coca-Cola Company,direct,5
beverages,BENELUX|FRANCE|DACH|UK_IE,The Coca-Cola Company,The Coca-Cola Company,direct,5
dairies,FRANCE|SOUTHERN_EUROPE,Other / not mapped to a company,Lactalis,direct,5
beverages,BENELUX|FRANCE,Cora,Cora,direct,5
beverages,BENELUX|FRANCE,The Coca-Cola Company,The Coca-Cola Company,market_scoped,5
dairies,FRANCE|UK_IE,Andros,Andros,direct,5
dairies,UK_IE,Nestlé,Other / not mapped to a company,unresolved,5
snacks,FRANCE|SOUTHERN_EUROPE|DACH,Mondelēz International,Mondelēz International,direct,5
dairies,FRANCE|US_CANADA,Mondelēz International,Mondelēz International,direct,5
dairies,NORDICS|FRANCE,Lactalis,Lactalis,direct,5
cereals,DACH|FRANCE,Alnatura,Alnatura,direct,5
beverages,DACH|US_CANADA,Kraft Heinz,Kraft Heinz,direct,5
beverages,DACH|US_CANADA,PepsiCo,PepsiCo,direct,5
dairies,FRANCE|DACH,Flora Food Group,Flora Food Group,direct,5
beverages,FRANCE|UK_IE,Asda,Asda,direct,5
snacks,FRANCE|SOUTHERN_EUROPE|DACH,Ferrero,Ferrero,direct,5
snacks,FRANCE|UK_IE,Andros,Andros,direct,5
snacks,FRANCE|UK_IE|US_CANADA,Nestlé,Nestlé,direct,5
dairies,FRANCE|UK_IE,Asda,Asda,direct,5
snacks,FRANCE|SOUTHERN_EUROPE|US_CANADA,Mondelēz International,Mondelēz International,direct,5
snacks,FRANCE|SOUTHERN_EUROPE,Nestlé,Manual review / complex ownership,manual_review,5
beverages,FRANCE|US_CANADA,Other / not mapped to a company,The Coca-Cola Company,direct,5
beverages,US_CANADA,Other / not mapped to a company,Manual review / complex ownership,manual_review,5
snacks,BENELUX|FRANCE|DACH,Ferrero,Ferrero,direct,5
snacks,FRANCE|SOUTHERN_EUROPE,General Mills,General Mills,direct,5
cereals,FRANCE,Danone,Danone,direct,5
dairies,US_CANADA|FRANCE,Kraft Heinz,Kraft Heinz,direct,5
snacks,BENELUX|FRANCE|DACH|UK_IE,Other / not mapped to a company,Other / not mapped to a company,unresolved,5
beverages,FRANCE|DACH,Ecotone,Ecotone,direct,5
cereals,FRANCE,Nestlé,Cereal Partners Worldwide,direct,5
snacks,FRANCE|DACH|SOUTHERN_EUROPE,Nestlé,Nestlé,direct,5
snacks,FRANCE|DACH|SOUTHERN_EUROPE|UK_IE,Mars,Mars,direct,5
snacks,UK_IE,Grupo Bimbo,Grupo Bimbo,direct,5
cereals,FRANCE,Manual review / complex ownership,Groupe Casino,direct,5
beverages,FRANCE,Ferrero,Ferrero,direct,5
beverages,FRANCE,Danone,Other / not mapped to a company,unresolved,5
snacks,SOUTHERN_EUROPE|UK_IE,Mondelēz International,Mondelēz International,market_scoped,5
dairies,FRANCE,Asda,Asda,direct,5
snacks,FRANCE|US_CANADA,Whole Foods / Amazon,Whole Foods / Amazon,direct,5
beverages,US_CANADA|FRANCE,PepsiCo,PepsiCo,direct,5
beverages,US_CANADA|FRANCE,Tropicana Brands Group,Tropicana Brands Group,direct,5
beverages,FRANCE|SOUTHERN_EUROPE|DACH,The Coca-Cola Company,The Coca-Cola Company,direct,5
snacks,NORDICS|FRANCE,Mars,Mars,direct,5
snacks,FRANCE|SOUTHERN_EUROPE,Mondelēz International,Mondelēz International,market_scoped,5
dairies,UK_IE|US_CANADA,Tesco,Tesco,direct,5
dairies,BENELUX|FRANCE|DACH,Other / not mapped to a company,Bel Group,direct,5
dairies,BENELUX|FRANCE|SOUTHERN_EUROPE|UK_IE,Other / not mapped to a company,Other / not mapped to a company,unresolved,5
dairies,BENELUX|US_CANADA,Other / not mapped to a company,Other / not mapped to a company,unresolved,5
beverages,FRANCE|BENELUX,Lidl,Lidl,direct,5
dairies,BENELUX|FRANCE|DACH,Other / not mapped to a company,Savencia,direct,5
snacks,DACH|FRANCE,Nestlé,Nestlé,direct,5
snacks,DACH|BENELUX|FRANCE,Nestlé,Nestlé,direct,5
snacks,BENELUX|NORDICS|FRANCE|DACH|SOUTHERN_EUROPE,Other / not mapped to a company,Other / not mapped to a company,unresolved,5
dairies,DACH|FRANCE,Mondelēz International,Mondelēz International,direct,5
snacks,US_CANADA,Danone,Danone,direct,5
snacks,US_CANADA,Arizona Beverages,Arizona Beverages,direct,5
snacks,US_CANADA,Ahold Delhaize,Other / not mapped to a company,unresolved,5
snacks,FRANCE|DACH|SOUTHERN_EUROPE,Haribo,Haribo,direct,5
snacks,FRANCE,Ahold Delhaize,Ahold Delhaize,direct,5
beverages,DACH|BENELUX|FRANCE,Arizona Beverages,Arizona Beverages,direct,5
beverages,UK_IE,Waitrose,Other / not mapped to a company,unresolved,5
snacks,FRANCE,Kraft Heinz,Kraft Heinz,direct,5
cereals,FRANCE|SOUTHERN_EUROPE|DACH,Nestlé,Nestlé,direct,5
cereals,FRANCE|SOUTHERN_EUROPE|DACH,Mars,Mars,market_scoped,5
cereals,UK_IE|US_CANADA,PepsiCo,PepsiCo,direct,5
cereals,UK_IE|US_CANADA,Sainsbury's,Sainsbury's,direct,5
beverages,FRANCE|DACH,Tropicana Brands Group,Tropicana Brands Group,direct,5
snacks,DACH|US_CANADA,Aldi,Aldi,direct,5
cereals,US_CANADA|FRANCE,PepsiCo,PepsiCo,direct,5
cereals,FRANCE|DACH|UK_IE,Other / not mapped to a company,Other / not mapped to a company,unresolved,5
beverages,FRANCE|DACH,Other / not mapped to a company,Lidl,direct,5
beverages,FRANCE|DACH,Ocean Spray,Ocean Spray,direct,5
snacks,FRANCE,Priméal,Priméal,direct,5
cereals,UK_IE,Waitrose,Other / not mapped to a company,unresolved,5
snacks,US_CANADA,Other / not mapped to a company,The Campbell's Company,direct,5
snacks,US_CANADA,Other / not mapped to a company,The Hershey Company,direct,5
snacks,US_CANADA,Other / not mapped to a company,Whole Foods / Amazon,direct,5
cereals,UK_IE,Lotus Bakeries,Lotus Bakeries,direct,5
beverages,BENELUX|FRANCE,Ahold Delhaize,Other / not mapped to a company,unresolved,5
beverages,SOUTHERN_EUROPE|UK_IE,The Coca-Cola Company,The Coca-Cola Company,direct,5
beverages,BENELUX|FRANCE,Auchan,Auchan,direct,5
beverages,BENELUX|FRANCE,LIPTON Teas and Infusions / Ekaterra,LIPTON Teas and Infusions / Ekaterra,recently_sold_or_spun_off,5
beverages,UK_IE,PepsiCo,Other / not mapped to a company,unresolved,5
snacks,FRANCE,Migros,Migros,direct,5
snacks,FRANCE,Nestlé,Other / not mapped to a company,unresolved,5
snacks,FRANCE,Other / not mapped to a company,Ferrero,direct,5
snacks,UK_IE,The Hershey Company,The Hershey Company,direct,5
snacks,UK_IE,Other / not mapped to a company,pladis,direct,5
dairies,BENELUX|FRANCE|DACH,Nestlé,Nestlé,direct,5
beverages,FRANCE|SOUTHERN_EUROPE,Mondelēz International,Mondelēz International,direct,5
dairies,BENELUX|DACH|UK_IE|SOUTHERN_EUROPE,Savencia,Savencia,direct,5
dairies,UK_IE,Savencia,Savencia,direct,4
snacks,FRANCE|SOUTHERN_EUROPE|BENELUX,Other / not mapped to a company,Other / not mapped to a company,unresolved,4
dairies,FRANCE|US_CANADA,General Mills,Other / not mapped to a company,unresolved,4
cereals,BENELUX|FRANCE|SOUTHERN_EUROPE|DACH,Carrefour,Carrefour,direct,4
dairies,FRANCE|UK_IE,Bel Group,Bel Group,direct,4
cereals,BENELUX|FRANCE|SOUTHERN_EUROPE,Mars,Mars,market_scoped,4
dairies,FRANCE|UK_IE,Saputo,Saputo,direct,4
beverages,FRANCE|SOUTHERN_EUROPE|UK_IE,The Coca-Cola Company,The Coca-Cola Company,direct,4
dairies,FRANCE|DACH|NORDICS,Other / not mapped to a company,Other / not mapped to a company,unresolved,4
dairies,FRANCE|DACH|SOUTHERN_EUROPE,Other / not mapped to a company,Lidl,direct,4
dairies,FRANCE|US_CANADA,Lactalis,Lactalis,direct,4
dairies,FRANCE|SOUTHERN_EUROPE,Flora Food Group,Flora Food Group,direct,4
cereals,FRANCE|US_CANADA,Trader Joe's,Trader Joe's,direct,4
dairies,UK_IE,Trader Joe's,Trader Joe's,direct,4
dairies,FRANCE|BENELUX,Lidl,Lidl,direct,4
cereals,BENELUX|FRANCE|DACH,Nestlé,Manual review / complex ownership,manual_review,4
snacks,FRANCE|SOUTHERN_EUROPE|US_CANADA,Manual review / complex ownership,Manual review / complex ownership,manual_review,4
dairies,NORDICS|FRANCE|DACH,Lidl,Lidl,direct,4
cereals,SOUTHERN_EUROPE|US_CANADA,Manual review / complex ownership,Manual review / complex ownership,manual_review,4
beverages,FRANCE|UK_IE,Morrisons,Morrisons,direct,4
beverages,BENELUX|FRANCE|SOUTHERN_EUROPE,Danone,Danone,direct,4
beverages,BENELUX|FRANCE|SOUTHERN_EUROPE,Lidl,Lidl,direct,4
dairies,FRANCE|SOUTHERN_EUROPE|DACH,Lactalis,Lactalis,direct,4
cereals,BENELUX|FRANCE|SOUTHERN_EUROPE,Nestlé,Nestlé,direct,4
dairies,FRANCE|SOUTHERN_EUROPE|UK_IE,Lidl,Lidl,direct,4
cereals,FRANCE|US_CANADA,Mars,Mars,direct,4
snacks,US_CANADA|FRANCE|SOUTHERN_EUROPE,Other / not mapped to a company,Other / not mapped to a company,unresolved,4
cereals,FRANCE,Other / not mapped to a company,Manual review / complex ownership,manual_review,4
beverages,FRANCE,Léa Nature,Other / not mapped to a company,unresolved,4
snacks,FRANCE|DACH|UK_IE,Ferrero,Ferrero,direct,4
snacks,FRANCE|DACH|SOUTHERN_EUROPE|US_CANADA,Other / not mapped to a company,Other / not mapped to a company,unresolved,4
snacks,FRANCE|DACH|UK_IE,General Mills,General Mills,direct,4
snacks,FRANCE|DACH|UK_IE,Marks & Spencer,Marks & Spencer,direct,4
snacks,BENELUX|FRANCE|SOUTHERN_EUROPE,Nestlé,Nestlé,direct,4
snacks,FRANCE|DACH|UK_IE,Mondelēz International,Mondelēz International,direct,4
dairies,FRANCE,Arla,Other / not mapped to a company,unresolved,4
dairies,FRANCE,Alnatura,Alnatura,direct,4
snacks,UK_IE,Huel,Huel,direct,4
snacks,UK_IE,Other / not mapped to a company,Froneri,direct,4
beverages,US_CANADA,Other / not mapped to a company,Wakefern / ShopRite,direct,4
snacks,SOUTHERN_EUROPE|UK_IE,Lindt & Sprüngli,Lindt & Sprüngli,direct,4
snacks,SOUTHERN_EUROPE|US_CANADA,Lindt & Sprüngli,Lindt & Sprüngli,direct,4
snacks,SOUTHERN_EUROPE|UK_IE,PepsiCo,PepsiCo,direct,4
beverages,US_CANADA,Other / not mapped to a company,Monster Beverage Corp (Coca-Cola 20% stake / exclusive distrib),market_scoped,4
snacks,BENELUX|FRANCE|DACH,Haribo,Haribo,direct,4
snacks,BENELUX|FRANCE,Mondelēz International,Other / not mapped to a company,unresolved,4
snacks,SOUTHERN_EUROPE|US_CANADA,Manual review / complex ownership,Manual review / complex ownership,manual_review,4
snacks,BENELUX|FRANCE|DACH,PepsiCo,PepsiCo,direct,4
dairies,US_CANADA,TGI Friday's,TGI Friday's,direct,4
dairies,US_CANADA,Other / not mapped to a company,Whole Foods / Amazon,direct,4
beverages,NORDICS|FRANCE,Nestlé,Nestlé,direct,4
cereals,FRANCE,Ferrero,Ferrero,direct,4
snacks,FRANCE|NORDICS|SOUTHERN_EUROPE,Other / not mapped to a company,Other / not mapped to a company,unresolved,4
beverages,FRANCE|US_CANADA,The Coca-Cola Company,Other / not mapped to a company,unresolved,4
beverages,FRANCE|US_CANADA,Trader Joe's,Trader Joe's,direct,4
beverages,FRANCE,Ahold Delhaize,Ahold Delhaize,direct,4
cereals,FRANCE,Hema,Hema,direct,4
dairies,FRANCE,Mars,Mars,direct,4
dairies,US_CANADA,Wawa,Wawa,direct,4
snacks,NORDICS|FRANCE|DACH|UK_IE,Other / not mapped to a company,Other / not mapped to a company,unresolved,4
dairies,FRANCE,PepsiCo,PepsiCo,direct,4
dairies,US_CANADA,Coop,Coop,direct,4
beverages,FRANCE|SOUTHERN_EUROPE|UK_IE,PepsiCo,PepsiCo,direct,4
beverages,US_CANADA|FRANCE,Danone,Danone,direct,4
dairies,FRANCE,Other / not mapped to a company,Leclerc,direct,4
beverages,US_CANADA,pladis,pladis,direct,4
cereals,FRANCE|UK_IE,Morrisons,Morrisons,direct,4
snacks,US_CANADA,Other / not mapped to a company,Ferrero,market_scoped,4
cereals,UK_IE,Cereal Partners Worldwide,Cereal Partners Worldwide,market_scoped,4
cereals,UK_IE,Asda,Other / not mapped to a company,unresolved,4
snacks,US_CANADA,Yum! Brands,Yum! Brands,direct,4
snacks,US_CANADA,Wawa,Other / not mapped to a company,unresolved,4
snacks,US_CANADA,Tops Friendly Markets,Other / not mapped to a company,unresolved,4
beverages,US_CANADA,Chobani,Chobani,direct,4
cereals,FRANCE|DACH,Nestlé,Manual review / complex ownership,manual_review,4
snacks,DACH|FRANCE|UK_IE,Mondelēz International,Mondelēz International,direct,4
snacks,DACH|NORDICS|FRANCE,Other / not mapped to a company,Other / not mapped to a company,unresolved,4
beverages,FRANCE|DACH|BENELUX,Nestlé,Nestlé,direct,4
beverages,US_CANADA,Bel Group,Bel Group,direct,4
cereals,FRANCE|DACH,Manual review / complex ownership,Manual review / complex ownership,manual_review,4
snacks,BENELUX|NORDICS|FRANCE|DACH,Other / not mapped to a company,Other / not mapped to a company,unresolved,4
beverages,US_CANADA,Marks & Spencer,Marks & Spencer,direct,4
beverages,US_CANADA,Other / not mapped to a company,Keurig Dr Pepper,market_scoped,4
snacks,BENELUX|FRANCE|SOUTHERN_EUROPE|DACH,Mondelēz International,Mondelēz International,direct,4
dairies,DACH|FRANCE,Danone,Danone,direct,4
dairies,DACH|FRANCE,Lidl,Lidl,direct,4
dairies,DACH|FRANCE,Danone,Danone,market_scoped,4
dairies,DACH|SOUTHERN_EUROPE|UK_IE,Other / not mapped to a company,Other / not mapped to a company,unresolved,4
cereals,FRANCE,Other / not mapped to a company,Intermarché,direct,4
dairies,DACH|UK_IE,Asda,Asda,direct,4
beverages,FRANCE,Mars,Mars,direct,4
beverages,FRANCE,Other / not mapped to a company,Leclerc,direct,4
snacks,DACH|UK_IE,Lidl,Lidl,direct,4
snacks,DACH|UK_IE,Lindt & Sprüngli,Lindt & Sprüngli,direct,4
beverages,DACH|BENELUX|FRANCE|SOUTHERN_EUROPE|UK_IE,The Coca-Cola Company,The Coca-Cola Company,direct,4
beverages,FRANCE|DACH,The Coca-Cola Company,The Coca-Cola Company,market_scoped,4
snacks,DACH|UK_IE,Mondelēz International,Mondelēz International,market_scoped,4
snacks,DACH|US_CANADA,Manual review / complex ownership,Manual review / complex ownership,manual_review,4
snacks,DACH|US_CANADA,Haribo,Haribo,direct,4
cereals,FRANCE|DACH|BENELUX,Alnatura,Alnatura,direct,4
cereals,FRANCE|DACH|UK_IE,Mars,Mars,market_scoped,4
dairies,BENELUX|FRANCE,Ecotone,Ecotone,direct,4
beverages,FRANCE|SOUTHERN_EUROPE,Ocean Spray,Ocean Spray,direct,4
snacks,UK_IE,Unilever Foods,Unilever Foods,direct,4
dairies,BENELUX|FRANCE|DACH,Danone,Danone,direct,4
dairies,BENELUX|FRANCE,Other / not mapped to a company,Ahold Delhaize,direct,4
cereals,FRANCE|DACH|SOUTHERN_EUROPE,Nestlé,Nestlé,direct,4
snacks,DACH|FRANCE|SOUTHERN_EUROPE,Ferrero,Ferrero,direct,4
beverages,US_CANADA,Kroger,Other / not mapped to a company,unresolved,4
snacks,DACH|FRANCE|BENELUX,Other / not mapped to a company,Other / not mapped to a company,unresolved,4
beverages,FRANCE|SOUTHERN_EUROPE,Other / not mapped to a company,PepsiCo,market_scoped,4
beverages,US_CANADA,Kraft Heinz,Kraft Heinz,market_scoped,4
dairies,BENELUX|FRANCE|SOUTHERN_EUROPE,Manual review / complex ownership,Manual review / complex ownership,manual_review,4
cereals,FRANCE|DACH,Ecotone,Ecotone,direct,4
dairies,DACH|BENELUX|FRANCE,Other / not mapped to a company,Other / not mapped to a company,unresolved,4
beverages,FRANCE,Tropicana Brands Group,Other / not mapped to a company,unresolved,4
dairies,BENELUX|FRANCE|SOUTHERN_EUROPE,Lidl,Lidl,direct,4
beverages,NORDICS|UK_IE,Other / not mapped to a company,Other / not mapped to a company,unresolved,4
snacks,UK_IE|US_CANADA,PepsiCo,PepsiCo,direct,4
snacks,UK_IE|US_CANADA,Mars,Mars,direct,4
snacks,UK_IE|US_CANADA,Sainsbury's,Sainsbury's,direct,4
snacks,UK_IE|US_CANADA,pladis,pladis,direct,4
beverages,FRANCE|SOUTHERN_EUROPE,Danone,Danone,direct,4
snacks,FRANCE,Other / not mapped to a company,Léa Nature,direct,4
beverages,UK_IE,Capri Sun Group / Coca-Cola Europacific Partners,Capri Sun Group / Coca-Cola Europacific Partners,market_scoped,4
snacks,FRANCE,Other / not mapped to a company,PepsiCo,direct,4
cereals,FRANCE|SOUTHERN_EUROPE|DACH,Other / not mapped to a company,Other / not mapped to a company,unresolved,4
beverages,FRANCE,Sainsbury's,Sainsbury's,direct,4
beverages,FRANCE,Picard,Picard,direct,4
cereals,US_CANADA|FRANCE,Ferrero,Other / not mapped to a company,unresolved,4
cereals,US_CANADA,PepsiCo,Other / not mapped to a company,unresolved,4
snacks,FRANCE,Herta JV (Nestlé 40%),Herta JV (Nestlé 40%),direct,4
beverages,BENELUX|UK_IE,The Coca-Cola Company,The Coca-Cola Company,direct,4
snacks,FRANCE,Franprix,Other / not mapped to a company,unresolved,4
snacks,FRANCE|DACH|NORDICS,Mars,Mars,direct,4
snacks,FRANCE|DACH|BENELUX|UK_IE,Other / not mapped to a company,Other / not mapped to a company,unresolved,4
snacks,FRANCE|DACH|BENELUX,Mars,Mars,direct,4
snacks,FRANCE|DACH,Thiriet,Thiriet,direct,4
beverages,BENELUX|NORDICS|FRANCE|DACH|SOUTHERN_EUROPE|UK_IE,Other / not mapped to a company,Other / not mapped to a company,unresolved,4
beverages,BENELUX|FRANCE,Other / not mapped to a company,Nestlé,direct,4
snacks,FRANCE|BENELUX,Mars,Mars,direct,4
snacks,FRANCE|BENELUX|DACH,Other / not mapped to a company,Other / not mapped to a company,unresolved,4
snacks,FRANCE|DACH,Other / not mapped to a company,Lindt & Sprüngli,direct,4
beverages,FRANCE|NORDICS,The Coca-Cola Company,The Coca-Cola Company,direct,4
snacks,FRANCE,Post Holdings,Post Holdings,direct,4
snacks,US_CANADA,Meijer,Other / not mapped to a company,unresolved,4
snacks,US_CANADA,Lotus Bakeries,Lotus Bakeries,direct,4
snacks,US_CANADA,Other / not mapped to a company,Ahold Delhaize,direct,4
beverages,FRANCE,The Campbell's Company,The Campbell's Company,direct,4
cereals,UK_IE,Morrisons,Other / not mapped to a company,unresolved,4
cereals,FRANCE|SOUTHERN_EUROPE|UK_IE,Post Holdings,Post Holdings,direct,4
snacks,FRANCE|BENELUX,Auchan,Auchan,direct,4
snacks,FRANCE,Sainsbury's,Sainsbury's,direct,4
cereals,FRANCE|SOUTHERN_EUROPE|UK_IE,Mars,Mars,market_scoped,4
snacks,US_CANADA,Other / not mapped to a company,Walmart / Great Value,direct,4
snacks,US_CANADA,The Magnum Ice Cream Company,The Magnum Ice Cream Company,recently_demerged,3
snacks,US_CANADA|FRANCE,Ferrero,Other / not mapped to a company,unresolved,3
beverages,BENELUX|FRANCE,Intermarché,Intermarché,direct,3
beverages,BENELUX|FRANCE,Monster Beverage Corp,Monster Beverage Corp,market_scoped,3
beverages,BENELUX|FRANCE,Ocean Spray,Ocean Spray,direct,3
beverages,FRANCE|DACH|SOUTHERN_EUROPE|US_CANADA,Other / not mapped to a company,Other / not mapped to a company,unresolved,3
dairies,FRANCE|UK_IE,Coop,Coop,direct,3
dairies,FRANCE|UK_IE,FrieslandCampina,FrieslandCampina,direct,3
beverages,FRANCE|DACH|UK_IE,Lidl,Lidl,direct,3
cereals,UK_IE,Manual review / complex ownership,Manual review / complex ownership,manual_review,3
beverages,FRANCE,Système U,Système U,direct,3
snacks,US_CANADA,Manual review / complex ownership,Other / not mapped to a company,unresolved,3
snacks,US_CANADA,Other / not mapped to a company,Ferrero,direct,3
dairies,NORDICS|UK_IE,Arla,Arla,direct,3
dairies,NORDICS|UK_IE,Lidl,Lidl,direct,3
dairies,FRANCE|US_CANADA,Chobani,Chobani,direct,3
dairies,FRANCE|UK_IE,Mondelēz International,Mondelēz International,direct,3
dairies,SOUTHERN_EUROPE|US_CANADA,Chobani,Other / not mapped to a company,unresolved,3
cereals,BENELUX|FRANCE,Other / not mapped to a company,PepsiCo,direct,3
cereals,BENELUX|FRANCE,Priméal,Priméal,direct,3
dairies,UK_IE,Other / not mapped to a company,General Mills,direct,3
dairies,FRANCE|UK_IE,Trader Joe's,Trader Joe's,direct,3
snacks,US_CANADA,Coop,Coop,direct,3
beverages,FRANCE|NORDICS|UK_IE,Other / not mapped to a company,Other / not mapped to a company,unresolved,3
snacks,US_CANADA,Other / not mapped to a company,Lindt & Sprüngli,direct,3
beverages,BENELUX|FRANCE,Other / not mapped to a company,Suntory Beverage & Food,market_scoped,3
beverages,BENELUX|FRANCE,Other / not mapped to a company,The Coca-Cola Company,direct,3
beverages,DACH|UK_IE,Monster Beverage Corp,Monster Beverage Corp,market_scoped,3
beverages,DACH|SOUTHERN_EUROPE|UK_IE,Other / not mapped to a company,Other / not mapped to a company,unresolved,3
beverages,DACH|UK_IE,Aldi,Aldi,direct,3
dairies,FRANCE|SOUTHERN_EUROPE|US_CANADA,Other / not mapped to a company,Other / not mapped to a company,unresolved,3
cereals,BENELUX|FRANCE|SOUTHERN_EUROPE|DACH,Ecotone,Ecotone,direct,3
beverages,DACH|UK_IE,Lidl,Lidl,direct,3
cereals,BENELUX|FRANCE,Nestlé,Manual review / complex ownership,manual_review,3
cereals,BENELUX|FRANCE|SOUTHERN_EUROPE|DACH,Nestlé,Nestlé,direct,3
cereals,BENELUX|FRANCE|SOUTHERN_EUROPE|DACH,Other / not mapped to a company,Other / not mapped to a company,unresolved,3
cereals,UK_IE,PepsiCo,Other / not mapped to a company,unresolved,3
snacks,US_CANADA,Asda,Asda,direct,3
snacks,UK_IE|US_CANADA,Lotus Bakeries,Lotus Bakeries,direct,3
beverages,FRANCE|SOUTHERN_EUROPE,Other / not mapped to a company,Suntory Beverage & Food,market_scoped,3
snacks,US_CANADA,General Mills,Other / not mapped to a company,unresolved,3
beverages,FRANCE|DACH|US_CANADA,Nestlé,Nestlé,direct,3
cereals,UK_IE|US_CANADA,Manual review / complex ownership,Manual review / complex ownership,manual_review,3
dairies,FRANCE|SOUTHERN_EUROPE,Other / not mapped to a company,Lidl,direct,3
beverages,US_CANADA|FRANCE|UK_IE,Other / not mapped to a company,Other / not mapped to a company,unresolved,3
dairies,US_CANADA,Danone (Dannon in US),Danone,direct,3
dairies,UK_IE|US_CANADA,Mondelēz International,Mondelēz International,direct,3
dairies,UK_IE|US_CANADA,Sainsbury's,Sainsbury's,direct,3
dairies,FRANCE|SOUTHERN_EUROPE|UK_IE,Arla,Arla,direct,3
dairies,FRANCE|SOUTHERN_EUROPE,Leclerc,Leclerc,direct,3
beverages,US_CANADA|FRANCE,Ocean Spray,Ocean Spray,direct,3
beverages,US_CANADA|FRANCE,The Coca-Cola Company,Other / not mapped to a company,unresolved,3
beverages,US_CANADA|FRANCE,Walmart / Great Value,Walmart / Great Value,direct,3
beverages,US_CANADA|FRANCE|DACH|UK_IE,Other / not mapped to a company,Other / not mapped to a company,unresolved,3
cereals,FRANCE|SOUTHERN_EUROPE|US_CANADA,Other / not mapped to a company,Other / not mapped to a company,unresolved,3
beverages,FRANCE|DACH|SOUTHERN_EUROPE|UK_IE,Other / not mapped to a company,Other / not mapped to a company,unresolved,3
cereals,FRANCE|UK_IE,Lidl,Lidl,direct,3
beverages,FRANCE,The Coca-Cola Company,Monster Beverage Corp,market_scoped,3
beverages,DACH|FRANCE,Arizona Beverages,Arizona Beverages,direct,3
beverages,DACH|FRANCE,Nestlé,Nestlé,direct,3
dairies,US_CANADA,Other / not mapped to a company,Kroger,direct,3
dairies,US_CANADA,Sainsbury's,Sainsbury's,direct,3
dairies,FRANCE|DACH|UK_IE|SOUTHERN_EUROPE,Lidl,Lidl,direct,3
dairies,US_CANADA,The Hershey Company,The Hershey Company,direct,3
beverages,US_CANADA,Waitrose,Waitrose,direct,3
dairies,FRANCE|DACH|US_CANADA,Other / not mapped to a company,Other / not mapped to a company,unresolved,3
dairies,FRANCE|DACH|SOUTHERN_EUROPE,Danone,Danone,direct,3
snacks,UK_IE,Lindt & Sprüngli,Other / not mapped to a company,unresolved,3
snacks,UK_IE,Manual review / complex ownership,Manual review / complex ownership,manual_review,3
snacks,SOUTHERN_EUROPE|US_CANADA,PepsiCo,PepsiCo,direct,3
beverages,BENELUX|FRANCE|DACH|SOUTHERN_EUROPE,Danone,Danone,direct,3
snacks,SOUTHERN_EUROPE|US_CANADA,The Campbell's Company,The Campbell's Company,direct,3
beverages,BENELUX|FRANCE|DACH,The Coca-Cola Company,Other / not mapped to a company,unresolved,3
beverages,FRANCE|BENELUX|UK_IE,Other / not mapped to a company,Other / not mapped to a company,unresolved,3
snacks,BENELUX|FRANCE,Cora,Cora,direct,3
dairies,FRANCE|DACH,Other / not mapped to a company,Lactalis,direct,3
snacks,BENELUX|FRANCE|DACH,Andros,Andros,direct,3
beverages,US_CANADA,Other / not mapped to a company,Whole Foods / Amazon,direct,3
snacks,BENELUX|FRANCE|DACH|SOUTHERN_EUROPE,Mars,Mars,direct,3
snacks,BENELUX|FRANCE|DACH|SOUTHERN_EUROPE,Ferrero,Ferrero,direct,3
snacks,BENELUX|FRANCE,Nestlé,Nestlé,market_scoped,3
dairies,FRANCE|BENELUX|SOUTHERN_EUROPE|DACH,Other / not mapped to a company,Other / not mapped to a company,unresolved,3
dairies,FRANCE|DACH,Andros,Andros,direct,3
cereals,US_CANADA,The Coca-Cola Company,Other / not mapped to a company,unresolved,3
cereals,US_CANADA,Wegmans,Other / not mapped to a company,unresolved,3
cereals,US_CANADA,Lotus Bakeries,Other / not mapped to a company,unresolved,3
cereals,US_CANADA,Mondelēz International,Mondelēz International,direct,3
cereals,US_CANADA,Other / not mapped to a company,Ferrero,market_scoped,3
cereals,FRANCE|SOUTHERN_EUROPE,General Mills,General Mills,direct,3
snacks,BENELUX|FRANCE|DACH|UK_IE|SOUTHERN_EUROPE,General Mills,General Mills,direct,3
snacks,BENELUX|FRANCE|NORDICS,Other / not mapped to a company,Other / not mapped to a company,unresolved,3
snacks,BENELUX|FRANCE|SOUTHERN_EUROPE,Ahold Delhaize,Ahold Delhaize,direct,3
snacks,BENELUX|FRANCE|SOUTHERN_EUROPE,Ferrero,Ferrero,direct,3
snacks,BENELUX|FRANCE|DACH|SOUTHERN_EUROPE|UK_IE,Ferrero,Ferrero,direct,3
snacks,BENELUX|FRANCE|DACH|UK_IE,General Mills,General Mills,direct,3
snacks,BENELUX|FRANCE|UK_IE,Marks & Spencer,Marks & Spencer,direct,3
snacks,BENELUX|FRANCE|US_CANADA,Other / not mapped to a company,Other / not mapped to a company,unresolved,3
cereals,DACH|SOUTHERN_EUROPE|US_CANADA,Other / not mapped to a company,Other / not mapped to a company,unresolved,3
snacks,BENELUX|NORDICS|FRANCE|DACH|SOUTHERN_EUROPE|UK_IE,Other / not mapped to a company,Other / not mapped to a company,unresolved,3
snacks,BENELUX|FRANCE|SOUTHERN_EUROPE|DACH,Other / not mapped to a company,Other / not mapped to a company,unresolved,3
snacks,BENELUX|FRANCE|SOUTHERN_EUROPE|UK_IE,Lotus Bakeries,Lotus Bakeries,direct,3
snacks,BENELUX|FRANCE|SOUTHERN_EUROPE|UK_IE,Other / not mapped to a company,Other / not mapped to a company,unresolved,3
snacks,BENELUX|FRANCE|SOUTHERN_EUROPE,Lidl,Lidl,direct,3
cereals,DACH|UK_IE,Nestlé,Nestlé,direct,3
dairies,FRANCE|BENELUX|SOUTHERN_EUROPE,Lidl,Lidl,direct,3
dairies,FRANCE|BENELUX|SOUTHERN_EUROPE,Other / not mapped to a company,Other / not mapped to a company,unresolved,3
beverages,DACH|US_CANADA,Nestlé,Nestlé,direct,3
cereals,FRANCE|SOUTHERN_EUROPE,Nestlé,Manual review / complex ownership,manual_review,3
cereals,US_CANADA,Other / not mapped to a company,Whole Foods / Amazon,direct,3
snacks,SOUTHERN_EUROPE|UK_IE,pladis,pladis,direct,3
snacks,SOUTHERN_EUROPE|UK_IE,Lidl,Lidl,direct,3
snacks,SOUTHERN_EUROPE|US_CANADA,General Mills,General Mills,direct,3
beverages,FRANCE|SOUTHERN_EUROPE|DACH,Carrefour,Carrefour,direct,3
snacks,DACH|BENELUX|NORDICS|FRANCE|SOUTHERN_EUROPE|UK_IE,Other / not mapped to a company,Other / not mapped to a company,unresolved,3
snacks,DACH|BENELUX|FRANCE|SOUTHERN_EUROPE,Ferrero,Ferrero,direct,3
snacks,BENELUX|SOUTHERN_EUROPE|UK_IE,Other / not mapped to a company,Other / not mapped to a company,unresolved,3
beverages,US_CANADA,Other / not mapped to a company,Ahold Delhaize,direct,3
beverages,FRANCE|SOUTHERN_EUROPE|NORDICS,Other / not mapped to a company,Other / not mapped to a company,unresolved,3
snacks,NORDICS|FRANCE,Ferrero,Ferrero,direct,3
snacks,SOUTHERN_EUROPE|UK_IE,Nestlé,Nestlé,direct,3
snacks,SOUTHERN_EUROPE|UK_IE,Sainsbury's,Sainsbury's,direct,3
dairies,BENELUX|DACH|UK_IE|SOUTHERN_EUROPE,Other / not mapped to a company,Other / not mapped to a company,unresolved,3
dairies,FRANCE,pladis,Other / not mapped to a company,unresolved,3
dairies,FRANCE|BENELUX,Danone,Danone,market_scoped,3
beverages,US_CANADA,Huel,Huel,direct,3
beverages,FRANCE|DACH,Other / not mapped to a company,Capri Sun Group / Coca-Cola Europacific Partners,market_scoped,3
dairies,FRANCE,Saputo,Saputo,direct,3
dairies,FRANCE,The Coca-Cola Company,The Coca-Cola Company,direct,3
dairies,FRANCE,The Magnum Ice Cream Company,The Magnum Ice Cream Company,recently_demerged,3
dairies,FRANCE,Walmart / Great Value,Walmart / Great Value,direct,3
snacks,FRANCE|US_CANADA,Other / not mapped to a company,The Campbell's Company,direct,3
snacks,FRANCE|US_CANADA,Target,Target,direct,3
snacks,FRANCE|US_CANADA,Walmart / Great Value,Walmart / Great Value,direct,3
snacks,NORDICS|FRANCE|DACH,Mondelēz International,Mondelēz International,direct,3
beverages,FRANCE,Arla,Other / not mapped to a company,unresolved,3
dairies,FRANCE,Morrisons,Morrisons,direct,3
beverages,US_CANADA,Ferrero,Ferrero,market_scoped,3
snacks,DACH|FRANCE|US_CANADA,The Campbell's Company,The Campbell's Company,direct,3
snacks,DACH|UK_IE,Aldi,Aldi,direct,3
cereals,FRANCE,Dia,Dia,direct,3
beverages,DACH|BENELUX|FRANCE,The Coca-Cola Company,The Coca-Cola Company,direct,3
beverages,FRANCE|BENELUX,The Coca-Cola Company,The Coca-Cola Company,direct,3
dairies,FRANCE,Franprix,Other / not mapped to a company,unresolved,3
beverages,FRANCE,Franprix,Other / not mapped to a company,unresolved,3
beverages,FRANCE|DACH,Unilever Foods,Unilever Foods,direct,3
beverages,FRANCE|DACH,pladis,Other / not mapped to a company,unresolved,3
snacks,DACH|UK_IE,Tesco,Tesco,direct,3
beverages,UK_IE|SOUTHERN_EUROPE,Other / not mapped to a company,Other / not mapped to a company,unresolved,3
beverages,FRANCE,General Mills,General Mills,direct,3
dairies,FRANCE,General Mills,Other / not mapped to a company,unresolved,3
dairies,BENELUX|FRANCE|DACH,Savencia,Savencia,direct,3
beverages,FRANCE|UK_IE,Capri Sun Group / Coca-Cola Europacific Partners,Capri Sun Group / Coca-Cola Europacific Partners,market_scoped,3
beverages,FRANCE|UK_IE,Carrefour,Carrefour,direct,3
snacks,FRANCE|UK_IE|US_CANADA,Mars,Mars,direct,3
snacks,FRANCE|US_CANADA,Grupo Bimbo,Grupo Bimbo,direct,3
cereals,FRANCE|DACH|BENELUX,Other / not mapped to a company,Other / not mapped to a company,unresolved,3
dairies,FRANCE,Carrefour,Other / not mapped to a company,unresolved,3
snacks,DACH|US_CANADA,Lindt & Sprüngli,Lindt & Sprüngli,direct,3
snacks,DACH|US_CANADA,The Campbell's Company,The Campbell's Company,direct,3
snacks,FRANCE,Lactalis,Lactalis,direct,3
cereals,FRANCE,Leader Price,Other / not mapped to a company,unresolved,3
cereals,FRANCE,Other / not mapped to a company,Carrefour,direct,3
cereals,FRANCE,Walmart / Great Value,Walmart / Great Value,direct,3
snacks,FRANCE,Lidl,Carrefour,direct,3
beverages,BENELUX|UK_IE,Lidl,Lidl,direct,3
cereals,FRANCE|BENELUX,Mars,Mars,market_scoped,3
dairies,BENELUX|FRANCE|DACH,Carrefour,Carrefour,direct,3
snacks,FRANCE|UK_IE,Huel,Huel,direct,3
beverages,FRANCE|UK_IE,Lidl,Lidl,direct,3
beverages,FRANCE|UK_IE,Mondelēz International,Mondelēz International,market_scoped,3
dairies,BENELUX|FRANCE|DACH,Manual review / complex ownership,Manual review / complex ownership,manual_review,3
dairies,BENELUX|FRANCE|DACH,Other / not mapped to a company,General Mills,direct,3
snacks,FRANCE,Other / not mapped to a company,Carrefour,direct,3
snacks,FRANCE,Other / not mapped to a company,Danone,direct,3
beverages,UK_IE,Other / not mapped to a company,PepsiCo,direct,3
snacks,FRANCE,Huel,Huel,direct,3
beverages,BENELUX|FRANCE|US_CANADA,Other / not mapped to a company,Other / not mapped to a company,unresolved,3
beverages,SOUTHERN_EUROPE|US_CANADA,Walmart / Great Value,Walmart / Great Value,direct,3
snacks,FRANCE|UK_IE,Aldi,Aldi,direct,3
snacks,FRANCE|SOUTHERN_EUROPE|UK_IE,pladis,pladis,direct,3
snacks,FRANCE|UK_IE,Post Holdings,Post Holdings,direct,3
snacks,FRANCE|UK_IE,The Campbell's Company,The Campbell's Company,direct,3
beverages,FRANCE|BENELUX,Danone,Danone,direct,3
beverages,FRANCE|DACH|NORDICS,PepsiCo,PepsiCo,direct,3
snacks,FRANCE,Perfetti Van Melle,Other / not mapped to a company,unresolved,3
beverages,BENELUX|FRANCE|UK_IE,Marks & Spencer,Marks & Spencer,direct,3
beverages,BENELUX|FRANCE|UK_IE,The Coca-Cola Company,The Coca-Cola Company,direct,3
beverages,FRANCE|DACH|SOUTHERN_EUROPE,Lidl,Lidl,direct,3
dairies,DACH|FRANCE,Flora Food Group,Flora Food Group,direct,3
snacks,FRANCE|BENELUX|NORDICS,Other / not mapped to a company,Other / not mapped to a company,unresolved,3
beverages,FRANCE|DACH|SOUTHERN_EUROPE,Carrefour,Carrefour,direct,3
snacks,FRANCE|BENELUX,Ferrero,Ferrero,direct,3
snacks,FRANCE|DACH,Hema,Hema,direct,3
snacks,FRANCE|DACH,Mondelēz International,Mondelēz International,market_scoped,3
snacks,FRANCE|SOUTHERN_EUROPE|DACH|UK_IE,Other / not mapped to a company,Other / not mapped to a company,unresolved,3
snacks,FRANCE|SOUTHERN_EUROPE|DACH|US_CANADA,Other / not mapped to a company,Other / not mapped to a company,unresolved,3
snacks,FRANCE|NORDICS|UK_IE,Other / not mapped to a company,Other / not mapped to a company,unresolved,3
dairies,BENELUX|FRANCE|DACH|SOUTHERN_EUROPE,Flora Food Group,Flora Food Group,direct,3
dairies,BENELUX|FRANCE|DACH|SOUTHERN_EUROPE,Lactalis,Lactalis,direct,3
beverages,FRANCE,Waitrose,Waitrose,direct,3
beverages,SOUTHERN_EUROPE|UK_IE,Lidl,Lidl,direct,3
beverages,SOUTHERN_EUROPE|UK_IE,Sainsbury's,Sainsbury's,direct,3
snacks,FRANCE|DACH,Auchan,Auchan,direct,3
snacks,FRANCE|DACH,Belle France,Belle France,direct,3
snacks,FRANCE|DACH|SOUTHERN_EUROPE,Barilla,Barilla,direct,3
cereals,FRANCE|DACH,Belle France,Belle France,direct,3
beverages,BENELUX|FRANCE|SOUTHERN_EUROPE,The Coca-Cola Company,The Coca-Cola Company,direct,3
snacks,FRANCE|DACH|UK_IE,pladis,pladis,direct,3
dairies,BENELUX|FRANCE|US_CANADA,Danone (Dannon in US),Danone (Dannon in US),market_scoped,3
beverages,NORDICS|FRANCE|DACH|SOUTHERN_EUROPE,Other / not mapped to a company,Other / not mapped to a company,unresolved,3
snacks,FRANCE|DACH|SOUTHERN_EUROPE|UK_IE,Lidl,Lidl,direct,3
snacks,FRANCE|DACH|UK_IE,Andros,Andros,direct,3
beverages,BENELUX|FRANCE|SOUTHERN_EUROPE|DACH,Nestlé,Nestlé,direct,3
snacks,FRANCE|DACH|SOUTHERN_EUROPE,Other / not mapped to a company,Lidl,direct,3
snacks,FRANCE|SOUTHERN_EUROPE,Nestlé,Other / not mapped to a company,unresolved,3
snacks,FRANCE|SOUTHERN_EUROPE,Other / not mapped to a company,Lindt & Sprüngli,direct,3
snacks,FRANCE|DACH|US_CANADA,PepsiCo,PepsiCo,direct,3
dairies,BENELUX|FRANCE|UK_IE,Other / not mapped to a company,Other / not mapped to a company,unresolved,3
snacks,FRANCE|SOUTHERN_EUROPE|UK_IE,Mars,Mars,direct,3
cereals,FRANCE|UK_IE,Waitrose,Waitrose,direct,3
snacks,US_CANADA|FRANCE|SOUTHERN_EUROPE,Mondelēz International,Mondelēz International,direct,3
snacks,US_CANADA,Wawa,Wawa,direct,3
beverages,BENELUX|DACH|UK_IE,Other / not mapped to a company,Other / not mapped to a company,unresolved,3
dairies,FRANCE|US_CANADA,Manual review / complex ownership,Manual review / complex ownership,manual_review,3
cereals,BENELUX|FRANCE|DACH|SOUTHERN_EUROPE|UK_IE,Mars,Mars,market_scoped,3
dairies,NORDICS|US_CANADA,Other / not mapped to a company,Other / not mapped to a company,unresolved,3
dairies,FRANCE|US_CANADA,Trader Joe's,Trader Joe's,direct,3
dairies,FRANCE|US_CANADA,Walmart / Great Value,Walmart / Great Value,direct,3
dairies,FRANCE|UK_IE|US_CANADA,Mondelēz International,Mondelēz International,direct,3
snacks,US_CANADA,Other / not mapped to a company,Mondelēz International,direct,3
dairies,NORDICS|FRANCE|UK_IE,Other / not mapped to a company,Other / not mapped to a company,unresolved,3
cereals,FRANCE|US_CANADA,Post Holdings,Post Holdings,direct,2
dairies,FRANCE|UK_IE|US_CANADA,Other / not mapped to a company,Other / not mapped to a company,unresolved,2
snacks,US_CANADA|FRANCE,The Campbell's Company,The Campbell's Company,direct,2
beverages,BENELUX|FRANCE,Aldi,Aldi,direct,2
dairies,FRANCE|US_CANADA,Nestlé,Nestlé,direct,2
dairies,NORDICS|FRANCE|DACH|SOUTHERN_EUROPE,Lidl,Lidl,direct,2
dairies,NORDICS|FRANCE|BENELUX,Other / not mapped to a company,Other / not mapped to a company,unresolved,2
dairies,NORDICS|FRANCE,Lidl,Lidl,direct,2
dairies,FRANCE|US_CANADA,Leclerc,Leclerc,direct,2
cereals,NORDICS|FRANCE|DACH,Mars,Mars,market_scoped,2
cereals,FRANCE|US_CANADA,Whole Foods / Amazon,Whole Foods / Amazon,direct,2
dairies,FRANCE|US_CANADA,Auchan,Auchan,direct,2
dairies,FRANCE|US_CANADA,Andros,Andros,direct,2
cereals,FRANCE|US_CANADA,Nestlé,Nestlé,direct,2
snacks,US_CANADA,Other / not mapped to a company,Lotus Bakeries,direct,2
cereals,NORDICS|US_CANADA,Other / not mapped to a company,Other / not mapped to a company,unresolved,2
beverages,FRANCE|DACH|UK_IE,Nestlé,Nestlé,direct,2
snacks,US_CANADA,Other / not mapped to a company,General Mills,direct,2
snacks,US_CANADA,FrieslandCampina,FrieslandCampina,direct,2
cereals,FRANCE|US_CANADA,Manual review / complex ownership,Other / not mapped to a company,unresolved,2
dairies,NORDICS|UK_IE|SOUTHERN_EUROPE,Lidl,Lidl,direct,2
dairies,FRANCE|UK_IE,Mars,Mars,direct,2
dairies,FRANCE|UK_IE,Nestlé,Other / not mapped to a company,unresolved,2
dairies,SOUTHERN_EUROPE|US_CANADA,Flora Food Group,Flora Food Group,direct,2
dairies,SOUTHERN_EUROPE|UK_IE,Arla,Arla,direct,2
cereals,BENELUX|FRANCE|DACH,Nestlé,Cereal Partners Worldwide,market_scoped,2
cereals,BENELUX|FRANCE|DACH,Nestlé,Nestlé,direct,2
dairies,NORDICS|FRANCE|SOUTHERN_EUROPE,Other / not mapped to a company,Other / not mapped to a company,unresolved,2
dairies,FRANCE|UK_IE,Post Holdings,Post Holdings,direct,2
dairies,FRANCE|UK_IE,Savencia,Savencia,direct,2
dairies,FRANCE|UK_IE,Aldi,Aldi,direct,2
snacks,FRANCE|DACH|BENELUX|SOUTHERN_EUROPE|UK_IE,Other / not mapped to a company,Other / not mapped to a company,unresolved,2
snacks,FRANCE|DACH,Grupo Bimbo,Grupo Bimbo,direct,2
snacks,FRANCE|DACH|UK_IE,PepsiCo,PepsiCo,direct,2
dairies,BENELUX|NORDICS|FRANCE,Other / not mapped to a company,Other / not mapped to a company,unresolved,2
dairies,BENELUX|NORDICS|FRANCE|DACH|SOUTHERN_EUROPE,Lidl,Lidl,direct,2
snacks,FRANCE|DACH|UK_IE,Lindt & Sprüngli,Lindt & Sprüngli,direct,2
snacks,FRANCE|DACH|SOUTHERN_EUROPE|UK_IE,Ferrero,Ferrero,direct,2
snacks,FRANCE|DACH|UK_IE,Lidl,Lidl,direct,2
beverages,BENELUX|FRANCE|SOUTHERN_EUROPE|DACH,The Coca-Cola Company,The Coca-Cola Company,direct,2
snacks,FRANCE|DACH|SOUTHERN_EUROPE,Perfetti Van Melle,Perfetti Van Melle,direct,2
snacks,FRANCE|DACH|SOUTHERN_EUROPE|BENELUX,Haribo,Haribo,direct,2
snacks,FRANCE|SOUTHERN_EUROPE,Leader Price,Leader Price,direct,2
dairies,BENELUX|FRANCE|SOUTHERN_EUROPE,Lactalis,Lactalis,direct,2
dairies,BENELUX|FRANCE|SOUTHERN_EUROPE|DACH,Other / not mapped to a company,Other / not mapped to a company,unresolved,2
snacks,FRANCE|SOUTHERN_EUROPE,Other / not mapped to a company,Lidl,direct,2
snacks,FRANCE|NORDICS,pladis,pladis,direct,2
snacks,FRANCE|DACH,Other / not mapped to a company,Mondelēz International,direct,2
beverages,SOUTHERN_EUROPE|UK_IE,Monster Beverage Corp,Monster Beverage Corp,market_scoped,2
beverages,SOUTHERN_EUROPE|US_CANADA,Nestlé,Nestlé,direct,2
beverages,SOUTHERN_EUROPE|US_CANADA,PepsiCo,PepsiCo,direct,2
snacks,FRANCE|BENELUX|UK_IE,Lotus Bakeries,Lotus Bakeries,direct,2
beverages,SOUTHERN_EUROPE|UK_IE,Asda,Asda,direct,2
snacks,FRANCE|DACH|NORDICS,Mondelēz International,Mondelēz International,direct,2
snacks,FRANCE|DACH|SOUTHERN_EUROPE,Lindt & Sprüngli,Lindt & Sprüngli,direct,2
cereals,FRANCE|DACH,Aldi,Aldi,direct,2
dairies,BENELUX|US_CANADA|FRANCE,Other / not mapped to a company,Other / not mapped to a company,unresolved,2
snacks,FRANCE|DACH|SOUTHERN_EUROPE,Nestlé,Nestlé,market_scoped,2
beverages,SOUTHERN_EUROPE|DACH|UK_IE,Other / not mapped to a company,Other / not mapped to a company,unresolved,2
snacks,FRANCE|DACH,Other / not mapped to a company,pladis,direct,2
snacks,FRANCE|DACH,The Campbell's Company,The Campbell's Company,direct,2
snacks,FRANCE|DACH,The Magnum Ice Cream Company,The Magnum Ice Cream Company,recently_demerged,2
snacks,FRANCE|DACH|BENELUX,Mondelēz International,Mondelēz International,direct,2
snacks,FRANCE|BENELUX,Lidl,Lidl,direct,2
snacks,FRANCE|DACH,Leader Price,Leader Price,direct,2
dairies,DACH|FRANCE|SOUTHERN_EUROPE,Mondelēz International,Mondelēz International,direct,2
dairies,DACH|BENELUX|UK_IE,Other / not mapped to a company,Other / not mapped to a company,unresolved,2
snacks,FRANCE|SOUTHERN_EUROPE|DACH,Carrefour,Carrefour,direct,2
snacks,FRANCE|SOUTHERN_EUROPE|DACH,pladis,pladis,direct,2
beverages,FRANCE|US_CANADA,Lidl,Lidl,direct,2
beverages,FRANCE|US_CANADA,Monster Beverage Corp (Coca-Cola 20% stake / exclusive distrib),Monster Beverage Corp (Coca-Cola 20% stake / exclusive distrib),market_scoped,2
beverages,FRANCE|US_CANADA,Other / not mapped to a company,Manual review / complex ownership,manual_review,2
beverages,FRANCE|US_CANADA,Other / not mapped to a company,Nestlé,direct,2
snacks,FRANCE|SOUTHERN_EUROPE,The Hershey Company,The Hershey Company,direct,2
snacks,FRANCE|SOUTHERN_EUROPE,Barilla,Other / not mapped to a company,unresolved,2
dairies,BENELUX|FRANCE|SOUTHERN_EUROPE,Danone,Danone,direct,2
dairies,BENELUX|FRANCE|SOUTHERN_EUROPE,Danone,Danone,market_scoped,2
cereals,FRANCE|BENELUX,PepsiCo,PepsiCo,direct,2
cereals,FRANCE|BENELUX|UK_IE,Other / not mapped to a company,Other / not mapped to a company,unresolved,2
beverages,FRANCE|DACH|SOUTHERN_EUROPE,Lactalis,Lactalis,direct,2
beverages,UK_IE,Asda,Other / not mapped to a company,unresolved,2
beverages,UK_IE,Hema,Hema,direct,2
beverages,UK_IE,Kraft Heinz,Kraft Heinz,direct,2
beverages,UK_IE,Manual review / complex ownership,Other / not mapped to a company,unresolved,2
snacks,FRANCE|DACH,Cora,Cora,direct,2
snacks,FRANCE|BENELUX,pladis,pladis,direct,2
dairies,DACH|UK_IE,Mondelēz International,Mondelēz International,direct,2
dairies,DACH|UK_IE,Sainsbury's,Sainsbury's,direct,2
dairies,DACH|FRANCE,Manual review / complex ownership,Manual review / complex ownership,manual_review,2
dairies,DACH|FRANCE,Other / not mapped to a company,Lidl,direct,2
dairies,DACH|FRANCE,Savencia,Savencia,direct,2
dairies,DACH|FRANCE|BENELUX,Other / not mapped to a company,Other / not mapped to a company,unresolved,2
snacks,FRANCE,Unilever Foods,Unilever Foods,direct,2
snacks,FRANCE,pladis,Other / not mapped to a company,unresolved,2
snacks,FRANCE|BENELUX,Haribo,Haribo,direct,2
snacks,FRANCE,Groupe Casino,Groupe Casino,direct,2
beverages,FRANCE|DACH|BENELUX,The Coca-Cola Company,The Coca-Cola Company,direct,2
dairies,DACH|UK_IE,Aldi,Aldi,direct,2
dairies,DACH|UK_IE,Bel Group,Bel Group,direct,2
beverages,FRANCE|UK_IE,Other / not mapped to a company,The Coca-Cola Company,direct,2
beverages,FRANCE|US_CANADA,Danone,Danone,direct,2
snacks,FRANCE|SOUTHERN_EUROPE|UK_IE|US_CANADA,Other / not mapped to a company,Other / not mapped to a company,unresolved,2
snacks,FRANCE|UK_IE,Auchan,Auchan,direct,2
snacks,FRANCE|SOUTHERN_EUROPE|UK_IE,Post Holdings,Post Holdings,direct,2
snacks,FRANCE|SOUTHERN_EUROPE|UK_IE|US_CANADA,Mondelēz International,Mondelēz International,direct,2
beverages,FRANCE|UK_IE,The Coca-Cola Company,The Coca-Cola Company,market_scoped,2
snacks,FRANCE|SOUTHERN_EUROPE|UK_IE,General Mills,General Mills,direct,2
snacks,FRANCE|SOUTHERN_EUROPE|UK_IE,Haribo,Haribo,direct,2
snacks,FRANCE|UK_IE,Unilever Foods,Unilever Foods,direct,2
beverages,FRANCE,Whole Foods / Amazon,Whole Foods / Amazon,direct,2
snacks,FRANCE,PepsiCo,Other / not mapped to a company,unresolved,2
cereals,FRANCE|DACH|NORDICS,Mars,Mars,market_scoped,2
cereals,FRANCE|DACH|SOUTHERN_EUROPE,PepsiCo,PepsiCo,direct,2
dairies,BENELUX|FRANCE,Otsuka / Nutrition & Santé,Otsuka / Nutrition & Santé,direct,2
snacks,FRANCE|UK_IE|SOUTHERN_EUROPE,Other / not mapped to a company,Other / not mapped to a company,unresolved,2
beverages,FRANCE|UK_IE,PepsiCo,PepsiCo,direct,2
snacks,FRANCE|UK_IE,Kraft Heinz,Kraft Heinz,direct,2
snacks,FRANCE|UK_IE,Other / not mapped to a company,PepsiCo,direct,2
snacks,FRANCE|US_CANADA,Intermarché,Intermarché,direct,2
snacks,FRANCE|US_CANADA,Kroger,Kroger,direct,2
beverages,FRANCE|SOUTHERN_EUROPE|US_CANADA,The Coca-Cola Company,The Coca-Cola Company,direct,2
beverages,FRANCE,Manual review / complex ownership,Other / not mapped to a company,unresolved,2
beverages,FRANCE,Migros,Migros,direct,2
dairies,DACH|US_CANADA,Aldi,Aldi,direct,2
snacks,FRANCE,Other / not mapped to a company,Mars,direct,2
beverages,UK_IE,Morrisons,Other / not mapped to a company,unresolved,2
beverages,UK_IE,Other / not mapped to a company,PepsiCo,market_scoped,2
snacks,FRANCE,Aldi,Arizona Beverages,direct,2
snacks,DACH|UK_IE|SOUTHERN_EUROPE,Other / not mapped to a company,Other / not mapped to a company,unresolved,2
snacks,FRANCE,Kraft Heinz,Other / not mapped to a company,unresolved,2
snacks,FRANCE,Leader Price,Other / not mapped to a company,unresolved,2
beverages,FRANCE|BENELUX|SOUTHERN_EUROPE|DACH,Other / not mapped to a company,Other / not mapped to a company,unresolved,2
dairies,DACH|US_CANADA,Mondelēz International,Mondelēz International,direct,2
cereals,FRANCE,Other / not mapped to a company,Kraft Heinz,direct,2
cereals,FRANCE,Tesco,Tesco,direct,2
snacks,FRANCE,Lidl,Other / not mapped to a company,unresolved,2
snacks,FRANCE,Manual review / complex ownership,E.Leclerc,direct,2
beverages,BENELUX|NORDICS|FRANCE|DACH|SOUTHERN_EUROPE|UK_IE,The Coca-Cola Company,The Coca-Cola Company,direct,2
beverages,BENELUX|NORDICS|FRANCE|DACH|UK_IE,Other / not mapped to a company,Other / not mapped to a company,unresolved,2
beverages,UK_IE,pladis,pladis,direct,2
snacks,FRANCE,Other / not mapped to a company,Savencia,direct,2
beverages,BENELUX|SOUTHERN_EUROPE|UK_IE,Lidl,Lidl,direct,2
beverages,BENELUX|UK_IE,Ahold Delhaize,Ahold Delhaize,direct,2
dairies,BENELUX|FRANCE,Kraft Heinz,Kraft Heinz,direct,2
dairies,BENELUX|FRANCE,Leclerc,Leclerc,direct,2
dairies,BENELUX|FRANCE,Nestlé,Other / not mapped to a company,unresolved,2
snacks,FRANCE|US_CANADA,Mars,Other / not mapped to a company,unresolved,2
snacks,FRANCE|UK_IE|US_CANADA,Manual review / complex ownership,Mondelēz International,market_scoped,2
snacks,FRANCE|US_CANADA,Aldi,Aldi,direct,2
snacks,NORDICS|FRANCE,Lidl,Lidl,direct,2
cereals,FRANCE|DACH,Otsuka / Nutrition & Santé,Otsuka / Nutrition & Santé,direct,2
cereals,FRANCE|DACH|SOUTHERN_EUROPE,Post Holdings,Post Holdings,direct,2
cereals,FRANCE|DACH|SOUTHERN_EUROPE|BENELUX,Other / not mapped to a company,Other / not mapped to a company,unresolved,2
beverages,FRANCE,Manual review / complex ownership,E.Leclerc,direct,2
beverages,DACH|BENELUX|FRANCE,Other / not mapped to a company,Emmi,direct,2
snacks,FRANCE,Bel Group,Bel Group,direct,2
snacks,FRANCE,Cereal Partners Worldwide,Cereal Partners Worldwide,market_scoped,2
snacks,FRANCE,FrieslandCampina,FrieslandCampina,direct,2
beverages,BENELUX|US_CANADA|FRANCE,Other / not mapped to a company,Other / not mapped to a company,unresolved,2
snacks,DACH|UK_IE,Lotus Bakeries,Lotus Bakeries,direct,2
snacks,DACH|UK_IE,Marks & Spencer,Marks & Spencer,direct,2
snacks,DACH|NORDICS|FRANCE,Mondelēz International,Mondelēz International,direct,2
beverages,UK_IE|US_CANADA,Trader Joe's,Trader Joe's,direct,2
snacks,DACH|UK_IE|US_CANADA,Other / not mapped to a company,Other / not mapped to a company,unresolved,2
snacks,DACH|UK_IE|US_CANADA,PepsiCo,PepsiCo,direct,2
dairies,FRANCE,Danone,Other / not mapped to a company,unresolved,2
beverages,FRANCE,Flora Food Group,Flora Food Group,direct,2
beverages,FRANCE|DACH|BENELUX,Alnatura,Alnatura,direct,2
beverages,DACH|BENELUX|FRANCE|SOUTHERN_EUROPE,Other / not mapped to a company,Other / not mapped to a company,unresolved,2
beverages,DACH|BENELUX|FRANCE|SOUTHERN_EUROPE,The Coca-Cola Company,The Coca-Cola Company,direct,2
beverages,DACH|BENELUX|FRANCE|SOUTHERN_EUROPE|NORDICS|UK_IE|US_CANADA,The Coca-Cola Company,The Coca-Cola Company,direct,2
beverages,DACH|BENELUX|NORDICS|FRANCE,Other / not mapped to a company,Other / not mapped to a company,unresolved,2
snacks,DACH|UK_IE,PepsiCo,PepsiCo,direct,2
beverages,UK_IE|US_CANADA,Danone,Danone,direct,2
dairies,FRANCE,Herta JV (Nestlé 40%),Herta JV (Nestlé 40%),direct,2
beverages,FRANCE|BENELUX|DACH,Nestlé,Nestlé,direct,2
beverages,FRANCE|BENELUX|DACH,Other / not mapped to a company,Other / not mapped to a company,unresolved,2
beverages,FRANCE,Asda,Asda,direct,2
dairies,FRANCE,Lidl,Other / not mapped to a company,unresolved,2
dairies,FRANCE,Nestlé,Nestlé,market_scoped,2
beverages,US_CANADA,Flora Food Group,Flora Food Group,direct,2
snacks,DACH|FRANCE|US_CANADA,Mondelēz International,Mondelēz International,direct,2
snacks,DACH|NORDICS|US_CANADA,Other / not mapped to a company,Other / not mapped to a company,unresolved,2
snacks,DACH|SOUTHERN_EUROPE|UK_IE,Lidl,Lidl,direct,2
snacks,DACH|UK_IE,Coop,Coop,direct,2
cereals,DACH|US_CANADA,PepsiCo,PepsiCo,direct,2
cereals,FRANCE,Asda,Asda,direct,2
dairies,FRANCE,Intermarché,Other / not mapped to a company,unresolved,2
dairies,FRANCE,Kroger,Kroger,direct,2
beverages,FRANCE,Arla,Arla,direct,2
cereals,FRANCE,Huel,Huel,direct,2
beverages,FRANCE|DACH,Other / not mapped to a company,Froneri,direct,2
beverages,US_CANADA,Carrefour,Carrefour,direct,2
dairies,FRANCE,Waitrose,Waitrose,direct,2
dairies,FRANCE,Wegmans,Wegmans,direct,2
cereals,FRANCE|DACH|SOUTHERN_EUROPE|UK_IE,Post Holdings,Post Holdings,direct,2
cereals,FRANCE|DACH|US_CANADA,Other / not mapped to a company,Other / not mapped to a company,unresolved,2
snacks,NORDICS|FRANCE|BENELUX,Other / not mapped to a company,Other / not mapped to a company,unresolved,2
snacks,NORDICS|FRANCE|DACH,Lidl,Lidl,direct,2
snacks,FRANCE|US_CANADA,Nestlé,Other / not mapped to a company,unresolved,2
snacks,FRANCE|US_CANADA,Other / not mapped to a company,Mars,direct,2
snacks,FRANCE|US_CANADA,The Coca-Cola Company,Other / not mapped to a company,unresolved,2
snacks,FRANCE|US_CANADA,The Coca-Cola Company,The Coca-Cola Company,direct,2
snacks,NORDICS|FRANCE|DACH,Nestlé,Nestlé,direct,2
snacks,NORDICS|FRANCE|DACH|SOUTHERN_EUROPE|BENELUX,Other / not mapped to a company,Other / not mapped to a company,unresolved,2
snacks,NORDICS|FRANCE|DACH|SOUTHERN_EUROPE|UK_IE,Other / not mapped to a company,Other / not mapped to a company,unresolved,2
cereals,FRANCE|NORDICS,Mars,Mars,market_scoped,2
snacks,DACH|FRANCE,Other / not mapped to a company,Mondelēz International,direct,2
snacks,DACH|BENELUX|FRANCE|SOUTHERN_EUROPE|UK_IE,Ferrero,Ferrero,direct,2
snacks,DACH|BENELUX|FRANCE|SOUTHERN_EUROPE|UK_IE,Mars,Mars,direct,2
snacks,DACH|BENELUX|FRANCE|UK_IE,Mars,Mars,direct,2
snacks,DACH|BENELUX|FRANCE|UK_IE,Other / not mapped to a company,Other / not mapped to a company,unresolved,2
beverages,US_CANADA,Kraft Heinz,Other / not mapped to a company,unresolved,2
beverages,FRANCE|DACH,Monster Beverage Corp,Monster Beverage Corp,market_scoped,2
beverages,FRANCE|DACH,Nestlé,Manual review / complex ownership,manual_review,2
beverages,FRANCE|DACH,Nestlé,Other / not mapped to a company,unresolved,2
beverages,FRANCE|DACH,Netto,Netto,direct,2
dairies,FRANCE|BENELUX,Leclerc,Leclerc,direct,2
dairies,FRANCE|BENELUX,Manual review / complex ownership,Manual review / complex ownership,manual_review,2
dairies,FRANCE,Other / not mapped to a company,Nestlé,direct,2
dairies,FRANCE,Panzani,Other / not mapped to a company,unresolved,2
dairies,FRANCE,Sainsbury's,Sainsbury's,direct,2
dairies,FRANCE,The Coca-Cola Company,Other / not mapped to a company,unresolved,2
snacks,DACH|FRANCE,Alnatura,Alnatura,direct,2
dairies,BENELUX|FRANCE,Belle France,Belle France,direct,2
beverages,FRANCE,Other / not mapped to a company,Bel Group,direct,2
snacks,NORDICS|FRANCE|SOUTHERN_EUROPE,Lidl,Lidl,direct,2
snacks,NORDICS|FRANCE|SOUTHERN_EUROPE,Mondelēz International,Mondelēz International,direct,2
beverages,FRANCE|SOUTHERN_EUROPE|DACH|UK_IE,Other / not mapped to a company,Other / not mapped to a company,unresolved,2
beverages,FRANCE|SOUTHERN_EUROPE|UK_IE,Nestlé,Nestlé,direct,2
snacks,NORDICS|FRANCE|DACH,Mars,Mars,direct,2
snacks,FRANCE|US_CANADA,pladis,pladis,direct,2
snacks,NORDICS|DACH|UK_IE,Other / not mapped to a company,Other / not mapped to a company,unresolved,2
dairies,BENELUX|DACH|UK_IE,Other / not mapped to a company,Other / not mapped to a company,unresolved,2
dairies,BENELUX|FRANCE,Ahold Delhaize,Other / not mapped to a company,unresolved,2
beverages,DACH|US_CANADA,Other / not mapped to a company,Manual review / complex ownership,manual_review,2
beverages,DACH|US_CANADA,The Coca-Cola Company,The Coca-Cola Company,direct,2
dairies,FRANCE|BENELUX,Cora,Cora,direct,2
dairies,FRANCE|BENELUX,Lactalis,Lactalis,direct,2
snacks,NORDICS|SOUTHERN_EUROPE|UK_IE,Other / not mapped to a company,Other / not mapped to a company,unresolved,2
snacks,NORDICS|UK_IE,Mars,Mars,direct,2
snacks,SOUTHERN_EUROPE|US_CANADA,Trader Joe's,Trader Joe's,direct,2
beverages,FRANCE|DACH|SOUTHERN_EUROPE|UK_IE,The Coca-Cola Company,The Coca-Cola Company,direct,2
beverages,FRANCE|SOUTHERN_EUROPE|BENELUX,Other / not mapped to a company,Other / not mapped to a company,unresolved,2
snacks,DACH|BENELUX|FRANCE,Mars,Mars,direct,2
snacks,DACH|BENELUX|FRANCE,Mondelēz International,Mondelēz International,direct,2
snacks,DACH|BENELUX|FRANCE|SOUTHERN_EUROPE,Lindt & Sprüngli,Lindt & Sprüngli,direct,2
snacks,BENELUX|SOUTHERN_EUROPE|US_CANADA,Other / not mapped to a company,Other / not mapped to a company,unresolved,2
snacks,BENELUX|UK_IE,Lotus Bakeries,Lotus Bakeries,direct,2
beverages,US_CANADA,Meijer,Other / not mapped to a company,unresolved,2
beverages,US_CANADA,Other / not mapped to a company,Kroger,direct,2
beverages,FRANCE|DACH,Other / not mapped to a company,Manual review / complex ownership,manual_review,2
beverages,FRANCE|DACH,Other / not mapped to a company,Monster Beverage Corp,market_scoped,2
snacks,DACH|FRANCE|SOUTHERN_EUROPE,Haribo,Haribo,direct,2
snacks,DACH|BENELUX|NORDICS|FRANCE|UK_IE|SOUTHERN_EUROPE,Other / not mapped to a company,Other / not mapped to a company,unresolved,2
snacks,BENELUX|FRANCE|DACH|SOUTHERN_EUROPE|US_CANADA,Other / not mapped to a company,Other / not mapped to a company,unresolved,2
snacks,BENELUX|FRANCE|DACH|UK_IE,Andros,Andros,direct,2
snacks,BENELUX|FRANCE|UK_IE,Ferrero,Ferrero,direct,2
snacks,BENELUX|FRANCE|UK_IE,Lotus Bakeries,Lotus Bakeries,direct,2
snacks,BENELUX|FRANCE|US_CANADA,Mondelēz International,Mondelēz International,direct,2
dairies,FRANCE|DACH,Leader Price,Leader Price,direct,2
dairies,FRANCE|DACH,Lidl,Other / not mapped to a company,unresolved,2
cereals,DACH|NORDICS|FRANCE,Other / not mapped to a company,Other / not mapped to a company,unresolved,2
cereals,DACH|NORDICS|US_CANADA,Other / not mapped to a company,Other / not mapped to a company,unresolved,2
snacks,BENELUX|FRANCE|SOUTHERN_EUROPE,Lotus Bakeries,Lotus Bakeries,direct,2
dairies,FRANCE|BENELUX,Other / not mapped to a company,General Mills,direct,2
cereals,FRANCE|SOUTHERN_EUROPE,Manual review / complex ownership,Manual review / complex ownership,manual_review,2
snacks,NORDICS|UK_IE,PepsiCo,PepsiCo,direct,2
snacks,OTHER_MIXED,Other / not mapped to a company,Other / not mapped to a company,unresolved,2
snacks,NORDICS|FRANCE|SOUTHERN_EUROPE|DACH,Other / not mapped to a company,Other / not mapped to a company,unresolved,2
snacks,NORDICS|FRANCE|UK_IE,Other / not mapped to a company,Other / not mapped to a company,unresolved,2
cereals,DACH|FRANCE|BENELUX,Other / not mapped to a company,Other / not mapped to a company,unresolved,2
dairies,FRANCE|BENELUX|US_CANADA,Other / not mapped to a company,Other / not mapped to a company,unresolved,2
snacks,BENELUX|FRANCE|SOUTHERN_EUROPE|DACH,Mars,Mars,direct,2
beverages,FRANCE|SOUTHERN_EUROPE|DACH,Coop,Coop,direct,2
cereals,US_CANADA,Other / not mapped to a company,Ahold Delhaize,direct,2
cereals,FRANCE|NORDICS|DACH,Mars,Mars,market_scoped,2
snacks,SOUTHERN_EUROPE|UK_IE,Marks & Spencer,Marks & Spencer,direct,2
snacks,SOUTHERN_EUROPE|UK_IE,Mars,Mars,market_scoped,2
snacks,SOUTHERN_EUROPE|UK_IE,Mondelēz International,Other / not mapped to a company,unresolved,2
snacks,UK_IE,Andros,Andros,direct,2
cereals,FRANCE|SOUTHERN_EUROPE,Aldi,Aldi,direct,2
cereals,FRANCE|SOUTHERN_EUROPE,Barilla,Barilla,direct,2
beverages,FRANCE,Other / not mapped to a company,Otsuka / Nutrition & Santé,direct,2
snacks,BENELUX|FRANCE|DACH|UK_IE,Mondelēz International,Mondelēz International,direct,2
snacks,BENELUX|FRANCE|DACH|US_CANADA,Other / not mapped to a company,Other / not mapped to a company,unresolved,2
snacks,BENELUX|FRANCE|SOUTHERN_EUROPE,Haribo,Haribo,direct,2
snacks,BENELUX|FRANCE,Leclerc,Leclerc,direct,2
snacks,BENELUX|FRANCE,Lindt & Sprüngli,Lindt & Sprüngli,direct,2
beverages,FRANCE|DACH,Léa Nature,Léa Nature,direct,2
beverages,FRANCE|DACH,Mars,Mars,direct,2
snacks,BENELUX|FRANCE|DACH|SOUTHERN_EUROPE,Lidl,Lidl,direct,2
beverages,US_CANADA,Other / not mapped to a company,Nestlé,direct,2
beverages,US_CANADA,Other / not mapped to a company,Walmart / Great Value,direct,2
beverages,FRANCE|DACH,Danone,Other / not mapped to a company,unresolved,2
dairies,FRANCE|DACH|BENELUX,FrieslandCampina,FrieslandCampina,direct,2
dairies,FRANCE|DACH|NORDICS,Other / not mapped to a company,Lidl,direct,2
cereals,DACH|BENELUX|FRANCE|SOUTHERN_EUROPE,Nestlé,Nestlé,direct,2
cereals,DACH|FRANCE,Nestlé,Nestlé,direct,2
beverages,FRANCE|DACH,Froneri,Froneri,direct,2
beverages,FRANCE|DACH,Kraft Heinz,Kraft Heinz,direct,2
snacks,BENELUX|FRANCE|DACH,Mars,Mars,market_scoped,2
snacks,BENELUX|FRANCE|DACH,Other / not mapped to a company,Mondelēz International,direct,2
snacks,BENELUX|DACH|SOUTHERN_EUROPE|UK_IE,Other / not mapped to a company,Other / not mapped to a company,unresolved,2
snacks,BENELUX|FRANCE,Andros,Andros,direct,2
snacks,BENELUX|FRANCE,General Mills,Other / not mapped to a company,unresolved,2
snacks,BENELUX|FRANCE,Hema,Hema,direct,2
snacks,BENELUX|FRANCE,Herta JV (Nestlé 40%),Herta JV (Nestlé 40%),direct,2
snacks,BENELUX|FRANCE,Kraft Heinz,Mondelēz International,direct,2
snacks,BENELUX|FRANCE,Other / not mapped to a company,Ahold Delhaize,direct,2
snacks,BENELUX|FRANCE,Other / not mapped to a company,Mondelēz International,direct,2
dairies,FRANCE|DACH|SOUTHERN_EUROPE|UK_IE,Lactalis,Lactalis,direct,2
dairies,FRANCE|DACH|SOUTHERN_EUROPE|US_CANADA,Other / not mapped to a company,Other / not mapped to a company,unresolved,2
dairies,FRANCE|DACH,Migros,Other / not mapped to a company,unresolved,2
dairies,FRANCE|DACH,Other / not mapped to a company,Bel Group,direct,2
dairies,FRANCE|DACH,Saputo,Saputo,direct,2
snacks,BENELUX|FRANCE,Perfetti Van Melle,Perfetti Van Melle,direct,2
snacks,BENELUX|FRANCE,St Michel,St Michel,direct,2
snacks,BENELUX|FRANCE,Trader Joe's,Trader Joe's,direct,2
beverages,US_CANADA,Sainsbury's,Sainsbury's,direct,2
dairies,FRANCE|NORDICS,Arla,Other / not mapped to a company,unresolved,2
dairies,FRANCE|NORDICS,Lidl,Lidl,direct,2
beverages,FRANCE,Other / not mapped to a company,pladis,direct,2
cereals,FRANCE|SOUTHERN_EUROPE|BENELUX,Mars,Mars,market_scoped,2
snacks,UK_IE,Mondelēz International,Other / not mapped to a company,unresolved,2
snacks,UK_IE,Nestlé,Other / not mapped to a company,unresolved,2
beverages,BENELUX|FRANCE|DACH|SOUTHERN_EUROPE,Manual review / complex ownership,Manual review / complex ownership,manual_review,2
beverages,BENELUX|FRANCE|DACH|SOUTHERN_EUROPE|UK_IE,Lidl,Lidl,direct,2
beverages,BENELUX|FRANCE|DACH,Other / not mapped to a company,Manual review / complex ownership,manual_review,2
beverages,BENELUX|FRANCE|DACH,Other / not mapped to a company,Suntory Beverage & Food,market_scoped,2
beverages,BENELUX|FRANCE|DACH,Suntory Beverage & Food,Suntory Beverage & Food,market_scoped,2
cereals,FRANCE|SOUTHERN_EUROPE|DACH,Carrefour,Carrefour,direct,2
dairies,FRANCE|DACH|SOUTHERN_EUROPE,Lactalis,Lactalis,direct,2
dairies,FRANCE|DACH|SOUTHERN_EUROPE,Mondelēz International,Mondelēz International,direct,2
dairies,FRANCE|DACH|SOUTHERN_EUROPE,Nestlé,Nestlé,direct,2
dairies,US_CANADA,Froneri,Froneri,market_scoped,2
beverages,US_CANADA,Wegmans,Other / not mapped to a company,unresolved,2
beverages,US_CANADA|DACH,Other / not mapped to a company,Other / not mapped to a company,unresolved,2
dairies,US_CANADA,Yum! Brands,Yum! Brands,direct,2
dairies,US_CANADA|FRANCE,Bel Group,Bel Group,direct,2
dairies,US_CANADA|FRANCE,Danone,Danone,market_scoped,2
dairies,US_CANADA|FRANCE,General Mills,General Mills,direct,2
cereals,BENELUX|SOUTHERN_EUROPE|UK_IE,Other / not mapped to a company,Other / not mapped to a company,unresolved,2
dairies,FRANCE|DACH|UK_IE,Lidl,Lidl,direct,2
dairies,US_CANADA|FRANCE,Walmart / Great Value,Walmart / Great Value,direct,2
dairies,US_CANADA,Tops Friendly Markets,Other / not mapped to a company,unresolved,2
beverages,FRANCE|BENELUX|US_CANADA,Other / not mapped to a company,Other / not mapped to a company,unresolved,2
beverages,FRANCE|DACH,Auchan,Auchan,direct,2
beverages,US_CANADA,Tops Friendly Markets,Other / not mapped to a company,unresolved,2
beverages,US_CANADA,Walmart / Great Value,Other / not mapped to a company,unresolved,2
beverages,US_CANADA,Wawa,Other / not mapped to a company,unresolved,2
beverages,FRANCE,PepsiCo,Other / not mapped to a company,unresolved,2
cereals,FRANCE|SOUTHERN_EUROPE|UK_IE,Nestlé,Nestlé,direct,2
cereals,FRANCE|UK_IE,Asda,Asda,direct,2
beverages,BENELUX|FRANCE|DACH|NORDICS,Danone,Danone,direct,2
snacks,UK_IE,Other / not mapped to a company,The Coca-Cola Company,direct,2
snacks,UK_IE,Other / not mapped to a company,Lindt & Sprüngli,direct,2
beverages,FRANCE|DACH|SOUTHERN_EUROPE|BENELUX|UK_IE,Other / not mapped to a company,Other / not mapped to a company,unresolved,2
beverages,FRANCE|DACH|SOUTHERN_EUROPE|NORDICS|UK_IE,Other / not mapped to a company,Other / not mapped to a company,unresolved,2
beverages,FRANCE|DACH|SOUTHERN_EUROPE|UK_IE,Nestlé,Nestlé,direct,2
beverages,FRANCE,The Coca-Cola Company,Suntory Beverage & Food,market_scoped,2
beverages,FRANCE,The Magnum Ice Cream Company,The Magnum Ice Cream Company,recently_demerged,2
beverages,FRANCE,Thiriet,Thiriet,direct,2
cereals,BENELUX|FRANCE|US_CANADA,Ahold Delhaize,Ahold Delhaize,direct,2
beverages,DACH|FRANCE,Alnatura,Alnatura,direct,2
dairies,US_CANADA,Morrisons,Morrisons,direct,2
dairies,US_CANADA,Other / not mapped to a company,Ahold Delhaize,direct,2
beverages,DACH|SOUTHERN_EUROPE|UK_IE,Nestlé,Nestlé,direct,2
beverages,US_CANADA|FRANCE,Arizona Beverages,Arizona Beverages,direct,2
dairies,FRANCE|SOUTHERN_EUROPE|NORDICS,Other / not mapped to a company,Other / not mapped to a company,unresolved,2
dairies,FRANCE|SOUTHERN_EUROPE|NORDICS|DACH,Other / not mapped to a company,Other / not mapped to a company,unresolved,2
dairies,FRANCE|NORDICS|US_CANADA,Other / not mapped to a company,Other / not mapped to a company,unresolved,2
dairies,FRANCE|SOUTHERN_EUROPE,Lactalis,Other / not mapped to a company,unresolved,2
beverages,DACH|FRANCE,Other / not mapped to a company,The Coca-Cola Company,direct,2
beverages,DACH|FRANCE,PepsiCo,PepsiCo,direct,2
beverages,DACH|FRANCE,Suntory Beverage & Food,Suntory Beverage & Food,market_scoped,2
beverages,DACH|FRANCE,pladis,pladis,direct,2
beverages,DACH|FRANCE|UK_IE,Other / not mapped to a company,Other / not mapped to a company,unresolved,2
beverages,DACH|BENELUX|SOUTHERN_EUROPE|UK_IE,Other / not mapped to a company,Other / not mapped to a company,unresolved,2
beverages,DACH|BENELUX|US_CANADA,Other / not mapped to a company,Other / not mapped to a company,unresolved,2
dairies,FRANCE|SOUTHERN_EUROPE,Mars,Mars,direct,2
dairies,FRANCE|NORDICS,Mondelēz International,Mondelēz International,direct,2
dairies,FRANCE|NORDICS,Other / not mapped to a company,Lactalis,direct,2
beverages,US_CANADA|FRANCE|SOUTHERN_EUROPE|BENELUX,Other / not mapped to a company,Other / not mapped to a company,unresolved,2
beverages,US_CANADA|FRANCE|SOUTHERN_EUROPE|BENELUX|DACH,Other / not mapped to a company,Other / not mapped to a company,unresolved,2
beverages,FRANCE|SOUTHERN_EUROPE,Hema,Hema,direct,2
beverages,FRANCE|SOUTHERN_EUROPE,LIPTON Teas and Infusions / Ekaterra,LIPTON Teas and Infusions / Ekaterra,recently_sold_or_spun_off,2
snacks,UK_IE|SOUTHERN_EUROPE,Other / not mapped to a company,Other / not mapped to a company,unresolved,2
snacks,UK_IE|US_CANADA,Ferrero,Ferrero,direct,2
snacks,UK_IE|US_CANADA,Marks & Spencer,Marks & Spencer,direct,2
snacks,UK_IE|US_CANADA,The Hershey Company,The Hershey Company,direct,2
beverages,FRANCE|SOUTHERN_EUROPE,Other / not mapped to a company,Carrefour,direct,2
cereals,FRANCE|UK_IE|SOUTHERN_EUROPE,Other / not mapped to a company,Other / not mapped to a company,unresolved,2
cereals,SOUTHERN_EUROPE|UK_IE,PepsiCo,PepsiCo,direct,2
cereals,BENELUX|FRANCE|SOUTHERN_EUROPE|DACH,PepsiCo,PepsiCo,direct,2
cereals,BENELUX|FRANCE|SOUTHERN_EUROPE|DACH|UK_IE,Post Holdings,Post Holdings,direct,2
dairies,FRANCE|SOUTHERN_EUROPE,The Hershey Company,The Hershey Company,direct,2
dairies,UK_IE|SOUTHERN_EUROPE,Other / not mapped to a company,Other / not mapped to a company,unresolved,2
dairies,UK_IE|US_CANADA,Morrisons,Morrisons,direct,2
beverages,US_CANADA|UK_IE,Other / not mapped to a company,Other / not mapped to a company,unresolved,2
cereals,BENELUX|FRANCE,Ahold Delhaize,Other / not mapped to a company,unresolved,2
cereals,BENELUX|FRANCE,Aldi,Aldi,direct,2
cereals,BENELUX|FRANCE,Cora,Cora,direct,2
dairies,SOUTHERN_EUROPE|UK_IE,Morrisons,Morrisons,direct,2
beverages,DACH|UK_IE,Danone,Danone,direct,2
beverages,DACH|UK_IE,LIPTON Teas and Infusions / Ekaterra,LIPTON Teas and Infusions / Ekaterra,recently_sold_or_spun_off,2
beverages,DACH|US_CANADA,Aldi,Aldi,direct,2
dairies,FRANCE|UK_IE,Arla,Other / not mapped to a company,unresolved,2
dairies,FRANCE|UK_IE,Auchan,Auchan,direct,2
cereals,BENELUX|FRANCE|SOUTHERN_EUROPE,Nestlé,Manual review / complex ownership,manual_review,2
dairies,UK_IE,The Coca-Cola Company,Other / not mapped to a company,unresolved,2
cereals,BENELUX|FRANCE,Other / not mapped to a company,Kraft Heinz,direct,2
dairies,UK_IE,Kraft Heinz,Kraft Heinz,direct,2
dairies,UK_IE,Nestlé,Nestlé,market_scoped,2
beverages,US_CANADA|FRANCE|SOUTHERN_EUROPE,Other / not mapped to a company,Other / not mapped to a company,unresolved,2
cereals,SOUTHERN_EUROPE|US_CANADA,PepsiCo,PepsiCo,direct,2
beverages,FRANCE|NORDICS,Manual review / complex ownership,Manual review / complex ownership,manual_review,2
snacks,US_CANADA,Carrefour,Carrefour,direct,2
snacks,US_CANADA,Chobani,Chobani,direct,2
beverages,BENELUX|FRANCE,pladis,pladis,direct,2
beverages,BENELUX|FRANCE|DACH,Aldi,Aldi,direct,2
beverages,BENELUX|FRANCE|DACH,Arizona Beverages,Arizona Beverages,direct,2
beverages,BENELUX|FRANCE|DACH,Capri Sun Group / Coca-Cola Europacific Partners,Capri Sun Group / Coca-Cola Europacific Partners,market_scoped,2
beverages,BENELUX|FRANCE|DACH,LIPTON Teas and Infusions / Ekaterra,LIPTON Teas and Infusions / Ekaterra,recently_sold_or_spun_off,2
snacks,US_CANADA,Sainsbury's,Sainsbury's,direct,2
snacks,US_CANADA,Sheetz,Other / not mapped to a company,unresolved,2
beverages,DACH|UK_IE,Tesco,Tesco,direct,2
beverages,DACH|UK_IE|US_CANADA,Other / not mapped to a company,Other / not mapped to a company,unresolved,2
dairies,UK_IE,Other / not mapped to a company,Marks & Spencer,direct,2
dairies,SOUTHERN_EUROPE|US_CANADA,Lactalis,Lactalis,direct,2
dairies,UK_IE,Danone,Other / not mapped to a company,unresolved,2
beverages,BENELUX|FRANCE,The Campbell's Company,The Campbell's Company,direct,2
snacks,US_CANADA,St Michel,St Michel,direct,2
snacks,US_CANADA,The Campbell's Company,Other / not mapped to a company,unresolved,2
beverages,BENELUX|DACH|UK_IE,Danone,Danone,direct,2
snacks,US_CANADA,Walmart / Great Value,Other / not mapped to a company,unresolved,2
snacks,US_CANADA|FRANCE,Ferrero,Ferrero,direct,2
beverages,BENELUX|FRANCE,Other / not mapped to a company,Ahold Delhaize,direct,2
beverages,FRANCE|DACH|UK_IE,Coop,Coop,direct,2
snacks,US_CANADA|FRANCE,Nestlé,Other / not mapped to a company,unresolved,2
snacks,US_CANADA|FRANCE|DACH,Mondelēz International,Mondelēz International,direct,2
beverages,BENELUX|FRANCE,Flora Food Group,Flora Food Group,direct,2
cereals,BENELUX|FRANCE|DACH|UK_IE,Other / not mapped to a company,Other / not mapped to a company,unresolved,2
cereals,BENELUX|FRANCE|DACH|UK_IE|SOUTHERN_EUROPE,Other / not mapped to a company,Other / not mapped to a company,unresolved,2
dairies,FRANCE|UK_IE,Leader Price,Leader Price,direct,2
beverages,BENELUX|FRANCE,Otsuka / Nutrition & Santé,Otsuka / Nutrition & Santé,direct,2
beverages,BENELUX|FRANCE,PepsiCo,PepsiCo,market_scoped,2
snacks,FRANCE|NORDICS|DACH,Other / not mapped to a company,Other / not mapped to a company,unresolved,2
beverages,NORDICS|DACH|UK_IE,Other / not mapped to a company,Other / not mapped to a company,unresolved,2
beverages,NORDICS|DACH|US_CANADA,Other / not mapped to a company,Other / not mapped to a company,unresolved,2
snacks,FRANCE|DACH|US_CANADA,Lindt & Sprüngli,Lindt & Sprüngli,direct,2
snacks,FRANCE|DACH|US_CANADA,The Campbell's Company,The Campbell's Company,direct,2
snacks,FRANCE|NORDICS,PepsiCo,PepsiCo,direct,2
snacks,FRANCE|DACH|UK_IE,Mars,Other / not mapped to a company,unresolved,2
snacks,FRANCE|DACH|UK_IE,Nestlé,Nestlé,direct,2
dairies,BENELUX|FRANCE|DACH|SOUTHERN_EUROPE|UK_IE,Lidl,Lidl,direct,2
dairies,BENELUX|FRANCE|DACH|UK_IE,Lidl,Lidl,direct,2
snacks,FRANCE|SOUTHERN_EUROPE|UK_IE,Mondelēz International,Mondelēz International,direct,2
snacks,US_CANADA|FRANCE|SOUTHERN_EUROPE,Carrefour,Carrefour,direct,2
snacks,US_CANADA|FRANCE|UK_IE,Other / not mapped to a company,Other / not mapped to a company,unresolved,2
snacks,US_CANADA|UK_IE,Manual review / complex ownership,Manual review / complex ownership,manual_review,2
snacks,US_CANADA|FRANCE,Aldi,Aldi,direct,2
beverages,FRANCE|DACH|US_CANADA,Lidl,Lidl,direct,2
snacks,US_CANADA|FRANCE,The Coca-Cola Company,PepsiCo,direct,1
beverages,BENELUX|FRANCE,Hema,Hema,direct,1
snacks,US_CANADA|FRANCE,pladis,pladis,direct,1
snacks,US_CANADA|FRANCE|DACH,Nestlé,Nestlé,direct,1
beverages,BENELUX|FRANCE,Other / not mapped to a company,Monster Beverage Corp,market_scoped,1
snacks,US_CANADA|FRANCE,Leader Price,Leader Price,direct,1
snacks,US_CANADA|FRANCE,Other / not mapped to a company,Manual review / complex ownership,manual_review,1
snacks,US_CANADA|FRANCE,St Michel,St Michel,direct,1
snacks,US_CANADA|FRANCE,Carrefour,Carrefour,direct,1
snacks,US_CANADA,Système U,Système U,direct,1
snacks,US_CANADA,The Hershey Company,Other / not mapped to a company,unresolved,1
snacks,US_CANADA,Trader Joe's,Bel Group,direct,1
snacks,US_CANADA,Waitrose,Waitrose,direct,1
cereals,SOUTHERN_EUROPE|UK_IE,Nestlé,Nestlé,direct,1
cereals,FRANCE|UK_IE,Nestlé,Cereal Partners Worldwide,market_scoped,1
cereals,FRANCE|UK_IE,PepsiCo,Other / not mapped to a company,unresolved,1
cereals,FRANCE|UK_IE|SOUTHERN_EUROPE,Mars,Mars,market_scoped,1
cereals,FRANCE|UK_IE|SOUTHERN_EUROPE,Nestlé,Nestlé,direct,1
snacks,US_CANADA|FRANCE|DACH|SOUTHERN_EUROPE,Other / not mapped to a company,Other / not mapped to a company,unresolved,1
snacks,US_CANADA|FRANCE|DACH|SOUTHERN_EUROPE|UK_IE,Other / not mapped to a company,Other / not mapped to a company,unresolved,1
snacks,US_CANADA|FRANCE|SOUTHERN_EUROPE|DACH,Other / not mapped to a company,Other / not mapped to a company,unresolved,1
snacks,US_CANADA|FRANCE|SOUTHERN_EUROPE|DACH,St Michel,St Michel,direct,1
snacks,US_CANADA|FRANCE|UK_IE,Haribo,Haribo,direct,1
snacks,US_CANADA|SOUTHERN_EUROPE,Other / not mapped to a company,Other / not mapped to a company,unresolved,1
snacks,US_CANADA|DACH,Other / not mapped to a company,Other / not mapped to a company,unresolved,1
dairies,NORDICS|FRANCE|DACH|SOUTHERN_EUROPE|BENELUX,Other / not mapped to a company,Other / not mapped to a company,unresolved,1
dairies,NORDICS|FRANCE|DACH|SOUTHERN_EUROPE|BENELUX|UK_IE,Other / not mapped to a company,Other / not mapped to a company,unresolved,1
dairies,NORDICS|FRANCE|SOUTHERN_EUROPE,Lactalis,Lactalis,direct,1
dairies,FRANCE|US_CANADA,Netto,Netto,direct,1
dairies,FRANCE|US_CANADA,Other / not mapped to a company,Mondelēz International,direct,1
dairies,FRANCE|US_CANADA,Other / not mapped to a company,Walmart / Great Value,direct,1
dairies,FRANCE|US_CANADA,Otsuka / Nutrition & Santé,Otsuka / Nutrition & Santé,direct,1
dairies,FRANCE|US_CANADA,Savencia,Savencia,direct,1
dairies,FRANCE|US_CANADA,Target,Target,direct,1
dairies,FRANCE|US_CANADA,Whole Foods / Amazon,Whole Foods / Amazon,direct,1
dairies,NORDICS|DACH|BENELUX|UK_IE,Other / not mapped to a company,Other / not mapped to a company,unresolved,1
dairies,NORDICS|DACH|UK_IE,Arla,Arla,direct,1
dairies,NORDICS|DACH|UK_IE|SOUTHERN_EUROPE,Lidl,Lidl,direct,1
dairies,NORDICS|DACH|UK_IE|SOUTHERN_EUROPE,Other / not mapped to a company,Bel Group,direct,1
dairies,NORDICS|FRANCE,Arla,Other / not mapped to a company,unresolved,1
dairies,NORDICS|FRANCE,FrieslandCampina,FrieslandCampina,direct,1
cereals,BENELUX|FRANCE|DACH|SOUTHERN_EUROPE|US_CANADA,Other / not mapped to a company,Other / not mapped to a company,unresolved,1
dairies,NORDICS|UK_IE|SOUTHERN_EUROPE|DACH,Lidl,Lidl,direct,1
dairies,NORDICS|US_CANADA,Arla,Arla,direct,1
dairies,NORDICS|US_CANADA,Coop,Coop,direct,1
dairies,SOUTHERN_EUROPE,Other / not mapped to a company,Other / not mapped to a company,unresolved,1
dairies,SOUTHERN_EUROPE|UK_IE,Aldi,Aldi,direct,1
dairies,NORDICS|FRANCE,Mars,Mars,direct,1
dairies,NORDICS|FRANCE,Mondelēz International,Mondelēz International,direct,1
dairies,NORDICS|FRANCE,Other / not mapped to a company,Lidl,direct,1
dairies,NORDICS|FRANCE,Other / not mapped to a company,Savencia,direct,1
dairies,NORDICS|FRANCE|BENELUX|SOUTHERN_EUROPE,Lactalis,Lactalis,direct,1
dairies,NORDICS|FRANCE|DACH,Arla,Arla,direct,1
dairies,NORDICS|FRANCE|DACH|BENELUX|SOUTHERN_EUROPE|UK_IE,Other / not mapped to a company,Other / not mapped to a company,unresolved,1
dairies,NORDICS|FRANCE|DACH|BENELUX|UK_IE,Arla,Arla,direct,1
dairies,NORDICS|FRANCE|DACH|SOUTHERN_EUROPE,Lactalis,Lactalis,direct,1
dairies,NORDICS|FRANCE|DACH|SOUTHERN_EUROPE,Other / not mapped to a company,Lidl,direct,1
dairies,NORDICS|FRANCE|SOUTHERN_EUROPE,Lidl,Other / not mapped to a company,unresolved,1
dairies,NORDICS|FRANCE|SOUTHERN_EUROPE|UK_IE,Other / not mapped to a company,Other / not mapped to a company,unresolved,1
dairies,NORDICS|FRANCE|UK_IE,Lactalis,Lactalis,direct,1
dairies,NORDICS|UK_IE,Lactalis,Lactalis,direct,1
dairies,NORDICS|UK_IE,Manual review / complex ownership,Manual review / complex ownership,manual_review,1
dairies,FRANCE|US_CANADA,Danone (Dannon in US),Danone,direct,1
dairies,FRANCE|US_CANADA,Kroger,Kroger,direct,1
dairies,FRANCE|US_CANADA,Meijer,Meijer,direct,1
dairies,FRANCE|UK_IE|SOUTHERN_EUROPE,Bel Group,Bel Group,direct,1
dairies,FRANCE|UK_IE|SOUTHERN_EUROPE|DACH,Other / not mapped to a company,Other / not mapped to a company,unresolved,1
cereals,BENELUX|FRANCE|DACH|SOUTHERN_EUROPE,Mars,Mars,market_scoped,1
cereals,BENELUX|FRANCE|DACH|SOUTHERN_EUROPE,Nestlé,Manual review / complex ownership,manual_review,1
cereals,BENELUX|FRANCE|DACH|SOUTHERN_EUROPE|UK_IE,Other / not mapped to a company,Other / not mapped to a company,unresolved,1
cereals,BENELUX|FRANCE|DACH|SOUTHERN_EUROPE|UK_IE,PepsiCo,PepsiCo,direct,1
cereals,BENELUX|FRANCE|DACH|SOUTHERN_EUROPE|UK_IE,Post Holdings,Post Holdings,direct,1
cereals,BENELUX|FRANCE|DACH|SOUTHERN_EUROPE|UK_IE|US_CANADA,Post Holdings,Post Holdings,direct,1
dairies,FRANCE|UK_IE,Other / not mapped to a company,General Mills,direct,1
dairies,SOUTHERN_EUROPE|US_CANADA,Auchan,Auchan,direct,1
dairies,SOUTHERN_EUROPE|US_CANADA,Carrefour,Carrefour,direct,1
dairies,SOUTHERN_EUROPE|US_CANADA,Coop,Coop,direct,1
dairies,SOUTHERN_EUROPE|US_CANADA,Danone,Danone,direct,1
dairies,SOUTHERN_EUROPE|UK_IE,Asda,Asda,direct,1
cereals,BENELUX|FRANCE,Post Holdings,Post Holdings,direct,1
cereals,BENELUX|FRANCE|DACH,Alnatura,Alnatura,direct,1
cereals,BENELUX|FRANCE|DACH,Ecotone,Ecotone,direct,1
cereals,BENELUX|FRANCE|DACH,Mars,Other / not mapped to a company,unresolved,1
cereals,BENELUX|FRANCE|DACH,Nestlé,Cereal Partners Worldwide,direct,1
cereals,BENELUX|FRANCE|DACH,Netto,Netto,direct,1
cereals,BENELUX|FRANCE|DACH,Other / not mapped to a company,PepsiCo,direct,1
cereals,BENELUX|FRANCE|DACH|SOUTHERN_EUROPE,Ecotone,Ecotone,direct,1
dairies,SOUTHERN_EUROPE|UK_IE,Bel Group,Bel Group,direct,1
dairies,SOUTHERN_EUROPE|UK_IE,Coop,Coop,direct,1
dairies,SOUTHERN_EUROPE|UK_IE,Danone,Danone,direct,1
dairies,SOUTHERN_EUROPE|UK_IE,FrieslandCampina,FrieslandCampina,direct,1
dairies,SOUTHERN_EUROPE|UK_IE,Marks & Spencer,Marks & Spencer,direct,1
dairies,SOUTHERN_EUROPE|UK_IE,Mondelēz International,Mondelēz International,direct,1
dairies,SOUTHERN_EUROPE|UK_IE,Mondelēz International,Mondelēz International,market_scoped,1
dairies,SOUTHERN_EUROPE|UK_IE,Nestlé,Nestlé,direct,1
dairies,SOUTHERN_EUROPE|UK_IE,Nestlé,Nestlé,market_scoped,1
dairies,SOUTHERN_EUROPE|UK_IE,Sainsbury's,Sainsbury's,direct,1
dairies,SOUTHERN_EUROPE|UK_IE,Waitrose,Waitrose,direct,1
cereals,BENELUX|FRANCE|NORDICS|DACH,Mars,Mars,market_scoped,1
cereals,BENELUX|FRANCE|SOUTHERN_EUROPE,Auchan,Auchan,direct,1
cereals,BENELUX|FRANCE|SOUTHERN_EUROPE,Intermarché,Intermarché,direct,1
dairies,FRANCE|UK_IE|US_CANADA,Leclerc,Leclerc,direct,1
dairies,FRANCE|UK_IE,Danone,Danone,direct,1
dairies,FRANCE|UK_IE,General Mills,Other / not mapped to a company,unresolved,1
dairies,FRANCE|UK_IE,Mondelēz International,Other / not mapped to a company,unresolved,1
beverages,DACH|UK_IE,Waitrose,Waitrose,direct,1
beverages,DACH|NORDICS|FRANCE|UK_IE,Other / not mapped to a company,Other / not mapped to a company,unresolved,1
beverages,DACH|NORDICS|SOUTHERN_EUROPE|BENELUX|UK_IE,Other / not mapped to a company,Other / not mapped to a company,unresolved,1
beverages,DACH|NORDICS|UK_IE,Monster Beverage Corp,Monster Beverage Corp,market_scoped,1
beverages,DACH|NORDICS|US_CANADA,Other / not mapped to a company,PepsiCo,direct,1
beverages,DACH|NORDICS|US_CANADA,PepsiCo,PepsiCo,direct,1
dairies,SOUTHERN_EUROPE|US_CANADA,Lidl,Lidl,direct,1
dairies,SOUTHERN_EUROPE|US_CANADA,Trader Joe's,Trader Joe's,direct,1
dairies,SOUTHERN_EUROPE|US_CANADA,Walmart / Great Value,Walmart / Great Value,direct,1
dairies,UK_IE,Dia,Dia,direct,1
beverages,US_CANADA|SOUTHERN_EUROPE|UK_IE,LIPTON Teas and Infusions / Ekaterra,LIPTON Teas and Infusions / Ekaterra,recently_sold_or_spun_off,1
beverages,US_CANADA|UK_IE,The Coca-Cola Company,The Coca-Cola Company,direct,1
cereals,BENELUX|DACH|UK_IE,Other / not mapped to a company,Other / not mapped to a company,unresolved,1
cereals,BENELUX|FRANCE,Leclerc,Leclerc,direct,1
cereals,BENELUX|FRANCE,Léa Nature,Léa Nature,direct,1
cereals,BENELUX|FRANCE,Manual review / complex ownership,Manual review / complex ownership,manual_review,1
dairies,UK_IE,PepsiCo,PepsiCo,direct,1
dairies,UK_IE,Tropicana Brands Group,Tropicana Brands Group,direct,1
dairies,UK_IE,Unilever Foods,Unilever Foods,direct,1
cereals,BENELUX|FRANCE,Other / not mapped to a company,Ahold Delhaize,direct,1
dairies,UK_IE,H-E-B,H-E-B,direct,1
dairies,UK_IE,Lotus Bakeries,Lotus Bakeries,direct,1
dairies,UK_IE,Marks & Spencer,Savencia,direct,1
dairies,UK_IE,Mondelēz International,Other / not mapped to a company,unresolved,1
dairies,FRANCE|UK_IE,Other / not mapped to a company,Lidl,direct,1
dairies,FRANCE|UK_IE,The Coca-Cola Company,The Coca-Cola Company,direct,1
dairies,FRANCE|UK_IE|DACH,Nestlé,Nestlé,direct,1
beverages,DACH|UK_IE,Manual review / complex ownership,Manual review / complex ownership,manual_review,1
beverages,DACH|UK_IE,Nestlé,Nestlé,direct,1
beverages,DACH|UK_IE,Other / not mapped to a company,LIPTON Teas and Infusions / Ekaterra,recently_sold_or_spun_off,1
beverages,DACH|UK_IE,Other / not mapped to a company,The Coca-Cola Company,direct,1
beverages,DACH|UK_IE,Sainsbury's,Sainsbury's,direct,1
beverages,DACH|SOUTHERN_EUROPE|UK_IE,Danone,Danone,direct,1
beverages,DACH|SOUTHERN_EUROPE|UK_IE,Tesco,Tesco,direct,1
beverages,DACH|SOUTHERN_EUROPE|UK_IE,The Coca-Cola Company,The Coca-Cola Company,direct,1
beverages,DACH|SOUTHERN_EUROPE|UK_IE|US_CANADA,Other / not mapped to a company,Other / not mapped to a company,unresolved,1
beverages,DACH|SOUTHERN_EUROPE|US_CANADA,Other / not mapped to a company,Other / not mapped to a company,unresolved,1
beverages,DACH|US_CANADA,Arizona Beverages,Arizona Beverages,direct,1
beverages,DACH|US_CANADA,Coop,Coop,direct,1
beverages,DACH|US_CANADA,Danone,Danone,direct,1
dairies,FRANCE|SOUTHERN_EUROPE|UK_IE,Nestlé,Other / not mapped to a company,unresolved,1
dairies,FRANCE|SOUTHERN_EUROPE|UK_IE|US_CANADA,Other / not mapped to a company,Other / not mapped to a company,unresolved,1
dairies,FRANCE|SOUTHERN_EUROPE|US_CANADA,Danone (Dannon in US),Danone (Dannon in US),market_scoped,1
cereals,BENELUX|FRANCE|SOUTHERN_EUROPE,Mars,Other / not mapped to a company,unresolved,1
cereals,BENELUX|FRANCE|SOUTHERN_EUROPE,Other / not mapped to a company,PepsiCo,direct,1
cereals,BENELUX|FRANCE|SOUTHERN_EUROPE|DACH,Mars,Other / not mapped to a company,unresolved,1
cereals,BENELUX|FRANCE|SOUTHERN_EUROPE|DACH,Nestlé,Manual review / complex ownership,manual_review,1
dairies,UK_IE,Other / not mapped to a company,The Coca-Cola Company,direct,1
beverages,US_CANADA|NORDICS|FRANCE|UK_IE|SOUTHERN_EUROPE|BENELUX|DACH,Other / not mapped to a company,Other / not mapped to a company,unresolved,1
beverages,US_CANADA|NORDICS|UK_IE,Other / not mapped to a company,Other / not mapped to a company,unresolved,1
dairies,US_CANADA,Auchan,Auchan,direct,1
dairies,US_CANADA,Bel Group,Other / not mapped to a company,unresolved,1
dairies,UK_IE,Walmart / Great Value,Walmart / Great Value,direct,1
dairies,UK_IE|BENELUX|SOUTHERN_EUROPE,Lidl,Lidl,direct,1
dairies,UK_IE|DACH,Nestlé,Other / not mapped to a company,unresolved,1
dairies,UK_IE|SOUTHERN_EUROPE,Mondelēz International,Mondelēz International,direct,1
dairies,UK_IE|US_CANADA,Andros,Andros,direct,1
dairies,UK_IE|US_CANADA,Asda,Asda,direct,1
dairies,UK_IE|US_CANADA,Danone,Danone,direct,1
dairies,UK_IE|US_CANADA,Lidl,Lidl,direct,1
dairies,UK_IE|US_CANADA,Marks & Spencer,Marks & Spencer,direct,1
dairies,UK_IE|US_CANADA,Trader Joe's,Trader Joe's,direct,1
dairies,US_CANADA,Alnatura,Alnatura,direct,1
dairies,US_CANADA,Asda,Asda,direct,1
dairies,US_CANADA,Danone (Dannon in US),Other / not mapped to a company,unresolved,1
dairies,US_CANADA,Dia,Other / not mapped to a company,unresolved,1
beverages,US_CANADA|FRANCE|BENELUX,Other / not mapped to a company,Other / not mapped to a company,unresolved,1
beverages,US_CANADA|FRANCE|BENELUX|SOUTHERN_EUROPE|UK_IE,Other / not mapped to a company,Other / not mapped to a company,unresolved,1
beverages,US_CANADA|FRANCE|DACH|BENELUX|UK_IE,Other / not mapped to a company,Other / not mapped to a company,unresolved,1
beverages,US_CANADA|FRANCE|DACH|SOUTHERN_EUROPE|UK_IE,Other / not mapped to a company,Other / not mapped to a company,unresolved,1
cereals,BENELUX|FRANCE|SOUTHERN_EUROPE|DACH|UK_IE,Other / not mapped to a company,Other / not mapped to a company,unresolved,1
cereals,BENELUX|FRANCE|SOUTHERN_EUROPE|DACH|UK_IE,PepsiCo,PepsiCo,direct,1
dairies,FRANCE|SOUTHERN_EUROPE,Other / not mapped to a company,Savencia,direct,1
dairies,FRANCE|SOUTHERN_EUROPE,Savencia,Savencia,direct,1
dairies,FRANCE|SOUTHERN_EUROPE,The Coca-Cola Company,The Coca-Cola Company,direct,1
dairies,FRANCE|SOUTHERN_EUROPE|BENELUX|UK_IE,Other / not mapped to a company,Other / not mapped to a company,unresolved,1
dairies,FRANCE|SOUTHERN_EUROPE|DACH,Carrefour,Carrefour,direct,1
dairies,FRANCE|SOUTHERN_EUROPE|DACH,Lidl,Lidl,direct,1
dairies,FRANCE|SOUTHERN_EUROPE|DACH,Mondelēz International,Mondelēz International,direct,1
dairies,FRANCE|SOUTHERN_EUROPE|DACH,Other / not mapped to a company,Nestlé,direct,1
dairies,FRANCE|SOUTHERN_EUROPE,Kraft Heinz,Other / not mapped to a company,unresolved,1
dairies,FRANCE|SOUTHERN_EUROPE,Leader Price,Leader Price,direct,1
beverages,US_CANADA|FRANCE,Mondelēz International,Mondelēz International,direct,1
beverages,US_CANADA|FRANCE,Monster Beverage Corp,Monster Beverage Corp,market_scoped,1
beverages,US_CANADA|FRANCE,Other / not mapped to a company,Manual review / complex ownership,manual_review,1
beverages,US_CANADA|FRANCE,The Campbell's Company,The Campbell's Company,direct,1
beverages,US_CANADA|FRANCE,The Coca-Cola Company,Nestlé,direct,1
beverages,DACH|FRANCE|BENELUX,Other / not mapped to a company,Other / not mapped to a company,unresolved,1
beverages,DACH|FRANCE|BENELUX|SOUTHERN_EUROPE|UK_IE,Other / not mapped to a company,Other / not mapped to a company,unresolved,1
beverages,DACH|FRANCE|BENELUX|UK_IE,Other / not mapped to a company,Other / not mapped to a company,unresolved,1
beverages,DACH|FRANCE|SOUTHERN_EUROPE|BENELUX|UK_IE,Other / not mapped to a company,Other / not mapped to a company,unresolved,1
beverages,DACH|FRANCE|SOUTHERN_EUROPE|UK_IE,The Coca-Cola Company,The Coca-Cola Company,direct,1
beverages,DACH|FRANCE|SOUTHERN_EUROPE|US_CANADA,Other / not mapped to a company,Other / not mapped to a company,unresolved,1
beverages,DACH|FRANCE|UK_IE,Nestlé,Nestlé,direct,1
beverages,DACH|FRANCE|US_CANADA,Other / not mapped to a company,Other / not mapped to a company,unresolved,1
beverages,DACH|NORDICS|FRANCE|SOUTHERN_EUROPE|UK_IE,Other / not mapped to a company,Other / not mapped to a company,unresolved,1
dairies,US_CANADA,Other / not mapped to a company,Saputo,direct,1
dairies,US_CANADA,Other / not mapped to a company,The Coca-Cola Company,direct,1
dairies,US_CANADA,Ferrero,Ferrero,direct,1
dairies,US_CANADA,FrieslandCampina,FrieslandCampina,direct,1
dairies,US_CANADA,Grupo Bimbo,Grupo Bimbo,direct,1
dairies,US_CANADA,Intermarché,Intermarché,direct,1
beverages,US_CANADA|FRANCE,Danone,Other / not mapped to a company,unresolved,1
beverages,US_CANADA|FRANCE,Kraft Heinz,Kraft Heinz,direct,1
dairies,FRANCE|SOUTHERN_EUROPE|DACH|UK_IE,Bel Group,Bel Group,direct,1
dairies,FRANCE|SOUTHERN_EUROPE|NORDICS,Lidl,Lidl,direct,1
dairies,FRANCE|SOUTHERN_EUROPE|UK_IE,Flora Food Group,Flora Food Group,direct,1
cereals,BENELUX|US_CANADA,Manual review / complex ownership,Manual review / complex ownership,manual_review,1
cereals,BENELUX|US_CANADA|FRANCE|DACH,Manual review / complex ownership,Manual review / complex ownership,manual_review,1
dairies,FRANCE|SOUTHERN_EUROPE,Arla,Other / not mapped to a company,unresolved,1
dairies,FRANCE|SOUTHERN_EUROPE,Danone,Other / not mapped to a company,unresolved,1
dairies,FRANCE|SOUTHERN_EUROPE,Kraft Heinz,Kraft Heinz,direct,1
cereals,BENELUX|FRANCE|UK_IE,Mars,Mars,market_scoped,1
cereals,BENELUX|FRANCE|UK_IE,Other / not mapped to a company,Other / not mapped to a company,unresolved,1
cereals,BENELUX|FRANCE|US_CANADA,Other / not mapped to a company,Other / not mapped to a company,unresolved,1
beverages,DACH|FRANCE,Lidl,Lidl,direct,1
beverages,DACH|FRANCE,Nestlé,Froneri,direct,1
dairies,US_CANADA,Sheetz,Sheetz,direct,1
dairies,US_CANADA,Lactalis,Other / not mapped to a company,unresolved,1
dairies,US_CANADA,Leclerc,Leclerc,direct,1
dairies,US_CANADA,Lotus Bakeries,Other / not mapped to a company,unresolved,1
dairies,US_CANADA,Manual review / complex ownership,Other / not mapped to a company,unresolved,1
dairies,US_CANADA,Marks & Spencer,Marks & Spencer,direct,1
dairies,US_CANADA,Mars,Mars,direct,1
dairies,US_CANADA,Nestlé,Nestlé,market_scoped,1
dairies,US_CANADA,Ocean Spray,Ocean Spray,direct,1
dairies,US_CANADA,Other / not mapped to a company,Flora Food Group,direct,1
dairies,US_CANADA,Other / not mapped to a company,Nestlé,direct,1
beverages,DACH|BENELUX|NORDICS|FRANCE|SOUTHERN_EUROPE|UK_IE,Danone,Danone,direct,1
beverages,DACH|BENELUX|NORDICS|FRANCE|UK_IE|SOUTHERN_EUROPE,Danone,Danone,direct,1
beverages,DACH|BENELUX|NORDICS|FRANCE|UK_IE|SOUTHERN_EUROPE,Other / not mapped to a company,Capri Sun Group / Coca-Cola Europacific Partners,market_scoped,1
beverages,DACH|BENELUX|UK_IE,Other / not mapped to a company,Other / not mapped to a company,unresolved,1
beverages,DACH|BENELUX|US_CANADA|FRANCE|SOUTHERN_EUROPE|UK_IE,The Coca-Cola Company,The Coca-Cola Company,direct,1
beverages,DACH|BENELUX|US_CANADA|NORDICS|FRANCE|UK_IE|SOUTHERN_EUROPE,Other / not mapped to a company,Other / not mapped to a company,unresolved,1
beverages,DACH|FRANCE,Aldi,Aldi,direct,1
dairies,FRANCE|SOUTHERN_EUROPE,Lidl,Other / not mapped to a company,unresolved,1
dairies,FRANCE|SOUTHERN_EUROPE,Mondelēz International,Other / not mapped to a company,unresolved,1
dairies,FRANCE|SOUTHERN_EUROPE,Monoprix,Monoprix,direct,1
dairies,FRANCE|SOUTHERN_EUROPE,Other / not mapped to a company,Bel Group,direct,1
dairies,FRANCE|SOUTHERN_EUROPE,Other / not mapped to a company,Carrefour,direct,1
dairies,FRANCE|NORDICS,Nestlé,Nestlé,direct,1
dairies,FRANCE|NORDICS,Other / not mapped to a company,Lidl,direct,1
cereals,BENELUX|FRANCE|SOUTHERN_EUROPE|UK_IE,Other / not mapped to a company,Other / not mapped to a company,unresolved,1
cereals,BENELUX|FRANCE|UK_IE,Marks & Spencer,Marks & Spencer,direct,1
dairies,FRANCE|DACH|UK_IE|US_CANADA,Mondelēz International,Mondelēz International,direct,1
dairies,FRANCE|DACH|US_CANADA,Coop,Coop,direct,1
dairies,US_CANADA|FRANCE|DACH,Lactalis,Lactalis,direct,1
dairies,US_CANADA|FRANCE|DACH,Mondelēz International,Mondelēz International,direct,1
dairies,US_CANADA|FRANCE|DACH|UK_IE,Other / not mapped to a company,Other / not mapped to a company,unresolved,1
dairies,US_CANADA|UK_IE,Bel Group,Bel Group,direct,1
dairies,US_CANADA|UK_IE,Other / not mapped to a company,Other / not mapped to a company,unresolved,1
dairies,US_CANADA,The Campbell's Company,The Campbell's Company,direct,1
dairies,US_CANADA,The Hershey Company,The Hershey Company,market_scoped,1
dairies,US_CANADA,Trader Joe's,Other / not mapped to a company,unresolved,1
beverages,FRANCE|DACH,Arla,Arla,direct,1
beverages,FRANCE|DACH,Belle France,Belle France,direct,1
beverages,FRANCE|DACH,Danone,Danone,market_scoped,1
beverages,US_CANADA,Unilever Foods,Unilever Foods,direct,1
dairies,US_CANADA,Wakefern / ShopRite,Other / not mapped to a company,unresolved,1
beverages,DACH|BENELUX|NORDICS|FRANCE|SOUTHERN_EUROPE,Danone,Danone,direct,1
dairies,US_CANADA|FRANCE,Other / not mapped to a company,Kraft Heinz,direct,1
dairies,US_CANADA|FRANCE,Other / not mapped to a company,Lactalis,direct,1
dairies,US_CANADA|FRANCE,Saputo,Saputo,direct,1
dairies,US_CANADA|FRANCE,Savencia,Savencia,direct,1
dairies,US_CANADA|FRANCE,The Campbell's Company,The Campbell's Company,direct,1
cereals,BENELUX|NORDICS|FRANCE,Other / not mapped to a company,Other / not mapped to a company,unresolved,1
cereals,BENELUX|NORDICS|FRANCE|DACH,Other / not mapped to a company,Other / not mapped to a company,unresolved,1
cereals,BENELUX|UK_IE,Mars,Mars,market_scoped,1
cereals,BENELUX|UK_IE,Mars,Other / not mapped to a company,unresolved,1
cereals,BENELUX|US_CANADA,Ahold Delhaize,Ahold Delhaize,direct,1
dairies,FRANCE|DACH|UK_IE,Lactalis,Lactalis,direct,1
dairies,FRANCE|DACH|UK_IE,Mondelēz International,Mondelēz International,direct,1
dairies,FRANCE|DACH|UK_IE,Mondelēz International,Mondelēz International,market_scoped,1
dairies,FRANCE|DACH|UK_IE,Sainsbury's,Sainsbury's,direct,1
dairies,FRANCE|DACH|UK_IE|BENELUX,Other / not mapped to a company,Other / not mapped to a company,unresolved,1
dairies,FRANCE|DACH|UK_IE|BENELUX|SOUTHERN_EUROPE,Lidl,Lidl,direct,1
dairies,FRANCE|DACH|SOUTHERN_EUROPE|NORDICS,Other / not mapped to a company,Lidl,direct,1
beverages,US_CANADA,St Michel,St Michel,direct,1
beverages,US_CANADA,The Coca-Cola Company,Mondelēz International,direct,1
beverages,US_CANADA,The Coca-Cola Company,Walmart / Great Value,direct,1
beverages,FRANCE|BENELUX|SOUTHERN_EUROPE|UK_IE,Other / not mapped to a company,Other / not mapped to a company,unresolved,1
beverages,FRANCE|BENELUX|US_CANADA,Danone (Dannon in US),Danone (Dannon in US),market_scoped,1
snacks,BENELUX|DACH|SOUTHERN_EUROPE|UK_IE,Mars,Mars,direct,1
snacks,BENELUX|DACH|UK_IE,Ferrero,Ferrero,direct,1
snacks,BENELUX|DACH|UK_IE,Other / not mapped to a company,Other / not mapped to a company,unresolved,1
snacks,BENELUX|DACH|UK_IE|US_CANADA,PepsiCo,PepsiCo,direct,1
snacks,BENELUX|DACH|US_CANADA,Other / not mapped to a company,Other / not mapped to a company,unresolved,1
snacks,BENELUX|FRANCE,Ahold Delhaize,Other / not mapped to a company,unresolved,1
snacks,BENELUX|FRANCE,Coop,Coop,direct,1
snacks,BENELUX|FRANCE,Flora Food Group,Flora Food Group,direct,1
snacks,BENELUX|FRANCE,General Mills,General Mills,market_scoped,1
dairies,US_CANADA|FRANCE,Manual review / complex ownership,Manual review / complex ownership,manual_review,1
dairies,FRANCE|DACH|BENELUX,Danone,Danone,market_scoped,1
snacks,BENELUX|FRANCE,The Hershey Company,The Hershey Company,direct,1
snacks,BENELUX|FRANCE|DACH,Ecotone,Ecotone,direct,1
snacks,BENELUX|FRANCE,Leader Price,Leader Price,direct,1
beverages,FRANCE|DACH,Leader Price,Leader Price,direct,1
beverages,FRANCE|DACH,Mondelēz International,Mondelēz International,direct,1
beverages,FRANCE|DACH,Mondelēz International,Mondelēz International,market_scoped,1
beverages,FRANCE|DACH,Monoprix,Monoprix,direct,1
dairies,FRANCE|DACH|US_CANADA,Nestlé,Nestlé,direct,1
dairies,FRANCE|NORDICS,Bel Group,Bel Group,direct,1
dairies,FRANCE|NORDICS,Coop,Coop,direct,1
dairies,FRANCE|DACH|NORDICS|UK_IE,Lidl,Lidl,direct,1
dairies,FRANCE|DACH|SOUTHERN_EUROPE,Bel Group,Bel Group,direct,1
dairies,FRANCE|DACH|SOUTHERN_EUROPE,Danone,Danone,market_scoped,1
dairies,FRANCE|DACH|SOUTHERN_EUROPE|BENELUX,Other / not mapped to a company,Other / not mapped to a company,unresolved,1
dairies,FRANCE|DACH|SOUTHERN_EUROPE|BENELUX|UK_IE,Other / not mapped to a company,Other / not mapped to a company,unresolved,1
snacks,BENELUX|FRANCE,Manual review / complex ownership,Manual review / complex ownership,manual_review,1
snacks,BENELUX|FRANCE,Mars,Other / not mapped to a company,unresolved,1
snacks,BENELUX|FRANCE,Nestlé,Herta JV (Nestlé 40%),direct,1
snacks,BENELUX|FRANCE,Nestlé,Manual review / complex ownership,manual_review,1
snacks,BENELUX|FRANCE,Other / not mapped to a company,Lotus Bakeries,direct,1
snacks,BENELUX|FRANCE,Other / not mapped to a company,PepsiCo,direct,1
snacks,BENELUX|FRANCE,Other / not mapped to a company,pladis,direct,1
dairies,FRANCE|DACH|SOUTHERN_EUROPE|NORDICS,Other / not mapped to a company,Other / not mapped to a company,unresolved,1
dairies,FRANCE|DACH|SOUTHERN_EUROPE|UK_IE|US_CANADA,Other / not mapped to a company,Other / not mapped to a company,unresolved,1
dairies,FRANCE|DACH|UK_IE,Arla,Arla,direct,1
dairies,FRANCE|DACH|UK_IE,Danone,Danone,direct,1
dairies,FRANCE|DACH,Monoprix,Monoprix,direct,1
dairies,FRANCE|DACH,Nestlé,Other / not mapped to a company,unresolved,1
dairies,FRANCE|DACH,Other / not mapped to a company,Carrefour,direct,1
dairies,FRANCE|DACH,Other / not mapped to a company,Froneri,direct,1
dairies,FRANCE|DACH,Tipiak,Tipiak,direct,1
beverages,FRANCE|DACH,Kraft Heinz,Other / not mapped to a company,unresolved,1
snacks,BENELUX|FRANCE|DACH|SOUTHERN_EUROPE,Mondelēz International,Mondelēz International,direct,1
snacks,BENELUX|FRANCE|DACH|SOUTHERN_EUROPE,PepsiCo,PepsiCo,direct,1
snacks,BENELUX|FRANCE|DACH,General Mills,General Mills,market_scoped,1
snacks,BENELUX|FRANCE|DACH,Grupo Bimbo,Grupo Bimbo,direct,1
snacks,BENELUX|FRANCE|DACH,Kraft Heinz,Mondelēz International,direct,1
snacks,BENELUX|FRANCE|DACH,Lidl,Lidl,direct,1
snacks,BENELUX|FRANCE|DACH,Mondelēz International,Mondelēz International,market_scoped,1
snacks,BENELUX|FRANCE|DACH,Nestlé,Manual review / complex ownership,manual_review,1
snacks,BENELUX|FRANCE|DACH,Nestlé,Nestlé,market_scoped,1
snacks,BENELUX|FRANCE|DACH,Other / not mapped to a company,pladis,direct,1
snacks,BENELUX|FRANCE|DACH,Perfetti Van Melle,Perfetti Van Melle,direct,1
snacks,BENELUX|FRANCE|DACH,St Michel,St Michel,direct,1
snacks,BENELUX|FRANCE|DACH|NORDICS,Mars,Other / not mapped to a company,unresolved,1
snacks,BENELUX|FRANCE|DACH|NORDICS,Other / not mapped to a company,Other / not mapped to a company,unresolved,1
snacks,BENELUX|FRANCE|DACH|NORDICS|SOUTHERN_EUROPE|UK_IE,Ferrero,Ferrero,direct,1
snacks,BENELUX|FRANCE|DACH|SOUTHERN_EUROPE,Lotus Bakeries,Lotus Bakeries,direct,1
beverages,US_CANADA,Other / not mapped to a company,LIPTON Teas and Infusions / Ekaterra,recently_sold_or_spun_off,1
beverages,US_CANADA,Other / not mapped to a company,Mondelēz International,direct,1
beverages,FRANCE|DACH,Danone,The Coca-Cola Company,direct,1
dairies,FRANCE|DACH|BENELUX|SOUTHERN_EUROPE,Lidl,Lidl,direct,1
dairies,FRANCE|DACH|BENELUX|SOUTHERN_EUROPE,Other / not mapped to a company,Other / not mapped to a company,unresolved,1
dairies,FRANCE|DACH|NORDICS,Lidl,Lidl,direct,1
dairies,FRANCE|DACH|NORDICS|UK_IE,Arla,Arla,direct,1
dairies,FRANCE|DACH,Marks & Spencer,Marks & Spencer,direct,1
dairies,FRANCE|DACH,Mars,Mars,direct,1
cereals,DACH|BENELUX|FRANCE|SOUTHERN_EUROPE,Mars,Mars,market_scoped,1
cereals,DACH|BENELUX|FRANCE|SOUTHERN_EUROPE|UK_IE,Post Holdings,Post Holdings,direct,1
cereals,DACH|FRANCE,Lidl,Lidl,direct,1
cereals,DACH|FRANCE,Mars,Mars,market_scoped,1
cereals,DACH|FRANCE,PepsiCo,PepsiCo,direct,1
cereals,DACH|FRANCE|BENELUX,Alnatura,Alnatura,direct,1
snacks,BENELUX|FRANCE|NORDICS,PepsiCo,PepsiCo,direct,1
snacks,BENELUX|FRANCE|NORDICS|SOUTHERN_EUROPE|US_CANADA,Mars,Mars,direct,1
snacks,BENELUX|FRANCE|SOUTHERN_EUROPE,Intermarché,Intermarché,direct,1
snacks,BENELUX|FRANCE|DACH|SOUTHERN_EUROPE,Perfetti Van Melle,Perfetti Van Melle,direct,1
snacks,BENELUX|FRANCE|DACH|SOUTHERN_EUROPE,St Michel,St Michel,direct,1
snacks,BENELUX|FRANCE|DACH|SOUTHERN_EUROPE|NORDICS|UK_IE,Other / not mapped to a company,Other / not mapped to a company,unresolved,1
snacks,BENELUX|FRANCE|DACH|SOUTHERN_EUROPE|UK_IE,Andros,Andros,direct,1
snacks,BENELUX|FRANCE|DACH|SOUTHERN_EUROPE|UK_IE,Mars,Mars,direct,1
snacks,BENELUX|FRANCE|DACH|SOUTHERN_EUROPE|UK_IE,Mars,Other / not mapped to a company,unresolved,1
snacks,BENELUX|FRANCE|DACH|SOUTHERN_EUROPE|UK_IE,Mondelēz International,Mondelēz International,direct,1
snacks,BENELUX|FRANCE|DACH|SOUTHERN_EUROPE|UK_IE|US_CANADA,Ferrero,Ferrero,direct,1
snacks,BENELUX|FRANCE|DACH|SOUTHERN_EUROPE|UK_IE|US_CANADA,PepsiCo,PepsiCo,direct,1
snacks,BENELUX|FRANCE|DACH|SOUTHERN_EUROPE|US_CANADA,Mondelēz International,Mondelēz International,direct,1
snacks,BENELUX|FRANCE|DACH|UK_IE,Lotus Bakeries,Lotus Bakeries,direct,1
snacks,BENELUX|FRANCE|DACH|UK_IE,Mars,Mars,direct,1
snacks,BENELUX|FRANCE|DACH|SOUTHERN_EUROPE,Lindt & Sprüngli,Lindt & Sprüngli,direct,1
dairies,FRANCE|BENELUX|UK_IE,Other / not mapped to a company,Lidl,direct,1
dairies,FRANCE|BENELUX|UK_IE,Other / not mapped to a company,Other / not mapped to a company,unresolved,1
dairies,FRANCE|DACH,Aldi,Lidl,direct,1
dairies,FRANCE|DACH,Cora,Cora,direct,1
dairies,FRANCE|DACH,Danone,Mars,direct,1
snacks,BENELUX|FRANCE|SOUTHERN_EUROPE,PepsiCo,PepsiCo,direct,1
snacks,BENELUX|FRANCE|SOUTHERN_EUROPE,Perfetti Van Melle,Perfetti Van Melle,direct,1
snacks,BENELUX|FRANCE|SOUTHERN_EUROPE,The Magnum Ice Cream Company,The Magnum Ice Cream Company,recently_demerged,1
snacks,BENELUX|FRANCE|SOUTHERN_EUROPE|DACH,Carrefour,Carrefour,direct,1
snacks,BENELUX|FRANCE|SOUTHERN_EUROPE|DACH,Lotus Bakeries,Lotus Bakeries,direct,1
snacks,BENELUX|FRANCE|DACH|UK_IE|SOUTHERN_EUROPE,Lindt & Sprüngli,Lindt & Sprüngli,direct,1
snacks,BENELUX|FRANCE|DACH|UK_IE|SOUTHERN_EUROPE,Mars,Mars,direct,1
snacks,BENELUX|FRANCE|DACH|UK_IE|SOUTHERN_EUROPE,Other / not mapped to a company,Other / not mapped to a company,unresolved,1
snacks,BENELUX|FRANCE|DACH|UK_IE|US_CANADA,Other / not mapped to a company,Other / not mapped to a company,unresolved,1
snacks,BENELUX|FRANCE|DACH|US_CANADA,Mondelēz International,Mondelēz International,direct,1
snacks,BENELUX|FRANCE|DACH|US_CANADA,Otsuka / Nutrition & Santé,Otsuka / Nutrition & Santé,direct,1
snacks,BENELUX|FRANCE|SOUTHERN_EUROPE|US_CANADA,PepsiCo,PepsiCo,direct,1
snacks,BENELUX|FRANCE|SOUTHERN_EUROPE,Manual review / complex ownership,Manual review / complex ownership,manual_review,1
snacks,BENELUX|FRANCE|SOUTHERN_EUROPE,Mars,Mars,direct,1
snacks,BENELUX|FRANCE|SOUTHERN_EUROPE,Mars,Mars,market_scoped,1
snacks,BENELUX|FRANCE|SOUTHERN_EUROPE,Mars,Other / not mapped to a company,unresolved,1
snacks,BENELUX|FRANCE|SOUTHERN_EUROPE,Nestlé,Manual review / complex ownership,manual_review,1
snacks,BENELUX|FRANCE|SOUTHERN_EUROPE,Other / not mapped to a company,Ferrero,direct,1
snacks,BENELUX|FRANCE|SOUTHERN_EUROPE,Other / not mapped to a company,Mondelēz International,direct,1
snacks,BENELUX|FRANCE|SOUTHERN_EUROPE,Otsuka / Nutrition & Santé,Otsuka / Nutrition & Santé,direct,1
cereals,DACH|FRANCE|BENELUX,Mars,Mars,market_scoped,1
cereals,DACH|FRANCE|BENELUX|SOUTHERN_EUROPE,Other / not mapped to a company,Other / not mapped to a company,unresolved,1
cereals,DACH|FRANCE|NORDICS|SOUTHERN_EUROPE,Mondelēz International,Mondelēz International,direct,1
cereals,DACH|FRANCE|SOUTHERN_EUROPE,Nestlé,Nestlé,direct,1
cereals,DACH|FRANCE|SOUTHERN_EUROPE|UK_IE,Other / not mapped to a company,Other / not mapped to a company,unresolved,1
beverages,DACH|US_CANADA,pladis,pladis,direct,1
dairies,FRANCE|BENELUX|UK_IE,Marks & Spencer,Marks & Spencer,direct,1
snacks,BENELUX|NORDICS|FRANCE|DACH,Mars,Mars,direct,1
snacks,BENELUX|NORDICS|FRANCE|DACH,Mondelēz International,Mondelēz International,direct,1
snacks,BENELUX|NORDICS|FRANCE|DACH|SOUTHERN_EUROPE,Ferrero,Ferrero,direct,1
snacks,BENELUX|NORDICS|FRANCE|DACH|SOUTHERN_EUROPE|UK_IE,Mondelēz International,Mondelēz International,direct,1
snacks,BENELUX|FRANCE|SOUTHERN_EUROPE|DACH,Nestlé,Manual review / complex ownership,manual_review,1
snacks,BENELUX|FRANCE|SOUTHERN_EUROPE|DACH,Nestlé,Nestlé,direct,1
snacks,BENELUX|FRANCE|SOUTHERN_EUROPE|DACH,Other / not mapped to a company,Mondelēz International,direct,1
snacks,BENELUX|FRANCE|SOUTHERN_EUROPE|DACH,Otsuka / Nutrition & Santé,Otsuka / Nutrition & Santé,direct,1
snacks,BENELUX|FRANCE|SOUTHERN_EUROPE|DACH,PepsiCo,PepsiCo,direct,1
snacks,BENELUX|FRANCE|SOUTHERN_EUROPE|DACH|UK_IE,Lotus Bakeries,Lotus Bakeries,direct,1
snacks,BENELUX|FRANCE|SOUTHERN_EUROPE|DACH|UK_IE,Other / not mapped to a company,Other / not mapped to a company,unresolved,1
snacks,BENELUX|FRANCE|SOUTHERN_EUROPE|UK_IE,Ferrero,Ferrero,direct,1
snacks,BENELUX|FRANCE|SOUTHERN_EUROPE|UK_IE,General Mills,General Mills,direct,1
snacks,BENELUX|FRANCE|SOUTHERN_EUROPE|UK_IE,Lidl,Lidl,direct,1
snacks,BENELUX|FRANCE|SOUTHERN_EUROPE|UK_IE,Mars,Mars,direct,1
snacks,BENELUX|FRANCE|SOUTHERN_EUROPE|UK_IE,Mars,Other / not mapped to a company,unresolved,1
snacks,BENELUX|FRANCE|UK_IE|SOUTHERN_EUROPE,Nestlé,Nestlé,direct,1
snacks,BENELUX|FRANCE|UK_IE|SOUTHERN_EUROPE|DACH|US_CANADA,Ferrero,Ferrero,direct,1
snacks,BENELUX|NORDICS|FRANCE,Nestlé,Nestlé,direct,1
snacks,BENELUX|NORDICS|FRANCE,Other / not mapped to a company,Other / not mapped to a company,unresolved,1
dairies,FRANCE|DACH,Emmi,Emmi,direct,1
dairies,FRANCE|DACH,General Mills,General Mills,market_scoped,1
dairies,FRANCE|DACH,Intermarché,Manual review / complex ownership,manual_review,1
dairies,FRANCE|DACH,Kraft Heinz,Kraft Heinz,direct,1
cereals,DACH|FRANCE|UK_IE,Nestlé,Cereal Partners Worldwide,market_scoped,1
cereals,DACH|FRANCE|UK_IE,PepsiCo,Other / not mapped to a company,unresolved,1
cereals,DACH|FRANCE|UK_IE,PepsiCo,PepsiCo,direct,1
cereals,DACH|NORDICS|FRANCE,Mars,Mars,market_scoped,1
cereals,DACH|SOUTHERN_EUROPE|UK_IE,Mars,Mars,market_scoped,1
cereals,DACH|UK_IE,Aldi,Aldi,direct,1
cereals,DACH|UK_IE,Asda,Asda,direct,1
snacks,BENELUX|NORDICS|FRANCE|DACH,Lidl,Lidl,direct,1
snacks,BENELUX|US_CANADA,Other / not mapped to a company,Mondelēz International,direct,1
snacks,BENELUX|US_CANADA,pladis,pladis,direct,1
snacks,BENELUX|NORDICS|FRANCE|DACH|SOUTHERN_EUROPE|UK_IE|US_CANADA,Mars,Mars,direct,1
snacks,BENELUX|NORDICS|FRANCE|DACH|UK_IE,Mars,Mars,direct,1
snacks,BENELUX|NORDICS|FRANCE|DACH|UK_IE,Other / not mapped to a company,Other / not mapped to a company,unresolved,1
snacks,BENELUX|NORDICS|FRANCE|SOUTHERN_EUROPE,Mars,Mars,direct,1
snacks,BENELUX|NORDICS|FRANCE|SOUTHERN_EUROPE,Mondelēz International,Mondelēz International,direct,1
beverages,FRANCE|DACH,Other / not mapped to a company,pladis,direct,1
beverages,FRANCE|DACH,PepsiCo,Other / not mapped to a company,unresolved,1
beverages,US_CANADA,Manual review / complex ownership,E.Leclerc,direct,1
beverages,US_CANADA,Mars,Mars,direct,1
beverages,US_CANADA,Ocean Spray,Other / not mapped to a company,unresolved,1
snacks,BENELUX|NORDICS|FRANCE|SOUTHERN_EUROPE,Nestlé,Nestlé,direct,1
snacks,BENELUX|NORDICS|FRANCE|SOUTHERN_EUROPE|DACH,Other / not mapped to a company,Other / not mapped to a company,unresolved,1
snacks,BENELUX|NORDICS|FRANCE|SOUTHERN_EUROPE|UK_IE,Nestlé,Nestlé,market_scoped,1
snacks,BENELUX|FRANCE|UK_IE,Mars,Mars,direct,1
snacks,BENELUX|US_CANADA|UK_IE,Mondelēz International,Mondelēz International,direct,1
snacks,DACH|BENELUX|FRANCE,Ferrero,Ferrero,direct,1
snacks,DACH|BENELUX|FRANCE,Other / not mapped to a company,Lotus Bakeries,direct,1
snacks,DACH|BENELUX|FRANCE|NORDICS,Other / not mapped to a company,Other / not mapped to a company,unresolved,1
snacks,DACH|BENELUX|FRANCE|SOUTHERN_EUROPE,Mondelēz International,Mondelēz International,direct,1
snacks,BENELUX|NORDICS|FRANCE|UK_IE|SOUTHERN_EUROPE,Mondelēz International,Other / not mapped to a company,unresolved,1
snacks,BENELUX|SOUTHERN_EUROPE|UK_IE,Lidl,Lidl,direct,1
snacks,BENELUX|UK_IE,Coop,Coop,direct,1
snacks,BENELUX|UK_IE,Ferrero,Ferrero,direct,1
snacks,BENELUX|UK_IE,Lidl,Lidl,direct,1
snacks,BENELUX|UK_IE,Marks & Spencer,Marks & Spencer,direct,1
snacks,BENELUX|UK_IE,Tesco,Tesco,direct,1
snacks,BENELUX|UK_IE,pladis,pladis,direct,1
snacks,BENELUX|US_CANADA,General Mills,General Mills,direct,1
snacks,BENELUX|US_CANADA,Manual review / complex ownership,Manual review / complex ownership,manual_review,1
snacks,BENELUX|US_CANADA,Mars,Mars,direct,1
dairies,FRANCE|BENELUX|SOUTHERN_EUROPE,Auchan,Auchan,direct,1
beverages,DACH|US_CANADA,Kraft Heinz,Other / not mapped to a company,unresolved,1
beverages,DACH|US_CANADA,Lidl,Lidl,direct,1
beverages,DACH|US_CANADA,Nestlé,Other / not mapped to a company,unresolved,1
snacks,DACH|BENELUX|FRANCE|UK_IE|SOUTHERN_EUROPE,Mars,Other / not mapped to a company,unresolved,1
snacks,DACH|BENELUX|FRANCE|UK_IE|SOUTHERN_EUROPE|NORDICS,Mars,Mars,direct,1
snacks,DACH|BENELUX|NORDICS|FRANCE,Mondelēz International,Mondelēz International,direct,1
snacks,DACH|BENELUX|NORDICS|FRANCE|SOUTHERN_EUROPE,Mondelēz International,Mondelēz International,direct,1
snacks,DACH|BENELUX|NORDICS|FRANCE|SOUTHERN_EUROPE|UK_IE,Lindt & Sprüngli,Lindt & Sprüngli,direct,1
snacks,BENELUX|US_CANADA|FRANCE|DACH,Mondelēz International,Mondelēz International,direct,1
snacks,BENELUX|US_CANADA|FRANCE|DACH,Mondelēz International,Other / not mapped to a company,unresolved,1
snacks,BENELUX|US_CANADA|FRANCE|DACH,Other / not mapped to a company,Other / not mapped to a company,unresolved,1
snacks,BENELUX|US_CANADA|FRANCE|DACH|SOUTHERN_EUROPE,Mondelēz International,Mondelēz International,direct,1
snacks,BENELUX|US_CANADA|FRANCE|SOUTHERN_EUROPE|UK_IE,Other / not mapped to a company,Other / not mapped to a company,unresolved,1
snacks,BENELUX|US_CANADA|NORDICS|FRANCE|DACH|SOUTHERN_EUROPE,Mondelēz International,Mondelēz International,direct,1
snacks,BENELUX|US_CANADA|NORDICS|FRANCE|DACH|UK_IE|SOUTHERN_EUROPE,Lindt & Sprüngli,Lindt & Sprüngli,direct,1
snacks,DACH|FRANCE,Lidl,Lidl,direct,1
snacks,DACH|FRANCE,Nestlé,Nestlé,market_scoped,1
snacks,DACH|FRANCE,Other / not mapped to a company,Lindt & Sprüngli,direct,1
snacks,DACH|BENELUX|FRANCE|SOUTHERN_EUROPE|NORDICS,Other / not mapped to a company,Other / not mapped to a company,unresolved,1
snacks,DACH|BENELUX|FRANCE|SOUTHERN_EUROPE|NORDICS,The Magnum Ice Cream Company,The Magnum Ice Cream Company,recently_demerged,1
snacks,DACH|BENELUX|FRANCE|SOUTHERN_EUROPE|NORDICS|UK_IE,Mars,Mars,direct,1
snacks,DACH|BENELUX|FRANCE|SOUTHERN_EUROPE|UK_IE,Lindt & Sprüngli,Lindt & Sprüngli,direct,1
snacks,DACH|BENELUX|FRANCE|SOUTHERN_EUROPE|UK_IE,Other / not mapped to a company,Other / not mapped to a company,unresolved,1
snacks,DACH|BENELUX|FRANCE|UK_IE,Ferrero,Ferrero,direct,1
cereals,DACH|UK_IE,Asda,PepsiCo,direct,1
cereals,DACH|UK_IE,Mars,Mars,market_scoped,1
cereals,DACH|UK_IE,Morrisons,Morrisons,direct,1
beverages,DACH|US_CANADA,Tropicana Brands Group,Tropicana Brands Group,direct,1
beverages,DACH|US_CANADA,pladis,Other / not mapped to a company,unresolved,1
dairies,FRANCE|BENELUX|DACH,Other / not mapped to a company,Other / not mapped to a company,unresolved,1
dairies,FRANCE|BENELUX|DACH,Other / not mapped to a company,Savencia,direct,1
snacks,DACH|BENELUX|NORDICS|FRANCE|UK_IE|SOUTHERN_EUROPE,Mars,Mars,direct,1
snacks,DACH|BENELUX|SOUTHERN_EUROPE|UK_IE,Other / not mapped to a company,Other / not mapped to a company,unresolved,1
snacks,DACH|BENELUX|US_CANADA|NORDICS|FRANCE|UK_IE|SOUTHERN_EUROPE,Other / not mapped to a company,Other / not mapped to a company,unresolved,1
snacks,DACH|FRANCE,Aldi,Aldi,direct,1
beverages,DACH|US_CANADA,Other / not mapped to a company,Danone,direct,1
beverages,DACH|US_CANADA,The Coca-Cola Company,Other / not mapped to a company,unresolved,1
beverages,DACH|US_CANADA,Trader Joe's,Trader Joe's,direct,1
cereals,DACH|FRANCE|UK_IE,Mars,Mars,market_scoped,1
dairies,FRANCE,pladis,pladis,direct,1
dairies,FRANCE|BENELUX,Aldi,Aldi,direct,1
dairies,FRANCE|BENELUX,Arla,Arla,direct,1
dairies,FRANCE|BENELUX,Bel Group,Bel Group,direct,1
dairies,FRANCE|BENELUX,Danone,Danone,direct,1
dairies,FRANCE|BENELUX,Leader Price,Leader Price,direct,1
snacks,DACH|FRANCE,General Mills,General Mills,direct,1
snacks,DACH|FRANCE,Hema,Hema,direct,1
snacks,DACH|FRANCE|BENELUX,Haribo,Haribo,direct,1
beverages,US_CANADA,Lactalis,Lactalis,direct,1
dairies,FRANCE|BENELUX,Manual review / complex ownership,Les Mousquetaires / Intermarché,direct,1
dairies,FRANCE|BENELUX,Nestlé,Nestlé,direct,1
dairies,FRANCE|BENELUX,Netto,Netto,direct,1
dairies,FRANCE|BENELUX,Other / not mapped to a company,Bel Group,direct,1
cereals,FRANCE,FrieslandCampina,FrieslandCampina,direct,1
dairies,FRANCE,Other / not mapped to a company,Kraft Heinz,direct,1
dairies,FRANCE,Other / not mapped to a company,Mondelēz International,direct,1
dairies,FRANCE,Perfetti Van Melle,Perfetti Van Melle,direct,1
snacks,DACH|FRANCE|BENELUX|SOUTHERN_EUROPE,Nestlé,Other / not mapped to a company,unresolved,1
snacks,DACH|FRANCE|SOUTHERN_EUROPE,Mars,Mars,direct,1
snacks,DACH|BENELUX|NORDICS|FRANCE|UK_IE,Mars,Mars,direct,1
snacks,DACH|BENELUX|NORDICS|FRANCE|UK_IE,Other / not mapped to a company,Other / not mapped to a company,unresolved,1
snacks,DACH|BENELUX|NORDICS|FRANCE|UK_IE|SOUTHERN_EUROPE,General Mills,General Mills,direct,1
snacks,DACH|BENELUX|NORDICS|FRANCE|UK_IE|SOUTHERN_EUROPE,Lindt & Sprüngli,Lindt & Sprüngli,direct,1
snacks,DACH|NORDICS|UK_IE,Other / not mapped to a company,Other / not mapped to a company,unresolved,1
snacks,DACH|FRANCE|SOUTHERN_EUROPE,Nestlé,Nestlé,market_scoped,1
snacks,DACH|FRANCE|SOUTHERN_EUROPE,Other / not mapped to a company,Lidl,direct,1
snacks,DACH|FRANCE|SOUTHERN_EUROPE|BENELUX,Other / not mapped to a company,Other / not mapped to a company,unresolved,1
snacks,DACH|FRANCE|SOUTHERN_EUROPE|BENELUX|UK_IE,Mondelēz International,Mondelēz International,direct,1
snacks,DACH|FRANCE|SOUTHERN_EUROPE|BENELUX|UK_IE|US_CANADA,Other / not mapped to a company,Other / not mapped to a company,unresolved,1
snacks,DACH|FRANCE|SOUTHERN_EUROPE|UK_IE,Mars,Mars,direct,1
snacks,DACH|FRANCE|SOUTHERN_EUROPE|UK_IE,Mondelēz International,Mondelēz International,direct,1
snacks,DACH|FRANCE|SOUTHERN_EUROPE|UK_IE,Nestlé,Nestlé,direct,1
snacks,DACH|FRANCE|SOUTHERN_EUROPE|US_CANADA,Other / not mapped to a company,Other / not mapped to a company,unresolved,1
snacks,DACH|FRANCE|UK_IE,Haribo,Haribo,direct,1
snacks,DACH|FRANCE|UK_IE,Lindt & Sprüngli,Lindt & Sprüngli,direct,1
snacks,DACH|FRANCE|UK_IE,Lindt & Sprüngli,Other / not mapped to a company,unresolved,1
snacks,DACH|FRANCE|UK_IE,Other / not mapped to a company,Lindt & Sprüngli,direct,1
snacks,DACH|FRANCE|US_CANADA,Mars,Mars,direct,1
snacks,DACH|FRANCE|BENELUX,Alnatura,Alnatura,direct,1
beverages,DACH|BENELUX|FRANCE|NORDICS,The Coca-Cola Company,The Coca-Cola Company,direct,1
snacks,DACH|NORDICS|FRANCE|BENELUX|SOUTHERN_EUROPE,Nestlé,Nestlé,direct,1
snacks,DACH|NORDICS|FRANCE|SOUTHERN_EUROPE,Ferrero,Ferrero,direct,1
snacks,DACH|NORDICS|UK_IE,Mars,Mars,direct,1
snacks,DACH|NORDICS|UK_IE,Mars,Mars,market_scoped,1
snacks,DACH|NORDICS|UK_IE,Other / not mapped to a company,Mars,direct,1
beverages,US_CANADA,Andros,Andros,direct,1
beverages,US_CANADA,Asda,Other / not mapped to a company,unresolved,1
dairies,FRANCE,Tropicana Brands Group,Tropicana Brands Group,direct,1
dairies,FRANCE,Unilever Foods,Unilever Foods,direct,1
dairies,FRANCE,Les Mousquetaires / Intermarché,Manual review / complex ownership,manual_review,1
dairies,FRANCE,Manual review / complex ownership,Post Holdings,direct,1
cereals,DACH|UK_IE,PepsiCo,PepsiCo,direct,1
beverages,US_CANADA,Coop,Coop,direct,1
beverages,US_CANADA,Danone,Other / not mapped to a company,unresolved,1
beverages,US_CANADA,General Mills,General Mills,direct,1
snacks,DACH|SOUTHERN_EUROPE|NORDICS|UK_IE,PepsiCo,PepsiCo,direct,1
snacks,DACH|SOUTHERN_EUROPE|UK_IE,Mondelēz International,Mondelēz International,market_scoped,1
snacks,DACH|SOUTHERN_EUROPE|UK_IE,Other / not mapped to a company,Lindt & Sprüngli,direct,1
snacks,DACH|SOUTHERN_EUROPE|US_CANADA,Other / not mapped to a company,Other / not mapped to a company,unresolved,1
snacks,DACH|UK_IE,Haribo,Haribo,direct,1
cereals,DACH|UK_IE,Post Holdings,Post Holdings,direct,1
cereals,DACH|UK_IE|US_CANADA,Manual review / complex ownership,Manual review / complex ownership,manual_review,1
cereals,FRANCE,Ahold Delhaize,Ahold Delhaize,direct,1
dairies,FRANCE,Leader Price,Manual review / complex ownership,manual_review,1
beverages,FRANCE,Andros,Andros,direct,1
cereals,FRANCE,H-E-B,H-E-B,direct,1
cereals,FRANCE,Intermarché,Other / not mapped to a company,unresolved,1
beverages,FRANCE|BENELUX,Other / not mapped to a company,Monster Beverage Corp,market_scoped,1
beverages,FRANCE|BENELUX,PepsiCo,PepsiCo,direct,1
snacks,DACH|UK_IE,Huel,Huel,direct,1
beverages,DACH|BENELUX|FRANCE|NORDICS,Danone,Danone,direct,1
beverages,FRANCE,Cora,Other / not mapped to a company,unresolved,1
beverages,FRANCE,FrieslandCampina,FrieslandCampina,direct,1
beverages,UK_IE|US_CANADA,The Coca-Cola Company,The Coca-Cola Company,direct,1
beverages,FRANCE|DACH,PepsiCo,PepsiCo,market_scoped,1
beverages,FRANCE|DACH|BENELUX,Arizona Beverages,Arizona Beverages,direct,1
beverages,DACH|BENELUX|FRANCE|SOUTHERN_EUROPE,Other / not mapped to a company,Emmi,direct,1
beverages,DACH|BENELUX|FRANCE|SOUTHERN_EUROPE|NORDICS,The Coca-Cola Company,The Coca-Cola Company,direct,1
beverages,DACH|BENELUX|FRANCE|SOUTHERN_EUROPE|NORDICS|UK_IE,Danone,Danone,direct,1
beverages,DACH|BENELUX|FRANCE|SOUTHERN_EUROPE|UK_IE,Other / not mapped to a company,Other / not mapped to a company,unresolved,1
beverages,DACH|BENELUX|FRANCE|UK_IE,Other / not mapped to a company,Other / not mapped to a company,unresolved,1
beverages,DACH|BENELUX|FRANCE|UK_IE|SOUTHERN_EUROPE,Other / not mapped to a company,Other / not mapped to a company,unresolved,1
beverages,DACH|BENELUX|NORDICS|FRANCE,The Coca-Cola Company,The Coca-Cola Company,direct,1
snacks,DACH|UK_IE,Mars,Mars,market_scoped,1
snacks,DACH|UK_IE,Other / not mapped to a company,Lotus Bakeries,direct,1
snacks,DACH|UK_IE,Perfetti Van Melle,Perfetti Van Melle,direct,1
snacks,DACH|SOUTHERN_EUROPE|NORDICS|UK_IE,Other / not mapped to a company,Other / not mapped to a company,unresolved,1
snacks,DACH|UK_IE,pladis,pladis,direct,1
snacks,DACH|UK_IE|US_CANADA,Grupo Bimbo,Grupo Bimbo,direct,1
snacks,DACH|UK_IE|US_CANADA,Manual review / complex ownership,Manual review / complex ownership,manual_review,1
snacks,DACH|UK_IE|US_CANADA,Nestlé,Nestlé,direct,1
beverages,UK_IE|US_CANADA,Other / not mapped to a company,Wakefern / ShopRite,direct,1
beverages,UK_IE|US_CANADA,PepsiCo,PepsiCo,direct,1
beverages,UK_IE|US_CANADA,Tesco,Tesco,direct,1
beverages,FRANCE|BENELUX,PepsiCo,PepsiCo,market_scoped,1
beverages,FRANCE|BENELUX,Tropicana Brands Group,Tropicana Brands Group,direct,1
beverages,FRANCE|BENELUX,pladis,Other / not mapped to a company,unresolved,1
beverages,FRANCE|BENELUX|DACH,Danone,Danone,direct,1
beverages,FRANCE|BENELUX|DACH,Lidl,Lidl,direct,1
dairies,FRANCE,E.Leclerc,E.Leclerc,direct,1
dairies,FRANCE,Ecotone,Other / not mapped to a company,unresolved,1
dairies,FRANCE,Ferrero,Ferrero,direct,1
dairies,FRANCE,Froneri,Froneri,direct,1
beverages,BENELUX|US_CANADA,Danone,Danone,direct,1
beverages,BENELUX|US_CANADA,Manual review / complex ownership,Manual review / complex ownership,manual_review,1
beverages,BENELUX|US_CANADA|FRANCE|SOUTHERN_EUROPE,Other / not mapped to a company,Other / not mapped to a company,unresolved,1
beverages,FRANCE|DACH|BENELUX,Capri Sun Group / Coca-Cola Europacific Partners,Capri Sun Group / Coca-Cola Europacific Partners,market_scoped,1
beverages,FRANCE|DACH|BENELUX,LIPTON Teas and Infusions / Ekaterra,LIPTON Teas and Infusions / Ekaterra,recently_sold_or_spun_off,1
snacks,DACH|US_CANADA,Arizona Beverages,Arizona Beverages,direct,1
snacks,DACH|US_CANADA,Coop,Coop,direct,1
snacks,DACH|US_CANADA,Grupo Bimbo,Grupo Bimbo,direct,1
snacks,DACH|US_CANADA,Mondelēz International,Other / not mapped to a company,unresolved,1
snacks,DACH|US_CANADA,Nestlé,Nestlé,direct,1
snacks,DACH|US_CANADA,Other / not mapped to a company,The Hershey Company,direct,1
snacks,DACH|US_CANADA,Trader Joe's,Trader Joe's,direct,1
snacks,DACH|US_CANADA,pladis,pladis,direct,1
snacks,DACH|US_CANADA|FRANCE,Manual review / complex ownership,Manual review / complex ownership,manual_review,1
snacks,DACH|US_CANADA|FRANCE,Mondelēz International,Mondelēz International,direct,1
snacks,DACH|US_CANADA|FRANCE,Nestlé,Nestlé,direct,1
beverages,FRANCE|BENELUX|DACH,Otsuka / Nutrition & Santé,Otsuka / Nutrition & Santé,direct,1
beverages,FRANCE|BENELUX|SOUTHERN_EUROPE,Danone,Danone,direct,1
beverages,UK_IE|US_CANADA,Manual review / complex ownership,Manual review / complex ownership,manual_review,1
beverages,UK_IE|US_CANADA,Marks & Spencer,Marks & Spencer,direct,1
beverages,UK_IE|US_CANADA,Nestlé,Nestlé,direct,1
beverages,DACH|BENELUX|FRANCE,Carrefour,Carrefour,direct,1
beverages,DACH|BENELUX|FRANCE,Nestlé,Nestlé,direct,1
snacks,FRANCE,Associated British Foods,Associated British Foods,market_scoped,1
snacks,FRANCE,Carrefour,Other / not mapped to a company,unresolved,1
snacks,FRANCE,E.Leclerc,E.Leclerc,direct,1
snacks,FRANCE,Ecotone,Carrefour,direct,1
snacks,FRANCE,Froneri,Froneri,direct,1
beverages,BENELUX|UK_IE,Sainsbury's,Sainsbury's,direct,1
beverages,BENELUX|UK_IE,Waitrose,Waitrose,direct,1
beverages,BENELUX|UK_IE|SOUTHERN_EUROPE,Other / not mapped to a company,Other / not mapped to a company,unresolved,1
beverages,BENELUX|US_CANADA,Arizona Beverages,Arizona Beverages,direct,1
beverages,BENELUX|US_CANADA|FRANCE|UK_IE,Other / not mapped to a company,Other / not mapped to a company,unresolved,1
beverages,UK_IE,Trader Joe's,Trader Joe's,direct,1
beverages,UK_IE,pladis,Other / not mapped to a company,unresolved,1
beverages,UK_IE|BENELUX,Danone,Danone,direct,1
beverages,UK_IE|BENELUX,Lidl,Lidl,direct,1
beverages,UK_IE|US_CANADA,Coop,Coop,direct,1
beverages,UK_IE|US_CANADA,Lidl,Lidl,direct,1
beverages,FRANCE,Froneri,Froneri,direct,1
beverages,FRANCE,Haribo,Haribo,direct,1
dairies,FRANCE,Groupe Casino,Groupe Casino,direct,1
beverages,FRANCE,Lactalis,Other / not mapped to a company,unresolved,1
dairies,FRANCE,Arizona Beverages,Arizona Beverages,direct,1
dairies,FRANCE,Barilla,Barilla,direct,1
dairies,FRANCE,Bel Group,Other / not mapped to a company,unresolved,1
dairies,FRANCE,Danone,General Mills,direct,1
dairies,FRANCE,Danone,Lactalis,direct,1
beverages,BENELUX|NORDICS|UK_IE,The Coca-Cola Company,The Coca-Cola Company,direct,1
snacks,FRANCE,General Mills,Other / not mapped to a company,unresolved,1
snacks,FRANCE,H-E-B,H-E-B,direct,1
snacks,FRANCE,Intermarché,Mondelēz International,direct,1
snacks,FRANCE,Intermarché,Other / not mapped to a company,unresolved,1
snacks,FRANCE,Kroger,Kroger,direct,1
cereals,FRANCE,Kraft Heinz,Kraft Heinz,direct,1
cereals,FRANCE,Mondelēz International,Mondelēz International,direct,1
cereals,FRANCE,Nestlé,Cereal Partners Worldwide,market_scoped,1
cereals,FRANCE,Nestlé,Nestlé,market_scoped,1
dairies,DACH|US_CANADA,Manual review / complex ownership,Manual review / complex ownership,manual_review,1
cereals,FRANCE,Other / not mapped to a company,Leclerc,direct,1
cereals,FRANCE,Other / not mapped to a company,Nestlé,direct,1
cereals,FRANCE,The Coca-Cola Company,Other / not mapped to a company,unresolved,1
cereals,FRANCE,Trader Joe's,Trader Joe's,direct,1
snacks,FRANCE,Léa Nature,Other / not mapped to a company,unresolved,1
dairies,DACH|UK_IE|US_CANADA,Other / not mapped to a company,Other / not mapped to a company,unresolved,1
snacks,FRANCE,Nestlé,Cereal Partners Worldwide,market_scoped,1
snacks,FRANCE,Netto,Other / not mapped to a company,unresolved,1
snacks,FRANCE,Other / not mapped to a company,Ahold Delhaize,direct,1
beverages,BENELUX|NORDICS|FRANCE|DACH|UK_IE|SOUTHERN_EUROPE,Danone,Danone,direct,1
beverages,BENELUX|NORDICS|FRANCE|DACH|UK_IE|SOUTHERN_EUROPE,Other / not mapped to a company,Other / not mapped to a company,unresolved,1
beverages,BENELUX|NORDICS|FRANCE|SOUTHERN_EUROPE,Danone,Danone,direct,1
beverages,BENELUX|NORDICS|FRANCE|SOUTHERN_EUROPE|DACH,Other / not mapped to a company,Other / not mapped to a company,unresolved,1
beverages,UK_IE,Manual review / complex ownership,Post Holdings,direct,1
beverages,UK_IE,Mars,Mars,direct,1
beverages,UK_IE,Mondelēz International,Mondelēz International,direct,1
beverages,UK_IE,Mondelēz International,Other / not mapped to a company,unresolved,1
beverages,UK_IE,Other / not mapped to a company,Emmi,direct,1
beverages,UK_IE,Other / not mapped to a company,Mars,direct,1
beverages,BENELUX|NORDICS|UK_IE,Manual review / complex ownership,Manual review / complex ownership,manual_review,1
beverages,BENELUX|NORDICS|UK_IE,Other / not mapped to a company,Other / not mapped to a company,unresolved,1
beverages,BENELUX|UK_IE,Nestlé,Nestlé,direct,1
snacks,FRANCE,Manual review / complex ownership,Mondelēz International,direct,1
snacks,FRANCE,Manual review / complex ownership,Nestlé,direct,1
snacks,FRANCE,Meijer,Meijer,direct,1
snacks,FRANCE,Migros,Other / not mapped to a company,unresolved,1
cereals,FRANCE|BENELUX,Mars,Other / not mapped to a company,unresolved,1
cereals,FRANCE|BENELUX,Nestlé,Nestlé,direct,1
cereals,FRANCE|BENELUX,Other / not mapped to a company,Kraft Heinz,direct,1
beverages,FRANCE,Kraft Heinz,Other / not mapped to a company,unresolved,1
beverages,FRANCE,Kroger,Kroger,direct,1
beverages,FRANCE,Mars,Mars,market_scoped,1
beverages,FRANCE,Mondelēz International,Other / not mapped to a company,unresolved,1
beverages,FRANCE,Morrisons,Morrisons,direct,1
beverages,FRANCE,Nestlé,Manual review / complex ownership,manual_review,1
dairies,DACH|UK_IE,Waitrose,Waitrose,direct,1
dairies,DACH|UK_IE|US_CANADA,Mondelēz International,Mondelēz International,direct,1
beverages,BENELUX|FRANCE|UK_IE,Danone,Danone,direct,1
beverages,BENELUX|FRANCE|UK_IE,Nestlé,Nestlé,direct,1
beverages,BENELUX|FRANCE|UK_IE|DACH,Danone,Danone,direct,1
beverages,BENELUX|FRANCE|UK_IE|NORDICS|SOUTHERN_EUROPE,Other / not mapped to a company,Other / not mapped to a company,unresolved,1
beverages,BENELUX|FRANCE|US_CANADA,Manual review / complex ownership,Manual review / complex ownership,manual_review,1
snacks,FRANCE,Other / not mapped to a company,Mondelēz International,market_scoped,1
beverages,FRANCE|DACH|SOUTHERN_EUROPE,Danone,Danone,direct,1
beverages,FRANCE|DACH|SOUTHERN_EUROPE,Lidl,Other / not mapped to a company,unresolved,1
beverages,UK_IE,Arizona Beverages,Arizona Beverages,direct,1
beverages,UK_IE,Carrefour,Carrefour,direct,1
beverages,UK_IE,FrieslandCampina,FrieslandCampina,direct,1
beverages,UK_IE,Lotus Bakeries,Lotus Bakeries,direct,1
snacks,FRANCE,Other / not mapped to a company,Otsuka / Nutrition & Santé,direct,1
snacks,FRANCE,Other / not mapped to a company,Perfetti Van Melle,direct,1
beverages,BENELUX|UK_IE,Coop,Coop,direct,1
beverages,BENELUX|UK_IE,Monster Beverage Corp,Monster Beverage Corp,market_scoped,1
dairies,DACH|UK_IE,Huel,Huel,direct,1
dairies,DACH|UK_IE,Lactalis,Lactalis,direct,1
dairies,DACH|UK_IE,Manual review / complex ownership,Manual review / complex ownership,manual_review,1
dairies,DACH|UK_IE,Migros,Migros,direct,1
beverages,FRANCE|DACH|BENELUX|SOUTHERN_EUROPE,Other / not mapped to a company,Other / not mapped to a company,unresolved,1
beverages,FRANCE|DACH|BENELUX|UK_IE,Other / not mapped to a company,Other / not mapped to a company,unresolved,1
beverages,FRANCE|DACH|BENELUX|US_CANADA,Other / not mapped to a company,Other / not mapped to a company,unresolved,1
beverages,FRANCE|DACH|NORDICS|SOUTHERN_EUROPE,Other / not mapped to a company,Other / not mapped to a company,unresolved,1
beverages,FRANCE|DACH|NORDICS|SOUTHERN_EUROPE|UK_IE,The Coca-Cola Company,The Coca-Cola Company,direct,1
snacks,FRANCE,Other / not mapped to a company,The Campbell's Company,direct,1
snacks,FRANCE,Otsuka / Nutrition & Santé,Other / not mapped to a company,unresolved,1
snacks,FRANCE,Picard,Other / not mapped to a company,unresolved,1
snacks,FRANCE,Savencia,Other / not mapped to a company,unresolved,1
snacks,FRANCE,St Michel,Other / not mapped to a company,unresolved,1
snacks,FRANCE,The Coca-Cola Company,Ferrero,direct,1
snacks,FRANCE,The Coca-Cola Company,PepsiCo,direct,1
beverages,BENELUX|NORDICS|FRANCE,Danone,Danone,direct,1
beverages,BENELUX|NORDICS|FRANCE,Nestlé,Nestlé,direct,1
beverages,SOUTHERN_EUROPE|US_CANADA,Trader Joe's,Trader Joe's,direct,1
beverages,SOUTHERN_EUROPE|US_CANADA,Tropicana Brands Group,Tropicana Brands Group,direct,1
beverages,SOUTHERN_EUROPE|US_CANADA,Whole Foods / Amazon,Whole Foods / Amazon,direct,1
beverages,FRANCE|DACH|BENELUX|NORDICS,Nestlé,Nestlé,direct,1
dairies,DACH|US_CANADA,Asda,Asda,direct,1
dairies,DACH|US_CANADA,Auchan,Auchan,direct,1
dairies,DACH|US_CANADA,Chobani,Chobani,direct,1
dairies,DACH|US_CANADA,Coop,Coop,direct,1
dairies,DACH|US_CANADA,Danone,Other / not mapped to a company,unresolved,1
dairies,DACH|US_CANADA,General Mills,General Mills,direct,1
dairies,DACH|NORDICS|FRANCE|UK_IE|SOUTHERN_EUROPE,Other / not mapped to a company,Lidl,direct,1
dairies,DACH|SOUTHERN_EUROPE|US_CANADA,Danone,Danone,direct,1
dairies,DACH|SOUTHERN_EUROPE|US_CANADA,Mondelēz International,Other / not mapped to a company,unresolved,1
dairies,DACH|UK_IE,Arla,Arla,direct,1
snacks,FRANCE|BENELUX|DACH|UK_IE,Other / not mapped to a company,Other / not mapped to a company,unresolved,1
snacks,FRANCE|BENELUX|NORDICS,Mars,Other / not mapped to a company,unresolved,1
snacks,FRANCE|BENELUX|SOUTHERN_EUROPE,Auchan,Auchan,direct,1
snacks,FRANCE|BENELUX|SOUTHERN_EUROPE,Lindt & Sprüngli,Lindt & Sprüngli,direct,1
snacks,FRANCE|BENELUX|SOUTHERN_EUROPE,Lotus Bakeries,Lotus Bakeries,direct,1
beverages,FRANCE|DACH|NORDICS|UK_IE,Other / not mapped to a company,Other / not mapped to a company,unresolved,1
beverages,FRANCE|DACH|SOUTHERN_EUROPE,Capri Sun Group / Coca-Cola Europacific Partners,Capri Sun Group / Coca-Cola Europacific Partners,market_scoped,1
beverages,BENELUX|NORDICS|FRANCE,The Coca-Cola Company,The Coca-Cola Company,direct,1
beverages,BENELUX|NORDICS|FRANCE|DACH,Nestlé,Nestlé,direct,1
beverages,BENELUX|NORDICS|FRANCE|DACH|SOUTHERN_EUROPE|UK_IE,Danone,Danone,direct,1
snacks,FRANCE|BENELUX,Carrefour,Carrefour,direct,1
snacks,FRANCE|BENELUX,Ecotone,Ecotone,direct,1
snacks,FRANCE|BENELUX,General Mills,General Mills,direct,1
snacks,FRANCE|BENELUX,Léa Nature,Léa Nature,direct,1
snacks,FRANCE|BENELUX,Nestlé,Nestlé,direct,1
beverages,BENELUX|NORDICS|DACH|UK_IE,Other / not mapped to a company,Other / not mapped to a company,unresolved,1
snacks,FRANCE|BENELUX,PepsiCo,PepsiCo,direct,1
snacks,FRANCE|BENELUX,Perfetti Van Melle,Perfetti Van Melle,direct,1
snacks,FRANCE|BENELUX,Savencia,Savencia,direct,1
snacks,FRANCE|BENELUX,The Magnum Ice Cream Company,The Magnum Ice Cream Company,recently_demerged,1
snacks,FRANCE|BENELUX|DACH,Ecotone,Ecotone,direct,1
snacks,FRANCE|BENELUX|DACH,Nestlé,Nestlé,direct,1
snacks,FRANCE|BENELUX|DACH,Otsuka / Nutrition & Santé,Otsuka / Nutrition & Santé,direct,1
dairies,DACH|UK_IE,Mondelēz International,Mondelēz International,market_scoped,1
dairies,DACH|UK_IE,Nestlé,Nestlé,direct,1
dairies,DACH|UK_IE,Tesco,Tesco,direct,1
beverages,FRANCE,Manual review / complex ownership,Nestlé,direct,1
dairies,DACH|FRANCE,Ferrero,The Magnum Ice Cream Company,recently_demerged,1
dairies,DACH|FRANCE,Lactalis,Lactalis,direct,1
dairies,DACH|FRANCE,Nestlé,Nestlé,direct,1
dairies,DACH|FRANCE,Other / not mapped to a company,Bel Group,direct,1
dairies,DACH|FRANCE,pladis,pladis,direct,1
beverages,SOUTHERN_EUROPE|US_CANADA,Manual review / complex ownership,Manual review / complex ownership,manual_review,1
beverages,SOUTHERN_EUROPE|US_CANADA,The Coca-Cola Company,The Coca-Cola Company,direct,1
snacks,FRANCE|BENELUX|SOUTHERN_EUROPE,Mars,Mars,direct,1
snacks,FRANCE|BENELUX|SOUTHERN_EUROPE,Nestlé,Nestlé,direct,1
snacks,FRANCE|BENELUX|SOUTHERN_EUROPE,Perfetti Van Melle,Perfetti Van Melle,direct,1
snacks,FRANCE|BENELUX|SOUTHERN_EUROPE|DACH,Other / not mapped to a company,Ferrero,direct,1
snacks,FRANCE|BENELUX|SOUTHERN_EUROPE|NORDICS,Other / not mapped to a company,Other / not mapped to a company,unresolved,1
snacks,FRANCE|BENELUX|SOUTHERN_EUROPE|UK_IE,Mondelēz International,Mondelēz International,direct,1
snacks,FRANCE|BENELUX|SOUTHERN_EUROPE|UK_IE,Other / not mapped to a company,Other / not mapped to a company,unresolved,1
snacks,FRANCE|BENELUX|UK_IE|US_CANADA,Other / not mapped to a company,Other / not mapped to a company,unresolved,1
snacks,FRANCE|BENELUX|US_CANADA,Other / not mapped to a company,Kraft Heinz,direct,1
snacks,FRANCE|DACH,Barilla,Barilla,direct,1
snacks,FRANCE|DACH,Biocoop,Biocoop,direct,1
snacks,FRANCE|DACH,Danone,Danone,direct,1
snacks,FRANCE|BENELUX,Nestlé,Nestlé,market_scoped,1
snacks,FRANCE|BENELUX,Other / not mapped to a company,Nestlé,market_scoped,1
cereals,FRANCE|BENELUX|DACH,Other / not mapped to a company,Other / not mapped to a company,unresolved,1
cereals,FRANCE|BENELUX|UK_IE,Nestlé,Nestlé,direct,1
snacks,FRANCE|DACH,Netto,Netto,direct,1
snacks,FRANCE|DACH,Other / not mapped to a company,Manual review / complex ownership,manual_review,1
snacks,FRANCE|DACH,Other / not mapped to a company,Mars,direct,1
snacks,FRANCE|DACH,Other / not mapped to a company,Nestlé,direct,1
snacks,FRANCE|DACH,Other / not mapped to a company,Nestlé,market_scoped,1
snacks,FRANCE|DACH,Franprix,Franprix,direct,1
beverages,SOUTHERN_EUROPE|UK_IE,LIPTON Teas and Infusions / Ekaterra,LIPTON Teas and Infusions / Ekaterra,recently_sold_or_spun_off,1
beverages,SOUTHERN_EUROPE|UK_IE,Morrisons,Morrisons,direct,1
beverages,SOUTHERN_EUROPE|UK_IE,Nestlé,Other / not mapped to a company,unresolved,1
beverages,SOUTHERN_EUROPE|UK_IE,PepsiCo,PepsiCo,direct,1
beverages,SOUTHERN_EUROPE|UK_IE,Tesco,Tesco,direct,1
beverages,SOUTHERN_EUROPE|UK_IE,The Coca-Cola Company,Other / not mapped to a company,unresolved,1
beverages,SOUTHERN_EUROPE|UK_IE|US_CANADA,Other / not mapped to a company,Other / not mapped to a company,unresolved,1
beverages,SOUTHERN_EUROPE|US_CANADA,Danone,Danone,direct,1
snacks,FRANCE|DACH,Intermarché,Intermarché,direct,1
snacks,FRANCE|DACH,Lidl,Other / not mapped to a company,unresolved,1
snacks,FRANCE|DACH,Mars,Mars,market_scoped,1
snacks,FRANCE|DACH,Mars,Other / not mapped to a company,unresolved,1
snacks,FRANCE|DACH,Mondelēz International,Other / not mapped to a company,unresolved,1
snacks,FRANCE|DACH,Nestlé,Other / not mapped to a company,unresolved,1
dairies,DACH|FRANCE|SOUTHERN_EUROPE,Bel Group,Bel Group,direct,1
dairies,DACH|FRANCE|SOUTHERN_EUROPE,Lidl,Lidl,direct,1
dairies,DACH|FRANCE|SOUTHERN_EUROPE,Manual review / complex ownership,Manual review / complex ownership,manual_review,1
dairies,DACH|FRANCE|SOUTHERN_EUROPE|UK_IE,Other / not mapped to a company,Other / not mapped to a company,unresolved,1
dairies,DACH|FRANCE|UK_IE,Nestlé,Other / not mapped to a company,unresolved,1
dairies,DACH|BENELUX|FRANCE|SOUTHERN_EUROPE|UK_IE,Savencia,Savencia,direct,1
dairies,DACH|BENELUX|FRANCE|UK_IE,Ferrero,Ferrero,direct,1
dairies,DACH|FRANCE,Aldi,Aldi,direct,1
dairies,DACH|FRANCE,Bel Group,Bel Group,direct,1
cereals,FRANCE|BENELUX,Other / not mapped to a company,PepsiCo,direct,1
beverages,NORDICS|UK_IE,LIPTON Teas and Infusions / Ekaterra,LIPTON Teas and Infusions / Ekaterra,recently_sold_or_spun_off,1
beverages,NORDICS|UK_IE,Other / not mapped to a company,LIPTON Teas and Infusions / Ekaterra,recently_sold_or_spun_off,1
beverages,NORDICS|UK_IE,Other / not mapped to a company,Monster Beverage Corp,market_scoped,1
beverages,NORDICS|UK_IE,The Coca-Cola Company,The Coca-Cola Company,direct,1
beverages,OTHER_MIXED,Other / not mapped to a company,Other / not mapped to a company,unresolved,1
snacks,FRANCE|DACH,Picard,Picard,direct,1
snacks,FRANCE|DACH,Savencia,Savencia,direct,1
snacks,FRANCE|DACH,Tipiak,Tipiak,direct,1
snacks,FRANCE|DACH,Unilever Foods,Unilever Foods,direct,1
snacks,FRANCE|DACH|BENELUX,Haribo,Haribo,direct,1
snacks,FRANCE|DACH|BENELUX,Lidl,Lidl,direct,1
snacks,FRANCE|DACH|BENELUX,Nestlé,Nestlé,direct,1
snacks,FRANCE|DACH|BENELUX,pladis,pladis,direct,1
snacks,FRANCE|DACH|BENELUX|SOUTHERN_EUROPE,Hema,Hema,direct,1
snacks,FRANCE|DACH|BENELUX|SOUTHERN_EUROPE,Nestlé,Nestlé,direct,1
snacks,FRANCE|DACH|BENELUX|SOUTHERN_EUROPE,Other / not mapped to a company,Other / not mapped to a company,unresolved,1
dairies,DACH|BENELUX|FRANCE,Ferrero,Ferrero,direct,1
dairies,DACH|BENELUX|FRANCE,Lactalis,Lactalis,direct,1
snacks,FRANCE|DACH|SOUTHERN_EUROPE,Mars,Other / not mapped to a company,unresolved,1
beverages,BENELUX|FRANCE|SOUTHERN_EUROPE,Other / not mapped to a company,The Coca-Cola Company,direct,1
beverages,BENELUX|FRANCE|SOUTHERN_EUROPE,PepsiCo,PepsiCo,direct,1
beverages,BENELUX|FRANCE|SOUTHERN_EUROPE|DACH,Capri Sun Group / Coca-Cola Europacific Partners,Capri Sun Group / Coca-Cola Europacific Partners,market_scoped,1
snacks,FRANCE|DACH|BENELUX|UK_IE,Haribo,Haribo,direct,1
snacks,FRANCE|DACH|BENELUX|UK_IE,Mars,Mars,direct,1
snacks,FRANCE|DACH|NORDICS,Haribo,Other / not mapped to a company,unresolved,1
beverages,NORDICS|FRANCE|SOUTHERN_EUROPE,Other / not mapped to a company,Other / not mapped to a company,unresolved,1
beverages,NORDICS|FRANCE|SOUTHERN_EUROPE,The Coca-Cola Company,The Coca-Cola Company,direct,1
beverages,NORDICS|FRANCE|SOUTHERN_EUROPE|BENELUX|DACH|UK_IE,Other / not mapped to a company,Other / not mapped to a company,unresolved,1
beverages,NORDICS|FRANCE|SOUTHERN_EUROPE|UK_IE,Other / not mapped to a company,Other / not mapped to a company,unresolved,1
beverages,NORDICS|FRANCE|UK_IE,Other / not mapped to a company,Other / not mapped to a company,unresolved,1
beverages,NORDICS|FRANCE|UK_IE,PepsiCo,PepsiCo,direct,1
beverages,NORDICS|FRANCE|UK_IE|SOUTHERN_EUROPE|BENELUX|DACH,Other / not mapped to a company,Other / not mapped to a company,unresolved,1
snacks,FRANCE|DACH|NORDICS,PepsiCo,PepsiCo,direct,1
snacks,FRANCE|DACH|NORDICS|SOUTHERN_EUROPE,Mondelēz International,Mondelēz International,direct,1
snacks,FRANCE|DACH|NORDICS|UK_IE,Other / not mapped to a company,Other / not mapped to a company,unresolved,1
snacks,FRANCE|DACH|SOUTHERN_EUROPE,Alnatura,Alnatura,direct,1
snacks,FRANCE|DACH|SOUTHERN_EUROPE,General Mills,General Mills,direct,1
cereals,FRANCE|BENELUX|US_CANADA,Other / not mapped to a company,Other / not mapped to a company,unresolved,1
cereals,FRANCE|DACH,Cereal Partners Worldwide,Cereal Partners Worldwide,market_scoped,1
cereals,FRANCE|DACH,La Vie Claire,La Vie Claire,direct,1
cereals,FRANCE|DACH,Léa Nature,Léa Nature,direct,1
dairies,BENELUX|UK_IE,Danone,Danone,direct,1
dairies,BENELUX|UK_IE,FrieslandCampina,FrieslandCampina,direct,1
dairies,BENELUX|UK_IE,Lidl,Lidl,direct,1
dairies,BENELUX|UK_IE|SOUTHERN_EUROPE,Lidl,Lidl,direct,1
dairies,BENELUX|US_CANADA,Mondelēz International,Mondelēz International,direct,1
dairies,BENELUX|US_CANADA|FRANCE|DACH,Other / not mapped to a company,Carrefour,direct,1
dairies,BENELUX|US_CANADA|FRANCE|DACH,Savencia,Savencia,direct,1
snacks,FRANCE|DACH|SOUTHERN_EUROPE|UK_IE|US_CANADA,Ferrero,Ferrero,direct,1
snacks,FRANCE|DACH|SOUTHERN_EUROPE|UK_IE|US_CANADA,General Mills,General Mills,direct,1
snacks,FRANCE|DACH|SOUTHERN_EUROPE|US_CANADA,Ferrero,Ferrero,direct,1
snacks,FRANCE|DACH|SOUTHERN_EUROPE|US_CANADA,Mondelēz International,Mondelēz International,direct,1
beverages,BENELUX|FRANCE|SOUTHERN_EUROPE|DACH,Other / not mapped to a company,Nestlé,direct,1
beverages,BENELUX|FRANCE|SOUTHERN_EUROPE|DACH,PepsiCo,PepsiCo,direct,1
beverages,BENELUX|FRANCE|SOUTHERN_EUROPE|NORDICS,The Coca-Cola Company,The Coca-Cola Company,direct,1
beverages,BENELUX|FRANCE|SOUTHERN_EUROPE|UK_IE,The Coca-Cola Company,Other / not mapped to a company,unresolved,1
beverages,BENELUX|FRANCE|SOUTHERN_EUROPE|UK_IE,The Coca-Cola Company,The Coca-Cola Company,direct,1
beverages,BENELUX|FRANCE|UK_IE,Capri Sun Group / Coca-Cola Europacific Partners,Capri Sun Group / Coca-Cola Europacific Partners,market_scoped,1
snacks,FRANCE|DACH|SOUTHERN_EUROPE,Other / not mapped to a company,Manual review / complex ownership,manual_review,1
snacks,FRANCE|DACH|SOUTHERN_EUROPE,PepsiCo,PepsiCo,direct,1
snacks,FRANCE|DACH|SOUTHERN_EUROPE,Post Holdings,Post Holdings,direct,1
snacks,FRANCE|DACH|SOUTHERN_EUROPE,The Campbell's Company,The Campbell's Company,direct,1
snacks,FRANCE|DACH|SOUTHERN_EUROPE,pladis,pladis,direct,1
snacks,FRANCE|DACH|NORDICS,Lidl,Lidl,direct,1
beverages,NORDICS|FRANCE|DACH,The Coca-Cola Company,The Coca-Cola Company,direct,1
beverages,NORDICS|FRANCE|DACH|BENELUX|UK_IE,Other / not mapped to a company,Other / not mapped to a company,unresolved,1
beverages,NORDICS|FRANCE|DACH|SOUTHERN_EUROPE|UK_IE,Other / not mapped to a company,Other / not mapped to a company,unresolved,1
beverages,NORDICS|FRANCE|DACH|UK_IE,Danone,Danone,direct,1
beverages,NORDICS|FRANCE|DACH|UK_IE,Other / not mapped to a company,Other / not mapped to a company,unresolved,1
beverages,NORDICS|FRANCE|DACH|UK_IE,The Coca-Cola Company,The Coca-Cola Company,direct,1
beverages,NORDICS|FRANCE|DACH|UK_IE|SOUTHERN_EUROPE,Other / not mapped to a company,Other / not mapped to a company,unresolved,1
snacks,FRANCE|DACH|UK_IE,Lindt & Sprüngli,Other / not mapped to a company,unresolved,1
snacks,FRANCE|DACH|SOUTHERN_EUROPE|BENELUX,Other / not mapped to a company,Other / not mapped to a company,unresolved,1
snacks,FRANCE|DACH|SOUTHERN_EUROPE|BENELUX|NORDICS,Nestlé,Nestlé,direct,1
snacks,FRANCE|DACH|SOUTHERN_EUROPE|NORDICS,Mars,Mars,direct,1
snacks,FRANCE|DACH|SOUTHERN_EUROPE|NORDICS,Mondelēz International,Mondelēz International,direct,1
snacks,FRANCE|DACH|SOUTHERN_EUROPE|NORDICS,Other / not mapped to a company,Other / not mapped to a company,unresolved,1
snacks,FRANCE|DACH|SOUTHERN_EUROPE|UK_IE,Lindt & Sprüngli,Lindt & Sprüngli,direct,1
snacks,FRANCE|DACH|SOUTHERN_EUROPE|UK_IE,St Michel,St Michel,direct,1
snacks,FRANCE|DACH|SOUTHERN_EUROPE|UK_IE,pladis,pladis,direct,1
dairies,BENELUX|NORDICS|FRANCE|DACH,Lidl,Lidl,direct,1
dairies,BENELUX|NORDICS|FRANCE|DACH,Sainsbury's,Nestlé,direct,1
dairies,BENELUX|NORDICS|FRANCE|DACH|UK_IE,Danone,Danone,direct,1
dairies,BENELUX|NORDICS|FRANCE|DACH|UK_IE,Other / not mapped to a company,Other / not mapped to a company,unresolved,1
snacks,FRANCE|DACH|UK_IE|SOUTHERN_EUROPE,Mars,Mars,direct,1
snacks,FRANCE|DACH|UK_IE|US_CANADA,Manual review / complex ownership,Manual review / complex ownership,manual_review,1
snacks,FRANCE|DACH|UK_IE|US_CANADA,Mars,Mars,direct,1
snacks,FRANCE|DACH|UK_IE|US_CANADA,Mondelēz International,Mondelēz International,direct,1
snacks,FRANCE|DACH|UK_IE|US_CANADA,Nestlé,Ferrero,direct,1
snacks,FRANCE|DACH|UK_IE|US_CANADA,PepsiCo,PepsiCo,direct,1
beverages,NORDICS|FRANCE,PepsiCo,PepsiCo,direct,1
beverages,NORDICS|FRANCE,The Coca-Cola Company,The Coca-Cola Company,market_scoped,1
beverages,NORDICS|FRANCE|DACH,Capri Sun Group / Coca-Cola Europacific Partners,Capri Sun Group / Coca-Cola Europacific Partners,market_scoped,1
beverages,NORDICS|FRANCE|DACH,Danone,Danone,direct,1
beverages,NORDICS|FRANCE|DACH,Nestlé,Nestlé,direct,1
beverages,NORDICS|FRANCE|DACH,Other / not mapped to a company,Nestlé,direct,1
snacks,FRANCE|NORDICS,Other / not mapped to a company,Mondelēz International,direct,1
snacks,FRANCE|DACH|UK_IE,Lotus Bakeries,Lotus Bakeries,direct,1
snacks,FRANCE|DACH|UK_IE,Mars,Mars,market_scoped,1
snacks,FRANCE|DACH|UK_IE,Other / not mapped to a company,The Campbell's Company,direct,1
snacks,FRANCE|DACH|UK_IE,Tesco,Tesco,direct,1
snacks,FRANCE|DACH|UK_IE,Trader Joe's,Trader Joe's,direct,1
snacks,FRANCE|DACH|UK_IE,Waitrose,Waitrose,direct,1
dairies,DACH|BENELUX|FRANCE,Other / not mapped to a company,Emmi,direct,1
dairies,DACH|BENELUX|FRANCE|NORDICS,Other / not mapped to a company,Emmi,direct,1
dairies,DACH|BENELUX|FRANCE|SOUTHERN_EUROPE,Lidl,Lidl,direct,1
dairies,DACH|BENELUX|FRANCE|SOUTHERN_EUROPE,Other / not mapped to a company,Other / not mapped to a company,unresolved,1
dairies,DACH|BENELUX|FRANCE|SOUTHERN_EUROPE|UK_IE,Flora Food Group,Flora Food Group,direct,1
dairies,DACH|BENELUX|FRANCE|SOUTHERN_EUROPE|UK_IE,Other / not mapped to a company,Other / not mapped to a company,unresolved,1
dairies,BENELUX|FRANCE|US_CANADA,Nestlé,Nestlé,direct,1
dairies,BENELUX|FRANCE|US_CANADA,Other / not mapped to a company,Other / not mapped to a company,unresolved,1
dairies,BENELUX|FRANCE|US_CANADA,Savencia,Savencia,direct,1
beverages,NORDICS|FRANCE,FrieslandCampina,FrieslandCampina,direct,1
beverages,NORDICS|FRANCE,Lidl,Lidl,direct,1
beverages,NORDICS|FRANCE,Mondelēz International,Mondelēz International,direct,1
beverages,NORDICS|FRANCE,Nestlé,Other / not mapped to a company,unresolved,1
beverages,NORDICS|FRANCE,Other / not mapped to a company,Nestlé,direct,1
snacks,FRANCE|DACH|US_CANADA,Mars,Other / not mapped to a company,unresolved,1
snacks,FRANCE|DACH|US_CANADA,Nestlé,Other / not mapped to a company,unresolved,1
snacks,FRANCE|DACH|US_CANADA,Other / not mapped to a company,Mondelēz International,direct,1
snacks,FRANCE|DACH|US_CANADA,Otsuka / Nutrition & Santé,Otsuka / Nutrition & Santé,direct,1
snacks,FRANCE|DACH|US_CANADA,St Michel,St Michel,direct,1
snacks,FRANCE|DACH|US_CANADA,Trader Joe's,Trader Joe's,direct,1
snacks,FRANCE|NORDICS,Haribo,Haribo,direct,1
snacks,FRANCE|NORDICS,Haribo,Other / not mapped to a company,unresolved,1
snacks,FRANCE|NORDICS,Mars,Mars,direct,1
snacks,FRANCE|NORDICS,Mondelēz International,Mondelēz International,market_scoped,1
snacks,FRANCE|NORDICS,Nestlé,Nestlé,direct,1
dairies,BENELUX|FRANCE|SOUTHERN_EUROPE,Other / not mapped to a company,Bel Group,direct,1
dairies,BENELUX|FRANCE|SOUTHERN_EUROPE,Other / not mapped to a company,Lidl,direct,1
dairies,BENELUX|FRANCE|SOUTHERN_EUROPE|DACH,Other / not mapped to a company,Lactalis,direct,1
dairies,BENELUX|FRANCE|SOUTHERN_EUROPE|DACH|UK_IE,Lactalis,Lactalis,direct,1
dairies,BENELUX|FRANCE|SOUTHERN_EUROPE|DACH|UK_IE,Other / not mapped to a company,Other / not mapped to a company,unresolved,1
dairies,BENELUX|FRANCE|SOUTHERN_EUROPE|UK_IE,Lactalis,Lactalis,direct,1
snacks,FRANCE|SOUTHERN_EUROPE,Leclerc,Leclerc,direct,1
snacks,FRANCE|SOUTHERN_EUROPE,Lindt & Sprüngli,Other / not mapped to a company,unresolved,1
snacks,FRANCE|SOUTHERN_EUROPE,St Michel,St Michel,direct,1
snacks,FRANCE|NORDICS,Sainsbury's,Sainsbury's,direct,1
snacks,FRANCE|NORDICS|UK_IE,Mars,Mars,direct,1
snacks,FRANCE|NORDICS|UK_IE,Mondelēz International,Other / not mapped to a company,unresolved,1
beverages,FRANCE|US_CANADA,Walmart / Great Value,Walmart / Great Value,direct,1
beverages,NORDICS|BENELUX|SOUTHERN_EUROPE|UK_IE,Other / not mapped to a company,Other / not mapped to a company,unresolved,1
beverages,NORDICS|DACH|BENELUX|UK_IE,Other / not mapped to a company,Other / not mapped to a company,unresolved,1
beverages,NORDICS|DACH|BENELUX|US_CANADA,Other / not mapped to a company,Other / not mapped to a company,unresolved,1
snacks,FRANCE|SOUTHERN_EUROPE,The Magnum Ice Cream Company,The Magnum Ice Cream Company,recently_demerged,1
snacks,FRANCE|NORDICS|UK_IE,Perfetti Van Melle,Perfetti Van Melle,direct,1
snacks,FRANCE|NORDICS|US_CANADA,Mondelēz International,Other / not mapped to a company,unresolved,1
snacks,FRANCE|SOUTHERN_EUROPE,Aldi,Aldi,direct,1
snacks,FRANCE|SOUTHERN_EUROPE,Danone,Danone,direct,1
snacks,FRANCE|SOUTHERN_EUROPE,Danone,Other / not mapped to a company,unresolved,1
snacks,FRANCE|SOUTHERN_EUROPE,Froneri (Nestlé JV),Froneri (Nestlé JV),direct,1
snacks,FRANCE|SOUTHERN_EUROPE,Intermarché,Intermarché,direct,1
dairies,BENELUX|NORDICS|FRANCE|SOUTHERN_EUROPE,Lidl,Lidl,direct,1
dairies,BENELUX|NORDICS|FRANCE|SOUTHERN_EUROPE|UK_IE,Lidl,Lidl,direct,1
dairies,BENELUX|NORDICS|FRANCE|UK_IE,Other / not mapped to a company,Other / not mapped to a company,unresolved,1
dairies,BENELUX|SOUTHERN_EUROPE|UK_IE,Bel Group,Bel Group,direct,1
dairies,BENELUX|UK_IE,Arla,Other / not mapped to a company,unresolved,1
dairies,BENELUX|UK_IE,Asda,Asda,direct,1
dairies,BENELUX|FRANCE|SOUTHERN_EUROPE,Danone,Other / not mapped to a company,unresolved,1
dairies,BENELUX|FRANCE|SOUTHERN_EUROPE,Nestlé,Nestlé,direct,1
snacks,FRANCE|SOUTHERN_EUROPE|DACH,Nestlé,Manual review / complex ownership,manual_review,1
snacks,FRANCE|SOUTHERN_EUROPE|DACH,Otsuka / Nutrition & Santé,Otsuka / Nutrition & Santé,direct,1
snacks,FRANCE|SOUTHERN_EUROPE|DACH,The Campbell's Company,The Campbell's Company,direct,1
snacks,FRANCE|SOUTHERN_EUROPE|DACH|UK_IE,Barilla,Barilla,direct,1
snacks,FRANCE|SOUTHERN_EUROPE|DACH|UK_IE,Lindt & Sprüngli,Lindt & Sprüngli,direct,1
snacks,FRANCE|SOUTHERN_EUROPE|DACH|US_CANADA,Ferrero,Ferrero,direct,1
snacks,FRANCE|SOUTHERN_EUROPE,Tesco,Tesco,direct,1
beverages,FRANCE|US_CANADA,Kroger,Kroger,direct,1
beverages,FRANCE|US_CANADA,Leader Price,Leader Price,direct,1
beverages,FRANCE|US_CANADA,Manual review / complex ownership,PepsiCo,direct,1
beverages,FRANCE|US_CANADA,Meijer,Meijer,direct,1
beverages,FRANCE|US_CANADA,Mondelēz International,Mondelēz International,direct,1
beverages,FRANCE|US_CANADA,Nestlé,Other / not mapped to a company,unresolved,1
beverages,FRANCE|US_CANADA,Ocean Spray,Ocean Spray,direct,1
beverages,FRANCE|US_CANADA,Other / not mapped to a company,Whole Foods / Amazon,direct,1
snacks,FRANCE|SOUTHERN_EUROPE,The Campbell's Company,The Campbell's Company,direct,1
dairies,BENELUX|FRANCE|DACH|SOUTHERN_EUROPE|UK_IE,Lactalis,Lactalis,direct,1
dairies,BENELUX|FRANCE|DACH|SOUTHERN_EUROPE|UK_IE,Lindt & Sprüngli,Lindt & Sprüngli,direct,1
dairies,BENELUX|FRANCE|DACH|SOUTHERN_EUROPE|UK_IE,Other / not mapped to a company,Other / not mapped to a company,unresolved,1
dairies,BENELUX|FRANCE|DACH|SOUTHERN_EUROPE|US_CANADA,Other / not mapped to a company,Other / not mapped to a company,unresolved,1
dairies,BENELUX|FRANCE|DACH|UK_IE,General Mills,General Mills,direct,1
dairies,BENELUX|FRANCE|DACH|UK_IE,Other / not mapped to a company,Other / not mapped to a company,unresolved,1
snacks,FRANCE|SOUTHERN_EUROPE|UK_IE,Leader Price,Leader Price,direct,1
snacks,FRANCE|SOUTHERN_EUROPE|UK_IE,Lidl,Lidl,direct,1
snacks,FRANCE|SOUTHERN_EUROPE|UK_IE,Lotus Bakeries,Lotus Bakeries,direct,1
snacks,FRANCE|SOUTHERN_EUROPE|UK_IE,Marks & Spencer,Marks & Spencer,direct,1
snacks,FRANCE|SOUTHERN_EUROPE,Trader Joe's,Trader Joe's,direct,1
snacks,FRANCE|SOUTHERN_EUROPE,Unilever Foods,Unilever Foods,direct,1
snacks,FRANCE|SOUTHERN_EUROPE|BENELUX,Carrefour,Carrefour,direct,1
snacks,FRANCE|SOUTHERN_EUROPE|DACH,Haribo,Haribo,direct,1
snacks,FRANCE|SOUTHERN_EUROPE|DACH,Lidl,Lidl,direct,1
snacks,FRANCE|SOUTHERN_EUROPE|DACH,Mars,Mars,direct,1
beverages,FRANCE|US_CANADA,Auchan,Auchan,direct,1
snacks,FRANCE|SOUTHERN_EUROPE|DACH|US_CANADA,St Michel,St Michel,direct,1
snacks,FRANCE|SOUTHERN_EUROPE|NORDICS,Lindt & Sprüngli,Lindt & Sprüngli,direct,1
snacks,FRANCE|SOUTHERN_EUROPE|NORDICS,Other / not mapped to a company,Other / not mapped to a company,unresolved,1
snacks,FRANCE|SOUTHERN_EUROPE|NORDICS,pladis,pladis,direct,1
snacks,FRANCE|SOUTHERN_EUROPE|NORDICS|UK_IE,Other / not mapped to a company,Other / not mapped to a company,unresolved,1
snacks,FRANCE|SOUTHERN_EUROPE|NORDICS|UK_IE|US_CANADA,Ferrero,Other / not mapped to a company,unresolved,1
snacks,FRANCE|SOUTHERN_EUROPE|NORDICS|US_CANADA,Mondelēz International,Mondelēz International,direct,1
snacks,FRANCE|SOUTHERN_EUROPE|UK_IE,Ferrero,Ferrero,direct,1
dairies,BENELUX|FRANCE|UK_IE,General Mills,Other / not mapped to a company,unresolved,1
dairies,BENELUX|FRANCE|UK_IE,Lactalis,Lactalis,direct,1
dairies,BENELUX|FRANCE|UK_IE,Nestlé,Nestlé,direct,1
dairies,BENELUX|FRANCE|UK_IE,Other / not mapped to a company,Lactalis,direct,1
dairies,BENELUX|FRANCE|US_CANADA,Danone,Danone,direct,1
dairies,BENELUX|FRANCE|DACH|SOUTHERN_EUROPE|NORDICS,Other / not mapped to a company,Other / not mapped to a company,unresolved,1
dairies,BENELUX|FRANCE|DACH|SOUTHERN_EUROPE|NORDICS|UK_IE,Other / not mapped to a company,Other / not mapped to a company,unresolved,1
snacks,FRANCE|UK_IE,Grupo Bimbo,Grupo Bimbo,direct,1
beverages,BENELUX|FRANCE|DACH|UK_IE,PepsiCo,PepsiCo,direct,1
beverages,BENELUX|FRANCE|DACH|UK_IE,The Coca-Cola Company,Other / not mapped to a company,unresolved,1
beverages,BENELUX|FRANCE|DACH|UK_IE|US_CANADA,Other / not mapped to a company,Other / not mapped to a company,unresolved,1
beverages,BENELUX|FRANCE|DACH|US_CANADA,Other / not mapped to a company,Other / not mapped to a company,unresolved,1
snacks,FRANCE|SOUTHERN_EUROPE|UK_IE,Mondelēz International,Mondelēz International,market_scoped,1
snacks,FRANCE|SOUTHERN_EUROPE|UK_IE,PepsiCo,PepsiCo,direct,1
snacks,FRANCE|SOUTHERN_EUROPE|UK_IE,Tesco,Tesco,direct,1
snacks,FRANCE|SOUTHERN_EUROPE|UK_IE|US_CANADA,Manual review / complex ownership,Manual review / complex ownership,manual_review,1
beverages,FRANCE|UK_IE,The Coca-Cola Company,Other / not mapped to a company,unresolved,1
beverages,FRANCE|UK_IE,pladis,Other / not mapped to a company,unresolved,1
beverages,FRANCE|UK_IE|BENELUX,Lidl,Lidl,direct,1
beverages,FRANCE|UK_IE|DACH,Other / not mapped to a company,Other / not mapped to a company,unresolved,1
beverages,FRANCE|UK_IE|SOUTHERN_EUROPE,Other / not mapped to a company,PepsiCo,market_scoped,1
beverages,FRANCE|UK_IE|US_CANADA,Manual review / complex ownership,Manual review / complex ownership,manual_review,1
beverages,FRANCE|US_CANADA,Aldi,Aldi,direct,1
dairies,BENELUX|FRANCE|DACH|SOUTHERN_EUROPE,Mondelēz International,Other / not mapped to a company,unresolved,1
dairies,BENELUX|FRANCE|DACH|SOUTHERN_EUROPE,Other / not mapped to a company,Lactalis,direct,1
cereals,FRANCE|DACH,Migros,Other / not mapped to a company,unresolved,1
beverages,FRANCE,Walmart / Great Value,Walmart / Great Value,direct,1
beverages,FRANCE|UK_IE,Other / not mapped to a company,Emmi,direct,1
beverages,FRANCE|UK_IE,Other / not mapped to a company,Marks & Spencer,direct,1
beverages,FRANCE|UK_IE,Other / not mapped to a company,Monster Beverage Corp,market_scoped,1
beverages,FRANCE|UK_IE,Other / not mapped to a company,Tropicana Brands Group,direct,1
beverages,FRANCE|UK_IE,PepsiCo,Other / not mapped to a company,unresolved,1
beverages,FRANCE|US_CANADA,Danone (Dannon in US),Danone (Dannon in US),market_scoped,1
snacks,FRANCE|SOUTHERN_EUROPE|US_CANADA,Ferrero,Ferrero,direct,1
snacks,FRANCE|SOUTHERN_EUROPE|US_CANADA,General Mills,General Mills,direct,1
snacks,FRANCE|SOUTHERN_EUROPE|US_CANADA,Lindt & Sprüngli,Lindt & Sprüngli,direct,1
snacks,FRANCE|SOUTHERN_EUROPE|US_CANADA,Other / not mapped to a company,Manual review / complex ownership,manual_review,1
snacks,FRANCE|UK_IE,Andros,Other / not mapped to a company,unresolved,1
snacks,FRANCE|UK_IE,Asda,Other / not mapped to a company,unresolved,1
snacks,FRANCE|UK_IE,Picard,Picard,direct,1
beverages,BENELUX|FRANCE|NORDICS,Capri Sun Group / Coca-Cola Europacific Partners,Capri Sun Group / Coca-Cola Europacific Partners,market_scoped,1
beverages,BENELUX|FRANCE|NORDICS,Other / not mapped to a company,Other / not mapped to a company,unresolved,1
beverages,BENELUX|FRANCE|NORDICS,The Coca-Cola Company,The Coca-Cola Company,direct,1
beverages,BENELUX|FRANCE|NORDICS|DACH,The Coca-Cola Company,The Coca-Cola Company,direct,1
beverages,BENELUX|FRANCE|NORDICS|SOUTHERN_EUROPE,Capri Sun Group / Coca-Cola Europacific Partners,Capri Sun Group / Coca-Cola Europacific Partners,market_scoped,1
beverages,BENELUX|FRANCE|SOUTHERN_EUROPE,Capri Sun Group / Coca-Cola Europacific Partners,Capri Sun Group / Coca-Cola Europacific Partners,market_scoped,1
beverages,FRANCE|UK_IE,Leader Price,Leader Price,direct,1
beverages,FRANCE|UK_IE,Monster Beverage Corp,Monster Beverage Corp,market_scoped,1
dairies,BENELUX|FRANCE|DACH|UK_IE|SOUTHERN_EUROPE,Flora Food Group,Flora Food Group,direct,1
dairies,BENELUX|FRANCE|DACH|UK_IE|SOUTHERN_EUROPE,Lidl,Lidl,direct,1
dairies,BENELUX|FRANCE|NORDICS,Lactalis,Lactalis,direct,1
dairies,BENELUX|FRANCE|NORDICS,Lidl,Lidl,direct,1
dairies,BENELUX|FRANCE|DACH|NORDICS,Other / not mapped to a company,Other / not mapped to a company,unresolved,1
dairies,BENELUX|FRANCE|DACH|SOUTHERN_EUROPE,Bel Group,Bel Group,direct,1
dairies,BENELUX|FRANCE|DACH|SOUTHERN_EUROPE,Danone,Danone,market_scoped,1
snacks,FRANCE|UK_IE|DACH,Other / not mapped to a company,Other / not mapped to a company,unresolved,1
snacks,FRANCE|UK_IE|NORDICS,Mondelēz International,Mondelēz International,direct,1
snacks,FRANCE|UK_IE|NORDICS,Other / not mapped to a company,Other / not mapped to a company,unresolved,1
snacks,FRANCE|UK_IE|SOUTHERN_EUROPE,General Mills,General Mills,direct,1
snacks,FRANCE|UK_IE|SOUTHERN_EUROPE,Mondelēz International,Mondelēz International,direct,1
beverages,FRANCE|UK_IE,PepsiCo,PepsiCo,market_scoped,1
beverages,BENELUX|FRANCE|SOUTHERN_EUROPE,Monster Beverage Corp,Monster Beverage Corp,market_scoped,1
snacks,FRANCE|UK_IE,Hema,Hema,direct,1
snacks,FRANCE|UK_IE,Lindt & Sprüngli,Other / not mapped to a company,unresolved,1
snacks,FRANCE|UK_IE,Manual review / complex ownership,Manual review / complex ownership,manual_review,1
snacks,FRANCE|UK_IE,Mars,Other / not mapped to a company,unresolved,1
snacks,FRANCE|UK_IE,Other / not mapped to a company,Lindt & Sprüngli,direct,1
snacks,FRANCE|UK_IE,Other / not mapped to a company,Lotus Bakeries,direct,1
snacks,FRANCE|UK_IE,Other / not mapped to a company,Mondelēz International,direct,1
snacks,FRANCE|UK_IE,Other / not mapped to a company,pladis,direct,1
snacks,FRANCE|UK_IE,Perfetti Van Melle,Perfetti Van Melle,direct,1
snacks,FRANCE|UK_IE,St Michel,St Michel,direct,1
snacks,FRANCE|UK_IE,The Coca-Cola Company,Other / not mapped to a company,unresolved,1
snacks,FRANCE|UK_IE|BENELUX,Mars,Mars,direct,1
snacks,FRANCE|UK_IE|BENELUX,Mondelēz International,Mondelēz International,direct,1
snacks,FRANCE|UK_IE|BENELUX,Other / not mapped to a company,Other / not mapped to a company,unresolved,1
snacks,FRANCE|UK_IE|DACH,Mondelēz International,Mondelēz International,direct,1
beverages,FRANCE,pladis,Kraft Heinz,direct,1
beverages,FRANCE|BENELUX,Auchan,Auchan,direct,1
beverages,FRANCE|BENELUX,Carrefour,Carrefour,direct,1
dairies,BENELUX|FRANCE|DACH|SOUTHERN_EUROPE,Savencia,Savencia,direct,1
cereals,FRANCE|DACH|BENELUX|SOUTHERN_EUROPE,Other / not mapped to a company,Other / not mapped to a company,unresolved,1
cereals,FRANCE|DACH|SOUTHERN_EUROPE,Alnatura,Alnatura,direct,1
cereals,FRANCE|DACH|SOUTHERN_EUROPE,Mars,Mars,market_scoped,1
dairies,BENELUX|FRANCE,PepsiCo,PepsiCo,direct,1
dairies,BENELUX|FRANCE|DACH,Arla,Arla,direct,1
dairies,BENELUX|FRANCE|DACH,General Mills,General Mills,market_scoped,1
beverages,FRANCE|UK_IE,Belle France,Belle France,direct,1
snacks,FRANCE|US_CANADA,Manual review / complex ownership,Other / not mapped to a company,unresolved,1
snacks,FRANCE|US_CANADA,Mondelēz International,Other / not mapped to a company,unresolved,1
snacks,FRANCE|UK_IE|SOUTHERN_EUROPE,Post Holdings,Post Holdings,direct,1
snacks,FRANCE|UK_IE|SOUTHERN_EUROPE,pladis,pladis,direct,1
snacks,FRANCE|UK_IE|SOUTHERN_EUROPE|US_CANADA,Manual review / complex ownership,Manual review / complex ownership,manual_review,1
snacks,FRANCE|UK_IE|US_CANADA,Ferrero,Ferrero,direct,1
snacks,FRANCE|UK_IE|US_CANADA,Lotus Bakeries,Lotus Bakeries,direct,1
snacks,FRANCE|UK_IE|US_CANADA,Mondelēz International,Other / not mapped to a company,unresolved,1
snacks,FRANCE|UK_IE|US_CANADA,The Hershey Company,The Hershey Company,direct,1
snacks,FRANCE|UK_IE|US_CANADA,Trader Joe's,Marks & Spencer,direct,1
snacks,FRANCE|UK_IE|US_CANADA,Trader Joe's,Trader Joe's,direct,1
snacks,FRANCE|UK_IE|US_CANADA,pladis,pladis,direct,1
snacks,FRANCE|US_CANADA,Andros,Andros,direct,1
snacks,FRANCE|US_CANADA,General Mills,Other / not mapped to a company,unresolved,1
snacks,FRANCE|UK_IE,Savencia,Savencia,direct,1
beverages,FRANCE|SOUTHERN_EUROPE|UK_IE|US_CANADA,Other / not mapped to a company,Other / not mapped to a company,unresolved,1
beverages,FRANCE|SOUTHERN_EUROPE|US_CANADA,Carrefour,Carrefour,direct,1
beverages,FRANCE|SOUTHERN_EUROPE|US_CANADA,Manual review / complex ownership,Manual review / complex ownership,manual_review,1
beverages,FRANCE|SOUTHERN_EUROPE|US_CANADA,Nestlé,Nestlé,direct,1
beverages,FRANCE|UK_IE,Aldi,Aldi,direct,1
beverages,FRANCE|UK_IE,Associated British Foods,Associated British Foods,market_scoped,1
dairies,BENELUX|FRANCE|DACH,Les Mousquetaires / Intermarché,Les Mousquetaires / Intermarché,direct,1
dairies,BENELUX|FRANCE|DACH,Mondelēz International,Mondelēz International,direct,1
dairies,BENELUX|FRANCE|DACH,Other / not mapped to a company,Lidl,direct,1
dairies,BENELUX|FRANCE,Intermarché,Intermarché,direct,1
dairies,BENELUX|FRANCE,Kraft Heinz,Mondelēz International,direct,1
dairies,BENELUX|FRANCE,Leader Price,Leader Price,direct,1
dairies,BENELUX|FRANCE,Les Mousquetaires / Intermarché,Les Mousquetaires / Intermarché,direct,1
dairies,BENELUX|FRANCE,Nestlé,Nestlé,market_scoped,1
beverages,FRANCE|BENELUX,Léa Nature,Léa Nature,direct,1
cereals,FRANCE|DACH,Other / not mapped to a company,PepsiCo,direct,1
cereals,FRANCE|DACH|US_CANADA,Manual review / complex ownership,Manual review / complex ownership,manual_review,1
cereals,FRANCE|DACH|US_CANADA,Mondelēz International,Mondelēz International,direct,1
snacks,NORDICS|FRANCE,Nestlé,Nestlé,market_scoped,1
snacks,NORDICS|FRANCE|BENELUX|SOUTHERN_EUROPE,Other / not mapped to a company,Other / not mapped to a company,unresolved,1
snacks,NORDICS|FRANCE|BENELUX|SOUTHERN_EUROPE|UK_IE,Lindt & Sprüngli,Lindt & Sprüngli,direct,1
snacks,NORDICS|FRANCE|DACH,Ferrero,Ferrero,direct,1
snacks,FRANCE|US_CANADA,Nestlé,Manual review / complex ownership,manual_review,1
snacks,FRANCE|US_CANADA,Ocean Spray,Ocean Spray,direct,1
snacks,FRANCE|US_CANADA,Other / not mapped to a company,Ferrero,direct,1
snacks,FRANCE|US_CANADA,Other / not mapped to a company,Lindt & Sprüngli,direct,1
snacks,FRANCE|US_CANADA,Other / not mapped to a company,PepsiCo,direct,1
snacks,FRANCE|US_CANADA,Other / not mapped to a company,The Hershey Company,direct,1
snacks,FRANCE|US_CANADA,Perfetti Van Melle,Perfetti Van Melle,direct,1
snacks,FRANCE|US_CANADA,St Michel,St Michel,direct,1
snacks,FRANCE|US_CANADA,The Hershey Company,Other / not mapped to a company,unresolved,1
beverages,FRANCE|SOUTHERN_EUROPE|UK_IE,Tesco,Tesco,direct,1
beverages,FRANCE|SOUTHERN_EUROPE|UK_IE,PepsiCo,PepsiCo,market_scoped,1
snacks,NORDICS|FRANCE|DACH,Mars,Other / not mapped to a company,unresolved,1
snacks,NORDICS|DACH|SOUTHERN_EUROPE|UK_IE,Lindt & Sprüngli,Lindt & Sprüngli,direct,1
snacks,NORDICS|DACH|SOUTHERN_EUROPE|UK_IE,Other / not mapped to a company,Other / not mapped to a company,unresolved,1
snacks,NORDICS|DACH|UK_IE,Lindt & Sprüngli,Lindt & Sprüngli,direct,1
snacks,NORDICS|DACH|US_CANADA,Other / not mapped to a company,Other / not mapped to a company,unresolved,1
snacks,NORDICS|FRANCE,Coop,Coop,direct,1
snacks,NORDICS|FRANCE,Mars,Other / not mapped to a company,unresolved,1
cereals,FRANCE|DACH,PepsiCo,PepsiCo,direct,1
cereals,FRANCE|DACH,Post Holdings,Post Holdings,direct,1
cereals,FRANCE|DACH,Priméal,Priméal,direct,1
cereals,FRANCE|DACH|BENELUX|SOUTHERN_EUROPE,Nestlé,Nestlé,direct,1
cereals,FRANCE|DACH|SOUTHERN_EUROPE|UK_IE,Other / not mapped to a company,Other / not mapped to a company,unresolved,1
cereals,FRANCE|DACH|SOUTHERN_EUROPE|US_CANADA,PepsiCo,PepsiCo,direct,1
cereals,FRANCE|DACH|UK_IE,Post Holdings,Post Holdings,direct,1
cereals,FRANCE|DACH|UK_IE,Sainsbury's,Sainsbury's,direct,1
cereals,US_CANADA|UK_IE,PepsiCo,PepsiCo,direct,1
dairies,BENELUX|DACH|SOUTHERN_EUROPE|UK_IE,Flora Food Group,Flora Food Group,direct,1
snacks,NORDICS|FRANCE|DACH|UK_IE|US_CANADA,Other / not mapped to a company,Other / not mapped to a company,unresolved,1
snacks,NORDICS|FRANCE|DACH|US_CANADA,St Michel,St Michel,direct,1
snacks,NORDICS|FRANCE|SOUTHERN_EUROPE,Mars,Mars,direct,1
snacks,NORDICS|FRANCE|SOUTHERN_EUROPE,Nestlé,Nestlé,direct,1
snacks,NORDICS|FRANCE|DACH,Lindt & Sprüngli,Lindt & Sprüngli,direct,1
beverages,FRANCE|SOUTHERN_EUROPE|DACH|UK_IE,The Coca-Cola Company,The Coca-Cola Company,direct,1
beverages,FRANCE|SOUTHERN_EUROPE|NORDICS,Danone,Danone,direct,1
beverages,FRANCE|SOUTHERN_EUROPE|NORDICS|DACH|UK_IE,Danone,Danone,direct,1
beverages,FRANCE|SOUTHERN_EUROPE|NORDICS|UK_IE,Other / not mapped to a company,Other / not mapped to a company,unresolved,1
beverages,FRANCE|SOUTHERN_EUROPE|UK_IE,Carrefour,Carrefour,direct,1
beverages,FRANCE|SOUTHERN_EUROPE|UK_IE,Danone,Danone,direct,1
beverages,FRANCE|SOUTHERN_EUROPE|UK_IE,LIPTON Teas and Infusions / Ekaterra,LIPTON Teas and Infusions / Ekaterra,recently_sold_or_spun_off,1
beverages,FRANCE|SOUTHERN_EUROPE|UK_IE,Leader Price,Leader Price,direct,1
beverages,FRANCE|SOUTHERN_EUROPE|UK_IE,Mondelēz International,Mondelēz International,market_scoped,1
snacks,NORDICS|FRANCE|DACH|BENELUX|SOUTHERN_EUROPE,Other / not mapped to a company,Other / not mapped to a company,unresolved,1
snacks,NORDICS|FRANCE|DACH|SOUTHERN_EUROPE,Ferrero,Ferrero,direct,1
snacks,NORDICS|FRANCE|DACH|SOUTHERN_EUROPE|BENELUX|UK_IE,Other / not mapped to a company,Lidl,direct,1
snacks,NORDICS|FRANCE|DACH|SOUTHERN_EUROPE|UK_IE|US_CANADA,Other / not mapped to a company,Other / not mapped to a company,unresolved,1
snacks,NORDICS|FRANCE|DACH|UK_IE,Lindt & Sprüngli,Lindt & Sprüngli,direct,1
cereals,FRANCE|DACH|US_CANADA,PepsiCo,PepsiCo,direct,1
cereals,FRANCE|NORDICS,Aldi,Aldi,direct,1
cereals,FRANCE|NORDICS,Nestlé,Nestlé,direct,1
dairies,BENELUX|FRANCE,Flora Food Group,Flora Food Group,direct,1
cereals,US_CANADA|FRANCE|SOUTHERN_EUROPE|UK_IE,Other / not mapped to a company,Other / not mapped to a company,unresolved,1
beverages,FRANCE,Nestlé,Nestlé,market_scoped,1
beverages,FRANCE,Netto,Other / not mapped to a company,unresolved,1
beverages,FRANCE,Other / not mapped to a company,Capri Sun Group / Coca-Cola Europacific Partners,market_scoped,1
beverages,FRANCE,Other / not mapped to a company,Flora Food Group,direct,1
beverages,FRANCE,Other / not mapped to a company,General Mills,direct,1
beverages,FRANCE,Other / not mapped to a company,Lactalis,direct,1
snacks,SOUTHERN_EUROPE|UK_IE,Asda,Asda,direct,1
snacks,SOUTHERN_EUROPE|UK_IE,General Mills,General Mills,direct,1
snacks,SOUTHERN_EUROPE|UK_IE,Haribo,Haribo,direct,1
snacks,NORDICS|FRANCE|SOUTHERN_EUROPE|DACH,Mars,Mars,direct,1
snacks,NORDICS|FRANCE|SOUTHERN_EUROPE|DACH,Mondelēz International,Mondelēz International,direct,1
snacks,NORDICS|FRANCE|SOUTHERN_EUROPE|DACH|UK_IE,Lindt & Sprüngli,Lindt & Sprüngli,direct,1
snacks,NORDICS|FRANCE|SOUTHERN_EUROPE|UK_IE,Other / not mapped to a company,Other / not mapped to a company,unresolved,1
snacks,NORDICS|FRANCE|UK_IE,Lindt & Sprüngli,Lindt & Sprüngli,direct,1
snacks,NORDICS|FRANCE|UK_IE,Lotus Bakeries,Lotus Bakeries,direct,1
snacks,NORDICS|FRANCE|UK_IE,Mars,Mars,direct,1
snacks,NORDICS|FRANCE|UK_IE|BENELUX|US_CANADA,Mondelēz International,Mondelēz International,direct,1
snacks,NORDICS|FRANCE|US_CANADA,Mondelēz International,Mondelēz International,direct,1
snacks,NORDICS|SOUTHERN_EUROPE|UK_IE,Mars,Mars,direct,1
snacks,NORDICS|UK_IE,Froneri,Froneri,direct,1
snacks,NORDICS|UK_IE,Huel,Huel,direct,1
snacks,NORDICS|FRANCE|DACH|BENELUX,Other / not mapped to a company,Other / not mapped to a company,unresolved,1
cereals,US_CANADA,Tesco,Tesco,direct,1
snacks,SOUTHERN_EUROPE|UK_IE,Waitrose,Waitrose,direct,1
snacks,SOUTHERN_EUROPE|US_CANADA,Associated Wholesale Grocers,Associated Wholesale Grocers,direct,1
snacks,SOUTHERN_EUROPE|US_CANADA,Carrefour,Carrefour,direct,1
snacks,SOUTHERN_EUROPE|US_CANADA,Dia,Dia,direct,1
snacks,SOUTHERN_EUROPE|US_CANADA,Ferrero,Ferrero,direct,1
snacks,NORDICS|UK_IE,Mondelēz International,Mondelēz International,direct,1
snacks,NORDICS|UK_IE,Other / not mapped to a company,Lidl,direct,1
snacks,NORDICS|UK_IE|US_CANADA,Other / not mapped to a company,Other / not mapped to a company,unresolved,1
snacks,NORDICS|US_CANADA,Mars,Other / not mapped to a company,unresolved,1
snacks,NORDICS|US_CANADA,Other / not mapped to a company,Manual review / complex ownership,manual_review,1
snacks,NORDICS|US_CANADA,Other / not mapped to a company,pladis,direct,1
snacks,SOUTHERN_EUROPE|DACH|UK_IE,Lindt & Sprüngli,Other / not mapped to a company,unresolved,1
snacks,SOUTHERN_EUROPE|DACH|UK_IE,Other / not mapped to a company,Other / not mapped to a company,unresolved,1
snacks,SOUTHERN_EUROPE|DACH|US_CANADA,PepsiCo,PepsiCo,direct,1
snacks,SOUTHERN_EUROPE|UK_IE,Aldi,Aldi,direct,1
beverages,FRANCE|SOUTHERN_EUROPE|DACH,Suntory Beverage & Food,Suntory Beverage & Food,market_scoped,1
beverages,FRANCE|SOUTHERN_EUROPE|DACH,The Coca-Cola Company,Nestlé,direct,1
snacks,SOUTHERN_EUROPE|UK_IE,Lindt & Sprüngli,Other / not mapped to a company,unresolved,1
snacks,SOUTHERN_EUROPE|UK_IE,Lotus Bakeries,Lotus Bakeries,direct,1
snacks,SOUTHERN_EUROPE|UK_IE,Mars,Mars,direct,1
snacks,SOUTHERN_EUROPE|UK_IE,Mondelēz International,Mondelēz International,direct,1
snacks,SOUTHERN_EUROPE|UK_IE,Morrisons,Morrisons,direct,1
dairies,BENELUX|DACH|UK_IE,Other / not mapped to a company,Bel Group,direct,1
dairies,BENELUX|DACH|US_CANADA,FrieslandCampina,FrieslandCampina,direct,1
dairies,BENELUX|DACH|US_CANADA,Other / not mapped to a company,Other / not mapped to a company,unresolved,1
cereals,FRANCE|SOUTHERN_EUROPE,Intermarché,Intermarché,direct,1
cereals,FRANCE|SOUTHERN_EUROPE,Mars,Other / not mapped to a company,unresolved,1
cereals,FRANCE|SOUTHERN_EUROPE,Mondelēz International,Mondelēz International,direct,1
cereals,US_CANADA,Other / not mapped to a company,General Mills,direct,1
cereals,US_CANADA,Other / not mapped to a company,General Mills,market_scoped,1
cereals,US_CANADA,Sainsbury's,Sainsbury's,direct,1
beverages,FRANCE|SOUTHERN_EUROPE|BENELUX|NORDICS|DACH|UK_IE,Other / not mapped to a company,Other / not mapped to a company,unresolved,1
beverages,FRANCE|SOUTHERN_EUROPE|BENELUX|UK_IE,Other / not mapped to a company,Other / not mapped to a company,unresolved,1
beverages,FRANCE|SOUTHERN_EUROPE|BENELUX|US_CANADA,Other / not mapped to a company,Other / not mapped to a company,unresolved,1
cereals,US_CANADA|FRANCE,Manual review / complex ownership,Other / not mapped to a company,unresolved,1
cereals,US_CANADA|FRANCE,Other / not mapped to a company,PepsiCo,direct,1
cereals,US_CANADA|FRANCE,Post Holdings,Post Holdings,direct,1
cereals,US_CANADA|FRANCE|DACH,Manual review / complex ownership,Manual review / complex ownership,manual_review,1
beverages,FRANCE,Priméal,Priméal,direct,1
cereals,US_CANADA,Lotus Bakeries,Lotus Bakeries,direct,1
cereals,US_CANADA,Manual review / complex ownership,Manual review / complex ownership,manual_review,1
cereals,US_CANADA,Other / not mapped to a company,Ferrero,direct,1
cereals,FRANCE|NORDICS,Nestlé,Other / not mapped to a company,unresolved,1
beverages,FRANCE|SOUTHERN_EUROPE|DACH,Manual review / complex ownership,Manual review / complex ownership,manual_review,1
beverages,FRANCE|SOUTHERN_EUROPE|DACH,Other / not mapped to a company,Nestlé,direct,1
beverages,FRANCE|SOUTHERN_EUROPE|DACH,Other / not mapped to a company,The Coca-Cola Company,direct,1
beverages,FRANCE|SOUTHERN_EUROPE|DACH,PepsiCo,PepsiCo,direct,1
cereals,FRANCE|SOUTHERN_EUROPE,Other / not mapped to a company,PepsiCo,direct,1
cereals,FRANCE|SOUTHERN_EUROPE|BENELUX|DACH,Mars,Mars,market_scoped,1
snacks,UK_IE,Marks & Spencer,pladis,direct,1
snacks,UK_IE,Netto,Netto,direct,1
snacks,SOUTHERN_EUROPE|US_CANADA,Other / not mapped to a company,Mondelēz International,direct,1
beverages,BENELUX|FRANCE|DACH|SOUTHERN_EUROPE,Other / not mapped to a company,Nestlé,direct,1
beverages,BENELUX|FRANCE|DACH|SOUTHERN_EUROPE|NORDICS,The Coca-Cola Company,The Coca-Cola Company,direct,1
beverages,BENELUX|FRANCE|DACH|SOUTHERN_EUROPE|NORDICS|UK_IE,Danone,Danone,direct,1
beverages,BENELUX|FRANCE|DACH|SOUTHERN_EUROPE|UK_IE,Danone,Danone,direct,1
beverages,BENELUX|FRANCE|DACH|SOUTHERN_EUROPE|UK_IE,The Coca-Cola Company,The Coca-Cola Company,direct,1
beverages,BENELUX|FRANCE|DACH|SOUTHERN_EUROPE|UK_IE|US_CANADA,Other / not mapped to a company,Other / not mapped to a company,unresolved,1
beverages,BENELUX|FRANCE|DACH|SOUTHERN_EUROPE|UK_IE|US_CANADA,The Coca-Cola Company,The Coca-Cola Company,direct,1
beverages,BENELUX|FRANCE|DACH|UK_IE,Ecotone,Ecotone,direct,1
snacks,SOUTHERN_EUROPE|US_CANADA,The Hershey Company,The Hershey Company,direct,1
snacks,SOUTHERN_EUROPE|US_CANADA,Lidl,Lidl,direct,1
beverages,FRANCE|DACH|SOUTHERN_EUROPE|US_CANADA,Nestlé,Nestlé,direct,1
snacks,SOUTHERN_EUROPE|US_CANADA,pladis,pladis,direct,1
snacks,UK_IE,Ahold Delhaize,Ahold Delhaize,direct,1
snacks,UK_IE,Ahold Delhaize,Other / not mapped to a company,unresolved,1
snacks,UK_IE,Carrefour,Carrefour,direct,1
snacks,UK_IE,FrieslandCampina,FrieslandCampina,direct,1
snacks,UK_IE,Froneri,Froneri,direct,1
snacks,UK_IE,Haribo,Other / not mapped to a company,unresolved,1
snacks,UK_IE,Kraft Heinz,Kraft Heinz,direct,1
cereals,FRANCE|SOUTHERN_EUROPE,Coop,Coop,direct,1
cereals,FRANCE|SOUTHERN_EUROPE,Ecotone,Ecotone,direct,1
cereals,FRANCE|SOUTHERN_EUROPE,Hema,Hema,direct,1
cereals,US_CANADA,Chobani,Chobani,direct,1
beverages,FRANCE,Other / not mapped to a company,The Hershey Company,direct,1
cereals,FRANCE|SOUTHERN_EUROPE,Nestlé,Other / not mapped to a company,unresolved,1
cereals,FRANCE|SOUTHERN_EUROPE,Other / not mapped to a company,Carrefour,direct,1
cereals,FRANCE|SOUTHERN_EUROPE,Other / not mapped to a company,Mars,market_scoped,1
beverages,BENELUX|FRANCE|DACH,Unilever Foods,Unilever Foods,direct,1
beverages,BENELUX|FRANCE|DACH|NORDICS,Lidl,Lidl,direct,1
beverages,BENELUX|FRANCE|DACH|NORDICS|SOUTHERN_EUROPE,Other / not mapped to a company,Other / not mapped to a company,unresolved,1
snacks,UK_IE,St Michel,St Michel,direct,1
snacks,UK_IE,Other / not mapped to a company,Lotus Bakeries,direct,1
beverages,FRANCE|SOUTHERN_EUROPE,PepsiCo,PepsiCo,market_scoped,1
beverages,FRANCE|DACH|SOUTHERN_EUROPE,Lindt & Sprüngli,Lindt & Sprüngli,direct,1
beverages,FRANCE|DACH|SOUTHERN_EUROPE,Manual review / complex ownership,Manual review / complex ownership,manual_review,1
beverages,FRANCE|DACH|SOUTHERN_EUROPE,PepsiCo,PepsiCo,direct,1
beverages,FRANCE|DACH|SOUTHERN_EUROPE,Suntory Beverage & Food,Suntory Beverage & Food,market_scoped,1
beverages,FRANCE|DACH|SOUTHERN_EUROPE|BENELUX,Other / not mapped to a company,Other / not mapped to a company,unresolved,1
beverages,FRANCE|DACH|SOUTHERN_EUROPE|BENELUX|NORDICS|UK_IE,Other / not mapped to a company,Other / not mapped to a company,unresolved,1
beverages,FRANCE|DACH|SOUTHERN_EUROPE|UK_IE,Lidl,Lidl,direct,1
snacks,UK_IE,Other / not mapped to a company,Marks & Spencer,direct,1
snacks,UK_IE,Other / not mapped to a company,Mars,direct,1
snacks,SOUTHERN_EUROPE|US_CANADA,Walmart / Great Value,Walmart / Great Value,direct,1
snacks,UK_IE,Other / not mapped to a company,Nestlé,direct,1
beverages,BENELUX|FRANCE|DACH,Other / not mapped to a company,Danone,direct,1
beverages,BENELUX|FRANCE|DACH,Other / not mapped to a company,Nestlé,direct,1
beverages,BENELUX|FRANCE|DACH,Other / not mapped to a company,The Coca-Cola Company,direct,1
beverages,BENELUX|FRANCE|DACH,Other / not mapped to a company,Tropicana Brands Group,direct,1
cereals,FRANCE|SOUTHERN_EUROPE|DACH,Auchan,Auchan,direct,1
cereals,FRANCE|SOUTHERN_EUROPE|DACH,PepsiCo,PepsiCo,direct,1
cereals,FRANCE|SOUTHERN_EUROPE|DACH,Post Holdings,Post Holdings,direct,1
cereals,FRANCE|SOUTHERN_EUROPE|DACH|UK_IE,Mars,Mars,market_scoped,1
cereals,FRANCE|SOUTHERN_EUROPE|DACH|UK_IE,Other / not mapped to a company,Other / not mapped to a company,unresolved,1
cereals,FRANCE|SOUTHERN_EUROPE|UK_IE,Dia,Dia,direct,1
cereals,FRANCE|SOUTHERN_EUROPE|UK_IE,Sainsbury's,Sainsbury's,direct,1
cereals,FRANCE|SOUTHERN_EUROPE|US_CANADA,General Mills,General Mills,direct,1
cereals,FRANCE|SOUTHERN_EUROPE|US_CANADA,PepsiCo,PepsiCo,direct,1
cereals,FRANCE|SOUTHERN_EUROPE|US_CANADA,Trader Joe's,Trader Joe's,direct,1
cereals,FRANCE|UK_IE,Cereal Partners Worldwide,Cereal Partners Worldwide,market_scoped,1
snacks,UK_IE|US_CANADA,Trader Joe's,Trader Joe's,direct,1
snacks,UK_IE,The Coca-Cola Company,The Coca-Cola Company,direct,1
snacks,UK_IE,Tipiak,Tipiak,direct,1
beverages,FRANCE|SOUTHERN_EUROPE,Léa Nature,Léa Nature,direct,1
beverages,FRANCE|SOUTHERN_EUROPE,Manual review / complex ownership,Nestlé,direct,1
beverages,FRANCE|SOUTHERN_EUROPE,Mondelēz International,Mondelēz International,market_scoped,1
beverages,FRANCE|SOUTHERN_EUROPE,Mondelēz International,Other / not mapped to a company,unresolved,1
beverages,FRANCE|SOUTHERN_EUROPE,Nestlé,Other / not mapped to a company,unresolved,1
beverages,FRANCE|SOUTHERN_EUROPE,Other / not mapped to a company,Monster Beverage Corp,market_scoped,1
beverages,FRANCE|SOUTHERN_EUROPE,Other / not mapped to a company,PepsiCo,direct,1
beverages,FRANCE|SOUTHERN_EUROPE,Other / not mapped to a company,The Coca-Cola Company,direct,1
beverages,FRANCE|SOUTHERN_EUROPE,Otsuka / Nutrition & Santé,Otsuka / Nutrition & Santé,direct,1
snacks,UK_IE,Walmart / Great Value,Walmart / Great Value,direct,1
snacks,UK_IE|DACH,Other / not mapped to a company,Other / not mapped to a company,unresolved,1
snacks,UK_IE|DACH|US_CANADA,Other / not mapped to a company,Other / not mapped to a company,unresolved,1
snacks,UK_IE,Other / not mapped to a company,Mondelēz International,market_scoped,1
cereals,UK_IE,Other / not mapped to a company,Mars,market_scoped,1
cereals,UK_IE,Other / not mapped to a company,The Coca-Cola Company,direct,1
cereals,UK_IE,The Coca-Cola Company,The Coca-Cola Company,direct,1
beverages,FRANCE|SOUTHERN_EUROPE,Franprix,Franprix,direct,1
beverages,FRANCE|SOUTHERN_EUROPE,Leader Price,Leader Price,direct,1
beverages,FRANCE|SOUTHERN_EUROPE,Leclerc,Leclerc,direct,1
snacks,UK_IE|US_CANADA,Aldi,Aldi,direct,1
snacks,UK_IE|US_CANADA,General Mills,General Mills,direct,1
snacks,UK_IE|US_CANADA,Lidl,Lidl,direct,1
snacks,UK_IE|US_CANADA,Lindt & Sprüngli,Lindt & Sprüngli,direct,1
snacks,UK_IE|US_CANADA,Manual review / complex ownership,Other / not mapped to a company,unresolved,1
snacks,UK_IE|US_CANADA,Mondelēz International,Manual review / complex ownership,manual_review,1
snacks,UK_IE|US_CANADA,Mondelēz International,Other / not mapped to a company,unresolved,1
snacks,UK_IE|US_CANADA,Nestlé,Nestlé,direct,1
snacks,UK_IE|US_CANADA,Nestlé,Other / not mapped to a company,unresolved,1
snacks,UK_IE|US_CANADA,PepsiCo,Other / not mapped to a company,unresolved,1
snacks,UK_IE|US_CANADA,Waitrose,Other / not mapped to a company,unresolved,1
snacks,UK_IE|US_CANADA,Waitrose,Waitrose,direct,1
snacks,UK_IE|US_CANADA,Walmart / Great Value,Walmart / Great Value,direct,1
snacks,US_CANADA,Andros,Andros,direct,1
beverages,FRANCE|NORDICS|SOUTHERN_EUROPE|DACH,Other / not mapped to a company,Other / not mapped to a company,unresolved,1
beverages,FRANCE|NORDICS|SOUTHERN_EUROPE|US_CANADA,The Coca-Cola Company,The Coca-Cola Company,direct,1
beverages,FRANCE|NORDICS|UK_IE,LIPTON Teas and Infusions / Ekaterra,LIPTON Teas and Infusions / Ekaterra,recently_sold_or_spun_off,1
beverages,FRANCE|SOUTHERN_EUROPE,Capri Sun Group / Coca-Cola Europacific Partners,Capri Sun Group / Coca-Cola Europacific Partners,market_scoped,1
beverages,FRANCE|SOUTHERN_EUROPE,Ecotone,Ecotone,direct,1
cereals,FRANCE|UK_IE,Coop,Coop,direct,1
cereals,FRANCE|UK_IE,Lotus Bakeries,Lotus Bakeries,direct,1
cereals,UK_IE|US_CANADA,Morrisons,Morrisons,direct,1
cereals,UK_IE|US_CANADA,Trader Joe's,Trader Joe's,direct,1
cereals,US_CANADA,Ahold Delhaize,Other / not mapped to a company,unresolved,1
beverages,FRANCE,The Hershey Company,The Hershey Company,direct,1
cereals,UK_IE,Nestlé,Nestlé,market_scoped,1
cereals,SOUTHERN_EUROPE|US_CANADA,Aldi,Aldi,direct,1
cereals,UK_IE,Danone,Danone,direct,1
cereals,UK_IE,General Mills,General Mills,direct,1
beverages,FRANCE|NORDICS,Danone,Danone,direct,1
beverages,FRANCE|NORDICS,LIPTON Teas and Infusions / Ekaterra,LIPTON Teas and Infusions / Ekaterra,recently_sold_or_spun_off,1
beverages,FRANCE|NORDICS,Nestlé,Nestlé,direct,1
beverages,FRANCE|NORDICS,Other / not mapped to a company,Nestlé,direct,1
beverages,FRANCE|NORDICS,PepsiCo,PepsiCo,direct,1
snacks,US_CANADA,Barilla,Barilla,direct,1
beverages,BENELUX|FRANCE,Unilever Foods,Unilever Foods,direct,1
beverages,BENELUX|FRANCE,pladis,Mondelēz International,direct,1
beverages,BENELUX|FRANCE|DACH,Auchan,Auchan,direct,1
beverages,BENELUX|FRANCE|DACH,Carrefour,Carrefour,direct,1
beverages,BENELUX|FRANCE|DACH,Lidl,Other / not mapped to a company,unresolved,1
beverages,BENELUX|FRANCE|DACH,Nestlé,Other / not mapped to a company,unresolved,1
beverages,BENELUX|FRANCE|DACH,Other / not mapped to a company,Capri Sun Group / Coca-Cola Europacific Partners,market_scoped,1
snacks,US_CANADA,Haribo,Other / not mapped to a company,unresolved,1
snacks,US_CANADA,Keurig Dr Pepper,Keurig Dr Pepper,market_scoped,1
snacks,US_CANADA,Kraft Heinz,Other / not mapped to a company,unresolved,1
beverages,FRANCE|DACH|US_CANADA,Manual review / complex ownership,Manual review / complex ownership,manual_review,1
beverages,FRANCE|DACH|US_CANADA,Other / not mapped to a company,Nestlé,direct,1
beverages,FRANCE|DACH|US_CANADA,PepsiCo,PepsiCo,direct,1
beverages,FRANCE|DACH|US_CANADA,The Hershey Company,The Hershey Company,direct,1
cereals,UK_IE,Trader Joe's,Trader Joe's,direct,1
cereals,UK_IE|SOUTHERN_EUROPE,Nestlé,Nestlé,direct,1
cereals,UK_IE|SOUTHERN_EUROPE,Post Holdings,Post Holdings,direct,1
cereals,UK_IE|US_CANADA,General Mills,General Mills,direct,1
cereals,UK_IE|US_CANADA,Lidl,Lidl,direct,1
cereals,FRANCE|UK_IE|SOUTHERN_EUROPE,Post Holdings,Post Holdings,direct,1
cereals,FRANCE|UK_IE|US_CANADA,PepsiCo,PepsiCo,direct,1
cereals,SOUTHERN_EUROPE|UK_IE,Post Holdings,Post Holdings,direct,1
cereals,SOUTHERN_EUROPE|UK_IE,Sainsbury's,Sainsbury's,direct,1
beverages,FRANCE|DACH|UK_IE,Other / not mapped to a company,Nestlé,direct,1
beverages,FRANCE|DACH|UK_IE,PepsiCo,PepsiCo,direct,1
beverages,FRANCE|DACH|UK_IE,PepsiCo,PepsiCo,market_scoped,1
beverages,FRANCE|NORDICS|DACH,Other / not mapped to a company,Other / not mapped to a company,unresolved,1
beverages,FRANCE|NORDICS|SOUTHERN_EUROPE,Nestlé,Nestlé,direct,1
beverages,FRANCE|NORDICS|SOUTHERN_EUROPE,Other / not mapped to a company,Other / not mapped to a company,unresolved,1
snacks,US_CANADA,Kroger,Other / not mapped to a company,unresolved,1
snacks,US_CANADA,Lactalis,Other / not mapped to a company,unresolved,1
snacks,US_CANADA,Leader Price,Leader Price,direct,1
snacks,US_CANADA,Manual review / complex ownership,E.Leclerc,direct,1
snacks,US_CANADA,Marks & Spencer,Marks & Spencer,direct,1
snacks,US_CANADA,Morrisons,Morrisons,direct,1
snacks,US_CANADA,Nestlé,Ferrero,direct,1
snacks,US_CANADA,Nestlé,Nestlé,market_scoped,1
snacks,US_CANADA,Other / not mapped to a company,Bel Group,direct,1
snacks,US_CANADA,Other / not mapped to a company,Grupo Bimbo,direct,1
beverages,BENELUX|FRANCE,Priméal,Priméal,direct,1
cereals,UK_IE,Nestlé,Cereal Partners Worldwide,market_scoped,1
beverages,FRANCE,Saputo,Saputo,direct,1
beverages,FRANCE,Savencia,Savencia,direct,1
beverages,FRANCE,Target,Target,direct,1
cereals,NORDICS|FRANCE|SOUTHERN_EUROPE,Post Holdings,Post Holdings,direct,1
cereals,NORDICS|FRANCE|UK_IE,Other / not mapped to a company,Other / not mapped to a company,unresolved,1
cereals,NORDICS|FRANCE|UK_IE,Post Holdings,Post Holdings,direct,1
cereals,NORDICS|UK_IE,Mars,Mars,market_scoped,1
cereals,NORDICS|UK_IE,Other / not mapped to a company,Other / not mapped to a company,unresolved,1
cereals,SOUTHERN_EUROPE|UK_IE,Danone,Danone,direct,1
cereals,SOUTHERN_EUROPE|UK_IE,Lotus Bakeries,Lotus Bakeries,direct,1
cereals,SOUTHERN_EUROPE|UK_IE,Mars,Other / not mapped to a company,unresolved,1
cereals,SOUTHERN_EUROPE|UK_IE,Mondelēz International,Mondelēz International,direct,1
beverages,FRANCE|DACH|UK_IE,Manual review / complex ownership,Manual review / complex ownership,manual_review,1
beverages,FRANCE|DACH|UK_IE,Other / not mapped to a company,LIPTON Teas and Infusions / Ekaterra,recently_sold_or_spun_off,1
snacks,US_CANADA|DACH|SOUTHERN_EUROPE,PepsiCo,PepsiCo,direct,1
snacks,US_CANADA|FRANCE,Aldi,Arizona Beverages,direct,1
snacks,US_CANADA|FRANCE|DACH|SOUTHERN_EUROPE,Mondelēz International,Mondelēz International,direct,1
beverages,FRANCE|DACH|UK_IE,Tesco,Tesco,direct,1
beverages,FRANCE|DACH|UK_IE,Tropicana Brands Group,Tropicana Brands Group,direct,1
beverages,FRANCE|DACH|UK_IE|SOUTHERN_EUROPE,Other / not mapped to a company,Other / not mapped to a company,unresolved,1
beverages,FRANCE|DACH|UK_IE|US_CANADA,Other / not mapped to a company,Other / not mapped to a company,unresolved,1
beverages,FRANCE|DACH|US_CANADA,Arizona Beverages,Arizona Beverages,direct,1
beverages,FRANCE|DACH|US_CANADA,LIPTON Teas and Infusions / Ekaterra,LIPTON Teas and Infusions / Ekaterra,recently_sold_or_spun_off,1
beverages,BENELUX|FRANCE,The Coca-Cola Company,Other / not mapped to a company,unresolved,1
beverages,BENELUX|FRANCE,Tropicana Brands Group,Other / not mapped to a company,unresolved,1
snacks,US_CANADA,Picard,Picard,direct,1
snacks,US_CANADA,Savencia,Savencia,direct,1
snacks,US_CANADA,Other / not mapped to a company,Kroger,direct,1
beverages,BENELUX|FRANCE,Other / not mapped to a company,Tropicana Brands Group,direct,1
beverages,BENELUX|FRANCE,PepsiCo,Other / not mapped to a company,unresolved,1
snacks,US_CANADA|FRANCE,Arizona Beverages,Arizona Beverages,direct,1
cereals,FRANCE|US_CANADA,Ferrero,Other / not mapped to a company,unresolved,1
cereals,FRANCE|US_CANADA,Kroger,Kroger,direct,1
snacks,US_CANADA|UK_IE|SOUTHERN_EUROPE,Other / not mapped to a company,Other / not mapped to a company,unresolved,1
cereals,FRANCE|US_CANADA,Meijer,Meijer,direct,1
cereals,FRANCE|US_CANADA,Mondelēz International,Mondelēz International,direct,1
beverages,BENELUX|FRANCE,Belle France,Belle France,direct,1
cereals,FRANCE|US_CANADA,Other / not mapped to a company,Post Holdings,direct,1
cereals,FRANCE|US_CANADA,Other / not mapped to a company,Target,direct,1
beverages,BENELUX|FRANCE,Ecotone,Ecotone,direct,1
beverages,BENELUX|FRANCE,Other / not mapped to a company,Kraft Heinz,direct,1
beverages,BENELUX|FRANCE,Other / not mapped to a company,Lidl,direct,1
snacks,US_CANADA|FRANCE,Trader Joe's,Trader Joe's,direct,1
snacks,US_CANADA|UK_IE,PepsiCo,PepsiCo,direct,1
snacks,US_CANADA,Sheetz,Sheetz,direct,1
snacks,US_CANADA,St Michel,Other / not mapped to a company,unresolved,1
dairies,FRANCE|UK_IE|US_CANADA,Marks & Spencer,Marks & Spencer,direct,1
dairies,FRANCE|UK_IE|US_CANADA,Nestlé,Nestlé,direct,1
dairies,FRANCE|UK_IE|US_CANADA,Trader Joe's,Trader Joe's,direct,1
dairies,FRANCE|US_CANADA,Ahold Delhaize,Ahold Delhaize,direct,1
dairies,FRANCE|US_CANADA,Aldi,Aldi,direct,1
dairies,FRANCE|US_CANADA,Bel Group,Bel Group,direct,1
cereals,FRANCE|US_CANADA,Walmart / Great Value,Walmart / Great Value,direct,1
cereals,NORDICS|DACH|US_CANADA,Other / not mapped to a company,Other / not mapped to a company,unresolved,1
cereals,NORDICS|FRANCE,FrieslandCampina,FrieslandCampina,direct,1
cereals,NORDICS|FRANCE,Nestlé,Nestlé,direct,1
beverages,BENELUX|FRANCE,Leader Price,Leader Price,direct,1
beverages,BENELUX|FRANCE,Leclerc,Leclerc,direct,1
beverages,BENELUX|FRANCE,Nestlé,Other / not mapped to a company,unresolved,1
beverages,BENELUX|FRANCE,Other / not mapped to a company,Danone,direct,1
beverages,FRANCE|DACH|SOUTHERN_EUROPE|US_CANADA,The Coca-Cola Company,The Coca-Cola Company,direct,1
beverages,FRANCE|DACH|UK_IE,Aldi,The Coca-Cola Company,direct,1
