normalized_brand,primary_brand_db,parent_company,ownership_resolution_status,category_scope,market_scope,region_codes_include,country_or_region,brand_mapping_source,source_note,review_decision,proposed_company_from_review,current_company_from_review,review_product_count,review_note,example_product_names,example_off_brands_raw,candidate_action,ownership_resolution_status_original,status_correction_note
u,u,Système U,direct,beverages,FRANCE,FRANCE,France,layer3_review_decision_20260824,explicit_company_mapping_from_layer3_review,map to Système U,Manual review / complex ownership,Manual review / complex ownership,1953,Obvious Système U retailer/private-label brand line in France.,jus de carotte | 100% pur jus Multifruits | Multifruits 100% pur jus | Sirop Grenadine Zéro sucres | U Saveur Tropical,u | U | U | U | U,append_candidate,direct,
auchan,auchan,Auchan,direct,dairies,FRANCE,FRANCE,France,layer3_review_decision_20260824,explicit_company_mapping_from_layer3_review,map to Auchan,Manual review / complex ownership,Manual review / complex ownership,1518,Obvious Auchan retailer/private-label brand line.,"beurre doux | beurre doux | BEURRE DOUX BIO | Fromage blanc 3,2 % MG | Parmiggiano reggiano",auchan | auchan | AUCHAN | Auchan | Auchan,append_candidate,direct,
auchan,auchan,Auchan,direct,snacks,FRANCE,FRANCE,France,layer3_review_decision_20260824,explicit_company_mapping_from_layer3_review,map to Auchan,Manual review / complex ownership,Manual review / complex ownership,1380,Obvious Auchan retailer/private-label brand line.,Petit beurre | vienoiserie que varuabne | Abricotine | Galette Frangipane 8 Personnes | Paris brest,Auchan | auchan | Auchan | Auchan | Auchan,append_candidate,direct,
u,u,Système U,direct,snacks,FRANCE,FRANCE,France,layer3_review_decision_20260824,explicit_company_mapping_from_layer3_review,map to Système U,Manual review / complex ownership,Manual review / complex ownership,1341,Obvious Système U retailer/private-label brand line in France.,chocolat noir | Tuiles salée a l'huile de tournesol | DONUTS FRAISE X4 | chocolat lait | tuiles goût salé,u | U | U | U | u,append_candidate,direct,
auchan,auchan,Auchan,direct,beverages,FRANCE,FRANCE,France,layer3_review_decision_20260824,explicit_company_mapping_from_layer3_review,map to Auchan,Manual review / complex ownership,Manual review / complex ownership,1108,Obvious Auchan retailer/private-label brand line.,ORANGE SANGUINE | 100% pur jus pomme | Eau de source de montagne | Chocolat gourmand | café au lait,AUCHAN | Auchan | Auchan | Auchan | Auchan,append_candidate,direct,
u,u,Système U,direct,dairies,FRANCE,FRANCE,France,layer3_review_decision_20260824,explicit_company_mapping_from_layer3_review,map to Système U,Manual review / complex ownership,Manual review / complex ownership,956,Obvious Système U retailer/private-label brand line in France.,Lait Frais Entier | Emmental râpé | BEAUFORT AOP | Crème anglaise | grana padano,U | U | U | U | U,append_candidate,direct,
carrefour,carrefour,Carrefour,direct,dairies,FRANCE,FRANCE,France,layer3_review_decision_20260824,explicit_company_mapping_from_layer3_review,map to Carrefour,Manual review / complex ownership,Manual review / complex ownership,874,"Carrefour brand/private-label/store-format row; brand entity should stay as normalized_brand, parent_company should be Carrefour.",COMTE EXTRA | Lait de Montagne demi-écrémé | comte harmonie | Sechon Chèvre | Raclette Rich. Mont,CARREFOUR | Carrefour | carrefour | Carrefour | Carrefour,append_candidate,direct,
marque repere,marque repere,E.Leclerc,direct,beverages,FRANCE,FRANCE,France,layer3_review_decision_20260824,explicit_company_mapping_from_layer3_review,map to E.Leclerc,Manual review / complex ownership,Manual review / complex ownership,778,Marque Repère is an E.Leclerc private-label brand.,Boisson au jus d'ananas | Thé vert menthe | Grenadine | Jus de pomme à base de concentré | Orange pur jus avec pulpe,"Marque Repère, Jafaden | Marque Repère | Marque Repère | Marque Repère | Marque Repère",append_candidate,direct,
danone,danone,Danone,direct,dairies,FRANCE,FRANCE,France,layer3_review_decision_20260824,approved_proposed_company_from_layer3_review,approve proposed,Danone,Danone,766,Proposed company mapping is concrete; approve for launch.,SKYR | Cottage Cheese | Mousse au fromage blanc sur lit de fruits | Danonino | Skyr,DANONE | Danone | Danone | Danone | Danone,append_candidate,direct,
carrefour,carrefour,Carrefour,direct,snacks,FRANCE,FRANCE,France,layer3_review_decision_20260824,explicit_company_mapping_from_layer3_review,map to Carrefour,Manual review / complex ownership,Manual review / complex ownership,728,"Carrefour brand/private-label/store-format row; brand entity should stay as normalized_brand, parent_company should be Carrefour.",Madeleines moelleuses | Mini galette frangipane | Pain au chocolat | MERVEILLES saupoudrées de sucre cristal | Chouquettes,Carrefour | Carrefour | Carrefour | Carrefour | Carrefour,append_candidate,direct,
paturages,paturages,Les Mousquetaires / Intermarché,direct,dairies,FRANCE,FRANCE,France,layer3_review_decision_20260824,explicit_company_mapping_from_layer3_review,map to Les Mousquetaires / Intermarché,Manual review / complex ownership,Manual review / complex ownership,702,Pâturages is an Intermarché / Les Mousquetaires private-label dairy line.,"Raclette | emmental français rapé | Fromage frais | Flan pâtissier | Faisselle | Yaourt sucre de canne x4 naturéa | Fromage frais nature 3,2% 4x100g | Lait écrémé 0% | Creme fraiche 30% mg epaisse 20cl | YAOURT AU LAIT ENTIER POT VERRE 4X125G - saveur citron | Lait uht 1/2 ecreme bbc bt 50cl | Yaourt au lait entier saveur vanille | Liegeois caramel 4x100g | L'essentiel du yaourt + des framboise & du sucre c'est tout | Mozzarella di bufala aop bio 125g | Fromage Le Carré tendre & fondant","Pâturages | paturages | Pâturages | pâturages | Pâturages | Intermarché, Pâturages | Intermarché, Pâturages | Intermarché, Pâturages | Intermarché,Paturages,Printiligne | Intermarché, Paturages | Paturages (Intermarché), Pâturages | Paturages (Intermarché), Pâturages | Paturages (Intermarché), Pâturages | Paturages (Intermarché), Pâturages | Paturages (Intermarché), Pâturages | Intermarché Pâturages, Paturages | Leader Price, Intermarché, Pâturages",append_candidate,direct,
casino,casino,Groupe Casino,direct,dairies,FRANCE,FRANCE,France,layer3_review_decision_20260824,explicit_company_mapping_from_layer3_review,map to Groupe Casino,Manual review / complex ownership,Manual review / complex ownership,634,Obvious Casino retailer/private-label brand line.,Comté extra 16/21 mois | Emmental français | Emmental Français Est-Central Grand Cru | Emmental bio | Emmental bio,"Casino | Casino | Casino | Casino, Casino Bio | Casino",append_candidate,direct,
casino,casino,Groupe Casino,direct,beverages,FRANCE,FRANCE,France,layer3_review_decision_20260824,explicit_company_mapping_from_layer3_review,map to Groupe Casino,Manual review / complex ownership,Manual review / complex ownership,607,Obvious Casino retailer/private-label brand line.,Nectar orange | thé vert sencha | 100% pur jus Orange Sanguine de Sicile pressé | jus d Orange | Jus de pomme,"casino | Casino, casino bio | Casino | casino | Casino",append_candidate,direct,
casino,casino,Groupe Casino,direct,snacks,FRANCE,FRANCE,France,layer3_review_decision_20260824,explicit_company_mapping_from_layer3_review,map to Groupe Casino,Manual review / complex ownership,Manual review / complex ownership,596,Obvious Casino retailer/private-label brand line.,Panettone aux raisin secs et aux écorces d orange confit | p'tits biscuits fourrage au lait bio | Cookies tout chocolat | Brownie familial | Crackers salés Casino,Casino | casino | Casino | Casino | Casino,append_candidate,direct,
monoprix,monoprix,Monoprix,direct,dairies,FRANCE,FRANCE,France,layer3_review_decision_20260824,explicit_company_mapping_from_layer3_review,map to Monoprix,Manual review / complex ownership,Manual review / complex ownership,547,Obvious Monoprix retailer/private-label brand line.,Cantal | Cantal | Cantal | Cantal | Cantal,Monoprix | Monoprix | Monoprix | Monoprix | Monoprix,append_candidate,direct,
marque repere,marque repere,E.Leclerc,direct,snacks,FRANCE,FRANCE,France,layer3_review_decision_20260824,explicit_company_mapping_from_layer3_review,map to E.Leclerc,Manual review / complex ownership,Manual review / complex ownership,510,Marque Repère is an E.Leclerc private-label brand.,Ecuador | Noir extra | Chocours | Apéro roulés | Equador noir Extra 85% cacao,Marque Repère | Marque Repère | Marque Repère | Marque Repère | Marque Repère,append_candidate,direct,
leclerc,leclerc,E.Leclerc,direct,snacks,FRANCE,FRANCE,France,layer3_review_decision_20260824,explicit_company_mapping_from_layer3_review,map to E.Leclerc,Manual review / complex ownership,Manual review / complex ownership,464,Obvious E.Leclerc retailer/private-label brand line.,Mille feuille | Flan nature | Biscuits Vital au son d'avoine et canneberges | Biscuits Vital (chocolat 70%) | Biscuits Praeventia (chocolat),Leclerc | Leclerc | Leclerc | Leclerc | Leclerc,append_candidate,direct,
carrefour,carrefour,Carrefour,direct,beverages,FRANCE,FRANCE,France,layer3_review_decision_20260824,explicit_company_mapping_from_layer3_review,map to Carrefour,Manual review / complex ownership,Manual review / complex ownership,441,"Carrefour brand/private-label/store-format row; brand entity should stay as normalized_brand, parent_company should be Carrefour.",Eau de source de montagne | Multifruits | chicorée café | Fresh tonicité | pur jus d'orange,Carrefour | Carrefour | carrefour | Carrefour | Carrefour,append_candidate,direct,
lindt,lindt,Lindt & Sprüngli,direct,snacks,FRANCE,FRANCE,France,layer3_review_decision_20260824,explicit_company_mapping_from_layer3_review,map to Lindt & Sprüngli,Manual review / complex ownership,Manual review / complex ownership,417,Known Lindt brand / line.,Chocolat noir extra fin aux graines de sésame | Les Grandes 34% noisettes | Barre De Chocolat (extra Crémeux) | Lindt Excellence coconut | Lindt Swiss Thins | Ganache framboise,"Lindt | Lindt | Lindt | Lindt | Lindt | LINDT ET SPRÜNGLI, Lindt, Lindt Création",append_candidate,direct,
Lay's,lay's,PepsiCo,direct,snacks,US_CANADA,US_CANADA,United States,layer3_review_decision_20260824,explicit_company_mapping_from_layer3_review,map to PepsiCo,Other / not mapped to a company,Other / not mapped to a company,410,Known PepsiCo brand / regional alias missing from proposed mapping.,"Sour Cream & Onion Potato Chips | Barbecue Flavored Potato Chips, Barbecue | Sour Cream & Onion Flavored Potato Chips, Sour Cream & Onion | BARBECUE FLAVORED POTATO CHIPS | Cheddar & Sour Cream Flavored Potato Chips, Cheddar & Sour Cream | Lay's Sea Salted Thick Cut Potato Chips | Lightly Salted Chips | Potato chips","Lay's | LAY'S | LAY'S | Lay's | LAY'S | Lay's,frito-lay,pepsico | Lay's,frito-lay,pepsico | Fritolay, Lay's",append_candidate,direct,
e.leclerc,e.leclerc,E.Leclerc,direct,snacks,FRANCE,FRANCE,France,layer3_review_decision_20260824,explicit_company_mapping_from_layer3_review,map to E.Leclerc,Manual review / complex ownership,Manual review / complex ownership,409,Obvious E.Leclerc retailer/private-label brand line.,"Pain chocolat | Brioche des rois | Chaussons aux pommes | 5 pains au chocolat beurre, les 3 meniers",E.Leclerc | E.Leclerc | E.Leclerc | E.Leclerc | E.Leclerc,append_candidate,direct,
Reflets de France,reflets de france,Carrefour,direct,dairies,FRANCE,FRANCE,France,layer3_review_decision_20260824,explicit_company_mapping_from_layer3_review,map to Carrefour,Manual review / complex ownership,Manual review / complex ownership,388,"Carrefour brand/private-label/store-format row; brand entity should stay as normalized_brand, parent_company should be Carrefour.",Tomette de brebis | Brie de Meaux AOP | COMTE RDF | Reblochon | Reblochon | Crottin de Touraine | Pont - l'Evêque AOP | Chabichou | Chaource AOP | Crème fraîche d'Isigny AOP,"Reflets de France | Reflets de France | Reflets de France | Reflets de France | Reflets de France | Carrefour,Reflets de France | Carrefour, Reflets de France | Carrefour,Interdis,Reflets de France | Carrefour, Reflets de France | Carrefour, Reflets de France",append_candidate,direct,
président,président,Lactalis,direct,dairies,FRANCE,FRANCE,France,layer3_review_decision_20260824,explicit_company_mapping_from_layer3_review,map to Lactalis,Manual review / complex ownership,Manual review / complex ownership,355,Known Lactalis brand.,beurre doux | Chevres chauds | Cancoillote | Crème de camembert | Beurre doux La Motte,président | President | Président | President | President,append_candidate,direct,
carrefour,carrefour,Carrefour,direct,beverages,FRANCE|SOUTHERN_EUROPE,FRANCE|SOUTHERN_EUROPE,France,layer3_review_decision_20260824,explicit_company_mapping_from_layer3_review,map to Carrefour,Manual review / complex ownership,Manual review / complex ownership,350,"Carrefour brand/private-label/store-format row; brand entity should stay as normalized_brand, parent_company should be Carrefour.",NECTAR partiellement à base de concentrés MULTIFRUITS | Decaffeinato | Limonade zero* | 100% pur jus jus d'orange sans pulpe | MANZANA Liqueur saveur pomme,Carrefour | Carrefour | Carrefour | Carrefour | Carrefour,append_candidate,direct,
Lay's,lay's,PepsiCo,direct,snacks,FRANCE,FRANCE,France,layer3_review_decision_20260824,explicit_company_mapping_from_layer3_review,map to PepsiCo,Other / not mapped to a company,Other / not mapped to a company,343,Known PepsiCo brand / regional alias missing from proposed mapping.,Chips tomate paprika | Chips (paysanne nature) | Stax salted | Chips Saveur Barbecue | Chips méditerranéennes | Laus nature | Lay's Recette à l'ancienne nature | Chips nature | Moutarde Pickles | Dégustation Goût & Craquant d'Exception,"Lay's | Lay's | Lay's | Lays | Lay's | Lay's, Lays, PepsiCo | Lay's, Lays, PepsiCo | Lay's, Pepsico | Lay's, PepsiCo | Lay's, PepsiCo",append_candidate,direct,
carrefour,carrefour,Carrefour,direct,snacks,FRANCE|SOUTHERN_EUROPE,FRANCE|SOUTHERN_EUROPE,France,layer3_review_decision_20260824,explicit_company_mapping_from_layer3_review,map to Carrefour,Manual review / complex ownership,Manual review / complex ownership,342,"Carrefour brand/private-label/store-format row; brand entity should stay as normalized_brand, parent_company should be Carrefour.","barrette ai cereali | Biscuits cuillers | P'tit Déj Pépites de chocolat | P'tit déj Saveur - Smaak Apricot, almonds & chocolate chips* | Blanc coco caramelisée",Carrefour | Carrefour | Carrefour | Carrefour | Carrefour,append_candidate,direct,
monoprix,monoprix,Monoprix,direct,snacks,FRANCE,FRANCE,France,layer3_review_decision_20260824,explicit_company_mapping_from_layer3_review,map to Monoprix,Manual review / complex ownership,Manual review / complex ownership,333,Obvious Monoprix retailer/private-label brand line.,Smoothie - Rebelle - True fruits | Gaufrettes fourrées saveur vanille | Gaufrettes Fourrées Praliné | Gaufrettes Enrobées Chocolat | Torsades Pur Beurre feuilletées et dorées,Monoprix | Monoprix | Monoprix | Monoprix | Monoprix,append_candidate,direct,
Coca-Cola,coca-cola,The Coca-Cola Company,direct,beverages,FRANCE,FRANCE,France,layer3_review_decision_20260824,explicit_company_mapping_from_layer3_review,map to The Coca-Cola Company,Manual review / complex ownership,Manual review / complex ownership,329,Known Coca-Cola system brand; route to The Coca-Cola Company at company layer.,Coca cola | Vanilla Zero | Aluminum bottles | Coca-Cola zéro orange&vanilla | Cherry Vanilla,"Coca-Cola | Coca-Cola, Coke | Coca-Cola | Coca-Cola, Coke | Coca-Cola",append_candidate,direct,
wegmans,wegmans,Wegmans,direct,snacks,US_CANADA,US_CANADA,United States,layer3_review_decision_20260824,explicit_company_mapping_from_layer3_review,map to Wegmans,Manual review / complex ownership,Manual review / complex ownership,290,Obvious Wegmans retailer/private-label / corporate brand line.,"Dark Chocolate | Buffalo Style Flavored Sourdough Pretzels, Buffalo Style | Honey Mustard Flavored Sourdough Pretzels Pieces, Honey Mustard | Brown Sugar Cinnamon Flavored Sourdough Pretzel Pieces, Brown Sugar Cinnamon | Original Natural Smoke Beef Jerky, Original Beef",Wegmans | Wegmans | Wegmans | Wegmans | Wegmans,append_candidate,direct,
marque repere,marque repere,E.Leclerc,direct,dairies,FRANCE,FRANCE,France,layer3_review_decision_20260824,explicit_company_mapping_from_layer3_review,map to E.Leclerc,Manual review / complex ownership,Manual review / complex ownership,285,Marque Repère is an E.Leclerc private-label brand.,Fromage de chèvre | Creme legere | Chevre Frais | coeur de crème | Fromage blanc,"Marque Repère, Leclerc, Les Croisés | Marque Repère | Marque Repère, Les Croisés | Marque Repère, E.Leclerc, les croisés | Marque Repère",append_candidate,direct,
Activia,activia,Danone,direct,dairies,FRANCE,FRANCE,France,layer3_review_decision_20260824,explicit_company_mapping_from_layer3_review,map to Danone,Manual review / complex ownership,Manual review / complex ownership,273,Known Danone brand / brand line missing from proposed company mapping.,"activia fruits mixés | Activia So Délicat Pointe de Citron Vert | Yaourt Activia au bifidus | Activia Recette au fromage blanc (2,9 % MG) Saveur Vanille | Activia Céréales | Lowfat Yogurt with prune | Activia Mix&Go Muesli Amandes Quinoa Graines de Chia | Mix & go | activia mix&go","Activia, Danone | Activia, Danone | Activia, danone | Activia, Danone | Activia, Danone | Activia | activia | Activia | Activia | Activia",append_candidate,direct,
monoprix,monoprix,Monoprix,direct,beverages,FRANCE,FRANCE,France,layer3_review_decision_20260824,explicit_company_mapping_from_layer3_review,map to Monoprix,Manual review / complex ownership,Manual review / complex ownership,256,Obvious Monoprix retailer/private-label brand line.,"Smoothie banane framboise | Café soluble tradition | Café soluble | Vieux calvados du pays d'Auge , élevé en fût de chêne | Rhum Ambré","Monoprix | Monoprix | Monoprix | Monoprix | Monoprix, Sequana",append_candidate,direct,
leclerc,leclerc,E.Leclerc,direct,dairies,FRANCE,FRANCE,France,layer3_review_decision_20260824,explicit_company_mapping_from_layer3_review,map to E.Leclerc,Manual review / complex ownership,Manual review / complex ownership,249,Obvious E.Leclerc retailer/private-label brand line.,Cantal Vieux AOP | Brillat savarin | Emmental longe lait cru | Emmental longe lait cru | Lingot d'or,"Leclerc, traditions terroirs | Leclerc | Leclerc | Leclerc | Leclerc",append_candidate,direct,
lidl,lidl,Lidl,direct,snacks,FRANCE,FRANCE,France,layer3_review_decision_20260824,explicit_company_mapping_from_layer3_review,map to Lidl,Manual review / complex ownership,Manual review / complex ownership,244,Obvious Lidl retailer/private-label brand line.,maître jean pierre chinois | Macarons foie de canard et figue | Bio chocolat noir | ma tablette a partager | Chips a la truffe d'ete,LiDL | Lidl | Lidl | lidl | Lidl,append_candidate,direct,
tesco,tesco,Tesco,direct,snacks,UK_IE,UK_IE,United Kingdom,layer3_review_decision_20260824,explicit_company_mapping_from_layer3_review,map to Tesco,Manual review / complex ownership,Manual review / complex ownership,240,Obvious Tesco retailer/private-label brand line.,All butter shortbread fingers | Salt & Pepper crackers | 4 Blueberry Muffins | Rich tea biscuits,Tesco | Tesco | Tesco | Tesco | Tesco,append_candidate,direct,
Walkers,walkers,PepsiCo,direct,snacks,UK_IE,UK_IE,United Kingdom,layer3_review_decision_20260824,explicit_company_mapping_from_layer3_review,map to PepsiCo,Manual review / complex ownership,Manual review / complex ownership,233,Known PepsiCo brand / regional alias missing from proposed mapping.,walkers | Cheese and onion | ked e use carefully ty ingredients never fried... | Prawn cocktail | Vegan Grilled Cheese Toastie Crisps,Walkers | Walkers | Walkers | Walkers | Walkers,append_candidate,direct,
sainsburys,sainsburys,Sainsbury's,direct,dairies,UK_IE,UK_IE,United Kingdom,layer3_review_decision_20260824,explicit_company_mapping_from_layer3_review,map to Sainsbury's,Manual review / complex ownership,Manual review / complex ownership,232,Obvious Sainsbury’s retailer/private-label brand line.,natural cottage cheese | authentic greek yoghurt | 1%milk fat Low Fat Milk | low fat Blackcurrant Yogurt | Whole british milk,Sainsbury’s | Sainsbury's | Sainsbury's | Sainsbury's | Sainsbury's,append_candidate,direct,
carrefour,carrefour,Carrefour,direct,snacks,BENELUX|FRANCE,BENELUX|FRANCE,Belgium,layer3_review_decision_20260824,explicit_company_mapping_from_layer3_review,map to Carrefour,Manual review / complex ownership,Manual review / complex ownership,229,"Carrefour brand/private-label/store-format row; brand entity should stay as normalized_brand, parent_company should be Carrefour.","Barquettes | Crackers allégés, Saveur Crème Oignon | 10 pains au lait | Le Petit Beurre | Chocolat au lait","Carrefour | Carrefour,CMI (Carrefour Marchandises Internationales),Groupe Carrefour | Carrefour | Carrefour | Carrefour",append_candidate,direct,
tesco,tesco,Tesco,direct,dairies,UK_IE,UK_IE,United Kingdom,layer3_review_decision_20260824,explicit_company_mapping_from_layer3_review,map to Tesco,Manual review / complex ownership,Manual review / complex ownership,214,Obvious Tesco retailer/private-label brand line.,Fat free cottage cheese | Skimmed Milk | 0% Fat Greek Style Yogurt | 0% Fat Greek Style Yogurt | Mascarpone,Tesco | Tesco | Tesco | Tesco | Tesco,append_candidate,direct,
Gatorade,gatorade,PepsiCo,direct,beverages,US_CANADA,US_CANADA,United States,layer3_review_decision_20260824,explicit_company_mapping_from_layer3_review,map to PepsiCo,Manual review / complex ownership,Manual review / complex ownership,209,Known PepsiCo brand / regional alias missing from proposed mapping.,"Berry Zero Sugar | Grape Electrolyte Water Beverage | Gatorade Thirst Quencher Lemon Lime | Thirst quencher | Arctic blitz crisp & cool thirst quencher, arctic blitz",Gatorade | Gatorade | Gatorade | Gatorade | Gatorade,append_candidate,direct,
Doritos,doritos,PepsiCo,direct,snacks,US_CANADA,US_CANADA,United States,layer3_review_decision_20260824,explicit_company_mapping_from_layer3_review,map to PepsiCo,Manual review / complex ownership,Manual review / complex ownership,207,Known PepsiCo brand / regional alias missing from proposed mapping.,"Doritos | Flavored Tortilla Chips, Hot | Jumpin' Jack Cheese Flavored Tortilla Chips, Jumpin' Jack Cheese | Wasabi Flavored Tortilla Chips, Wasabi | Doritos Nacho Cheese | Poppin' Jalapeno Doritos","Doritos | Doritos | Doritos | Doritos | Doritos | doritos,frito-lay,pepsico",append_candidate,direct,
sainsburys,sainsburys,Sainsbury's,direct,snacks,UK_IE,UK_IE,United Kingdom,layer3_review_decision_20260824,explicit_company_mapping_from_layer3_review,map to Sainsbury's,Manual review / complex ownership,Manual review / complex ownership,199,Obvious Sainsbury’s retailer/private-label brand line.,Cream Crackers | Fruit & Nut Dark Chocolate | Fig Roll Biscuits | RICH TEA biscuits | Shorties,Sainsbury's | Sainsbury's | Sainsburys | Sainsbury's | Sainsbury’s,append_candidate,direct,
lactel,lactel,Lactalis,direct,dairies,FRANCE,FRANCE,France,layer3_review_decision_20260824,explicit_company_mapping_from_layer3_review,map to Lactalis,Manual review / complex ownership,Manual review / complex ownership,198,Known Lactalis brand.,"Matin léger | demi écrémé | Lait demi-écrémé (1,2 % MG) | Lait Entier | Lait entier lactel | Lactel max Lait Entier Uht","Lactel | lactel | Lactel | Lactel | Lactel | Lactel Max, lactel",append_candidate,direct,
carrefour,carrefour,Carrefour,direct,dairies,FRANCE|SOUTHERN_EUROPE,FRANCE|SOUTHERN_EUROPE,France,layer3_review_decision_20260824,explicit_company_mapping_from_layer3_review,map to Carrefour,Manual review / complex ownership,Manual review / complex ownership,175,"Carrefour brand/private-label/store-format row; brand entity should stay as normalized_brand, parent_company should be Carrefour.",Bifidus* nature | Mousse chocolat | Bizcocho al ron | Lait écrémé en poudre | Liégeois café,Carrefour | Carrefour | Carrefour | Carrefour | Carrefour,append_candidate,direct,
wegmans,wegmans,Wegmans,direct,dairies,US_CANADA,US_CANADA,United States,layer3_review_decision_20260824,explicit_company_mapping_from_layer3_review,map to Wegmans,Manual review / complex ownership,Manual review / complex ownership,168,Obvious Wegmans retailer/private-label / corporate brand line.,"Lite Whipped Topping | Hatch Chili Cheese Spread, Hatch Chili | Cannoli Dip With Chocolate Chips, Cannoli With Chocolate Chips | Monterey jack cheese with jalapeno peppers, pepper jack | low fat cottage cheese",Wegmans | Wegmans | Wegmans | Wegmans | Wegmans,append_candidate,direct,
Danette,danette,Danone,direct,dairies,FRANCE,FRANCE,France,layer3_review_decision_20260824,explicit_company_mapping_from_layer3_review,map to Danone,Manual review / complex ownership,Manual review / complex ownership,157,Known Danone brand / brand line missing from proposed company mapping.,"Danette saveur coco | Danette chocolat extra noir | Danette et fruits | Danette mousse liégeoise | Danette saveur vanille magix | Danette chocolat noisette végétal | Mousse au chocolat | Danette mousse vanille 60 g x 4 | Danette noir extra | Petite danette vanille, 6x70g","Danette, Danone | Danette, Danone | Danette, Danone | Danette, Danone | Danette, Danone | Danette | DANETTE | Danette | Danette | Danette",append_candidate,direct,
Schweppes,schweppes,Suntory Beverage & Food,market_scoped,beverages,FRANCE,FRANCE,France,layer3_review_decision_20260824,approved_proposed_company_from_layer3_review,approve proposed,Suntory Beverage & Food,Suntory Beverage & Food,157,Proposed company mapping is concrete; approve for launch.,Schweppes Ginger Ale | SCHWEPPES LEMON | Lemon | Tonic | Schweppes poire,Schweppes | Schweppes | Schweppes | Schweppes | schweppes,append_candidate,direct,Corrected before upsert-ready split: known complex/market-scoped or licensed brand; do not mark as plain direct.
Cadbury,cadbury,The Hershey Company,market_scoped,snacks,US_CANADA,US_CANADA,United States,layer3_review_decision_20260824,approved_proposed_company_from_layer3_review,approve proposed,The Hershey Company,The Hershey Company,152,Proposed company mapping is concrete; approve for launch. | Cadbury ownership/routing is market-sensitive; status corrected to market_scoped before launch upsert.,"Mini Milk Chocolate Caramel Eggs | Dairy Milk Chocolate | Royal Solid Dark Chocolate | Royal Dark Chocolate, Caramel & Sea Salt | ROYAL DARK DARK CHOCOLATE",Cadbury | Cadbury | Cadbury | Cadbury | Cadbury,append_candidate,direct,Corrected before upsert-ready split: known complex/market-scoped or licensed brand; do not mark as plain direct. | Cadbury ownership/routing is market-sensitive; status corrected to market_scoped before launch upsert.
Carrefour Bio,carrefour bio,Carrefour,direct,dairies,FRANCE,FRANCE,France,layer3_review_decision_20260824,explicit_company_mapping_from_layer3_review,map to Carrefour,Other / not mapped to a company,Manual review / complex ownership,152,"Carrefour brand/private-label/store-format row; brand entity should stay as normalized_brand, parent_company should be Carrefour.",Crème Dessert Vanille | Emmental français | Emmental français | Emmental au lait cru | Emmental Français | Emmental francais | Raclette Bio (27% MG) | Bifidus Nature,"Carrefour BIO | Carrefour bio | Carrefour BIO | Carrefour Bio | Carrefour BIO | Carrefour,Carrefour Bio | Carrefour,Carrefour bio | Carrefour,Carrefour Bio",append_candidate,direct,
Fanta,fanta,The Coca-Cola Company,direct,beverages,FRANCE,FRANCE,France,layer3_review_decision_20260824,explicit_company_mapping_from_layer3_review,map to The Coca-Cola Company,Manual review / complex ownership,Manual review / complex ownership,145,Known Coca-Cola system brand; route to The Coca-Cola Company at company layer.,Fanta orange | Fanta Apple | Fruit Punch | Fanta Peach | Fanta Cherry | fanta | Fanta Shokata | Fanta What The Fanta | Fanta limonata | Fanta Orange | Fanta zéro citron frappé | Fanta | Fanta Orange Zero Sugar | Fanta grape,"Fanta | Fanta | Fanta | Fanta | Fanta | Coca-Cola Company, fanta | Coca-Cola Company, Fanta | Coca-Cola Company, Fanta | Coca-Cola Company, Fanta | Fanta, Mcdonald's, The Coca Cola Company | Fanta, Fanta-light, the Coca-Cola company | Fanta, The Coca-Cola Company | Fanta, Fanta-light, The Coca-Cola Company | Coca-Cola,Coca-Cola Company,Fanta",append_candidate,direct,
aldi,aldi,Aldi,direct,snacks,UK_IE,UK_IE,United Kingdom,layer3_review_decision_20260824,explicit_company_mapping_from_layer3_review,map to Aldi,Manual review / complex ownership,Manual review / complex ownership,142,Obvious Aldi retailer/private-label brand line.,100% WALKERS GREAT BRITISH POTATOES LEGENDARY READ | Rich tea biscuits | Aldi Snackrite Salt & Vinegar Crisps | Racer | 6 Coconut Macaroons,"Aldi | Aldi, Belmont Biscuit Co | Aldi | Aldi | Aldi",append_candidate,direct,
monoprix gourmet,monoprix gourmet,Monoprix,direct,dairies,FRANCE,FRANCE,France,layer3_review_decision_20260824,explicit_company_mapping_from_layer3_review,map to Monoprix,Other / not mapped to a company,Manual review / complex ownership,142,Obvious Monoprix retailer/private-label brand line.,Selles-sur-Cher | Camenbert de Normandie | Salers | Reblochon de Savoie fermier | Reblochon de Savoie fermier,Monoprix Gourmet | Monoprix Gourmet | Monoprix Gourmet | Monoprix Gourmet | Monoprix Gourmet,append_candidate,direct,
sainsburys,sainsburys,Sainsbury's,direct,beverages,UK_IE,UK_IE,United Kingdom,layer3_review_decision_20260824,explicit_company_mapping_from_layer3_review,map to Sainsbury's,Manual review / complex ownership,Manual review / complex ownership,142,Obvious Sainsbury’s retailer/private-label brand line.,"Lemonade | Pineapple juice | Ground coffee | Intense Roast Fair trade Ground Coffee | Apple, watermelon and raspberry juice",Sainsbury's | Sainsbury's | Sainsbury's | Sainsbury's | Sainsbury's,append_candidate,direct,
Cadbury,cadbury,Mondelēz International,market_scoped,snacks,UK_IE,UK_IE,United Kingdom,layer3_review_decision_20260824,approved_proposed_company_from_layer3_review,approve proposed,Mondelēz International,Mondelēz International,140,Proposed company mapping is concrete; approve for launch. | Cadbury ownership/routing is market-sensitive; status corrected to market_scoped before launch upsert.,Fingers | Twirl extra | Cadbury Dairy Milk Biscoff | Fingers Salted Caramel Flavour | Dairy milk buttons dessert | Mini Fingers Biscuits Bag (6x19.3g),"Cadbury | CADBURY | Cadbury | Cadbury | Cadbury | Cadbury, Mondelez",append_candidate,direct,Corrected before upsert-ready split: known complex/market-scoped or licensed brand; do not mark as plain direct. | Cadbury ownership/routing is market-sensitive; status corrected to market_scoped before launch upsert.
quaker,quaker,PepsiCo,direct,cereals,US_CANADA,US_CANADA,United States,layer3_review_decision_20260824,explicit_company_mapping_from_layer3_review,map to PepsiCo,Manual review / complex ownership,Manual review / complex ownership,139,Known PepsiCo brand / regional alias missing from proposed mapping.,Cruesli lait | Organic Instant Oatmeal Original | Organic Instant Oatmeal Maple & Brown Sugar | Quaker oatmeal squares cereal cinnamon | Crunchy corn cereal,Quaker | Quaker | Quaker | Quaker | Quaker,append_candidate,direct,
u,u,Système U,direct,cereals,FRANCE,FRANCE,France,layer3_review_decision_20260824,explicit_company_mapping_from_layer3_review,map to Système U,Manual review / complex ownership,Manual review / complex ownership,137,Obvious Système U retailer/private-label brand line in France.,Pétales de blé goût chocolat | Céréales chocolatées et fourrées au chocolat - 600g | Pétales Fruits Rouges | lune de céréales au chocolat | Muesli floconneux 25% de fruits et noix,"U | U | U | U, U bio | U, U Bio",append_candidate,direct,
aldi,aldi,Aldi,direct,snacks,FRANCE,FRANCE,France,layer3_review_decision_20260824,explicit_company_mapping_from_layer3_review,map to Aldi,Manual review / complex ownership,Manual review / complex ownership,136,Obvious Aldi retailer/private-label brand line.,Vanilla Cream Brioche | Chocolat au lait Céréales croustillantes | Galettes saveur noisette aldi | Crêpes dentelle au beurre | Tiramisu,"Aldi | Aldi, ISAURA | Aldi, SIMPLEMENT BON ET BIO | Aldi, Pays Gourmand | Aldi",append_candidate,direct,
lidl,lidl,Lidl,direct,dairies,FRANCE,FRANCE,France,layer3_review_decision_20260824,explicit_company_mapping_from_layer3_review,map to Lidl,Manual review / complex ownership,Manual review / complex ownership,136,Obvious Lidl retailer/private-label brand line.,Râpé aux 3 fromages | Crème caramel | Pointe de brie | Camembert Chêne d Argent | Yaourt a boire Hey,Lidl | Lidl | Lidl | LIDL | Lidl,append_candidate,direct,
lindt,lindt,Lindt & Sprüngli,direct,snacks,US_CANADA,US_CANADA,United States,layer3_review_decision_20260824,explicit_company_mapping_from_layer3_review,map to Lindt & Sprüngli,Manual review / complex ownership,Manual review / complex ownership,136,Known Lindt brand / line.,"Lindt williams, liquor chocolate with williams pear | Lindor, Assorted Chocolate Truffles | Lindt, hello my name is cookies & cream, milk chocolate with cookies and cream filling | Milk chocolate with cream cheese filling | Lindt, lindor, assorted chocolate truffles | Lindt, dark chocolate, intense mint | Excellence bar","Lindt, Polo Leathergoods | Lindt,Lindt & Sprungli (Usa) Inc. | Lindt, Lindt & Sprungli Gmbh | Lindt, Lindt & Sprungli Gmbh | Lindt,Lindt & Sprungli (Schweiz) Ag | Lindt Excellence,Lindt, Lindt & Sprungli (Usa) Inc. | Lindt Excellence,Lindt,Lindt & Sprungli (Usa) Inc.",append_candidate,direct,
wegmans,wegmans,Wegmans,direct,beverages,US_CANADA,US_CANADA,United States,layer3_review_decision_20260824,explicit_company_mapping_from_layer3_review,map to Wegmans,Manual review / complex ownership,Manual review / complex ownership,132,Obvious Wegmans retailer/private-label / corporate brand line.,"Cold-Pressured Lemonade | Fruit Punch Flavored Juic'D Right Juice Beverage Blend From Concentrate, Fruit Punch | Ginger Honey Lemon Kombucha Spritzer, Ginger Honey Lemon | 100% Lime Juice, Lime | Grapefruit Sparkling Water, Grapefruit",Wegmans | Wegmans | Wegmans | Wegmans | Wegmans,append_candidate,direct,
Nescafé,nescafé,Nestlé,direct,beverages,FRANCE,FRANCE,France,layer3_review_decision_20260824,explicit_company_mapping_from_layer3_review,map to Nestlé,Manual review / complex ownership,Manual review / complex ownership,120,Known Nestlé brand / brand line missing from proposed company mapping.,"Nescafé spécial filtre | Nescafe encore | Instant coffee | Marrakech Tea | café spécial filtre doux et fruité | Café soluble | NESCAFE SELECTION Décaféiné Dose Individuelle de 2g | NESCAFE Café Viennois, Café soluble, Boîte de 8 sticks (18g chacun) | Espresso - Original, 100% arabica | NESCAFÉ SPECIAL FILTRE Décaféiné, Café Soluble, Flacon de 200g","Nescafé | Nescafe | Nescafé | Nescafé | NESCAFE | Nestlé, Nescafé | Nestlé, Nescafe, Selection | Nestlé, Cafe viennois, Nescafé, Nutritional Compass | Nestlé, Nescafé | Nestlé, Nescafé, Special filtre, Special filtre decaf",append_candidate,direct,
la vache qui rit,la vache qui rit,Bel Group,direct,dairies,FRANCE,FRANCE,France,layer3_review_decision_20260824,explicit_company_mapping_from_layer3_review,map to Bel Group,Other / not mapped to a company,Other / not mapped to a company,117,Known Bel Group cheese brand.,La vache qui rit sauce fromagère | la vache qui rit | Toastinette Original | Vache qui rit | La vache qui rit,La vache qui rit | La vache qui rit | La vache qui rit | La vache qui rit | La vache qui rit,append_candidate,direct,
Ruffles,ruffles,PepsiCo,direct,snacks,US_CANADA,US_CANADA,United States,layer3_review_decision_20260824,explicit_company_mapping_from_layer3_review,map to PepsiCo,Manual review / complex ownership,Manual review / complex ownership,114,Known PepsiCo brand / regional alias missing from proposed mapping.,"Ruffles | Potato chips | Potato Chips | Barbecue Flavored Smokehouse Style Potato Chips, Barbecue | Ruffles - Original",Ruffles | Ruffles | Ruffles | Ruffles | Ruffles,append_candidate,direct,
Pepsi,pepsi,PepsiCo,direct,beverages,US_CANADA,US_CANADA,United States,layer3_review_decision_20260824,explicit_company_mapping_from_layer3_review,map to PepsiCo,Manual review / complex ownership,Manual review / complex ownership,110,Known PepsiCo brand / regional alias missing from proposed mapping.,"Diet Pepsi Cola 12 Fluid Ounce Aluminum Can | Diet Pepsi Cola 8 Fluid Ounce Aluminum Can | Cola | Pepsi | Pepsi Cola | Diet | Pepsi Cola, 12 Fl Oz, | Diet Pepsi","Pepsi | Pepsi | Pepsi | Pepsi | Pepsi | Pepsi,PepsiCo | Pepsi,Pepsi-Cola,Pepsico | Pepsi,Pepsico,Pepsi-Cola",append_candidate,direct,
lidl,lidl,Lidl,direct,snacks,UK_IE,UK_IE,United Kingdom,layer3_review_decision_20260824,explicit_company_mapping_from_layer3_review,map to Lidl,Manual review / complex ownership,Manual review / complex ownership,110,Obvious Lidl retailer/private-label brand line.,mint imperials | Deluxe Parmesan & Truffle | Lidl J.D Gross Salted Caramel Dark Chocolate Bar (70% cocoa) | pandoro | Chocolate negro 74% cacao de Lidl,Lidl | Lidl | lidl | Lidl | Lidl,append_candidate,direct,
tesco,tesco,Tesco,direct,beverages,UK_IE,UK_IE,United Kingdom,layer3_review_decision_20260824,explicit_company_mapping_from_layer3_review,map to Tesco,Manual review / complex ownership,Manual review / complex ownership,110,Obvious Tesco retailer/private-label brand line.,Cherries & berries quadruple strength | Soya Drink Unsweetened | lemon & lime sparkling | Indian Tonic Water | indian tonic water,Tesco | Tesco | Tesco | Tesco | Tesco,append_candidate,direct,
aldi,aldi,Aldi,direct,dairies,UK_IE,UK_IE,United Kingdom,layer3_review_decision_20260824,explicit_company_mapping_from_layer3_review,map to Aldi,Manual review / complex ownership,Manual review / complex ownership,108,Obvious Aldi retailer/private-label brand line.,Splitpots Biscuit | Greek Style Natural Yogurt | Creme Brûlée | Custard,"Aldi | Aldi | Aldi | Aldi | Aldi,Delicious Desserts",append_candidate,direct,
lidl,lidl,Lidl,direct,beverages,FRANCE,FRANCE,France,layer3_review_decision_20260824,explicit_company_mapping_from_layer3_review,map to Lidl,Manual review / complex ownership,Manual review / complex ownership,107,Obvious Lidl retailer/private-label brand line.,Eau minérale naturelle | jus d'orange sans pulpe | solevita orange 100% pur jus pressée | Jus d'orange | Brique jus d'orange,Lidl | lidl | Lidl | Lidl | Lidl,append_candidate,direct,
Oreo,oreo,Mondelēz International,direct,snacks,US_CANADA,US_CANADA,United States,layer3_review_decision_20260824,explicit_company_mapping_from_layer3_review,map to Mondelēz International,Manual review / complex ownership,Manual review / complex ownership,106,Cadbury US licensing exception / Mondelez snack brand routing.,OREO Muddy Buddies Cookies & Cream | Oreo | Orea Candy Canes | Oreo holiday chocolate cookie house | Nabisco oreo cookies-convenience pack chocolate 1x5.2 oz | Golden sandwich cookies | Oreo Gold Red Velvet | Oreo - Zero Sugar,"OREO | Oreo | Oreo | Oreo | Oreo,Nabisco | Oreo, Mondelez | Oreo, Mondelez | Mondelēz,Oreo",append_candidate,direct,
Pepsi,pepsi,PepsiCo,direct,beverages,FRANCE,FRANCE,France,layer3_review_decision_20260824,explicit_company_mapping_from_layer3_review,map to PepsiCo,Manual review / complex ownership,Manual review / complex ownership,106,Known PepsiCo brand / regional alias missing from proposed mapping.,Pepsi | Pepsi lime | With a splash of mango juice | Pepsi Cola | Pepsi | Soda gazeux | Pepsi Max (zéro sucres) | Pepsi Max (zéro sucres) | Pepsi | Pepsi max - Un maximum de goût zéro sucre,"Pepsi | Pepsi | Pepsi | Pepsi | Pepsi | Pepsi, Pepsico | Pepsi, Pepsi Max, PepsiCo | Pepsi, Pepsi Max, PepsiCo | Pepsi, Pepsico | Pepsi, PepsiCo",append_candidate,direct,
Volvic,volvic,Danone,direct,beverages,FRANCE,FRANCE,France,layer3_review_decision_20260824,explicit_company_mapping_from_layer3_review,map to Danone,Manual review / complex ownership,Manual review / complex ownership,104,Known Danone brand / brand line missing from proposed company mapping.,volvic | Volvic natural spring water | Volvic juicy | Eau minérale narurelle | Eau minerale naturelle,volvic | Volvic | Volvic | Volvic | Volvic,append_candidate,direct,
carrefour,carrefour,Carrefour,direct,dairies,BENELUX|FRANCE,BENELUX|FRANCE,Belgium,layer3_review_decision_20260824,explicit_company_mapping_from_layer3_review,map to Carrefour,Manual review / complex ownership,Manual review / complex ownership,103,"Carrefour brand/private-label/store-format row; brand entity should stay as normalized_brand, parent_company should be Carrefour.",Crème dessert chocolat | Yaourt à boire aromatisé | Tarti'Bon | Gouda Holland | Creme sous pression,Carrefour | Carrefour | Carrefour | Carrefour | Carrefour,append_candidate,direct,
quaker,quaker,PepsiCo,direct,snacks,US_CANADA,US_CANADA,United States,layer3_review_decision_20260824,explicit_company_mapping_from_layer3_review,map to PepsiCo,Manual review / complex ownership,Manual review / complex ownership,103,Known PepsiCo brand / regional alias missing from proposed mapping.,"Instant oatmeal | Quaker, Soft Baked Cookies, Oatmeal, Raisin, Oatmeal, Raisin | Soft Baked Cookies, Chocolate, Almond | Quaker, Crispy Cookies, Chocolate Chip, Chocolate Chip | Quaker, Crispy Cookies, Peanut Butter, Peanut Butter",Quaker | Quaker | Quaker | Quaker | Quaker,append_candidate,direct,
Coca-Cola Light,coca-cola light,The Coca-Cola Company,direct,beverages,FRANCE,FRANCE,France,layer3_review_decision_20260824,explicit_company_mapping_from_layer3_review,map to The Coca-Cola Company,Manual review / complex ownership,Manual review / complex ownership,95,Known Coca-Cola system brand; route to The Coca-Cola Company at company layer.,Coca Cola 'zero sugar' | Coca cola zero | Coca cola zero | Coca cola zero | Coca cola zero sucre | coca cola zéro | Coca cola sans sucre | Coca cola zero | Coca cola zero cherry | Coca cola lemon Light | Coca-cola light 2L | Coca cola | Cola zéro | Coca cola Light taste | Coca Cola Zero Vip plastic 350 ml | Coca cola zero | Coca-cola light sans caféine pet | Coca-Cola zéro sucres,"Coca-Cola, Coca-Cola-light | Coca-Cola, Coca-Cola-light | Coca-Cola, Coca-Cola-light | Coca-Cola, Coca-Cola-light | Coca-Cola, Coca-Cola-light | Coca-Cola-light, coca cola | Coca-Cola-light, brasserie de tahiti, coca cola | Coca-Cola-light, coca cola | Coca-Cola-light, coca cola | Coca-Cola-light, coca cola | Coca-Cola light | Coca-Cola-light, Zero | Coca-Cola-light, coca, coca zero | Coca cola collector 2012, Coca-Cola-light | Coca cola collector 2012, Coca-Cola-light | Coca cola zero, Coca-Cola-light | Coca cola zero, Coca-Cola-light | Coca Cola Zéro, Coca-Cola-light, The Coca-Cola Company",append_candidate,direct,
aldi,aldi,Aldi,direct,dairies,FRANCE,FRANCE,France,layer3_review_decision_20260824,explicit_company_mapping_from_layer3_review,map to Aldi,Manual review / complex ownership,Manual review / complex ownership,93,Obvious Aldi retailer/private-label brand line.,Ricotta | Emmental râpé fondant | Camembert au four | Camembert de caractère | Coulommiers de caractere,"Aldi | Aldi | Aldi, Le Paturon | Aldi,Le Paturon | Aldi, CF&R, Le Paturon",append_candidate,direct,
e.leclerc,e.leclerc,E.Leclerc,direct,dairies,FRANCE,FRANCE,France,layer3_review_decision_20260824,explicit_company_mapping_from_layer3_review,map to E.Leclerc,Manual review / complex ownership,Manual review / complex ownership,89,Obvious E.Leclerc retailer/private-label brand line.,emmental | Edam tendre teinte croute nat.2 | Edam tendre teinte croute Nat 2 | Saint-Nectaire | Brie De Meaux,e.leclerc | E.Leclerc | E.Leclerc | E.Leclerc | E.Leclerc,append_candidate,direct,
lidl,lidl,Lidl,direct,dairies,UK_IE,UK_IE,United Kingdom,layer3_review_decision_20260824,explicit_company_mapping_from_layer3_review,map to Lidl,Manual review / complex ownership,Manual review / complex ownership,89,Obvious Lidl retailer/private-label brand line.,Danpak Spreadable Lighter | British semi-skimmed milk | ASCULIN CERTIFIED STANDARDS VALLEY SPRE BRITISH MI | Mature White Cheddar | Creamy split pot crunch yogurts,Lidl | Lidl | Lidl | Lidl | Lidl,append_candidate,direct,
Doritos,doritos,PepsiCo,direct,snacks,FRANCE,FRANCE,France,layer3_review_decision_20260824,explicit_company_mapping_from_layer3_review,map to PepsiCo,Manual review / complex ownership,Manual review / complex ownership,86,Known PepsiCo brand / regional alias missing from proposed mapping.,"Doritos Tortilla Chips Flavored, Nacho Cheese | Doritos Nacho Cheese Chips | Doritos Flavored Tortilla Chips Nacho Cheese | Nacho Cheese | Goût Paprika | Doritos Nacho cheese | Doritos Sweet Chili Pepper | Biscuits apéritif chips barbecue Doritos | Doritos cheese","Doritos | Doritos | Doritos, Frito Lay | Doritos | Doritos | Doritos, Pepsico | Doritos, Pepsico | Doritos, Pepsico | Doritos, PepsiCo | Doritos,PepsiCo",append_candidate,direct,
Oreo,oreo,Mondelēz International,direct,snacks,FRANCE,FRANCE,France,layer3_review_decision_20260824,explicit_company_mapping_from_layer3_review,map to Mondelēz International,Manual review / complex ownership,Manual review / complex ownership,82,Known Mondelēz brand / regional Cadbury routing outside US.,Crunchies | Oreo strawberry cheesecake | original oreo | The Original Oreo | Muffin | Oreo Cheesecake Fraise | Biscuiți cu cacao și cremă | Oreo Original | Oreo crispy & thin | Oreo Strawberry Creme Biscuits | Oreo Dark and White Chocolate Flavoured Cream Sandwich Cookies | Oreo cake | Oreo baby monster original,"Oreo | Oreo | oreo | Oreo | Oreo | Mondelez, Oreo | Mondelez,Mondelez international,Oreo | Mondelez,Oreo | Mondelez, Oreo | Mondelez, Oreo, โอรีโอ | Oreo, Mondelez International | Oreo,Mondelez | Mondelez International, Oreo",append_candidate,direct,
lindt,lindt,Lindt & Sprüngli,direct,snacks,FRANCE|DACH,FRANCE|DACH,France,layer3_review_decision_20260824,explicit_company_mapping_from_layer3_review,map to Lindt & Sprüngli,Manual review / complex ownership,Manual review / complex ownership,82,Known Lindt brand / line.,Lindt Pailleté gaufrette Noir craquant | Creation Crème Brûlée | Creation pavlova framboise imp | CACAO PUR | Lindt CREATION Crème Brûlée 3046920022262 Vollmilch-Schokolade mit einer Milchfüllung (35%) mit karamellisierten Zuckerstückchen und knusprigem Biskuit,Lindt | Lindt | Lindt | Lindt | Lindt,append_candidate,direct,
Carrefour Bio,carrefour bio,Carrefour,direct,snacks,FRANCE,FRANCE,France,layer3_review_decision_20260824,explicit_company_mapping_from_layer3_review,map to Carrefour,Other / not mapped to a company,Manual review / complex ownership,81,"Carrefour brand/private-label/store-format row; brand entity should stay as normalized_brand, parent_company should be Carrefour.",Dessert noir - Puur 52% cacao | Pain au chocolat | Croissants | Croissant pur beurre | Croissant | Bio Nutri+ Blé Sesame | Cookies Chocolat Noisettes,"Carrefour BIO | Carrefour BIO | Carrefour Bio,Carrefour | Carrefour BIO | Carrefour Bio,Carrefour | Bjorg,Carrefour Bio | Carrefour,Carrefour Bio",append_candidate,direct,
auchan,auchan,Auchan,direct,cereals,FRANCE,FRANCE,France,layer3_review_decision_20260824,explicit_company_mapping_from_layer3_review,map to Auchan,Manual review / complex ownership,Manual review / complex ownership,81,Obvious Auchan retailer/private-label brand line.,Flocons d’avoine | Flocon d'avoine | Muesli Crujiente | Muesli croustillant quinoa chocolat | Müesli croustillant quinoa chocolat,"Auchan | Auchan | Auchan | Auchan | Auchan, Groupe Auchan",append_candidate,direct,
Tostitos,tostitos,PepsiCo,direct,snacks,US_CANADA,US_CANADA,United States,layer3_review_decision_20260824,explicit_company_mapping_from_layer3_review,map to PepsiCo,Manual review / complex ownership,Manual review / complex ownership,79,Known PepsiCo brand / regional alias missing from proposed mapping.,"Tortilla Chips | Crispy Rounds Original | Tostitos Bite Size | Tostitos Bite Size Rounds Tortilla Chips | Hint Of Jalapeno Flavored Tortilla Chips, Jalapeno",Tostitos | Tostitos | Tostitos | Tostitos | Tostitos,append_candidate,direct,
danone,danone,Danone,direct,dairies,FRANCE|SOUTHERN_EUROPE,FRANCE|SOUTHERN_EUROPE,France,layer3_review_decision_20260824,approved_proposed_company_from_layer3_review,approve proposed,Danone,Danone,77,Proposed company mapping is concrete; approve for launch.,"Le Yoghourt Nature | Activia | Danone fromage blanc 3,2% de mg nature 100 g x 8 | Light & free skyr sur lit mangue passion 145 g x 1 | Danone du monde kefir 265 ml x 1","Danone | Danone | Danone, Danone jockey nature | Danone, Light & free, Light & free skyr | Danone, Danone of the world",append_candidate,direct,
Coca-Cola,coca-cola,The Coca-Cola Company,direct,beverages,US_CANADA,US_CANADA,United States,layer3_review_decision_20260824,explicit_company_mapping_from_layer3_review,map to The Coca-Cola Company,Manual review / complex ownership,Manual review / complex ownership,76,Known Coca-Cola system brand; route to The Coca-Cola Company at company layer.,Fanta | Fanta | REFRESCO CARBONATADO SABOR ORIGINAL | Coke Zero | 3 Liters,Coca-Cola | Coca Cola | Coca-Cola | Coca-Cola | Coca-Cola,append_candidate,direct,
st môret,st môret,Savencia,direct,dairies,FRANCE,FRANCE,France,layer3_review_decision_20260824,explicit_company_mapping_from_layer3_review,map to Savencia,Manual review / complex ownership,Other / not mapped to a company,74,Known Savencia cheese brand.,"St moret | Saint Moret léger 8% | st Môret | St Moret bio | St Môret - Le goût primeur | St Môret Léger 8% MG | St Môret Bio | St Moret Bio - offre découverte | St Moret Léger - format familial | St Môret® Le Goût Primeur (17,8% MG)","Savencia, St Moret | Savencia, St moret | Savencia, st môret | Savencia, St moret | Savencia, St Môret | Fromarsac, Savencia, St Moret | Fromarsac, Savencia, St Môret | Fromarsac, Savencia, St Moret | Fromarsac, Savencia, St Moret | Fromarsac, Savencia, St Môret",append_candidate,direct,
président,président,Lactalis,direct,dairies,US_CANADA,US_CANADA,United States,layer3_review_decision_20260824,explicit_company_mapping_from_layer3_review,map to Lactalis,Manual review / complex ownership,Manual review / complex ownership,73,Known Lactalis brand.,"President, rondele, gourmet spreadable cheese, spinach & garlic | Sea salt & cracked pepper gourmet spreadable cheese, sea salt & cracked pepper | Rondele | Authentic pub cheese | PubCheese Garlic & Herbs","President | President, Lactalis American Group Inc. | Président,Lactalis | President | Président",append_candidate,direct,
kiri,kiri,Bel Group,direct,dairies,FRANCE,FRANCE,France,layer3_review_decision_20260824,explicit_company_mapping_from_layer3_review,map to Bel Group,Manual review / complex ownership,Manual review / complex ownership,72,Known Bel Group cheese brand.,Kiri | Kiri Lait Frais & Crème BIO | Kiri Bio | Kiri lait frais & crème | Kiri à la creme de lait,Kiri | Kiri | Kiri | Kiri | Kiri,append_candidate,direct,
tartare,tartare,Savencia,direct,dairies,FRANCE,FRANCE,France,layer3_review_decision_20260824,explicit_company_mapping_from_layer3_review,map to Savencia,Manual review / complex ownership,Other / not mapped to a company,72,Known Savencia cheese brand.,"Tartare - familial | Tartare | L'Original Tartare, Ail & Fines Herbes (12 Portions) - (32,2 % MG) | L’original tartare | Tartare Ail & Fines herbes Léger | L 'original tartare | Tartare | Tartare noix et éclats d'amandes | L'original tartare - ciboulette & échalote | L'Original - Noix et Éclats d'Amandes | Tartare Aperifrais - saveurs pesto","Savencia,Tartare | Savencia,Tartare | Savencia, Tartare | Savencia, Tartare | Savencia,Tartare | Fromarsac, Savencia, Tartare | Fromarsac, Savencia, Tartare | Fromarsac,Savencia,Tartare | Fromarsac,Savencia,Tartare | Fromarsac,Savencia,Tartare | Apérifrais, Savencia, Tartare | Deli'Cheese, Savencia, Tartare",append_candidate,direct,
kettle brand,kettle brand,Kettle Brand / Campbell Soup Company,direct,snacks,US_CANADA,US_CANADA,United States,layer3_review_decision_20260824,explicit_company_mapping_from_layer3_review,map to Kettle Brand / Campbell Soup Company,Manual review / complex ownership,Other / not mapped to a company,71,Known Kettle Brand snack brand; company assignment may be current-owner scoped.,Potato Chips Unsalted (US only) | Potato Chips Sea Salt | Potato Chips Krinkle Cut Salt & Fresh Ground Pepper | Potato Chips New York Cheddar | Potato Chips New York Cheddar | Potato Chips New York Cheddar | Potato Chips Sea Salt & Vinegar | Organic Potato Chips Sea Salt | Potato Chips Krinkle Cut Sea Salt | Potato Chips Krinkle Cut Salt & Fresh Ground Pepper | Potato Chips Jalapeno | Potato Chips Krinkle Cut Salt & Fresh Ground Pepper | Reduced Fat Potato Chips Sea Salt,"Kettle Brand | Kettle Brand | Kettle Brand | Kettle Brand | Kettle Brand | kettle,Diamond Foods Inc., Kettle Brand | Kettle, Kettle Brand | Kettle, Kettle Brand | Kettle, Kettle Brand | Kettle, Kettle Brand | Diamond Foods Inc., Kettle Brand | Diamond Foods Inc., Kettle Brand | Diamond Foods Inc., Kettle Brand",append_candidate,direct,
Coca-Cola,coca-cola,The Coca-Cola Company,direct,beverages,UK_IE,UK_IE,United Kingdom,layer3_review_decision_20260824,explicit_company_mapping_from_layer3_review,map to The Coca-Cola Company,Manual review / complex ownership,Manual review / complex ownership,69,Known Coca-Cola system brand; route to The Coca-Cola Company at company layer.,Coke Zero | Coke cola zero sugar | Coca cola zero | Japan | Schweppes lemonade,"Coca Cola | Coca-Cola | Coca-Cola | Coca Cola, The CocaCola Company | Coca-Cola",append_candidate,direct,
Mountain Dew,mountain dew,PepsiCo,direct,beverages,US_CANADA,US_CANADA,United States,layer3_review_decision_20260824,explicit_company_mapping_from_layer3_review,map to PepsiCo,Manual review / complex ownership,Manual review / complex ownership,69,Known PepsiCo brand / regional alias missing from proposed mapping.,Diet mountain dew citrus soda | Mtn dew | Soda | Diet Soda | Mountain Dew soda | Mountain Dew Maui Burst | Mountain Dew: Maui Burts - (Dollar General Exclusive),"Mountain Dew | Mountain Dew | Mountain dew | Mountain dew | Mountain Dew | Mountain Dew,MTN DEW,PepsiCo | Mountain Dew/PepsiCo",append_candidate,direct,
Volvic,volvic,Danone,direct,beverages,FRANCE|DACH,FRANCE|DACH,France,layer3_review_decision_20260824,explicit_company_mapping_from_layer3_review,map to Danone,Manual review / complex ownership,Manual review / complex ownership,69,Known Danone brand / brand line missing from proposed company mapping.,"Volvic Nature 50cl PET | Volvic Nature 6x50cl PET | Wasser Volvic naturelle, 6erPack | Volvic Mediumperlig 1,5 L EW | Eau minérale naturelle volcanique | Volvic Juicy; Naturell | Volvic Tee Pfirsich 0,75 L EW","Volvic, VolvicDanone | Volvic | Volvic | Volvic | Volvic | Volvic, Danone | Volvic, Danone",append_candidate,direct,
KitKat,kitkat,The Hershey Company,market_scoped,snacks,US_CANADA,US_CANADA,United States,layer3_review_decision_20260824,approved_proposed_company_from_layer3_review,approve proposed,The Hershey Company,The Hershey Company,68,Proposed company mapping is concrete; approve for launch.,"Crisp Wafers In Milk Chocolate Minis | Crisp Wafers 'N Creme, Red Velvet | Crisp Wafers 'N Creme | Crisp Wafers, Milk Chocolate | Crisp Wafers In Milk Chocolate Miniatures",Kitkat | Kitkat | Kitkat | Kitkat | Kitkat,append_candidate,direct,Corrected before upsert-ready split: known complex/market-scoped or licensed brand; do not mark as plain direct.
danone,danone,Danone,direct,dairies,BENELUX|FRANCE,BENELUX|FRANCE,Belgium,layer3_review_decision_20260824,approved_proposed_company_from_layer3_review,approve proposed,Danone,Danone,67,Proposed company mapping is concrete; approve for launch.,"Gervais Au Fruits, Pack De 2 Fois 6 Pots De 50 Grammes, Marque Danone | Gervita | Fjord | Bifidus saveur Citron",Danone | Danone | Danone | Danone | Danone,append_candidate,direct,
Carrefour Bio,carrefour bio,Carrefour,direct,beverages,FRANCE,FRANCE,France,layer3_review_decision_20260824,explicit_company_mapping_from_layer3_review,map to Carrefour,Other / not mapped to a company,Manual review / complex ownership,66,"Carrefour brand/private-label/store-format row; brand entity should stay as normalized_brand, parent_company should be Carrefour.",Jus d’orange | dosettes café équilibré | Dosettes café doux | Boisson Amande à la vanille,Carrefour BIO | carrefour bio | Carrefour BIO | Carrefour Bio | Carrefour BIO,append_candidate,direct,
babybel,babybel,Bel Group,direct,dairies,FRANCE,FRANCE,France,layer3_review_decision_20260824,explicit_company_mapping_from_layer3_review,map to Bel Group,Manual review / complex ownership,Manual review / complex ownership,65,Known Bel Group cheese brand.,Mini babybel | Minibabybel | Babybel | Mini Babybel (23 % MG) | Babybel,"Babybel | Babybel | Babybel | Babybel, Bel | Babybel, Bel",append_candidate,direct,
SodaStream,sodastream,PepsiCo,direct,beverages,FRANCE,FRANCE,France,layer3_review_decision_20260824,explicit_company_mapping_from_layer3_review,map to PepsiCo,Manual review / complex ownership,Manual review / complex ownership,64,Known PepsiCo brand / regional alias missing from proposed mapping.,Soda mix concentré cola sans sucres | Sirop de citron | Sirop de cassis | Sirop Bio Rhubarbe | Concentré saveur Limonade Zéro,sodastream | Sodastream | Sodastream | Sodastream | Sodastream,append_candidate,direct,
boursin,boursin,Bel Group,direct,dairies,FRANCE,FRANCE,France,layer3_review_decision_20260824,explicit_company_mapping_from_layer3_review,map to Bel Group,Manual review / complex ownership,Manual review / complex ownership,64,Known Bel Group cheese brand.,AIL ET FINES HERBES 150 GRS | Boursin ail & fine herbes | Boursin végétal | Salade & apéritif échalote et ciboulette | salade&apéritif,BOURSIN | boursin | Boursin | Boursin | Boursin,append_candidate,direct,
marque repere,marque repere,E.Leclerc,direct,cereals,FRANCE,FRANCE,France,layer3_review_decision_20260824,explicit_company_mapping_from_layer3_review,map to E.Leclerc,Manual review / complex ownership,Manual review / complex ownership,64,Marque Repère is an E.Leclerc private-label brand.,Müesli 4 noix | Corn flakes | Blé soufflé au caramel | Corn flakes sucrés | Riz Soufflé au Chocolat,"Marque Repère | Marque Repère, Brin de Jour | Marque Repère, Brin de Jour | Marque Repère, Brin de Jour | Marque Repère, Brin de Jour",append_candidate,direct,
7UP,7up,PepsiCo,market_scoped,beverages,FRANCE,FRANCE,France,layer3_review_decision_20260824,approved_proposed_company_from_layer3_review,approve proposed,PepsiCo,PepsiCo,63,Proposed company mapping is concrete; approve for launch.,7up mini | 7up cherry free | 7-up Soda Cherry | 7UP saveur mojito citron vert & menthe 33 cl | 7UP Cherry 33 cl | 7UP Free saveur citron & citron vert,"7UP | 7up | 7up | 7UP | 7UP | 7UP Free,7UP,Pepsico",append_candidate,direct,Corrected before upsert-ready split: known complex/market-scoped or licensed brand; do not mark as plain direct.
aldi,aldi,Aldi,direct,dairies,US_CANADA,US_CANADA,United States,layer3_review_decision_20260824,explicit_company_mapping_from_layer3_review,map to Aldi,Manual review / complex ownership,Manual review / complex ownership,63,Obvious Aldi retailer/private-label brand line.,"Sweetened Condensed Milk | Evaporated Milk vitamin D added | Friendly Farms Grade A Pasteurized Sour Cream | whole milk | Vegan mozzarella style shreds, mozzarella","Aldi | Aldi | Aldi, Friendly Farms | Aldi | Aldi",append_candidate,direct,
aldi,aldi,Aldi,direct,beverages,UK_IE,UK_IE,United Kingdom,layer3_review_decision_20260824,explicit_company_mapping_from_layer3_review,map to Aldi,Manual review / complex ownership,Manual review / complex ownership,62,Obvious Aldi retailer/private-label brand line.,Soya Unsweetened | Choceur Instant Hot Chocolate Drink | XPLOSADE SPORT ORANGE | Green Tea with Lemon | Green tea with mint,Aldi | Aldi | ALDI | Aldi | Aldi,append_candidate,direct,
aldi,aldi,Aldi,direct,snacks,US_CANADA,US_CANADA,United States,layer3_review_decision_20260824,explicit_company_mapping_from_layer3_review,map to Aldi,Manual review / complex ownership,Manual review / complex ownership,61,Obvious Aldi retailer/private-label brand line.,"Chocolate peanut butter protein meal bars, chocolate peanut butter | Oats 'n honey crunchy granola bars, oats 'n honey | Beef sausage snack sticks, beef | Chocolate truffles | Cheddar Cheese Biscuit Mix","Aldi, Fit&Active | Aldi, Millville | Aldi | Aldi | Aldi",append_candidate,direct,
carrefour,carrefour,Carrefour,direct,cereals,FRANCE|SOUTHERN_EUROPE,FRANCE|SOUTHERN_EUROPE,France,layer3_review_decision_20260824,explicit_company_mapping_from_layer3_review,map to Carrefour,Manual review / complex ownership,Manual review / complex ownership,61,"Carrefour brand/private-label/store-format row; brand entity should stay as normalized_brand, parent_company should be Carrefour.",MUESLI & Co 6 FRUITS SECS | Fibra 5 dried fruits | Crunchy 5 fruits secs | Stylesse Nature | Fibra chocolat,Carrefour | Carrefour | Carrefour | Carrefour | Carrefour,append_candidate,direct,
Actimel,actimel,Danone,direct,dairies,FRANCE,FRANCE,France,layer3_review_decision_20260824,explicit_company_mapping_from_layer3_review,map to Danone,Manual review / complex ownership,Manual review / complex ownership,60,Known Danone brand / brand line missing from proposed company mapping.,Actimel + (10 Bouteilles + 2 Gratuites) | Actimel + (0 % MG) 10 Bouteilles + 2 Gratuites | Lait fermenté à boire sucré | Actimel nature | Actimel goût multifruits | Yaourt à boire multi-fruits | Actimel agrumes et coco | Actimel saveur fraise 100 g x 6 | Actimel goût framboise | Actimel système immunitaire,"Actimel, Danone | Actimel, Danone | Actimel, Danone | Actimel, Danone | Actimel, Danone | ACTIMEL | Actimel | Actimel, Actimel drink fruits | Actimel | Actimel",append_candidate,direct,
wegmans,wegmans,Wegmans,direct,cereals,US_CANADA,US_CANADA,United States,layer3_review_decision_20260824,explicit_company_mapping_from_layer3_review,map to Wegmans,Manual review / complex ownership,Manual review / complex ownership,60,Obvious Wegmans retailer/private-label / corporate brand line.,Large rolled oats | Maple pecan crunch whole oat clusters & corn | Vanilla granola clusters whole grain rolled oat | Oats | Berry granola crunch whole oat clusters & multigrain,Wegmans | Wegmans | Wegmans | Wegmans | Wegmans,append_candidate,direct,
la laitiere,la laitiere,Nestlé,direct,dairies,FRANCE,FRANCE,France,layer3_review_decision_20260824,explicit_company_mapping_from_layer3_review,map to Nestlé,Other / not mapped to a company,Other / not mapped to a company,58,Known Nestlé brand / brand line missing from proposed company mapping.,crème aux oeufs | Petit pot de crème au chocolat | Yaourt nature | Crème aux oeufs | Douceur de yaourt,la laitière | La laitière | La Laitière | La Laitière | La Laitière,append_candidate,direct,
carrefour,carrefour,Carrefour,direct,beverages,BENELUX|FRANCE,BENELUX|FRANCE,Belgium,layer3_review_decision_20260824,explicit_company_mapping_from_layer3_review,map to Carrefour,Manual review / complex ownership,Manual review / complex ownership,57,"Carrefour brand/private-label/store-format row; brand entity should stay as normalized_brand, parent_company should be Carrefour.",Zéro sucres* Menthe | Sirop de pamplemousse | Eau de source de montagne d'auvergne | Pulp' Orange | Orange pressée,Carrefour | Carrefour | Carrefour | Carrefour | Carrefour,append_candidate,direct,
casino,casino,Groupe Casino,direct,cereals,FRANCE,FRANCE,France,layer3_review_decision_20260824,explicit_company_mapping_from_layer3_review,map to Groupe Casino,Manual review / complex ownership,Manual review / complex ownership,57,Obvious Casino retailer/private-label brand line.,Corn flakes | Casino croustillant aux céréales et aux fruits | Muesli croustillant fruits et graines | Muesli croustillant BIO au chocolat | Muesli croustillant bio fruits et de graines casino bio,"Casino | Casino | Casino, Casino Bio | Casino, Casino Bio | Casino, Casino Bio",append_candidate,direct,
quaker,quaker,PepsiCo,direct,cereals,FRANCE,FRANCE,France,layer3_review_decision_20260824,explicit_company_mapping_from_layer3_review,map to PepsiCo,Manual review / complex ownership,Manual review / complex ownership,57,Known PepsiCo brand / regional alias missing from proposed mapping.,Oatmeal Squares Original | Oatmeal Squares | Gruau Instantané Cassonade et Cannelle | Apples & Cinnamon | Cruesli Mélange de Noix,"Quaker | Quaker | Quaker | Quaker | QUAKER, Quaker Oats",append_candidate,direct,
lidl,lidl,Lidl,direct,beverages,UK_IE,UK_IE,United Kingdom,layer3_review_decision_20260824,explicit_company_mapping_from_layer3_review,map to Lidl,Manual review / complex ownership,Manual review / complex ownership,56,Obvious Lidl retailer/private-label brand line.,Simply Orange Juice From Concentrate | Perlenbacher Premium Pils | Orange juice | Freeway Premium Lemonade | sport lite lemon and lime,"Lidl | Lidl,Perlenbacher | Lidl | Lidl | Lidl",append_candidate,direct,
KitKat,kitkat,Nestlé,market_scoped,snacks,FRANCE,FRANCE,France,layer3_review_decision_20260824,approved_proposed_company_from_layer3_review,approve proposed,Nestlé,Manual review / complex ownership,54,Proposed company mapping is concrete; approve for launch.,"Kitkat | KITKAT Ball, Chapelet Billes au chocolat au Lait, 5x30g | Barres au chocolat blanc | KITKAT Blanc, 4 barres enrobage blanc, 8x41,5g | KITKAT Tablette Saveur Cookie Dough 99g","Nestlé, Kit Kat | Nestlé, Kit kat ball, Kitkat | Nestlé, Kitkat | Nestlé, Kitkat | Nestlé, Kit Kat",append_candidate,direct,Corrected before upsert-ready split: known complex/market-scoped or licensed brand; do not mark as plain direct.
Pepsi,pepsi,PepsiCo,direct,beverages,UK_IE,UK_IE,United Kingdom,layer3_review_decision_20260824,explicit_company_mapping_from_layer3_review,map to PepsiCo,Manual review / complex ownership,Manual review / complex ownership,53,Known PepsiCo brand / regional alias missing from proposed mapping.,Pepsi Max | Pepsi max | Diet Pepsi 8pk | Pepsi Max | Pepsi | Pepsi Max | Pepsi max cherry | Pepsi,"Pepsi | Pepsi | Pepsi | pepsi | Pepsi | Pepsi,Pepsico | Pepsi, Pepsi-Cola, Pepsico | Pepsi, Pepsico",append_candidate,direct,
Carrefour Bio,carrefour bio,Carrefour,direct,snacks,FRANCE|SOUTHERN_EUROPE,FRANCE|SOUTHERN_EUROPE,France,layer3_review_decision_20260824,explicit_company_mapping_from_layer3_review,map to Carrefour,Other / not mapped to a company,Manual review / complex ownership,52,"Carrefour brand/private-label/store-format row; brand entity should stay as normalized_brand, parent_company should be Carrefour.",cookies bio chocolat noisette | Chocolate con LECHE | Fourrés au cacao | Biscuits Petit déjeuner Céréales Pépites de Chocolat et Noisettes | Lunettes à la fraise | Tortitas de arroz con chocolate,"Carrefour bio | Carrefour BIO,Carrefour | Carrefour BIO,Carrefour | Carrefour BIO, Carrefour | Carrefour BIO, Carrefour | Carrefour, Carrefour bio",append_candidate,direct,
tesco,tesco,Tesco,direct,snacks,FRANCE|UK_IE,FRANCE|UK_IE,France,layer3_review_decision_20260824,explicit_company_mapping_from_layer3_review,map to Tesco,Manual review / complex ownership,Manual review / complex ownership,52,Obvious Tesco retailer/private-label brand line.,4 Triple Choc Muffins | Fruit jellies | White chocolate stars | Ready Salted Crisps | Cheese & onion crisps,Tesco | Tesco | Tesco | Tesco | Tesco,append_candidate,direct,
sainsburys,sainsburys,Sainsbury's,direct,snacks,FRANCE|UK_IE,FRANCE|UK_IE,France,layer3_review_decision_20260824,explicit_company_mapping_from_layer3_review,map to Sainsbury's,Manual review / complex ownership,Manual review / complex ownership,50,Obvious Sainsbury’s retailer/private-label brand line.,SHORTBREAD all butter fingers | black pepper and sea salt crackers | Corn Thins | Oeuf en chocolat | Butterscotch Scottie Dogs,"Sainsburys | Sainsbury's, Thatchers | Sainsbury's | Sainsbury's | Sainsbury's",append_candidate,direct,
Cadbury,cadbury,Mondelēz International,market_scoped,snacks,FRANCE,FRANCE,France,layer3_review_decision_20260824,approved_proposed_company_from_layer3_review,approve proposed,Mondelēz International,Mondelēz International,49,Proposed company mapping is concrete; approve for launch. | Cadbury ownership/routing is market-sensitive; status corrected to market_scoped before launch upsert.,Cadbury Chocolate Mini Fingers X5 | Luxury Cookies Nougatine | Z'animo | Cookies Chunky | Finger | Luxury cookies | Cookies Milk & Hazelnut Chunk Sensations | Bournville Fingers | L'Original fingers | brunch bar,"Cadbury | Cadbury | Cadbury | Cadbury | Cadbury | Cadbury, Mondelez, Mondelez International | Cadbury, Mondelez | Cadbury, Mondelez | Cadbury, Fingers, Mondelez | Cadbury, Mondelez",append_candidate,direct,Corrected before upsert-ready split: known complex/market-scoped or licensed brand; do not mark as plain direct. | Cadbury ownership/routing is market-sensitive; status corrected to market_scoped before launch upsert.
tesco,tesco,Tesco,direct,beverages,FRANCE|UK_IE,FRANCE|UK_IE,France,layer3_review_decision_20260824,explicit_company_mapping_from_layer3_review,map to Tesco,Manual review / complex ownership,Manual review / complex ownership,49,Obvious Tesco retailer/private-label brand line.,Orange Juice smooth from concentrate | Pure Apple Juice | Low Calorie Ginger Ale | Original Tea | Unsweetened soya,Tesco | Tesco | Tesco | Tesco | Tesco,append_candidate,direct,
auchan bio,auchan bio,Auchan,direct,beverages,FRANCE,FRANCE,France,layer3_review_decision_20260824,explicit_company_mapping_from_layer3_review,map to Auchan,Other / not mapped to a company,Manual review / complex ownership,48,Obvious Auchan retailer/private-label brand line.,AUCHAN CAFE BIO ESPRESSO NS HOME COMPOST Riche et équilibré. | AUCHAN CAFE BIO LUNGO NS HOME COMPOST Rond et délicat. | Bio classico | AUCHAN CAFE FILIERE BIO MEXIQUE COMPATIBLE NESPRESSO HOME COMPOST Riche et fruité | Poudre cacaotée bio 32% de cacao,"Auchan Bio | Auchan Bio | Auchan Bio | Auchan Bio | Auchan Bio,auchan",append_candidate,direct,
sainsburys,sainsburys,Sainsbury's,direct,cereals,UK_IE,UK_IE,United Kingdom,layer3_review_decision_20260824,explicit_company_mapping_from_layer3_review,map to Sainsbury's,Manual review / complex ownership,Manual review / complex ownership,48,Obvious Sainsbury’s retailer/private-label brand line.,"Raisin, Nut & Honey Granola | Sainsbury's Corn Flakes 750g | Honey hooplas | Chocolate hooplas | Nutty Muesli",Sainsbury's | Sainsbury's | Sainsbury's | Sainsbury's | Sainsbury's,append_candidate,direct,
Coca-Cola,coca-cola,The Coca-Cola Company,direct,beverages,FRANCE|DACH,FRANCE|DACH,France,layer3_review_decision_20260824,explicit_company_mapping_from_layer3_review,map to The Coca-Cola Company,Manual review / complex ownership,Manual review / complex ownership,47,Known Coca-Cola system brand; route to The Coca-Cola Company at company layer.,Original COCA-COLA | Big Apple | Coca-cola light | Coca cola originale taste | Coca Cola light,Coca cola | Coca-Cola | Coca-Cola | Coca-Cola | Coca Cola,append_candidate,direct,
Belvita,belvita,Mondelēz International,direct,snacks,FRANCE,FRANCE,France,layer3_review_decision_20260824,explicit_company_mapping_from_layer3_review,map to Mondelēz International,Manual review / complex ownership,Manual review / complex ownership,46,Known Mondelēz brand / regional Cadbury routing outside US.,"Belvita moelleux | Petit déjeuner | Soft break | BelVita | Breveta moelleux | Moelleux Petit Déjeuner fruits rouges | Belvita Muesli | Le Moelleux fruits rouges | Belvita petit déjeuner | BelVita Breakfast - Cereals, Honey and Nut | belVita Petit Déjeuner Miel et Pépites de Chocolat & 5 céréales complètes | BelVita Petit Déjeuner Miel et Pépites de Chocolat & 5 céréales complètes | Belvita - Petit-déjeuner Original","Belvita | Belvita | Belvita | BelVita | Belvita | Belvita, Lu, Mondelez | Belvita,Mondelez | Belvita, Lu, Mondelez | Belvita, LU, Mondelez | Belvita, Mondelez | Lu, Mondelèz International, belVita | Lu, Mondelèz International, belVita | Lu, Mondelez, belVita",append_candidate,direct,
Capri Sun,capri sun,Capri Sun Group / Coca-Cola Europacific Partners,market_scoped,beverages,FRANCE,FRANCE,France,layer3_review_decision_20260824,approved_proposed_company_from_layer3_review,approve proposed,Capri Sun Group / Coca-Cola Europacific Partners,Capri Sun Group / Coca-Cola Europacific Partners,46,Proposed company mapping is concrete; approve for launch.,Boisson aux Fruits Multivitaminés - CAPRI-SUN - 10x20cl | Boisson aux Fruits Tropical | CAPRI-SUN | Multivitamin | Capri-Sun Safari Fruits,Capri-Sun | CAPRI-SUN | Capri-Sun | Capri sun | Capri-Sun,append_candidate,direct,Corrected before upsert-ready split: known complex/market-scoped or licensed brand; do not mark as plain direct.
Nescafé Dolce Gusto,nescafé dolce gusto,Nestlé,direct,beverages,FRANCE,FRANCE,France,layer3_review_decision_20260824,explicit_company_mapping_from_layer3_review,map to Nestlé,Manual review / complex ownership,Other / not mapped to a company,46,Known Nestlé brand / brand line missing from proposed company mapping.,Cappuccino | Capsules NESCAFE Dolce Gusto Espresso Ristretto 16 Capsules | Marrakech tea | DOLCE GUSTO Grande | Coffret Espresso | Ricore original | LATTE MACCHIATO CARAMEL | Café au lait | Chococino | Marrakech Tea | Signature espresso | Capsules NESCAFE DOLCE GUSTO Marrakech Tea 16 capsules | STARBUCKS by NESCAFE DOLCE GUSTO Espresso Colombia 66g,"Dolce Gusto, Nescafé | Dolce gusto, Nescafé | Dolce Gusto, Nescafé | Dolce Gusto, Nescafé | Dolce Gusto, Nescafé | Dolce Gusto | Dolce Gusto | Dolce Gusto | Dolce Gusto | Dolce Gusto | Dolce gusto espresso, Nescafe | Dolce gusto tea, Nescafe | Espresso, Medium colombia, Nescafé, STARBUCKS, by NESCAFE DOLCE GUSTO",append_candidate,direct,
auchan,auchan,Auchan,direct,snacks,FRANCE|SOUTHERN_EUROPE,FRANCE|SOUTHERN_EUROPE,France,layer3_review_decision_20260824,explicit_company_mapping_from_layer3_review,map to Auchan,Manual review / complex ownership,Manual review / complex ownership,46,Obvious Auchan retailer/private-label brand line.,Galettes sans gluten au chocolat au lait | Noir dessert 52% | Noir Corsé Dessert 64% | Dessert noir 52% | LAIT Dessert,"Auchan | Auchan | Auchan | Auchan, Auchan Bio | Auchan",append_candidate,direct,
danone,danone,Danone (Dannon in US),direct,dairies,US_CANADA,US_CANADA,United States,layer3_review_decision_20260824,approved_proposed_company_from_layer3_review,approve proposed,Danone (Dannon in US),Danone (Dannon in US),46,Proposed company mapping is concrete; approve for launch.,Oikos Triple Zero | Hipro yaourt coco | Yaourt aromatisé | Skyr | Dairy Drink,Danone | Danone | Danone | Danone | Danone,append_candidate,direct,
paturages,paturages,Les Mousquetaires / Intermarché,direct,dairies,FRANCE,FRANCE,France,layer3_review_decision_20260824,explicit_company_mapping_from_layer3_review,map to Les Mousquetaires / Intermarché,Manual review / complex ownership,Other / not mapped to a company,46,Pâturages is an Intermarché / Les Mousquetaires private-label dairy line.,"Lait uht entier bq 1l | Crème Fraîche Épaisse Entière (30 % MG) | P'TIT AROM YAOURT AROMATISE 16X125G - fruits des bois, noix de coco, framboise, abricot, banane, fraise - P'tits Prods | Lait frais demi-écrémé | Lait uht 1/2 ecreme bt 1l | ST MARCELLIN IGP LT 2x80G Massif TRAD | Picodon aop 2x60g | Petit Pouligny Saint Pierre AOP, le fromage de | FOURME D'AMBERT AOP 200G Massif Trad | PANNA COTTA FRAMBOISE 2x120g | Tiramisu Framboise Les Créations | Le Gourmet café intense | Le brasse - yaourt nature 0% 8x125g | Printiligne | Yaourt étuvé bio vanille 4x125g | Comté | Yaourt brassé nature bio 4x125g | Spécialité aux noix | Beaufort aop 200g | Beurre moulé doux | yaourt de brebis sur lit de châtaigne 2x125g | CD CHOCOLAT BIO 4X95g","Les Mousquetaires, Páturages, Sélection des Mousquetaires | Les Mousquetaires, Páturages, Sélection des Mousquetaires | Les Mousquetaires, Páturages, Sélection des Mousquetaires | Les Mousquetaires, Páturages, Sélection Intermarché | Les Mousquetaires, Páturages, Sélection des Mousquetaires | Itineraire de nos regions, Paturages | Itineraire de nos regions, Itinéraire des Saveurs, Paturages | Itineraire de nos regions, Paturages, itinéraire des saveurs | Itineraire de nos regions, Paturages, Saint-Bonnet | Les Créations, Pâturages | Les Créations, Pâturages | Les Créations, Paturages | Printiligne, Paturages | Printiligne, Pâturages, selection Intermarché | Bio paturages, Paturages | Comté, Pâturages | Eurial, Intermarché, Pâturages | Fromagerie Lincet Saint Julien, Pâturages | Itinéraire des Saveurs, Paturages, Itineraire de nos regions | Laiterie Saint-Père, Pâturages | Le petit basque, Pâturages | Paturage, Paturages",append_candidate,direct,
tesco,tesco,Tesco,direct,cereals,UK_IE,UK_IE,United Kingdom,layer3_review_decision_20260824,explicit_company_mapping_from_layer3_review,map to Tesco,Manual review / complex ownership,Manual review / complex ownership,46,Obvious Tesco retailer/private-label brand line.,porridge oats | Strawberry and Raspberry Granola | Bran Flakes | sultana bran,Tesco | Tesco | tesco | Tesco | Tesco,append_candidate,direct,
tesco,tesco,Tesco,direct,dairies,FRANCE|UK_IE,FRANCE|UK_IE,France,layer3_review_decision_20260824,explicit_company_mapping_from_layer3_review,map to Tesco,Manual review / complex ownership,Manual review / complex ownership,46,Obvious Tesco retailer/private-label brand line.,Low fat natural yogurt | Whole milk | Semi Skimmed Milk | MEDIUM GRATED CHEDDAR | Greek Style Yogurt,Tesco | Tesco | Tesco | TESCO | Tesco,append_candidate,direct,
Ritz,ritz,Mondelēz International,direct,snacks,US_CANADA,US_CANADA,United States,layer3_review_decision_20260824,explicit_company_mapping_from_layer3_review,map to Mondelēz International,Manual review / complex ownership,Manual review / complex ownership,45,Cadbury US licensing exception / Mondelez snack brand routing.,Ritz Fresh Stacks Crackers | Ritz crackers | Ritz Crackers | Ritz Cracker | Toasted Chips sour cream & onion | Crisp and thins salt and vinegar chips,"Ritz | Ritz | Ritz | Ritz | Ritz | Ritz, Mondelez",append_candidate,direct,
auchan bio,auchan bio,Auchan,direct,dairies,FRANCE,FRANCE,France,layer3_review_decision_20260824,explicit_company_mapping_from_layer3_review,map to Auchan,Other / not mapped to a company,Manual review / complex ownership,45,Obvious Auchan retailer/private-label brand line.,Beurre moulé doux bio | Comté bio Auchan | Emmental français au lait cru | Lait frais microfiltré | Lait Frais Microfiltré Demi-Écrémé Bio,"Auchan bio | Auchan Bio,Auchan | Auchan Bio | Auchan Bio,Auchan | Auchan Bio,Auchan,Groupe Auchan",append_candidate,direct,
Belvita,belvita,Mondelēz International,direct,snacks,US_CANADA,US_CANADA,United States,layer3_review_decision_20260824,explicit_company_mapping_from_layer3_review,map to Mondelēz International,Manual review / complex ownership,Manual review / complex ownership,44,Cadbury US licensing exception / Mondelez snack brand routing.,Crunchy 4 Breakfast Biscuits | Chocolate mini breakfast biscuit bites | Mini Breakfast Biscuits | Banana Bread Breakfast Biscuits | belVita Soft Baked Banana Bread | Breakfast biscuits,"belVita | Belvita | Belvita, Nabisco | belVita | belVita | Mondelez, Belvita",append_candidate,direct,
Sprite,sprite,The Coca-Cola Company,direct,beverages,US_CANADA,US_CANADA,United States,layer3_review_decision_20260824,explicit_company_mapping_from_layer3_review,map to The Coca-Cola Company,Manual review / complex ownership,Manual review / complex ownership,44,Known Coca-Cola system brand; route to The Coca-Cola Company at company layer.,"Sprite | Sprite | Lemon-Lime Soda | Sprite Soda | Sprite, Lemon-Lime Soda, Lemon-Lime | Lemon lime soda","Sprite | Sprite | Sprite | Sprite | Sprite | Sprite, Coca-Cola",append_candidate,direct,
Nescafé,nescafé,Nestlé,direct,beverages,FRANCE,FRANCE,France,layer3_review_decision_20260824,explicit_company_mapping_from_layer3_review,map to Nestlé,Manual review / complex ownership,Other / not mapped to a company,43,Known Nestlé brand / brand line missing from proposed company mapping.,"Capsules India espresso | NESCAFE Farmers Origins Colombia x20 | NESCAFE Farmers Origins India x20 | NESCAFÉ Farmers Origins africas x20 | NESCAFÉ Farmers Origins Brazil Nespresso x20 | NESCAFÉ Cappuccino Décaféiné, Café soluble, Boîte de 10 sticks (12,5g chacun) | NESCAFE Cappuccino, Café Soluble, 2 Boîtes de 280g | NESCAFE Cappuccino Vanille, Café Soluble, 2 Boîtes de 310g | NESCAFE Cappuccino Noisette, Café soluble, Boîte de 8 sticks | NESCAFÉ Cappuccino Caramel, Café soluble, Boîte de 306g | NESCAFÉ FARMERS ORIGINS BRAZIL Nespresso 93g (18 capsules) | NESCAFE Farmers Origins Brazil 10 capsules | NESCAFE Farmers Origins Brazil 36 capsules | NESCAFÉ Espresso Intenso, Café Soluble 100% pur Arabica, 25x1,8g | NESCAFÉ Espresso Intenso, Café Soluble 100% pur Arabica, Boîte de 95g | NESC ESP Concentrate Crml 500ml | Capsules de café torréfié et moulu pour système Nespresso | NESCAFE Farmers Origins Africas 36 capsules | NESCAFE Farmers Origins Colombia 10 capsules | NESCAFE Farmers Origins Colombia 36 capsules | NESCAFE SPECIAL FILTRE Recette originale de retour, Café Soluble, Flacon de 50g | NESCAFE SPECIAL FILTRE café soluble | NESCAFE Farmers Origins India 10 capsules | NESCAFE Farmers Origins India 36 capsules | NESCAFE Farmers Origins 3 Americas 10 capsules | NESCAFE 3en1, Boisson au café, Boîte de 28 Sticks (18g chacun) | Café macchiato | Caffè Lungo | Capsule decaffeinato | NESCAFE Farmers Origins Colombia Décaf 10 capsules | Café Royal Cortado, 16 caps. | NESCAFE Cappucc","Farmers origins, India, Nescafe | Farmers origins, Nescafe | Farmers origins, Nescafe | Farmers origins, Nescafe | Farmers origins, Nescafe | Cappuccino, Nescafé | Cappuccino, Nescafe | Cappuccino, Nescafé | Cappuccino, Nescafé | Cappuccino, Nescafé | Brazil, Farmers origins, Farmers origins brazil, Nescafe | Brazil, Nescafé | Brazil, Nescafe | Espresso,Nescafé | Espresso,Nescafé | Espresso, Nescafe | Africas, Nescafe | Africas, Nescafe | Colombia, Farmers origins, Nescafe | Colombia, Nescafe | Gold special filtre,Nescafé,Special filtre | Gold special filtre, Nescafé, Special filtre | India, Nescafe | India, Nescafe | 3 americas, Nescafe | 3 in 1, Nescafé | Boisson lactée au café, Nescafé | Café Royal, Delica, Nescafe | Carraro,Nescafé | Colombia decaffeinato, Nescafe | Delica ag, Nescafe | Gold cappuccino flavours, Gold latte, Nescafe | Latte, Nescafe | Nes,Nescafé",append_candidate,direct,
tesco finest,tesco finest,Tesco,direct,snacks,UK_IE,UK_IE,United Kingdom,layer3_review_decision_20260824,explicit_company_mapping_from_layer3_review,map to Tesco,Other / not mapped to a company,Manual review / complex ownership,42,Obvious Tesco retailer/private-label brand line.,Tesco Finest Dark Milk Chocolate | Tesco Finest Ecuador Dark Chocolate | Belgian Triple Chocolate Cookies | British Ribeye Steak | Mature Cheddar & Red Onion Flavour Hand Cooked Crisps,Tesco Finest | Tesco Finest | TESCO finest | TESCO finest | Tesco Finest,append_candidate,direct,
Doritos,doritos,PepsiCo,direct,snacks,UK_IE,UK_IE,United Kingdom,layer3_review_decision_20260824,explicit_company_mapping_from_layer3_review,map to PepsiCo,Manual review / complex ownership,Manual review / complex ownership,41,Known PepsiCo brand / regional alias missing from proposed mapping.,Chilli Heatwave | BOLDER CRUNCH ICONIC TASTE Doritos TANGY CHEESE FL | Flaming Hot | Doritos a hint of paprika | Doritos Dippers A Hint Of Salt Corn Chips,Doritos | Doritos | Doritos | Doritos | Doritos,append_candidate,direct,
Carrefour Bio,carrefour bio,Carrefour,direct,beverages,FRANCE|SOUTHERN_EUROPE,FRANCE|SOUTHERN_EUROPE,France,layer3_review_decision_20260824,explicit_company_mapping_from_layer3_review,map to Carrefour,Other / not mapped to a company,Manual review / complex ownership,40,"Carrefour brand/private-label/store-format row; brand entity should stay as normalized_brand, parent_company should be Carrefour.",SOJA à la VANILLE | SOJA Sans sucres ajoutés | Pur jus de citron | Thé noir Darjeeling | Grenade Bio | Nectar de Mangue | Infusion 4 plantes | Lait de soja | Lait d'amande,"Carrefour BIO, Carrefour | Carrefour BIO,Carrefour,Groupe Carrefour | Carrefour BIO | Carrefour BIO, Carrefour | Carrefour BIO, Carrefour | Carrefour,Carrefour Bio | Carrefour, Carrefour Bio | Carrefour, Carrefour bio | Carrefour, Carrefour bio",append_candidate,direct,
Fuze Tea,fuze tea,The Coca-Cola Company,direct,beverages,FRANCE,FRANCE,France,layer3_review_decision_20260824,explicit_company_mapping_from_layer3_review,map to The Coca-Cola Company,Manual review / complex ownership,Manual review / complex ownership,40,Known Coca-Cola system brand; route to The Coca-Cola Company at company layer.,Boisson Thé Glacé Pêche | Thé Glacé Menthe Citron Vert | The noir glace | Boisson Thé Glacé Pêche | Fuzetea thé glacé peche intense | Thé glacé pêche intense,"FUZE TEA | FUZE TEA | fuze tea | FUZE TEA | Fuze Tea | COCA-COLA, FuzeTea",append_candidate,direct,
Reflets de France,reflets de france,Carrefour,direct,beverages,FRANCE,FRANCE,France,layer3_review_decision_20260824,explicit_company_mapping_from_layer3_review,map to Carrefour,Manual review / complex ownership,Manual review / complex ownership,40,"Carrefour brand/private-label/store-format row; brand entity should stay as normalized_brand, parent_company should be Carrefour.","Pomme de Bretagne - 100% pur fruit pressé - Jus de Pomme | Poiré de Normandie (2 % vol.) | Pêche jaune du Roussillon | Cidre Cornouaille Reflets de France | ""50CL Cognac Hors D'age Reflets De France 40 °"" | Pomme de Bretagne 100% pur fruit pressé | Poire Williams du Roussillon | Pêche jaune du Roussillon Nectar de pêche | Abricot du Pays d'Oc | Bas-Armagnac Appellation Armagnac Contrôlée","Reflets de France | Reflets de France | Reflets de France | Reflets de France | Reflets de France | Carrefour, Reflets de France | Carrefour, Reflets de France | Carrefour, Reflets de France | Carrefour, Reflets de France | Carrefour, Reflets de France",append_candidate,direct,
auchan bio,auchan bio,Auchan,direct,snacks,FRANCE,FRANCE,France,layer3_review_decision_20260824,explicit_company_mapping_from_layer3_review,map to Auchan,Other / not mapped to a company,Manual review / complex ownership,40,Obvious Auchan retailer/private-label brand line.,Snacks pois chiche | Bio Chocolat noir 70% | Cake aux fruits tranché BIO | Gaufres au miel à la farine d'épeautre BIO | Biscuits Tablette Chocolat au Lait,"Auchan bio | Auchan Bio,Auchan | Auchan Bio | Auchan Bio | AUCHAN BIO",append_candidate,direct,
danone,danone,Danone,direct,dairies,UK_IE,UK_IE,United Kingdom,layer3_review_decision_20260824,approved_proposed_company_from_layer3_review,approve proposed,Danone,Danone,40,Proposed company mapping is concrete; approve for launch.,GetPRO Banana Yoghurt | Actimel Immune Support | 0% added sugar 0% fat strawberry Actimel | Actimel Blueberry | Danio Cherry,Danone | Danone | Danone | Danone | danone,append_candidate,direct,
lindt,lindt,Lindt & Sprüngli,direct,snacks,UK_IE,UK_IE,United Kingdom,layer3_review_decision_20260824,explicit_company_mapping_from_layer3_review,map to Lindt & Sprüngli,Manual review / complex ownership,Manual review / complex ownership,40,Known Lindt brand / line.,Caramel with a touch of sea salt | Dark Chocolate 70% Cocoa | Lindor Milk Chocolate | Classic Milk Chocolate | Caramel Sea Salt Chocolate,"Lindt | Lindt,Lindt Excellence | Lindt | Lindt | Lindt",append_candidate,direct,
sainsburys,sainsburys,Sainsbury's,direct,beverages,FRANCE|UK_IE,FRANCE|UK_IE,France,layer3_review_decision_20260824,explicit_company_mapping_from_layer3_review,map to Sainsbury's,Manual review / complex ownership,Manual review / complex ownership,40,Obvious Sainsbury’s retailer/private-label brand line.,Indian Tonic Water | Jasmine green tea | Torla Rioja | Brita Kettle | Chewy Caramel Chocolate Bars 5 x (180g),"Sainsbury's | Sainsbury's | Sainsbury's, house by Sainsbury's | Sainsbury's, House by Sainsbury's, Russel Hobbs | Sainsbury's",append_candidate,direct,
Schweppes,schweppes,Suntory Beverage & Food,market_scoped,beverages,BENELUX|FRANCE,BENELUX|FRANCE,Belgium,layer3_review_decision_20260824,approved_proposed_company_from_layer3_review,approve proposed,Suntory Beverage & Food,Suntory Beverage & Food,39,Proposed company mapping is concrete; approve for launch.,Indian Tonic Schweppes | PET 1.5L SCHWEPPES ZERO LEMON | Schweppes lemon | Schweppes Agrumes | Schweppes Agrum',Schweppes | Schweppes | Schweppes | Schweppes | Schweppes,append_candidate,direct,Corrected before upsert-ready split: known complex/market-scoped or licensed brand; do not mark as plain direct.
aldi,aldi,Aldi,direct,beverages,FRANCE,FRANCE,France,layer3_review_decision_20260824,explicit_company_mapping_from_layer3_review,map to Aldi,Manual review / complex ownership,Manual review / complex ownership,39,Obvious Aldi retailer/private-label brand line.,Pink Lemonade | Aloe Vera Drink | Boisson Saveur Orange (aux jus de fruits à base de concentrés aromatisée),"Aldi | Aldi | Aldi | Aldi, Fruima | Aldi",append_candidate,direct,
Chocapic,chocapic,Nestlé,direct,cereals,FRANCE,FRANCE,France,layer3_review_decision_20260824,explicit_company_mapping_from_layer3_review,map to Nestlé,Manual review / complex ownership,Manual review / complex ownership,38,Known Nestlé brand / brand line missing from proposed company mapping.,chocapic | Chocapic chococrush | Chocapic | chocapic sans huile palme | Chocapic | Chocapic Granola | Chocapic Bio | Chocapic | Chocapic | Chocapic,"Nestlé, Chocapic | Nestlé, Chocapic | Nestlé, Chocapic | Nestlé, Chocapic | Nestlé, Chocapic | Chocapic | Chocapic | Chocapic | Chocapic | Chocapic",append_candidate,direct,
Lay's,lay's,PepsiCo,direct,snacks,BENELUX|FRANCE,BENELUX|FRANCE,Belgium,layer3_review_decision_20260824,explicit_company_mapping_from_layer3_review,map to PepsiCo,Other / not mapped to a company,Other / not mapped to a company,38,Known PepsiCo brand / regional alias missing from proposed mapping.,Chips natures | Cuites au four nature | Chips paysannes nature | Chips à l'ancienne nature | لايز فلفل حار | Saveur Poulet Rôti | Super Chips Paprika | super chips salt 'n pepper flavor,"Lays | Lay’s | Lay's | Lay's | Lay's, Lays | Lay's, Lays, PepsiCo | Lay's, Pepsico | Lay's, Pepsico | Lay's, Pepsico",append_candidate,direct,
président,président,Lactalis,direct,dairies,FRANCE,FRANCE,France,layer3_review_decision_20260824,explicit_company_mapping_from_layer3_review,map to Lactalis,Manual review / complex ownership,Other / not mapped to a company,38,Known Lactalis brand.,Petit brie crémeux | Rondelé au bleu | Emmental Bio | PRESIDENT BURGER CHEDDAR EMMENTAL 12 TRANCHES 200g | Beurre doux la laiterie BIO | President carre bridel familial 350g | PRESIDENT COULOMMIERS CAMPAGNE 350g | Camembert (21 % MG) Offre Économique,"Lactalis, Président | Lactalis, Président | Lactalis, Président | Lactalis, Président | Lactalis, President | Bridel, President | Campagne de president, président | LF, Président",append_candidate,direct,
quaker,quaker,PepsiCo,direct,cereals,UK_IE,UK_IE,United Kingdom,layer3_review_decision_20260824,explicit_company_mapping_from_layer3_review,map to PepsiCo,Manual review / complex ownership,Manual review / complex ownership,38,Known PepsiCo brand / regional alias missing from proposed mapping.,So Simple Gluten Free Original Porridge | Oat So Simple Original | Jumbo Oats | Oat So Simple Simply Apple | Simply strawberry no added sugar oatmeal With Milk,"Quaker | Quaker, Quaker Oats | Quaker | Quaker | Quaker",append_candidate,direct,
Monster Energy,monster energy,Monster Beverage Corp,direct,beverages,UK_IE,UK_IE,United Kingdom,layer3_review_decision_20260824,approved_proposed_company_from_layer3_review,approve proposed,Monster Beverage Corp,Monster Beverage Corp,37,Proposed company mapping is concrete; approve for launch.,Viking Berry | monster energy drink | Ultra Strawberry Dreams | Carbonated energy drink | Monster Energy,"Monster Energy | monster energy | Monster Energy | Monster Energy | Monster Energy,Monster,Monster Energy Company",append_candidate,direct,
marque repere,marque repere,E.Leclerc,direct,snacks,FRANCE,FRANCE,France,layer3_review_decision_20260824,explicit_company_mapping_from_layer3_review,map to E.Leclerc,Manual review / complex ownership,Other / not mapped to a company,37,Marque Repère is an E.Leclerc private-label brand.,Biscuits sablés nappés au chocolat noir sans gluten | Biscuits sablés framboise sans gluten | Cookies aux Pépites de Chocolat | Mini brownie chocolat ss gluten x8 | Petit beurre sans gluten | Palet breton la recette original pur beurre | Madeleines longuse pur beurre | Madeleines longues marbrées chocolat | La Gaufrette Framboise | Cookies chocolat blanc cranberries | Collection inspirée | Cheesecake caramel beurre salé | Tiramisu à la fraise | Coeur fondant au caramel beurre salé | Gianduja | Buche glacee Trofic Facon dame blanche | Bûche Vanille Caramel Pécan | Crackers emmental | Pop Corn sucré salé | Biscuits raisin | Nustikao biscuits | Chips épaisse nature | Chocolat noir feves de cacao | 4 Bâtonnets Chocolat au lait cookies,"Chaque Jour Sans Gluten, Marque Repère | Chaque Jour Sans Gluten, Marque Repère | Chaque Jour Sans Gluten, Marque Repère | Chaque Jour Sans Gluten, Marque Repère | Chaque Jour Sans Gluten, Marque Repère | P'tit déli,Marque Repère | P'tit Déli, Marque Repère | P'tit Déli, Marque Repère | P'tit Déli, Marque Repère | P'tit Déli, Marque Repère | Equador, Marque Repère | Equador,Marque Repère | Equador,Marque Repère | Equador,Marque Repère | Equador, Marque repére | Eskiss,Marque repère | Eskiss,Marque Repère | Tokapi,Marque Repère | Tokapi,Marque Repère | Nat & Vie,Marque Repère | Nustikao, Marque Repère | Pom'Lisse,Marque Repère | Savour!,Marque Repère | Tablette d'Or,Marque Repère, Equador | Trium,Marque Repère",append_candidate,direct,
aldi,aldi,Aldi,direct,beverages,US_CANADA,US_CANADA,United States,layer3_review_decision_20260824,explicit_company_mapping_from_layer3_review,map to Aldi,Manual review / complex ownership,Manual review / complex ownership,36,Obvious Aldi retailer/private-label brand line.,"Sparkling Ice | Almond chocolate, chocolate | Organic Almond milk | Almond milk | Cola Vanilla Zero Sugar","Aldi | Aldi, Friendly Farms | Aldi,Friendly Farms | Aldi | Aldi, River",append_candidate,direct,
Monster Energy,monster energy,Monster Beverage Corp,direct,beverages,FRANCE,FRANCE,France,layer3_review_decision_20260824,approved_proposed_company_from_layer3_review,approve proposed,Monster Beverage Corp,Monster Beverage Corp,35,Proposed company mapping is concrete; approve for launch.,Monster energy gronk | Monster Energy Ultra | Monster Energy ultra Zero Sucre | Réhabilitation Thé + citron | Monster Energy Rio Punch,Monster Energy | Monster energy | Monster Energy | Monster Energy | Monster Energy,append_candidate,direct,
u bio,u bio,Système U,direct,dairies,FRANCE,FRANCE,France,layer3_review_decision_20260824,explicit_company_mapping_from_layer3_review,map to Système U,Other / not mapped to a company,Manual review / complex ownership,35,Obvious Système U retailer/private-label brand line in France.,Beurre de baratte | Beurre doux | Lait demi écrémé stérilisation UHT | Camembert | Yaourt au lait entier avec morceaux de fraises,U BIO | U BIO | U bio | U Bio | U Bio,append_candidate,direct,
wegmans organic,wegmans organic,Wegmans,direct,beverages,US_CANADA,US_CANADA,United States,layer3_review_decision_20260824,explicit_company_mapping_from_layer3_review,map to Wegmans,Other / not mapped to a company,Manual review / complex ownership,35,Obvious Wegmans retailer/private-label / corporate brand line.,100% apple juice | Wegmans Organic Lemonade | 100% grape juice | Wegmans organic strawberry leomonade | Organic Mango Lemonade,Wegmans Organic | Wegmans Organic | Wegmans Organic | Wegmans Organic | Wegmans Organic,append_candidate,direct,
Reflets de France,reflets de france,Carrefour,direct,snacks,FRANCE,FRANCE,France,layer3_review_decision_20260824,explicit_company_mapping_from_layer3_review,map to Carrefour,Manual review / complex ownership,Manual review / complex ownership,34,"Carrefour brand/private-label/store-format row; brand entity should stay as normalized_brand, parent_company should be Carrefour.",Bêtises de Cambrai | Nougat de Montélimar | Galette du Cotentin pur beurre | Lunettes de Romans - Sablés pâtissiers pur beurre | Gâche vendéenne IGP | brioche vendéenne reflets de France | Véritables madeleines de Commercy | Brioche vendéenne I.G.P | Sablés normands aux pommes | Couronnes du Roussillon à l'anis,"Carrefour, Reflets de France | Carrefour, Reflets de France | Carrefour, Reflets de France | Carrefour, Reflets de France | Carrefour, Reflets de France | reflets de France | Reflets de France | Reflets de France | Reflets De France | Reflets de France, Carrefour",append_candidate,direct,
monoprix gourmet,monoprix gourmet,Monoprix,direct,snacks,FRANCE,FRANCE,France,layer3_review_decision_20260824,explicit_company_mapping_from_layer3_review,map to Monoprix,Other / not mapped to a company,Manual review / complex ownership,34,Obvious Monoprix retailer/private-label brand line.,"Chips de sarrasin au sel de Guérande | Mini tablettes de chocolat noir, 72% de cacao | Tortina Noisette et Chocolat au Lait | Petits macarons à la pistache, chocolat, framboise et cappuccino | Gâche","Monoprix Gourmet | Monoprix Gourmet | Monoprix Gourmet, Monoprix | Monoprix Gourmet | Monoprix Gourmet",append_candidate,direct,
Activia,activia,Danone,direct,dairies,US_CANADA,US_CANADA,United States,layer3_review_decision_20260824,explicit_company_mapping_from_layer3_review,map to Danone,Manual review / complex ownership,Manual review / complex ownership,33,Known Danone brand / brand line missing from proposed company mapping.,Strawberry Yogurt | Vanilla Low Fat Yogurt | Blueberry | Peach | LOW FAT YOGURT 1.5% MILKFAT VIVO | Activia Base Peach | Activia Base Strawberry | Activia Greek Vanilla,"Activia | Activia | ACTIVIA | ACTIVIA | ACTIVIA | Activia, Danone, Dannon | Activia,Danone | Activia,Dannon,Danone",append_candidate,direct,
Sprite,sprite,The Coca-Cola Company,direct,beverages,FRANCE,FRANCE,France,layer3_review_decision_20260824,explicit_company_mapping_from_layer3_review,map to The Coca-Cola Company,Manual review / complex ownership,Manual review / complex ownership,33,Known Coca-Cola system brand; route to The Coca-Cola Company at company layer.,Zero soda | ZERO SUGAR LEMON-LIME SODA | SPRITE CHERRY | Sprite | Sprite,Sprite | Sprite | Sprite | Sprite | Sprite,append_candidate,direct,
casino bio,casino bio,Groupe Casino,direct,beverages,FRANCE,FRANCE,France,layer3_review_decision_20260824,explicit_company_mapping_from_layer3_review,map to Groupe Casino,Other / not mapped to a company,Manual review / complex ownership,33,Obvious Casino retailer/private-label brand line.,Sirop Grenadine | Bio Soja cuisine | Cidre bouché brut biologique 5% vol 75cl bio | 100 % Pur Jus Orange pressée avec pulpe | 100 % Pur Jus Pomme bio,Casino Bio | Casino Bio | Casino Bio | CASINO BIO | CASINO BIO,append_candidate,direct,
tesco,tesco,Tesco,direct,cereals,FRANCE|UK_IE,FRANCE|UK_IE,France,layer3_review_decision_20260824,explicit_company_mapping_from_layer3_review,map to Tesco,Manual review / complex ownership,Manual review / complex ownership,33,Obvious Tesco retailer/private-label brand line.,Scottish Oats | Wheat Biscuits | Multigrain Boulders | Corn Flakes | Bran Flakes,Tesco | Tesco | Tesco | Tesco | Tesco,append_candidate,direct,
Toblerone,toblerone,Mondelēz International,direct,snacks,FRANCE,FRANCE,France,layer3_review_decision_20260824,explicit_company_mapping_from_layer3_review,map to Mondelēz International,Manual review / complex ownership,Manual review / complex ownership,31,Known Mondelēz brand / regional Cadbury routing outside US.,Chocolate Dark | Milk Chocolate Nougat | Milk chocolate with | Toblerone | Toblerone | Assortiment Lait Noir Blanc | Toblerone Weiße Schokolade mit Honig & Mandelnougat | Chocolat au lait | Toblerone | Toblerone,"Toblerone | Toblerone | Toblerone | Toblerone | Toblerone | Mondelez, Toblerone | Mondelez, Toblerone | Mondelez, Toblerone | Toblerone, Mondelez International | Toblerone,Mondelez",append_candidate,direct,
auchan,auchan,Auchan,direct,beverages,FRANCE|SOUTHERN_EUROPE,FRANCE|SOUTHERN_EUROPE,France,layer3_review_decision_20260824,explicit_company_mapping_from_layer3_review,map to Auchan,Manual review / complex ownership,Manual review / complex ownership,31,Obvious Auchan retailer/private-label brand line.,Espresso intense | Auchan lungo intenso | Auchan lungo decafeeinato | Cappuccino saveur vanille | Expresso Décaféiné Rond et léger,Auchan | Auchan | Auchan | Auchan | Auchan,append_candidate,direct,
monoprix bio,monoprix bio,Monoprix,direct,beverages,FRANCE,FRANCE,France,layer3_review_decision_20260824,explicit_company_mapping_from_layer3_review,map to Monoprix,Other / not mapped to a company,Manual review / complex ownership,31,Obvious Monoprix retailer/private-label brand line.,"100% pur jus multifruits | Champagne médort bio extra brut | Café moulu pur arabica, Mexique | MONOPRIX BIO 100% PUR JUS D'ORANGE | Raisin rouge 100% pur jus bio",Monoprix Bio! | Monoprix Bio | Monoprix bio | MONOPRIX BIO ! | MONOPRIX BIO !,append_candidate,direct,
Oreo,oreo,Mondelēz International,direct,snacks,FRANCE|US_CANADA,FRANCE|US_CANADA,France,layer3_review_decision_20260824,explicit_company_mapping_from_layer3_review,map to Mondelēz International,Manual review / complex ownership,Manual review / complex ownership,30,Known Mondelēz brand / regional Cadbury routing outside US.,Chocolate Sandwich Cookies | Oreo Cookies & Cream Candy Canes | Kraft handi-snacks oreo two compartment snacks sticks and cream 1x6.000 oz | Nabisco oreo cookies convenience pack 1x5.5 oz | Nabisco oreo sandwich cookies chocolate chocolate creme1x15.25 oz,Oreo | Oreo | Oreo | Oreo | Oreo,append_candidate,direct,
Fanta,fanta,The Coca-Cola Company,direct,beverages,UK_IE,UK_IE,United Kingdom,layer3_review_decision_20260824,explicit_company_mapping_from_layer3_review,map to The Coca-Cola Company,Manual review / complex ownership,Manual review / complex ownership,29,Known Coca-Cola system brand; route to The Coca-Cola Company at company layer.,Fanta | Fanta | FANT fruitwist 40 | Fanta orange | Fanta Orange | Fanta fruit ywisy,"Fanta | Fanta | Fanta | Fanta | Fanta | Fanta, Coca-Cola",append_candidate,direct,
Coca-Cola,coca-cola,The Coca-Cola Company,direct,beverages,FRANCE|SOUTHERN_EUROPE,FRANCE|SOUTHERN_EUROPE,France,layer3_review_decision_20260824,explicit_company_mapping_from_layer3_review,map to The Coca-Cola Company,Manual review / complex ownership,Manual review / complex ownership,28,Known Coca-Cola system brand; route to The Coca-Cola Company at company layer.,Coca-Cola Original | Coca Cola | Coca-Cola original taste1.75 | Coca-Cola,"Coca-Cola | Coca Cola | Coca-Cola | Coca Cola, Coca-Cola | Coca-Cola",append_candidate,direct,
Fanta,fanta,The Coca-Cola Company,direct,beverages,US_CANADA,US_CANADA,United States,layer3_review_decision_20260824,explicit_company_mapping_from_layer3_review,map to The Coca-Cola Company,Manual review / complex ownership,Manual review / complex ownership,28,Known Coca-Cola system brand; route to The Coca-Cola Company at company layer.,"Fanta Strawberry | Pineapple | Fanta, Soda, Strawberry, Strawberry | Orange fruit flavored soda | Caffeine Free Soda, Apple | Orange soda","Fanta | Fanta | Fanta | Fanta | Fanta | Fanta,Coca-Cola",append_candidate,direct,
Monster Energy,monster energy,Monster Beverage Corp,direct,beverages,FRANCE,FRANCE,France,layer3_review_decision_20260824,approved_proposed_company_from_layer3_review,approve proposed,Monster Beverage Corp,Other / not mapped to a company,28,Proposed company mapping is concrete; approve for launch.,Ripper Juiced | Monster | Monster Assault | Monster zero 50cl édition call of duty | Monster Energy,"Monster, Monster Energy, Monster Energy Company | Monster, Monster Energy | Monster, Monster Energy | Monster, Monster Energy, Monster Energy Company | Monster, Monster Energy, Monster Energy Company",append_candidate,direct,
Nescafé Dolce Gusto,nescafé dolce gusto,Nestlé,direct,beverages,FRANCE,FRANCE,France,layer3_review_decision_20260824,explicit_company_mapping_from_layer3_review,map to Nestlé,Manual review / complex ownership,Manual review / complex ownership,28,Known Nestlé brand / brand line missing from proposed company mapping.,Dosette marrakech | Catuai Do Brasil | Gusto Cappuccino Ice Coffee Pods Capsules Per Box | Grande aroma | Caffé Americano | NESCAFE DOLCE GUSTO Cappuccino Extra Crema 16 Capsules (8 Lait et 8 Café) | Capsules NESCAFE DOLCE GUSTO Latte Macchiato 16 Capsules | DOLCE GUSTO Lungo | intenso buondi caffé | NESCAFE DOLCE GUSTO NEO Grande 12 capsules 84g | Nescafé Dolce Gusto Chococino Caramel | Capsules NESCAFÉ DOLCE GUSTO Absolute Origin Mexico Grande 12 Caps | Capsules NESCAFÉ DOLCE GUSTO Espresso Intenso 16 Capsules | Capsules NESCAFE DOLCE GUSTO Double Espresso 16 Capsules | Capsules NESCAFÉ DOLCE GUSTO Espresso intenso décaféiné | STARBUCKS by NESCAFE DOLCE GUSTO white mocha 12 capsules,"Nescafe, Nescafe Dolce Gusto | Nescafe, Nescafé Dolce Gusto | Nescafé, Nescafé Dolce Gusto | Nescafé, Nescafé Dolce Gusto | Nescafé, Nescafé Dolce Gusto | NESCAFÉ Dolce Gusto, Dolce gusto, Nescafe | Nescafé dolce gusto, Dolce gusto, Nescafe | Nescafé Dolce Gusto | nescafe dolce gusto | Nescafé Dolce Gusto | Nestlé, Nescafé, Nescafé Dolce Gusto | Nestlé, Dolce gusto, Nescafé | Nestlé, Dolce gusto, Nescafe | Nestlé, Dolce gusto, Nescafé | Nestlé, Dolce gusto, Nescafe | Nestlé, Dolce Gusto | STARBUCKS, by NESCAFE DOLCE GUSTO",append_candidate,direct,
quaker,quaker,PepsiCo,direct,cereals,FRANCE,FRANCE,France,layer3_review_decision_20260824,explicit_company_mapping_from_layer3_review,map to PepsiCo,Manual review / complex ownership,Other / not mapped to a company,28,Known PepsiCo brand / regional alias missing from proposed mapping.,"Cruesli Chocolat | Cruesli au chocolat (Offre Spéciale) | Cruesli chocolat au lait | Cruesli 4 Noix (Format 600 g) | Cruesli chocolat au lait (format familial) | Flocons d'avoine instantanés | Life chocolat - Pépites & pétales croustillants à l'avoine | Life Nature | Cruesli goût Vanille | Flocon d'avoine pour poridg | Golden Crisp Fraises & Framboises | Golden Crisp Noisettes, amandes et graines de courge | Quaker Muesli Croustillant Myrtilles & baies de goji","Cruesli, Quaker | Cruesli, PepsiCo, Quaker | Cruesli, PepsiCo, Quaker | Cruesli, PepsiCo, Quaker | Cruesli, PepsiCo, Quaker | Pepsico, Quaker | PepsiCo, Quaker, Quaker Life | PepsiCo, Quaker, Quaker Life | PepsiCo, Quaker | Pepsico, Quaker | Golden Crisp, Pepsico, Quaker | Golden Crisp, Quaker | Muesli Croustillant, Quaker",append_candidate,direct,
Walkers,walkers,PepsiCo,direct,snacks,FRANCE,FRANCE,France,layer3_review_decision_20260824,explicit_company_mapping_from_layer3_review,map to PepsiCo,Manual review / complex ownership,Manual review / complex ownership,27,Known PepsiCo brand / regional alias missing from proposed mapping.,Shortb highlanders cello | Walkers Pure Butter Stem Ginger Shortbread (6.2 Oz) | Almond shortbread | FRUIT & LEMON BISCUITS 150G - WALKERS - 150g | STEM GINGER BISCUITS 150G - WALKERS - 150g,Walkers | Walkers | Walkers | Walkers | Walkers,append_candidate,direct,
carrefour,carrefour,Carrefour,direct,cereals,FRANCE,FRANCE,France,layer3_review_decision_20260824,explicit_company_mapping_from_layer3_review,map to Carrefour,Manual review / complex ownership,Manual review / complex ownership,27,"Carrefour brand/private-label/store-format row; brand entity should stay as normalized_brand, parent_company should be Carrefour.",Son d'avoine Bio | Petales de blé complet et riz | Granola crunchy | Crunchy Muesli 3 Chocolats | Crunchy Muesli Cappucino,Carrefour | Carrefour | Carrefour | Carrefour | Carrefour,append_candidate,direct,
sainsburys,sainsburys,Sainsbury's,direct,dairies,FRANCE|UK_IE,FRANCE|UK_IE,France,layer3_review_decision_20260824,explicit_company_mapping_from_layer3_review,map to Sainsbury's,Manual review / complex ownership,Manual review / complex ownership,27,Obvious Sainsbury’s retailer/private-label brand line.,Kefir milk drink with live cultures | fat free NATURAL COTTAGE CHEESE | Smoked Ham & Cheddar on malted bread | Authentic Greek yogurt | On the go greec style yogurt,Sainsbury's | Sainsbury's | Sainsbury's | Sainsbury's | Sainsbury's,append_candidate,direct,
sainsburys taste the difference,sainsburys taste the difference,Sainsbury's,direct,snacks,UK_IE,UK_IE,United Kingdom,layer3_review_decision_20260824,explicit_company_mapping_from_layer3_review,map to Sainsbury's,Other / not mapped to a company,Manual review / complex ownership,27,Obvious Sainsbury’s retailer/private-label brand line.,Sainsburys free from gluten triple chocolate cookies all butter recipe | Sicilian lemon flavoured meringues | Taste the Difference FreeFrom Mini Mince Pies | Chunky Maris Piper Chips | Belgian Dark Drinking Chocolate,"Sainsbury's taste the difference | Sainsbury's taste the difference | Sainsbury's Taste The Difference, Sainsbury's | Sainsbury's Taste the Difference,Taste the difference,Sainsbury's | Sainsbury’s Taste the Difference",append_candidate,direct,
u bio,u bio,Système U,direct,beverages,FRANCE,FRANCE,France,layer3_review_decision_20260824,explicit_company_mapping_from_layer3_review,map to Système U,Other / not mapped to a company,Manual review / complex ownership,27,Obvious Système U retailer/private-label brand line in France.,Jus de Pomme | Jus de Citron pur jus bio | Boisson au soja vanille | Nectar orange pêche abricot | Nectar multifruit,U bio | U BIO | U Bio | U Bio | U Bio,append_candidate,direct,
u saveurs,u saveurs,Système U,direct,dairies,FRANCE,FRANCE,France,layer3_review_decision_20260824,explicit_company_mapping_from_layer3_review,map to Système U,Other / not mapped to a company,Manual review / complex ownership,27,Obvious Système U retailer/private-label brand line in France.,Selles-sur-Cher | Burrata à la truffe d'été | Comté | Comte affine 18 mois minimum | Comté AOP au lait cru,U Saveurs | U Saveurs | U Saveurs | U Saveurs | U Saveurs,append_candidate,direct,
Monster Energy,monster energy,Monster Beverage Corp (Coca-Cola 20% stake / exclusive distrib),direct,beverages,US_CANADA,US_CANADA,United States,layer3_review_decision_20260824,approved_proposed_company_from_layer3_review,approve proposed,Monster Beverage Corp (Coca-Cola 20% stake / exclusive distrib),Monster Beverage Corp (Coca-Cola 20% stake / exclusive distrib),26,Proposed company mapping is concrete; approve for launch.,😡😡😡😡😡AHHHHH | Monster Energy Ultra Red | Ultra Red Energy Drink | Ultra Black Energy Drink | Zero Sugar Peach,Monster Energy | Monster Energy | Monster Energy | Monster Energy | Monster Energy,append_candidate,direct,
Walkers,walkers,PepsiCo,direct,snacks,US_CANADA,US_CANADA,United States,layer3_review_decision_20260824,explicit_company_mapping_from_layer3_review,map to PepsiCo,Manual review / complex ownership,Manual review / complex ownership,26,Known PepsiCo brand / regional alias missing from proposed mapping.,"Oven baked salt and vinegar crisps | SHORTBREAD TRIANGLES 150G - WALKERS - 150g | SHORTBREAD HIGHLANDERS | Walkers Crackers, Oat, Three Seed | Pure butter shortbread",Walkers | Walkers | WALKER'S | Walkers | Walkers,append_candidate,direct,
auchan,auchan,Auchan,direct,dairies,FRANCE|SOUTHERN_EUROPE,FRANCE|SOUTHERN_EUROPE,France,layer3_review_decision_20260824,explicit_company_mapping_from_layer3_review,map to Auchan,Manual review / complex ownership,Manual review / complex ownership,26,Obvious Auchan retailer/private-label brand line.,Le Camembert | Le Coulommiers | La Pointe de Brie | Sainte Maure Bûche de chèvre | Roquefort au lait cru de brebis,Auchan | Auchan | Auchan | Auchan | Auchan,append_candidate,direct,
danone,danone,Danone (Dannon in US),direct,dairies,FRANCE|US_CANADA,FRANCE|US_CANADA,France,layer3_review_decision_20260824,approved_proposed_company_from_layer3_review,approve proposed,Danone (Dannon in US),Danone (Dannon in US),26,Proposed company mapping is concrete; approve for launch.,Yaourt Le Nature | Skyr | Light and Free | Danonino aux fruits | Le fromage Blanc nature,Danone | Danone | Danone | Danone | Danone,append_candidate,direct,
leclerc,leclerc,E.Leclerc,direct,beverages,FRANCE,FRANCE,France,layer3_review_decision_20260824,explicit_company_mapping_from_layer3_review,map to E.Leclerc,Manual review / complex ownership,Manual review / complex ownership,26,Obvious E.Leclerc retailer/private-label brand line.,jafaden tropical | Jus Orange Sanguine | Jus d'orange 1 litre Leclerc | Bubble tea | jus d'orange pressé,Leclerc | Leclerc | Leclerc | Leclerc | Leclerc,append_candidate,direct,
Carrefour Bio,carrefour bio,Carrefour,direct,cereals,FRANCE,FRANCE,France,layer3_review_decision_20260824,explicit_company_mapping_from_layer3_review,map to Carrefour,Other / not mapped to a company,Manual review / complex ownership,25,"Carrefour brand/private-label/store-format row; brand entity should stay as normalized_brand, parent_company should be Carrefour.",Croustillant nature | Flakes d'épeautre | Blé soufflé au miel | muedli floconneux chocolat noisettes | Croustillant 3 chocolats,Carrefour Bio | Carrefour BIO | Carrefour BIO | Carrefour BIO | Carrefour Bio,append_candidate,direct,
monoprix,monoprix,Monoprix,direct,cereals,FRANCE,FRANCE,France,layer3_review_decision_20260824,explicit_company_mapping_from_layer3_review,map to Monoprix,Manual review / complex ownership,Manual review / complex ownership,25,Obvious Monoprix retailer/private-label brand line.,Corn Flakes | Céréales Fourrées chocolat | Pétales Riz blé complet & orge | Pétales riz et blé complet aux fruits rouges Monoprix | Pépites croustillantes 30% de fruits,"Monoprix, Monoprix P'tit Prix | Monoprix | Monoprix | Monoprix | Monoprix",append_candidate,direct,
Nescafé,nescafé,Nestlé,direct,beverages,UK_IE,UK_IE,United Kingdom,layer3_review_decision_20260824,explicit_company_mapping_from_layer3_review,map to Nestlé,Manual review / complex ownership,Manual review / complex ownership,24,Known Nestlé brand / brand line missing from proposed company mapping.,Gold Blend | Nescafé Original | Nescafé Original | Nescafé Espresso 100% arabica | Nescafé Azera decaff Americano | Nescafé Gold Crema | Nescafé Latte,"Nescafé | Nescafé | Nescafé | Nescafé | Nescafé, Bilash | Nescafé,Nestlé | Nescafé, Nestle",append_candidate,direct,
Schweppes,schweppes,Suntory Beverage & Food,market_scoped,beverages,FRANCE|DACH,FRANCE|DACH,France,layer3_review_decision_20260824,approved_proposed_company_from_layer3_review,approve proposed,Suntory Beverage & Food,Suntory Beverage & Food,24,Proposed company mapping is concrete; approve for launch.,Schweppes Zero INDIAN TONIC | Schweppes | Schweppes Agrum' | Indian Tonic | Schweppes pink tonic,Schweppes | schweppes | Schweppes | Schweppes | Schweppes,append_candidate,direct,Corrected before upsert-ready split: known complex/market-scoped or licensed brand; do not mark as plain direct.
SodaStream,sodastream,PepsiCo,direct,beverages,FRANCE|DACH,FRANCE|DACH,France,layer3_review_decision_20260824,explicit_company_mapping_from_layer3_review,map to PepsiCo,Manual review / complex ownership,Manual review / complex ownership,24,Known PepsiCo brand / regional alias missing from proposed mapping.,Concentré saveur pamplemousse rose | Concentré cola | Apfel | Getränkesirup Zitronen-Limetten-Geschmack | Sodastream Framboise 500mL Sodastream | CO2 Patrone,"Sodastream | Sodastream | Sodastream | sodastream | Sodastream | SodaStream Quick Connect, Sodastream",append_candidate,direct,
lidl,lidl,Lidl,direct,dairies,US_CANADA,US_CANADA,United States,layer3_review_decision_20260824,explicit_company_mapping_from_layer3_review,map to Lidl,Manual review / complex ownership,Manual review / complex ownership,24,Obvious Lidl retailer/private-label brand line.,New York Sharp Cheddar Cheese | Vitamin D Whole Milk | Extra Creamy Dairy Whipped Topping | Gouda Cheese | Lactose free milk by lidl,Lidl | Lidl | Lidl | Lidl | Lidl,append_candidate,direct,
lidl,lidl,Lidl,direct,snacks,FRANCE|DACH,FRANCE|DACH,France,layer3_review_decision_20260824,explicit_company_mapping_from_layer3_review,map to Lidl,Manual review / complex ownership,Manual review / complex ownership,24,Obvious Lidl retailer/private-label brand line.,Butterkaramellwaffeln | Mini Brotchips mit Knoblauch | Les Bûchettes citron vert | Brioche tranchée,"Lidl | Lidl, Snack Day | lidl | Lidl | Lidl",append_candidate,direct,
tesco finest,tesco finest,Tesco,direct,dairies,UK_IE,UK_IE,United Kingdom,layer3_review_decision_20260824,explicit_company_mapping_from_layer3_review,map to Tesco,Other / not mapped to a company,Manual review / complex ownership,24,Obvious Tesco retailer/private-label brand line.,Thick & Creamy Roasted Hazlenut Yoghurt | 0% fat Greek yogurt | Channel island while milk | Aged Blue Stilton | Kidderton Ash Goat s Cheese,"Tesco Finest | Tesco finest | Tesco finest, Tesco | Tesco finest,tesco | Tesco Finest,Tesco",append_candidate,direct,
Activia,activia,Danone,direct,dairies,UK_IE,UK_IE,United Kingdom,layer3_review_decision_20260824,explicit_company_mapping_from_layer3_review,map to Danone,Manual review / complex ownership,Manual review / complex ownership,23,Known Danone brand / brand line missing from proposed company mapping.,"Activia low fat vanilla & granola yoghert | Activia 0% Fat Vanilla Yogur | Low Fat Vanilla Yogurt & Granola | Mix and go vanilla | 8 pots Prune, Fig, Blackberry and Raspberry, and Rhubarb | Activia Intensely Creamy Bursting Blueberry","Activia | Activia | Activia | Activia | Activia | Activia,Danone | ACTIVIA,Danone",append_candidate,direct,
Carrefour Classic,carrefour classic,Carrefour,direct,dairies,FRANCE,FRANCE,France,layer3_review_decision_20260824,explicit_company_mapping_from_layer3_review,map to Carrefour,Other / not mapped to a company,Manual review / complex ownership,23,"Carrefour brand/private-label/store-format row; brand entity should stay as normalized_brand, parent_company should be Carrefour.",MOZZARELLA | emmenthal râpé fondant | Gruyère râpé | Brassé Fruits Mixés | Crème dessert saveur vanille | Cœur Complice doux et crémeux | LAIT Facile à digérer* | Dés de meule fruitée | Emmental fran�ais | Emmental français,"Carrefour Classic',Carrefour | carrefour classic | Carrefour classic | CARREFOUR CLASSIC' | Carrefour Classic, Carrefour | Carrefour,Carrefour Classic | Carrefour,Carrefour Classic' | Carrefour, Carrefour Classic', Classic' | Carrefour, Carrefour Classic | Carrefour, Carrefour classic",append_candidate,direct,
KitKat,kitkat,Nestlé,market_scoped,snacks,FRANCE,FRANCE,France,layer3_review_decision_20260824,approved_proposed_company_from_layer3_review,approve proposed,Nestlé,Nestlé,23,Proposed company mapping is concrete; approve for launch.,Kitkat dark | Kitkat | Sugarsnaps | Kitkat dark | Japan Kit Kat | KitKat Chunky Funky | KITKAT Mini figurines | KITKAT Noisette Marbré 41.5g,"KitKat | KitKat | KitKat | KitKat | KitKat | KitKat, Nestlé | Kitkat, Nestlé | Kitkat, Nestlé",append_candidate,direct,Corrected before upsert-ready split: known complex/market-scoped or licensed brand; do not mark as plain direct.
Schweppes,schweppes,Suntory Beverage & Food,market_scoped,beverages,FRANCE,FRANCE,France,layer3_review_decision_20260824,approved_proposed_company_from_layer3_review,approve proposed,Suntory Beverage & Food,Other / not mapped to a company,23,Proposed company mapping is concrete; approve for launch.,Orangina | Schweppes Agrum' | Miss O ! Framboise Light | Schweppes Zero Fraise | Orangina Miss O! Mûre | Schweppes Agrum' | Schweppes Indian Tonic | O verger | les Eaux de thé BIO | May tea | Jus de pomme pétillant Champomy (pack de 2) | Pulco citron a diluer | Menthe | Ricqles saveur menthe | Schweppes Dry Ginger Ale Drink 330ML,"Orangina, Schweppes | Orangina, Schweppes | Orangina, Schweppes | Orangina, Schweppes | Orangina, Schweppes | Orangina Schweppes, Schweppes | Orangina Schweppes, Schweppes | Orangina Schweppes, Schweppes, oasis | May Tea,Orangina Schweppes,Schweppes,Suntory | May Tea, Schweppes | Champomy,Orangina,Schweppes | Pulco, Schweppes | Ricqles, Schweppes | Scheppes, Schweppes | Scheweppes, Schweppes",append_candidate,direct,Corrected before upsert-ready split: known complex/market-scoped or licensed brand; do not mark as plain direct.
aldi,aldi,Aldi,direct,snacks,FRANCE|DACH,FRANCE|DACH,France,layer3_review_decision_20260824,explicit_company_mapping_from_layer3_review,map to Aldi,Manual review / complex ownership,Manual review / complex ownership,23,Obvious Aldi retailer/private-label brand line.,"Jasmin Reis | Profiteroles | Choco Bistro Schoko Butterkeks, Zartbitter | Muffin, Schokolade | Biscuits à l'Avoine Bio","Aldi | Aldi, Villa Gusto | Aldi, Choco Bistro | Aldi, Mike Mitchell's | Aldi, Nature Active Bio",append_candidate,direct,
carrefour,carrefour,Carrefour,direct,beverages,BENELUX|FRANCE|SOUTHERN_EUROPE,BENELUX|FRANCE|SOUTHERN_EUROPE,Belgium,layer3_review_decision_20260824,explicit_company_mapping_from_layer3_review,map to Carrefour,Manual review / complex ownership,Manual review / complex ownership,23,"Carrefour brand/private-label/store-format row; brand entity should stay as normalized_brand, parent_company should be Carrefour.",Iced tea saveur pêche | Intenso | Fresh Tonic Soda avec sucre et édulcolorants | Jus d'orange à base de concentré | Orange sans pulpe,"Carrefour | Carrefour | Carrefour | Carrefour, Groupe Carrefour | Carrefour",append_candidate,direct,
carrefour,carrefour,Carrefour,direct,snacks,BENELUX|FRANCE|SOUTHERN_EUROPE,BENELUX|FRANCE|SOUTHERN_EUROPE,Belgium,layer3_review_decision_20260824,explicit_company_mapping_from_layer3_review,map to Carrefour,Manual review / complex ownership,Manual review / complex ownership,23,"Carrefour brand/private-label/store-format row; brand entity should stay as normalized_brand, parent_company should be Carrefour.",Chocolat lait | Toetilla Chips Nature | ChocoGrani | Sticks et bretzels | P'tit Déj Honey & chocolate chips*,Carrefour | Carrefour | Carrefour | Carrefour | Carrefour,append_candidate,direct,
monoprix bio,monoprix bio,Monoprix,direct,snacks,FRANCE,FRANCE,France,layer3_review_decision_20260824,explicit_company_mapping_from_layer3_review,map to Monoprix,Other / not mapped to a company,Manual review / complex ownership,23,Obvious Monoprix retailer/private-label brand line.,6 Gaufres au Miel à la farine d'épeautre | Goûter fourrés Cacao | Barres Abricot Chocolat | Barres Cranberries cajou quinoa Bio Monoprix,"Monoprix Bio, monoprix | MONOPRIX BIO ! | MONOPRIX BIO ! | MONOPRIX BIO ! | MONOPRIX BIO !",append_candidate,direct,
Carrefour Bio,carrefour bio,Carrefour,direct,dairies,FRANCE|SOUTHERN_EUROPE,FRANCE|SOUTHERN_EUROPE,France,layer3_review_decision_20260824,explicit_company_mapping_from_layer3_review,map to Carrefour,Other / not mapped to a company,Manual review / complex ownership,22,"Carrefour brand/private-label/store-format row; brand entity should stay as normalized_brand, parent_company should be Carrefour.",Yaourts nature au lait entier x12 Bio Carrefour | Fromage Frais | Beurre demi-sel | Crème dessert chocolat | Crème dessert vanille | Yaourt maigre,"Carrefour BIO, Carrefour | Carrefour BIO,Carrefour | Carrefour BIO, Carrefour | Carrefour BIO, Carrefour, Groupe Carrefour | Carrefour BIO, Carrefour | Carrefour,Carrefour Bio",append_candidate,direct,
boursin,boursin,Bel Group,direct,dairies,FRANCE,FRANCE,France,layer3_review_decision_20260824,explicit_company_mapping_from_layer3_review,map to Bel Group,Manual review / complex ownership,Other / not mapped to a company,22,Known Bel Group cheese brand.,"Boursin Apéritif Les roulés Jambon fumé Poivre | Tomate, Oignon & Ciboulette (39,5 % MG) | Boursin® Salade Figue & apéritif | Boursin® Echalote & Ciboulette Portion x10 | Boursin® Figues et 3 Noix Portion x10","Bel, Boursin, Boursin aperitif | Bel, Boursin | Bel, Boursin, Boursin salade | Bel, Boursin, Boursin atartiner/core cheese | Bel, Boursin, Boursin atartiner/core cheese",append_candidate,direct,
carrefour le marche,carrefour le marche,Carrefour,direct,snacks,FRANCE,FRANCE,France,layer3_review_decision_20260824,explicit_company_mapping_from_layer3_review,map to Carrefour,Other / not mapped to a company,Other / not mapped to a company,22,"Carrefour brand/private-label/store-format row; brand entity should stay as normalized_brand, parent_company should be Carrefour.",Brioche Nanterre | galettes pommes | Kouglof | Mini Viennoiseries | Pains Raisins x2,Carrefour-le-marche | Carrefour-le-marche | Carrefour-le-marche | Carrefour le Marché | Carrefour-le-marche,append_candidate,direct,
lidl,lidl,Lidl,direct,snacks,US_CANADA,US_CANADA,United States,layer3_review_decision_20260824,explicit_company_mapping_from_layer3_review,map to Lidl,Manual review / complex ownership,Manual review / complex ownership,22,Obvious Lidl retailer/private-label brand line.,Pépites chocolat noir Navarre | 12 macarons | Bio Chocolat Noir equateur | Baton cookies | Feine Schokoladenfiguren Vollmilch,"Lidl | Lidl | Lidl | Lidl | Lidl,Favorina,Wergona Schokoladen",append_candidate,direct,
monoprix bio,monoprix bio,Monoprix,direct,dairies,FRANCE,FRANCE,France,layer3_review_decision_20260824,explicit_company_mapping_from_layer3_review,map to Monoprix,Other / not mapped to a company,Manual review / complex ownership,22,Obvious Monoprix retailer/private-label brand line.,Emmental | Emmental bio | Emmental | Emmental | Emmental,Monoprix Bio | Monoprix Bio | Monoprix Bio | Monoprix Bio | Monoprix Bio,append_candidate,direct,
paturages,paturages,Les Mousquetaires / Intermarché,direct,dairies,BENELUX|FRANCE,BENELUX|FRANCE,Belgium,layer3_review_decision_20260824,explicit_company_mapping_from_layer3_review,map to Les Mousquetaires / Intermarché,Manual review / complex ownership,Manual review / complex ownership,22,Pâturages is an Intermarché / Les Mousquetaires private-label dairy line.,Paturette Caramel | Fromage blanc 8% de matière grasse | Fromage blanc 0% de matière grasse | Emmental français râpé | Lait Demi Ecrémé Pâturages | Yab fraise banane 850g,"Pâturages | Pâturages | Pâturages | Pâturages | Pâturages | Paturages (Intermarché), Paturages",append_candidate,direct,
Coca-Cola,coca-cola,The Coca-Cola Company,direct,beverages,US_CANADA,US_CANADA,United States,layer3_review_decision_20260824,explicit_company_mapping_from_layer3_review,map to The Coca-Cola Company,Manual review / complex ownership,Other / not mapped to a company,21,Known Coca-Cola system brand; route to The Coca-Cola Company at company layer.,coke | Diet coke | Cherry coke | Diet Coke - 6pk/16.9 fl oz Bottles | Diet Coke Caffeine Free - Bottles,Coke | Coke | Coke | Coke | Coke,append_candidate,direct,
Simpl,simpl,Carrefour,direct,snacks,FRANCE|SOUTHERN_EUROPE,FRANCE|SOUTHERN_EUROPE,France,layer3_review_decision_20260824,explicit_company_mapping_from_layer3_review,map to Carrefour,Other / not mapped to a company,Manual review / complex ownership,21,"Carrefour brand/private-label/store-format row; brand entity should stay as normalized_brand, parent_company should be Carrefour.",Croissants | Pain au Chocolat | Brioche tranchée | Barre pâtissière | Biscuit tablette | Chocolate Para postres,"Carrefour, Simpl | Carrefour, Simpl | Carrefour, Simpl | Carrefour, Simpl | Carrefour, Simpl | Carrefour Discount, Simpl, produits blancs",append_candidate,direct,
Cadbury,cadbury,Mondelēz International,market_scoped,snacks,FRANCE|UK_IE,FRANCE|UK_IE,France,layer3_review_decision_20260824,approved_proposed_company_from_layer3_review,approve proposed,Mondelēz International,Mondelēz International,20,Proposed company mapping is concrete; approve for launch. | Cadbury ownership/routing is market-sensitive; status corrected to market_scoped before launch upsert.,"Dairy Milk | DAIRY MILK | Curly Wurly | Fudge | Cadbury Heroes Chocolate Tub, 660 G","Cadbury | Cadbury | Cadbury | Cadbury | Cadbury | Cadbury, Mondelez",append_candidate,direct,Corrected before upsert-ready split: known complex/market-scoped or licensed brand; do not mark as plain direct. | Cadbury ownership/routing is market-sensitive; status corrected to market_scoped before launch upsert.
Carrefour Bio,carrefour bio,Carrefour,direct,dairies,BENELUX|FRANCE,BENELUX|FRANCE,Belgium,layer3_review_decision_20260824,explicit_company_mapping_from_layer3_review,map to Carrefour,Other / not mapped to a company,Manual review / complex ownership,20,"Carrefour brand/private-label/store-format row; brand entity should stay as normalized_brand, parent_company should be Carrefour.","Féta Bio | Aux fruits avec morceaux Fraise, Poire, Abricot ou Framboise | Petit reblochon au lait cru Bio | yaourt à la greque | Carrefour Bio Lait Demi-Écrémé","Carrefour BIO, Carrefour | Carrefour BIO, Carrefour | Carrefour BIO, Carrefour | carrefour bio | Carrefour BIO, Carrefour",append_candidate,direct,
Carrefour Sélection,carrefour sélection,Carrefour,direct,beverages,FRANCE,FRANCE,France,layer3_review_decision_20260824,explicit_company_mapping_from_layer3_review,map to Carrefour,Other / not mapped to a company,Manual review / complex ownership,20,"Carrefour brand/private-label/store-format row; brand entity should stay as normalized_brand, parent_company should be Carrefour.","Orange Floride, 100 % Pur Jus Pressé | Ananas Costa Rica, 100 % Pur jus pressé | Raisin Litchi, 100 % Purs Fruits Pressés | Orange du Brésil 100% pur fruit pressé | Douceur exotique | Jus Multifruits Pomme, Litchi, Goyave | Eau minérale naturelle","Carrefour Sélection | Carrefour Sélection | Carrefour Sélection | Carrefour Sélection | Carrefour Selection | Carrefour,Carrefour Sélection | Carrefour, Carrefour Sélection",append_candidate,direct,
Fuze Tea,fuze tea,The Coca-Cola Company,direct,beverages,FRANCE,FRANCE,France,layer3_review_decision_20260824,explicit_company_mapping_from_layer3_review,map to The Coca-Cola Company,Manual review / complex ownership,Other / not mapped to a company,20,Known Coca-Cola system brand; route to The Coca-Cola Company at company layer.,fuzetea | Fuzetea thé glacé pêche intense | Tea pêche | Fuzetea pomme cannelle | Fuzetea Peach | Jasmine Green Tea,fuzetea | Fuzetea | Fuzetea | Fuzetea | Fuzetea | fuzetea; Heaven and Earth; Coca Cola,append_candidate,direct,
Gatorade,gatorade,PepsiCo,direct,beverages,FRANCE|US_CANADA,FRANCE|US_CANADA,France,layer3_review_decision_20260824,explicit_company_mapping_from_layer3_review,map to PepsiCo,Manual review / complex ownership,Manual review / complex ownership,20,Known PepsiCo brand / regional alias missing from proposed mapping.,"Green apple bold & intense thirst quencher | Lemon-lime zero sugar thirst quencher, lemon-lime | Gatorade Zero | Zero glacier cherry sports drink | Gatorade Zero Glacier Freeze",Gatorade | Gatorade | Gatorade | Gatorade | Gatorade,append_candidate,direct,
Nescafé,nescafé,Nestlé,direct,beverages,FRANCE|DACH,FRANCE|DACH,France,layer3_review_decision_20260824,explicit_company_mapping_from_layer3_review,map to Nestlé,Manual review / complex ownership,Manual review / complex ownership,20,Known Nestlé brand / brand line missing from proposed company mapping.,"Eiskaffee | Nescafé Cappuccino Weniger Süß | Nescafé cappucino | Nescafé Gold de Luxe | Nescafé Cappuccino, Entkoffeiniert, Typ Cappuccino | Latte Macchiato Nescafe | Nescafé Classic Mild Instantkaffee | Nestle DG Late Macchiato Vanilla 8+8 | Nescafé Xpress Typ Vanilla","Nestlé,Nescafé,Special filtre | Nestlé, Nescafé | Nestlé, Nescafe | Nestlé, Fach, Nescafe, Fach 2 | Nestlé,Nescafé | Nescafe | Nescafe | Nescafe, Nescafé | Nescafé | Nescafé",append_candidate,direct,
Nesquik,nesquik,Nestlé,direct,beverages,FRANCE,FRANCE,France,layer3_review_decision_20260824,explicit_company_mapping_from_layer3_review,map to Nestlé,Manual review / complex ownership,Manual review / complex ownership,20,Known Nestlé brand / brand line missing from proposed company mapping.,"Nesquik | Nesquik gourmand | Mon Premier Nesquik | NESQUIK Poudre Cacaotée boîte 1,1kg | Nesquik | chocolat en poudre | Nesquik | Nesquik Saveur Choco Noisette | Code-barres inexistant et/ou fiche incomplète, obsolète ou en doublon | Nesquik","Nestlé, Nesquik | Nestlé, Nesquik | Nestlé, Nesquik | Nestlé, Nesquik | Nestlé, Nesquik | Nesquik | Nesquik | Nesquik | Nesquik | Nesquik",append_candidate,direct,
Nesquik,nesquik,Nestlé,direct,cereals,FRANCE,FRANCE,France,layer3_review_decision_20260824,explicit_company_mapping_from_layer3_review,map to Nestlé,Manual review / complex ownership,Manual review / complex ownership,20,Known Nestlé brand / brand line missing from proposed company mapping.,"Code-barres inexistant et/ou fiche incomplète, obsolète ou en doublon | Céréales Nesquik | NESQUIK Céréales Petit Déjeuner 625g + 20% | Nesquik grand | Nesquik | Code-barres inexistant et/ou fiche incomplète, obsolète ou en doublon | Code-barres inexistant et/ou fiche incomplète, obsolète ou en doublon | Code-barres inexistant et/ou fiche incomplète, obsolète ou en doublon | Céréales Nesquik | cereal chocolatoso","Nestlé,Nesquik | Nestlé, Nesquik | Nestlé, Nesquik | Nestlé, Nesquik | Nestlé, Nesquik | Nesquik | Nesquik | Nesquik | Nesquik | nesquik",append_candidate,direct,
Quaker Oats,quaker oats,PepsiCo,direct,cereals,US_CANADA,US_CANADA,United States,layer3_review_decision_20260824,explicit_company_mapping_from_layer3_review,map to PepsiCo,Manual review / complex ownership,Manual review / complex ownership,20,Known PepsiCo brand / regional alias missing from proposed mapping.,"Quaker simply granola oats, honey, and almonds | 100% Whole Grain Rolled Oats Old Fashioned | Quaker Strawberries & Cream Instant Oatmeal (10-1.23 Ounce) 12.3 Ounce 10 Packet Box | Original breakfast cereal | Steel Cut Oats",Quaker Oats | Quaker Oats | Quaker oats | Quaker Oats | Quaker Oats,append_candidate,direct,
Rolo,rolo,The Hershey Company,market_scoped,snacks,US_CANADA,US_CANADA,United States,layer3_review_decision_20260824,approved_proposed_company_from_layer3_review,approve proposed,The Hershey Company,The Hershey Company,20,Proposed company mapping is concrete; approve for launch.,"Creamy Caramels Wrapped In Rich Chocolate Candy, Creamy Caramels | Dark Salted Caramel Rolos | Chewy Caramels In Milk Chocolate | Chewy Caramels In Milk Chocolate | Chewy Caramels In Milk Chocolate",Rolo | Rolo | Rolo | Rolo | Rolo,append_candidate,direct,Corrected before upsert-ready split: known complex/market-scoped or licensed brand; do not mark as plain direct.
lindt,lindt,Lindt & Sprüngli,direct,snacks,FRANCE|SOUTHERN_EUROPE,FRANCE|SOUTHERN_EUROPE,France,layer3_review_decision_20260824,explicit_company_mapping_from_layer3_review,map to Lindt & Sprüngli,Manual review / complex ownership,Manual review / complex ownership,20,Known Lindt brand / line.,Lindt excellence 99% | Chocolat noir extra fondants | Excellence Noir Pistache à la Pointe de Sel | Chocolat noir pépite de cacao | Création - Menthe Frappée,Lindt | Lindt | Lindt | Lindt | Lindt,append_candidate,direct,
wegmans organic,wegmans organic,Wegmans,direct,dairies,US_CANADA,US_CANADA,United States,layer3_review_decision_20260824,explicit_company_mapping_from_layer3_review,map to Wegmans,Other / not mapped to a company,Manual review / complex ownership,20,Obvious Wegmans retailer/private-label / corporate brand line.,Unsalted Sweet Cream Butter | Salted butter | cream cheese | 1% low fat milk | Vitamin D Whole Milk,Wegmans Organic | Wegmans Organic | Wegmans Organic | Wegmans Organic | Wegmans Organic,append_candidate,direct,
Activia,activia,Danone,direct,dairies,BENELUX|FRANCE,BENELUX|FRANCE,Belgium,layer3_review_decision_20260824,explicit_company_mapping_from_layer3_review,map to Danone,Manual review / complex ownership,Manual review / complex ownership,19,Known Danone brand / brand line missing from proposed company mapping.,"Activia Fruits (Fraise, Ananas, Cerise, Mangue, Figue, Abricot) 16 Pots | Activia Fruits (Ananas) | Activa (Nature) 12 Pots | Activia (Nature) 16 Pots | Activia 0% fraise | Kéfir Doux Nature | Activia nature | Activia | activia framboos | Activia - muesli Framboise Chia","Activia, Danone | Activia, Danone | Activia, Danone | Activia, Danone | Activia, danone | ACTIVIA | Activia | Activia, Bosbes | Activia | Activia",append_candidate,direct,
Belvita,belvita,Mondelēz International,direct,snacks,UK_IE,UK_IE,United Kingdom,layer3_review_decision_20260824,explicit_company_mapping_from_layer3_review,map to Mondelēz International,Manual review / complex ownership,Manual review / complex ownership,19,Known Mondelēz brand / regional Cadbury routing outside US.,Belvita Soft Bakes | Belvita Breakfast Biscuits Milk & Cereal | Apricot soft bakes | belvita baked bar | SOFT BAKES Red Berries | Soft Bakes Blueberry,"Belvita | Belvita | Belvita | Belvita | belVita | Belvita,Mondelez",append_candidate,direct,
Fanta,fanta,The Coca-Cola Company,direct,beverages,FRANCE|DACH,FRANCE|DACH,France,layer3_review_decision_20260824,explicit_company_mapping_from_layer3_review,map to The Coca-Cola Company,Manual review / complex ownership,Manual review / complex ownership,19,Known Coca-Cola system brand; route to The Coca-Cola Company at company layer.,Fanta Strawberry | Fanta Green Apple | Kiwi und Strawberry Limo | Fanta Lemon Ohne Zucker | Fanta | Fanta Orange | Fanta Lemon ohne Zucker | Fanta Mango | ALDI Coca-Cola Fanta orange 1.49€ plus 0.25€ Pfand 1l 0.75€ | Fanta Orange | Fanta Orange Zero,"Fanta | Fanta | Fanta | Fanta,Fanta-light | Fanta, Fanta-light | Coca-Cola, Fanta | Coca-Cola, Fanta, Orange | Coca-Cola, Coca-Cola Company, Fanta | Coca-Cola, Fanta | Fanta,Coca-Cola | Fanta, The Coca Cola Company | Fanta,The Coca-Cola Company",append_candidate,direct,
casino bio,casino bio,Groupe Casino,direct,dairies,FRANCE,FRANCE,France,layer3_review_decision_20260824,explicit_company_mapping_from_layer3_review,map to Groupe Casino,Other / not mapped to a company,Manual review / complex ownership,19,Obvious Casino retailer/private-label brand line.,Emmental Bio | Faiselle lait entier Bio | Crème dessert au chocolat Bio | Lait demi-écrémé | Lait entier,"Casino Bio | Casino Bio | Casino BIO, Groupe Casino | Casino BIO, Groupe Casino | Casino bio",append_candidate,direct,
coop naturaplan,coop naturaplan,Coop,direct,dairies,FRANCE|DACH,FRANCE|DACH,France,layer3_review_decision_20260824,explicit_company_mapping_from_layer3_review,map to Coop,Other / not mapped to a company,Manual review / complex ownership,19,Obvious Coop retailer/private-label brand line.,"Jogurt Nature bio | Yogourt Moka Bio, ferme | Bifidus Vollmilchjogurt nature BIO | Beurre bio | Lait Drink Bio",coop naturaplan | Coop naturaplan | Coop Naturaplan | Coop naturaplan | Coop naturaplan,append_candidate,direct,
danone,danone,Danone,direct,dairies,FRANCE|DACH,FRANCE|DACH,France,layer3_review_decision_20260824,approved_proposed_company_from_layer3_review,approve proposed,Danone,Danone,19,Proposed company mapping is concrete; approve for launch.,Actimel Défenses Immunitaires | Skir | Velouté Fruix Framboise | Recette cremeuse aux fruits panache fruits rouges 125 g x 8 | Danone skyr 140 g x 2 nature,"Danone | Danone | Danone | Danone, Recette cremeuse, Recette cremeuse aux fruits | Danone, Danone of the world",append_candidate,direct,
président,président,Lactalis,direct,dairies,FRANCE|SOUTHERN_EUROPE,FRANCE|SOUTHERN_EUROPE,France,layer3_review_decision_20260824,explicit_company_mapping_from_layer3_review,map to Lactalis,Manual review / complex ownership,Manual review / complex ownership,19,Known Lactalis brand.,Beurre doux bio | Beurre doux 60% | Brie Cheese | Manteiga Magra com sal | Rulo de Cabra,Président | Président | Président | Président | President,append_candidate,direct,
Cadbury,cadbury,Mondelēz International,market_scoped,dairies,UK_IE,UK_IE,United Kingdom,layer3_review_decision_20260824,approved_proposed_company_from_layer3_review,approve proposed,Mondelēz International,Mondelēz International,18,Proposed company mapping is concrete; approve for launch. | Cadbury ownership/routing is market-sensitive; status corrected to market_scoped before launch upsert.,Cadbury mini egg yogurt | Layers of Joy Chocolate Trifle Desserts 2 x | Wispa Chocolate Dessert x | Royal Chai Masala Chai | Dairy Milk Buttons,"Cadbury | Cadbury | Cadbury | Cadbury, Royal chai | Cadbury",append_candidate,direct,Corrected before upsert-ready split: known complex/market-scoped or licensed brand; do not mark as plain direct. | Cadbury ownership/routing is market-sensitive; status corrected to market_scoped before launch upsert.
Carrefour Sélection,carrefour sélection,Carrefour,direct,snacks,FRANCE,FRANCE,France,layer3_review_decision_20260824,explicit_company_mapping_from_layer3_review,map to Carrefour,Other / not mapped to a company,Manual review / complex ownership,18,"Carrefour brand/private-label/store-format row; brand entity should stay as normalized_brand, parent_company should be Carrefour.","Cheesecake nature sur son biscuit croustillant | Assortiment de chocolats lait, noir, blanc | Assortiment de chocolats au lait | Chocolat Noir Fourré Truffe Crumble et Framboise | NOIR 80% Cacao | Galette des rois | Galette des rois frangipane | Galette des Rois Frangipane à la pâte d'amandes | LAIT Extra fin | Palmiers","Carrefour Sélection,Carrefour | Carrefour Sélection,Carrefour | Carrefour Sélection,Carrefour | Carrefour Sélection,Carrefour | Carrefour Sélection,Carrefour | Carrefour,Carrefour Sélection | Carrefour, Carrefour Sélection | Carrefour,Carrefour Sélection | Carrefour, Carrefour Sélection | Carrefour,Carrefour Sélection",append_candidate,direct,
Nescafé,nescafé,Nestlé,direct,beverages,FRANCE|SOUTHERN_EUROPE,FRANCE|SOUTHERN_EUROPE,France,layer3_review_decision_20260824,explicit_company_mapping_from_layer3_review,map to Nestlé,Manual review / complex ownership,Manual review / complex ownership,18,Known Nestlé brand / brand line missing from proposed company mapping.,Nescafé | Decaffeinated instant coffee | Dolce Gusto Bonka Ristretto | Cafè soluble 3 a 1 | Vitalíssimo café soluble descafeinado | Classic descafeinado,"Nescafe | Nescafé | Nescafé | Nescafé | Nescafe | Nescafé,Nestlé",append_candidate,direct,
Schweppes,schweppes,Suntory Beverage & Food,market_scoped,beverages,FRANCE|SOUTHERN_EUROPE,FRANCE|SOUTHERN_EUROPE,France,layer3_review_decision_20260824,approved_proposed_company_from_layer3_review,approve proposed,Suntory Beverage & Food,Suntory Beverage & Food,18,Proposed company mapping is concrete; approve for launch.,Acqua tonica | Schweppws gusto agrumi | Schweppes Limone | Tonica zero pet | Tonica Schweppes Lata,Schweppes | Schweppes | Schweppes | Schweppes | Schweppes,append_candidate,direct,Corrected before upsert-ready split: known complex/market-scoped or licensed brand; do not mark as plain direct.
aldi,aldi,Aldi,direct,cereals,US_CANADA,US_CANADA,United States,layer3_review_decision_20260824,explicit_company_mapping_from_layer3_review,map to Aldi,Manual review / complex ownership,Manual review / complex ownership,18,Obvious Aldi retailer/private-label brand line.,Maple & Brown Sugar Instant Oatmeal | Frosted Flakes | Blueberry flax whole granola grain | Vitality Cereal Vainilla Almond | Honey Nut Crispy Oats,"Aldi, Millville | Aldi | Aldi | Aldi | Aldi",append_candidate,direct,
boursin,boursin,Bel Group,direct,dairies,US_CANADA,US_CANADA,United States,layer3_review_decision_20260824,explicit_company_mapping_from_layer3_review,map to Bel Group,Manual review / complex ownership,Manual review / complex ownership,18,Known Bel Group cheese brand.,"Boursin Gournay cheese | Boursin Cracked Black Pepper Soft White Cheese | Shallot & Chive Spreadable Gourmet Cheese | Boursin, gournay cheese, apple, cranberry & cinnamon, apple, cranberry & cinnamon | Boursin, gourmet spreadable cheese, garlic & herb",Boursin | Boursin | Boursin | Boursin | Boursin,append_candidate,direct,
le rustique,le rustique,Savencia,direct,dairies,FRANCE,FRANCE,France,layer3_review_decision_20260824,explicit_company_mapping_from_layer3_review,map to Savencia,Manual review / complex ownership,Other / not mapped to a company,18,Known Savencia cheese brand.,Tomme fruitée | Le grand Rustique | le grand rustique | Le Rustique | Le Rustique Camembert 250g Offre éco | Coulommiers,"CF&R, Le Rustique, Savencia | CF&R, Jean Verrier, Le Rustique, Savencia | CF&R, Le Rustique, Savencia, jean verrier | CF&R, Jean Verrier, Le Rustique, Savencia | CF&R, Le Rustique, Savencia | Agropur, CF&R, Le Rustique",append_candidate,direct,
lidl,lidl,Lidl,direct,beverages,FRANCE|DACH,FRANCE|DACH,France,layer3_review_decision_20260824,explicit_company_mapping_from_layer3_review,map to Lidl,Manual review / complex ownership,Manual review / complex ownership,18,Obvious Lidl retailer/private-label brand line.,Forte lungo | Icea tea | Mineralwasser still 6er Pack | Sirop cassis | Emmentaler,"Lidl | Lidl | Lidl | Lidl | Lidl, Penny",append_candidate,direct,
lidl,lidl,Lidl,direct,dairies,FRANCE|DACH,FRANCE|DACH,France,layer3_review_decision_20260824,explicit_company_mapping_from_layer3_review,map to Lidl,Manual review / complex ownership,Manual review / complex ownership,18,Obvious Lidl retailer/private-label brand line.,"butter | Harzer Käse | Chèvrelard | Le Gruyère, Gerieben | Yogourt framboise","lidl | Lidl | Lidl, Petit Chebra | Lidl | Lidl, Qualité Suisse",append_candidate,direct,
sainsburys,sainsburys,Sainsbury's,direct,cereals,FRANCE|UK_IE,FRANCE|UK_IE,France,layer3_review_decision_20260824,explicit_company_mapping_from_layer3_review,map to Sainsbury's,Manual review / complex ownership,Manual review / complex ownership,18,Obvious Sainsbury’s retailer/private-label brand line.,Porridge oats | Wholewheat biscuits | Pure Porridge Oats | Whole Scottish Porridge Oats | Fruit & nut muesli,"Sainsbury's | Sainsbury's | Sainsbury's | Sainsbury's | Sainsbury's, Taste the difference, Tesco Taste the Difference",append_candidate,direct,
tesco,tesco,Tesco,direct,snacks,UK_IE,UK_IE,Ireland,layer3_review_decision_20260824,explicit_company_mapping_from_layer3_review,map to Tesco,Manual review / complex ownership,Manual review / complex ownership,18,Obvious Tesco retailer/private-label brand line.,Nice Biscuits | Custard Creams | MARSHMALLOWS | White Cooking Chocolate | Scottish Rough Oatcakes,Tesco | Tesco | TESCO | Tesco | Tesco,append_candidate,direct,
Carrefour Bio,carrefour bio,Carrefour,direct,cereals,FRANCE|SOUTHERN_EUROPE,FRANCE|SOUTHERN_EUROPE,France,layer3_review_decision_20260824,explicit_company_mapping_from_layer3_review,map to Carrefour,Other / not mapped to a company,Manual review / complex ownership,17,"Carrefour brand/private-label/store-format row; brand entity should stay as normalized_brand, parent_company should be Carrefour.",Muesli croustillant chocolat | Muesli croustillant | Muesli 5 céréales nature | Corn flakes | Croustillant Chocolat quinoa,"Carrefour BIO, Carrefour | Carrefour BIO,Carrefour | Carrefour BIO,Carrefour | Carrefour Bio,Carrefour | Carrefour Bio,Carrefour",append_candidate,direct,
Coca-Cola,coca-cola,The Coca-Cola Company,direct,beverages,BENELUX|FRANCE,BENELUX|FRANCE,Belgium,layer3_review_decision_20260824,explicit_company_mapping_from_layer3_review,map to The Coca-Cola Company,Manual review / complex ownership,Manual review / complex ownership,17,Known Coca-Cola system brand; route to The Coca-Cola Company at company layer.,Cola Regular - Coca-cola - 1.5 Liters | Coca-Cola Collector 2013 | Coca-Cola | Coca Cola Original taste,Coca-Cola | Coca-Cola | Coca Cola | Coca-Cola | Coca-Cola,append_candidate,direct,
Smarties,smarties,Nestlé,market_scoped,snacks,FRANCE,FRANCE,France,layer3_review_decision_20260824,approved_proposed_company_from_layer3_review,approve proposed,Nestlé,Manual review / complex ownership,17,Proposed company mapping is concrete; approve for launch.,SMARTIES Chocolat blanc Sachet 250g | SMARTIES Hexa Multipack 6x34g | Lapin en chocolat Klapperhase | Père Noël | SMARTIES poussin 85g,"Nestlé, Smarties | Nestlé, Smarties | Nestlé, Smarties | Nestlé, Smarties | Nestlé, Smarties",append_candidate,direct,Corrected before upsert-ready split: known complex/market-scoped or licensed brand; do not mark as plain direct.
babybel,babybel,Bel Group,direct,dairies,US_CANADA,US_CANADA,United States,layer3_review_decision_20260824,explicit_company_mapping_from_layer3_review,map to Bel Group,Manual review / complex ownership,Manual review / complex ownership,17,Known Bel Group cheese brand.,Babybel Mini Original Semisoft Cheese | Semisoft Cheese | Original mini semisoft cheeses | White cheddar | Mini Original Semisoft Cheese,Babybel | Babybel | Babybel | Babybel | Babybel,append_candidate,direct,
danonino,danonino,Danone,direct,dairies,FRANCE,FRANCE,France,layer3_review_decision_20260824,explicit_company_mapping_from_layer3_review,map to Danone,Manual review / complex ownership,Danone,17,Known Danone brand / brand line missing from proposed company mapping.,Danonino | Danonino gourde fraise banane 70 g x 4 | Danonino aux fruits fraise framboise abricot 100 g x 6 | Danoino aux fruits fraise framboise abricot 50 g x 6 | Danonino aux fruits panache 50 g x 24,"Danone, Danonino | Danone, Danonino, Danonino pouch | Danone, Danonino, Danonino fruits | Danone, Danonino, Danonino fruits | Danone, Danonino, Danonino fruits",append_candidate,direct,
lidl,lidl,Lidl,direct,beverages,US_CANADA,US_CANADA,United States,layer3_review_decision_20260824,explicit_company_mapping_from_layer3_review,map to Lidl,Manual review / complex ownership,Manual review / complex ownership,17,Obvious Lidl retailer/private-label brand line.,"Original Unsweetened Almondmilk | Lemongrass & peppermint, green tea | Electrolyte water | Spring Water | Blueberry herbal tea",Lidl | Lidl | Lidl | Lidl | Lidl,append_candidate,direct,
sainsburys taste the difference,sainsburys taste the difference,Sainsbury's,direct,dairies,UK_IE,UK_IE,United Kingdom,layer3_review_decision_20260824,explicit_company_mapping_from_layer3_review,map to Sainsbury's,Other / not mapped to a company,Manual review / complex ownership,17,Obvious Sainsbury’s retailer/private-label brand line.,Montagnolo affine | grana padano riserva d.o.p | AUTHENTIC GREEK YOGURT | Authentic Greek Yogurt | Comte,"sainsbury's taste the difference, Sainsburys | Sainsbury's taste the difference, Sainsbury's, Sainsburys | Sainsbury's taste the difference | Sainsbury's Taste the Difference | Sainsbury's taste the difference, Sainsbury's",append_candidate,direct,
st môret,st môret,Savencia,direct,dairies,FRANCE,FRANCE,France,layer3_review_decision_20260824,explicit_company_mapping_from_layer3_review,map to Savencia,Manual review / complex ownership,Manual review / complex ownership,17,Known Savencia cheese brand.,St moret legers | St moret leger 8%mg | Le Goût Primeur léger 8% mg | Le goût primeur | St Moret,St Moret | St Moret | St Moret | St Moret | St Moret,append_candidate,direct,
u bio,u bio,Système U,direct,snacks,FRANCE,FRANCE,France,layer3_review_decision_20260824,explicit_company_mapping_from_layer3_review,map to Système U,Other / not mapped to a company,Manual review / complex ownership,17,Obvious Système U retailer/private-label brand line in France.,Petit-Beurre | Pains au lait nature | Biscuits épeautre et sésame | Pains au chocolat pur beurre | Pain aux raisins U bio,U Bio | U Bio | U bio | U Bio | U Bio,append_candidate,direct,
Carrefour Bio,carrefour bio,Carrefour,direct,snacks,BENELUX|FRANCE|SOUTHERN_EUROPE,BENELUX|FRANCE|SOUTHERN_EUROPE,Belgium,layer3_review_decision_20260824,explicit_company_mapping_from_layer3_review,map to Carrefour,Other / not mapped to a company,Manual review / complex ownership,16,"Carrefour brand/private-label/store-format row; brand entity should stay as normalized_brand, parent_company should be Carrefour.",Crackers Espelta 3 semillas | Galletas de arroz inflado rellenas de chocolate y avellana | Chocolate negro | Petit beurre tablette Chocolat noir | Chocolate negro con almendras caramelizadas,"Carrefour BIO, Carrefour | Carrefour BIO, Carrefour | Carrefour BIO | Carrefour BIO, Carrefour | Carrefour BIO,Carrefour",append_candidate,direct,
Fitness,fitness,Nestlé,direct,cereals,FRANCE,FRANCE,France,layer3_review_decision_20260824,explicit_company_mapping_from_layer3_review,map to Nestlé,Manual review / complex ownership,Manual review / complex ownership,16,Known Nestlé brand / brand line missing from proposed company mapping.,Fitness Croquant d'Avoine - Pépites croustillantes d'avoine au bon goût de miel | Fitness Croquant d'avoine | Fitness nutritious energy CHOCOLATE | Fitness chocolat noisette | Fitness original grains entiers d'avoine complète | Fitness Bio | Nestle fitness honey and almond | Fitness Granila | Fitness granola | Fitness cup choco lait,"Nestlé, Fitness | Nestlé, Fitness | Nestlé, Fitness | Nestlé, Fitness | Nestlé, Fitness | Fitness | Fitness | Fitness | Fitness | Fitness",append_candidate,direct,
Gatorade,gatorade,PepsiCo,direct,beverages,FRANCE,FRANCE,France,layer3_review_decision_20260824,explicit_company_mapping_from_layer3_review,map to PepsiCo,Manual review / complex ownership,Manual review / complex ownership,16,Known PepsiCo brand / regional alias missing from proposed mapping.,"G Perform Thirst Quencher - Frost Glacier Freeze | Gatorade Fruit Punch | Gatorade - Sport Drink - Aromă de zmeură | Gatorade Pulver Lemon | Gatorade Poudre Goût Orange 350 GR, 1 Boîte",Gatorade | Gatorade | Gatorade | Gatorade | Gatorade,append_candidate,direct,
Schweppes,schweppes,Suntory Beverage & Food,market_scoped,beverages,UK_IE,UK_IE,United Kingdom,layer3_review_decision_20260824,approved_proposed_company_from_layer3_review,approve proposed,Suntory Beverage & Food,Suntory Beverage & Food,16,Proposed company mapping is concrete; approve for launch.,Tonic Water | Soda Water | zero sugar lemonade | Indian tonic water | Schweppes Tonic Water,Schweppes | Schweppes | Schweppes | Schweppes | Schweppes,append_candidate,direct,Corrected before upsert-ready split: known complex/market-scoped or licensed brand; do not mark as plain direct.
aldi,aldi,Aldi,direct,cereals,FRANCE,FRANCE,France,layer3_review_decision_20260824,explicit_company_mapping_from_layer3_review,map to Aldi,Manual review / complex ownership,Manual review / complex ownership,16,Obvious Aldi retailer/private-label brand line.,Flocons d'avoine | Harvest Morn Fruit & Fibre | MUESLI Chocolat & Amarante | Céréales fourrées Lait,"Aldi, Bon et Bio | Aldi | ALDI, simplement Bon et Bio | Aldi, Golden Bridge | Aldi,Swing",append_candidate,direct,
lidl,lidl,Lidl,direct,cereals,FRANCE,FRANCE,France,layer3_review_decision_20260824,explicit_company_mapping_from_layer3_review,map to Lidl,Manual review / complex ownership,Manual review / complex ownership,16,Obvious Lidl retailer/private-label brand line.,muesli | Muesli | Granola protéiné | muesli croustillant bio choco | Froot Loops,"lidl | Lidl | Lidl, One Day More | Lidl | Lidl",append_candidate,direct,
président,président,Lactalis,direct,dairies,FRANCE|DACH,FRANCE|DACH,France,layer3_review_decision_20260824,explicit_company_mapping_from_layer3_review,map to Lactalis,Manual review / complex ownership,Manual review / complex ownership,16,Known Lactalis brand.,Beurre Tendre Demi Sel | Creme Fraiche | Beurre doux gastronomique | La Laiterie Bio - Beurre Moulé Doux | Beurre tendre,Président | President | Président | Président | Président,append_candidate,direct,
quaker,quaker,PepsiCo,direct,cereals,FRANCE|US_CANADA,FRANCE|US_CANADA,France,layer3_review_decision_20260824,explicit_company_mapping_from_layer3_review,map to PepsiCo,Manual review / complex ownership,Manual review / complex ownership,16,Known PepsiCo brand / regional alias missing from proposed mapping.,Instant oatmeal raisin date walnut | Cinnamon & Spice Instant Oatmeal Lower Sugar | Quaker original instant grits | life multigrain cereal | OATMEAL SQUARES BROWN SUGAR,Quaker | Quaker | Quaker | quaker | QUAKER,append_candidate,direct,
KitKat,kitkat,The Hershey Company,market_scoped,snacks,US_CANADA,US_CANADA,United States,layer3_review_decision_20260824,approved_proposed_company_from_layer3_review,approve proposed,The Hershey Company,Other / not mapped to a company,15,Proposed company mapping is concrete; approve for launch.,"Breaking Bones | Sweet And Salty Snack Mix With Kit Kat Minis, Pretzels, Chocolate Wafer Bites, And Honey Roasted Almonds, Sweet And Salty | Kit Kat Miniatures Milk Chocolate Wafer Christmas Candy | Crisp Wafers In White Creme Bars, White Creme | Crisp Wafers In White Creme Miniatures, White",Kit Kat | KIT KAT | Kit Kat | KIT KAT | KIT KAT,append_candidate,direct,Corrected before upsert-ready split: known complex/market-scoped or licensed brand; do not mark as plain direct.
Lay's,lay's,PepsiCo,direct,snacks,FRANCE|SOUTHERN_EUROPE,FRANCE|SOUTHERN_EUROPE,France,layer3_review_decision_20260824,explicit_company_mapping_from_layer3_review,map to PepsiCo,Other / not mapped to a company,Other / not mapped to a company,15,Known PepsiCo brand / regional alias missing from proposed mapping.,Lay's Paysanne saveur fromage frais ail de Garonne et fines herbes | Horno Al punto de sal | Al punto de sal | Lay's Campesina 133GR | Xtra gusto barbecue,"Lay's, Lays | Lay's | Lay's | Lay's | Lay's | Lay's,PepsiCo | Lay's,PepsiCo",append_candidate,direct,
Oreo,oreo,Mondelēz International,direct,snacks,FRANCE|SOUTHERN_EUROPE,FRANCE|SOUTHERN_EUROPE,France,layer3_review_decision_20260824,explicit_company_mapping_from_layer3_review,map to Mondelēz International,Manual review / complex ownership,Manual review / complex ownership,15,Known Mondelēz brand / regional Cadbury routing outside US.,Mini golden Oreo | Oreo Spooky - Sabor vainilla | Oreo Original | Oreo Original | Oreo finas | Double Creme,"Oreo | Oreo | Oreo | Oreo | Oreo | Oreo,Mondelez",append_candidate,direct,
Smarties,smarties,Smarties Candy Company,market_scoped,snacks,US_CANADA,US_CANADA,United States,layer3_review_decision_20260824,approved_proposed_company_from_layer3_review,approve proposed,Smarties Candy Company,Smarties Candy Company,15,Proposed company mapping is concrete; approve for launch.,"Candy rolls | Original Minis Candy Rolls, Original | Trick or Sweet original candy rolls | Candy | candy rolls",Smarties | Smarties | Smarties | Smarties | Smarties,append_candidate,direct,Corrected before upsert-ready split: known complex/market-scoped or licensed brand; do not mark as plain direct.
aldi,aldi,Aldi,direct,dairies,FRANCE|DACH,FRANCE|DACH,France,layer3_review_decision_20260824,explicit_company_mapping_from_layer3_review,map to Aldi,Manual review / complex ownership,Manual review / complex ownership,15,Obvious Aldi retailer/private-label brand line.,Bio Hartkäse Emmentaler | Cheddar kräftig | Ziegenfrischkäse - Natur | Lait demi-écrémé | Fondue suisse,"Aldi | Aldi | Aldi, Roi de Trefle | Aldi,Milsani | Aldi",append_candidate,direct,
auchan,auchan,Auchan,direct,cereals,FRANCE|SOUTHERN_EUROPE,FRANCE|SOUTHERN_EUROPE,France,layer3_review_decision_20260824,explicit_company_mapping_from_layer3_review,map to Auchan,Manual review / complex ownership,Manual review / complex ownership,15,Obvious Auchan retailer/private-label brand line.,Cereales souffles miel | Boules chocolat | Muesli 7 fruits croustillant | Flocons d'avoine,Auchan | Auchan | Auchan | Auchan | Auchan,append_candidate,direct,
carrefour,carrefour,Carrefour,direct,dairies,BENELUX|FRANCE|SOUTHERN_EUROPE,BENELUX|FRANCE|SOUTHERN_EUROPE,Belgium,layer3_review_decision_20260824,explicit_company_mapping_from_layer3_review,map to Carrefour,Manual review / complex ownership,Manual review / complex ownership,15,"Carrefour brand/private-label/store-format row; brand entity should stay as normalized_brand, parent_company should be Carrefour.",Liégeois Saveur vanille sur lit de caramel | Bûche de Chèvre | Tiramisu au Café | MOZZARELLA | Queso rallado emmental,Carrefour | Carrefour | Carrefour | Carrefour | Carrefour,append_candidate,direct,
casino bio,casino bio,Groupe Casino,direct,snacks,FRANCE,FRANCE,France,layer3_review_decision_20260824,explicit_company_mapping_from_layer3_review,map to Groupe Casino,Other / not mapped to a company,Manual review / complex ownership,15,Obvious Casino retailer/private-label brand line.,Cookies aux pépites de chocolat noir | P'tits biscuits fourrage au lait | Cookies Noisettes & Chocolat | Boudoirs | BISCUIT Cranberries et spiruline,Casino Bio | CASINO BIO | Casino bio | Casino Bio | Casino Bio,append_candidate,direct,
danone,danone,Danone,direct,beverages,FRANCE,FRANCE,France,layer3_review_decision_20260824,approved_proposed_company_from_layer3_review,approve proposed,Danone,Danone,15,Proposed company mapping is concrete; approve for launch.,Danonino fraise | Calisma Lait de Croissance | La Salvetat | La salvetat | Source de joie,"Danone | Danone, Gallia | Danone, La Salvetat, Salvetat | Danone, La Salvetat | Danone",append_candidate,direct,
kiri,kiri,Bel Group,direct,dairies,FRANCE,FRANCE,France,layer3_review_decision_20260824,explicit_company_mapping_from_layer3_review,map to Bel Group,Manual review / complex ownership,Other / not mapped to a company,15,Known Bel Group cheese brand.,"Kiri à l'ail et au fines herbes | Fromage à la crème de lait | Kiri | Kiri Crème 29,5 % 150 MG Calcium | VQR Kiri Spread | la vache qui rit","Bel, Kiri | Bel, KIRI | Bel, Kiri | Bel, Kiri | Bel,Kiri | La vache qui rit, kiri",append_candidate,direct,
lion,lion,Nestlé,direct,snacks,FRANCE,FRANCE,France,layer3_review_decision_20260824,explicit_company_mapping_from_layer3_review,map to Nestlé,Manual review / complex ownership,Manual review / complex ownership,15,Known Nestlé brand / brand line missing from proposed company mapping.,LION Céréales Barres (12x25g) | NESTLE LION Barres de Céréales (8+4)x25g | Barres Lion | LION barre chocolatée Format Familial 11 x 42g | LION MINI Barres chocolatées - sachet 1kg | Football gums | Lion Glacé | Peanut Barre | Lion Mini 198G Pack | Barre chocolatée,"Nestlé, Lion | Nestlé, Lion | Nestlé, Lion | Nestlé, Lion | Nestlé, Lion | Lion | Lion | Lion, Nestlé | Lion | Lion, Nestlé",append_candidate,direct,
tesco,tesco,Tesco,direct,dairies,UK_IE,UK_IE,Ireland,layer3_review_decision_20260824,explicit_company_mapping_from_layer3_review,map to Tesco,Manual review / complex ownership,Manual review / complex ownership,15,Obvious Tesco retailer/private-label brand line.,Parmigiano Reggiano | Tesco Gouda Slices 250G | Strawberry Yogurt Drinks | Strawberry Yoghurt Drink | QUARK,Tesco | Tesco | Tesco | Tesco | TESCO,append_candidate,direct,
KitKat,kitkat,Nestlé,market_scoped,snacks,FRANCE,FRANCE,France,layer3_review_decision_20260824,approved_proposed_company_from_layer3_review,approve proposed,Nestlé,Other / not mapped to a company,14,Proposed company mapping is concrete; approve for launch.,Kit kat cookies crumble | Kit Kat White Crisp Wafers 'N Creme Bar | Kit kat chunky caramel | Kit kat chunky | Kit Kat bites peanut butter | KITKAT Lapin 3x17g,"Kit Kat | Kit Kat | Kit Kat, KitKat | Kit Kat | Kit Kat | Kit Kat, Nestlé",append_candidate,direct,Corrected before upsert-ready split: known complex/market-scoped or licensed brand; do not mark as plain direct.
Nescafé,nescafé,Nestlé,direct,beverages,BENELUX|FRANCE,BENELUX|FRANCE,Belgium,layer3_review_decision_20260824,explicit_company_mapping_from_layer3_review,map to Nestlé,Manual review / complex ownership,Manual review / complex ownership,14,Known Nestlé brand / brand line missing from proposed company mapping.,"Latte | Nescafé Gold | Nescafé Gold dessert | NESCAFÉ® Cappuccino Noisette, Café soluble, Boîte de 270g | NESCAFE Cappucino intenso | NESCAFÉ NES, Café Soluble, Boîte de 25 Sticks (2g chacun) | Nescafé Cappuccino | STARBUCKS by NESCAFE DOLCE GUSTO Latte Macchiato 129g","Nescafé | Nescafé | Nescafé | Nescafé, Cappuccino | Nescafe | Nestlé, Nes, Nescafe | Nestlé, Nescafé | Nescafé, Starbucks, White latte macchiato",append_candidate,direct,
Smarties,smarties,Nestlé,market_scoped,snacks,FRANCE,FRANCE,France,layer3_review_decision_20260824,approved_proposed_company_from_layer3_review,approve proposed,Nestlé,Nestlé,14,Proposed company mapping is concrete; approve for launch.,Père Noël smarties | Smarties lapin | Candy Coated Milk Chocolate Confection | Nestle Smarties Mini Box | Smarties Mini Snack Chocolate Bag | SMARTIES Bleu edition givrée papier 130g,"Smarties | Smarties | Smarties | Smarties | Smarties | Smarties, Nestlé",append_candidate,direct,Corrected before upsert-ready split: known complex/market-scoped or licensed brand; do not mark as plain direct.
babybel,babybel,Bel Group,direct,dairies,FRANCE|DACH,FRANCE|DACH,France,layer3_review_decision_20260824,explicit_company_mapping_from_layer3_review,map to Bel Group,Manual review / complex ownership,Manual review / complex ownership,14,Known Bel Group cheese brand.,Mini Babybel | Mini Babybel Goat x6 | Mini Babybel light | Mini-Babybel x6 | Babybel,"Babybel | Babybel, Mini babybel, bel | Babybel | Babybel, Fromageries Bel, Mini babybel | Babybel",append_candidate,direct,
quaker,quaker,PepsiCo,direct,cereals,BENELUX|FRANCE,BENELUX|FRANCE,Belgium,layer3_review_decision_20260824,explicit_company_mapping_from_layer3_review,map to PepsiCo,Manual review / complex ownership,Manual review / complex ownership,14,Known PepsiCo brand / regional alias missing from proposed mapping.,Quaker Cruesli 4 Nuts | 4 nuts | Cruesli chocolate | Flocons d'Avoine Cassonade | Oats Express Multifruit,Quaker | Quaker | Quaker | Quaker | Quaker,append_candidate,direct,
tesco,tesco,Tesco,direct,dairies,FRANCE,FRANCE,France,layer3_review_decision_20260824,explicit_company_mapping_from_layer3_review,map to Tesco,Manual review / complex ownership,Manual review / complex ownership,14,Obvious Tesco retailer/private-label brand line.,Low fat greek style natural yogurr | Tesco Finest Clotted Cream 227G | Irish Low Fat Milk | Irish Whole Milk | Spreadable Goat's Cheese,"Tesco | Tesco, Tesco Finest | Tesco | Tesco | Tesco",append_candidate,direct,
Actimel,actimel,Danone,direct,dairies,UK_IE,UK_IE,United Kingdom,layer3_review_decision_20260824,explicit_company_mapping_from_layer3_review,map to Danone,Manual review / complex ownership,Manual review / complex ownership,13,Known Danone brand / brand line missing from proposed company mapping.,Original Yogurt Drink | Actimel | Multifruit Yogurt Drink | Actimel Strawberry 0% Added Sugar 0% Fat | Actimel Kids - Strawberry Banana | Multifruit x 8,"Actimel | Actimel | Actimel | Actimel, | Actimel | Actimel,Danone",append_candidate,direct,
Carrefour Sélection,carrefour sélection,Carrefour,direct,snacks,FRANCE|SOUTHERN_EUROPE,FRANCE|SOUTHERN_EUROPE,France,layer3_review_decision_20260824,explicit_company_mapping_from_layer3_review,map to Carrefour,Other / not mapped to a company,Manual review / complex ownership,13,"Carrefour brand/private-label/store-format row; brand entity should stay as normalized_brand, parent_company should be Carrefour.",Chocolate negro con pera | Meringués Coco sur lit de chocolat noir | Nougatine & pistache caramélisée blanc | CORAZÓN de Coco CHOCOLATE NEGRO | 85% cacao noir tanzanie | Carrefour Selection Lait Extra Fin | Crêpe dentelle au chocolat noir | Florentins sur lit de chocolat au lait | Craquants au caramel,"Carrefour, Carrefour selection | Carrefour,Carrefour Sélection | Carrefour, Carrefour Sélection | Carrefour, Carrefour Sélection | Carrefour, Carrefour Selection | Carrefour Selection | Carrefour Sélection, Carrefour | Carrefour Selection, Carrefour | Carrefour Sélection, Carrefour",append_candidate,direct,
Doritos,doritos,PepsiCo,direct,snacks,FRANCE|SOUTHERN_EUROPE,FRANCE|SOUTHERN_EUROPE,France,layer3_review_decision_20260824,explicit_company_mapping_from_layer3_review,map to PepsiCo,Manual review / complex ownership,Manual review / complex ownership,13,Known PepsiCo brand / regional alias missing from proposed mapping.,Doritos Goût Nacho Cheese | doritos nacho | Triángulos de Maíz Tex-Mex | Chilli pepper sabor a pimiento picante bolsa 150 g | Tex-mex | Snack Aper Matutano Doritos Tex-Mex 120g,"Doritos | Doritos | Doritos | Doritos | Doritos | Doritos, Pepsico",append_candidate,direct,
Dr Pepper,dr pepper,The Coca-Cola Company,market_scoped,beverages,FRANCE,FRANCE,France,layer3_review_decision_20260824,approved_proposed_company_from_layer3_review,approve proposed,The Coca-Cola Company,The Coca-Cola Company,13,Proposed company mapping is concrete; approve for launch.,Dr Pepper Cherry Vanilla | Dr Pepper Cherry | Dr Pepper zero | Boisson Gazeuse Cerise | Dr Peper,Dr Pepper | Dr Pepper | Dr. Pepper | Dr Pepper | Dr Pepper,append_candidate,direct,Corrected before upsert-ready split: known complex/market-scoped or licensed brand; do not mark as plain direct.
Dr Pepper,dr pepper,The Coca-Cola Company,market_scoped,beverages,UK_IE,UK_IE,United Kingdom,layer3_review_decision_20260824,approved_proposed_company_from_layer3_review,approve proposed,The Coca-Cola Company,The Coca-Cola Company,13,Proposed company mapping is concrete; approve for launch.,Dr Pepper | Dr Pepper | Dr Pepper Zero Cherry Crush | Dr Pepper | Dr Pepper | Dr pepper zeroo | Dr Pepper,"Dr Pepper | Dr Pepper | Dr Pepper | Dr Pepper | Dr Pepper | Dr Pepper,Coca Cola | Dr Pepper,Coca-Cola",append_candidate,direct,Corrected before upsert-ready split: known complex/market-scoped or licensed brand; do not mark as plain direct.
Fanta,fanta,The Coca-Cola Company,direct,beverages,BENELUX|FRANCE,BENELUX|FRANCE,Belgium,layer3_review_decision_20260824,explicit_company_mapping_from_layer3_review,map to The Coca-Cola Company,Manual review / complex ownership,Manual review / complex ownership,13,Known Coca-Cola system brand; route to The Coca-Cola Company at company layer.,Saveur orange | Fanta orange | Jus fanta | Fanta orange slim 25cl | Fanta Citron frappé,"Fanta | Fanta | Fanta | Fanta, Fanta orange | fanta",append_candidate,direct,
Nescafé,nescafé,Nestlé,direct,beverages,US_CANADA,US_CANADA,United States,layer3_review_decision_20260824,explicit_company_mapping_from_layer3_review,map to Nestlé,Manual review / complex ownership,Manual review / complex ownership,13,Known Nestlé brand / brand line missing from proposed company mapping.,"Taster's Choice 100% Colombian | Nescafe, coffee-mate, instant coffee mix, french vanilla, french vanilla | NESCAFÉ CLÁSICO | Taster's Choice French Roast | Gold Espresso Intense Coffee",Nescafé | Nescafé | NESCAFÉ | Nescafe | NESCAFÉ,append_candidate,direct,
Pepsi,pepsi,PepsiCo,direct,beverages,FRANCE|DACH,FRANCE|DACH,France,layer3_review_decision_20260824,explicit_company_mapping_from_layer3_review,map to PepsiCo,Manual review / complex ownership,Manual review / complex ownership,13,Known PepsiCo brand / regional alias missing from proposed mapping.,"Pepsi | Pepsi | Pepsi Max Cherry | Pepsi cola | 7up, Grapefruit | Miranda | Pepsi | Pepsi MAX | Pepsi Max | Pepsi, Cola","Pepsi | Pepsi | Pepsi | Pepsi | Pepsi | Pepsi, Pepsico | Pepsi,Pepsico | Pepsi, Pepsico | Pepsi, PepsiCo | Pepsi, Pepsi-Cola, Pepsico",append_candidate,direct,
Walkers,walkers,PepsiCo,direct,snacks,FRANCE|UK_IE,FRANCE|UK_IE,France,layer3_review_decision_20260824,explicit_company_mapping_from_layer3_review,map to PepsiCo,Manual review / complex ownership,Manual review / complex ownership,13,Known PepsiCo brand / regional alias missing from proposed mapping.,Portion shortbread fingers | Chocolate Chip Shortbread | Cheese Flavour Potato Snacks Multipack (Walkers) | PUNCHY PAPRIKA | Sensations Roasted Chicken & Thyme Flavour Potato Crisps,WALKER'S | Walkers | Walkers | WALKERS | Walkers,append_candidate,direct,
aldi,aldi,Aldi,direct,beverages,FRANCE|DACH,FRANCE|DACH,France,layer3_review_decision_20260824,explicit_company_mapping_from_layer3_review,map to Aldi,Manual review / complex ownership,Manual review / complex ownership,13,Obvious Aldi retailer/private-label brand line.,Hagebuttentee | Cotes du rhones | Apfel-Sanddorn-Saft / Apfel-Birnen-Saft | Barissimo | Family cappuccino,"Aldi, Bio | Aldi, San Fabio | Aldi, Gut Bio, riha WeserGold | Aldi | Aldi",append_candidate,direct,
aldi,aldi,Aldi,direct,snacks,BENELUX|FRANCE,BENELUX|FRANCE,Belgium,layer3_review_decision_20260824,explicit_company_mapping_from_layer3_review,map to Aldi,Manual review / complex ownership,Manual review / complex ownership,13,Obvious Aldi retailer/private-label brand line.,"Choco toffees | Lait noisette | Galettes Campinoises | Petit beurre pocket gala, Biscuits au beurre | Biscuits de l ecolier frozen","Aldi | Aldi, Château | Aldi, Valérie | Aldi, Gala | Aldi",append_candidate,direct,
leclerc,leclerc,E.Leclerc,direct,snacks,US_CANADA,US_CANADA,United States,layer3_review_decision_20260824,explicit_company_mapping_from_layer3_review,map to E.Leclerc,Manual review / complex ownership,Manual review / complex ownership,13,Obvious E.Leclerc retailer/private-label brand line.,Chewy Granola Bars | Mini cookie factory | Fruit & Oat Bar | Go Pure - Fruit & Oat Bar | Pattes d’ours,Leclerc | Leclerc | Leclerc | Leclerc | Leclerc,append_candidate,direct,
lion,lion,Nestlé,direct,cereals,FRANCE,FRANCE,France,layer3_review_decision_20260824,explicit_company_mapping_from_layer3_review,map to Nestlé,Manual review / complex ownership,Manual review / complex ownership,13,Known Nestlé brand / brand line missing from proposed company mapping.,Céréales Lion caramel et chocolat | lion | Céréales Lion - Caramel & Chocolat | lion | Lion Caramel et Chocolat (+50% gratuit) | Lion bio | Lion caramel et chocolat,"Nestlé, Lion | Nestlé, Lion | Nestlé, Lion | Nestlé, Cereal Partners Worldwide, Lion | Nestlé, Lion | Lion | Lion",append_candidate,direct,
paturage,paturage,Les Mousquetaires / Intermarché,direct,dairies,FRANCE,FRANCE,France,layer3_review_decision_20260824,explicit_company_mapping_from_layer3_review,map to Les Mousquetaires / Intermarché,Other / not mapped to a company,Other / not mapped to a company,13,Pâturages is an Intermarché / Les Mousquetaires private-label dairy line.,comté | petit suisse | fromage blanc bio | Lait demi écrémé | douceur de lait,paturage | paturage | Pâturage | Pâturage | paturage,append_candidate,direct,
wegmans organic,wegmans organic,Wegmans,direct,cereals,US_CANADA,US_CANADA,United States,layer3_review_decision_20260824,explicit_company_mapping_from_layer3_review,map to Wegmans,Other / not mapped to a company,Manual review / complex ownership,13,Obvious Wegmans retailer/private-label / corporate brand line.,"Granola, cocoa and Chia | Granola Blueberry & Flax | Vanilla & Almonds Granola | Organic blueberry & flax granola | Ancient grain granola, ancient grain",Wegmans organic | Wegmans Organic | Wegmans Organic | Wegmans Organic | Wegmans Organic,append_candidate,direct,
Belvita,belvita,Mondelēz International,direct,snacks,FRANCE|US_CANADA,FRANCE|US_CANADA,France,layer3_review_decision_20260824,explicit_company_mapping_from_layer3_review,map to Mondelēz International,Manual review / complex ownership,Manual review / complex ownership,12,Known Mondelēz brand / regional Cadbury routing outside US.,"Crunchy Golden Oat Breakfast Biscuits | belVita Crunchy Blueberry Breakfast Biscuits | belVita Crunchy Cinnamon Brown Sugar | Breakfast biscuits, cinnamon brown sugar | belVita Soft Baked Oats & Chocolate Breakfast Biscuit | Blueberry breakfast biscuits","belVita | belVita | belVita | Belvita | belVita | Belvita, Mondelez",append_candidate,direct,
Danette,danette,Danone,direct,dairies,BENELUX|FRANCE,BENELUX|FRANCE,Belgium,layer3_review_decision_20260824,explicit_company_mapping_from_layer3_review,map to Danone,Manual review / complex ownership,Manual review / complex ownership,12,Known Danone brand / brand line missing from proposed company mapping.,CROUSTI 3 CHOCO | Danette Saveur Chocolat-Noisette | Danette croustillant 3 choco | Danette pop chocolat et billes soufflees 117 g x 4 | Danette saveur vanille sur lit au caramel | Crème dessert aromatisée saveur pistache | Danette creme dessert vegetale chocolat base noisette 400 g x 1 | Crème dessert au chocolat saveur noisette,"Danette, Danone | Danette, Danone | Danette, Danone | Danette, Danette grains de malice, Danone | Danette, Danone | Danette | Danette, Danette vegetal | Danette",append_candidate,direct,
Nescafé,nescafé,Nestlé,direct,beverages,FRANCE|UK_IE,FRANCE|UK_IE,France,layer3_review_decision_20260824,explicit_company_mapping_from_layer3_review,map to Nestlé,Manual review / complex ownership,Manual review / complex ownership,12,Known Nestlé brand / brand line missing from proposed company mapping.,"Decaff | Azera Americano Instant Coffee with Ground Beans | Instant coffee beverage. Caramel flavour | Nescafe Gold Mocha | GOLD Double Choc Mocha Coffee, 8 Sachets x | Nescafe Original | Nescafé Gold Blend | Nescafe Azera Intenso 100G","Nescafé | Nescafé | Nescafe | Nescafe | Nescafe, Nescafe Gold | Nestlé, Nescafé | Nestlé, Nescafé | Nestlé, Nescafé",append_candidate,direct,
Nesquik,nesquik,Nestlé,direct,snacks,FRANCE,FRANCE,France,layer3_review_decision_20260824,explicit_company_mapping_from_layer3_review,map to Nestlé,Manual review / complex ownership,Manual review / complex ownership,12,Known Nestlé brand / brand line missing from proposed company mapping.,NESQUIK Barres de Céréales 12x25g | NESQUIK Barres Céréales 25g (8+4 Offertes) | NESTLE NESQUIK Delice Barres de Céréales 6x23g | Breakfast cereal bar | Barres NESQUIK 25g X 24 | NESTLE NESQUIK Bio Barres de céréales 4X25g | Nesquik Snack Latte-milch | Barres Nesquik,"Nestlé, General Mills, Nesquik | Nestlé, Nesquik | Nestlé, Nesquik | Nestlé, Nesquik | Nestlé, Nesquik | Nesquik, NestléNesquik bio | Nesquik | Nesquik",append_candidate,direct,
Pepsi,pepsi,PepsiCo,direct,beverages,FRANCE|SOUTHERN_EUROPE,FRANCE|SOUTHERN_EUROPE,France,layer3_review_decision_20260824,explicit_company_mapping_from_layer3_review,map to PepsiCo,Manual review / complex ownership,Manual review / complex ownership,12,Known PepsiCo brand / regional alias missing from proposed mapping.,Pepsi Max | Pepsi | Pepsi Max zero a la lima | Pepsi-cola (diet)-330ml-max Zero Aããcar Uef-portugal | Pepsi,Pepsi | Pepsi | Pepsi | Pepsi | Pepsi,append_candidate,direct,
aldi,aldi,Aldi,direct,cereals,UK_IE,UK_IE,United Kingdom,layer3_review_decision_20260824,explicit_company_mapping_from_layer3_review,map to Aldi,Manual review / complex ownership,Manual review / complex ownership,12,Obvious Aldi retailer/private-label brand line.,Frosted Wheaties | Choco Balls | bran flakes harvest morn | Harvest Morn | Muesli berries & cherries,Aldi | Aldi | Aldi | Aldi | Aldi,append_candidate,direct,
carrefour market,carrefour market,Carrefour,direct,dairies,FRANCE,FRANCE,France,layer3_review_decision_20260824,explicit_company_mapping_from_layer3_review,map to Carrefour,Other / not mapped to a company,Manual review / complex ownership,12,"Carrefour brand/private-label/store-format row; brand entity should stay as normalized_brand, parent_company should be Carrefour.",bleu des causses AOP | Mimolette vieille | Gouda au cumin | Beaufort | Tomme de Savoie,Carrefour market | Carrefour market | Carrefour Market | Carrefour Market | Carrefour Market,append_candidate,direct,
light and free,light and free,Danone,direct,dairies,FRANCE,FRANCE,France,layer3_review_decision_20260824,explicit_company_mapping_from_layer3_review,map to Danone,Other / not mapped to a company,Other / not mapped to a company,12,Known Danone brand / brand line missing from proposed company mapping.,danone | Skyr Vanille | Skyr Nature | Yaourt à la grecque nature 2% de matière grasse | Fromage blanc 0% fraise,light &free | Light and free | Light & Free | Light & free | Light & Free,append_candidate,direct,
lindt excellence,lindt excellence,Lindt & Sprüngli,direct,snacks,FRANCE,FRANCE,France,layer3_review_decision_20260824,explicit_company_mapping_from_layer3_review,map to Lindt & Sprüngli,Other / not mapped to a company,Manual review / complex ownership,12,Known Lindt brand / line.,Chocolat noir à l’orange | Amazonia - Cacao d'origine aux notes acidulées de fruits secs | FUSION NOIR & LAIT Aux cristaux de Fleur de Sel | Excellence | Lindt excellence,Lindt EXCELLENCE | LINDT EXCELLENCE | Lindt EXCELLENCE | Lindt Excellence | LINDT EXCELLENCE,append_candidate,direct,
monoprix gourmet,monoprix gourmet,Monoprix,direct,beverages,FRANCE,FRANCE,France,layer3_review_decision_20260824,explicit_company_mapping_from_layer3_review,map to Monoprix,Other / not mapped to a company,Manual review / complex ownership,12,Obvious Monoprix retailer/private-label brand line.,"Pur jus d’orange fraîchement pressé | Dosettes de café moulu, Ethiopie | Café moulu pur arabica, Pérou | Thé Darjeeling, plaisir d'Inde | Nectar gourmand mangue",Monoprix gourmet | Monoprix Gourmet | Monoprix Gourmet | Monoprix gourmet | Monoprix Gourmet,append_candidate,direct,
tesco,tesco,Tesco,direct,snacks,FRANCE,FRANCE,France,layer3_review_decision_20260824,explicit_company_mapping_from_layer3_review,map to Tesco,Manual review / complex ownership,Manual review / complex ownership,12,Obvious Tesco retailer/private-label brand line.,Wine gum | Crisps sticks | crunchy sticks salt & vinegar | Digestives | Milk Bottles,Tesco | Tesco | Tesco | Tesco | Tesco,append_candidate,direct,
wegmans organic,wegmans organic,Wegmans,direct,snacks,US_CANADA,US_CANADA,United States,layer3_review_decision_20260824,explicit_company_mapping_from_layer3_review,map to Wegmans,Other / not mapped to a company,Manual review / complex ownership,12,Obvious Wegmans retailer/private-label / corporate brand line.,Popcorn Himalayan Salt Olive Oil & Himalayan Salt | Sweet And Salty Popcorn | Cashew butter chocolate chip | Wholesum cashew cookie | Multigrain Waffles,Wegmans Organic | Wegmans Organic | Wegmans Organic | Wegmans Organic | Wegmans Organic,append_candidate,direct,
7UP,7up,PepsiCo,market_scoped,beverages,FRANCE,FRANCE,France,layer3_review_decision_20260824,approved_proposed_company_from_layer3_review,approve proposed,PepsiCo,Other / not mapped to a company,11,Proposed company mapping is concrete; approve for launch.,"7UP saveur mojito 15 cl | 7UP Lemon Lemon Citronnade gazeuse saveur agrumes 1,25 L | 7up mijoto | Cherry 7up 330ml x 6 Delivered Worldwide | 7 Up","7 up, 7UP, Seven Up | 7 Up, 7UP | 7 Up | 7 up | 7 up, Seven-Up",append_candidate,direct,Corrected before upsert-ready split: known complex/market-scoped or licensed brand; do not mark as plain direct.
Activia,activia,Danone,direct,dairies,FRANCE|SOUTHERN_EUROPE,FRANCE|SOUTHERN_EUROPE,France,layer3_review_decision_20260824,explicit_company_mapping_from_layer3_review,map to Danone,Manual review / complex ownership,Manual review / complex ownership,11,Known Danone brand / brand line missing from proposed company mapping.,Activia bifidus nature 0% de mg 125 g x 8 | Activia fruits 125 g x 4 abricot | Activia fruits 125 g x 4 mangue | Yaourt | Naturale | Shot probiotiques gingembre | Activia mangue papaye | Activia morango e kiwi 0% M.G.,"Activia,Danone | Activia,Danone | Activia, Activia yoghurt fruits, Danone | Activia, Danone | Activia,Danone | Activia | Activia | Activia",append_candidate,direct,
Belvita,belvita,Mondelēz International,direct,snacks,FRANCE|SOUTHERN_EUROPE,FRANCE|SOUTHERN_EUROPE,France,layer3_review_decision_20260824,explicit_company_mapping_from_layer3_review,map to Mondelēz International,Manual review / complex ownership,Manual review / complex ownership,11,Known Mondelēz brand / regional Cadbury routing outside US.,Belvita original breakfast | Soft bakes red fruits | Soft cakes chocolate chips | soft bakes strawberry | Belvita leche y cereales,"Belvita,Fontaneda | belVita | Belvita | Belvita | Belvita | Belvita,Fontaneda,Mondelez",append_candidate,direct,
Carrefour Extra,carrefour extra,Carrefour,direct,dairies,FRANCE,FRANCE,France,layer3_review_decision_20260824,explicit_company_mapping_from_layer3_review,map to Carrefour,Other / not mapped to a company,Manual review / complex ownership,11,"Carrefour brand/private-label/store-format row; brand entity should stay as normalized_brand, parent_company should be Carrefour.",Emmental Français Est-Central Grand Cru au Lait Cru | Crème fraîche | Beurre de montagne doux | Yaourt délicieux noix de coco | Yaourt à la Grecque COCO | Parmigiano reggiano,"Carrefour, Carrefour Extra | Carrefour, Carrefour Extra | Carrefour, Carrefour extra | Carrefour, Carrefour Extra | Carrefour, Carrefour Extra | Carrefour Extra",append_candidate,direct,
Coca-Cola,coca-cola,The Coca-Cola Company,direct,beverages,BENELUX|FRANCE|DACH,BENELUX|FRANCE|DACH,Belgium,layer3_review_decision_20260824,explicit_company_mapping_from_layer3_review,map to The Coca-Cola Company,Manual review / complex ownership,Manual review / complex ownership,11,Known Coca-Cola system brand; route to The Coca-Cola Company at company layer.,Boisson rafraîchissante aux extraits végétaux | Coca Cola | Coca-Cola | PET 50CL COCA COLA ZERO | PET 1.75L COCA,Coca-Cola | COCA-COLA | Coca-Cola | Coca-Cola | Coca-Cola,append_candidate,direct,
Danette,danette,Danone,direct,dairies,FRANCE,FRANCE,France,layer3_review_decision_20260824,explicit_company_mapping_from_layer3_review,map to Danone,Manual review / complex ownership,Danone,11,Known Danone brand / brand line missing from proposed company mapping.,Danette | Danette cafe | Danette chocolat et lait | Danette chocolat et lait | Danette caramel,"Danone, danette | Danone, danette | Danone, danette | Danone, danette | Danone,Danette",append_candidate,direct,
Diet Coke,diet coke,The Coca-Cola Company,direct,beverages,US_CANADA,US_CANADA,United States,layer3_review_decision_20260824,explicit_company_mapping_from_layer3_review,map to The Coca-Cola Company,Manual review / complex ownership,Manual review / complex ownership,11,Known Coca-Cola system brand; route to The Coca-Cola Company at company layer.,"Diet Cola | Caffeine Free Diet Cola | Diet Cola | Diet Coke Soda, 8 Fl Oz, 6 Count | Diet Coke With Lime Flavor, Lime",Diet coke | Diet coke | Diet coke | Diet coke | Diet coke,append_candidate,direct,
Lay's,lay's,PepsiCo,direct,snacks,UK_IE,UK_IE,United Kingdom,layer3_review_decision_20260824,explicit_company_mapping_from_layer3_review,map to PepsiCo,Other / not mapped to a company,Other / not mapped to a company,11,Known PepsiCo brand / regional alias missing from proposed mapping.,Karbowane chipsy | Lays | Lays Maxx | Cheese flavoured | Tomato lays,"Lay's | Lay's | Lay's, Lays | Lay's, | Lay's",append_candidate,direct,
Mountain Dew,mountain dew,PepsiCo,direct,beverages,FRANCE,FRANCE,France,layer3_review_decision_20260824,explicit_company_mapping_from_layer3_review,map to PepsiCo,Manual review / complex ownership,Manual review / complex ownership,11,Known PepsiCo brand / regional alias missing from proposed mapping.,Mountain Dew Voltage Raspberry Flavor | Mountain Dew Voltage Raspberry Citrus Soda | mountain dew | Kickstart | Mtn dew - major melon,Mountain Dew | Mountain Dew | Mountain Dew | Mountain Dew | Mountain Dew,append_candidate,direct,
Oreo,oreo,Mondelēz International,direct,snacks,UK_IE,UK_IE,United Kingdom,layer3_review_decision_20260824,explicit_company_mapping_from_layer3_review,map to Mondelēz International,Manual review / complex ownership,Manual review / complex ownership,11,Known Mondelēz brand / regional Cadbury routing outside US.,Oreo O's | Oreo double crème | Oreo Vanilla Latte | Oreo Creme Cookies | Golden Oreo,Oreo | oreo | Oreo | Oreo | Oreo,append_candidate,direct,
Ruffles,ruffles,PepsiCo,direct,snacks,FRANCE,FRANCE,France,layer3_review_decision_20260824,explicit_company_mapping_from_layer3_review,map to PepsiCo,Manual review / complex ownership,Manual review / complex ownership,11,Known PepsiCo brand / regional alias missing from proposed mapping.,Ruffles Original Chips | Ruffles sweet & spicy | Chips tomato ketchup | Ruffles chips salees | Chips barbecue,ruffles | Ruffles | Ruffles | Ruffles | Ruffles,append_candidate,direct,
Simpl,simpl,Carrefour,direct,beverages,FRANCE|SOUTHERN_EUROPE,FRANCE|SOUTHERN_EUROPE,France,layer3_review_decision_20260824,explicit_company_mapping_from_layer3_review,map to Carrefour,Other / not mapped to a company,Manual review / complex ownership,11,"Carrefour brand/private-label/store-format row; brand entity should stay as normalized_brand, parent_company should be Carrefour.",Pomme | Orange Jus à base de concentré | Expresso Capsules | Dosettes Classic | Dosettes forte | Nectar multifruits,"Carrefour, Simpl | Carrefour, Simpl | Carrefour, Simpl | Carrefour, Simpl | Carrefour, Simpl | Carrefour Discount, Simpl, produits blancs",append_candidate,direct,
Volvic,volvic,Danone,direct,beverages,FRANCE|UK_IE,FRANCE|UK_IE,France,layer3_review_decision_20260824,explicit_company_mapping_from_layer3_review,map to Danone,Manual review / complex ownership,Manual review / complex ownership,11,Known Danone brand / brand line missing from proposed company mapping.,Natural Mineral Water | Volvic Strawberry Flavored Water | Touch of Fruit Sugar Free Lemon & Lime Flavoured Water | Touch Of Fruit Straw | Touch of Fruit - Strawberry | Watermelon water | Volvic touch of fruit,"Volvic | Volvic | Volvic | VOLVIC | Volvic | Volvic, Volvic Touch of Fruit, Danone | Volvic, Danone, Volvic Touch of Fruit",append_candidate,direct,
coop naturaplan,coop naturaplan,Coop,direct,snacks,FRANCE|DACH,FRANCE|DACH,France,layer3_review_decision_20260824,explicit_company_mapping_from_layer3_review,map to Coop,Other / not mapped to a company,Manual review / complex ownership,11,Obvious Coop retailer/private-label brand line.,Crémant | Tresse au beurre bio | Swiss Beef Jerky Snack de viande séchée | Coop Naturaplan Bio Max Havelaar Chocolat Noir à L'orange | Crunchy Choco Barres de céréales,"Coop Naturaplan | coop naturaplan, coop naturaplan Bio | coop naturaplan | Coop Naturaplan | Coop Naturaplan",append_candidate,direct,
crunch,crunch,Nestlé,direct,cereals,FRANCE,FRANCE,France,layer3_review_decision_20260824,explicit_company_mapping_from_layer3_review,map to Nestlé,Manual review / complex ownership,Manual review / complex ownership,11,Known Nestlé brand / brand line missing from proposed company mapping.,CRUNCH Céréales | Crunch (+50% gratuit) | NESTLE CRUNCH Céréales 450g | NESTLE CRUNCH Céréales Petit Déjeuner 3x450g | Crunch max - Céréales fourrées au bon goût de chocolat | Céréales Crunch | Crunch céréales,"Nestlé, CRUNCH, Cereal Partners | Nestlé, Crunch | Nestlé, Crunch | Nestlé, Crunch | Nestlé, Crunch | Crunch | Crunch",append_candidate,direct,
paturages comtois,paturages comtois,Les Mousquetaires / Intermarché,direct,dairies,FRANCE,FRANCE,France,layer3_review_decision_20260824,explicit_company_mapping_from_layer3_review,map to Les Mousquetaires / Intermarché,Other / not mapped to a company,Manual review / complex ownership,11,Pâturages is an Intermarché / Les Mousquetaires private-label dairy line.,"Brie Français ( pâturage comtois ) | Le Rochois, Fromage, La Boîte De | Le Régal des Moines | Gruyère France | Le Merlemont,",Pâturages Comtois | PATURAGES COMTOIS | Pâturages Comtois | Pâturages Comtois | Pâturages Comtois,append_candidate,direct,
tesco,tesco,Tesco,direct,beverages,FRANCE,FRANCE,France,layer3_review_decision_20260824,explicit_company_mapping_from_layer3_review,map to Tesco,Manual review / complex ownership,Manual review / complex ownership,11,Obvious Tesco retailer/private-label brand line.,Perthshire Scottish Mountain Water | Tesco 240 Teabags 750G | Tesco Organic Soya Drink | Stuffed Mushrooms | Lemon & Lime Zero,Tesco | Tesco | Tesco | Tesco | Tesco,append_candidate,direct,
tesco,tesco,Tesco,direct,beverages,UK_IE,UK_IE,Ireland,layer3_review_decision_20260824,explicit_company_mapping_from_layer3_review,map to Tesco,Manual review / complex ownership,Manual review / complex ownership,11,Obvious Tesco retailer/private-label brand line.,Pink grapefruit juice | Lemon Juice | Double Strength Blackcurrant Squash | Green Tea | Blue Spark Original,Tesco | Tesco | Tesco | Tesco | Tesco,append_candidate,direct,
7UP,7up,PepsiCo,market_scoped,beverages,UK_IE,UK_IE,United Kingdom,layer3_review_decision_20260824,approved_proposed_company_from_layer3_review,approve proposed,PepsiCo,PepsiCo,10,Proposed company mapping is concrete; approve for launch.,Tropical | 7up Lemon & Lime | 7up Zero Sugar | 7 up | Cherry Zero Sugar,7up | 7up | 7up | 7up | 7UP,append_candidate,direct,Corrected before upsert-ready split: known complex/market-scoped or licensed brand; do not mark as plain direct.
Capri Sun,capri sun,Capri Sun Group / Coca-Cola Europacific Partners,market_scoped,beverages,FRANCE|DACH,FRANCE|DACH,France,layer3_review_decision_20260824,approved_proposed_company_from_layer3_review,approve proposed,Capri Sun Group / Coca-Cola Europacific Partners,Capri Sun Group / Coca-Cola Europacific Partners,10,Proposed company mapping is concrete; approve for launch.,Mystic Dragon | Pure Fruit & Water Tropical | Sirop multivitamin | Caprisun sirop multivitamin | Capri-Sun Multi Zero,Capri-Sun | Capri-Sun | Capri-sun | Capri-Sun | Capri-Sun,append_candidate,direct,Corrected before upsert-ready split: known complex/market-scoped or licensed brand; do not mark as plain direct.
Carrefour Kids,carrefour kids,Carrefour,direct,beverages,FRANCE,FRANCE,France,layer3_review_decision_20260824,explicit_company_mapping_from_layer3_review,map to Carrefour,Other / not mapped to a company,Manual review / complex ownership,10,"Carrefour brand/private-label/store-format row; brand entity should stay as normalized_brand, parent_company should be Carrefour.",Mini fruity | Eau minérale naturelle des alpes | Pur jus pomme | Tropical | Pomme | MiniFruity Saveur Orange | Nectar d'Orange Bio | Multifruits kids bio,"Carrefour, Carrefour Kids | Carrefour, Carrefour kids | Carrefour, Carrefour Kids | Carrefour, Carrefour Kids | Carrefour, Carrefour Kids | Carrefour Kids | Carrefour Kids,Carrefour Kids Bio,Carrefour | Carrefour Kids",append_candidate,direct,
Coca-Cola,coca-cola,The Coca-Cola Company,direct,beverages,FRANCE|US_CANADA,FRANCE|US_CANADA,France,layer3_review_decision_20260824,explicit_company_mapping_from_layer3_review,map to The Coca-Cola Company,Manual review / complex ownership,Manual review / complex ownership,10,Known Coca-Cola system brand; route to The Coca-Cola Company at company layer.,Coca-Cola | Coca-Cola Original Taste | Coca-Cola Zero Sugar | Coca-Cola Zero Sugar Cola | Zero calorie cola,Coca-Cola | Coca-Cola | Coca-Cola | Coca-Cola | Coca-Cola,append_candidate,direct,
Doritos,doritos,PepsiCo,direct,snacks,BENELUX|FRANCE,BENELUX|FRANCE,Belgium,layer3_review_decision_20260824,explicit_company_mapping_from_layer3_review,map to PepsiCo,Manual review / complex ownership,Manual review / complex ownership,10,Known PepsiCo brand / regional alias missing from proposed mapping.,doritos sweet chilli pepper | Doritos pure paprika flavour | Doritos Chips Barbecue Style | Doritos Chips Barbecue Style | Doritos Chili Peper | Nachos fromage/piment fort,"Doritos | Doritos | Doritos | Doritos | Doritos | Doritos, Pepsico",append_candidate,direct,
Fuze Tea,fuze tea,The Coca-Cola Company,direct,beverages,BENELUX|FRANCE,BENELUX|FRANCE,Belgium,layer3_review_decision_20260824,explicit_company_mapping_from_layer3_review,map to The Coca-Cola Company,Manual review / complex ownership,Manual review / complex ownership,10,Known Coca-Cola system brand; route to The Coca-Cola Company at company layer.,Thé noir glacé saveur framboise menthe | Green tea mango chamomile | fuze tea | PET 1.25L FUZETEA PECHE HIB | Black tea - Peach Hibiscus | FuzeTea thé vert mangue & camomille,"Fuze Tea, Fuzetea | Fuze Tea | FUZE TEA | FUZE TEA | FUZE TEA | Coca cola, Fuzetea",append_candidate,direct,
Lay's,lay's,PepsiCo,direct,snacks,FRANCE|DACH,FRANCE|DACH,France,layer3_review_decision_20260824,explicit_company_mapping_from_layer3_review,map to PepsiCo,Other / not mapped to a company,Other / not mapped to a company,10,Known PepsiCo brand / regional alias missing from proposed mapping.,Chips paysannes | Chips paysannes nature format familial | Lay's saveur poulet rôti maxi format | Chips recette paysanne nature | Chips saveur poulet rôti,Lay's | Lay's | Lay's | Lay's | Lay's,append_candidate,direct,
Oreo,oreo,Mondelēz International,direct,snacks,FRANCE|DACH,FRANCE|DACH,France,layer3_review_decision_20260824,explicit_company_mapping_from_layer3_review,map to Mondelēz International,Manual review / complex ownership,Manual review / complex ownership,10,Known Mondelēz brand / regional Cadbury routing outside US.,Ice cream bites | Oreo Double Creme | Milka+oreo Riegel | Choc'o Brownie | Oreo Wafer Roll with Vanilla Flavored Cream | Oreo Peanut Butter Flavour | Oreo Chocolate Creme | Oreo,"Oreo | Oreo | Oreo | Oreo | Oreo | Mondelez, Oreo | Mondelez, Oreo | Mondelēz, Oreo",append_candidate,direct,
SodaStream,sodastream,PepsiCo,direct,beverages,US_CANADA,US_CANADA,United States,layer3_review_decision_20260824,explicit_company_mapping_from_layer3_review,map to PepsiCo,Manual review / complex ownership,Manual review / complex ownership,10,Known PepsiCo brand / regional alias missing from proposed mapping.,"Zero Sugar Mug Root Beer | Soda mix | Peach Iced Tea Artificially Flavored Sparkling Drink Mix | Cooking light sparkling drink mix | Sodastream, skinnygirl sparkling drink mix, cucumber lime",sodastream | Sodastream | Sodastream | Sodastream | Sodastream,append_candidate,direct,
aldi einkauf gmbh and compagnie ohg,aldi einkauf gmbh and compagnie ohg,Aldi,direct,dairies,FRANCE,FRANCE,France,layer3_review_decision_20260824,explicit_company_mapping_from_layer3_review,map to Aldi,Other / not mapped to a company,Other / not mapped to a company,10,Obvious Aldi retailer/private-label brand line.,"Semoule au lait saveur vanille | Crème Légère Fluide (12 % MG) | Spécialité Fromagère Ail & Fines Herbes (22,5 % MG) | Dessert lactée aux caramel | Ail et fines herbes fromage à tartiner","Aldi Einkauf GmbH & Compagnie-oHG, Ursi | Aldi Einkauf GmbH & Compagnie-oHG, Milsani | Aldi Einkauf GmbH & Compagnie-oHG, Lys de France | Aldi Einkauf GmbH & Compagnie-oHG, Ursi | Aldi Einkauf GmbH & Compagnie-oHG, Lys de France",append_candidate,direct,
aldi specially selected,aldi specially selected,Aldi,direct,snacks,UK_IE,UK_IE,United Kingdom,layer3_review_decision_20260824,explicit_company_mapping_from_layer3_review,map to Aldi,Other / not mapped to a company,Manual review / complex ownership,10,Obvious Aldi retailer/private-label brand line.,"Cinnamon Knots | Turkish Delight Soft pistachio flavour cubes tradi | Camembert, Chilli And Honey Crisps | Black Pepper Oatcake Bites | Rocky Road Mini Bites","Aldi Specially Selected | Aldi: Specially Selected | Aldi Specially Selected | Aldi Specially Selected | Aldi Specially Selected, Aldi",append_candidate,direct,
e.leclerc,e.leclerc,E.Leclerc,direct,beverages,FRANCE,FRANCE,France,layer3_review_decision_20260824,explicit_company_mapping_from_layer3_review,map to E.Leclerc,Manual review / complex ownership,Manual review / complex ownership,10,Obvious E.Leclerc retailer/private-label brand line.,Jus d orange pressé | PUR JUS D'ORANGE PRESSE AVEC PULPE | Jus d’orange bio | Jus d'orange pressé | Jus d'orange,E.Leclerc | E.LECLERC | E.Leclerc | E.Leclerc | E.Leclerc,append_candidate,direct,
lidl,lidl,Lidl,direct,cereals,US_CANADA,US_CANADA,United States,layer3_review_decision_20260824,explicit_company_mapping_from_layer3_review,map to Lidl,Manual review / complex ownership,Manual review / complex ownership,10,Obvious Lidl retailer/private-label brand line.,Muesli bio au chocolat | Muesli protéiné | Muesli crunchy aveia & coco | Steel Cut Oats | Oat Hoops,"Lidl | Lidl | Lidl, Crownfield | Lidl | LIDL",append_candidate,direct,
nestle dessert,nestle dessert,Nestlé,direct,snacks,FRANCE,FRANCE,France,layer3_review_decision_20260824,explicit_company_mapping_from_layer3_review,map to Nestlé,Other / not mapped to a company,Manual review / complex ownership,10,Known Nestlé brand / brand line missing from proposed company mapping.,Blanc | Chocolat noir | Cookies aux pépites de chocolat | Chocolat noir | cookies,Nestle Dessert | Nestlé Dessert | Nestlé Dessert | Nestlé Dessert | Nestlé dessert,append_candidate,direct,
7UP,7up,Keurig Dr Pepper,market_scoped,beverages,US_CANADA,US_CANADA,United States,layer3_review_decision_20260824,approved_proposed_company_from_layer3_review,approve proposed,Keurig Dr Pepper,Keurig Dr Pepper,9,Proposed company mapping is concrete; approve for launch.,LEMON LIME FLAVORED SODA | 7 Up Soda | Diet cherry | LEMON LIME FLAVORED SODA | 7 up zero sugar,7up | 7Up | 7Up | 7up | 7Up,append_candidate,direct,Corrected before upsert-ready split: known complex/market-scoped or licensed brand; do not mark as plain direct.
Activia,activia,Danone,direct,dairies,UK_IE,UK_IE,United Kingdom,layer3_review_decision_20260824,explicit_company_mapping_from_layer3_review,map to Danone,Manual review / complex ownership,Danone,9,Known Danone brand / brand line missing from proposed company mapping.,Activia rhubarbe | Activia Prune | Cereals 4 x (500g) | Rasberry yogurt | Activia Blueberry & Acai,"Danone,Activia | danone,Activia | Danone,Activia | Danone,Activia | danone,Activia",append_candidate,direct,
Belvita,belvita,Mondelēz International,direct,snacks,BENELUX|FRANCE,BENELUX|FRANCE,Belgium,layer3_review_decision_20260824,explicit_company_mapping_from_layer3_review,map to Mondelēz International,Manual review / complex ownership,Manual review / complex ownership,9,Known Mondelēz brand / regional Cadbury routing outside US.,Duo Fourré Goût Chocolat 🍫 Noisette 🥜 | BelVita petit déjeuner Multi Céréales | Barre moelleuse Cranberries & Noisettes | BELVITA Graine et fruits Myrtilles Graines de lin | Petit déjeuner pépites chocolat | Petit Déjeuner Moelleux Coeur Gourmand Fraise,"belVita | Belvita, Lu | Belvita | Belvita | Belvita, LU | BelVita,Lu,Mondelez | Mondelēz, belVita",append_candidate,direct,
Carrefour Classic,carrefour classic,Carrefour,direct,snacks,FRANCE|SOUTHERN_EUROPE,FRANCE|SOUTHERN_EUROPE,France,layer3_review_decision_20260824,explicit_company_mapping_from_layer3_review,map to Carrefour,Other / not mapped to a company,Manual review / complex ownership,9,"Carrefour brand/private-label/store-format row; brand entity should stay as normalized_brand, parent_company should be Carrefour.",Les Tablettes AU CHOCOLAT BLANC | Tartelette goût framboise | Les Tablettes AU CHOCOLAT AU LAIT | Mini circle goût fraise | Mini Circle Goût chocolat | Sablés coeur saveur pomme façon tatin,"Carrefour,Carrefour Classic | Carrefour, Carrefour Classic' | Carrefour,Carrefour Classic | Carrefour, Carrefour Classic | Carrefour, Carrefour Classic | Carrefour Classic, Carrefour",append_candidate,direct,
Carrefour Original,carrefour original,Carrefour,direct,dairies,FRANCE,FRANCE,France,layer3_review_decision_20260824,explicit_company_mapping_from_layer3_review,map to Carrefour,Other / not mapped to a company,Manual review / complex ownership,9,"Carrefour brand/private-label/store-format row; brand entity should stay as normalized_brand, parent_company should be Carrefour.",Petit pot de crème saveur vanille aux oeufs frais | Petit Pot de Crème au Chocolat | Petit Pot de Crème au Café | Tiramisu à la Framboise | Le fromage fouetté Nature Au sel de mer | Île flottante à la Vanille | Brique de brebis doux et crémeux,"Carrefour, Carrefour Original | Carrefour,Carrefour Original | Carrefour, Carrefour Original | Carrefour, Carrefour Original | Carrefour,Carrefour Original | Carrefour Original, Carrefour | Carrefour Original",append_candidate,direct,
Carrefour Sélection,carrefour sélection,Carrefour,direct,beverages,FRANCE|SOUTHERN_EUROPE,FRANCE|SOUTHERN_EUROPE,France,layer3_review_decision_20260824,explicit_company_mapping_from_layer3_review,map to Carrefour,Other / not mapped to a company,Manual review / complex ownership,9,"Carrefour brand/private-label/store-format row; brand entity should stay as normalized_brand, parent_company should be Carrefour.",Virgin Mojito | Passion Mangue Saveur Citronnelle | Jus de Fraise et Framboise | Menthe poivrée | Pur jus raisin & fruits rouges,"Carrefour, Carrefour Sélection | Carrefour, Carrefour Sélection | Carrefour, Carrefour Sélection | Carrefour, Carrefour Sélection | Carrefour, Carrefour Sélection",append_candidate,direct,
Cheerios,cheerios,Cereal Partners Worldwide,market_scoped,cereals,FRANCE,FRANCE,France,layer3_review_decision_20260824,approved_proposed_company_from_layer3_review,approve proposed,Cereal Partners Worldwide,Cereal Partners Worldwide,9,Proposed company mapping is concrete; approve for launch.,Multi Grain | Cheerios Penut Butter | Céréales Cheerios (pommes & Cannelle) | Céréales Cheerios (multi-grain) | Céréales Cheerios (multigrains) | Oat Crunch Oats 'N Honey | Cheerious Honey | Cheerios bio,"Cheerios, General Mills | Cheerios, General Mills | Cheerios, General Mills | Cheerios, General Mills | Cheerios, General Mills | Cheerios | Cheerios | Cheerios",append_candidate,direct,Corrected before upsert-ready split: known complex/market-scoped or licensed brand; do not mark as plain direct.
Chocapic,chocapic,Nestlé,direct,snacks,FRANCE,FRANCE,France,layer3_review_decision_20260824,explicit_company_mapping_from_layer3_review,map to Nestlé,Manual review / complex ownership,Manual review / complex ownership,9,Known Nestlé brand / brand line missing from proposed company mapping.,Chocapic Barres | Barre Chocapic | Chocapic | NESTLE CHOCAPIC Barres de Céréales 12x25g | Présentoir Barres CHOCAPIC 25gx24 | NESTLE CHOCAPIC Barres de Céréales 8x25g | Nestle Chocapic Cereal Bar,"Nestlé, Chocapic | Nestlé, Chocapic | Nestlé, Chocapic | Nestlé, Chocapic | Nestlé, Chocapic | Chocapic, Nestlé | CHOCAPIC",append_candidate,direct,
Coca-Cola,coca-cola,The Coca-Cola Company,direct,beverages,FRANCE|UK_IE,FRANCE|UK_IE,France,layer3_review_decision_20260824,explicit_company_mapping_from_layer3_review,map to The Coca-Cola Company,Manual review / complex ownership,Manual review / complex ownership,9,Known Coca-Cola system brand; route to The Coca-Cola Company at company layer.,Coca-Cola Original Taste | Diet Coke Top quality | Coca-cola diet (UK) | Dr Pepper Zero | Diet Coke,"Coca Cola | Coca-Cola | Coca-Cola | Coca Cola | Coca-Cola, Tesco",append_candidate,direct,
Coca-Cola Light,coca-cola light,The Coca-Cola Company,direct,beverages,BENELUX|FRANCE,BENELUX|FRANCE,Belgium,layer3_review_decision_20260824,explicit_company_mapping_from_layer3_review,map to The Coca-Cola Company,Manual review / complex ownership,Manual review / complex ownership,9,Known Coca-Cola system brand; route to The Coca-Cola Company at company layer.,Coca Cola Coke Zero 375Ml | Coke Light | Coca zero lemon | Coca Cola Lemon Zero Sucres | Coca-cola-cola Caffeine Free (diet)-250ml-benelux | Coca Cola Zero 1.5 | Boisson gazeuse aux extraits végétaux,"Coca-Cola, Coca-Cola-light | Coca-Cola, Coca-Cola-light, The Coca-Cola Company | COCA-COLA, Coca-Cola-light | COCA-COLA, Coca-Cola-light, Coke | Coca Cola, Coca-Cola-light | COCA COLA COMPANY, Coca-Cola-light | Coca cola zero, Coca-Cola-light",append_candidate,direct,
Gatorade,gatorade,PepsiCo,direct,snacks,US_CANADA,US_CANADA,United States,layer3_review_decision_20260824,explicit_company_mapping_from_layer3_review,map to PepsiCo,Manual review / complex ownership,Manual review / complex ownership,9,Known PepsiCo brand / regional alias missing from proposed mapping.,"Whey protein recover chocolate peanut butter bars | Chocolate pretzel whey protein bar, chocolate pretzel | Caramel Candy Flavored Energy Gel With Caffeine, Caramel Candy | Caramel Candy Flavored Energy Gel With Caffeine, Caramel Candy | Protein Bar",Gatorade | Gatorade | Gatorade | Gatorade | Gatorade,append_candidate,direct,
Monster Energy,monster energy,Monster Beverage Corp,direct,beverages,FRANCE|SOUTHERN_EUROPE,FRANCE|SOUTHERN_EUROPE,France,layer3_review_decision_20260824,approved_proposed_company_from_layer3_review,approve proposed,Monster Beverage Corp,Monster Beverage Corp,9,Proposed company mapping is concrete; approve for launch.,Bebida energética | Monster energy RIPPER Juiced | Monster Energy Export | Monster Energy Absolutely Zero Sugar | The doctor,Monster Energy | Monster Energy | Monster Energy | Monster Energy | Monster Energy,append_candidate,direct,
Nescafé,nescafé,Nestlé,direct,dairies,FRANCE,FRANCE,France,layer3_review_decision_20260824,explicit_company_mapping_from_layer3_review,map to Nestlé,Manual review / complex ownership,Manual review / complex ownership,9,Known Nestlé brand / brand line missing from proposed company mapping.,"Nescafé Cappuccino | Nescafe Azera Coffee To Go Latte 4 Cups | Nescafé Latte saveur cookies | Nescafé latte expresso | NESCAFÉ MOKAMBO Poche de 500g | Cappuccino intenso | Nescafe Shakissimo , Light Skinny Latte","Nescafé | Nescafé | Nescafe | Nescafé | Nescafé | Nestlé, Mokambo, Nescafe | Nestlé, Nescafe | Nestlé, Nescafe",append_candidate,direct,
Nescafé Dolce Gusto,nescafé dolce gusto,Nestlé,direct,beverages,FRANCE|DACH,FRANCE|DACH,France,layer3_review_decision_20260824,explicit_company_mapping_from_layer3_review,map to Nestlé,Manual review / complex ownership,Other / not mapped to a company,9,Known Nestlé brand / brand line missing from proposed company mapping.,"DOLCE GUSTO espresso | Capsules NESCAFE Dolce Gusto Espresso 30 Capsules | Coffret Famille | Cappuccino intenso | Capsules NESCAFÉ Dolce Gusto Cappuccino 30 Capsules 349,5g | crema d‘oro | Espresso extra crema | Capsules NESCAFÉ DOLCE GUSTO NESQUIK 30 Capsules 480g | STARBUCKS by NESCAFE DOLCE GUSTO Toffee Nut Latte 127,8g","Dolce gusto, Nescafé | Dolce gusto, Nescafé | Dolce Gusto, Nescafé, Nescafé Dolce Gusto | Dolce Gusto, Nescafé | Dolce gusto, Nescafé | Dallmayr, Dolce Gusto, Nescafé | Dolce Gusto | Dolce Gusto By Nescafé, Dolce gusto, Nescafe | Seasonal latte, STARBUCKS, White, by NESCAFE DOLCE GUSTO",append_candidate,direct,
Nescafé Dolce Gusto,nescafé dolce gusto,Nestlé,direct,beverages,FRANCE|SOUTHERN_EUROPE,FRANCE|SOUTHERN_EUROPE,France,layer3_review_decision_20260824,explicit_company_mapping_from_layer3_review,map to Nestlé,Manual review / complex ownership,Other / not mapped to a company,9,Known Nestlé brand / brand line missing from proposed company mapping.,Capsules NESCAFE DOLCE GUSTO Amande 12 capsules | Capsules NESCAFE DOLCE GUSTO Cortado Espresso Decaf 16 Capsules | Capsules NESCAFÉ Dolce Gusto Espresso Roma 16 Capsules | Capsules NESCAFE DOLCE GUSTO Expresso Milano | Capsules NESCAFÉ DOLCE GUSTO Espresso décaféiné x16,"Dolce gusto, Nescafe | Dolce gusto, Nescafe, Nescafe cortado | Dolce gusto, Nescafe espresso, Nescafé | Dolce gusto, Nescafe | Dolce gusto, Nescafe",append_candidate,direct,
Volvic,volvic,Danone,direct,beverages,BENELUX|FRANCE,BENELUX|FRANCE,Belgium,layer3_review_decision_20260824,explicit_company_mapping_from_layer3_review,map to Danone,Manual review / complex ownership,Manual review / complex ownership,9,Known Danone brand / brand line missing from proposed company mapping.,Volvic | Juicy Fruits Exotiques | Infusion touche d'Hibiscus | Volvic infusion bio | Volvic infusion bio,"Volvic, Volvic Eau | Volvic | Volvic | Volvic | Volvic",append_candidate,direct,
aldi,aldi,Aldi,direct,dairies,BENELUX|FRANCE,BENELUX|FRANCE,Belgium,layer3_review_decision_20260824,explicit_company_mapping_from_layer3_review,map to Aldi,Manual review / complex ownership,Manual review / complex ownership,9,Obvious Aldi retailer/private-label brand line.,Fromage Fondu 24 portions | Maasdam | Milk Shake | Geirenkaas Met Spek Aluminium Schaaltje 120 Gram Koeling,"Aldi, Valblanc | Aldi | Aldi | Aldi | Aldi, Chèvrefin",append_candidate,direct,
auchan bio,auchan bio,Auchan,direct,cereals,FRANCE,FRANCE,France,layer3_review_decision_20260824,explicit_company_mapping_from_layer3_review,map to Auchan,Other / not mapped to a company,Manual review / complex ownership,9,Obvious Auchan retailer/private-label brand line.,Flocons d'avoine | Flocons d'avoine | Crousty Cao chocolat au lait | Flocons d'avoine | Cao Flakes,"Auchan Bio | Auchan Bio,Auchan | Auchan Bio,Auchan | AUCHAN BIO | Auchan Bio,Auchan",append_candidate,direct,
babybel,babybel,Bel Group,direct,dairies,UK_IE,UK_IE,United Kingdom,layer3_review_decision_20260824,explicit_company_mapping_from_layer3_review,map to Bel Group,Manual review / complex ownership,Manual review / complex ownership,9,Known Bel Group cheese brand.,Mini cheese | Mini babybel | Reduced fat cheese | Mini babybell light | Babybel 40g,Babybel | Babybel | Babybel | Babybel | Babybel,append_candidate,direct,
crunch,crunch,Nestlé,direct,snacks,FRANCE,FRANCE,France,layer3_review_decision_20260824,explicit_company_mapping_from_layer3_review,map to Nestlé,Manual review / complex ownership,Manual review / complex ownership,9,Known Nestlé brand / brand line missing from proposed company mapping.,CRUNCH Blanc Tablette 2x100g | Crunch | CRUNCH Noir Tablette 2x100g | Crunch | CRUNCH (lot de 2) | SNACK Barre chocolatée,"Nestlé, Crunch, Crunch blanc | Nestlé, Crunch | Nestlé, Crunch | Nestlé, Crunch | Nestlé,Crunch | Crunch, Nestlé",append_candidate,direct,
danone,danone,Danone,direct,dairies,FRANCE|UK_IE,FRANCE|UK_IE,France,layer3_review_decision_20260824,approved_proposed_company_from_layer3_review,approve proposed,Danone,Danone,9,Proposed company mapping is concrete; approve for launch.,Taillefine aux fruits 0% mat. Grasses | Actimel Immune Support | Actimel Immune Support | Actimel 0% | Oykos Peach Luxury Greek Style Yogurt,Danone | Danone | Danone | Danone | Danone,append_candidate,direct,
lidl,lidl,Lidl,direct,cereals,UK_IE,UK_IE,United Kingdom,layer3_review_decision_20260824,explicit_company_mapping_from_layer3_review,map to Lidl,Manual review / complex ownership,Manual review / complex ownership,9,Obvious Lidl retailer/private-label brand line.,Granola | Choco Squares | Fruit & fibre | Muesli | Almond Butter & Salted Caramel Oats,"Lidl | Lidl, Crownfield | Lidl | Lidl | Lidl",append_candidate,direct,
lidl,lidl,Lidl,direct,snacks,FRANCE|SOUTHERN_EUROPE,FRANCE|SOUTHERN_EUROPE,France,layer3_review_decision_20260824,explicit_company_mapping_from_layer3_review,map to Lidl,Manual review / complex ownership,Manual review / complex ownership,9,Obvious Lidl retailer/private-label brand line.,Biscotti con cereali e riso crocante | Fior di Cioccolato | Croissant 25% Di Farcitura Alla Crema Pasticcera | Madeleine muffins format XXL | Barbecue Marshmallows Classic,"Lidl, Realforno | Lidl, Realforno | Lidl, Nastrecce | Lidl,Maître Jean Pierre,La Cestera | Lidl",append_candidate,direct,
lindt,lindt,Lindt & Sprüngli,direct,snacks,FRANCE,FRANCE,Australia,layer3_review_decision_20260824,explicit_company_mapping_from_layer3_review,map to Lindt & Sprüngli,Manual review / complex ownership,Manual review / complex ownership,9,Known Lindt brand / line.,Lindt Excellence 85% Cocoa Extra Dark | EXCELLENCE 95% COCOA ULTIMATE DARK | Mild Dark Smooth Blend 70% Cocoa | Lindt Creation Chocolate Block Creme Brulee | Lindt Creation Chocolate Block Hazelnut Delight,"Lindt | Lindt | Lindt | Lindt, ลินด์ | Lindt",append_candidate,direct,
lindt,lindt,Lindt & Sprüngli,direct,snacks,FRANCE,FRANCE,France,layer3_review_decision_20260824,explicit_company_mapping_from_layer3_review,map to Lindt & Sprüngli,Manual review / complex ownership,Other / not mapped to a company,9,Known Lindt brand / line.,Lindor Lait | Lindor | Chocolat blanc | Chocolat lindor | Œuf en chocolat | Chocolat noir aux cristaux de Fleur de Sel,"Lindor, Lindt | Lindor, Lindt | Lindor, Lindt | Lindor, Lindt, Lindt & Sprüngli | Lindor, Lindt, Lindt & Sprüngli | Excellence, Lindt",append_candidate,direct,
tesco,tesco,Tesco,direct,snacks,US_CANADA,US_CANADA,United States,layer3_review_decision_20260824,explicit_company_mapping_from_layer3_review,map to Tesco,Manual review / complex ownership,Manual review / complex ownership,9,Obvious Tesco retailer/private-label brand line.,Tesco Pain Au Raisin 2 Pack | Tesco Plain Scones 4 Pack | Tesco Blueberry Muffins 4 Pack | Tesco Smashed Chocolate Egg Cookies 5 Pack | Chocolate Party Cake,Tesco | Tesco | Tesco | Tesco | Tesco,append_candidate,direct,
u saveurs,u saveurs,Système U,direct,snacks,FRANCE,FRANCE,France,layer3_review_decision_20260824,explicit_company_mapping_from_layer3_review,map to Système U,Other / not mapped to a company,Manual review / complex ownership,9,Obvious Système U retailer/private-label brand line in France.,"Croissant, + pain au chocolat, 8 pièces | Biscuits Navettes de Provence fleur d'oranger pur beurre - 400g | Biscuits Croquants de Provence aux amandes pur beurre - 300g | Biscuits apéritifs Sablés apéritif Ossau Iraty AOP , 100g | Gâche","U Saveurs | U Saveurs, U | U Saveurs, U | U Saveurs, U | U Saveurs, U, U de nos Régions",append_candidate,direct,
Activia,activia,Danone,direct,dairies,FRANCE|DACH,FRANCE|DACH,France,layer3_review_decision_20260824,explicit_company_mapping_from_layer3_review,map to Danone,Manual review / complex ownership,Manual review / complex ownership,8,Known Danone brand / brand line missing from proposed company mapping.,"Activia bifidus cereales 120 g x 4 muesli | Danone ACTIVIA® Erbeere / Pfirsich-Maracuja 115g AFH | Activia® Erdbeere (4×115g = 460g) | Danone ACTIVIA® XXL Winter Edition Hafer, Apfel & Zimt / Leinsamen & getrocknete Pflaume (8 x 115g) = 920g | Danone ACTIVIA® ohne Zuckerzusatz & ohne Süßstoffe, doppelt Früchte Erdbeere, Dattel, Himbeere (4 x 115g) = 460g","Activia, Activia yoghurt cereals/fibres, Danone | ACTIVIA®, Danone | ACTIVIA®, Aktivia, Danone, Danone Activia® | ACTIVIA®, Danone | ACTIVIA®, Danone",append_candidate,direct,
Belvita,belvita,Mondelēz International,direct,snacks,FRANCE,FRANCE,Bulgaria,layer3_review_decision_20260824,explicit_company_mapping_from_layer3_review,map to Mondelēz International,Manual review / complex ownership,Manual review / complex ownership,8,Known Mondelēz brand / regional Cadbury routing outside US.,Biscuits Belvita Chocolate | 1x 686 kJ 164 kcal 8%* 100 g 1716kJ 409 kcal belVi | Белвита Софт Черв.Боровинка | бисквитка | Бисквити с шоколад и лешници | БЕЛВИТА СОФТ ПЪЛНЕЖ ЯГОДА | БИСКВИТИ БЕЛВИТА СОФТ ШОКОЛАД,"Belvita | Belvita | Belvita | Belvita | Belvita | Belvita, Mondelez | Belvita, Mondelez",append_candidate,direct,
Cadbury,cadbury,Mondelēz International,market_scoped,beverages,UK_IE,UK_IE,United Kingdom,layer3_review_decision_20260824,approved_proposed_company_from_layer3_review,approve proposed,Mondelēz International,Mondelēz International,8,Proposed company mapping is concrete; approve for launch. | Cadbury ownership/routing is market-sensitive; status corrected to market_scoped before launch upsert.,Drinking chocolate | Cadbury Hot Chocolate 7 Pack | Instant Hot chocolate | Hot Chocolate powder | High Lights Milk Choc Drink,Cadbury | Cadbury | Cadbury | Cadbury | Cadbury,append_candidate,direct,Corrected before upsert-ready split: known complex/market-scoped or licensed brand; do not mark as plain direct. | Cadbury ownership/routing is market-sensitive; status corrected to market_scoped before launch upsert.
Carrefour Bio,carrefour bio,Carrefour,direct,cereals,BENELUX|FRANCE|SOUTHERN_EUROPE,BENELUX|FRANCE|SOUTHERN_EUROPE,Belgium,layer3_review_decision_20260824,explicit_company_mapping_from_layer3_review,map to Carrefour,Other / not mapped to a company,Manual review / complex ownership,8,"Carrefour brand/private-label/store-format row; brand entity should stay as normalized_brand, parent_company should be Carrefour.","Pétales au chocolat blé complet | Corn flakes | Muesli fruits | Muesli 35 fruits, noix et graines | Croustillant 3 noix","Carrefour BIO, Carrefour | Carrefour BIO,Carrefour | Carrefour BIO,Carrefour | Carrefour BIO, Carrefour | Carrefour BIO, Carrefour",append_candidate,direct,
Carrefour Classic,carrefour classic,Carrefour,direct,beverages,FRANCE,FRANCE,France,layer3_review_decision_20260824,explicit_company_mapping_from_layer3_review,map to Carrefour,Other / not mapped to a company,Manual review / complex ownership,8,"Carrefour brand/private-label/store-format row; brand entity should stay as normalized_brand, parent_company should be Carrefour.",Eau de source de montagne d'auvergne | Sirop-pêche | Chicoree nature | Sirop | Eau minérale naturelle pétillante | Saveur grenadine | Carrefour Orzo Solubile,"Carrefour,Carrefour classic | Carrefour,Carrefour Classic | Carrefour, Carrefour Classic | Carrefour,Carrefour Classic | Carrefour, Carrefour Classic | CARREFOUR CLASSIC' | Carrefour Classic’",append_candidate,direct,
Carrefour Original,carrefour original,Carrefour,direct,snacks,BENELUX|FRANCE,BENELUX|FRANCE,Belgium,layer3_review_decision_20260824,explicit_company_mapping_from_layer3_review,map to Carrefour,Other / not mapped to a company,Manual review / complex ownership,8,"Carrefour brand/private-label/store-format row; brand entity should stay as normalized_brand, parent_company should be Carrefour.",Mini Gaufres avec Fantaisie au Cacao | Carrefour Original Galettes Nature 6 x 2 Pièces | Carrefour Original Gaufres de Liège avec Fantaisie au Cacao | Gaufres Goût Vanille avec Fantaisie Cacao | Carrefour Original Galettes Parisiennes Nature 22 Pièces,"Carrefour,Carrefour Original | Carrefour,Carrefour Original | Carrefour,Carrefour Original | Carrefour,Carrefour Original | Carrefour,Carrefour Original",append_candidate,direct,
Carrefour Sélection,carrefour sélection,Carrefour,direct,dairies,FRANCE,FRANCE,France,layer3_review_decision_20260824,explicit_company_mapping_from_layer3_review,map to Carrefour,Other / not mapped to a company,Manual review / complex ownership,8,"Carrefour brand/private-label/store-format row; brand entity should stay as normalized_brand, parent_company should be Carrefour.",Tiramisu | Mousse framboise avec sa génoise | POT DE CRÈME au Caramel | POT DE CRÈME | Mousse au café | Yaourt & crème Citron | Noord-Hollandse Gouda AOP Jeune - Goût doux et crémeux | Feta AOP,"Carrefour,Carrefour Sélection | Carrefour, Carrefour Sélection | Carrefour, Carrefour Sélection | Carrefour, Carrefour Sélection | Carrefour, Carrefour Sélection | Carrefour Sélection,Groupe Carrefour | Carrefour Sélection | Carrefour Sélection,Carrefour",append_candidate,direct,
Fanta,fanta,The Coca-Cola Company,direct,beverages,FRANCE|SOUTHERN_EUROPE,FRANCE|SOUTHERN_EUROPE,France,layer3_review_decision_20260824,explicit_company_mapping_from_layer3_review,map to The Coca-Cola Company,Manual review / complex ownership,Manual review / complex ownership,8,Known Coca-Cola system brand; route to The Coca-Cola Company at company layer.,Fanta Pineapple | Fanta Toronja Grapefruit | Fanta cherry | FANTA can 25 cl | Fanta Laranja,Fanta | Fanta | Fanta | Fanta | Fanta,append_candidate,direct,
KitKat,kitkat,Nestlé,market_scoped,snacks,UK_IE,UK_IE,United Kingdom,layer3_review_decision_20260824,approved_proposed_company_from_layer3_review,approve proposed,Nestlé,Nestlé,8,Proposed company mapping is concrete; approve for launch.,Chunky Salted Caramel duo | KitKat Wasabi Flavor | KitKat Orange | KitKat Dark | Nescafe Mocha Flavour | KitKat festive friends | Vegan KitKat | KitKat Chunky Easter Egg,"KitKat | KitKat | KitKat | KitKat | Kitkat, Nestlé S.A. | KitKat, Nestlé | KitKat, Nestlé | KitKat, Nestlé",append_candidate,direct,Corrected before upsert-ready split: known complex/market-scoped or licensed brand; do not mark as plain direct.
Nesquik,nesquik,Nestlé,direct,dairies,FRANCE,FRANCE,France,layer3_review_decision_20260824,explicit_company_mapping_from_layer3_review,map to Nestlé,Manual review / complex ownership,Manual review / complex ownership,8,Known Nestlé brand / brand line missing from proposed company mapping.,"Code-barres inexistant et/ou fiche incomplète, obsolète ou en doublon | Duo Nesquik | Nesquik petit | Nesquik Batut De Xocolata 200 ML (pack 3X200ML) | Nesquik Chocoballs | Nesquik Go!! | Duo Saveur Chocolat et Vanille | Nesquik shake","Nesquik | Nesquik | Nesquik | Nesquik | Nestlé,Nesquik | Nestlé, Nesquik | Nestlé, Nesquik | Nesquik, Nestlé",append_candidate,direct,
Nesquik,nesquik,Nestlé,direct,dairies,US_CANADA,US_CANADA,United States,layer3_review_decision_20260824,explicit_company_mapping_from_layer3_review,map to Nestlé,Manual review / complex ownership,Manual review / complex ownership,8,Known Nestlé brand / brand line missing from proposed company mapping.,Low Fat Milk | Nesquik strawberry milk 14 oz | Nesquik chocolate milk 14 oz | Nesquik very vanilla milk 14 oz | Ready to drink low fat chocolate milk,Nesquik | Nesquik | Nesquik | Nesquik | Nesquik,append_candidate,direct,
Oreo,oreo,Mondelēz International,direct,snacks,US_CANADA,US_CANADA,Bolivia,layer3_review_decision_20260824,explicit_company_mapping_from_layer3_review,map to Mondelēz International,Manual review / complex ownership,Manual review / complex ownership,8,Known Mondelēz brand / regional Cadbury routing outside US.,mini | Oreo Double Stuf | Golden Oreo | Golden Oreo minis | Oreo Thins Bites Fudge Dipped Original,"Oreo,Nabisco | Oreo,Nabisco | Oreo,Nabisco | Oreo | Oreo,Nabisco",append_candidate,direct,
Reflets de France,reflets de france,Carrefour,direct,snacks,FRANCE|SOUTHERN_EUROPE,FRANCE|SOUTHERN_EUROPE,France,layer3_review_decision_20260824,explicit_company_mapping_from_layer3_review,map to Carrefour,Manual review / complex ownership,Manual review / complex ownership,8,"Carrefour brand/private-label/store-format row; brand entity should stay as normalized_brand, parent_company should be Carrefour.",Nougat de Montélimar | Croquants aux amandes | Brioche vendéenne Igp | Pépites de chocolat | Canistrelli aux noisettes | Navettes de Provence | Galettes Bretonnes Spécialité de Pont-Aven au beurre,"Carrefour, Reflets de France | Carrefour, Reflets de France | Carrefour, Reflets de France | Carrefour, Reflets de France | Carrefour, Reflets de France | Reflets de France | Reflets de France",append_candidate,direct,
Simpl,simpl,Carrefour,direct,dairies,BENELUX|FRANCE,BENELUX|FRANCE,Belgium,layer3_review_decision_20260824,explicit_company_mapping_from_layer3_review,map to Carrefour,Other / not mapped to a company,Manual review / complex ownership,8,"Carrefour brand/private-label/store-format row; brand entity should stay as normalized_brand, parent_company should be Carrefour.",SIMPL Lait entier | SIMPL Lait demi-écrémé | SIMPL Lait écrémé | Simpl Spécialité au Fromage Frais | Simpl Spécialité Laitière Aromatisée et Sucrée aux Fruits,"Carrefour, Simpl | Carrefour, Simpl | Carrefour, Simpl | Carrefour, Simpl | Carrefour, Simpl",append_candidate,direct,
Sprite,sprite,The Coca-Cola Company,direct,beverages,FRANCE|DACH,FRANCE|DACH,France,layer3_review_decision_20260824,explicit_company_mapping_from_layer3_review,map to The Coca-Cola Company,Manual review / complex ownership,Manual review / complex ownership,8,Known Coca-Cola system brand; route to The Coca-Cola Company at company layer.,Sprite | Sprite getränk | Sprite | Sprite 0.5 | Sprite | Sprite,"Sprite | Sprite | Sprite | Sprite | Sprite | Coca Cola, Sprite",append_candidate,direct,
Volvic,volvic,Danone,direct,beverages,FRANCE|DACH,FRANCE|DACH,France,layer3_review_decision_20260824,explicit_company_mapping_from_layer3_review,map to Danone,Manual review / complex ownership,Danone,8,Known Danone brand / brand line missing from proposed company mapping.,"Trinkwasser Volvic | Eau minérale | Volvic Touch Rote Früchte 1,5L | Volvic Tee Pfirsich 1,5 L EW | Volvic Tee Pfirsich 75cl PET","Danone, Société des eaux de Volvic, Volvic | Danone, Volvic | Danone,Touch,Volvic | Danone,Volvic,Volvic Aro | Danone,Volvic",append_candidate,direct,
carrefour discount,carrefour discount,Carrefour,direct,snacks,FRANCE,FRANCE,France,layer3_review_decision_20260824,explicit_company_mapping_from_layer3_review,map to Carrefour,Other / not mapped to a company,Manual review / complex ownership,8,"Carrefour brand/private-label/store-format row; brand entity should stay as normalized_brand, parent_company should be Carrefour.","Petits Sablés - Vanille Rhum | Galettes Bretonnes au Beurre et aux Œufs Frais | 8 barres céréalières à la pomme verte | Assortiment de biscuits salés, Crackers | Tortilla chips Chili","Carrefour Discount, Girard | Carrefour Discount | Carrefour Discount,Carrefour | Carrefour Discount | Carrefour discount",append_candidate,direct,
coop naturaplan,coop naturaplan,Coop,direct,beverages,FRANCE|DACH,FRANCE|DACH,France,layer3_review_decision_20260824,explicit_company_mapping_from_layer3_review,map to Coop,Other / not mapped to a company,Manual review / complex ownership,8,Obvious Coop retailer/private-label brand line.,Sirup - Fleurs de sureau | Jus d'orange doux | Concentré de Jus de Poire / Birnel | Coop Naturaplan Bio King Coconut Water | Ginger Green Tea,"Coop Naturaplan | Coop Naturaplan, Naturaplan, coop | coop naturaplan | Coop naturaplan | Coop naturaplan",append_candidate,direct,
danone,danone,Danone,direct,dairies,BENELUX|FRANCE|DACH,BENELUX|FRANCE|DACH,Belgium,layer3_review_decision_20260824,approved_proposed_company_from_layer3_review,approve proposed,Danone,Danone,8,Proposed company mapping is concrete; approve for launch.,Jockey 3% de mg nature 1 kg x 1 | Danone Danette Schokolade (4x125g) 500g | Danone Danette Vanille Geschmack (4x125g) 500g | danette | Petit Suisse Gervais,"Danone, Jockey, Jockey natural | Danone | Danone | Danone | Danone",append_candidate,direct,
danone,danone,Danone,direct,dairies,FRANCE,FRANCE,Algeria,layer3_review_decision_20260824,approved_proposed_company_from_layer3_review,approve proposed,Danone,Danone,8,Proposed company mapping is concrete; approve for launch.,Danao orange ananas | Brassé nature sucré | Danao | Yaourt danone | Danette vanille,Danone | Danone | Danone | danone | Danone,append_candidate,direct,
kiri,kiri,Bel Group,direct,dairies,FRANCE|DACH,FRANCE|DACH,France,layer3_review_decision_20260824,explicit_company_mapping_from_layer3_review,map to Bel Group,Manual review / complex ownership,Manual review / complex ownership,8,Known Bel Group cheese brand.,Vache qui rit | Kiri Spreadable Cream Cheese | Kiri Dippi | KIRI CREME - 8 portions | Kiri dippi,"Kiri, Vache Qui Rit | Kiri | KIRI | Kiri | Kiri, Kiri gouter",append_candidate,direct,
le rustique,le rustique,Savencia,direct,dairies,FRANCE,FRANCE,France,layer3_review_decision_20260824,explicit_company_mapping_from_layer3_review,map to Savencia,Manual review / complex ownership,Manual review / complex ownership,8,Known Savencia cheese brand.,Camembert | Camembert Spécial Affiné | Grand camembert de caractère | Fromage | Camembert,Le Rustique | Le Rustique | Le Rustique | Le Rustique | Le Rustique,append_candidate,direct,
lidl,lidl,Lidl,direct,beverages,FRANCE|SOUTHERN_EUROPE,FRANCE|SOUTHERN_EUROPE,France,layer3_review_decision_20260824,explicit_company_mapping_from_layer3_review,map to Lidl,Manual review / complex ownership,Manual review / complex ownership,8,Obvious Lidl retailer/private-label brand line.,"Tisana Zenzero, Limone e Curcuma | Confiture extra framboise | Limoncino | Latte Espresso | Tinto de verano sin alcohol sabor limon","Lidl | Lidl | Lidl, Massari | Lidl | Lidl",append_candidate,direct,
marque repere,marque repere,E.Leclerc,direct,dairies,FRANCE,FRANCE,France,layer3_review_decision_20260824,explicit_company_mapping_from_layer3_review,map to E.Leclerc,Manual review / complex ownership,Other / not mapped to a company,8,Marque Repère is an E.Leclerc private-label brand.,Gouda au cumin 31%mg portion | Dés de fromage à l'Origan | Fromage de brebis | Crème entière | Crème semi-épaisse | Mozzarella sticks | Tiramisu spéculoos | façon chocolat liegeois,"Les Croisés,Marque Repère | Les Croisés,Marque Repère | Les Croisés,Marque Repère | Soutenons nos agriculteurs,Marque Repère | Soutenons nos agriculteurs,Marque Repère | Coté Croc,Marque Repère | Equador,Marque Repère | Eskiss,marque repere",append_candidate,direct,
monoprix bio origines,monoprix bio origines,Monoprix,direct,beverages,FRANCE,FRANCE,France,layer3_review_decision_20260824,explicit_company_mapping_from_layer3_review,map to Monoprix,Other / not mapped to a company,Manual review / complex ownership,8,Obvious Monoprix retailer/private-label brand line.,24G 20S INFUSION DIGESTION MBP | Jus de raisin rouge du sud-ouest | Infusion Thym | 24G 20ST INFUSION SOMMEIL MBP | 50g infusion detox vrac mbp,Monoprix Bio origines | MONOPRIX BIO ORIGINES | Monoprix Bio origines | Monoprix Bio origines | Monoprix Bio origines,append_candidate,direct,
paturages,paturages,Les Mousquetaires / Intermarché,direct,dairies,FRANCE|SOUTHERN_EUROPE,FRANCE|SOUTHERN_EUROPE,France,layer3_review_decision_20260824,explicit_company_mapping_from_layer3_review,map to Les Mousquetaires / Intermarché,Manual review / complex ownership,Manual review / complex ownership,8,Pâturages is an Intermarché / Les Mousquetaires private-label dairy line.,Coulommiers | Camembert | Fleur d'Ange | Emmental français râpé - 210g ( | Yaourt Etuve nature NATUREA X4,Páturages | Pâturages | Páturages | Páturages | Páturages,append_candidate,direct,
président,président,Lactalis,direct,dairies,FRANCE|UK_IE,FRANCE|UK_IE,France,layer3_review_decision_20260824,explicit_company_mapping_from_layer3_review,map to Lactalis,Manual review / complex ownership,Manual review / complex ownership,8,Known Lactalis brand.,French Slightly Salted Spreadable | 200G 10 Tranches Emmental President | Beurre Tendre Doux | French Slightly Salted Butter | Côté Apéro - La Crème au Bleu à dipper,Président | President | Président | President | Président,append_candidate,direct,
quaker,quaker,PepsiCo,direct,snacks,FRANCE,FRANCE,France,layer3_review_decision_20260824,explicit_company_mapping_from_layer3_review,map to PepsiCo,Manual review / complex ownership,Manual review / complex ownership,8,Known PepsiCo brand / regional alias missing from proposed mapping.,Brownie | Dipps Granola Bars Rainbow Chip | Harvest Fruit & Nut Bars Dark Chocolate Cherry | Chewy chcolate chip | Barre de cereale,"Quaker | Quaker | Quaker, Quaker Oats | Quaker | Quaker",append_candidate,direct,
u,u,Système U,direct,beverages,FRANCE|DACH,FRANCE|DACH,France,layer3_review_decision_20260824,explicit_company_mapping_from_layer3_review,map to Système U,Manual review / complex ownership,Manual review / complex ownership,8,Obvious Système U retailer/private-label brand line in France.,"Cidre brut 4,5° bouteille de 75cl | Gazpacho brique de 1 litre | Sirop d'orange bidon de 75cl | Sirop de pêche bidon de 75cl | Infusion Bio Après repas","U, U Bio | U | U | U | U, U Bio",append_candidate,direct,
Belvita,belvita,Mondelēz International,direct,snacks,BENELUX|FRANCE|DACH,BENELUX|FRANCE|DACH,Belgium,layer3_review_decision_20260824,explicit_company_mapping_from_layer3_review,map to Mondelēz International,Manual review / complex ownership,Manual review / complex ownership,7,Known Mondelēz brand / regional Cadbury routing outside US.,Belvita Petit-Déjeuner Original | Belvita - Petit Déjeuner - Chocolat & 5 Céréales Complètes | PETIT DÉJEUNER PÉPITES CHOCOLAT CHOCOLADESTUKJES | Belvita - Petit Déjeuner - Brut 5 & Céréales Complètes | Moelleux Multi Céréales | Moelleux chocolat | Petit Déjeuner Chocolat,"BelVita, LU | Belvita, Kraft Foods, Lu | belVita | Belvita,Kraft Foods,LU | BelVita, LU | Belvita, LU, Mondelez International | Belvita,LU,Mondelez",append_candidate,direct,
Belvita,belvita,Mondelēz International,direct,snacks,FRANCE|UK_IE,FRANCE|UK_IE,France,layer3_review_decision_20260824,explicit_company_mapping_from_layer3_review,map to Mondelēz International,Manual review / complex ownership,Manual review / complex ownership,7,Known Mondelēz brand / regional Cadbury routing outside US.,Soft Bakes Choc Chip | Belvita seed & berries | Breakfast Biscuits Soft Bakes Filled Choco Hazelnut | Soft Bakes Strawberry Filled | BREAKFAST Golden Oat,Belvita | Belvita | Belvita | belVita | belVita,append_candidate,direct,
Cadbury,cadbury,Mondelēz International,market_scoped,snacks,FRANCE,FRANCE,Australia,layer3_review_decision_20260824,approved_proposed_company_from_layer3_review,approve proposed,Mondelēz International,Mondelēz International,7,Proposed company mapping is concrete; approve for launch. | Cadbury ownership/routing is market-sensitive; status corrected to market_scoped before launch upsert.,Chocolate Block Dairy Milk | DAIRY MILK MILK CHOCOLATE | Crunchie | CurlyWurly | PICNIC | Favourites,"Cadbury | Cadbury | Cadbury | Cadbury | Cadbury | Cadbury, Mondelēz International",append_candidate,direct,Corrected before upsert-ready split: known complex/market-scoped or licensed brand; do not mark as plain direct. | Cadbury ownership/routing is market-sensitive; status corrected to market_scoped before launch upsert.
Cadbury,cadbury,Mondelēz International,market_scoped,snacks,UK_IE,UK_IE,Ireland,layer3_review_decision_20260824,approved_proposed_company_from_layer3_review,approve proposed,Mondelēz International,Mondelēz International,7,Proposed company mapping is concrete; approve for launch. | Cadbury ownership/routing is market-sensitive; status corrected to market_scoped before launch upsert.,Fudge | Dairy Milk | White buttons | Dairy Milk Chocolate House Kit | TIME OUT MILK CHOCOLATE COVERED WAFER | Salted caramel fingers,"Cadbury | Cadbury | Cadbury | Cadbury | Cadbury | Cadbury,Mondelez",append_candidate,direct,Corrected before upsert-ready split: known complex/market-scoped or licensed brand; do not mark as plain direct. | Cadbury ownership/routing is market-sensitive; status corrected to market_scoped before launch upsert.
Capri Sun,capri sun,Capri Sun Group / Coca-Cola Europacific Partners,market_scoped,beverages,BENELUX|FRANCE,BENELUX|FRANCE,Belgium,layer3_review_decision_20260824,approved_proposed_company_from_layer3_review,approve proposed,Capri Sun Group / Coca-Cola Europacific Partners,Capri Sun Group / Coca-Cola Europacific Partners,7,Proposed company mapping is concrete; approve for launch.,Capri-sun multi vitamin | Multivitamin | Banapple | Capri-sun Banane Pomme Pouch 20CL 10-pack,Capri-Sun | capri- sun | Capri-Sun | CAPRI-SUN | Capri-Sun,append_candidate,direct,Corrected before upsert-ready split: known complex/market-scoped or licensed brand; do not mark as plain direct.
Carrefour Bio,carrefour bio,Carrefour,direct,snacks,BENELUX|FRANCE,BENELUX|FRANCE,Belgium,layer3_review_decision_20260824,explicit_company_mapping_from_layer3_review,map to Carrefour,Other / not mapped to a company,Manual review / complex ownership,7,"Carrefour brand/private-label/store-format row; brand entity should stay as normalized_brand, parent_company should be Carrefour.","Gaufres au miel | Sablés au beurre, amandes et citron | Carrefour Bio Pain Graines de Sésame et Raisins | Tortilla chips chili | Carrefour Bio Gaufres Flash aux Oeufs","Carrefour BIO, Carrefour | Carrefour BIO, Carrefour | Carrefour BIO, Carrefour | Carrefour BIO, Carrefour | Carrefour BIO, Carrefour",append_candidate,direct,
Carrefour Classic,carrefour classic,Carrefour,direct,snacks,FRANCE,FRANCE,France,layer3_review_decision_20260824,explicit_company_mapping_from_layer3_review,map to Carrefour,Other / not mapped to a company,Manual review / complex ownership,7,"Carrefour brand/private-label/store-format row; brand entity should stay as normalized_brand, parent_company should be Carrefour.",pain au lait Carrefour | Nature | brioche tranchée | Toons Goût Chocolat 🍫 | Nature | Woopy | Galette des Rois Frangipane,"Carrefour classic | Carrefour classic | Carrefour Classic | Carrefour classic | Carrefour, Carrefour Classic' | Carrefour, Carrefour Classic | Carrefour, Carrefour Classic'",append_candidate,direct,
Carrefour Extra,carrefour extra,Carrefour,direct,snacks,FRANCE,FRANCE,France,layer3_review_decision_20260824,explicit_company_mapping_from_layer3_review,map to Carrefour,Other / not mapped to a company,Manual review / complex ownership,7,"Carrefour brand/private-label/store-format row; brand entity should stay as normalized_brand, parent_company should be Carrefour.",Mini Panettone | Sapin brioché coeur fondant chèvre tomate | 6 canelés de Bordeaux | 12 Canelés de Bordeaux | Cigarettes | Opéra Biscuits imbibés au café mousse au café et ganache au chocolat,"Carrefour Extra | Carrefour Extra | Carrefour Extra | Carrefour Extra | Carrefour Extra | Carrefour, Carrefour Extra",append_candidate,direct,
Carrefour Kids,carrefour kids,Carrefour,direct,dairies,FRANCE,FRANCE,France,layer3_review_decision_20260824,explicit_company_mapping_from_layer3_review,map to Carrefour,Other / not mapped to a company,Manual review / complex ownership,7,"Carrefour brand/private-label/store-format row; brand entity should stay as normalized_brand, parent_company should be Carrefour.",Mousse aux fruits | Mini gouda | Mousse au chocolat | Fromage blanc nature sucré | Flan' chocolat | crème dessert DUO goûts choco & lait | P'TIT CHOCO Goût CARAMEL,"CARREFOUR KIDS, Carrefour | Carrefour kids | Carrefour Kids | Carrefour Kids | Carrefour, Carrefour Kids | Carrefour, Carrefour kids | Carrefour, Carrefour Kids",append_candidate,direct,
Coca-Cola,coca-cola,The Coca-Cola Company,direct,beverages,UK_IE,UK_IE,United Kingdom,layer3_review_decision_20260824,explicit_company_mapping_from_layer3_review,map to The Coca-Cola Company,Manual review / complex ownership,Other / not mapped to a company,7,Known Coca-Cola system brand; route to The Coca-Cola Company at company layer.,Diet Coca Cola | Coca Cola Diet | Diet coke | diet coke | Coke,Coke | coke | Coke | Coke | Coke,append_candidate,direct,
Doritos,doritos,PepsiCo,direct,snacks,US_CANADA,US_CANADA,United States,layer3_review_decision_20260824,explicit_company_mapping_from_layer3_review,map to PepsiCo,Manual review / complex ownership,Other / not mapped to a company,7,Known PepsiCo brand / regional alias missing from proposed mapping.,"Doritos Flames Tortilla Chips | Sabritas, Doritos, Rolled Flavored Tortilla Chips, Chile Limon | Sabritas, Doritos, Tortilla Chips | Sweet Spicy Chili Doritos | Doritos Spicy sweet Chili | Doritos spicy sweet chili | Doritos Nacho cheese","Frito-Lay Company,Doritos | Frito-Lay Company, Doritos | Frito-Lay Company, Doritos | Frito Lay, Doritos | Frito lay,Doritos | Fritolay, Doritos | Fritolay,Doritos",append_candidate,direct,
KitKat,kitkat,Nestlé,market_scoped,snacks,UK_IE,UK_IE,United Kingdom,layer3_review_decision_20260824,approved_proposed_company_from_layer3_review,approve proposed,Nestlé,Other / not mapped to a company,7,Proposed company mapping is concrete; approve for launch.,Cookie Dough Flavour | Kit kat chunky | Kit Kat Chunky | Nestle | Cherry Stix | Kit Kat F1 race cars | KitKat Original,"Kit Kat | Kit Kat | Kit Kat | Kit Kat | Kit Kat | Kit Kat, Nestlé | Kit Kat, Nestlé",append_candidate,direct,Corrected before upsert-ready split: known complex/market-scoped or licensed brand; do not mark as plain direct.
Nescafé Dolce Gusto,nescafé dolce gusto,Nestlé,direct,beverages,FRANCE|DACH,FRANCE|DACH,France,layer3_review_decision_20260824,explicit_company_mapping_from_layer3_review,map to Nestlé,Manual review / complex ownership,Manual review / complex ownership,7,Known Nestlé brand / brand line missing from proposed company mapping.,Mocha | Cappuccino Light Skinny Leggero | Nescafe cafe au lait deca | Café au Lait | Latte Macchiato Unsweetened | Nescafé Dolce Gusto - Ricoré Latte | Capsules NESCAFE DOLCE GUSTO Marrakech Tea,"Nescafé Dolce Gusto | Nescafe Dolce Gusto | NESCAFÉ Dolce Gusto | Nescafe, Nescafé Dolce Gusto Café au Lait | Nescafe, Nescafé Dolce Gusto | Nestlé, Dolce gusto, Nescafe | Nestlé,Dolce gusto,Nescafe,Nescafé Dolce Gusto",append_candidate,direct,
Pepsi,pepsi,PepsiCo,direct,beverages,BENELUX|FRANCE,BENELUX|FRANCE,Belgium,layer3_review_decision_20260824,explicit_company_mapping_from_layer3_review,map to PepsiCo,Manual review / complex ownership,Manual review / complex ownership,7,Known PepsiCo brand / regional alias missing from proposed mapping.,Pepsi Zéro sucres 50 cl | Pepsi Max Cool Lemon | Pepsi MAX | Pepsi | Pepsi max,"Pepsi, Pepsi zero | Pepsi | Pepsi | Pepsi | Pepsi",append_candidate,direct,
Ruffles,ruffles,PepsiCo,direct,snacks,FRANCE|SOUTHERN_EUROPE,FRANCE|SOUTHERN_EUROPE,France,layer3_review_decision_20260824,explicit_company_mapping_from_layer3_review,map to PepsiCo,Manual review / complex ownership,Manual review / complex ownership,7,Known PepsiCo brand / regional alias missing from proposed mapping.,Original | Chips Presunto | Ruffles sabor jamón | Ruffles jamon | Ruffles,ruffles | Ruffles | Ruffles | ruffles | ruffles,append_candidate,direct,
Walkers,walkers,PepsiCo,direct,snacks,UK_IE,UK_IE,Ireland,layer3_review_decision_20260824,explicit_company_mapping_from_layer3_review,map to PepsiCo,Manual review / complex ownership,Manual review / complex ownership,7,Known PepsiCo brand / regional alias missing from proposed mapping.,Baked prawn cocktail flavour | Twisted Sweet & Spicy | Supreme prawn cocktail | Salt & Vinegar Crisps | Baked Cheese & Onion Snacks,"Walkers | Walkers, Cheetos | Walkers | Walkers | Walkers",append_candidate,direct,
auchan,auchan,Auchan,direct,dairies,FRANCE|DACH,FRANCE|DACH,France,layer3_review_decision_20260824,explicit_company_mapping_from_layer3_review,map to Auchan,Manual review / complex ownership,Manual review / complex ownership,7,Obvious Auchan retailer/private-label brand line.,cocktail de fruits de mer congelés | Yaourt naturetexture ferme | BIO Cœur à Cœur | Raclette nature | Beurre demi-sel,"auchan, milprima | Auchan | Auchan, Auchan Bio, Cœur à cœur | Auchan | Auchan",append_candidate,direct,
danone,danone,Danone (Dannon in US),direct,beverages,US_CANADA,US_CANADA,United States,layer3_review_decision_20260824,approved_proposed_company_from_layer3_review,approve proposed,Danone (Dannon in US),Danone (Dannon in US),7,Proposed company mapping is concrete; approve for launch.,"Sweet and Creamy Almondmilk Creamer | Strawberry/Banana Smoothies | Vanilla caffeinated & cultured dairy drink, vanilla | Two Good Smoothie Drinks - Strawberry Banana | Silk Oatmilk creamy lowfat","Danone | Danone, Danimals | Danone | Danone, Two Good | Danone",append_candidate,direct,
lidl,lidl,Lidl,direct,dairies,FRANCE|UK_IE,FRANCE|UK_IE,France,layer3_review_decision_20260824,explicit_company_mapping_from_layer3_review,map to Lidl,Manual review / complex ownership,Manual review / complex ownership,7,Obvious Lidl retailer/private-label brand line.,Saint Félicien | Handmade Vintage Cheddar 30 Months Matured | Galician Queso Tetilla | Irish Medium Red Cheddar | Feta Eridanous,"Lidl | Lidl | Lidl, Sol & Mar | Lidl, Rathdaragh | Lidl",append_candidate,direct,
lindt,lindt,Lindt & Sprüngli,direct,snacks,DACH|FRANCE,DACH|FRANCE,Austria,layer3_review_decision_20260824,explicit_company_mapping_from_layer3_review,map to Lindt & Sprüngli,Manual review / complex ownership,Manual review / complex ownership,7,Known Lindt brand / line.,Excellence Noir Délicat Doux 85% Cacao | Hello Salted Caramel | Edel Marzipan | Lindt Edel-Nougat | Grand Plaisir Caramel & Fleur De Sel Noir | Lindt Coffret Excellence,"Lindt | Lindt | Lindt | Lindt | Lindt | LINDT EXCELLENCE, Lindt",append_candidate,direct,
lindt,lindt,Lindt & Sprüngli,direct,snacks,FRANCE|SOUTHERN_EUROPE|DACH,FRANCE|SOUTHERN_EUROPE|DACH,France,layer3_review_decision_20260824,explicit_company_mapping_from_layer3_review,map to Lindt & Sprüngli,Manual review / complex ownership,Manual review / complex ownership,7,Known Lindt brand / line.,Excellence - Choix noir aux éclats de noix de pécan caramélisée | Excellence Noir Zeste de Citron Vert | Lindt Excellence Chocolate Bar Dark Cherry Intense 100G | Les Grandes Myrtille & cranberry | Excellence figue intense noir,Lindt | Lindt | Lindt | Lindt | Lindt,append_candidate,direct,
lindt,lindt,Lindt & Sprüngli,direct,snacks,US_CANADA|FRANCE,US_CANADA|FRANCE,Canada,layer3_review_decision_20260824,explicit_company_mapping_from_layer3_review,map to Lindt & Sprüngli,Manual review / complex ownership,Manual review / complex ownership,7,Known Lindt brand / line.,70% Cacao Dark Chocolate | Swiss Classic Milk Chocolate | Ecuador Dark Lindt Excellence | Chocolat | Raspberry Dark Lindt Excellence,"Lindt | Lindt | Lindt | Lindt, Sprungli | Lindt",append_candidate,direct,
marque repere,marque repere,E.Leclerc,direct,snacks,FRANCE,FRANCE,Algeria,layer3_review_decision_20260824,explicit_company_mapping_from_layer3_review,map to E.Leclerc,Manual review / complex ownership,Manual review / complex ownership,7,Marque Repère is an E.Leclerc private-label brand.,Barre fruits rouges x 6 | Palmiers nappe chocolat lait | Cookies premium coeur fondant à la noisette | Sablé céréales P'tit Déli Chocolat au lait pocket | Galettes suedoises flocon avoine,"Marque Repère, P'tit Déli | Marque Repère, P'tit Déli | Marque Repère, P'tit Déli | Marque Repère, Leclerc, P'tit Déli | Marque Repère,P'tit Déli",append_candidate,direct,
paturages intermarche,paturages intermarche,Les Mousquetaires / Intermarché,direct,dairies,FRANCE,FRANCE,France,layer3_review_decision_20260824,explicit_company_mapping_from_layer3_review,map to Les Mousquetaires / Intermarché,Other / not mapped to a company,Manual review / complex ownership,7,Pâturages is an Intermarché / Les Mousquetaires private-label dairy line.,lait frais entier | Beurre moulé doux | Cool'cara Nappage caramel | Beurre gastronomique Demi-sel | Cd saveur palet breton paturette 4x115g,Paturages (Intermarché) | Paturages (Intermarché) | Paturages (Intermarché) | Paturages (Intermarché) | Paturages (Intermarché),append_candidate,direct,
président,président,Lactalis,direct,dairies,BENELUX|FRANCE,BENELUX|FRANCE,Belgium,layer3_review_decision_20260824,explicit_company_mapping_from_layer3_review,map to Lactalis,Manual review / complex ownership,Manual review / complex ownership,7,Known Lactalis brand.,Crème fluide biologique Longue conservation Président | Ferme et onctueuse | Beurre gastronomique demi-sel | PRESIDENT CAMEMBERT 250g | La brique,President | Président | Président | PRÉSIDENT | Président,append_candidate,direct,
président,président,Lactalis,direct,dairies,FRANCE,FRANCE,Bulgaria,layer3_review_decision_20260824,explicit_company_mapping_from_layer3_review,map to Lactalis,Manual review / complex ownership,Manual review / complex ownership,7,Known Lactalis brand.,Стерилизирана сметана UHT 30% масленост | Beurre Doux (82% MG) Gastronomique | Краве масло 80% | Топено сирене | Хомогенизирано полу-обезмаслено мляко,"Président, Président Professionnel | Président | Président | Président | Président",append_candidate,direct,
tartare,tartare,Savencia,direct,dairies,FRANCE,FRANCE,France,layer3_review_decision_20260824,explicit_company_mapping_from_layer3_review,map to Savencia,Manual review / complex ownership,Manual review / complex ownership,7,Known Savencia cheese brand.,Tartare au lait d'amande | Tartare Original | Kaoau | Tartare ail et fines herbes | Tartare ciboulette/echalote,"Tartare | Tartare | Tartare | Tartare,Savencia | Tartare",append_candidate,direct,
tartare,tartare,Savencia,direct,dairies,FRANCE|DACH,FRANCE|DACH,France,layer3_review_decision_20260824,explicit_company_mapping_from_layer3_review,map to Savencia,Manual review / complex ownership,Other / not mapped to a company,7,Known Savencia cheese brand.,"8portions tartare ail & herbe | Tartare Ligne Et Plaisir 10% | Tartare, Les Créations Fleur de Sel (36,5 % MG) | Fromage Ail & Fines Herbes | Tartare Rêve Du Jardin | Tartare Ail & Fines Herbes Light | L'original tartare ail & fines herbes","Savencia, Tartare | Savencia, Tartare, Tartare Ail & Fines Herbes | Savencia, Tartare | Savencia, Tartare | Fromarsac,Savencia,Tartare | Fromarsac,Savencia,Tartare | Fromarsac, Savencia, Tartare",append_candidate,direct,
tesco,tesco,Tesco,direct,snacks,UK_IE|US_CANADA,UK_IE|US_CANADA,United Kingdom,layer3_review_decision_20260824,explicit_company_mapping_from_layer3_review,map to Tesco,Manual review / complex ownership,Manual review / complex ownership,7,Obvious Tesco retailer/private-label brand line.,Tesco Biscuits For Cheese 500G | Tesco Finest All Butter Croissant 4 Pack | 4 Cherry Bakewell Tarts | Tesco All Butter Scones 6 Pack | Tesco Mini Chocolate Cornflake Bites 15 Pack,Tesco | Tesco | Tesco | Tesco | Tesco,append_candidate,direct,
Cadbury,cadbury,Mondelēz International,market_scoped,beverages,FRANCE,FRANCE,France,layer3_review_decision_20260824,approved_proposed_company_from_layer3_review,approve proposed,Mondelēz International,Mondelēz International,6,Proposed company mapping is concrete; approve for launch. | Cadbury ownership/routing is market-sensitive; status corrected to market_scoped before launch upsert.,Cadbury Chocolate Drink | Cadbury Chocolate Drink | Cadbury Freddo Drinking Chocolate | Cadbury Wispa Chocolate Drink | Drinking Hot Chocolate 30% Less Sugar | Cadbury Highlights Hot Chocolate-Liquid,"Cadbury | Cadbury | Cadbury | Cadbury | Cadbury, Mondelez | Cadbury, Mondelez",append_candidate,direct,Corrected before upsert-ready split: known complex/market-scoped or licensed brand; do not mark as plain direct. | Cadbury ownership/routing is market-sensitive; status corrected to market_scoped before launch upsert.
Carrefour Bio,carrefour bio,Carrefour,direct,beverages,BENELUX|FRANCE,BENELUX|FRANCE,Belgium,layer3_review_decision_20260824,explicit_company_mapping_from_layer3_review,map to Carrefour,Other / not mapped to a company,Manual review / complex ownership,6,"Carrefour brand/private-label/store-format row; brand entity should stay as normalized_brand, parent_company should be Carrefour.",Jus de pomme | Sirop de menthe | Sirop de grenadine | Pur jus d'orange | Carrefour Bio Gingembre Hibiscus & Citron Shot,"Carrefour BIO, Carrefour | Carrefour BIO, Carrefour | Carrefour BIO, Carrefour | Carrefour BIO, Carrefour | Carrefour BIO",append_candidate,direct,
Carrefour Extra,carrefour extra,Carrefour,direct,snacks,FRANCE|SOUTHERN_EUROPE,FRANCE|SOUTHERN_EUROPE,France,layer3_review_decision_20260824,explicit_company_mapping_from_layer3_review,map to Carrefour,Other / not mapped to a company,Manual review / complex ownership,6,"Carrefour brand/private-label/store-format row; brand entity should stay as normalized_brand, parent_company should be Carrefour.",Galettes suédoises aux flocons d'avoine | Apero toasts | Gaufrettes goût fraise | Gaufrettes Praliné noisettes | Mini Panettone | Mini Panettone avec pépites de chocolat,"Carrefour,Carrefour Extra | Carrefour, Carrefour extra | Carrefour, Carrefour Extra | Carrefour, Carrefour Extra | Carrefour Extra, Carrefour | Carrefour Extra, Carrefour",append_candidate,direct,
Carrefour Sensation,carrefour sensation,Carrefour,direct,snacks,FRANCE|SOUTHERN_EUROPE,FRANCE|SOUTHERN_EUROPE,France,layer3_review_decision_20260824,explicit_company_mapping_from_layer3_review,map to Carrefour,Other / not mapped to a company,Manual review / complex ownership,6,"Carrefour brand/private-label/store-format row; brand entity should stay as normalized_brand, parent_company should be Carrefour.",Vitality* Sésame | Crakeo | COEUR à la Menthe | Bubble & Chock Fourrage au praliné | Galletas de barquillo de chocolate | Crok'n'go,"Carrefour Sensation | Carrefour Sensation, Carrefour | CARREFOUR SENSATION, Carrefour | Carrefour Sensation, Carrefour | Carrefour, Carrefour Sensation | Carrefour, Carrefour Sensation",append_candidate,direct,
Fanta,fanta,The Coca-Cola Company,direct,beverages,FRANCE,FRANCE,Bulgaria,layer3_review_decision_20260824,explicit_company_mapping_from_layer3_review,map to The Coca-Cola Company,Manual review / complex ownership,Manual review / complex ownership,6,Known Coca-Cola system brand; route to The Coca-Cola Company at company layer.,Fanta Orange European | Фанта лимон | Безалкохолна газирана напитка с вкус на грозде | Fanta tropical exotic | Безалкохолна газирана напитка с лимонов сок | Fanta Saveur Pomme & Cerise,"Fanta | Fanta | Fanta | Fanta | Fanta | Fanta, The Coca Cola Company",append_candidate,direct,
Fitness,fitness,Nestlé,direct,snacks,FRANCE,FRANCE,France,layer3_review_decision_20260824,explicit_company_mapping_from_layer3_review,map to Nestlé,Manual review / complex ownership,Manual review / complex ownership,6,Known Nestlé brand / brand line missing from proposed company mapping.,"Fitness crunchy caramel | Fitness chocolate e hazelnut | Barre de céréales Fitness Delice Choco Noisette | NESTLE FITNESS Barres de Céréales Miel & Amandes 6x23,5g | Granola bar | Fitness almond","Nestlé, Fitness | Nestlé, Fitness, Fitness Délice | Nestlé, Fitness, Fitness Délice | Nestlé, Fitness | Fitness, Hema | Fitness",append_candidate,direct,
Häagen-Dazs,häagen-dazs,General Mills,market_scoped,snacks,FRANCE,FRANCE,France,layer3_review_decision_20260824,approved_proposed_company_from_layer3_review,approve proposed,General Mills,General Mills,6,Proposed company mapping is concrete; approve for launch.,Vanille caramel almond | Lotus Biscoff Collection | Fruit collection Mini Cups | Mini cup macaron duo fraise chocolat | Haagen-Dazs,Häagen-Dazs | Häagen-Dazs | Häagen-Dazs | Häagen-Dazs | Häagen-Dazs,append_candidate,direct,Corrected before upsert-ready split: known complex/market-scoped or licensed brand; do not mark as plain direct.
Nesquik,nesquik,Nestlé,direct,beverages,BENELUX|FRANCE,BENELUX|FRANCE,Belgium,layer3_review_decision_20260824,explicit_company_mapping_from_layer3_review,map to Nestlé,Manual review / complex ownership,Manual review / complex ownership,6,Known Nestlé brand / brand line missing from proposed company mapping.,Nesquik | NESQUIK Gout EXTRA CHOCO Poudre Cacaotée boîte 600g | Nesquik Extra Choco | Nesquik,"Nestlé, Nesquik | Nestlé, Nesquik, Nesquik extra choco | Nestlé, Nesquik | Nestlé, Nesquik | Nestlé, Nesquik",append_candidate,direct,
Nesquik,nesquik,Nestlé,direct,beverages,FRANCE|DACH,FRANCE|DACH,France,layer3_review_decision_20260824,explicit_company_mapping_from_layer3_review,map to Nestlé,Manual review / complex ownership,Manual review / complex ownership,6,Known Nestlé brand / brand line missing from proposed company mapping.,"Nestle Nesquik | Nesquik | NESQUIK Poudre cacaotée 12 sticks de 13,5g | Nesquik Original | NESQUIK poudre saveur fraise 350g | NESQUIK poudre saveur vanille 350g","Nestlé, Nesquik | Nestlé, Nesquik | Nestlé, Nesquik | Nestlé, Nesquik | Nestlé, Nesquik | Nesquik, Nestlé",append_candidate,direct,
Ovaltine,ovaltine,Associated British Foods,market_scoped,beverages,FRANCE,FRANCE,France,layer3_review_decision_20260824,approved_proposed_company_from_layer3_review,approve proposed,Associated British Foods,Associated British Foods,6,Proposed company mapping is concrete; approve for launch.,Ovaltine malted food drink 18g | Ovaltine | Ovaltine | Twinings Ovaltine Light 500G | Ovomaltine,Ovaltine | Ovaltine | Ovaltine | Ovaltine | Ovaltine,append_candidate,direct,Corrected before upsert-ready split: known complex/market-scoped or licensed brand; do not mark as plain direct.
Pepsi,pepsi,PepsiCo,direct,beverages,FRANCE,FRANCE,France,layer3_review_decision_20260824,explicit_company_mapping_from_layer3_review,map to PepsiCo,Manual review / complex ownership,Other / not mapped to a company,6,Known PepsiCo brand / regional alias missing from proposed mapping.,"Pepsi Zéro sucres saveur cerise 1,5 L | Pepsi Zéro sucres format familial lot de 4 x 1,5 L | Pepsi Zéro sucres 1 L | Pepsi Zéro sucres 2 L maxi format | Pepsi Zéro sucres 5 x 1,5 L + 1 offerte | Pepsi Zéro 6 x 33 cl","Diet pepsi, Pepsi, Pepsi Max, Pepsi zero, PepsiCo | Diet pepsi,Pepsi,Pepsi zero,Pepsico | Diet pepsi, Pepsi, Pepsi zero, Pepsico | Diet pepsi, Pepsi, Pepsi zero | Diet pepsi, Pepsi, Pepsi zero | Diet pepsi, Pepsi, Pepsi zero",append_candidate,direct,
Reflets de France,reflets de france,Carrefour,direct,dairies,FRANCE|SOUTHERN_EUROPE,FRANCE|SOUTHERN_EUROPE,France,layer3_review_decision_20260824,explicit_company_mapping_from_layer3_review,map to Carrefour,Manual review / complex ownership,Manual review / complex ownership,6,"Carrefour brand/private-label/store-format row; brand entity should stay as normalized_brand, parent_company should be Carrefour.",Camembert de Normandie AOP au lait cru | Abondance AOP | Roquefort lait cru de brebis | Raclette de Savoie IGP | Bleu d'Auvergne AOP,"Carrefour,Reflets de France | Carrefour, Reflets de France | Carrefour, Reflets de France | Carrefour, Reflets de France | Carrefour,Reflets de France",append_candidate,direct,
Ritz,ritz,Mondelēz International,direct,snacks,FRANCE,FRANCE,France,layer3_review_decision_20260824,explicit_company_mapping_from_layer3_review,map to Mondelēz International,Manual review / complex ownership,Manual review / complex ownership,6,Known Mondelēz brand / regional Cadbury routing outside US.,Ritz Bits Cheese Cracker Sandwiches | Madeleines pur beurre | Ritz crackers | Ritz Cracker | Ritz Crackers Box | Crackers,"Ritz | Ritz | Ritz | Ritz | Ritz | Kraft foods, Ritz",append_candidate,direct,
Ritz,ritz,Mondelēz International,direct,snacks,FRANCE|US_CANADA,FRANCE|US_CANADA,France,layer3_review_decision_20260824,explicit_company_mapping_from_layer3_review,map to Mondelēz International,Manual review / complex ownership,Manual review / complex ownership,6,Known Mondelēz brand / regional Cadbury routing outside US.,Kraft handi-snacks ritz two compartment snacks crackers n cheez 1x5.7 oz | Ritz Crackers fresh stacks | Ritz Bits Peanut Butter | Ritz Crackers the original | Ritz crisp & thin crackers cream cheese & onion 1x7.1 oz,Ritz | Ritz | Ritz | Ritz | Ritz,append_candidate,direct,
Schweppes,schweppes,Suntory Beverage & Food,market_scoped,beverages,FRANCE|UK_IE,FRANCE|UK_IE,France,layer3_review_decision_20260824,approved_proposed_company_from_layer3_review,approve proposed,Suntory Beverage & Food,Suntory Beverage & Food,6,Proposed company mapping is concrete; approve for launch.,Schweppes lemonade | Slimline Tonic Water | Indian Tonic Water | Schweppes Slimline Tonic Water | Schweppes Soda Water,Schweppes | Schweppes | Schweppes | Schweppes | Schweppes,append_candidate,direct,Corrected before upsert-ready split: known complex/market-scoped or licensed brand; do not mark as plain direct.
Simpl,simpl,Carrefour,direct,beverages,FRANCE,FRANCE,France,layer3_review_decision_20260824,explicit_company_mapping_from_layer3_review,map to Carrefour,Other / not mapped to a company,Manual review / complex ownership,6,"Carrefour brand/private-label/store-format row; brand entity should stay as normalized_brand, parent_company should be Carrefour.",Café soluble corsé | Multivitamines 10 fruits | JUS DE Citron vert À base de concentré | Sirop Fraise | Café Soluble Corsé,"Carrefour, Produits blancs, Simpl | Carrefour, Simpl | Carrefour, Simpl | Carrefour, Carrefour Discount, Simpl, produits blancs | Carrefour, Simpl",append_candidate,direct,
Simpl,simpl,Carrefour,direct,dairies,FRANCE,FRANCE,France,layer3_review_decision_20260824,explicit_company_mapping_from_layer3_review,map to Carrefour,Other / not mapped to a company,Manual review / complex ownership,6,"Carrefour brand/private-label/store-format row; brand entity should stay as normalized_brand, parent_company should be Carrefour.",Bûche aux laits de vache et de chèvre | 12 yaourts Nature | 12 yaourts aux fruits | Emmental | Crème légère fluide 12% MAT.GR. | Lait demi-écrémé,"Carrefour, Carrefour Discount, Simpl | Carrefour,Simpl | Carrefour,Simpl | Carrefour, Simpl | Carrefour, Simpl | Carrefour Discount, Simpl, produits blancs",append_candidate,direct,
Sprite,sprite,The Coca-Cola Company,direct,beverages,BENELUX|FRANCE,BENELUX|FRANCE,Belgium,layer3_review_decision_20260824,explicit_company_mapping_from_layer3_review,map to The Coca-Cola Company,Manual review / complex ownership,Manual review / complex ownership,6,Known Coca-Cola system brand; route to The Coca-Cola Company at company layer.,"Sprite, | Sprite zero sugar | Sprite | Sans sucre | Sprite Lemon lime & cucumber","Sprite | Sprite | Sprite | Sprite | Sprite | Coca-Cola Company, Sprite",append_candidate,direct,
Toblerone,toblerone,Mondelēz International,direct,snacks,FRANCE|DACH,FRANCE|DACH,France,layer3_review_decision_20260824,explicit_company_mapping_from_layer3_review,map to Mondelēz International,Manual review / complex ownership,Manual review / complex ownership,6,Known Mondelēz brand / regional Cadbury routing outside US.,"Toblerone | Toblerone | Toblerone | Toblerone Fruit & Nut 100g | Calendrier de l’avent toblerone | Tiny Toblerone Milk, White & Dark","Toblerone | Toblerone | TOBLERONE | TOBLERONE | Mondelez, Toblerone | Toblerone, Mondelez International",append_candidate,direct,
Toblerone,toblerone,Mondelēz International,direct,snacks,US_CANADA,US_CANADA,United States,layer3_review_decision_20260824,explicit_company_mapping_from_layer3_review,map to Mondelēz International,Manual review / complex ownership,Manual review / complex ownership,6,Cadbury US licensing exception / Mondelez snack brand routing.,"Milk chocolate with honey & almond nougat | Toblerone Chocolate Bar Milk Chocolate 1X1.76 Oz | Tiny Toblerone | Milk chocolate truffles | Toblerone, swiss milk chocolate, honey & almond nougat",Toblerone | Toblerone | Toblerone | Toblerone | Toblerone,append_candidate,direct,
Tostitos,tostitos,PepsiCo,direct,dairies,US_CANADA,US_CANADA,United States,layer3_review_decision_20260824,explicit_company_mapping_from_layer3_review,map to PepsiCo,Manual review / complex ownership,Manual review / complex ownership,6,Known PepsiCo brand / regional alias missing from proposed mapping.,"Medium Fiesta Bean & Cheese Dip, Medium | Medium Southwest Cheese & Corn Flavored Dip, Southwest Cheese & Corn | QUESO BLANCO DIP | Mexican Style Dip, 4 Cheese Queso | Medium Queso Blanco Dip, Medium",Tostitos | Tostitos | TOSTITOS | Tostitos | Tostitos,append_candidate,direct,
Volvic,volvic,Danone,direct,beverages,UK_IE,UK_IE,United Kingdom,layer3_review_decision_20260824,explicit_company_mapping_from_layer3_review,map to Danone,Manual review / complex ownership,Manual review / complex ownership,6,Known Danone brand / brand line missing from proposed company mapping.,Natural Mineral Water | Touch of fruit | Touch of fruit | Strawberry Sparkling | Touch of Peach & Raspberry Sugar Free | Touch of Cherry Sugar Free,"Volvic | Volvic | Volvic | Volvic | Volvic, Danone | Volvic, Danone",append_candidate,direct,
auchan,auchan,Auchan,direct,dairies,BENELUX|FRANCE,BENELUX|FRANCE,Belgium,layer3_review_decision_20260824,explicit_company_mapping_from_layer3_review,map to Auchan,Manual review / complex ownership,Manual review / complex ownership,6,Obvious Auchan retailer/private-label brand line.,Fromage blanc0% de matières grassespossibilité Picto : Lait Origine France | Cancoillotte à l'ailIndication Géographique Protégée | 8 carrésfromages fondus à la crème | LAIT DEMI ECREMESOLIDAIRES POUR SOUTENIR NOS PRODUCTEURS*Plus juste rémunération*Vaches nourries sans OGM* -* <0.9%6x50 cL | Raclette sans croûte nature,"Auchan, Pouce | Auchan, Auchan Gourmet, Mmm !, Terroir | Auchan, Pouce | Auchan | Auchan",append_candidate,direct,
auchan,auchan,Auchan,direct,dairies,FRANCE|BENELUX,FRANCE|BENELUX,France,layer3_review_decision_20260824,explicit_company_mapping_from_layer3_review,map to Auchan,Manual review / complex ownership,Manual review / complex ownership,6,Obvious Auchan retailer/private-label brand line.,Yaourt brassé nature Onctueux | FROMAGE BLANC 0% MATIERE GRASSEDOUX et ONCTUEUX | Crème légère fluide15% mat. gr. | Râpé pour pizza | Comtérâpé,"Auchan, NOVANDIE | Auchan | Auchan | Auchan | Auchan",append_candidate,direct,
boursin,boursin,Bel Group,direct,dairies,BENELUX|FRANCE,BENELUX|FRANCE,Belgium,layer3_review_decision_20260824,explicit_company_mapping_from_layer3_review,map to Bel Group,Manual review / complex ownership,Manual review / complex ownership,6,Known Bel Group cheese brand.,Boursin roules tom basilic | Boursin cuisine tomates et herbes | Boursin® Onctueux Basilic & Ciboulette | Boursin ed lim cannb poivre | Croustillants de fromage,"Boursin, Boursin aperitif | Boursin | Boursin, Boursin atartiner/core cheese | Boursin, Boursin atartiner/core cheese | Boursin, Boursin atartiner/core cheese",append_candidate,direct,
carrefour baby,carrefour baby,Carrefour,direct,dairies,FRANCE,FRANCE,France,layer3_review_decision_20260824,explicit_company_mapping_from_layer3_review,map to Carrefour,Other / not mapped to a company,Manual review / complex ownership,6,"Carrefour brand/private-label/store-format row; brand entity should stay as normalized_brand, parent_company should be Carrefour.","Lait de croissance de 10 mois à 3 ans | Lait croissance - 10 mois à 3 ans | Lait et cereales vanille, des 6 mois | Crème Dessert Saveur Vanille | Brassé Fraise","Carrefour Baby,Carrefour | Carrefour Baby,Carrefour | Carrefour baby | Carrefour Baby | Carrefour Baby",append_candidate,direct,
kettle brand,kettle brand,Kettle Brand / Campbell Soup Company,direct,snacks,FRANCE|US_CANADA,FRANCE|US_CANADA,France,layer3_review_decision_20260824,explicit_company_mapping_from_layer3_review,map to Kettle Brand / Campbell Soup Company,Manual review / complex ownership,Other / not mapped to a company,6,Known Kettle Brand snack brand; company assignment may be current-owner scoped.,Potato Chips Krinkle Cut Salt & Fresh Ground Pepper | Potato Chips Sea Salt | Potato Chips Honey Dijon | Potato Chips | Potato Chips Pepperoncini | Potato Chips Sea Salt,"Kettle, Kettle Brand | Kettle, Kettle Brand | Kettle, Kettle Brand | Kettle Brand | Kettle Brand | Diamond Foods Inc., Kettle, Kettle Brand",append_candidate,direct,
lactel,lactel,Lactalis,direct,dairies,BENELUX|FRANCE,BENELUX|FRANCE,Belgium,layer3_review_decision_20260824,explicit_company_mapping_from_layer3_review,map to Lactalis,Manual review / complex ownership,Manual review / complex ownership,6,Known Lactalis brand.,Bio | Matin Léger Bio Sans Lactose | Nr 1 Vitality | lait sans lactose | lait de chèvre 1/2 écrémé,Lactel | Lactel | Lactel | Lactel | lactel,append_candidate,direct,
lactel,lactel,Lactalis,direct,dairies,FRANCE,FRANCE,France,layer3_review_decision_20260824,explicit_company_mapping_from_layer3_review,map to Lactalis,Manual review / complex ownership,Other / not mapped to a company,6,Known Lactalis brand.,Sportéus saveur Fraise | SPORTÉUS | Whole Milk UHT | Jour après Jour Jeunesse Écrémé | Lait Demi-Écrémé | PROTEIN Saveur Chocolat,"Lactalis, Lactel | Lactalis, Lactel | Bridel, Lactel | Jour après Jour, Lactel | Lactalis Consommation Hors Foyer (L.C.H.F.), Lactel | Lindahls, Lactel",append_candidate,direct,
lactel,lactel,Lactalis,direct,dairies,FRANCE|DACH,FRANCE|DACH,France,layer3_review_decision_20260824,explicit_company_mapping_from_layer3_review,map to Lactalis,Manual review / complex ownership,Manual review / complex ownership,6,Known Lactalis brand.,Matin leger 1/2ecr 25cl | Lait Demi-écrémé Uht | Matin léger - Lait sans lactose | Lait 100 % français Matin Léger® Demi-Écrémé | Lait Bio Demi-Écrémé,"Lactel | Lactel | Lactel,Matin Léger | Lactel | Lactel",append_candidate,direct,
leclerc,leclerc,E.Leclerc,direct,snacks,US_CANADA|FRANCE,US_CANADA|FRANCE,Canada,layer3_review_decision_20260824,explicit_company_mapping_from_layer3_review,map to E.Leclerc,Manual review / complex ownership,Manual review / complex ownership,6,Obvious E.Leclerc retailer/private-label brand line.,Maple Leaf Tradition Cookies | Caramel Truffle & Milk Chocolate Cookies | Célébration - Biscuits au Beurre Truffés Érable | Biscuits au son d'avoine chocolat noir | Celebration,"Leclerc 🇨🇦 | Leclerc 🇨🇦 | Leclerc | Leclerc, Vital Leclerc | Leclerc",append_candidate,direct,
lindt,lindt,Lindt & Sprüngli,direct,snacks,FRANCE|UK_IE,FRANCE|UK_IE,France,layer3_review_decision_20260824,explicit_company_mapping_from_layer3_review,map to Lindt & Sprüngli,Manual review / complex ownership,Manual review / complex ownership,6,Known Lindt brand / line.,"Excellence - Caramel croquant, lait aux éclats de fin caramel | Noir intense dessert 70% | Lapin Or chocolat blanc | Christmas Teddy Green Jumper","Lindt | Lindt, Lindt Excellence | Lindt | Lindt, Lindt & Sprüngli | Lindt",append_candidate,direct,
lindt,lindt,Lindt & Sprüngli,direct,snacks,FRANCE|US_CANADA,FRANCE|US_CANADA,France,layer3_review_decision_20260824,explicit_company_mapping_from_layer3_review,map to Lindt & Sprüngli,Manual review / complex ownership,Manual review / complex ownership,6,Known Lindt brand / line.,Lindor 70% cocoa extra dark chocolate shell | Dark Chocolate | Milk chocolate pieces | Chocolat noir | Chocolat noir doux 85%,"Lindt, Lindt & Sprüngli | Lindt | Lindt, Lindt & Sprungli (Schweiz) Ag | Lindt | Lindt",append_candidate,direct,
marque repere,marque repere,E.Leclerc,direct,beverages,FRANCE|DACH,FRANCE|DACH,France,layer3_review_decision_20260824,explicit_company_mapping_from_layer3_review,map to E.Leclerc,Manual review / complex ownership,Manual review / complex ownership,6,Marque Repère is an E.Leclerc private-label brand.,Jus d'orange | Fresh Tea | Mon infusion après repas | Crème de cassis de Dijon 15° | Sirop de fruits exotiques,"Marque Repère, Jafaden | Marque Repère | Marque Repère, Tiséa | Marque Repère, Auguste Mugniot | Marque Repère, Frucci",append_candidate,direct,
marque repere,marque repere,E.Leclerc,direct,snacks,FRANCE|DACH,FRANCE|DACH,France,layer3_review_decision_20260824,explicit_company_mapping_from_layer3_review,map to E.Leclerc,Manual review / complex ownership,Manual review / complex ownership,6,Marque Repère is an E.Leclerc private-label brand.,Le Petit Beurre | Chocolat dessert pâtissier | Tablette d'OR - Blanc - Noix de Coco | Coffret Snacks | Snacks Oscar saveur piment,"Marque Repère,P'tit Déli | Marque Repere | Marque Repère, Tablette d'Or | Marque Repère, Tokapi | Marque Repère, Tokapi",append_candidate,direct,
paturages,paturages,Les Mousquetaires / Intermarché,direct,beverages,FRANCE,FRANCE,France,layer3_review_decision_20260824,explicit_company_mapping_from_layer3_review,map to Les Mousquetaires / Intermarché,Manual review / complex ownership,Manual review / complex ownership,6,Pâturages is an Intermarché / Les Mousquetaires private-label dairy line.,"Yab Yaourt a boire sucre saveur coco, la bouteille de | P'tit yah | Boisson soja calcium | Boisson amande bq 1l | Café Latte - Café Froid",Pâturages | Paturages | Pâturages | Paturages | Pâturages,append_candidate,direct,
quaker,quaker,PepsiCo,direct,cereals,FRANCE|UK_IE,FRANCE|UK_IE,France,layer3_review_decision_20260824,explicit_company_mapping_from_layer3_review,map to PepsiCo,Manual review / complex ownership,Manual review / complex ownership,6,Known PepsiCo brand / regional alias missing from proposed mapping.,Porridge Oats | GOLDEN SYRUP FLAVOUR OAT SO SIMPLE | Oat So Simple | Oat So Simple Golden Syrup | Strawberry Raspberry & Cranberry Flavour Microwaveable Oats,Quaker | QUAKER | Quaker | Quaker | Quaker,append_candidate,direct,
sainsburys taste the difference,sainsburys taste the difference,Sainsbury's,direct,beverages,UK_IE,UK_IE,United Kingdom,layer3_review_decision_20260824,explicit_company_mapping_from_layer3_review,map to Sainsbury's,Other / not mapped to a company,Manual review / complex ownership,6,Obvious Sainsbury’s retailer/private-label brand line.,citrus grey fairtrade fine tea | Kirsch | Suffolk Blonde Ale | American pale ale | Tap Room Brewing Company,"sainsbury's taste the difference, Taste the difference, Sainsbury's | sainsbury's taste the difference,sainsbury's, Taste the difference | Sainsbury's Taste the Difference, Taste the difference, Sainsbury's | sainsbury's taste the difference,Sainsbury's, Taste the difference | sainsbury's taste the difference,Sainsbury's,Taste the difference",append_candidate,direct,
u,u,Système U,direct,dairies,FRANCE|DACH,FRANCE|DACH,France,layer3_review_decision_20260824,explicit_company_mapping_from_layer3_review,map to Système U,Manual review / complex ownership,Manual review / complex ownership,6,Obvious Système U retailer/private-label brand line in France.,"Desserts lactés à la crème aux oeufs frais saveur vanille 4x100g | Fromage Pyramide de chèvre frais au lait pasteurisé 14% de MG, 150g | Crème dessert au chocolat 400g | Crème dessert saveur vanille 400g | Crème semi-épaisse, 30%MG, Brique 3x20cl","U | U | U | U | U, super u",append_candidate,direct,
Actimel,actimel,Danone,direct,beverages,FRANCE|DACH,FRANCE|DACH,France,layer3_review_decision_20260824,explicit_company_mapping_from_layer3_review,map to Danone,Manual review / complex ownership,Manual review / complex ownership,5,Known Danone brand / brand line missing from proposed company mapping.,"Danone Actimel® 100% Pflanzlich Classic 6 x 100g = 600g | Danone Actimel® Classic 4 x 100g = 400g | Danone Actimel® Power Heidelbeere-Brombeere 8 x 100g = 800g | Danone Actimel® Kokosnuss 8 x 100g = 800g | Danone Actimel® Botanicals Grüner Apfel, Kiwi, Aloe Vera 8 x 100g = 800g","Actimel®, Danone | Actimel®, Danone | Actimel®, Danone | Actimel®, Danone | Actimel®, Danone",append_candidate,direct,
Actimel,actimel,Danone,direct,dairies,BENELUX|FRANCE,BENELUX|FRANCE,Belgium,layer3_review_decision_20260824,explicit_company_mapping_from_layer3_review,map to Danone,Manual review / complex ownership,Manual review / complex ownership,5,Known Danone brand / brand line missing from proposed company mapping.,"Actimel, Goût Fraise | Actimel Multifruit | Actimel | Actimel","Actimel, Danone | Actimel, Danone | Actimel, Danone | Actimel, Danone | Actimel, Danone",append_candidate,direct,
Actimel,actimel,Danone,direct,dairies,FRANCE|DACH,FRANCE|DACH,France,layer3_review_decision_20260824,explicit_company_mapping_from_layer3_review,map to Danone,Manual review / complex ownership,Manual review / complex ownership,5,Known Danone brand / brand line missing from proposed company mapping.,"Actimel gout multifruit | Danone Actimel® Classic 14 x 100g | Danone Actimel® VANILLE 6X100G | Actimel Yuzu bombig | Danone Actimel® Drink Natur 12x100g = 1,2kg","Actimel,Danone | ACTIMEL®, Danone | Actimel®, Danone | Actimel, Danone | Actimel®, Danone",append_candidate,direct,
Actimel,actimel,Danone,direct,dairies,FRANCE|SOUTHERN_EUROPE,FRANCE|SOUTHERN_EUROPE,France,layer3_review_decision_20260824,explicit_company_mapping_from_layer3_review,map to Danone,Manual review / complex ownership,Manual review / complex ownership,5,Known Danone brand / brand line missing from proposed company mapping.,Actimel original nature | Actimel bianco | Actimel Fragola | Actimel multifrutti | Actimel Melograno ML100X6 Dano,"Actimel, danone | Actimel, Danone | Actimel,Danone | Actimel, Danone | Actimel, Danone",append_candidate,direct,
Cadbury,cadbury,Mondelēz International,market_scoped,snacks,FRANCE|SOUTHERN_EUROPE,FRANCE|SOUTHERN_EUROPE,France,layer3_review_decision_20260824,approved_proposed_company_from_layer3_review,approve proposed,Mondelēz International,Mondelēz International,5,Proposed company mapping is concrete; approve for launch. | Cadbury ownership/routing is market-sensitive; status corrected to market_scoped before launch upsert.,Cadburry Fingers Biscuits Covered With Milk Chocolate | Dairy Milk | Freddo biscuits | dairy milk,Cadbury | Cadbury | Cadbury | Cadbury | Cadbury,append_candidate,direct,Corrected before upsert-ready split: known complex/market-scoped or licensed brand; do not mark as plain direct. | Cadbury ownership/routing is market-sensitive; status corrected to market_scoped before launch upsert.
Cadbury,cadbury,Mondelēz International,market_scoped,snacks,SOUTHERN_EUROPE|UK_IE,SOUTHERN_EUROPE|UK_IE,Spain,layer3_review_decision_20260824,approved_proposed_company_from_layer3_review,approve proposed,Mondelēz International,Mondelēz International,5,Proposed company mapping is concrete; approve for launch. | Cadbury ownership/routing is market-sensitive; status corrected to market_scoped before launch upsert.,DAIRY MILK WHOLE NUT | Dairy Milk Caramel | Dairy Milk Caramel | Animals with Freddo,Cadbury | Cadbury | Cadbury | Cadbury | Cadbury,append_candidate,direct,Corrected before upsert-ready split: known complex/market-scoped or licensed brand; do not mark as plain direct. | Cadbury ownership/routing is market-sensitive; status corrected to market_scoped before launch upsert.
Carrefour Extra,carrefour extra,Carrefour,direct,dairies,FRANCE|SOUTHERN_EUROPE,FRANCE|SOUTHERN_EUROPE,France,layer3_review_decision_20260824,explicit_company_mapping_from_layer3_review,map to Carrefour,Other / not mapped to a company,Manual review / complex ownership,5,"Carrefour brand/private-label/store-format row; brand entity should stay as normalized_brand, parent_company should be Carrefour.",PARMIGIANO REGGIANO AOP en copeaux Plus de 12 mois d'affinage | Parmigiano reggiano | PARMIGIANO REGGIANO AOP Plus de 18 mois | Pecorino Romano AOP | Burrito di bufala,"Carrefour, Carrefour extra | Carrefour, Carrefour Extra | Carrefour, Carrefour Extra | Carrefour Extra | Carrefour Extra",append_candidate,direct,
Carrefour Kids,carrefour kids,Carrefour,direct,snacks,FRANCE,FRANCE,France,layer3_review_decision_20260824,explicit_company_mapping_from_layer3_review,map to Carrefour,Other / not mapped to a company,Manual review / complex ownership,5,"Carrefour brand/private-label/store-format row; brand entity should stay as normalized_brand, parent_company should be Carrefour.",BREAKS Goût tout Chocolat | Breakz goût chocolat | Breaks chocolat x2 | Biscuits fourres gout vanille | FUN BOX,"Carrefour Kids,Carrefour | Carrefour Kids,Carrefour | Carrefour Kids,Carrefour | Carrefour kids | Carrefour, Carrefour Kids",append_candidate,direct,
Carrefour Kids,carrefour kids,Carrefour,direct,snacks,FRANCE|SOUTHERN_EUROPE,FRANCE|SOUTHERN_EUROPE,France,layer3_review_decision_20260824,explicit_company_mapping_from_layer3_review,map to Carrefour,Other / not mapped to a company,Manual review / complex ownership,5,"Carrefour brand/private-label/store-format row; brand entity should stay as normalized_brand, parent_company should be Carrefour.",Toons goût chocolat | Marshmallows | Mini Circle Goût chocolat | Tikito au chocolat au lait | Choco fourré,"Carrefour, Carrefour kids | Carrefour, Carrefour kids | Carrefour, Carrefour Kids | Carrefour, Carrefour Kids | Carrefour,Carrefour Kids",append_candidate,direct,
Carrefour Sensation,carrefour sensation,Carrefour,direct,beverages,FRANCE,FRANCE,France,layer3_review_decision_20260824,explicit_company_mapping_from_layer3_review,map to Carrefour,Other / not mapped to a company,Manual review / complex ownership,5,"Carrefour brand/private-label/store-format row; brand entity should stay as normalized_brand, parent_company should be Carrefour.",Sirop Thé Pêche | Fruity mix sirop pêche abricot | Orange carotte | Ice tea saveur pêche zéro sucres | Cola Saveur Vanille,"Carrefour,Carrefour Sensation | Carrefour, Carrefour Sensation | Carrefour, Carrefour Sensation | Carrefour sensation | CARREFOUR SENSATION, Carrefour",append_candidate,direct,
Carrefour Sensation,carrefour sensation,Carrefour,direct,beverages,FRANCE|SOUTHERN_EUROPE,FRANCE|SOUTHERN_EUROPE,France,layer3_review_decision_20260824,explicit_company_mapping_from_layer3_review,map to Carrefour,Other / not mapped to a company,Manual review / complex ownership,5,"Carrefour brand/private-label/store-format row; brand entity should stay as normalized_brand, parent_company should be Carrefour.",Ethiopia | Brazil | Citronnade | Dolce | Thé vert nature,"Carrefour, Carrefour Sensation | Carrefour, Carrefour Sensation | Carrefour, Carrefour Sensation | Carrefour, Carrefour Sensation | Carrefour, Carrefour Sensation",append_candidate,direct,
Cheerios,cheerios,General Mills,market_scoped,snacks,US_CANADA,US_CANADA,United States,layer3_review_decision_20260824,approved_proposed_company_from_layer3_review,approve proposed,General Mills,General Mills,5,Proposed company mapping is concrete; approve for launch.,"Peach Cheerios Cereal Bar | Protein Chewy Bars Mixed Berry | Protein Chewy Bar | Crispy corn snacks | Honey Nut Cheerios Treats, Honey Nut","Cheerios | Cheerios | Cheerios | Cheerios | Cheerios,General mills",append_candidate,direct,Corrected before upsert-ready split: known complex/market-scoped or licensed brand; do not mark as plain direct.
Doritos,doritos,PepsiCo,direct,snacks,FRANCE|UK_IE,FRANCE|UK_IE,France,layer3_review_decision_20260824,explicit_company_mapping_from_layer3_review,map to PepsiCo,Manual review / complex ownership,Manual review / complex ownership,5,Known PepsiCo brand / regional alias missing from proposed mapping.,Doritos cool original | Tangy Cheese | Tangy Cheese Tortilla Chips | Doritos Cool Original 180g | Chilli Heatwave Tortilla Chips,"Doritos, The tomato stall | Doritos | Doritos | Doritos | Doritos",append_candidate,direct,
Fuze Tea,fuze tea,The Coca-Cola Company,direct,beverages,FRANCE|DACH,FRANCE|DACH,France,layer3_review_decision_20260824,explicit_company_mapping_from_layer3_review,map to The Coca-Cola Company,Manual review / complex ownership,Other / not mapped to a company,5,Known Coca-Cola system brand; route to The Coca-Cola Company at company layer.,Fuzetea Zitrone | Fuzetea - Grüner Tee Limette-Minze | Zitrone Zitronengras | FuzeTea | Eistee Pfirsich,"Fuzetea | Fuzetea | Fuzetea | Fuse Tea, Fuze Tea | Fuze, Fuzetea",append_candidate,direct,
KitKat,kitkat,Nestlé,market_scoped,snacks,FRANCE|DACH,FRANCE|DACH,France,layer3_review_decision_20260824,approved_proposed_company_from_layer3_review,approve proposed,Nestlé,Manual review / complex ownership,5,Proposed company mapping is concrete; approve for launch.,KIITKAT CHUNKY BLACK&WHITE (4x42g) | Lapin Kit Kat | Kitkat dark | Barres au chocolat noir | Kit Kat vegan,"Nestlé, Kitkat | Nestlé, Kit Kat | Nestlé, Kit kat | Nestlé, Kitkat | Nestlé, Kit kat, KitKat",append_candidate,direct,Corrected before upsert-ready split: known complex/market-scoped or licensed brand; do not mark as plain direct.
KitKat,kitkat,Nestlé,market_scoped,snacks,FRANCE|SOUTHERN_EUROPE,FRANCE|SOUTHERN_EUROPE,France,layer3_review_decision_20260824,approved_proposed_company_from_layer3_review,approve proposed,Nestlé,Manual review / complex ownership,5,Proposed company mapping is concrete; approve for launch.,"KITKAT Moulage Père Noël 85g | Kit kat you | KITKAT Ball, Billes au chocolat au Lait, 400g | KITKAT 4F Noisette Multipack 8x41,5g | KITKAT White barre au chocolat blanc 146,3g","Nestlé, Kitkat | Nestlé, Kit Kat | Nestlé, KitKat | Nestlé, Kitkat | Nestlé, Kitkat",append_candidate,direct,Corrected before upsert-ready split: known complex/market-scoped or licensed brand; do not mark as plain direct.
Lay's,lay's,PepsiCo,direct,snacks,DACH|US_CANADA,DACH|US_CANADA,Germany,layer3_review_decision_20260824,explicit_company_mapping_from_layer3_review,map to PepsiCo,Other / not mapped to a company,Other / not mapped to a company,5,Known PepsiCo brand / regional alias missing from proposed mapping.,Barbecue Flavored Potato Chips | LAY'S® STAX® Bacon & Cheddar Potato Skins | Чипсы Lays Рифлёные Гребешки | Чипсы Lays Камамбер с грушей смотка,Lay's | Lay's | Lays | Lays | Lay‘s,append_candidate,direct,
Monster Energy,monster energy,Monster Beverage Corp,direct,beverages,UK_IE,UK_IE,United Kingdom,layer3_review_decision_20260824,approved_proposed_company_from_layer3_review,approve proposed,Monster Beverage Corp,Other / not mapped to a company,5,Proposed company mapping is concrete; approve for launch.,Monster Energy Rio Punch | Pacific Punch | Monster Energy Ultra Paradise | Nitro Super Dry | PIPELINE PUNCH 617 PUNCH MONSTER CH EN,"Monster, Monster Energy | Monster,Monster Energy | Monster,Monster Energy | Monster,Monster Energy,Coca-Cola Company | Monster,Monster Energy,Coca-Cola Company",append_candidate,direct,
Nesquik,nesquik,Nestlé,direct,cereals,FRANCE|DACH,FRANCE|DACH,France,layer3_review_decision_20260824,explicit_company_mapping_from_layer3_review,map to Nestlé,Manual review / complex ownership,Manual review / complex ownership,5,Known Nestlé brand / brand line missing from proposed company mapping.,NESTLE NESQUIK Céréales 375g | NESTLE NESQUIK Cerealien | NESQUIK Céréales 750g | Nesquik au riz souflé | NESQUIK Céréales Petit Déjeuner Crunchy Mueslis,"Nestle, Nesquik | Nestlé, CPW, Nesquik, Nestle nesquik | Nestlé, Nesquik | Nestlé, Nesquik | Nestlé, Nesquik",append_candidate,direct,
Oreo,oreo,Mondelēz International,direct,snacks,FRANCE|US_CANADA,FRANCE|US_CANADA,France,layer3_review_decision_20260824,explicit_company_mapping_from_layer3_review,map to Mondelēz International,Manual review / complex ownership,Other / not mapped to a company,5,Known Mondelēz brand / regional Cadbury routing outside US.,Chocolate Peanut Butter Oreos | Nabisco oreo cookies golden 1x14.3 oz | Chocolate sandwich cookies | Nabisco oreo thins cookies oreo 1x10.1 oz | Chocolate Peanut Butter Pie Oreos,"Nabisco, Oreo | Nabisco, Oreo | Nabisco, Oreo | Nabisco, Oreo | Nabisco, Oreo",append_candidate,direct,
Ovaltine,ovaltine,Nestlé,market_scoped,beverages,US_CANADA,US_CANADA,United States,layer3_review_decision_20260824,approved_proposed_company_from_layer3_review,approve proposed,Nestlé,Nestlé,5,Proposed company mapping is concrete; approve for launch.,RICH CHOCOLATE MIX | Chocolate malt | Malted Drink | โอวัลติน ซีโร่ | Ovaltine,Ovaltine | Ovaltine | Ovaltine | Ovaltine | Ovaltine,append_candidate,direct,Corrected before upsert-ready split: known complex/market-scoped or licensed brand; do not mark as plain direct.
Pepsi,pepsi,PepsiCo,direct,beverages,DACH|UK_IE,DACH|UK_IE,Germany,layer3_review_decision_20260824,explicit_company_mapping_from_layer3_review,map to PepsiCo,Manual review / complex ownership,Manual review / complex ownership,5,Known PepsiCo brand / regional alias missing from proposed mapping.,Pepsi Max | Pepsi max lime500ml | Pepsi Max Mango | REFRESHING 7UP TASTE. ZERO SUGAR up ZERO SUGAR FR | Pepsi,Pepsi | Pepsi | Pepsi | Pepsi | Pepsi,append_candidate,direct,
Reflets de France,reflets de france,Carrefour,direct,beverages,FRANCE,FRANCE,France,layer3_review_decision_20260824,explicit_company_mapping_from_layer3_review,map to Carrefour,Manual review / complex ownership,Other / not mapped to a company,5,"Carrefour brand/private-label/store-format row; brand entity should stay as normalized_brand, parent_company should be Carrefour.",Champagne Brut | Bière de garde brassée à l'ancienne blonde du Nord | Château Fayau Cadillac Cuvée Prestige 2010 | Médoc 2011 | Vin rouge vinsobres 2017,"Bernard Brémont, Reflets de France | Brasserie Duyck, Reflets de France | Château Fayau,Reflets de France | Château Labadie,Reflets de France | GAEC Autrand, Reflets de France",append_candidate,direct,
Simpl,simpl,Carrefour,direct,snacks,BENELUX|FRANCE,BENELUX|FRANCE,Belgium,layer3_review_decision_20260824,explicit_company_mapping_from_layer3_review,map to Carrefour,Other / not mapped to a company,Other / not mapped to a company,5,"Carrefour brand/private-label/store-format row; brand entity should stay as normalized_brand, parent_company should be Carrefour.",Simpl Gaufres de Liège | Simpl Gaufres de Liège avec Fantaisie au Cacao | Simpl Assortiment Oeufs Plein | Simpl Assortiment Oeufs Praliné | Simpl Gaufres Waffle avec Fantaisie au Cacao,"Simpl | Simpl,carrefour | Simpl | Simpl | Simpl",append_candidate,direct,
SodaStream,sodastream,PepsiCo,direct,beverages,FRANCE,FRANCE,Australia,layer3_review_decision_20260824,explicit_company_mapping_from_layer3_review,map to PepsiCo,Manual review / complex ownership,Manual review / complex ownership,5,Known PepsiCo brand / regional alias missing from proposed mapping.,Sodastream Sodamix Classic Diet Cola Flavour. | Sodastream Sabor Classics FS Lemon Lime - 440 ML | Tonic | Ginger ale | SOD-CONCENTRE SAV LIMONADE 440,Sodastream | Sodastream | Sodastream | Sodastream | Sodastream,append_candidate,direct,
Sprite,sprite,The Coca-Cola Company,direct,beverages,FRANCE|SOUTHERN_EUROPE,FRANCE|SOUTHERN_EUROPE,France,layer3_review_decision_20260824,explicit_company_mapping_from_layer3_review,map to The Coca-Cola Company,Manual review / complex ownership,Manual review / complex ownership,5,Known Coca-Cola system brand; route to The Coca-Cola Company at company layer.,"Sprite | sprite slim 25cl | Refrigerante Sprite Zero 1,5 L | Sprite Regular | Lima-Limão",Sprite | Sprite | Sprite | Sprite | Sprite,append_candidate,direct,
Sprite,sprite,The Coca-Cola Company,direct,beverages,UK_IE,UK_IE,United Kingdom,layer3_review_decision_20260824,explicit_company_mapping_from_layer3_review,map to The Coca-Cola Company,Manual review / complex ownership,Manual review / complex ownership,5,Known Coca-Cola system brand; route to The Coca-Cola Company at company layer.,Sprite | Sprite | Sprite Zero | LEMON-LIME FLAVOURED | Sprite mini 150 ml,Sprite | Sprite | Sprite | Sprite | Sprite,append_candidate,direct,
aldi,aldi,Aldi,direct,dairies,UK_IE,UK_IE,Ireland,layer3_review_decision_20260824,explicit_company_mapping_from_layer3_review,map to Aldi,Manual review / complex ownership,Manual review / complex ownership,5,Obvious Aldi retailer/private-label brand line.,Evaporated milk | Grated Cheddar | Brooklea Protein Yoghurt | Greek feta Cheese | Protein Yogurt Strawberry,"Aldi,Dessert Menu | Aldi,Plant Menu | Aldi | Aldi | Aldi,Bakoma",append_candidate,direct,
aldi,aldi,Aldi,direct,snacks,DACH|US_CANADA,DACH|US_CANADA,Germany,layer3_review_decision_20260824,explicit_company_mapping_from_layer3_review,map to Aldi,Manual review / complex ownership,Manual review / complex ownership,5,Obvious Aldi retailer/private-label brand line.,Latte Macchiato Schokolade | Cookies & Milk | Veggiefant | Snack Fun Sticks | Creation Patisserie,"Aldi,Choceur,WIHA | Aldi, Choceur, WIHA | Aldi, Smile Factory, Sweet-Land | Aldi | Aldi",append_candidate,direct,
auchan,auchan,Auchan,direct,beverages,BENELUX|FRANCE,BENELUX|FRANCE,Belgium,layer3_review_decision_20260824,explicit_company_mapping_from_layer3_review,map to Auchan,Manual review / complex ownership,Manual review / complex ownership,5,Obvious Auchan retailer/private-label brand line.,Grande | Sirop de Fruits de la Passion | Eau de source de montagne | Cocodream - Liqueur à base de rhum | Boisson multifruits,Auchan | Auchan | Auchan | Auchan | Auchan,append_candidate,direct,
boursin,boursin,Bel Group,direct,dairies,BENELUX|FRANCE,BENELUX|FRANCE,Belgium,layer3_review_decision_20260824,explicit_company_mapping_from_layer3_review,map to Bel Group,Manual review / complex ownership,Other / not mapped to a company,5,Known Bel Group cheese brand.,Boursin® Salade Ail & Fines Herbes | Boursin Ail Fines Herbes Light | Boursin® Cuisine 3 Poivres | Boursin® Cuisine Echalote & Ciboulette | Boursin Ail & Fines Herbes,"Bel, Boursin, Boursin salade | Bel,Boursin | Bel, Boursin, Boursin cuisine | Bel, Boursin, Boursin cuisine | Bel,Boursin,Boursin atartiner/core cheese",append_candidate,direct,
carrefour,carrefour,Carrefour,direct,beverages,FRANCE|DACH,FRANCE|DACH,France,layer3_review_decision_20260824,explicit_company_mapping_from_layer3_review,map to Carrefour,Manual review / complex ownership,Manual review / complex ownership,5,"Carrefour brand/private-label/store-format row; brand entity should stay as normalized_brand, parent_company should be Carrefour.",Eau minérale naturelle des Alpes MONTCLAR | Sirop de grenadine | Blanc de blancs Brut | Crème de pêche de vigne | Café soluble intense,"Carrefour | Carrefour, Groupe Carrefour | Carrefour,J. Kieffer | Carrefour, Louis HONORE | Carrefour",append_candidate,direct,
carrefour,carrefour,Carrefour,direct,cereals,BENELUX|FRANCE,BENELUX|FRANCE,Belgium,layer3_review_decision_20260824,explicit_company_mapping_from_layer3_review,map to Carrefour,Manual review / complex ownership,Manual review / complex ownership,5,"Carrefour brand/private-label/store-format row; brand entity should stay as normalized_brand, parent_company should be Carrefour.",Flocons d'avoine | Muesli de luxe | Muesli Superfruit | Granola crunchy | Corn Flakes bio,Carrefour | Carrefour | Carrefour | Carrefour | Carrefour,append_candidate,direct,
carrefour,carrefour,Carrefour,direct,cereals,BENELUX|FRANCE|SOUTHERN_EUROPE,BENELUX|FRANCE|SOUTHERN_EUROPE,Belgium,layer3_review_decision_20260824,explicit_company_mapping_from_layer3_review,map to Carrefour,Manual review / complex ownership,Manual review / complex ownership,5,"Carrefour brand/private-label/store-format row; brand entity should stay as normalized_brand, parent_company should be Carrefour.",Crunchy 5 fruits secs | Crunchy 4 noix | Crocks choco | Fibra | Corn flakes,Carrefour | Carrefour | Carrefour | Carrefour | Carrefour,append_candidate,direct,
carrefour,carrefour,Carrefour,direct,dairies,FRANCE|DACH,FRANCE|DACH,France,layer3_review_decision_20260824,explicit_company_mapping_from_layer3_review,map to Carrefour,Manual review / complex ownership,Manual review / complex ownership,5,"Carrefour brand/private-label/store-format row; brand entity should stay as normalized_brand, parent_company should be Carrefour.",Beurre gastronomique demi-sel | Tomme de Brebis | Burrata | Lait des campagnes demi-écrémé | Lait des campagnes du centre de la France,Carrefour | Carrefour | Carrefour | Carrefour | Carrefour,append_candidate,direct,
carrefour,carrefour,Carrefour,direct,dairies,US_CANADA,US_CANADA,United States,layer3_review_decision_20260824,explicit_company_mapping_from_layer3_review,map to Carrefour,Manual review / complex ownership,Manual review / complex ownership,5,"Carrefour brand/private-label/store-format row; brand entity should stay as normalized_brand, parent_company should be Carrefour.",Mozzarella | Crème fraîche épaisse légère 15% | Bethmale de chèvre | Comté AOP affinage 30 mois | Lapte semidegresat,Carrefour | Carrefour | Carrefour | Carrefour | Carrefour,append_candidate,direct,
carrefour,carrefour,Carrefour,direct,snacks,FRANCE|DACH,FRANCE|DACH,France,layer3_review_decision_20260824,explicit_company_mapping_from_layer3_review,map to Carrefour,Manual review / complex ownership,Manual review / complex ownership,5,"Carrefour brand/private-label/store-format row; brand entity should stay as normalized_brand, parent_company should be Carrefour.",Palets bretons | Croissant aux amandes | Mini gaufres poudrées au sucre | Chips Paysanne Bio | Sprits,"Carrefour | Carrefour | Carrefour | Carrefour | Carrefour, Continental, Continental Bakeries",append_candidate,direct,
carrefour discount,carrefour discount,Carrefour,direct,beverages,FRANCE,FRANCE,France,layer3_review_decision_20260824,explicit_company_mapping_from_layer3_review,map to Carrefour,Other / not mapped to a company,Manual review / complex ownership,5,"Carrefour brand/private-label/store-format row; brand entity should stay as normalized_brand, parent_company should be Carrefour.",Cappucino sans sucres ajoutés | Eau de source | Sirop de Citron | Préparation pour boisson instantanée au cacao maigre | Préparation pour boisson cacaotée,"carrefour discount | Carrefour discount | Carrefour discount | carrefour discount,Carrefour | Carrefour Discount,Carrefour",append_candidate,direct,
carrefour discount,carrefour discount,Carrefour,direct,dairies,FRANCE,FRANCE,France,layer3_review_decision_20260824,explicit_company_mapping_from_layer3_review,map to Carrefour,Other / not mapped to a company,Manual review / complex ownership,5,"Carrefour brand/private-label/store-format row; brand entity should stay as normalized_brand, parent_company should be Carrefour.","Emmental | Île flottante sur lit de crème anglaise | 12 Petits Suisses (10,4 % MG) | Lait concentré sucré | Lait concentré non sucré","Carrefour Discount | Carrefour Discount, Carrefour | Carrefour Discount | Carrefour Discount,Carrefour | Carrefour Discount",append_candidate,direct,
carrefour le marche,carrefour le marche,Carrefour,direct,dairies,FRANCE,FRANCE,France,layer3_review_decision_20260824,explicit_company_mapping_from_layer3_review,map to Carrefour,Other / not mapped to a company,Other / not mapped to a company,5,"Carrefour brand/private-label/store-format row; brand entity should stay as normalized_brand, parent_company should be Carrefour.",tomme de Savoie | Comté | entremet noisette 6/8 parts | Comte aop 20 mois | Etorki,Carrefour-le-marche | Carrefour-le-marche | Carrefour-le-marche | Carrefour Le Marché | Carrefour Le Marché,append_candidate,direct,
carrefour market,carrefour market,Carrefour,direct,snacks,FRANCE,FRANCE,France,layer3_review_decision_20260824,explicit_company_mapping_from_layer3_review,map to Carrefour,Other / not mapped to a company,Manual review / complex ownership,5,"Carrefour brand/private-label/store-format row; brand entity should stay as normalized_brand, parent_company should be Carrefour.",Pains aux raisins | Millefeuille | Madeleines au chocolat | Nougat Blanc Cacahuètes | American cookie chocolat blanc cranberries,Carrefour Market | Carrefour Market | Carrefour Market | Carrefour Market | Carrefour Market,append_candidate,direct,
danonino,danonino,Danone,direct,dairies,FRANCE,FRANCE,France,layer3_review_decision_20260824,explicit_company_mapping_from_layer3_review,map to Danone,Manual review / complex ownership,Manual review / complex ownership,5,Known Danone brand / brand line missing from proposed company mapping.,Danonino aux fruits panache 50 g x 18 | Danonino mon yaourt rigolo 125 g x 12 saveur panache | Fromage blanc sucré aux fruits | Danoino aux fruits bio fraise abricot banane 50 g x 8 | Danonino pouch bio ambiant fraise 85 g x 6,"Danonino, Danonino fruits | Danonino, Danonino flavoured | Danonino | Danonino, Danonino bio, danone | Danonino, Danonino bio",append_candidate,direct,
la vache qui rit,la vache qui rit,Bel Group,direct,dairies,BENELUX|FRANCE,BENELUX|FRANCE,Belgium,layer3_review_decision_20260824,explicit_company_mapping_from_layer3_review,map to Bel Group,Other / not mapped to a company,Other / not mapped to a company,5,Known Bel Group cheese brand.,La Vache qui rit jambon 8 portions | La Vache Qui Rit Slices Original | La Vache qui rit | La Vache qui rit saveur jambon | Pik&amp;croq,La vache qui rit ® | La Vache qui rit | La vache qui rit | La vache qui rit | La vache qui rit,append_candidate,direct,
la vache qui rit,la vache qui rit,Bel Group,direct,dairies,FRANCE|DACH,FRANCE|DACH,France,layer3_review_decision_20260824,explicit_company_mapping_from_layer3_review,map to Bel Group,Other / not mapped to a company,Other / not mapped to a company,5,Known Bel Group cheese brand.,Fromage La Vache qui rit 32 portions (19 % MG) | La Vache qui rit 24 portions | La vache qui rit | VACHE QUI RIT ORIGINAL,"LA VACHE QUI RIT ® | La vache qui rit,Pik et croq | La vache qui rit | La vache qui rit | La vache qui rit",append_candidate,direct,
le rustique,le rustique,Savencia,direct,dairies,FRANCE|DACH,FRANCE|DACH,France,layer3_review_decision_20260824,explicit_company_mapping_from_layer3_review,map to Savencia,Manual review / complex ownership,Other / not mapped to a company,5,Known Savencia cheese brand.,Coulommiers | Camembert | Le rustique au bon gout de brie | Petit Camembert | Crémerin de Moselle (30 % MG),"CF&R, Le Rustique, Savencia | CF&R, Camembert, Le Rustique | CF&R, Le Rustique | CF&R, Le Rustique, Savencia | CF&R, Le Rustique, Savencia",append_candidate,direct,
lidl,lidl,Lidl,direct,snacks,UK_IE,UK_IE,Ireland,layer3_review_decision_20260824,explicit_company_mapping_from_layer3_review,map to Lidl,Manual review / complex ownership,Manual review / complex ownership,5,Obvious Lidl retailer/private-label brand line.,Dark Chocolate Rice Cakes | Cream crackers | Salted Microwave Popcorn | Lentil bites sea salt | Tortilla Chips,"Lidl | Lidl | Lidl, Snaktastic | Lidl | Lidl",append_candidate,direct,
lindt,lindt,Lindt & Sprüngli,direct,snacks,US_CANADA,US_CANADA,Bolivia,layer3_review_decision_20260824,explicit_company_mapping_from_layer3_review,map to Lindt & Sprüngli,Manual review / complex ownership,Manual review / complex ownership,5,Known Lindt brand / line.,LINDOR Caramel Milk Chocolate Truffle Bar | Dark Chocolate | Swiss Premium Chocolate | Dark Chocolate a touch of Sea Salt | Milk Chocolate,"Lindt,Lindor | Lindt | Lindt | Lindt | Lindt",append_candidate,direct,
marque repere,marque repere,E.Leclerc,direct,dairies,FRANCE|DACH,FRANCE|DACH,France,layer3_review_decision_20260824,explicit_company_mapping_from_layer3_review,map to E.Leclerc,Manual review / complex ownership,Manual review / complex ownership,5,Marque Repère is an E.Leclerc private-label brand.,Beurre de Bretagne demi sel | Emmental râpé | Maasdam Les Croises 26.9%mg | Mozzarella - format familial | Comté au lait cru,"Marque Repère, Les Croisés | Marque Repère, Les Croisés, Scamark (Filiale E. Leclerc) | Marque Repère, Les Croisés | Marque Repère, Les Croisés | Marque Repère, Les Croisés",append_candidate,direct,
marque repere,marque repere,E.Leclerc,direct,snacks,FRANCE|SOUTHERN_EUROPE,FRANCE|SOUTHERN_EUROPE,France,layer3_review_decision_20260824,explicit_company_mapping_from_layer3_review,map to E.Leclerc,Manual review / complex ownership,Manual review / complex ownership,5,Marque Repère is an E.Leclerc private-label brand.,Tablette d’or blanc intense 2X100G | 10 Pains au lait au levain | Pop corn caramel | Baguettes viennoises | Les Minis sablés cereale,"Marque Repère, Tablette d'Or | Marque Repère, Épi d'Or | Marque Repère, Tokapi | Marque Repère, Epi d'Or | Marque Repère, P'tit Déli",append_candidate,direct,
monoprix bio,monoprix bio,Monoprix,direct,cereals,FRANCE,FRANCE,France,layer3_review_decision_20260824,explicit_company_mapping_from_layer3_review,map to Monoprix,Other / not mapped to a company,Manual review / complex ownership,5,Obvious Monoprix retailer/private-label brand line.,Muesli bio | Céréales soufflées au chocolat Bio | Muesli Croustillant Chocolat Noir | Muesli croustillant fruits rouges Bio Monoprix | Céréales fourrées chocolat noisettes,"MONOPRIX BIO !, Monoprix | MONOPRIX BIO ! | Monoprix Bio | MONOPRIX BIO ! | MONOPRIX BIO !",append_candidate,direct,
président,président,Lactalis,direct,dairies,NORDICS|FRANCE,NORDICS|FRANCE,Denmark,layer3_review_decision_20260824,explicit_company_mapping_from_layer3_review,map to Lactalis,Manual review / complex ownership,Manual review / complex ownership,5,Known Lactalis brand.,Camembert | RONDELE AU BLEU 125g | Comté Le Montarlier affiné 6 mois | President petit brie 500g | President emmental coeur de meule 400g,"President | Président, Rondelé | Président | Président | Président",append_candidate,direct,
quaker,quaker,PepsiCo,direct,cereals,FRANCE|SOUTHERN_EUROPE,FRANCE|SOUTHERN_EUROPE,France,layer3_review_decision_20260824,explicit_company_mapping_from_layer3_review,map to PepsiCo,Manual review / complex ownership,Manual review / complex ownership,5,Known PepsiCo brand / regional alias missing from proposed mapping.,Quaker Cruesli Chocolat au lait | So Simple Golden Syrup Porridge | Muesli Avveia Crocante | Granolas con avena | Quaker Cruesli Frutta Secca,"Quaker | Quaker, Quaker Oats | Quaker | Quaker | Quaker,PepsiCo",append_candidate,direct,
quaker,quaker,PepsiCo,direct,cereals,UK_IE|US_CANADA,UK_IE|US_CANADA,United Kingdom,layer3_review_decision_20260824,explicit_company_mapping_from_layer3_review,map to PepsiCo,Manual review / complex ownership,Manual review / complex ownership,5,Known PepsiCo brand / regional alias missing from proposed mapping.,Peaches & Cream Instant Oatmeal | Lower Sugar Maple & Brown Sugar Instant Oatmeal | Peanut Butter Flavour Hot Oat Cereal with Soy Protein | APPLE & BLUEBERRY FLAVOUR HOT OAT CEREAL,Quaker | Quaker | Quaker | Quaker | QUAKER,append_candidate,direct,
quaker,quaker,PepsiCo,direct,snacks,FRANCE|US_CANADA,FRANCE|US_CANADA,France,layer3_review_decision_20260824,explicit_company_mapping_from_layer3_review,map to PepsiCo,Manual review / complex ownership,Manual review / complex ownership,5,Known PepsiCo brand / regional alias missing from proposed mapping.,"SWEET BARBECUE RICE CRISPS | Strawberry soft baked bars squares with fruit filling, strawberry | Blueberry nut baked flats crispy snack bars | Chewy Chocolate Chip Granola Bars | Digestive biscuit",Quaker | Quaker | Quaker | Quaker | Quaker,append_candidate,direct,
sainsburys,sainsburys,Sainsbury's,direct,cereals,UK_IE|US_CANADA,UK_IE|US_CANADA,United Kingdom,layer3_review_decision_20260824,explicit_company_mapping_from_layer3_review,map to Sainsbury's,Manual review / complex ownership,Manual review / complex ownership,5,Obvious Sainsbury’s retailer/private-label brand line.,Oats & Honey Balance | High Protein Peanut Granola | Swiss style muesli | Golden Syrup Flavour Porridge | Apple & Cinnamon Crisp,Sainsbury's | Sainsbury's | Sainsbury's | Sainsbury's | Sainsbury’s,append_candidate,direct,
tesco,tesco,Tesco,direct,dairies,UK_IE|US_CANADA,UK_IE|US_CANADA,United Kingdom,layer3_review_decision_20260824,explicit_company_mapping_from_layer3_review,map to Tesco,Manual review / complex ownership,Manual review / complex ownership,5,Obvious Tesco retailer/private-label brand line.,Salted Butter | Cream Horns | Fat free quark | Mozzarella Sticks | Feta Cubes,Tesco | Tesco | Tesco | Tesco | Tesco,append_candidate,direct,
tesco finest,tesco finest,Tesco,direct,beverages,UK_IE,UK_IE,United Kingdom,layer3_review_decision_20260824,explicit_company_mapping_from_layer3_review,map to Tesco,Other / not mapped to a company,Manual review / complex ownership,5,Obvious Tesco retailer/private-label brand line.,Malbec | Rioja viña de cuba | Pouilly fumé | South African Shiraz | Crianza Rioja,"Tesco finest | Tesco Finest,Tesco | Tesco finest, Tesco | Tesco Finest,tesco | Tesco Finest,tesco",append_candidate,direct,
u bio,u bio,Système U,direct,cereals,FRANCE,FRANCE,France,layer3_review_decision_20260824,explicit_company_mapping_from_layer3_review,map to Système U,Other / not mapped to a company,Manual review / complex ownership,5,Obvious Système U retailer/private-label brand line in France.,"Flocon d’avoine céréales complet | Flocons d'avoine bio, paquet 900g | Muesli fruits secs amandes & noisettes | Boules enrobées au miel | Corn flakes bio","U Bio, U | U Bio, U | U BIO | u bio | U Bio",append_candidate,direct,
7UP,7up,PepsiCo,market_scoped,beverages,FRANCE|SOUTHERN_EUROPE,FRANCE|SOUTHERN_EUROPE,France,layer3_review_decision_20260824,approved_proposed_company_from_layer3_review,approve proposed,PepsiCo,Other / not mapped to a company,4,Proposed company mapping is concrete; approve for launch.,7 Up | 7 Up-lemon-lime-330ml-(agora Com -30% De A-portugal | Free | 7up zero azúcar,"7 Up | 7 up | 7 Up | 7 Up, 7up",append_candidate,direct,Corrected before upsert-ready split: known complex/market-scoped or licensed brand; do not mark as plain direct.
Actimel,actimel,Danone,direct,dairies,FRANCE,FRANCE,Afghanistan,layer3_review_decision_20260824,explicit_company_mapping_from_layer3_review,map to Danone,Manual review / complex ownership,Manual review / complex ownership,4,Known Danone brand / brand line missing from proposed company mapping.,Actimel multifruits | Actimel goût fraise | Actimel | Actimel,"Actimel, Danone | Actimel, Danone | Actimel, Danone | Actimel, Danone",append_candidate,direct,
Activia,activia,Danone,direct,dairies,FRANCE,FRANCE,Algeria,layer3_review_decision_20260824,explicit_company_mapping_from_layer3_review,map to Danone,Manual review / complex ownership,Manual review / complex ownership,4,Known Danone brand / brand line missing from proposed company mapping.,ACTIVIA | Activia | Activia | activia sbah,"Activia, DANONE | Activia, danone | Activia | Activia",append_candidate,direct,
Activia,activia,Danone,direct,dairies,US_CANADA|FRANCE,US_CANADA|FRANCE,Canada,layer3_review_decision_20260824,explicit_company_mapping_from_layer3_review,map to Danone,Manual review / complex ownership,Manual review / complex ownership,4,Known Danone brand / brand line missing from proposed company mapping.,strawberry probiotic yogurt | vanilla | Activia Propionique nature | Activia saveurs coco,"ACTIVIA | ACTIVIA | ACTIVIA | Activia, Danone",append_candidate,direct,
Aero,aero,Nestlé,direct,snacks,UK_IE,UK_IE,United Kingdom,layer3_review_decision_20260824,explicit_company_mapping_from_layer3_review,map to Nestlé,Manual review / complex ownership,Manual review / complex ownership,4,Known Nestlé brand / brand line missing from proposed company mapping.,Orange Chocolate | Peppermint Chocolate | Coconut Bar | AERO,"Aero | Aero | Aero | Aero,Nestle",append_candidate,direct,
Cadbury,cadbury,Mondelēz International,market_scoped,snacks,DACH|UK_IE,DACH|UK_IE,Switzerland,layer3_review_decision_20260824,approved_proposed_company_from_layer3_review,approve proposed,Mondelēz International,Mondelēz International,4,Proposed company mapping is concrete; approve for launch. | Cadbury ownership/routing is market-sensitive; status corrected to market_scoped before launch upsert.,Cadbury Fingers Milk Chocolate Biscuits | Individually wrapped chunks of chocolate | fingers mini | Brunch Choc Chip,Cadbury | Cadbury | Cadbury | Cadbury,append_candidate,direct,Corrected before upsert-ready split: known complex/market-scoped or licensed brand; do not mark as plain direct. | Cadbury ownership/routing is market-sensitive; status corrected to market_scoped before launch upsert.
Cadbury,cadbury,The Hershey Company,market_scoped,snacks,US_CANADA,US_CANADA,India,layer3_review_decision_20260824,approved_proposed_company_from_layer3_review,approve proposed,The Hershey Company,The Hershey Company,4,Proposed company mapping is concrete; approve for launch. | Cadbury ownership/routing is market-sensitive; status corrected to market_scoped before launch upsert.,Oreo Cream Biscuit | Original Oreo | Dairy Milk Silk Bubbly Chocolate | shots,Cadbury | Cadbury | Cadbury | Cadbury,append_candidate,direct,Corrected before upsert-ready split: known complex/market-scoped or licensed brand; do not mark as plain direct. | Cadbury ownership/routing is market-sensitive; status corrected to market_scoped before launch upsert.
Capri Sun,capri sun,Capri Sun Group / Coca-Cola Europacific Partners,market_scoped,beverages,UK_IE,UK_IE,United Kingdom,layer3_review_decision_20260824,approved_proposed_company_from_layer3_review,approve proposed,Capri Sun Group / Coca-Cola Europacific Partners,Capri Sun Group / Coca-Cola Europacific Partners,4,Proposed company mapping is concrete; approve for launch.,Capri-Sun Orange | caprisun | Pop | Capri-Sun,Capri-Sun | Capri-Sun | Capri-Sun | Capri-Sun,append_candidate,direct,Corrected before upsert-ready split: known complex/market-scoped or licensed brand; do not mark as plain direct.
Carrefour Bio,carrefour bio,Carrefour,direct,cereals,BENELUX|FRANCE|SOUTHERN_EUROPE|DACH,BENELUX|FRANCE|SOUTHERN_EUROPE|DACH,Belgium,layer3_review_decision_20260824,explicit_company_mapping_from_layer3_review,map to Carrefour,Other / not mapped to a company,Manual review / complex ownership,4,"Carrefour brand/private-label/store-format row; brand entity should stay as normalized_brand, parent_company should be Carrefour.",Muesli floconneux 30% de fruits secs | Croustillant Chocolat quinoa | Croustillant Graines de courge et de tournesol | Flocons d'avoine,"Carrefour BIO, Carrefour | Carrefour BIO, Carrefour | Carrefour BIO, Carrefour | Carrefour BIO,Carrefour",append_candidate,direct,
Carrefour Bio,carrefour bio,Carrefour,direct,dairies,BENELUX|FRANCE|SOUTHERN_EUROPE,BENELUX|FRANCE|SOUTHERN_EUROPE,Belgium,layer3_review_decision_20260824,explicit_company_mapping_from_layer3_review,map to Carrefour,Other / not mapped to a company,Manual review / complex ownership,4,"Carrefour brand/private-label/store-format row; brand entity should stay as normalized_brand, parent_company should be Carrefour.",GOUDA Tranches | Parmigiano Reggiano AOP | Fromages frais aux fruits | Carrefour Bio Yaourt Nature Maigre,"Carrefour BIO, Carrefour | Carrefour BIO,Carrefour | Carrefour BIO | Carrefour BIO, Carrefour",append_candidate,direct,
Carrefour Classic,carrefour classic,Carrefour,direct,beverages,FRANCE|SOUTHERN_EUROPE,FRANCE|SOUTHERN_EUROPE,France,layer3_review_decision_20260824,explicit_company_mapping_from_layer3_review,map to Carrefour,Other / not mapped to a company,Manual review / complex ownership,4,"Carrefour brand/private-label/store-format row; brand entity should stay as normalized_brand, parent_company should be Carrefour.",Cacao intense | Tropical | Infusion saveur fruits rouges | Zéro Sucre Saveur Citron,"Carrefour,Carrefour Classic’ | Carrefour, Carrefour Classic | Carrefour,Carrefour Classic' | Carrefour, Carrefour Classic",append_candidate,direct,
Carrefour Classic,carrefour classic,Carrefour,direct,dairies,FRANCE|SOUTHERN_EUROPE,FRANCE|SOUTHERN_EUROPE,France,layer3_review_decision_20260824,explicit_company_mapping_from_layer3_review,map to Carrefour,Other / not mapped to a company,Manual review / complex ownership,4,"Carrefour brand/private-label/store-format row; brand entity should stay as normalized_brand, parent_company should be Carrefour.",Nata montada ligera | Bifidus pruneau | Yogur líquido edulcorado 0% grasa 0% azúcares | FRUTAS pêche,"Carrefour, Carrefour classic | Carrefour, Carrefour Classic | Carrefour, Carrefour classic | Carrefour classic,Carrefour",append_candidate,direct,
Carrefour Sensation,carrefour sensation,Carrefour,direct,dairies,FRANCE,FRANCE,France,layer3_review_decision_20260824,explicit_company_mapping_from_layer3_review,map to Carrefour,Other / not mapped to a company,Manual review / complex ownership,4,"Carrefour brand/private-label/store-format row; brand entity should stay as normalized_brand, parent_company should be Carrefour.",High protein | Cappuccino | High protein Myrtille | Yab parfum fraise-banane,"Carrefour Sensation | CARREFOUR SENSATION, Carrefour | Carrefour Sensation, Carrefour | Carrefour, Carrefour Sensation",append_candidate,direct,
Coca-Cola,coca-cola,The Coca-Cola Company,direct,beverages,BENELUX|FRANCE|DACH|SOUTHERN_EUROPE,BENELUX|FRANCE|DACH|SOUTHERN_EUROPE,Belgium,layer3_review_decision_20260824,explicit_company_mapping_from_layer3_review,map to The Coca-Cola Company,Manual review / complex ownership,Manual review / complex ownership,4,Known Coca-Cola system brand; route to The Coca-Cola Company at company layer.,Coca-Cola Zero Zero | Coca-Cola | Zero calories Zero caffeine Zerosugar | Coca-Cola,Coca-Cola | Coca-Cola | Coca-Cola | Coca-Cola,append_candidate,direct,
Coca-Cola,coca-cola,The Coca-Cola Company,direct,beverages,FRANCE,FRANCE,France,layer3_review_decision_20260824,explicit_company_mapping_from_layer3_review,map to The Coca-Cola Company,Manual review / complex ownership,Other / not mapped to a company,4,Known Coca-Cola system brand; route to The Coca-Cola Company at company layer.,Caffeine free coke | Coca cola | Coke Soft Drink Diet Citurs Zest | Coca Cola sans sucre sans caféine,Coke | Coke | Coke | Coke,append_candidate,direct,
Coca-Cola,coca-cola,The Coca-Cola Company,direct,beverages,FRANCE|DACH|SOUTHERN_EUROPE,FRANCE|DACH|SOUTHERN_EUROPE,France,layer3_review_decision_20260824,explicit_company_mapping_from_layer3_review,map to The Coca-Cola Company,Manual review / complex ownership,Manual review / complex ownership,4,Known Coca-Cola system brand; route to The Coca-Cola Company at company layer.,Energy | Coca-Cola Zero Zero | PET 1.25L COCA ZERO CT SICAFE | Coca-Cola limone,Coca Cola | Coca-Cola | Coca-Cola | Coca Cola,append_candidate,direct,
Coca-Cola,coca-cola,The Coca-Cola Company,direct,beverages,US_CANADA|FRANCE,US_CANADA|FRANCE,Canada,layer3_review_decision_20260824,explicit_company_mapping_from_layer3_review,map to The Coca-Cola Company,Manual review / complex ownership,Manual review / complex ownership,4,Known Coca-Cola system brand; route to The Coca-Cola Company at company layer.,Coca-Cola Zero | Coca-cola Classique | Diet Coke | Diet Coca-Cola,Coca-Cola | Coca-Cola | Coca-Cola | Coca Cola,append_candidate,direct,
Coca-Cola Light,coca-cola light,The Coca-Cola Company,direct,beverages,FRANCE|SOUTHERN_EUROPE,FRANCE|SOUTHERN_EUROPE,France,layer3_review_decision_20260824,explicit_company_mapping_from_layer3_review,map to The Coca-Cola Company,Manual review / complex ownership,Manual review / complex ownership,4,Known Coca-Cola system brand; route to The Coca-Cola Company at company layer.,Coca cola light taste | Coca Cola Zero | Coca Cola Zéro | Coca cola Zero Zuccheri,"Coca-Cola, Coca-Cola-light | Coca-Cola, Coca-Cola-light | Coca-Cola, Coca-Cola-light | Coca-Cola-light,Cocacola",append_candidate,direct,
Danette,danette,Danone,direct,dairies,FRANCE|DACH,FRANCE|DACH,France,layer3_review_decision_20260824,explicit_company_mapping_from_layer3_review,map to Danone,Manual review / complex ownership,Manual review / complex ownership,4,Known Danone brand / brand line missing from proposed company mapping.,Mousse Caramel salé | Danone Danette Family Pack Schokolade 2x(4x125g) 1Kg | Danette mousse liegeoise chocolat 80 g x 8 | Danone Danette Mousse Liégeoise Schokolade 2x(2x80g) 320g,"Danette, Danette mousse, Danone | Danette, Danone | Danette, Danette creme liegeoise, Danone | Danette, Danone",append_candidate,direct,
Doritos,doritos,PepsiCo,direct,snacks,UK_IE,UK_IE,Ireland,layer3_review_decision_20260824,explicit_company_mapping_from_layer3_review,map to PepsiCo,Manual review / complex ownership,Manual review / complex ownership,4,Known PepsiCo brand / regional alias missing from proposed mapping.,Doritos chilly heatwave | Dorites | Chili Heatwave | Doritos Chilli heatwave,Doritos | Doritos | Doritos | Doritos,append_candidate,direct,
Dr Pepper,dr pepper,The Coca-Cola Company,market_scoped,beverages,BENELUX|FRANCE,BENELUX|FRANCE,Belgium,layer3_review_decision_20260824,approved_proposed_company_from_layer3_review,approve proposed,The Coca-Cola Company,The Coca-Cola Company,4,Proposed company mapping is concrete; approve for launch.,Dr Pepper | Dr Pepper | Pepper Pack De 6 | Dr pepper,Dr Pepper | Dr Pepper | Dr pepper | Dr pepper,append_candidate,direct,Corrected before upsert-ready split: known complex/market-scoped or licensed brand; do not mark as plain direct.
Dr Pepper,dr pepper,The Coca-Cola Company,market_scoped,beverages,FRANCE|DACH,FRANCE|DACH,France,layer3_review_decision_20260824,approved_proposed_company_from_layer3_review,approve proposed,The Coca-Cola Company,The Coca-Cola Company,4,Proposed company mapping is concrete; approve for launch.,dr pepper blackcherry | Dr. Pepper | DR Pepper | Dr. Pepper,Dr Pepper | Dr Pepper | Dr Pepper | Dr. Pepper,append_candidate,direct,Corrected before upsert-ready split: known complex/market-scoped or licensed brand; do not mark as plain direct.
Fanta,fanta,The Coca-Cola Company,direct,beverages,FRANCE|UK_IE,FRANCE|UK_IE,France,layer3_review_decision_20260824,explicit_company_mapping_from_layer3_review,map to The Coca-Cola Company,Manual review / complex ownership,Manual review / complex ownership,4,Known Coca-Cola system brand; route to The Coca-Cola Company at company layer.,Fanta Fruit Twist 2ltr | Apple & Sour Cherry | Fanta Orange | Fanta Fruit Twist 500 Ml,"Fanta | Fanta | Fanta, Fanta-light | Fanta",append_candidate,direct,
Fitness,fitness,Nestlé,direct,snacks,FRANCE|SOUTHERN_EUROPE,FRANCE|SOUTHERN_EUROPE,France,layer3_review_decision_20260824,explicit_company_mapping_from_layer3_review,map to Nestlé,Manual review / complex ownership,Manual review / complex ownership,4,Known Nestlé brand / brand line missing from proposed company mapping.,Nestlé Fitness Cereal Bar Strawberry | fitness | Nestle Fitness Cereal Bars Red Berries X6 | Chocolate fitness,"Fitness | fitness | Fitness, Nestlé | Nestlé, Fitness",append_candidate,direct,
Fuze Tea,fuze tea,The Coca-Cola Company,direct,beverages,FRANCE|DACH,FRANCE|DACH,France,layer3_review_decision_20260824,explicit_company_mapping_from_layer3_review,map to The Coca-Cola Company,Manual review / complex ownership,Manual review / complex ownership,4,Known Coca-Cola system brand; route to The Coca-Cola Company at company layer.,Fuze tea | Black iced tea - lemon grass | Sera sugar calorie black ice tea lemon | Fuse Tea Black Ice Tea White Peach 500ML,"Fuze Tea, Fuzetea | Fuze Tea | Fuze Tea | Fuze tea",append_candidate,direct,
Fuze Tea,fuze tea,The Coca-Cola Company,direct,beverages,FRANCE|SOUTHERN_EUROPE,FRANCE|SOUTHERN_EUROPE,France,layer3_review_decision_20260824,explicit_company_mapping_from_layer3_review,map to The Coca-Cola Company,Manual review / complex ownership,Manual review / complex ownership,4,Known Coca-Cola system brand; route to The Coca-Cola Company at company layer.,Fuzetea limone | Tè nero limone e lemongrass | Fuzetea Pesca | Limón,"Fuze Tea, Fuzetea | Fuze Tea | Fuze Tea, Fuzetea | fuze tea",append_candidate,direct,
Mountain Dew,mountain dew,PepsiCo,direct,beverages,FRANCE|US_CANADA,FRANCE|US_CANADA,France,layer3_review_decision_20260824,explicit_company_mapping_from_layer3_review,map to PepsiCo,Manual review / complex ownership,Manual review / complex ownership,4,Known PepsiCo brand / regional alias missing from proposed mapping.,Mountain Dew Baja Blast Tropical Lime | Mountain Dew | Diet Mountain Dew | MTN DEW - (1 Liter),Mountain Dew | Mountain Dew | Mountain Dew | Mountain Dew,append_candidate,direct,
Nescafé,nescafé,Nestlé,direct,beverages,FRANCE|BENELUX,FRANCE|BENELUX,France,layer3_review_decision_20260824,explicit_company_mapping_from_layer3_review,map to Nestlé,Manual review / complex ownership,Manual review / complex ownership,4,Known Nestlé brand / brand line missing from proposed company mapping.,Nescafé Dolce Gusto Citrus Honey Black Tea | Espresso | Salted caramel mocha | Cappuccino,"Nescafé | Nescafé | nescafe | Nestlé, Nescafé",append_candidate,direct,
Nescafé,nescafé,Nestlé,direct,beverages,FRANCE|DACH|SOUTHERN_EUROPE,FRANCE|DACH|SOUTHERN_EUROPE,France,layer3_review_decision_20260824,explicit_company_mapping_from_layer3_review,map to Nestlé,Manual review / complex ownership,Manual review / complex ownership,4,Known Nestlé brand / brand line missing from proposed company mapping.,"Marrakesh style tea | nescafe per latte | Bebida instantánea en polvo con azúcar, leche y café | Nescafé Classic","Nescafe | Nescafé | NESCAFÉ | Nestlé, Nescafé",append_candidate,direct,
Oreo,oreo,Mondelēz International,direct,snacks,FRANCE|UK_IE,FRANCE|UK_IE,France,layer3_review_decision_20260824,explicit_company_mapping_from_layer3_review,map to Mondelēz International,Manual review / complex ownership,Manual review / complex ownership,4,Known Mondelēz brand / regional Cadbury routing outside US.,Crispy and thin chocolat | Oreo Thins | Original Oreo | Oreo Original Night Twist,Oreo | Oreo | Oreo | Oreo,append_candidate,direct,
Oreo,oreo,Mondelēz International,direct,snacks,SOUTHERN_EUROPE|US_CANADA,SOUTHERN_EUROPE|US_CANADA,Spain,layer3_review_decision_20260824,explicit_company_mapping_from_layer3_review,map to Mondelēz International,Manual review / complex ownership,Manual review / complex ownership,4,Known Mondelēz brand / regional Cadbury routing outside US.,"S'mores limited edition | Nabisco oreo thins cookies mint 1x10.1 oz | Carrot cake flavored cookie with cream cheese sandwich cookies, carrot cake | Oreo cookies and creme 1x2.88 oz",Oreo | Oreo | Oreo | Oreo,append_candidate,direct,
Pepsi,pepsi,PepsiCo,direct,beverages,FRANCE|SOUTHERN_EUROPE|UK_IE,FRANCE|SOUTHERN_EUROPE|UK_IE,France,layer3_review_decision_20260824,explicit_company_mapping_from_layer3_review,map to PepsiCo,Manual review / complex ownership,Manual review / complex ownership,4,Known PepsiCo brand / regional alias missing from proposed mapping.,Diet | Diet Pepsi 330ml can | Pepsi | Pepsi Max Cherry 330ml,Pepsi | Pepsi | Pepsi | Pepsi,append_candidate,direct,
Pepsi,pepsi,PepsiCo,direct,beverages,US_CANADA,US_CANADA,United States,layer3_review_decision_20260824,explicit_company_mapping_from_layer3_review,map to PepsiCo,Manual review / complex ownership,Other / not mapped to a company,4,Known PepsiCo brand / regional alias missing from proposed mapping.,"Pepsi | Pure leaf lemon | Sam's Club: (32 OZ) - Fountain Drink Cup | Fruit Punch Flavored Energy Drink, Lemon","Pepsi-Cola, Pepsi | Pure Leaf, Pepsi | Sam's Club, Members Mark, Pepsi | Venom, Pepsi",append_candidate,direct,
Quality Street,quality street,Nestlé,direct,snacks,FRANCE|UK_IE,FRANCE|UK_IE,France,layer3_review_decision_20260824,explicit_company_mapping_from_layer3_review,map to Nestlé,Manual review / complex ownership,Manual review / complex ownership,4,Known Nestlé brand / brand line missing from proposed company mapping.,Cool Mint Matchmakers | Matchmakers Cool Mint | Quality Street Matchmakers Zingy Orange | Matchmakers Gingerbread Flavour,"Nestlé, Quality Street | Nestlé, Quality Street | Nestlé, Quality Street | Nestlé, Quality Street",append_candidate,direct,
Simpl,simpl,Carrefour,direct,snacks,FRANCE|SOUTHERN_EUROPE,FRANCE|SOUTHERN_EUROPE,France,layer3_review_decision_20260824,explicit_company_mapping_from_layer3_review,map to Carrefour,Other / not mapped to a company,Other / not mapped to a company,4,"Carrefour brand/private-label/store-format row; brand entity should stay as normalized_brand, parent_company should be Carrefour.",Lait & éclats de Noisettes | Biscuits tablette de chocolat noir | Chocolate Chip Cookies | Madeleines longues,"Simpl,Carrefour | Simpl, Carrefour | Simpl | Simpl, Carrefour, Carrefour discount, Produit blanc",append_candidate,direct,
Sprite,sprite,The Coca-Cola Company,direct,beverages,US_CANADA|FRANCE,US_CANADA|FRANCE,Canada,layer3_review_decision_20260824,explicit_company_mapping_from_layer3_review,map to The Coca-Cola Company,Manual review / complex ownership,Manual review / complex ownership,4,Known Coca-Cola system brand; route to The Coca-Cola Company at company layer.,Zero Sugar Lemon-Lime Soda | Sprite | Lemon-Lime Soda | Lemon-lime soda,Sprite | Sprite | Sprite | Sprite,append_candidate,direct,
Toblerone,toblerone,Mondelēz International,direct,snacks,FRANCE|US_CANADA,FRANCE|US_CANADA,France,layer3_review_decision_20260824,explicit_company_mapping_from_layer3_review,map to Mondelēz International,Manual review / complex ownership,Manual review / complex ownership,4,Known Mondelēz brand / regional Cadbury routing outside US.,Milk chocolate | Swiss milk chocolate candy bar | Toblerone chocolate bar milk | Toblerone Fruit & Nut Chocolate Large Bar,Toblerone | Toblerone | Toblerone | Toblerone,append_candidate,direct,
Tostitos,tostitos,PepsiCo,direct,snacks,US_CANADA|FRANCE,US_CANADA|FRANCE,Canada,layer3_review_decision_20260824,explicit_company_mapping_from_layer3_review,map to PepsiCo,Manual review / complex ownership,Manual review / complex ownership,4,Known PepsiCo brand / regional alias missing from proposed mapping.,Scoops! | Restaurant Style | Tostitos Rounds | Organic Tostitos Yellow Corn Tortilla Chip,"Tostitos | Tostitos | Tostitos | Simply, Tostitos",append_candidate,direct,
aldi,aldi,Aldi,direct,snacks,UK_IE,UK_IE,Ireland,layer3_review_decision_20260824,explicit_company_mapping_from_layer3_review,map to Aldi,Manual review / complex ownership,Manual review / complex ownership,4,Obvious Aldi retailer/private-label brand line.,All Butter Pastry Twists | Hand Cooked Crisps | Fruit Pastilles | Multigrain Crackers,"Aldi | Aldi,Specially Selected | Aldi,Dominion | Aldi",append_candidate,direct,
aldi snackrite,aldi snackrite,Aldi,direct,snacks,UK_IE,UK_IE,United Kingdom,layer3_review_decision_20260824,explicit_company_mapping_from_layer3_review,map to Aldi,Other / not mapped to a company,Manual review / complex ownership,4,Obvious Aldi retailer/private-label brand line.,Prawn Cracker | SWEET &SALT PERFECTLY PAIRE SWEET AND SALTED POPCO | Salt And Vinegar Potato Hoops | Original flavour potato snacks,Aldi Snackrite | Aldi Snackrite | Aldi Snackrite | Aldi snackrite,append_candidate,direct,
aldi specially selected,aldi specially selected,Aldi,direct,dairies,UK_IE,UK_IE,United Kingdom,layer3_review_decision_20260824,explicit_company_mapping_from_layer3_review,map to Aldi,Other / not mapped to a company,Manual review / complex ownership,4,Obvious Aldi retailer/private-label brand line.,Buffalo Mozzarella | Yellow Peach Luxury Yogurt | Black Cherry Luxury Yogurt | 50 Month Reserve Cheddar,Aldi Specially Selected | Aldi Specially Selected | Aldi Specially Selected | Aldi Specially Selected,append_candidate,direct,
auchan,auchan,Auchan,direct,snacks,FRANCE|BENELUX,FRANCE|BENELUX,France,layer3_review_decision_20260824,explicit_company_mapping_from_layer3_review,map to Auchan,Manual review / complex ownership,Manual review / complex ownership,4,Obvious Auchan retailer/private-label brand line.,"NOIR SAVEUR POIRE et AMANDES *Pur beurre de cacao | Langues de chat | Palmiers nature | Muesli croustillant graines Courge, Tournesol","Auchan,Auchan Gourmet | Auchan | Auchan | Auchan, Auchan Bio",append_candidate,direct,
auchan collection,auchan collection,Auchan,direct,dairies,FRANCE,FRANCE,France,layer3_review_decision_20260824,explicit_company_mapping_from_layer3_review,map to Auchan,Other / not mapped to a company,Manual review / complex ownership,4,Obvious Auchan retailer/private-label brand line.,"Croustillant chocolat, noisettes, amandes. Dessert au chocolat noir, aux noisettes et aux amandes | Fondant aux pommes.Gâteau aux pommes fondantes parfumées au rhum et à la vanille. | Mousse gourmande au chocolat au lait aux oeufs | Panna Cotta Framboise","Auchan Collection | Auchan Collection, Auchan Gourmet, Auchan Premium, Mmm ! | Auchan Collection, Auchan Premium | Auchan Collection",append_candidate,direct,
auchan mmm,auchan mmm,Auchan,direct,dairies,FRANCE,FRANCE,France,layer3_review_decision_20260824,explicit_company_mapping_from_layer3_review,map to Auchan,Other / not mapped to a company,Manual review / complex ownership,4,Obvious Auchan retailer/private-label brand line.,Cantal AOP Entre-Deux | Bleu d'Auvergne | Emmental râpé | Livarot AOP,"AUCHAN MMM, Auchan, Auchan Gourmet, Terroir | AUCHAN MMM, Auchan, Auchan Gourmet, Terroir | AUCHAN MMM | AUCHAN MMM, Auchan, Auchan Gourmet, Terroir",append_candidate,direct,
casino,casino,Groupe Casino,direct,snacks,FRANCE|DACH,FRANCE|DACH,France,layer3_review_decision_20260824,explicit_company_mapping_from_layer3_review,map to Groupe Casino,Manual review / complex ownership,Manual review / complex ownership,4,Obvious Casino retailer/private-label brand line.,Sticks salés | flan pâtissier | Mini crackers Emmental et graines de courge. | Madeleines longues coeur saveur fraise,"Casino | Casino | Casino, Casino Bio | Casino",append_candidate,direct,
coop prix garantie,coop prix garantie,Coop,direct,beverages,FRANCE|DACH,FRANCE|DACH,France,layer3_review_decision_20260824,explicit_company_mapping_from_layer3_review,map to Coop,Other / not mapped to a company,Manual review / complex ownership,4,Obvious Coop retailer/private-label brand line.,Energy drink | Jus d'orange | Grapefruit | Grapefruit light,Coop Prix Garantie | Coop Prix Garantie | Coop Prix Garantie | Coop Prix Garantie,append_candidate,direct,
danone,danone,Danone,direct,dairies,DACH|FRANCE,DACH|FRANCE,Austria,layer3_review_decision_20260824,approved_proposed_company_from_layer3_review,approve proposed,Danone,Danone,4,Proposed company mapping is concrete; approve for launch.,Danone Mars Mix 120g | Danone YOOTHIE Yoghurt Smoothie Mango Maracuja 250g | Danone Actimel® Classic 6 x 100g = 600g | Danone FruchtZwerge GO 70G ERDBEERE,"Danone | Danone, YOOTHIE | Danone | Danone",append_candidate,direct,
danone,danone,Danone,direct,dairies,FRANCE,FRANCE,Afghanistan,layer3_review_decision_20260824,approved_proposed_company_from_layer3_review,approve proposed,Danone,Danone,4,Proposed company mapping is concrete; approve for launch.,Actimel Fraise offre Anniversaire | Actimel gout fraise 100 g x 12 | Light & free skyr nature 145 g x 1 | Danone aux fruits d'ici,"Danone | Danone | Danone, Light & free, Light & free skyr | Danone",append_candidate,direct,
danonino,danonino,Danone,direct,dairies,FRANCE|DACH,FRANCE|DACH,France,layer3_review_decision_20260824,explicit_company_mapping_from_layer3_review,map to Danone,Manual review / complex ownership,Danone,4,Known Danone brand / brand line missing from proposed company mapping.,Danone Danonino Pouch Erdbeere 70g | Danonino Go Fraise | Danone Danonino Erdbeer-Aprikose-Banane 6x50g | Danone Danonino Erdbeere / Banane / Pfirsich-Birne / Erdbeere 8 x 50g,"Danone, Danonino | Danone, Danonino, Danonino pouch | Danone, Danonino | Danone, Danonino",append_candidate,direct,
hipro,hipro,Danone,direct,dairies,FRANCE,FRANCE,France,layer3_review_decision_20260824,explicit_company_mapping_from_layer3_review,map to Danone,Manual review / complex ownership,Danone,4,Known Danone brand / brand line missing from proposed company mapping.,Hipro a boire saveur cafe 300 g x 1 | Hipro a boire saveur caramel 300 g x 1 | Hipro Saveur Myrtille | Hipro,"Danone, Hipro, Hipro drinks | Danone, Hipro, Hipro drinks | Danone, Hipro | Danone, Hipro",append_candidate,direct,
hipro,hipro,Danone,direct,dairies,FRANCE,FRANCE,France,layer3_review_decision_20260824,explicit_company_mapping_from_layer3_review,map to Danone,Manual review / complex ownership,Manual review / complex ownership,4,Known Danone brand / brand line missing from proposed company mapping.,Hipro banana | Yaourt à boire | Hipro a boire uht vanille 345 g x 8 | HiPRO saveur café caramel,"Hipro | Hipro | Hipro, Hipro drinks | Hipro",append_candidate,direct,
kiri,kiri,Bel Group,direct,dairies,BENELUX|FRANCE,BENELUX|FRANCE,Belgium,layer3_review_decision_20260824,explicit_company_mapping_from_layer3_review,map to Bel Group,Manual review / complex ownership,Manual review / complex ownership,4,Known Bel Group cheese brand.,Kiri à tartiner | Fromage a tartiner | Kiri® Crème 12 portions | Kiri Fouetté Pot,Kiri | Kiri | Kiri | Kiri,append_candidate,direct,
lactel,lactel,Lactalis,direct,beverages,FRANCE,FRANCE,France,layer3_review_decision_20260824,explicit_company_mapping_from_layer3_review,map to Lactalis,Manual review / complex ownership,Manual review / complex ownership,4,Known Lactalis brand.,Milumel premigest | Caffe Latte | Lactel Max Fraise | Lactel café au. Lait,"Lactel, Milumel | Lactel | Lactel | Lactel",append_candidate,direct,
le rustique,le rustique,Savencia,direct,dairies,BENELUX|FRANCE,BENELUX|FRANCE,Belgium,layer3_review_decision_20260824,explicit_company_mapping_from_layer3_review,map to Savencia,Manual review / complex ownership,Other / not mapped to a company,4,Known Savencia cheese brand.,"Camembert (20 % MG) | Au bon Goût de brie | Fondue - rectte savoyarde aux 3 fromages | Fondue, Recette Savoyarde au 3 fromages","CF&R, Le Rustique, Savencia | CF&R, Le Rustique | CF&R,Le Rustique,Savencia | CF&R,Le Rustique,Savencia",append_candidate,direct,
leclerc,leclerc,E.Leclerc,direct,cereals,FRANCE,FRANCE,France,layer3_review_decision_20260824,explicit_company_mapping_from_layer3_review,map to E.Leclerc,Manual review / complex ownership,Manual review / complex ownership,4,Obvious E.Leclerc retailer/private-label brand line.,Muesli | Cereales mini cookies | Petales choco | Petales de céréales fruits rouges,Leclerc | Leclerc | Leclerc | Leclerc,append_candidate,direct,
leclerc,leclerc,E.Leclerc,direct,dairies,US_CANADA,US_CANADA,United States,layer3_review_decision_20260824,explicit_company_mapping_from_layer3_review,map to E.Leclerc,Manual review / complex ownership,Manual review / complex ownership,4,Obvious E.Leclerc retailer/private-label brand line.,Etchola vache/brebis | Gorgonzola Mascarpone | Comté AOP Fort des Rousses | Fromage frais,Leclerc | Leclerc | Leclerc | Leclerc,append_candidate,direct,
lidl,lidl,Lidl,direct,snacks,FRANCE|UK_IE,FRANCE|UK_IE,France,layer3_review_decision_20260824,explicit_company_mapping_from_layer3_review,map to Lidl,Manual review / complex ownership,Manual review / complex ownership,4,Obvious Lidl retailer/private-label brand line.,Wholegrain rice cakes | Pet Christmas Costume Packaging | Caramel Bars | Sondey - Cookies chocolat blanc et cranberries,"Lidl | Lidl, Nobleza | Lidl, Mister Choc | Lidl",append_candidate,direct,
light and free,light and free,Danone,direct,dairies,UK_IE,UK_IE,United Kingdom,layer3_review_decision_20260824,explicit_company_mapping_from_layer3_review,map to Danone,Other / not mapped to a company,Other / not mapped to a company,4,Known Danone brand / brand line missing from proposed company mapping.,Greek Style Yogurt | Light & Free Greek Style Yogurt | Greek Style Yogurt | Light and free,"Light & Free | Light & Free,Danone | Light & Free | Light & Free",append_candidate,direct,
lindt,lindt,Lindt & Sprüngli,direct,snacks,FRANCE|DACH,FRANCE|DACH,Australia,layer3_review_decision_20260824,explicit_company_mapping_from_layer3_review,map to Lindt & Sprüngli,Manual review / complex ownership,Manual review / complex ownership,4,Known Lindt brand / line.,Excellence Amandes grillées Noir | Goldhase Haselnuss | Goldhasen Edelbitter 60% | Lindt MILCH • AU LAIT• MILK,Lindt | Lindt | Lindt | Lindt,append_candidate,direct,
lindt,lindt,Lindt & Sprüngli,direct,snacks,FRANCE|DACH,FRANCE|DACH,France,layer3_review_decision_20260824,explicit_company_mapping_from_layer3_review,map to Lindt & Sprüngli,Manual review / complex ownership,Other / not mapped to a company,4,Known Lindt brand / line.,Goldhase klein | Les grandes nougat-amandes | Chocolat au lait fourré d'un onctueux coeur de chocolat | Extra noir,"Lindt&Sprüngli, Lindt | Lindt&Sprüngli, Lindt | Chocoletti, Lindt, Lindt & Sprüngli | Lindor, Lindt, Lindt & Sprüngli",append_candidate,direct,
lindt excellence,lindt excellence,Lindt & Sprüngli,direct,snacks,US_CANADA|FRANCE,US_CANADA|FRANCE,Canada,layer3_review_decision_20260824,explicit_company_mapping_from_layer3_review,map to Lindt & Sprüngli,Other / not mapped to a company,Manual review / complex ownership,4,Known Lindt brand / line.,SEA SALT FLEUR DE SEL DARK • NOIR | CARAMEL & SEA SALT Dark Chocolate | CHILI PIMENT ROUGE DARK NOIR | Smooth Dark Chocolate,Lindt EXCELLENCE | Lindt EXCELLENCE | Lindt EXCELLENCE | Lindt Excellence,append_candidate,direct,
marque repere,marque repere,E.Leclerc,direct,cereals,FRANCE,FRANCE,France,layer3_review_decision_20260824,explicit_company_mapping_from_layer3_review,map to E.Leclerc,Manual review / complex ownership,Other / not mapped to a company,4,Marque Repère is an E.Leclerc private-label brand.,Ceréales fourrées cacao noisette sans gluten | Muesli croustillant avoine et fruits secs bio sans gluten | Riz soufflé au chocolat | Céréales cacao fourrées vanille,"Chaque Jour Sans Gluten, Marque Repère | Chaque Jour Sans Gluten,Marque Repère | Brin de Jour,Marque Repère | Day Break,Marque Repère",append_candidate,direct,
président,président,Lactalis,direct,dairies,BENELUX|FRANCE|DACH,BENELUX|FRANCE|DACH,Belgium,layer3_review_decision_20260824,explicit_company_mapping_from_layer3_review,map to Lactalis,Manual review / complex ownership,Manual review / complex ownership,4,Known Lactalis brand.,Beurre Tendre Doux | Краве масло 82% | Butter La Motte - Doux | Brie,Président | Président | Président | Président,append_candidate,direct,
président,président,Lactalis,direct,dairies,UK_IE,UK_IE,United Kingdom,layer3_review_decision_20260824,explicit_company_mapping_from_layer3_review,map to Lactalis,Manual review / complex ownership,Manual review / complex ownership,4,Known Lactalis brand.,Emmental Slices | president Lighter | Grated emmental cheese | Cheddar cheese slices,"President | president | President | Président,Lactalis",append_candidate,direct,
quaker,quaker,PepsiCo,direct,cereals,US_CANADA|FRANCE,US_CANADA|FRANCE,Canada,layer3_review_decision_20260824,explicit_company_mapping_from_layer3_review,map to PepsiCo,Manual review / complex ownership,Manual review / complex ownership,4,Known PepsiCo brand / regional alias missing from proposed mapping.,One Minute Oats | Life | Life whole grain cereal cinnamon | Harvest Crunch Granola Cereal Original,Quaker | Quaker | Quaker | Quaker,append_candidate,direct,
sainsburys,sainsburys,Sainsbury's,direct,beverages,FRANCE,FRANCE,France,layer3_review_decision_20260824,explicit_company_mapping_from_layer3_review,map to Sainsbury's,Manual review / complex ownership,Manual review / complex ownership,4,Obvious Sainsbury’s retailer/private-label brand line.,Orange Flavour Hot Chocolate | Choc-o-holic | Blackcurrant High Juice | Fierté ginger beer,Sainsbury's | Sainsbury's | Sainsbury's | Sainsbury's,append_candidate,direct,
sainsburys,sainsburys,Sainsbury's,direct,snacks,UK_IE|US_CANADA,UK_IE|US_CANADA,United Kingdom,layer3_review_decision_20260824,explicit_company_mapping_from_layer3_review,map to Sainsbury's,Manual review / complex ownership,Manual review / complex ownership,4,Obvious Sainsbury’s retailer/private-label brand line.,Corn thins | frozen oven chip | Shorties | Stem Ginger Cookies Taste the Difference,Sainsburys | Sainsbury's | Sainsbury’s | Sainsbury's,append_candidate,direct,
sainsburys so organic,sainsburys so organic,Sainsbury's,direct,dairies,UK_IE,UK_IE,United Kingdom,layer3_review_decision_20260824,explicit_company_mapping_from_layer3_review,map to Sainsbury's,Other / not mapped to a company,Manual review / complex ownership,4,Obvious Sainsbury’s retailer/private-label brand line.,organic Mild Cheddar | Whole british milk | British Mature Cheddar | Full fat soft cheese,"Sainsbury's SO Organic | Sainsbury's SO organic,sainsbury's | sainsbury's SO organic | Sainsbury's SO Organic",append_candidate,direct,
tesco,tesco,Tesco,direct,cereals,UK_IE,UK_IE,Ireland,layer3_review_decision_20260824,explicit_company_mapping_from_layer3_review,map to Tesco,Manual review / complex ownership,Manual review / complex ownership,4,Obvious Tesco retailer/private-label brand line.,INSTANT OATS GOLDEN SYRUP FLAVOUR | Choco Malt Wheats | Berry & Cherry Muesli | Multigrain Meteors,"TESCO | Tesco | Tesco,Tesco Finest | Tesco",append_candidate,direct,
tesco finest,tesco finest,Tesco,direct,snacks,FRANCE,FRANCE,France,layer3_review_decision_20260824,explicit_company_mapping_from_layer3_review,map to Tesco,Other / not mapped to a company,Manual review / complex ownership,4,Obvious Tesco retailer/private-label brand line.,Cheddar Scones | Authentic Italian Panettone | Black Truffle & Extra Virgin Olive Oil Crisps,Tesco Finest | Tesco Finest | Tesco Finest | Tesco Finest,append_candidate,direct,
tesco finest,tesco finest,Tesco,direct,snacks,FRANCE|UK_IE,FRANCE|UK_IE,France,layer3_review_decision_20260824,explicit_company_mapping_from_layer3_review,map to Tesco,Other / not mapped to a company,Manual review / complex ownership,4,Obvious Tesco retailer/private-label brand line.,Lightly Sea Salted Hand Cooked Crisps | 4 All Butter Sultana Scones | Belgian Dark Chocolate Ginger Cookies | Ketchup tomates anciennes,Tesco finest | Tesco Finest | TESCO finest | Tesco Finest,append_candidate,direct,
u,u,Système U,direct,snacks,FRANCE|DACH,FRANCE|DACH,France,layer3_review_decision_20260824,explicit_company_mapping_from_layer3_review,map to Système U,Manual review / complex ownership,Manual review / complex ownership,4,Obvious Système U retailer/private-label brand line in France.,"Assortiment mini viennoiseries | Chips nature multipack 6x30g easypack | Biscuits Sablés céréales nappés chocolat au lait étui de 200g | Petit beurre tablette de chocolat noir, pocket 250g",U | U | U | U,append_candidate,direct,
Activia,activia,Danone,direct,dairies,DACH|FRANCE,DACH|FRANCE,Austria,layer3_review_decision_20260824,explicit_company_mapping_from_layer3_review,map to Danone,Manual review / complex ownership,Manual review / complex ownership,3,Known Danone brand / brand line missing from proposed company mapping.,Danone ACTIVIA® Granola & Amaranth 150g | Danone ACTIVIA® Kokos & Dinkel mit Kakao-Splittern 150g | Danone ACTIVIA® Waldfrüchte & Granatapfel (4 x 115g) = 460g,"ACTIVIA®, Danone | ACTIVIA®, Danone | ACTIVIA®, Danone",append_candidate,direct,
Activia,activia,Danone,direct,dairies,FRANCE,FRANCE,France,layer3_review_decision_20260824,explicit_company_mapping_from_layer3_review,map to Danone,Manual review / complex ownership,Danone,3,Known Danone brand / brand line missing from proposed company mapping.,Activia 0% MG pack découverte | Yog. act. farro GR. 125X4 Danone | Danone Activia Fibre Semi Fico X4,"Danone,Activia | Danone, Activia | Danone, Activia",append_candidate,direct,
Activia,activia,Danone,direct,dairies,FRANCE|US_CANADA,FRANCE|US_CANADA,France,layer3_review_decision_20260824,explicit_company_mapping_from_layer3_review,map to Danone,Manual review / complex ownership,Manual review / complex ownership,3,Known Danone brand / brand line missing from proposed company mapping.,Probiotiques céréales muesli | Bien être digestif cerise | Probiotic Yogurt Drink Strawberry Banana,Activia | Activia | Activia,append_candidate,direct,
Aero,aero,Nestlé,direct,dairies,UK_IE,UK_IE,United Kingdom,layer3_review_decision_20260824,explicit_company_mapping_from_layer3_review,map to Nestlé,Manual review / complex ownership,Manual review / complex ownership,3,Known Nestlé brand / brand line missing from proposed company mapping.,Aero Heavenly Salted Caramel Mousse and Pecan Nuts | Chocolate Caramel | Aero Heavenly Milk Chocolate Mousse,"Aero,Nestle | Aero | Nestle,Aero,Aero Heavenly",append_candidate,direct,
Belvita,belvita,Mondelēz International,direct,snacks,FRANCE|DACH,FRANCE|DACH,France,layer3_review_decision_20260824,explicit_company_mapping_from_layer3_review,map to Mondelēz International,Manual review / complex ownership,Manual review / complex ownership,3,Known Mondelēz brand / regional Cadbury routing outside US.,"Belvita Crookie Abricots & 5 céréales complètes | Belvita Soft,5 céréales complètes | Belvita original - Biscuits petit déjeuner miel & pépites de chocolat","Belvita, Lu | Belvita | Belvita, Lu, Mondelez",append_candidate,direct,
Belvita,belvita,Mondelēz International,direct,snacks,FRANCE|UK_IE|US_CANADA,FRANCE|UK_IE|US_CANADA,France,layer3_review_decision_20260824,explicit_company_mapping_from_layer3_review,map to Mondelēz International,Manual review / complex ownership,Manual review / complex ownership,3,Known Mondelēz brand / regional Cadbury routing outside US.,"Breakfast Biscuits Tops Choco Hazelnuts 5 Packs | Belvita Breakfast Soft Bakes, Red Berries | Breakfast Biscuits Yogurt Crunch Live Yogurt 5 Packs","Belvita | Belvita, Superdrug | Belvita",append_candidate,direct,
Cadbury,cadbury,Mondelēz International,market_scoped,beverages,FRANCE|UK_IE,FRANCE|UK_IE,France,layer3_review_decision_20260824,approved_proposed_company_from_layer3_review,approve proposed,Mondelēz International,Mondelēz International,3,Proposed company mapping is concrete; approve for launch. | Cadbury ownership/routing is market-sensitive; status corrected to market_scoped before launch upsert.,Cadbury hot chocolate | instant hot chocolate | Cadbury Drinking Chocolate,Cadbury | Cadbury | Cadbury,append_candidate,direct,Corrected before upsert-ready split: known complex/market-scoped or licensed brand; do not mark as plain direct. | Cadbury ownership/routing is market-sensitive; status corrected to market_scoped before launch upsert.
Cadbury,cadbury,Mondelēz International,market_scoped,snacks,FRANCE|DACH,FRANCE|DACH,France,layer3_review_decision_20260824,approved_proposed_company_from_layer3_review,approve proposed,Mondelēz International,Mondelēz International,3,Proposed company mapping is concrete; approve for launch. | Cadbury ownership/routing is market-sensitive; status corrected to market_scoped before launch upsert.,Luxury Cookies Double Chocolate Cadbury | Finger l'Original | Curly Wurly,"Cadbury | Cadbury | Cadbury, Mondelez",append_candidate,direct,Corrected before upsert-ready split: known complex/market-scoped or licensed brand; do not mark as plain direct. | Cadbury ownership/routing is market-sensitive; status corrected to market_scoped before launch upsert.
Cadbury,cadbury,The Hershey Company,market_scoped,snacks,US_CANADA,US_CANADA,Canada,layer3_review_decision_20260824,approved_proposed_company_from_layer3_review,approve proposed,The Hershey Company,The Hershey Company,3,Proposed company mapping is concrete; approve for launch. | Cadbury ownership/routing is market-sensitive; status corrected to market_scoped before launch upsert.,"Dairy Milk, Milk Chocolate With English Toffee | Premium Dark Chocolate Bar | Crunchie",Cadbury | Cadbury | Cadbury,append_candidate,direct,Corrected before upsert-ready split: known complex/market-scoped or licensed brand; do not mark as plain direct. | Cadbury ownership/routing is market-sensitive; status corrected to market_scoped before launch upsert.
Capri Sun,capri sun,Capri Sun Group / Coca-Cola Europacific Partners,market_scoped,beverages,FRANCE,FRANCE,Czech Republic,layer3_review_decision_20260824,approved_proposed_company_from_layer3_review,approve proposed,Capri Sun Group / Coca-Cola Europacific Partners,Capri Sun Group / Coca-Cola Europacific Partners,3,Proposed company mapping is concrete; approve for launch.,Multi Vitamin | Capri-Sun Safari Fruits | capri sun Mystic dragon,"Capri-Sun, Vitar | Capri-Sun | Capri-Sun",append_candidate,direct,Corrected before upsert-ready split: known complex/market-scoped or licensed brand; do not mark as plain direct.
Capri Sun,capri sun,Capri Sun Group / Coca-Cola Europacific Partners,market_scoped,beverages,FRANCE|DACH,FRANCE|DACH,France,layer3_review_decision_20260824,approved_proposed_company_from_layer3_review,approve proposed,Capri Sun Group / Coca-Cola Europacific Partners,Other / not mapped to a company,3,Proposed company mapping is concrete; approve for launch.,"Capri-sonne Elfentrank | Caprisonne, Multivitamin | Capri-Sun","Capri-Sonne, Capri-Sun | Capri-Sonne, Capri-Sun | Aux caprices de jess, Capri-Sonne, Capri-Sun",append_candidate,direct,Corrected before upsert-ready split: known complex/market-scoped or licensed brand; do not mark as plain direct.
Capri Sun,capri sun,Capri Sun Group / Coca-Cola Europacific Partners,market_scoped,beverages,FRANCE|UK_IE,FRANCE|UK_IE,France,layer3_review_decision_20260824,approved_proposed_company_from_layer3_review,approve proposed,Capri Sun Group / Coca-Cola Europacific Partners,Capri Sun Group / Coca-Cola Europacific Partners,3,Proposed company mapping is concrete; approve for launch.,Capri-Sun Blackcurrant & Apple | Capri-sun orange | Capri Sun Orange 330ml,Capri-Sun | Capri-Sun | Capri-Sun,append_candidate,direct,Corrected before upsert-ready split: known complex/market-scoped or licensed brand; do not mark as plain direct.
Carrefour Bio,carrefour bio,Carrefour,direct,beverages,BENELUX|FRANCE|SOUTHERN_EUROPE,BENELUX|FRANCE|SOUTHERN_EUROPE,Belgium,layer3_review_decision_20260824,explicit_company_mapping_from_layer3_review,map to Carrefour,Other / not mapped to a company,Manual review / complex ownership,3,"Carrefour brand/private-label/store-format row; brand entity should stay as normalized_brand, parent_company should be Carrefour.",Poudre cacaotée 32 % de cacao maigre | Amande Sans sucres | 100% pur jus Raisin,"Carrefour BIO, Carrefour | Carrefour BIO, Carrefour | Carrefour BIO, Carrefour",append_candidate,direct,
Carrefour Bio,carrefour bio,Carrefour,direct,beverages,FRANCE,FRANCE,France,layer3_review_decision_20260824,explicit_company_mapping_from_layer3_review,map to Carrefour,Other / not mapped to a company,Other / not mapped to a company,3,"Carrefour brand/private-label/store-format row; brand entity should stay as normalized_brand, parent_company should be Carrefour.",Ventadour | Champagne demi-sec Bio Fleury | Epicerie / Thé Bio Et équitable / Thé Noir,"Bio source,Carrefour Bio | Fleury,Carrefour,Carrefour Bio,SAS Champagne Fleury | Pages, Carrefour Bio",append_candidate,direct,
Carrefour Extra,carrefour extra,Carrefour,direct,dairies,BENELUX|FRANCE,BENELUX|FRANCE,Belgium,layer3_review_decision_20260824,explicit_company_mapping_from_layer3_review,map to Carrefour,Other / not mapped to a company,Manual review / complex ownership,3,"Carrefour brand/private-label/store-format row; brand entity should stay as normalized_brand, parent_company should be Carrefour.",Gouda Holland Jeune | Carrefour Extra Cottage Cheese | Carrefour Extra Yaourt Style Grecque Entier,Carrefour Extra | Carrefour Extra | Carrefour Extra,append_candidate,direct,
Carrefour Kids,carrefour kids,Carrefour,direct,cereals,FRANCE,FRANCE,France,layer3_review_decision_20260824,explicit_company_mapping_from_layer3_review,map to Carrefour,Other / not mapped to a company,Manual review / complex ownership,3,"Carrefour brand/private-label/store-format row; brand entity should stay as normalized_brand, parent_company should be Carrefour.",Milkis au Lait | Choco Numbers | Croc ball,"Carrefour Kids | Carrefour Kids | Carrefour,Carrefour Kids",append_candidate,direct,
Carrefour Kids,carrefour kids,Carrefour,direct,dairies,FRANCE|SOUTHERN_EUROPE,FRANCE|SOUTHERN_EUROPE,France,layer3_review_decision_20260824,explicit_company_mapping_from_layer3_review,map to Carrefour,Other / not mapped to a company,Manual review / complex ownership,3,"Carrefour brand/private-label/store-format row; brand entity should stay as normalized_brand, parent_company should be Carrefour.",Petit | Maxi petit | Petit,"Carrefour kids,Carrefour | Carrefour Kids,Carrefour | Carrefour kids,Carrefour",append_candidate,direct,
Carrefour Original,carrefour original,Carrefour,direct,snacks,FRANCE,FRANCE,France,layer3_review_decision_20260824,explicit_company_mapping_from_layer3_review,map to Carrefour,Other / not mapped to a company,Manual review / complex ownership,3,"Carrefour brand/private-label/store-format row; brand entity should stay as normalized_brand, parent_company should be Carrefour.",Les madeleines au Beurre d'Isigny | Pépites de chocolat | Sprits,"Carrefour Original | Carrefour Original | Carrefour, Carrefour Original",append_candidate,direct,
Carrefour Sensation,carrefour sensation,Carrefour,direct,snacks,FRANCE,FRANCE,France,layer3_review_decision_20260824,explicit_company_mapping_from_layer3_review,map to Carrefour,Other / not mapped to a company,Manual review / complex ownership,3,"Carrefour brand/private-label/store-format row; brand entity should stay as normalized_brand, parent_company should be Carrefour.",CROUSTI Saveur Poulet Rôti Craquantes & Savoureuses | Crousti saveur chèvre et piment d'espelette | Végétal Snack pops Saveur Tomate & Basilic,"Carrefour, Carrefour Sensation | Carrefour, Carrefour Sensation | Carrefour Sensation",append_candidate,direct,
Cheerios,cheerios,Cereal Partners Worldwide,market_scoped,cereals,UK_IE,UK_IE,United Kingdom,layer3_review_decision_20260824,approved_proposed_company_from_layer3_review,approve proposed,Cereal Partners Worldwide,Cereal Partners Worldwide,3,Proposed company mapping is concrete; approve for launch.,multigrain cheerios | Nestle Cheerios Honey 515g | Oat cheerios,"Cheerios | Cheerios | Cheerios,Nestlé",append_candidate,direct,Corrected before upsert-ready split: known complex/market-scoped or licensed brand; do not mark as plain direct.
Chocapic,chocapic,Nestlé,direct,cereals,FRANCE|SOUTHERN_EUROPE,FRANCE|SOUTHERN_EUROPE,France,layer3_review_decision_20260824,explicit_company_mapping_from_layer3_review,map to Nestlé,Manual review / complex ownership,Manual review / complex ownership,3,Known Nestlé brand / brand line missing from proposed company mapping.,Chocapic Choco Crush | Original Bio | NESTLE CHOCAPIC protéines Céréales 340g,"Nestlé, Chocapic | Nestlé, Chocapic | Chocapic, Nestlé, Chocapic protein",append_candidate,direct,
Coca-Cola,coca-cola,The Coca-Cola Company,direct,beverages,DACH|BENELUX|FRANCE|SOUTHERN_EUROPE|UK_IE,DACH|BENELUX|FRANCE|SOUTHERN_EUROPE|UK_IE,Austria,layer3_review_decision_20260824,explicit_company_mapping_from_layer3_review,map to The Coca-Cola Company,Manual review / complex ownership,Manual review / complex ownership,3,Known Coca-Cola system brand; route to The Coca-Cola Company at company layer.,Coca-Cola Zero Azúcar | Coca-Cola Zero 500ml черная крышка | Original Taste,Coca-Cola | Coca-Cola | Coca-Cola,append_candidate,direct,
Coca-Cola,coca-cola,The Coca-Cola Company,direct,beverages,FRANCE|DACH|UK_IE,FRANCE|DACH|UK_IE,France,layer3_review_decision_20260824,explicit_company_mapping_from_layer3_review,map to The Coca-Cola Company,Manual review / complex ownership,Manual review / complex ownership,3,Known Coca-Cola system brand; route to The Coca-Cola Company at company layer.,Coca-Cola cherry | Cherry,"Coca-Cola, The Coca-Cola Company | Coca-Cola, Coca-Cola Life | Coca-Cola",append_candidate,direct,
Coca-Cola,coca-cola,The Coca-Cola Company,direct,beverages,FRANCE|NORDICS,FRANCE|NORDICS,France,layer3_review_decision_20260824,explicit_company_mapping_from_layer3_review,map to The Coca-Cola Company,Manual review / complex ownership,Manual review / complex ownership,3,Known Coca-Cola system brand; route to The Coca-Cola Company at company layer.,Coca Cola | Coca Cola Zero sucre | Powerade Passionfruit,Coca-Cola | Coca-Cola | Coca-Cola,append_candidate,direct,
Coca-Cola,coca-cola,The Coca-Cola Company,direct,beverages,FRANCE|SOUTHERN_EUROPE|DACH,FRANCE|SOUTHERN_EUROPE|DACH,France,layer3_review_decision_20260824,explicit_company_mapping_from_layer3_review,map to The Coca-Cola Company,Manual review / complex ownership,Manual review / complex ownership,3,Known Coca-Cola system brand; route to The Coca-Cola Company at company layer.,Coca Zéro | Coca cola zero,Coca-Cola | Coca-cola | Coca-Cola,append_candidate,direct,
Coca-Cola Light,coca-cola light,The Coca-Cola Company,direct,beverages,FRANCE|DACH,FRANCE|DACH,France,layer3_review_decision_20260824,explicit_company_mapping_from_layer3_review,map to The Coca-Cola Company,Manual review / complex ownership,Manual review / complex ownership,3,Known Coca-Cola system brand; route to The Coca-Cola Company at company layer.,Coca - Cola light taste koffeinfrei | cherry zero | Cocacola Light,"Coca-Cola, Coca-Cola-light | Coca-Cola, Coca-Cola-light | Coca Cola,Coca-Cola-light",append_candidate,direct,
Doritos,doritos,PepsiCo,direct,snacks,FRANCE|DACH,FRANCE|DACH,France,layer3_review_decision_20260824,explicit_company_mapping_from_layer3_review,map to PepsiCo,Manual review / complex ownership,Manual review / complex ownership,3,Known PepsiCo brand / regional alias missing from proposed mapping.,Sweet chili peper | Doritos Cool American | Bits,Doritos | Doritos | Doritos,append_candidate,direct,
Fanta,fanta,The Coca-Cola Company,direct,snacks,FRANCE,FRANCE,France,layer3_review_decision_20260824,explicit_company_mapping_from_layer3_review,map to The Coca-Cola Company,Manual review / complex ownership,Manual review / complex ownership,3,Known Coca-Cola system brand; route to The Coca-Cola Company at company layer.,Caramelle ripiene | Anta Flu Eucalyptus Menthol | Mentos,Fanta | Fanta | Fanta,append_candidate,direct,
Fuze Tea,fuze tea,The Coca-Cola Company,direct,beverages,BENELUX|FRANCE,BENELUX|FRANCE,Belgium,layer3_review_decision_20260824,explicit_company_mapping_from_layer3_review,map to The Coca-Cola Company,Manual review / complex ownership,Other / not mapped to a company,3,Known Coca-Cola system brand; route to The Coca-Cola Company at company layer.,"Fuzetea | Fuze tea lime mint | Fuzetea Infused Iced Tea Green tea, Lime, Mint",Fuzetea | fuzetea | Fuzetea,append_candidate,direct,
Gatorade,gatorade,PepsiCo,direct,beverages,US_CANADA|FRANCE,US_CANADA|FRANCE,Canada,layer3_review_decision_20260824,explicit_company_mapping_from_layer3_review,map to PepsiCo,Manual review / complex ownership,Manual review / complex ownership,3,Known PepsiCo brand / regional alias missing from proposed mapping.,Fruit Punch G | Gatorade G2 Fruit Punch Sports Drink | G2 Grape,Gatorade | Gatorade | Gatorade,append_candidate,direct,
KitKat,kitkat,Nestlé,market_scoped,snacks,BENELUX|FRANCE,BENELUX|FRANCE,Belgium,layer3_review_decision_20260824,approved_proposed_company_from_layer3_review,approve proposed,Nestlé,Manual review / complex ownership,3,Proposed company mapping is concrete; approve for launch.,"KitKat senses | KitKat Chunky | KITKAT 4 Finger Barre au chocolat au Lait, 41,5g en lot de 6","Nestlé, KitKat | Nestlé, Kitkat | Nestlé, Kit Kat, Kitkat",append_candidate,direct,Corrected before upsert-ready split: known complex/market-scoped or licensed brand; do not mark as plain direct.
Lay's,lay's,PepsiCo,direct,snacks,BENELUX|FRANCE|DACH,BENELUX|FRANCE|DACH,Belgium,layer3_review_decision_20260824,explicit_company_mapping_from_layer3_review,map to PepsiCo,Other / not mapped to a company,Other / not mapped to a company,3,Known PepsiCo brand / regional alias missing from proposed mapping.,Sticks Chips | Pickles Flavour | Lay's Naturel 20-pack,lays | Lay's | Lay's,append_candidate,direct,
Lay's,lay's,PepsiCo,direct,snacks,UK_IE,UK_IE,Lithuania,layer3_review_decision_20260824,explicit_company_mapping_from_layer3_review,map to PepsiCo,Other / not mapped to a company,Other / not mapped to a company,3,Known PepsiCo brand / regional alias missing from proposed mapping.,Potato chips | Barbecue Rib Crisps,Lay's | Lay's | Lay's,append_candidate,direct,
Lay's,lay's,PepsiCo,direct,snacks,UK_IE,UK_IE,Poland,layer3_review_decision_20260824,explicit_company_mapping_from_layer3_review,map to PepsiCo,Other / not mapped to a company,Other / not mapped to a company,3,Known PepsiCo brand / regional alias missing from proposed mapping.,Spicy Paprika flavoured | Lays Papryka | Crisps Paprica,Lay's | Lay's | Lays,append_candidate,direct,
Lay's,lay's,PepsiCo,direct,snacks,US_CANADA,US_CANADA,Canada,layer3_review_decision_20260824,explicit_company_mapping_from_layer3_review,map to PepsiCo,Other / not mapped to a company,Other / not mapped to a company,3,Known PepsiCo brand / regional alias missing from proposed mapping.,Potato Chips | Oven Baked Original Potato Chips | Lay's Potato Chips,Lay's | Lay's | Lay's,append_candidate,direct,
Monster Energy,monster energy,Monster Beverage Corp,direct,beverages,BENELUX|FRANCE,BENELUX|FRANCE,Belgium,layer3_review_decision_20260824,approved_proposed_company_from_layer3_review,approve proposed,Monster Beverage Corp,Monster Beverage Corp,3,Proposed company mapping is concrete; approve for launch.,Monster Energy | The Doctor | Lewis Hamilton,Monster Energy | Monster Energy | Monster Energy,append_candidate,direct,
Monster Energy,monster energy,Monster Beverage Corp,direct,beverages,DACH|UK_IE,DACH|UK_IE,Germany,layer3_review_decision_20260824,approved_proposed_company_from_layer3_review,approve proposed,Monster Beverage Corp,Monster Beverage Corp,3,Proposed company mapping is concrete; approve for launch.,Reserve Watermelon | Bad Apple | Monster Energy Rehab Tea + Lemonade,"Monster Energy,Monster | Monster Energy | Monster Energy",append_candidate,direct,
Monster Energy,monster energy,Monster Beverage Corp,direct,beverages,FRANCE,FRANCE,France,layer3_review_decision_20260824,approved_proposed_company_from_layer3_review,approve proposed,Monster Beverage Corp,Manual review / complex ownership,3,Proposed company mapping is concrete; approve for launch.,Monster Energy Ultra Strawberry Dreams Zero Sugar | Monster Energy Rio Punch | Lo-cal Monster Energy,"Coca-Cola Company, Monster, Monster Energy | Coca-Cola Company,Monster,Monster Energy | Coca-Cola Company, Monster, Monster Energy",append_candidate,direct,
Monster Energy,monster energy,Monster Beverage Corp (Coca-Cola 20% stake / exclusive distrib),direct,beverages,US_CANADA,US_CANADA,United States,layer3_review_decision_20260824,approved_proposed_company_from_layer3_review,approve proposed,Monster Beverage Corp (Coca-Cola 20% stake / exclusive distrib),Other / not mapped to a company,3,Proposed company mapping is concrete; approve for launch.,Uber monster energy brew | Ultra citron energy drink | Lo-carb energy drink,"Monster, Monster Energy | Monster, Monster Energy | Monster, Monster Energy",append_candidate,direct,
Nescafé,nescafé,Nestlé,direct,beverages,BENELUX|FRANCE,BENELUX|FRANCE,Belgium,layer3_review_decision_20260824,explicit_company_mapping_from_layer3_review,map to Nestlé,Manual review / complex ownership,Other / not mapped to a company,3,Known Nestlé brand / brand line missing from proposed company mapping.,"Nescafé, Gold cappuccino, Cappuccino | NESCAFE Cappuccino Intenso, Café soluble, Boîte de 10 sticks (12,5g chacun) | STARBUCKS By NESPRESSO Espresso Roast 12 Capsules 66g","Cappuccino,Gold cappuccino,Nescafé | Cappuccino intenso, Nescafé | Dark espresso roast, Nescafé, Starbucks",append_candidate,direct,
Nescafé,nescafé,Nestlé,direct,beverages,BENELUX|FRANCE|DACH,BENELUX|FRANCE|DACH,Belgium,layer3_review_decision_20260824,explicit_company_mapping_from_layer3_review,map to Nestlé,Manual review / complex ownership,Manual review / complex ownership,3,Known Nestlé brand / brand line missing from proposed company mapping.,Nescafé Dolce Gusto Latte Macchiato Caramel | Nescafe Classic Frappe Beutel | Grande Intenso,"Nescafé | Nescafé | Nestlé, Nescafé",append_candidate,direct,
Nescafé,nescafé,Nestlé,direct,beverages,BENELUX|FRANCE|SOUTHERN_EUROPE,BENELUX|FRANCE|SOUTHERN_EUROPE,Belgium,layer3_review_decision_20260824,explicit_company_mapping_from_layer3_review,map to Nestlé,Manual review / complex ownership,Manual review / complex ownership,3,Known Nestlé brand / brand line missing from proposed company mapping.,Dolce Gusto espresso intenso | Dolce Gusto ristretto ardenza,Nescafé | Nescafe | Nescafé,append_candidate,direct,
Nescafé,nescafé,Nestlé,direct,beverages,FRANCE|SOUTHERN_EUROPE|DACH,FRANCE|SOUTHERN_EUROPE|DACH,France,layer3_review_decision_20260824,explicit_company_mapping_from_layer3_review,map to Nestlé,Manual review / complex ownership,Manual review / complex ownership,3,Known Nestlé brand / brand line missing from proposed company mapping.,Cafe | Café au lait | Nescafé gold capuccino,Nescafé | Nescafé | Nescafe,append_candidate,direct,
Nescafé Dolce Gusto,nescafé dolce gusto,Nestlé,direct,beverages,BENELUX|FRANCE,BENELUX|FRANCE,Belgium,layer3_review_decision_20260824,explicit_company_mapping_from_layer3_review,map to Nestlé,Manual review / complex ownership,Manual review / complex ownership,3,Known Nestlé brand / brand line missing from proposed company mapping.,Capsules NESCAFE DOLCE GUSTO Lungo Intenso 16 Capsules | The chaud dolce gusto | Capsules NESCAFE Dolce Gusto Lungo 30 Capsules,"Nestlé, Nescafé, Nescafé Dolce Gusto, Dolce gusto | Nestlé, Dolce Gusto, Nescafé | Nestlé, Dolce gusto, Nescafe",append_candidate,direct,
Nescafé Dolce Gusto,nescafé dolce gusto,Nestlé,direct,beverages,FRANCE|SOUTHERN_EUROPE,FRANCE|SOUTHERN_EUROPE,France,layer3_review_decision_20260824,explicit_company_mapping_from_layer3_review,map to Nestlé,Manual review / complex ownership,Manual review / complex ownership,3,Known Nestlé brand / brand line missing from proposed company mapping.,KitKat | Capsules NESCAFE DOLCE GUSTO Avoine 12 capsules | STARBUCKS BY NESCAFÉ DOLCE GUSTO NEO Caramel Macchiato 120g,"Nescafé, Dolce gusto | Nestlé,Dolce gusto,Nescafe | STARBUCKS, by NESCAFE DOLCE GUSTO",append_candidate,direct,
Nesquik,nesquik,Nestlé,direct,beverages,BENELUX|FRANCE|DACH,BENELUX|FRANCE|DACH,Belgium,layer3_review_decision_20260824,explicit_company_mapping_from_layer3_review,map to Nestlé,Manual review / complex ownership,Manual review / complex ownership,3,Known Nestlé brand / brand line missing from proposed company mapping.,Nesquik | Nestlé - Poudre de cacao allégée en sucre,"Nesquik,Nestlé | nesquik | Nestlé, Nesquik",append_candidate,direct,
Nesquik,nesquik,Nestlé,direct,beverages,US_CANADA,US_CANADA,Bolivia,layer3_review_decision_20260824,explicit_company_mapping_from_layer3_review,map to Nestlé,Manual review / complex ownership,Manual review / complex ownership,3,Known Nestlé brand / brand line missing from proposed company mapping.,Nesquik Chocolate Powder | Nesquik Strawberry Powder | Chocolate Syrup,"Nestlé,Nesquik | Nestlé,Nesquik | Nesquik,Nestlé",append_candidate,direct,
Nesquik,nesquik,Nestlé,direct,beverages,US_CANADA,US_CANADA,United States,layer3_review_decision_20260824,explicit_company_mapping_from_layer3_review,map to Nestlé,Manual review / complex ownership,Manual review / complex ownership,3,Known Nestlé brand / brand line missing from proposed company mapping.,"Drink mix | Nesquick, chocolate flavor | Chocolate powder","nestle,Nesquik | Nestle,Nesquik | Nesquik",append_candidate,direct,
Oreo,oreo,Mondelēz International,direct,snacks,BENELUX|FRANCE,BENELUX|FRANCE,Belgium,layer3_review_decision_20260824,explicit_company_mapping_from_layer3_review,map to Mondelēz International,Manual review / complex ownership,Manual review / complex ownership,3,Known Mondelēz brand / regional Cadbury routing outside US.,Oreo golden | Oreo Crispy and thin | Crunchies original,"oreo | Oreo | Mondelez,Oreo",append_candidate,direct,
Oreo,oreo,Mondelēz International,direct,snacks,US_CANADA,US_CANADA,United States,layer3_review_decision_20260824,explicit_company_mapping_from_layer3_review,map to Mondelēz International,Manual review / complex ownership,Other / not mapped to a company,3,Cadbury US licensing exception / Mondelez snack brand routing.,oreo cookies shelf | Team Favorites Variety Pack | Club sandwich cookies,"Nabisco,Oreo | Nabisco,Oreo | Nabisco,Oreo",append_candidate,direct,
Pepsi,pepsi,PepsiCo,direct,beverages,BENELUX|FRANCE|DACH,BENELUX|FRANCE|DACH,Belgium,layer3_review_decision_20260824,explicit_company_mapping_from_layer3_review,map to PepsiCo,Manual review / complex ownership,Manual review / complex ownership,3,Known PepsiCo brand / regional alias missing from proposed mapping.,"Pepsi 1,5L | pepsi | Pepsi Max NO SUGAR","Pepsi | Pepsi | Pepsi, Pepsi Max",append_candidate,direct,
Pepsi,pepsi,PepsiCo,direct,beverages,FRANCE,FRANCE,Bulgaria,layer3_review_decision_20260824,explicit_company_mapping_from_layer3_review,map to PepsiCo,Manual review / complex ownership,Manual review / complex ownership,3,Known PepsiCo brand / regional alias missing from proposed mapping.,ПЕПСИ 2Л | Pepsi max | Pepsi,Pepsi | Pepsi | Pepsi,append_candidate,direct,
Pepsi,pepsi,PepsiCo,direct,beverages,FRANCE|US_CANADA,FRANCE|US_CANADA,France,layer3_review_decision_20260824,explicit_company_mapping_from_layer3_review,map to PepsiCo,Manual review / complex ownership,Manual review / complex ownership,3,Known PepsiCo brand / regional alias missing from proposed mapping.,Diet Pepsi | Cola | Pure Leaf Sweet Tea,"Pepsi | Pepsi | Lipton, Pepsi, Pure Leaf, Unilever",append_candidate,direct,
Pepsi,pepsi,PepsiCo,direct,beverages,UK_IE,UK_IE,United Kingdom,layer3_review_decision_20260824,explicit_company_mapping_from_layer3_review,map to PepsiCo,Manual review / complex ownership,Other / not mapped to a company,3,Known PepsiCo brand / regional alias missing from proposed mapping.,Pepsi Max Multipack | MAXIMUM TASTE NO SUGAR PEPSI MAX LIME | Pepsi max,"Pepsi-Cola,Pepsico,Pepsi | Pepsi-Cola, Pepsi | PepsiCo,Pepsi",append_candidate,direct,
Quaker Oats,quaker oats,PepsiCo,direct,cereals,FRANCE,FRANCE,France,layer3_review_decision_20260824,explicit_company_mapping_from_layer3_review,map to PepsiCo,Manual review / complex ownership,Manual review / complex ownership,3,Known PepsiCo brand / regional alias missing from proposed mapping.,"Muesli amandes, noisettes & raisins | Quaker Oats Oat Granola Honey & Almond | Flocons d'avoine",Quaker Oats | Quaker Oats | Quaker Oats,append_candidate,direct,
Quaker Oats,quaker oats,PepsiCo,direct,cereals,UK_IE,UK_IE,United Kingdom,layer3_review_decision_20260824,explicit_company_mapping_from_layer3_review,map to PepsiCo,Manual review / complex ownership,Manual review / complex ownership,3,Known PepsiCo brand / regional alias missing from proposed mapping.,Quaker Oat So Simple Big Bowl Original Porridge | Quakers perfect blends multi grain porridge | Oat so simple,"Quaker Oats | Quaker Oats, Quaker | Quaker Oats, Quaker",append_candidate,direct,
Quaker Oats,quaker oats,PepsiCo,direct,snacks,US_CANADA,US_CANADA,United States,layer3_review_decision_20260824,explicit_company_mapping_from_layer3_review,map to PepsiCo,Manual review / complex ownership,Manual review / complex ownership,3,Known PepsiCo brand / regional alias missing from proposed mapping.,"Popped rice snacks variety caramel corn | Chocolatey Covered Granola Bars | Strawberry organic whole grain bars, strawberry",Quaker Oats | Quaker Oats | Quaker Oats,append_candidate,direct,
Quality Street,quality street,Nestlé,direct,snacks,UK_IE,UK_IE,United Kingdom,layer3_review_decision_20260824,explicit_company_mapping_from_layer3_review,map to Nestlé,Manual review / complex ownership,Manual review / complex ownership,3,Known Nestlé brand / brand line missing from proposed company mapping.,Matchmakers orange cookies | Quality Street Favourites Inspired by the Purple One imp | Quality Street Matchmakers Honeycomb,"Quality street | Quality Street | Nestlé, Quality Street",append_candidate,direct,
Reflets de France,reflets de france,Carrefour,direct,beverages,FRANCE|SOUTHERN_EUROPE,FRANCE|SOUTHERN_EUROPE,France,layer3_review_decision_20260824,explicit_company_mapping_from_layer3_review,map to Carrefour,Manual review / complex ownership,Manual review / complex ownership,3,"Carrefour brand/private-label/store-format row; brand entity should stay as normalized_brand, parent_company should be Carrefour.","Reflets de France,Carrefour | Cidre de Bretagne IGP Artisanal | Cidre de Bretagne IGP Artisanal","Carrefour, Reflets de France | Carrefour, Reflets de France | Carrefour, Reflets de France",append_candidate,direct,
Schweppes,schweppes,Suntory Beverage & Food,market_scoped,beverages,BENELUX|FRANCE,BENELUX|FRANCE,Belgium,layer3_review_decision_20260824,approved_proposed_company_from_layer3_review,approve proposed,Suntory Beverage & Food,Other / not mapped to a company,3,Proposed company mapping is concrete; approve for launch.,Schweppes indian tonic | Schweppes pamplemousse touche de romarin | Schweppes Indian Tonic,"Orangina Schweppes, Schweppes | Orangina Schweppes, Schweppes | Indian Tonic, Schweppes",append_candidate,direct,Corrected before upsert-ready split: known complex/market-scoped or licensed brand; do not mark as plain direct.
Schweppes,schweppes,Suntory Beverage & Food,market_scoped,beverages,FRANCE|SOUTHERN_EUROPE,FRANCE|SOUTHERN_EUROPE,France,layer3_review_decision_20260824,approved_proposed_company_from_layer3_review,approve proposed,Suntory Beverage & Food,Other / not mapped to a company,3,Proposed company mapping is concrete; approve for launch.,Joi | Tinto de verano con refresco de limón | Florida,"Joi, Schweppes | La Casera,Schweppes | Sunny Delight,Schweppes",append_candidate,direct,Corrected before upsert-ready split: known complex/market-scoped or licensed brand; do not mark as plain direct.
Smarties,smarties,Nestlé,market_scoped,snacks,UK_IE,UK_IE,United Kingdom,layer3_review_decision_20260824,approved_proposed_company_from_layer3_review,approve proposed,Nestlé,Nestlé,3,Proposed company mapping is concrete; approve for launch.,Mini Eggs | Nestle | Smarties,Smarties | Smarties | Smarties,append_candidate,direct,Corrected before upsert-ready split: known complex/market-scoped or licensed brand; do not mark as plain direct.
SodaStream,sodastream,PepsiCo,direct,beverages,DACH|UK_IE,DACH|UK_IE,Germany,layer3_review_decision_20260824,explicit_company_mapping_from_layer3_review,map to PepsiCo,Manual review / complex ownership,Manual review / complex ownership,3,Known PepsiCo brand / regional alias missing from proposed mapping.,Sodastream Bio Apfel Getränkesirup | Ginger Ale | Diet Tonic,Sodastream | Sodastream | Sodastream,append_candidate,direct,
Sprite,sprite,The Coca-Cola Company,direct,beverages,BENELUX|FRANCE|DACH,BENELUX|FRANCE|DACH,Belgium,layer3_review_decision_20260824,explicit_company_mapping_from_layer3_review,map to The Coca-Cola Company,Manual review / complex ownership,Manual review / complex ownership,3,Known Coca-Cola system brand; route to The Coca-Cola Company at company layer.,"Sprite 0,2 | Sprite Zero 1,5L | Sprite","Coca-Cola, Sprite | Sprite, The Coca-Cola Company, Coca-Cola Europacific Partners DE | Sprite",append_candidate,direct,
Sprite,sprite,The Coca-Cola Company,direct,beverages,BENELUX|FRANCE|DACH|UK_IE,BENELUX|FRANCE|DACH|UK_IE,Belgium,layer3_review_decision_20260824,explicit_company_mapping_from_layer3_review,map to The Coca-Cola Company,Manual review / complex ownership,Manual review / complex ownership,3,Known Coca-Cola system brand; route to The Coca-Cola Company at company layer.,Sprite Zero | sprite 500ml ethio | Sprite 330 ml,"Sprite | Sprite | Sprite, The Coca-Cola Company",append_candidate,direct,
Toblerone,toblerone,Mondelēz International,direct,snacks,FRANCE|DACH|US_CANADA,FRANCE|DACH|US_CANADA,France,layer3_review_decision_20260824,explicit_company_mapping_from_layer3_review,map to Mondelēz International,Manual review / complex ownership,Manual review / complex ownership,3,Known Mondelēz brand / regional Cadbury routing outside US.,Chocolat blanc Suisse avec nougat au miel et aux amandes | Toblerone chocolate bar milk | Tiny Chocolate Pieces,Toblerone | Toblerone | Toblerone,append_candidate,direct,
Toblerone,toblerone,Mondelēz International,direct,snacks,FRANCE|SOUTHERN_EUROPE,FRANCE|SOUTHERN_EUROPE,France,layer3_review_decision_20260824,explicit_company_mapping_from_layer3_review,map to Mondelēz International,Manual review / complex ownership,Manual review / complex ownership,3,Known Mondelēz brand / regional Cadbury routing outside US.,Toblerone | Toblérone Fruit & Nut | Toblerone fruit & nut,"Toblerone | Toblerone | Mondelez,Toblerone",append_candidate,direct,
Toblerone,toblerone,Mondelēz International,direct,snacks,UK_IE,UK_IE,United Kingdom,layer3_review_decision_20260824,explicit_company_mapping_from_layer3_review,map to Mondelēz International,Manual review / complex ownership,Manual review / complex ownership,3,Known Mondelēz brand / regional Cadbury routing outside US.,Golden Caramel Toblerone | White chocolate | Toblerone,Toblerone | Toblerone | Toblerone,append_candidate,direct,
Volvic,volvic,Danone,direct,beverages,FRANCE,FRANCE,France,layer3_review_decision_20260824,explicit_company_mapping_from_layer3_review,map to Danone,Manual review / complex ownership,Danone,3,Known Danone brand / brand line missing from proposed company mapping.,"Volvic | Volvic au jus de fraise | 1,5L FRAISE VOLVIC","Danone, Volvic | Danone, Volvic | Danone,Volvic",append_candidate,direct,
Volvic,volvic,Danone,direct,beverages,FRANCE|DACH|UK_IE,FRANCE|DACH|UK_IE,France,layer3_review_decision_20260824,explicit_company_mapping_from_layer3_review,map to Danone,Manual review / complex ownership,Manual review / complex ownership,3,Known Danone brand / brand line missing from proposed company mapping.,Volvic Touch Wasser | Volvic Aro Zitrone-Limette 150cl PET | Volvic Aro Zitrone-Limette 75cl PET,Volvic | Volvic | Volvic,append_candidate,direct,
after eight,after eight,Nestlé,direct,snacks,FRANCE,FRANCE,France,layer3_review_decision_20260824,explicit_company_mapping_from_layer3_review,map to Nestlé,Other / not mapped to a company,Other / not mapped to a company,3,Known Nestlé brand / brand line missing from proposed company mapping.,After Eight Weihnachtsmann | AFTER EIGHT Orange 400g | AFTER EIGHT Citron 400g,"After Eight | After eight, Nestlé | After eight, Nestlé",append_candidate,direct,
aldi,aldi,Aldi,direct,beverages,DACH|UK_IE,DACH|UK_IE,Germany,layer3_review_decision_20260824,explicit_company_mapping_from_layer3_review,map to Aldi,Manual review / complex ownership,Manual review / complex ownership,3,Obvious Aldi retailer/private-label brand line.,Zero Sugar Cola | SUPER SMOOTHIE THE Juice COMPANY MAXIMISE A DAILY | Cranberry juice drink,Aldi | Aldi | Aldi,append_candidate,direct,
aldi,aldi,Aldi,direct,beverages,UK_IE,UK_IE,Ireland,layer3_review_decision_20260824,explicit_company_mapping_from_layer3_review,map to Aldi,Manual review / complex ownership,Manual review / complex ownership,3,Obvious Aldi retailer/private-label brand line.,Coconut Milk | Sooo Strawberry and Banana Smoothie,Aldi/Actileaf | ALDI | Aldi,append_candidate,direct,
aldi,aldi,Aldi,direct,snacks,FRANCE,FRANCE,Australia,layer3_review_decision_20260824,explicit_company_mapping_from_layer3_review,map to Aldi,Manual review / complex ownership,Manual review / complex ownership,3,Obvious Aldi retailer/private-label brand line.,Petit beurre | 6 Cannelés de Bordeaux Pays Gourmand Aldi | Moreno espresso,"Aldi, Les Malins Plaisirs | Aldi | Aldi, Choceur",append_candidate,direct,
aldi,aldi,Aldi,direct,snacks,FRANCE|UK_IE,FRANCE|UK_IE,France,layer3_review_decision_20260824,explicit_company_mapping_from_layer3_review,map to Aldi,Manual review / complex ownership,Manual review / complex ownership,3,Obvious Aldi retailer/private-label brand line.,All Butter Shortbread Fingers | Multigrain Crackers | Caramel & Sea salt Milk Chocolate,"Aldi, Specially Selected | Aldi | Aldi, Moser Roth",append_candidate,direct,
aldi bio,aldi bio,Aldi,direct,cereals,FRANCE,FRANCE,France,layer3_review_decision_20260824,explicit_company_mapping_from_layer3_review,map to Aldi,Other / not mapped to a company,Manual review / complex ownership,3,Obvious Aldi retailer/private-label brand line.,Crunchy Muesli Berries | Crunchy Muesli Choco-Amaranth | Crunchy Muesli Nuts,"Aldi Bio,Aldi | Aldi Bio,Aldi | Aldi Bio,Aldi",append_candidate,direct,
aldi harvest morn,aldi harvest morn,Aldi,direct,cereals,UK_IE,UK_IE,United Kingdom,layer3_review_decision_20260824,explicit_company_mapping_from_layer3_review,map to Aldi,Other / not mapped to a company,Manual review / complex ownership,3,Obvious Aldi retailer/private-label brand line.,Corn Flakes | Choco Shells | Triple Nut Granola,"Aldi (Harvest Morn),Harvest Morn | Aldi Harvest Morn | Aldi Harvest Morn",append_candidate,direct,
auchan,auchan,Auchan,direct,snacks,FRANCE|DACH,FRANCE|DACH,France,layer3_review_decision_20260824,explicit_company_mapping_from_layer3_review,map to Auchan,Manual review / complex ownership,Manual review / complex ownership,3,Obvious Auchan retailer/private-label brand line.,Tortilla Chips Nature à l'huile de tournesol | Barquettes Abricot | BLANC MILKY et FUN,"Auchan | Auchan, Rik & Rok, Kids | Auchan",append_candidate,direct,
auchan mmm,auchan mmm,Auchan,direct,snacks,FRANCE,FRANCE,France,layer3_review_decision_20260824,explicit_company_mapping_from_layer3_review,map to Auchan,Other / not mapped to a company,Manual review / complex ownership,3,Obvious Auchan retailer/private-label brand line.,Florentins aux amandes effilées sur lit de chocolat au lait | Biscuits normands aux pommes à la crème d'Isigny | Gâche tranchée pur beurre,"AUCHAN MMM, Auchan Collection, Auchan Gourmet, Auchan Premium | AUCHAN MMM, Auchan, Terroir | AUCHAN MMM",append_candidate,direct,
boursin,boursin,Bel Group,direct,dairies,BENELUX|FRANCE|DACH,BENELUX|FRANCE|DACH,Belgium,layer3_review_decision_20260824,explicit_company_mapping_from_layer3_review,map to Bel Group,Manual review / complex ownership,Other / not mapped to a company,3,Known Bel Group cheese brand.,Boursin® Apéritif Les roulés Jambon fumé Ail & Fines Herbes | Black pepper | Fromage au lait pasteurisé aux 3 noix et figue,"Bel, Boursin, Boursin apéritif | Bel, Boursin | Bel, Boursin",append_candidate,direct,
cadbury dairy milk,cadbury dairy milk,The Hershey Company,market_scoped,snacks,US_CANADA,US_CANADA,United States,layer3_review_decision_20260824,explicit_company_mapping_from_layer3_review,map to The Hershey Company,Other / not mapped to a company,The Hershey Company,3,Cadbury US licensing exception / Mondelez snack brand routing. | Cadbury ownership/routing is market-sensitive; status corrected to market_scoped before launch upsert.,Roast Almond Milk Chocolate | Silk You Melt My... | HOLLOW EASTER EGGS,Cadbury Dairy Milk | Cadbury Dairy Milk | Cadbury Dairy Milk,append_candidate,direct,Cadbury ownership/routing is market-sensitive; status corrected to market_scoped before launch upsert.
carrefour,carrefour,Carrefour,direct,beverages,FRANCE|SOUTHERN_EUROPE|DACH,FRANCE|SOUTHERN_EUROPE|DACH,France,layer3_review_decision_20260824,explicit_company_mapping_from_layer3_review,map to Carrefour,Manual review / complex ownership,Manual review / complex ownership,3,"Carrefour brand/private-label/store-format row; brand entity should stay as normalized_brand, parent_company should be Carrefour.","100% pur jus orange sans pulpe | Café au lait Chicorée | SANGRIA DOM JOSUE Boisson aromatisée à l'extrait d'agrumes, produite en France - Au vin d'Espagne","Carrefour | Carrefour | Carrefour, Dom Josué",append_candidate,direct,
carrefour,carrefour,Carrefour,direct,dairies,BENELUX|FRANCE|DACH,BENELUX|FRANCE|DACH,Belgium,layer3_review_decision_20260824,explicit_company_mapping_from_layer3_review,map to Carrefour,Manual review / complex ownership,Manual review / complex ownership,3,"Carrefour brand/private-label/store-format row; brand entity should stay as normalized_brand, parent_company should be Carrefour.",Yaourt à la GRECQUE NATURE | Fromage de brebis (Fêta) | Carrefour Sensation Kefir Lait Demi-Écrémé Fermenté,Carrefour | Carrefour | Carrefour,append_candidate,direct,
carrefour city,carrefour city,Carrefour,direct,snacks,FRANCE,FRANCE,France,layer3_review_decision_20260824,explicit_company_mapping_from_layer3_review,map to Carrefour,Other / not mapped to a company,Manual review / complex ownership,3,"Carrefour brand/private-label/store-format row; brand entity should stay as normalized_brand, parent_company should be Carrefour.",Croissant | Pain chocolat (x 5) | Galette nocciola 6p,Carrefour city | Carrefour City | Carrefour City,append_candidate,direct,
carrefour veggie,carrefour veggie,Carrefour,direct,beverages,FRANCE,FRANCE,France,layer3_review_decision_20260824,explicit_company_mapping_from_layer3_review,map to Carrefour,Other / not mapped to a company,Manual review / complex ownership,3,"Carrefour brand/private-label/store-format row; brand entity should stay as normalized_brand, parent_company should be Carrefour.",Pomme betterave raisin cassis | Pomme Abricot Carotte Potiron | Veggie Betterave panais poire,"Carrefour Veggie, Carrefour | Carrefour Veggie, Carrefour | Carrefour Veggie",append_candidate,direct,
casino,casino,Groupe Casino,direct,beverages,FRANCE|DACH,FRANCE|DACH,France,layer3_review_decision_20260824,explicit_company_mapping_from_layer3_review,map to Groupe Casino,Manual review / complex ownership,Manual review / complex ownership,3,Obvious Casino retailer/private-label brand line.,Exotique à l'eau de source | Thé glacé à la pêche | Thé vert - Aromatisé à la menthe - 25 sachets fraîcheur,Casino | Casino | Casino,append_candidate,direct,
casino,casino,Groupe Casino,direct,dairies,FRANCE|DACH,FRANCE|DACH,France,layer3_review_decision_20260824,explicit_company_mapping_from_layer3_review,map to Groupe Casino,Manual review / complex ownership,Manual review / complex ownership,3,Obvious Casino retailer/private-label brand line.,Creme entiere | Comté râpé | Milch,Casino | Casino | casino,append_candidate,direct,
casino bio,casino bio,Groupe Casino,direct,cereals,FRANCE,FRANCE,France,layer3_review_decision_20260824,explicit_company_mapping_from_layer3_review,map to Groupe Casino,Other / not mapped to a company,Manual review / complex ownership,3,Obvious Casino retailer/private-label brand line.,"Flocons d'avoine | Muesli floconneux raisins, canneberges, myrtilles, baies de goji, cerises, mûres blanches | Muesli croustillant","Casino bio | CASINO BIO, Casino | Casino Bio",append_candidate,direct,
casino delices,casino delices,Groupe Casino,direct,snacks,FRANCE,FRANCE,France,layer3_review_decision_20260824,explicit_company_mapping_from_layer3_review,map to Groupe Casino,Other / not mapped to a company,Manual review / complex ownership,3,Obvious Casino retailer/private-label brand line.,Savoureux Fruits Rouges et son biscuit pain de Gênes | La Fabuleuse Confiture de Lait | Les grandes tuiles aux amandes,Casino Délices | Casino Délices | Casino Délices,append_candidate,direct,
coop naturaplan,coop naturaplan,Coop,direct,cereals,FRANCE|DACH,FRANCE|DACH,France,layer3_review_decision_20260824,explicit_company_mapping_from_layer3_review,map to Coop,Other / not mapped to a company,Manual review / complex ownership,3,Obvious Coop retailer/private-label brand line.,Müesli mit Beeren | Naturaplan Hirseflöckli Bio Campiuns | Muesli à l'épeautre,"Coop naturaplan, Naturaplan | COOP NATURAPLAN | Coop naturaplan",append_candidate,direct,
coop prix garantie,coop prix garantie,Coop,direct,dairies,FRANCE|DACH,FRANCE|DACH,France,layer3_review_decision_20260824,explicit_company_mapping_from_layer3_review,map to Coop,Other / not mapped to a company,Manual review / complex ownership,3,Obvious Coop retailer/private-label brand line.,Brie Suisse À La Crème Rahm-Weichkäse | Jogurt nature partiellement écrémé | Lait entier standardisé,"Coop Prix Garantie, Prix Garantie | Coop Prix Garantie | Coop Prix Garantie",append_candidate,direct,
coop qualite and prix,coop qualite and prix,Coop,direct,beverages,FRANCE|DACH,FRANCE|DACH,France,layer3_review_decision_20260824,explicit_company_mapping_from_layer3_review,map to Coop,Other / not mapped to a company,Other / not mapped to a company,3,Obvious Coop retailer/private-label brand line.,Jus de Pomme | Swiss Alpina gazéifiée | Eau,"Coop Qualité & Prix, Qualité & Prix | Coop Qualité & Prix | Coop Qualité&Prix",append_candidate,direct,
crunch,crunch,Nestlé,direct,snacks,FRANCE|SOUTHERN_EUROPE,FRANCE|SOUTHERN_EUROPE,France,layer3_review_decision_20260824,explicit_company_mapping_from_layer3_review,map to Nestlé,Manual review / complex ownership,Manual review / complex ownership,3,Known Nestlé brand / brand line missing from proposed company mapping.,CRUNCH SNACK Barre chocolatée - 33g | Snack | CRUNCH mini figurines 144g,"Nestlé, Crunch | Nestlé, Crunch | Nestle nutrition, Nestlé, Crunch",append_candidate,direct,
danone,danone,Danone,direct,dairies,FRANCE|BENELUX,FRANCE|BENELUX,France,layer3_review_decision_20260824,approved_proposed_company_from_layer3_review,approve proposed,Danone,Danone,3,Proposed company mapping is concrete; approve for launch.,"Cottage Cheese | Greek Style Joghurt, Zitrusfrüchte / Citrus | Aardbei",Danone | Danone | Danone,append_candidate,direct,
danone,danone,Danone (Dannon in US),direct,dairies,BENELUX|FRANCE|US_CANADA,BENELUX|FRANCE|US_CANADA,Belgium,layer3_review_decision_20260824,approved_proposed_company_from_layer3_review,approve proposed,Danone (Dannon in US),Danone (Dannon in US),3,Proposed company mapping is concrete; approve for launch.,Hipro | HiPro Mangue | Hipro façon stracciatella,Danone | Danone | Danone,append_candidate,direct,
e.leclerc,e.leclerc,E.Leclerc,direct,snacks,US_CANADA,US_CANADA,United States,layer3_review_decision_20260824,explicit_company_mapping_from_layer3_review,map to E.Leclerc,Manual review / complex ownership,Manual review / complex ownership,3,Obvious E.Leclerc retailer/private-label brand line.,Pain Chocolat Tradibreihz | Croissant au beurre AOC | Croissant pur beurre,E.Leclerc | E.Leclerc | E.leclerc,append_candidate,direct,
hipro,hipro,Danone,direct,dairies,BENELUX|FRANCE,BENELUX|FRANCE,Belgium,layer3_review_decision_20260824,explicit_company_mapping_from_layer3_review,map to Danone,Manual review / complex ownership,Manual review / complex ownership,3,Known Danone brand / brand line missing from proposed company mapping.,Hipro saveur vanille-cookie | Yaourt a Boire Hipro Mangue | Hipro Mousse cacao,"HiPRO | HiPRO | HiPRO, Danone",append_candidate,direct,
kiri,kiri,Bel Group,direct,dairies,BENELUX|FRANCE|DACH,BENELUX|FRANCE|DACH,Belgium,layer3_review_decision_20260824,explicit_company_mapping_from_layer3_review,map to Bel Group,Manual review / complex ownership,Manual review / complex ownership,3,Known Bel Group cheese brand.,Dippi | Frische Milch & Rahm / Lait frais & Crème | Kiri 8p 160g,Kiri | Kiri | Kiri,append_candidate,direct,
la laitiere,la laitiere,Nestlé,direct,dairies,BENELUX|FRANCE,BENELUX|FRANCE,Belgium,layer3_review_decision_20260824,explicit_company_mapping_from_layer3_review,map to Nestlé,Other / not mapped to a company,Other / not mapped to a company,3,Known Nestlé brand / brand line missing from proposed company mapping.,Yaourt sur lit de cerise | Liégois | FEUILLETE MOUSSE CHOCOLAT,La Laitière | La laitière | la laitière,append_candidate,direct,
la vache qui rit,la vache qui rit,Bel Group,direct,dairies,BENELUX|FRANCE|DACH,BENELUX|FRANCE|DACH,Belgium,layer3_review_decision_20260824,explicit_company_mapping_from_layer3_review,map to Bel Group,Other / not mapped to a company,Other / not mapped to a company,3,Known Bel Group cheese brand.,La Vache qui rit - Mon P'tit plus cuisine | la vache qui rit | Топено сирене,La Vache qui rit | la vache qui rit | La Vache qui rit,append_candidate,direct,
le marche carrefour,le marche carrefour,Carrefour,direct,snacks,FRANCE,FRANCE,France,layer3_review_decision_20260824,explicit_company_mapping_from_layer3_review,map to Carrefour,Other / not mapped to a company,Other / not mapped to a company,3,"Carrefour brand/private-label/store-format row; brand entity should stay as normalized_brand, parent_company should be Carrefour.","Assortiment de 6 macarons cœurs garnis, décongelés | Macarons framboise gros x2 | Madeleine Fourrée chocolat noisette",Le marché Carrefour | Le marché Carrefour | Le marché carrefour,append_candidate,direct,
le rustique,le rustique,Savencia,direct,dairies,BENELUX|FRANCE|DACH,BENELUX|FRANCE|DACH,Belgium,layer3_review_decision_20260824,explicit_company_mapping_from_layer3_review,map to Savencia,Manual review / complex ownership,Other / not mapped to a company,3,Known Savencia cheese brand.,Lebt Rustique | Le Rustique Plateau Raclette | Brie de caractère (23 % MG),"CF&R,Le Rustique,Savencia | CF&R, Le Rustique, Savencia | CF&R, Le Rustique, Savencia",append_candidate,direct,
le rustique,le rustique,Savencia,direct,dairies,FRANCE|DACH,FRANCE|DACH,France,layer3_review_decision_20260824,explicit_company_mapping_from_layer3_review,map to Savencia,Manual review / complex ownership,Manual review / complex ownership,3,Known Savencia cheese brand.,Raclette Käse | Französischer Schnittkäse in Scheiben | Camembert le rustique,Le Rustique | Le Rustique | Le Rustique,append_candidate,direct,
lidl,lidl,Lidl,direct,beverages,FRANCE,FRANCE,Czech Republic,layer3_review_decision_20260824,explicit_company_mapping_from_layer3_review,map to Lidl,Manual review / complex ownership,Manual review / complex ownership,3,Obvious Lidl retailer/private-label brand line.,Freeway Orange | Ochucený černý čaj | Směs černého a zeleného aromatizovaného čaje,Lidl | Lidl | Lidl,append_candidate,direct,
lidl,lidl,Lidl,direct,beverages,FRANCE|UK_IE,FRANCE|UK_IE,France,layer3_review_decision_20260824,explicit_company_mapping_from_layer3_review,map to Lidl,Manual review / complex ownership,Manual review / complex ownership,3,Obvious Lidl retailer/private-label brand line.,Double Strength Squash Orange (No added sugar) | Salted caramel flavour hot chocolate | Tropical Juice,"Lidl, Lindhouse, Lidl Lindhouse | Lidl | Lidl",append_candidate,direct,
lidl,lidl,Lidl,direct,cereals,FRANCE|UK_IE,FRANCE|UK_IE,France,layer3_review_decision_20260824,explicit_company_mapping_from_layer3_review,map to Lidl,Manual review / complex ownership,Manual review / complex ownership,3,Obvious Lidl retailer/private-label brand line.,Premium Fruit & Nut Muesli | Original Oat-So-Easy | Scottish porridge oats,Lidl | Lidl | Lidl,append_candidate,direct,
lidl,lidl,Lidl,direct,snacks,BENELUX|FRANCE,BENELUX|FRANCE,Belgium,layer3_review_decision_20260824,explicit_company_mapping_from_layer3_review,map to Lidl,Manual review / complex ownership,Manual review / complex ownership,3,Obvious Lidl retailer/private-label brand line.,Twinkelz | Pain au Chocolat | Gaufres aux Œufs à la farine d'épeautre BiO,Lidl | Lidl | LIDL,append_candidate,direct,
lidl,lidl,Lidl,direct,snacks,FRANCE,FRANCE,Czech Republic,layer3_review_decision_20260824,explicit_company_mapping_from_layer3_review,map to Lidl,Manual review / complex ownership,Manual review / complex ownership,3,Obvious Lidl retailer/private-label brand line.,Jerky | Jelly Beans Sweet | Jelly Beans Sour,"Lidl | Lidl, Surgarland | Lidl, SugarLand",append_candidate,direct,
lidl,lidl,Lidl,direct,snacks,FRANCE|DACH|SOUTHERN_EUROPE,FRANCE|DACH|SOUTHERN_EUROPE,France,layer3_review_decision_20260824,explicit_company_mapping_from_layer3_review,map to Lidl,Manual review / complex ownership,Manual review / complex ownership,3,Obvious Lidl retailer/private-label brand line.,Marshmallows | CHOCOLATE SPONGE CAKES | Muffins Chocolate,"Lidl | Lidl | Lidl,McEnnedy",append_candidate,direct,
lidl deluxe,lidl deluxe,Lidl,direct,snacks,UK_IE,UK_IE,United Kingdom,layer3_review_decision_20260824,explicit_company_mapping_from_layer3_review,map to Lidl,Other / not mapped to a company,Manual review / complex ownership,3,Obvious Lidl retailer/private-label brand line.,Vegetable Crisps With Sea salt | All butter shortbread | Belgian Triple Choc Cookie,Lidl Deluxe | Lidl deluxe | Lidl Deluxe,append_candidate,direct,
lidl sondey,lidl sondey,Lidl,direct,snacks,FRANCE,FRANCE,France,layer3_review_decision_20260824,explicit_company_mapping_from_layer3_review,map to Lidl,Other / not mapped to a company,Manual review / complex ownership,3,Obvious Lidl retailer/private-label brand line.,Biscuits doré extra | Mini fourrés cœur chocolat | Domino choco,Lidl Sondey | Lidl Sondey | Lidl Sondey,append_candidate,direct,
light and free,light and free,Danone,direct,dairies,FRANCE|US_CANADA,FRANCE|US_CANADA,France,layer3_review_decision_20260824,explicit_company_mapping_from_layer3_review,map to Danone,Other / not mapped to a company,Other / not mapped to a company,3,Known Danone brand / brand line missing from proposed company mapping.,Light & Free mousse | Danone | Skyr light et free,Light & Free | Light & free | Light and free,append_candidate,direct,
lindt,lindt,Lindt & Sprüngli,direct,snacks,DACH|UK_IE,DACH|UK_IE,Germany,layer3_review_decision_20260824,explicit_company_mapping_from_layer3_review,map to Lindt & Sprüngli,Manual review / complex ownership,Manual review / complex ownership,3,Known Lindt brand / line.,Gold bunny bar | Schneemann Alpenvollmilch-Schokolade | CHOCO WAFER,Lindt | Lindt | Lindt,append_candidate,direct,
lindt,lindt,Lindt & Sprüngli,direct,snacks,DACH|US_CANADA,DACH|US_CANADA,Germany,layer3_review_decision_20260824,explicit_company_mapping_from_layer3_review,map to Lindt & Sprüngli,Manual review / complex ownership,Manual review / complex ownership,3,Known Lindt brand / line.,Nougat Brittle | Hello Strawberry Cheesecake Stick 4000539221408 Gefüllte Vollmilch-Schokolade mit Erdbeer-Quarkcrème (43%) und Gebäckstückchen (2%) | Lindor Lieblingsmix,Lindt | Lindt | Lindt,append_candidate,direct,
lindt,lindt,Lindt & Sprüngli,direct,snacks,FRANCE|SOUTHERN_EUROPE,FRANCE|SOUTHERN_EUROPE,France,layer3_review_decision_20260824,explicit_company_mapping_from_layer3_review,map to Lindt & Sprüngli,Manual review / complex ownership,Other / not mapped to a company,3,Known Lindt brand / line.,Lindt cacao fondente | Dubai Style Chocolate,"Lindor, Lindt, Lindt & Sprüngli | Lindor, Lindt, Lindt & Sprüngli | Lindt & Sprungli Gmbh, Lindt",append_candidate,direct,
lindt,lindt,Lindt & Sprüngli,direct,snacks,US_CANADA,US_CANADA,Canada,layer3_review_decision_20260824,explicit_company_mapping_from_layer3_review,map to Lindt & Sprüngli,Manual review / complex ownership,Manual review / complex ownership,3,Known Lindt brand / line.,SWISS MILK CHOCOLATE | Dark Chocolate Bar | Swiss Milk Chocolate,Lindt | Lindt | Lindt,append_candidate,direct,
lion,lion,Nestlé,direct,cereals,BENELUX|FRANCE,BENELUX|FRANCE,Belgium,layer3_review_decision_20260824,explicit_company_mapping_from_layer3_review,map to Nestlé,Manual review / complex ownership,Manual review / complex ownership,3,Known Nestlé brand / brand line missing from proposed company mapping.,NESTLE LION Céréales 400g | NESTLE LION céréales 675g​ | LION BIO Céréales - Boite de 400g,"Nestlé, Lion | Nestlé, Lion | Nestlé, Lion, Lion bio",append_candidate,direct,
marque repere,marque repere,E.Leclerc,direct,beverages,FRANCE,FRANCE,France,layer3_review_decision_20260824,explicit_company_mapping_from_layer3_review,map to E.Leclerc,Manual review / complex ownership,Other / not mapped to a company,3,Marque Repère is an E.Leclerc private-label brand.,100% pur jus pomme | Eau de source de montagne fontaine | Eau de source aromatisées citron et citron vert,"Jafaden, Marque Repère | Laqueuille,Marque Repère | O'Fresh,Marque Repère",append_candidate,direct,
monoprix ptit prix,monoprix ptit prix,Monoprix,direct,snacks,FRANCE,FRANCE,France,layer3_review_decision_20260824,explicit_company_mapping_from_layer3_review,map to Monoprix,Other / not mapped to a company,Other / not mapped to a company,3,Obvious Monoprix retailer/private-label brand line.,Bâtonnets enrobés de chocolat au lait | Pains au chocolat | 10 pains au lait aux œufs frais,Monoprix P'tit Prix | Monoprix p'tit prix | Monoprix P'tit Prix,append_candidate,direct,
paturages,paturages,Les Mousquetaires / Intermarché,direct,dairies,BENELUX|FRANCE|DACH,BENELUX|FRANCE|DACH,Belgium,layer3_review_decision_20260824,explicit_company_mapping_from_layer3_review,map to Les Mousquetaires / Intermarché,Manual review / complex ownership,Manual review / complex ownership,3,Pâturages is an Intermarché / Les Mousquetaires private-label dairy line.,Lait uht 1/2 ecreme bio bt 1l | Bifidus nature (12 Pots) | BEURRE AU SEL DE GUERANDE MOULE 250g origine France,Pâturages | Pâturages | Pâturages,append_candidate,direct,
paturages,paturages,Les Mousquetaires / Intermarché,direct,snacks,FRANCE,FRANCE,France,layer3_review_decision_20260824,explicit_company_mapping_from_layer3_review,map to Les Mousquetaires / Intermarché,Manual review / complex ownership,Manual review / complex ownership,3,Pâturages is an Intermarché / Les Mousquetaires private-label dairy line.,BABA AU RHUM 2x140g | Tartelette caramel au beurre salé | Paturette saveur Madeleine,Pâturages | Paturages | Paturages,append_candidate,direct,
président,président,Lactalis,direct,snacks,FRANCE,FRANCE,France,layer3_review_decision_20260824,explicit_company_mapping_from_layer3_review,map to Lactalis,Manual review / complex ownership,Manual review / complex ownership,3,Known Lactalis brand.,popcorn sucré | Eclats de Chocolat | Gouter,président | Président | President,append_candidate,direct,
quaker,quaker,PepsiCo,direct,cereals,BENELUX|FRANCE,BENELUX|FRANCE,Belgium,layer3_review_decision_20260824,explicit_company_mapping_from_layer3_review,map to PepsiCo,Manual review / complex ownership,Other / not mapped to a company,3,Known PepsiCo brand / regional alias missing from proposed mapping.,"Cruesli miel et noisettes | Cruesli Chocolat | Quaker Muesli Amandes, noisettes & raisins","Cruesli, QUAKER | Cruesli, PepsiCo, Quaker | Muesli, QUAKER",append_candidate,direct,
quaker,quaker,PepsiCo,direct,cereals,US_CANADA,US_CANADA,Bolivia,layer3_review_decision_20260824,explicit_company_mapping_from_layer3_review,map to PepsiCo,Manual review / complex ownership,Manual review / complex ownership,3,Known PepsiCo brand / regional alias missing from proposed mapping.,Quaker Warm & Crunchy Granola Cranberrry Almond | Apples & Cinnamon | Quaker Low Sugar Instant Oatmeal Variety,Quaker | Quaker | Quaker,append_candidate,direct,
quaker,quaker,PepsiCo,direct,snacks,US_CANADA|FRANCE,US_CANADA|FRANCE,Canada,layer3_review_decision_20260824,explicit_company_mapping_from_layer3_review,map to PepsiCo,Manual review / complex ownership,Manual review / complex ownership,3,Known PepsiCo brand / regional alias missing from proposed mapping.,Barres Tendres (yogourt Et Fraises) | Chewy Raspberry Fruit Crumble Granola Bars | Barres tendres au quinoa chocolat et noix,Quaker | Quaker | Quaker,append_candidate,direct,
sainsburys,sainsburys,Sainsbury's,direct,dairies,US_CANADA,US_CANADA,United States,layer3_review_decision_20260824,explicit_company_mapping_from_layer3_review,map to Sainsbury's,Manual review / complex ownership,Manual review / complex ownership,3,Obvious Sainsbury’s retailer/private-label brand line.,Grated parmigiano reggiano dop | Grated mild. British cheddar | SEMI SKIMMED 1.8% FAT MILK,Sainsbury’s | Sainsbury’s | Sainsbury's,append_candidate,direct,
sainsburys,sainsburys,Sainsbury's,direct,snacks,FRANCE,FRANCE,France,layer3_review_decision_20260824,explicit_company_mapping_from_layer3_review,map to Sainsbury's,Manual review / complex ownership,Manual review / complex ownership,3,Obvious Sainsbury’s retailer/private-label brand line.,Wine Gums | White mini marshmallows | Reindeer Chocolate Christmas Treat,"Sainsbury's | Sainsbury's | Sainsbury's, Maltesers",append_candidate,direct,
sainsburys,sainsburys,Sainsbury's,direct,snacks,SOUTHERN_EUROPE|UK_IE,SOUTHERN_EUROPE|UK_IE,Spain,layer3_review_decision_20260824,explicit_company_mapping_from_layer3_review,map to Sainsbury's,Manual review / complex ownership,Manual review / complex ownership,3,Obvious Sainsbury’s retailer/private-label brand line.,Mini Gingerbread Men Biscuits | Milk Chocolate Chip Cookies | Scottish Shortbread Assortment (per Chocolate Chunk Shortbread),Sainsbury's | Sainsbury's | Sainsbury's,append_candidate,direct,
sainsburys basics,sainsburys basics,Sainsbury's,direct,snacks,UK_IE,UK_IE,United Kingdom,layer3_review_decision_20260824,explicit_company_mapping_from_layer3_review,map to Sainsbury's,Other / not mapped to a company,Manual review / complex ownership,3,Obvious Sainsbury’s retailer/private-label brand line.,Stamford Street dark chocolate | Lovett’s | Just Snax Tortilla Chips,"Sainsbury's Basics | sainsbury's basics,Sainsbury's | Sainsbury's basics",append_candidate,direct,
sainsburys freefrom,sainsburys freefrom,Sainsbury's,direct,snacks,UK_IE,UK_IE,United Kingdom,layer3_review_decision_20260824,explicit_company_mapping_from_layer3_review,map to Sainsbury's,Other / not mapped to a company,Manual review / complex ownership,3,Obvious Sainsbury’s retailer/private-label brand line.,Salted caramel crispy squares | choc and crispy bar | choc buttons,Sainsburys FreeFrom | sainsbury's freefrom | sainsbury's freefrom,append_candidate,direct,
st môret,st môret,Savencia,direct,dairies,BENELUX|FRANCE,BENELUX|FRANCE,Belgium,layer3_review_decision_20260824,explicit_company_mapping_from_layer3_review,map to Savencia,Manual review / complex ownership,Manual review / complex ownership,3,Known Savencia cheese brand.,Saint Moret bio | St Môret nature - format familial | Mousse ciboulette,"ST MÔRET, Savencia | St Môret | St Morêt",append_candidate,direct,
st môret,st môret,Savencia,direct,dairies,FRANCE|DACH,FRANCE|DACH,France,layer3_review_decision_20260824,explicit_company_mapping_from_layer3_review,map to Savencia,Manual review / complex ownership,Manual review / complex ownership,3,Known Savencia cheese brand.,Fromage | Le coffret du Fromager | St Môret,ST MÔRET | St Moret | St Môret,append_candidate,direct,
tesco,tesco,Tesco,direct,snacks,DACH|UK_IE,DACH|UK_IE,Germany,layer3_review_decision_20260824,explicit_company_mapping_from_layer3_review,map to Tesco,Manual review / complex ownership,Manual review / complex ownership,3,Obvious Tesco retailer/private-label brand line.,tesco ridge meaty crisps | Skin-On Fries | Digestive,Tesco | Tesco | Tesco,append_candidate,direct,
tesco everyday value,tesco everyday value,Tesco,direct,beverages,UK_IE,UK_IE,United Kingdom,layer3_review_decision_20260824,explicit_company_mapping_from_layer3_review,map to Tesco,Other / not mapped to a company,Manual review / complex ownership,3,Obvious Tesco retailer/private-label brand line.,gin | blended scotch whisky | white rum,"tesco everyday value,tesco | tesco everyday value,tesco | tesco everyday value,tesco",append_candidate,direct,
tesco finest,tesco finest,Tesco,direct,dairies,FRANCE,FRANCE,France,layer3_review_decision_20260824,explicit_company_mapping_from_layer3_review,map to Tesco,Other / not mapped to a company,Manual review / complex ownership,3,Obvious Tesco retailer/private-label brand line.,West Cork Yogurt | Mature Stilton and Port Glaze | Red Leicester with Chipotle and Peppercorn,Tesco Finest | Tesco Finest | Tesco Finest,append_candidate,direct,
tesco finest,tesco finest,Tesco,direct,dairies,UK_IE,UK_IE,Ireland,layer3_review_decision_20260824,explicit_company_mapping_from_layer3_review,map to Tesco,Other / not mapped to a company,Manual review / complex ownership,3,Obvious Tesco retailer/private-label brand line.,Camembert d'Isigny Sainte Mère | Greek Yogurt | 0% Fat Greek Yogurt,Tesco finest | TESCO finest | TESCO finest,append_candidate,direct,
tesco free from,tesco free from,Tesco,direct,cereals,UK_IE,UK_IE,United Kingdom,layer3_review_decision_20260824,explicit_company_mapping_from_layer3_review,map to Tesco,Other / not mapped to a company,Manual review / complex ownership,3,Obvious Tesco retailer/private-label brand line.,Gluten Free Cornflakes | Free From Honey Hoops | Bran Flakes,Tesco Free From | Tesco Free From | Tesco Free From,append_candidate,direct,
u de nos regions,u de nos regions,Système U,direct,dairies,FRANCE,FRANCE,France,layer3_review_decision_20260824,explicit_company_mapping_from_layer3_review,map to Système U,Other / not mapped to a company,Manual review / complex ownership,3,Obvious Système U retailer/private-label brand line in France.,"Cancoillotte nature au lait pasteurisé IGP 11% de MG - 250g | Fourme d'Ambert AOP au lait pasteurisé 27%MG, 220g | Quart Maroilles AOP au lait pasteurise 26%mg","U de nos Régions | U de nos Régions | U de nos Régions,U",append_candidate,direct,
7UP,7up,PepsiCo,market_scoped,beverages,BENELUX|FRANCE,BENELUX|FRANCE,Belgium,layer3_review_decision_20260824,approved_proposed_company_from_layer3_review,approve proposed,PepsiCo,PepsiCo,2,Proposed company mapping is concrete; approve for launch.,7 up,7up | 7up,append_candidate,direct,Corrected before upsert-ready split: known complex/market-scoped or licensed brand; do not mark as plain direct.
7UP,7up,PepsiCo,market_scoped,beverages,UK_IE,UK_IE,United Kingdom,layer3_review_decision_20260824,approved_proposed_company_from_layer3_review,approve proposed,PepsiCo,Other / not mapped to a company,2,Proposed company mapping is concrete; approve for launch.,7 up free | 7UP Can 330mk,"7 up | 7 up, 7up",append_candidate,direct,Corrected before upsert-ready split: known complex/market-scoped or licensed brand; do not mark as plain direct.
Actimel,actimel,Danone,direct,dairies,FRANCE|SOUTHERN_EUROPE,FRANCE|SOUTHERN_EUROPE,France,layer3_review_decision_20260824,explicit_company_mapping_from_layer3_review,map to Danone,Manual review / complex ownership,Danone,2,Known Danone brand / brand line missing from proposed company mapping.,Actimel fresa | Actimel Natural x12,"Danone, Actimel | Danone,Actimel",append_candidate,direct,
Activia,activia,Danone,direct,dairies,BENELUX|FRANCE|DACH,BENELUX|FRANCE|DACH,Belgium,layer3_review_decision_20260824,explicit_company_mapping_from_layer3_review,map to Danone,Manual review / complex ownership,Manual review / complex ownership,2,Known Danone brand / brand line missing from proposed company mapping.,"Activia (Abricot, Fraise, Kiwi, Mangue) 8 Pots | Yaourt A la Grecque Pêche","Activia, Danone | Activia, DANONE",append_candidate,direct,
Activia,activia,Danone,direct,dairies,BENELUX|FRANCE|SOUTHERN_EUROPE,BENELUX|FRANCE|SOUTHERN_EUROPE,Belgium,layer3_review_decision_20260824,explicit_company_mapping_from_layer3_review,map to Danone,Manual review / complex ownership,Manual review / complex ownership,2,Known Danone brand / brand line missing from proposed company mapping.,Activia bifidus saveur noix de coco sans arome artificiel 125 gx 4 | Granola,"Activia,Danone | Activia",append_candidate,direct,
Activia,activia,Danone,direct,dairies,FRANCE|DACH|SOUTHERN_EUROPE,FRANCE|DACH|SOUTHERN_EUROPE,France,layer3_review_decision_20260824,explicit_company_mapping_from_layer3_review,map to Danone,Manual review / complex ownership,Manual review / complex ownership,2,Known Danone brand / brand line missing from proposed company mapping.,Aktivia Erdbeere | Yogurt 0 % grassi bianco naturale,"Activia, Danone | Activia",append_candidate,direct,
Activia,activia,Danone,direct,dairies,FRANCE|SOUTHERN_EUROPE,FRANCE|SOUTHERN_EUROPE,France,layer3_review_decision_20260824,explicit_company_mapping_from_layer3_review,map to Danone,Manual review / complex ownership,Danone,2,Known Danone brand / brand line missing from proposed company mapping.,Activia | Fibre bianco cereali,"Danone, Activia | Danone, Activia",append_candidate,direct,
Belvita,belvita,Mondelēz International,direct,snacks,FRANCE,FRANCE,Australia,layer3_review_decision_20260824,explicit_company_mapping_from_layer3_review,map to Mondelēz International,Manual review / complex ownership,Manual review / complex ownership,2,Known Mondelēz brand / regional Cadbury routing outside US.,Nabisco Belvita Breakfast Bar Honey & Nut | BelVita Breakfast Milk & Cereals,"BELVITA | Belvita, belVita breakfast",append_candidate,direct,
Belvita,belvita,Mondelēz International,direct,snacks,FRANCE|SOUTHERN_EUROPE,FRANCE|SOUTHERN_EUROPE,Bulgaria,layer3_review_decision_20260824,explicit_company_mapping_from_layer3_review,map to Mondelēz International,Manual review / complex ownership,Manual review / complex ownership,2,Known Mondelēz brand / regional Cadbury routing outside US.,Breakfast Soft Bakes Sabor Chocolate e avelã | Seeds & berries - Raspberry & chia seeds,"BelVita, Mondelēz | Belvita",append_candidate,direct,
Cadbury,cadbury,Mondelēz International,market_scoped,snacks,FRANCE,FRANCE,Bolivia,layer3_review_decision_20260824,approved_proposed_company_from_layer3_review,approve proposed,Mondelēz International,Mondelēz International,2,Proposed company mapping is concrete; approve for launch. | Cadbury ownership/routing is market-sensitive; status corrected to market_scoped before launch upsert.,Dairy Milk Oreo | Dairy Milk,Cadbury | Cadbury,append_candidate,direct,Corrected before upsert-ready split: known complex/market-scoped or licensed brand; do not mark as plain direct. | Cadbury ownership/routing is market-sensitive; status corrected to market_scoped before launch upsert.
Capri Sun,capri sun,Capri Sun Group / Coca-Cola Europacific Partners,market_scoped,beverages,BENELUX|FRANCE|DACH,BENELUX|FRANCE|DACH,Belgium,layer3_review_decision_20260824,approved_proposed_company_from_layer3_review,approve proposed,Capri Sun Group / Coca-Cola Europacific Partners,Capri Sun Group / Coca-Cola Europacific Partners,2,Proposed company mapping is concrete; approve for launch.,Jungle/Safari | Capri-Sun Tropical,Capri-Sun | CAPRI-SUN.,append_candidate,direct,Corrected before upsert-ready split: known complex/market-scoped or licensed brand; do not mark as plain direct.
Carrefour Bio,carrefour bio,Carrefour,direct,cereals,BENELUX|FRANCE,BENELUX|FRANCE,Belgium,layer3_review_decision_20260824,explicit_company_mapping_from_layer3_review,map to Carrefour,Other / not mapped to a company,Manual review / complex ownership,2,"Carrefour brand/private-label/store-format row; brand entity should stay as normalized_brand, parent_company should be Carrefour.",Carrefour Bio Granola avec Quinoa | Carrefour Bio Granola au Miel,"Carrefour BIO, Carrefour | Carrefour BIO, Carrefour",append_candidate,direct,
Carrefour Bio,carrefour bio,Carrefour,direct,cereals,FRANCE,FRANCE,France,layer3_review_decision_20260824,explicit_company_mapping_from_layer3_review,map to Carrefour,Other / not mapped to a company,Other / not mapped to a company,2,"Carrefour brand/private-label/store-format row; brand entity should stay as normalized_brand, parent_company should be Carrefour.",Spécial muesli | Petits flocons d’avoine bio,"jordans, Carrefour Bio | Vrac BBG, Carrefour Bio",append_candidate,direct,
Carrefour Classic,carrefour classic,Carrefour,direct,dairies,BENELUX|FRANCE,BENELUX|FRANCE,Belgium,layer3_review_decision_20260824,explicit_company_mapping_from_layer3_review,map to Carrefour,Other / not mapped to a company,Manual review / complex ownership,2,"Carrefour brand/private-label/store-format row; brand entity should stay as normalized_brand, parent_company should be Carrefour.",Carrefour Classic' No Lactose ! Lait 1.2% M.G. | Car fromage frais 0%,"Carrefour,Carrefour classic | Carrefour Classic",append_candidate,direct,
Carrefour Classic,carrefour classic,Carrefour,direct,dairies,BENELUX|FRANCE|SOUTHERN_EUROPE,BENELUX|FRANCE|SOUTHERN_EUROPE,Belgium,layer3_review_decision_20260824,explicit_company_mapping_from_layer3_review,map to Carrefour,Other / not mapped to a company,Manual review / complex ownership,2,"Carrefour brand/private-label/store-format row; brand entity should stay as normalized_brand, parent_company should be Carrefour.",Coulommiers | Pointe de Brie,"Carrefour,Carrefour Classic | Carrefour classic'",append_candidate,direct,
Carrefour Classic,carrefour classic,Carrefour,direct,snacks,BENELUX|FRANCE|SOUTHERN_EUROPE,BENELUX|FRANCE|SOUTHERN_EUROPE,Belgium,layer3_review_decision_20260824,explicit_company_mapping_from_layer3_review,map to Carrefour,Other / not mapped to a company,Manual review / complex ownership,2,"Carrefour brand/private-label/store-format row; brand entity should stay as normalized_brand, parent_company should be Carrefour.",Stick & Choc Chocolat au lait | Petit beurre original,"Carrefour,Carrefour Classic | Carrefour, Carrefour Classic",append_candidate,direct,
Carrefour Extra,carrefour extra,Carrefour,direct,beverages,FRANCE,FRANCE,France,layer3_review_decision_20260824,explicit_company_mapping_from_layer3_review,map to Carrefour,Other / not mapped to a company,Manual review / complex ownership,2,"Carrefour brand/private-label/store-format row; brand entity should stay as normalized_brand, parent_company should be Carrefour.",Orange sanguine 100% pur jus Jus d'orange sanguine. Flash pasteurisé. Réfrigéré. | Jus de tomate,"Carrefour, Carrefour Extra | Carrefour Extra,Carrefour",append_candidate,direct,
Carrefour Extra,carrefour extra,Carrefour,direct,beverages,FRANCE|SOUTHERN_EUROPE,FRANCE|SOUTHERN_EUROPE,France,layer3_review_decision_20260824,explicit_company_mapping_from_layer3_review,map to Carrefour,Other / not mapped to a company,Manual review / complex ownership,2,"Carrefour brand/private-label/store-format row; brand entity should stay as normalized_brand, parent_company should be Carrefour.",100% PUR JUS Pomme | 100% pur jus ananas origine costa rica,"Carrefour, Carrefour Extra | Carrefour, Carrefour Extra",append_candidate,direct,
Carrefour Kids,carrefour kids,Carrefour,direct,beverages,FRANCE|SOUTHERN_EUROPE,FRANCE|SOUTHERN_EUROPE,France,layer3_review_decision_20260824,explicit_company_mapping_from_layer3_review,map to Carrefour,Other / not mapped to a company,Manual review / complex ownership,2,"Carrefour brand/private-label/store-format row; brand entity should stay as normalized_brand, parent_company should be Carrefour.",Kaomix | Fiestabul Jus de pomme pétillant,"Carrefour, Carrefour Kids | Carrefour Kids,Carrefour",append_candidate,direct,
Carrefour Kids,carrefour kids,Carrefour,direct,dairies,BENELUX|FRANCE,BENELUX|FRANCE,Belgium,layer3_review_decision_20260824,explicit_company_mapping_from_layer3_review,map to Carrefour,Other / not mapped to a company,Manual review / complex ownership,2,"Carrefour brand/private-label/store-format row; brand entity should stay as normalized_brand, parent_company should be Carrefour.",Carrefour Kids Lait Demi-Ecrémé | Choco'lait,"Carrefour, Carrefour KIDS | Carrefour Kids, Carrefour",append_candidate,direct,
Carrefour Sensation,carrefour sensation,Carrefour,direct,dairies,BENELUX|FRANCE,BENELUX|FRANCE,Belgium,layer3_review_decision_20260824,explicit_company_mapping_from_layer3_review,map to Carrefour,Other / not mapped to a company,Manual review / complex ownership,2,"Carrefour brand/private-label/store-format row; brand entity should stay as normalized_brand, parent_company should be Carrefour.",Carrefour Sensation Apero Time Gouda & Cheddar | Carrefour Sensation Skyr Vanille 0% M.G.,"Carrefour, Carrefour Sensation | Carrefour Sensation",append_candidate,direct,
Cheerios,cheerios,Cereal Partners Worldwide,market_scoped,cereals,BENELUX|FRANCE|DACH,BENELUX|FRANCE|DACH,Belgium,layer3_review_decision_20260824,approved_proposed_company_from_layer3_review,approve proposed,Cereal Partners Worldwide,Manual review / complex ownership,2,Proposed company mapping is concrete; approve for launch.,Cheerios Crunchy Muesli | CHEERIOS BIO Céréale 375g,"Nestlé, Cheerios | Nestlé, Cheerios",append_candidate,direct,Corrected before upsert-ready split: known complex/market-scoped or licensed brand; do not mark as plain direct.
Cheerios,cheerios,Cereal Partners Worldwide,market_scoped,snacks,FRANCE,FRANCE,France,layer3_review_decision_20260824,approved_proposed_company_from_layer3_review,approve proposed,Cereal Partners Worldwide,Cereal Partners Worldwide,2,Proposed company mapping is concrete; approve for launch.,Chewits Sour Fruit Salad Flavour Candy | Cheerios barre céréales,Cheerios | Cheerios,append_candidate,direct,Corrected before upsert-ready split: known complex/market-scoped or licensed brand; do not mark as plain direct.
Chocapic,chocapic,Nestlé,direct,cereals,BENELUX|FRANCE|DACH,BENELUX|FRANCE|DACH,Belgium,layer3_review_decision_20260824,explicit_company_mapping_from_layer3_review,map to Nestlé,Manual review / complex ownership,Manual review / complex ownership,2,Known Nestlé brand / brand line missing from proposed company mapping.,NESTLE CHOCAPIC Céréales 375g | NESTLE CHOCAPIC BIO Céréales - Boite de 375g,"Nestlé, Chocapic | Nestlé,Chocapic",append_candidate,direct,
Chocapic,chocapic,Nestlé,direct,cereals,FRANCE,FRANCE,Bolivia,layer3_review_decision_20260824,explicit_company_mapping_from_layer3_review,map to Nestlé,Manual review / complex ownership,Manual review / complex ownership,2,Known Nestlé brand / brand line missing from proposed company mapping.,Chocapic Duo | Chocapic,"Nestlé, Chocapic | Nestlé, Chocapic",append_candidate,direct,
Chocapic,chocapic,Nestlé,direct,cereals,FRANCE|DACH,FRANCE|DACH,France,layer3_review_decision_20260824,explicit_company_mapping_from_layer3_review,map to Nestlé,Manual review / complex ownership,Manual review / complex ownership,2,Known Nestlé brand / brand line missing from proposed company mapping.,chocapic | Céréales Chocapic,"Nestlé, Chocapic | Nestlé,Chocapic",append_candidate,direct,
Coca-Cola,coca-cola,The Coca-Cola Company,direct,beverages,BENELUX|FRANCE|SOUTHERN_EUROPE|DACH,BENELUX|FRANCE|SOUTHERN_EUROPE|DACH,Belgium,layer3_review_decision_20260824,explicit_company_mapping_from_layer3_review,map to The Coca-Cola Company,Manual review / complex ownership,Manual review / complex ownership,2,Known Coca-Cola system brand; route to The Coca-Cola Company at company layer.,coca cola zero | Coca-Cola Zero zuccheri Zero caffeina,Coca-Cola® | Coca-Cola,append_candidate,direct,
Coca-Cola,coca-cola,The Coca-Cola Company,direct,beverages,BENELUX|NORDICS|FRANCE|DACH|SOUTHERN_EUROPE|UK_IE,BENELUX|NORDICS|FRANCE|DACH|SOUTHERN_EUROPE|UK_IE,Belgium,layer3_review_decision_20260824,explicit_company_mapping_from_layer3_review,map to The Coca-Cola Company,Manual review / complex ownership,Manual review / complex ownership,2,Known Coca-Cola system brand; route to The Coca-Cola Company at company layer.,Coke Original Taste | Coca-Cola,Coca-Cola | Coca-Cola,append_candidate,direct,
Coca-Cola,coca-cola,The Coca-Cola Company,direct,beverages,DACH|BENELUX|FRANCE|SOUTHERN_EUROPE,DACH|BENELUX|FRANCE|SOUTHERN_EUROPE,Austria,layer3_review_decision_20260824,explicit_company_mapping_from_layer3_review,map to The Coca-Cola Company,Manual review / complex ownership,Manual review / complex ownership,2,Known Coca-Cola system brand; route to The Coca-Cola Company at company layer.,Coca-Cola Light | Zero Sugar,Coca-Cola | Coca-Cola,append_candidate,direct,
Coca-Cola,coca-cola,The Coca-Cola Company,direct,beverages,DACH|FRANCE,DACH|FRANCE,Austria,layer3_review_decision_20260824,explicit_company_mapping_from_layer3_review,map to The Coca-Cola Company,Manual review / complex ownership,Manual review / complex ownership,2,Known Coca-Cola system brand; route to The Coca-Cola Company at company layer.,Lemon Coca-Cola Zero Sugar | Cherry Coca-Cola,"Coca-Cola | Coca-Cola, Cocacola",append_candidate,direct,
Coca-Cola,coca-cola,The Coca-Cola Company,direct,beverages,DACH|UK_IE,DACH|UK_IE,Germany,layer3_review_decision_20260824,explicit_company_mapping_from_layer3_review,map to The Coca-Cola Company,Manual review / complex ownership,Manual review / complex ownership,2,Known Coca-Cola system brand; route to The Coca-Cola Company at company layer.,Coke | cola Zero 24Stk,"Coca cola | Coca cola, Cola",append_candidate,direct,
Coca-Cola,coca-cola,The Coca-Cola Company,direct,beverages,DACH|US_CANADA,DACH|US_CANADA,Germany,layer3_review_decision_20260824,explicit_company_mapping_from_layer3_review,map to The Coca-Cola Company,Manual review / complex ownership,Manual review / complex ownership,2,Known Coca-Cola system brand; route to The Coca-Cola Company at company layer.,Diet Coke | Coca-Cola cherry,Coca-Cola | Coca-Cola,append_candidate,direct,
Coca-Cola,coca-cola,The Coca-Cola Company,direct,beverages,FRANCE|UK_IE,FRANCE|UK_IE,France,layer3_review_decision_20260824,explicit_company_mapping_from_layer3_review,map to The Coca-Cola Company,Manual review / complex ownership,Other / not mapped to a company,2,Known Coca-Cola system brand; route to The Coca-Cola Company at company layer.,Diet Coke | Diet Coke,Coke | Coke,append_candidate,direct,
Coca-Cola,coca-cola,The Coca-Cola Company,direct,beverages,NORDICS|FRANCE,NORDICS|FRANCE,Denmark,layer3_review_decision_20260824,explicit_company_mapping_from_layer3_review,map to The Coca-Cola Company,Manual review / complex ownership,Manual review / complex ownership,2,Known Coca-Cola system brand; route to The Coca-Cola Company at company layer.,Coca-Cola Zero | Cherry Coca-Cola,Coca-Cola | Coca-Cola,append_candidate,direct,
Coca-Cola,coca-cola,The Coca-Cola Company,direct,beverages,UK_IE,UK_IE,Ireland,layer3_review_decision_20260824,explicit_company_mapping_from_layer3_review,map to The Coca-Cola Company,Manual review / complex ownership,Manual review / complex ownership,2,Known Coca-Cola system brand; route to The Coca-Cola Company at company layer.,Coke Zero | Coca-Cola Zero Sugar,Coca Cola | Coca-Cola,append_candidate,direct,
Coca-Cola,coca-cola,The Coca-Cola Company,direct,beverages,US_CANADA,US_CANADA,Kazakhstan,layer3_review_decision_20260824,explicit_company_mapping_from_layer3_review,map to The Coca-Cola Company,Manual review / complex ownership,Manual review / complex ownership,2,Known Coca-Cola system brand; route to The Coca-Cola Company at company layer.,Coke Zero Sugar | Coca-Cola Zero,Coca-Cola | Coca-Cola,append_candidate,direct,
Doritos,doritos,PepsiCo,direct,snacks,FRANCE,FRANCE,Australia,layer3_review_decision_20260824,explicit_company_mapping_from_layer3_review,map to PepsiCo,Manual review / complex ownership,Manual review / complex ownership,2,Known PepsiCo brand / regional alias missing from proposed mapping.,Cheese Supreme Corn Chips | CHEESE SUPREME FLAVOURED CORN CHIPS,Doritos | Doritos,append_candidate,direct,
Doritos,doritos,PepsiCo,direct,snacks,FRANCE|US_CANADA,FRANCE|US_CANADA,France,layer3_review_decision_20260824,explicit_company_mapping_from_layer3_review,map to PepsiCo,Manual review / complex ownership,Manual review / complex ownership,2,Known PepsiCo brand / regional alias missing from proposed mapping.,"Tortilla Chips | Tortilla Chips, Nacho Cheese",Doritos | Doritos,append_candidate,direct,
Doritos,doritos,PepsiCo,direct,snacks,SOUTHERN_EUROPE|UK_IE,SOUTHERN_EUROPE|UK_IE,Spain,layer3_review_decision_20260824,explicit_company_mapping_from_layer3_review,map to PepsiCo,Manual review / complex ownership,Manual review / complex ownership,2,Known PepsiCo brand / regional alias missing from proposed mapping.,Doritos cool original | Doritos Tangy Cheese,Doritos | Doritos,append_candidate,direct,
Fanta,fanta,The Coca-Cola Company,direct,beverages,BENELUX|FRANCE|SOUTHERN_EUROPE,BENELUX|FRANCE|SOUTHERN_EUROPE,Belgium,layer3_review_decision_20260824,explicit_company_mapping_from_layer3_review,map to The Coca-Cola Company,Manual review / complex ownership,Manual review / complex ownership,2,Known Coca-Cola system brand; route to The Coca-Cola Company at company layer.,Fanta Original | Fanta limón zero azúcares,"Fanta, The Coca-Cola Company | Fanta,Coca-Cola",append_candidate,direct,
Fanta,fanta,The Coca-Cola Company,direct,beverages,DACH|UK_IE,DACH|UK_IE,Germany,layer3_review_decision_20260824,explicit_company_mapping_from_layer3_review,map to The Coca-Cola Company,Manual review / complex ownership,Manual review / complex ownership,2,Known Coca-Cola system brand; route to The Coca-Cola Company at company layer.,Apple lychee zero | Exotic,Fanta | Fanta,append_candidate,direct,
Fanta,fanta,The Coca-Cola Company,direct,beverages,FRANCE,FRANCE,Algeria,layer3_review_decision_20260824,explicit_company_mapping_from_layer3_review,map to The Coca-Cola Company,Manual review / complex ownership,Manual review / complex ownership,2,Known Coca-Cola system brand; route to The Coca-Cola Company at company layer.,Fanta lemon | /!\ Interdit en Europe,Fanta | Fanta,append_candidate,direct,
Fanta,fanta,The Coca-Cola Company,direct,beverages,FRANCE,FRANCE,Australia,layer3_review_decision_20260824,explicit_company_mapping_from_layer3_review,map to The Coca-Cola Company,Manual review / complex ownership,Manual review / complex ownership,2,Known Coca-Cola system brand; route to The Coca-Cola Company at company layer.,FANTA | Fanta lychee,Fanta | Fanta,append_candidate,direct,
Fanta,fanta,The Coca-Cola Company,direct,beverages,FRANCE|DACH|SOUTHERN_EUROPE,FRANCE|DACH|SOUTHERN_EUROPE,France,layer3_review_decision_20260824,explicit_company_mapping_from_layer3_review,map to The Coca-Cola Company,Manual review / complex ownership,Manual review / complex ownership,2,Known Coca-Cola system brand; route to The Coca-Cola Company at company layer.,Fanta Orange 1.75 | Fanta grape,"Coca-Cola, Fanta | Fanta",append_candidate,direct,
Fanta,fanta,The Coca-Cola Company,direct,beverages,FRANCE|SOUTHERN_EUROPE|DACH,FRANCE|SOUTHERN_EUROPE|DACH,France,layer3_review_decision_20260824,explicit_company_mapping_from_layer3_review,map to The Coca-Cola Company,Manual review / complex ownership,Manual review / complex ownership,2,Known Coca-Cola system brand; route to The Coca-Cola Company at company layer.,Fanta | Fanta lemon,Fanta | Fanta,append_candidate,direct,
Fanta,fanta,The Coca-Cola Company,direct,beverages,FRANCE|SOUTHERN_EUROPE|UK_IE,FRANCE|SOUTHERN_EUROPE|UK_IE,France,layer3_review_decision_20260824,explicit_company_mapping_from_layer3_review,map to The Coca-Cola Company,Manual review / complex ownership,Manual review / complex ownership,2,Known Coca-Cola system brand; route to The Coca-Cola Company at company layer.,Fanta Lemon 2ltr | Fanta Orange Zero 2Ltr,"Fanta,Coca-Cola | Fanta,Coca-Cola",append_candidate,direct,
Fanta,fanta,The Coca-Cola Company,direct,beverages,FRANCE|UK_IE,FRANCE|UK_IE,Czech Republic,layer3_review_decision_20260824,explicit_company_mapping_from_layer3_review,map to The Coca-Cola Company,Manual review / complex ownership,Manual review / complex ownership,2,Known Coca-Cola system brand; route to The Coca-Cola Company at company layer.,Fanta Shokata | Bílé hrozno,Fanta | Fanta,append_candidate,direct,
Fanta,fanta,The Coca-Cola Company,direct,beverages,NORDICS|FRANCE,NORDICS|FRANCE,Denmark,layer3_review_decision_20260824,explicit_company_mapping_from_layer3_review,map to The Coca-Cola Company,Manual review / complex ownership,Manual review / complex ownership,2,Known Coca-Cola system brand; route to The Coca-Cola Company at company layer.,Fanta Exotic,Fanta | Fanta,append_candidate,direct,
Fanta,fanta,The Coca-Cola Company,direct,beverages,NORDICS|FRANCE,NORDICS|FRANCE,Finland,layer3_review_decision_20260824,explicit_company_mapping_from_layer3_review,map to The Coca-Cola Company,Manual review / complex ownership,Manual review / complex ownership,2,Known Coca-Cola system brand; route to The Coca-Cola Company at company layer.,Fanta Appelsiini,Fanta | Fanta,append_candidate,direct,
Filière Qualité Carrefour,filière qualité carrefour,Carrefour,direct,dairies,FRANCE,FRANCE,France,layer3_review_decision_20260824,explicit_company_mapping_from_layer3_review,map to Carrefour,Other / not mapped to a company,Other / not mapped to a company,2,"Carrefour brand/private-label/store-format row; brand entity should stay as normalized_brand, parent_company should be Carrefour.",Camembert de Normandie AOP au lait cru | Lait frais entier microfiltré,"Filière Qualité Carrefour,Carrefour | Filiere Qualite Carrefour,Carrefour",append_candidate,direct,
Fitness,fitness,Nestlé,direct,cereals,BENELUX|FRANCE|DACH,BENELUX|FRANCE|DACH,Belgium,layer3_review_decision_20260824,explicit_company_mapping_from_layer3_review,map to Nestlé,Manual review / complex ownership,Manual review / complex ownership,2,Known Nestlé brand / brand line missing from proposed company mapping.,NESTLE FITNESS Chocolat Noir Céréales 375g | Fitness Delice Céréales croustillantes avec un coeur aux fruits rouges,"Nestlé, Fitness, Fitness dark chocolate | Nestlé, Fitness",append_candidate,direct,
Fitness,fitness,Nestlé,direct,cereals,BENELUX|FRANCE|SOUTHERN_EUROPE,BENELUX|FRANCE|SOUTHERN_EUROPE,Belgium,layer3_review_decision_20260824,explicit_company_mapping_from_layer3_review,map to Nestlé,Manual review / complex ownership,Manual review / complex ownership,2,Known Nestlé brand / brand line missing from proposed company mapping.,Original Nature | Bio Avoine,"Nestlé,Fitness | Nestlé, Fitness",append_candidate,direct,
Fitness,fitness,Nestlé,direct,cereals,FRANCE|DACH,FRANCE|DACH,France,layer3_review_decision_20260824,explicit_company_mapping_from_layer3_review,map to Nestlé,Manual review / complex ownership,Manual review / complex ownership,2,Known Nestlé brand / brand line missing from proposed company mapping.,FLAKES CHOCOLATE | NESTLE FITNESS JOGHURT Cerealien,"Fitness | Nestlé, Fitness, Nestle fitness & yoghurt",append_candidate,direct,
Fitness,fitness,Nestlé,direct,cereals,FRANCE|SOUTHERN_EUROPE,FRANCE|SOUTHERN_EUROPE,France,layer3_review_decision_20260824,explicit_company_mapping_from_layer3_review,map to Nestlé,Manual review / complex ownership,Manual review / complex ownership,2,Known Nestlé brand / brand line missing from proposed company mapping.,Cereales de desayuno con avena integral y más,"Fitness | Nestlé, Fitness",append_candidate,direct,
Fitness,fitness,Nestlé,direct,snacks,BENELUX|FRANCE|SOUTHERN_EUROPE,BENELUX|FRANCE|SOUTHERN_EUROPE,Belgium,layer3_review_decision_20260824,explicit_company_mapping_from_layer3_review,map to Nestlé,Manual review / complex ownership,Manual review / complex ownership,2,Known Nestlé brand / brand line missing from proposed company mapping.,"FITNESS CHOC Barres Céréale 6x23.5g | NESTLE FITNESS Barres de Céréales Nature 6x23,5g","Fitness,Nestlé | Nestlé,Fitness",append_candidate,direct,
Fuze Tea,fuze tea,The Coca-Cola Company,direct,beverages,FRANCE,FRANCE,Bulgaria,layer3_review_decision_20260824,explicit_company_mapping_from_layer3_review,map to The Coca-Cola Company,Manual review / complex ownership,Manual review / complex ownership,2,Known Coca-Cola system brand; route to The Coca-Cola Company at company layer.,Black ice tea | fuze tea jahoda aloe vera,Fuze Tea | Fuze Tea,append_candidate,direct,
Gatorade,gatorade,PepsiCo,direct,beverages,FRANCE|DACH,FRANCE|DACH,France,layer3_review_decision_20260824,explicit_company_mapping_from_layer3_review,map to PepsiCo,Manual review / complex ownership,Manual review / complex ownership,2,Known PepsiCo brand / regional alias missing from proposed mapping.,Fruit Punch | Red Orange flavor,Gatorade | Gatorade,append_candidate,direct,
Häagen-Dazs,häagen-dazs,Froneri,market_scoped,dairies,US_CANADA,US_CANADA,United States,layer3_review_decision_20260824,approved_proposed_company_from_layer3_review,approve proposed,Froneri,Froneri,2,Proposed company mapping is concrete; approve for launch.,Cultured Creme | irish cream brownie ice cream,Haagen dazs | Häagen-Dazs,append_candidate,direct,Corrected before upsert-ready split: known complex/market-scoped or licensed brand; do not mark as plain direct.
KitKat,kitkat,Nestlé,market_scoped,snacks,FRANCE,FRANCE,Australia,layer3_review_decision_20260824,approved_proposed_company_from_layer3_review,approve proposed,Nestlé,Other / not mapped to a company,2,Proposed company mapping is concrete; approve for launch.,Kit Kat Milk Chocolate Block | Nestle Kit Kat Chocolate Bar Share Pack 185g,Kit Kat | Kit Kat,append_candidate,direct,Corrected before upsert-ready split: known complex/market-scoped or licensed brand; do not mark as plain direct.
KitKat,kitkat,Nestlé,market_scoped,snacks,FRANCE,FRANCE,Bulgaria,layer3_review_decision_20260824,approved_proposed_company_from_layer3_review,approve proposed,Nestlé,Nestlé,2,Proposed company mapping is concrete; approve for launch.,Kitkat Chunky Hazelnut Cream | Kitkat chunky black white,KitKat | Kitkat,append_candidate,direct,Corrected before upsert-ready split: known complex/market-scoped or licensed brand; do not mark as plain direct.
KitKat,kitkat,Nestlé,market_scoped,snacks,FRANCE|DACH,FRANCE|DACH,France,layer3_review_decision_20260824,approved_proposed_company_from_layer3_review,approve proposed,Nestlé,Nestlé,2,Proposed company mapping is concrete; approve for launch.,KitKat CHUNKY Funky | KitKat Chunky White,"KitKat, Nestlé | KitKat",append_candidate,direct,Corrected before upsert-ready split: known complex/market-scoped or licensed brand; do not mark as plain direct.
KitKat,kitkat,Nestlé,market_scoped,snacks,UK_IE,UK_IE,Ireland,layer3_review_decision_20260824,approved_proposed_company_from_layer3_review,approve proposed,Nestlé,Nestlé,2,Proposed company mapping is concrete; approve for launch.,KitKat Chunky with Lotus Biscoff | Dark,KitKat | KitKat,append_candidate,direct,Corrected before upsert-ready split: known complex/market-scoped or licensed brand; do not mark as plain direct.
KitKat,kitkat,Nestlé,market_scoped,snacks,UK_IE,UK_IE,United Kingdom,layer3_review_decision_20260824,approved_proposed_company_from_layer3_review,approve proposed,Nestlé,Manual review / complex ownership,2,Proposed company mapping is concrete; approve for launch.,Kat 2 Finger Milk Chocolate Biscuit Bar Pack | KitKat Chunky,"Nestle,KitKat | Nestlé,KIT KAT",append_candidate,direct,Corrected before upsert-ready split: known complex/market-scoped or licensed brand; do not mark as plain direct.
Lay's,lay's,PepsiCo,direct,snacks,FRANCE,FRANCE,Bulgaria,layer3_review_decision_20260824,explicit_company_mapping_from_layer3_review,map to PepsiCo,Other / not mapped to a company,Other / not mapped to a company,2,Known PepsiCo brand / regional alias missing from proposed mapping.,Картофен чипс с вкус на кашкавал | Картофен чипс с вкус на паприка,Lay's | Lay's,append_candidate,direct,
Lay's,lay's,PepsiCo,direct,snacks,US_CANADA,US_CANADA,India,layer3_review_decision_20260824,explicit_company_mapping_from_layer3_review,map to PepsiCo,Other / not mapped to a company,Other / not mapped to a company,2,Known PepsiCo brand / regional alias missing from proposed mapping.,India’s Magic Masala 30 | Lays,Lay's | Lay's,append_candidate,direct,
Lay's,lay's,PepsiCo,direct,snacks,US_CANADA|FRANCE,US_CANADA|FRANCE,Canada,layer3_review_decision_20260824,explicit_company_mapping_from_layer3_review,map to PepsiCo,Other / not mapped to a company,Other / not mapped to a company,2,Known PepsiCo brand / regional alias missing from proposed mapping.,"Lay's Recette paysanne nature 6 x 27,5 g | Lay's Recette paysanne nature","Lay's, Lays | Lay's, Lays",append_candidate,direct,
Monster Energy,monster energy,Monster Beverage Corp,direct,beverages,FRANCE|DACH,FRANCE|DACH,France,layer3_review_decision_20260824,approved_proposed_company_from_layer3_review,approve proposed,Monster Beverage Corp,Monster Beverage Corp,2,Proposed company mapping is concrete; approve for launch.,"Monster Energy Core 50 cl, 24 Boîtes | Monster Energy Ultra",Monster Energy | Monster Energy,append_candidate,direct,
Monster Energy,monster energy,Monster Beverage Corp,direct,beverages,FRANCE|DACH,FRANCE|DACH,France,layer3_review_decision_20260824,approved_proposed_company_from_layer3_review,approve proposed,Monster Beverage Corp,Other / not mapped to a company,2,Proposed company mapping is concrete; approve for launch.,Monster énergie zéro sucre | Monster Energy Mule Ginger Brew,"Monster, Monster Energy | Monster, Monster Energy, Monster Energy Company",append_candidate,direct,
Monster Energy,monster energy,Monster Beverage Corp (Coca-Cola 20% stake / exclusive distrib),direct,beverages,FRANCE|US_CANADA,FRANCE|US_CANADA,France,layer3_review_decision_20260824,approved_proposed_company_from_layer3_review,approve proposed,Monster Beverage Corp (Coca-Cola 20% stake / exclusive distrib),Monster Beverage Corp (Coca-Cola 20% stake / exclusive distrib),2,Proposed company mapping is concrete; approve for launch.,Monster Energy Ultra Sunrise | Monster Pacific Punch,Monster Energy | Monster Energy,append_candidate,direct,
Mountain Dew,mountain dew,PepsiCo,direct,beverages,DACH|US_CANADA,DACH|US_CANADA,Germany,layer3_review_decision_20260824,explicit_company_mapping_from_layer3_review,map to PepsiCo,Manual review / complex ownership,Manual review / complex ownership,2,Known PepsiCo brand / regional alias missing from proposed mapping.,Mountain Dew | Mountain Dew,Mountain Dew | Mountain Dew,append_candidate,direct,
Mountain Dew,mountain dew,PepsiCo,direct,beverages,FRANCE|DACH,FRANCE|DACH,France,layer3_review_decision_20260824,explicit_company_mapping_from_layer3_review,map to PepsiCo,Manual review / complex ownership,Manual review / complex ownership,2,Known PepsiCo brand / regional alias missing from proposed mapping.,Mountain Dew | Mountain Dew,Mountain Dew | Mountain Dew,append_candidate,direct,
Mountain Dew,mountain dew,PepsiCo,direct,beverages,FRANCE|SOUTHERN_EUROPE,FRANCE|SOUTHERN_EUROPE,France,layer3_review_decision_20260824,explicit_company_mapping_from_layer3_review,map to PepsiCo,Manual review / complex ownership,Manual review / complex ownership,2,Known PepsiCo brand / regional alias missing from proposed mapping.,Energy refresco lima limon | Mountain dew,Mountain Dew | Mountain Dew,append_candidate,direct,
Nescafé,nescafé,Nestlé,direct,beverages,FRANCE,FRANCE,Algeria,layer3_review_decision_20260824,explicit_company_mapping_from_layer3_review,map to Nestlé,Manual review / complex ownership,Manual review / complex ownership,2,Known Nestlé brand / brand line missing from proposed company mapping.,"Nescafe gold | NESCAFE SPECIAL FILTRE L'Original, Café Soluble, Flacon de 200g","Nescafe | Nestlé,Nescafé, Special filtre",append_candidate,direct,
Nescafé,nescafé,Nestlé,direct,beverages,FRANCE,FRANCE,Brazil,layer3_review_decision_20260824,explicit_company_mapping_from_layer3_review,map to Nestlé,Manual review / complex ownership,Manual review / complex ownership,2,Known Nestlé brand / brand line missing from proposed company mapping.,Nescafe Classic | Nescafe Classic,Nescafe | Nescafe,append_candidate,direct,
Nescafé,nescafé,Nestlé,direct,beverages,FRANCE,FRANCE,Cote D Ivoire,layer3_review_decision_20260824,explicit_company_mapping_from_layer3_review,map to Nestlé,Manual review / complex ownership,Manual review / complex ownership,2,Known Nestlé brand / brand line missing from proposed company mapping.,Café en poudre | Nescafe Classic,"NESCAFÉ | Nestlé, Nescafe",append_candidate,direct,
Nescafé,nescafé,Nestlé,direct,beverages,FRANCE|DACH,FRANCE|DACH,France,layer3_review_decision_20260824,explicit_company_mapping_from_layer3_review,map to Nestlé,Manual review / complex ownership,Other / not mapped to a company,2,Known Nestlé brand / brand line missing from proposed company mapping.,Farmers Origins Andes capsules café | NESC AFRICAS SRP 44g,"Farmers origins, Nescafe | Farmers origins, Nescafe",append_candidate,direct,
Nescafé,nescafé,Nestlé,direct,beverages,NORDICS|FRANCE,NORDICS|FRANCE,Finland,layer3_review_decision_20260824,explicit_company_mapping_from_layer3_review,map to Nestlé,Manual review / complex ownership,Manual review / complex ownership,2,Known Nestlé brand / brand line missing from proposed company mapping.,Cappuccino choco-blanc | Nescafé Gold,Nescafé | Nescafé,append_candidate,direct,
Nescafé,nescafé,Nestlé,direct,beverages,UK_IE,UK_IE,Ireland,layer3_review_decision_20260824,explicit_company_mapping_from_layer3_review,map to Nestlé,Manual review / complex ownership,Manual review / complex ownership,2,Known Nestlé brand / brand line missing from proposed company mapping.,GOLD BLEND Instant Coffee | Nescafé Azera Americano instant coffee,Nescafé | Nescafé,append_candidate,direct,
Nescafé,nescafé,Nestlé,direct,dairies,FRANCE|SOUTHERN_EUROPE,FRANCE|SOUTHERN_EUROPE,France,layer3_review_decision_20260824,explicit_company_mapping_from_layer3_review,map to Nestlé,Manual review / complex ownership,Manual review / complex ownership,2,Known Nestlé brand / brand line missing from proposed company mapping.,"NESCAFÉ® Cappuccino Vanille, Café soluble, Boîte de 276g | Shakissimo Latte Espresso",Nescafé | Nescafé,append_candidate,direct,
Nescafé Dolce Gusto,nescafé dolce gusto,Nestlé,direct,beverages,BENELUX|FRANCE|DACH,BENELUX|FRANCE|DACH,Belgium,layer3_review_decision_20260824,explicit_company_mapping_from_layer3_review,map to Nestlé,Manual review / complex ownership,Manual review / complex ownership,2,Known Nestlé brand / brand line missing from proposed company mapping.,Cappuccino | Capsules NESCAFE DOLCE GUSTO Lungo Decaffeinato Boîte de 16 capsules,"Nescafé, Nescafé Dolce Gusto | Nestle norge, Dolce gusto, Nescafe",append_candidate,direct,
Nescafé Dolce Gusto,nescafé dolce gusto,Nestlé,direct,beverages,BENELUX|FRANCE|DACH|SOUTHERN_EUROPE,BENELUX|FRANCE|DACH|SOUTHERN_EUROPE,Belgium,layer3_review_decision_20260824,explicit_company_mapping_from_layer3_review,map to Nestlé,Manual review / complex ownership,Manual review / complex ownership,2,Known Nestlé brand / brand line missing from proposed company mapping.,CAFÉ CON LECHE | Nescafe Dolce Gusto Chococino 16cap,Nescafé Dolce Gusto | Nescafé Dolce Gusto,append_candidate,direct,
Nescafé Dolce Gusto,nescafé dolce gusto,Nestlé,direct,beverages,FRANCE|DACH|SOUTHERN_EUROPE,FRANCE|DACH|SOUTHERN_EUROPE,France,layer3_review_decision_20260824,explicit_company_mapping_from_layer3_review,map to Nestlé,Manual review / complex ownership,Manual review / complex ownership,2,Known Nestlé brand / brand line missing from proposed company mapping.,Capsules NESCAFE DOLCE GUSTO Espresso Macchiato Cortado 16 Capsules | Capsules NESCAFE DOLCE GUSTO Caramel Macchiato 16 Capsules,Nescafe Dolce Gusto | Nescafe Dolce Gusto,append_candidate,direct,
Nesquik,nesquik,Nestlé,direct,beverages,FRANCE|SOUTHERN_EUROPE|DACH,FRANCE|SOUTHERN_EUROPE|DACH,France,layer3_review_decision_20260824,explicit_company_mapping_from_layer3_review,map to Nestlé,Manual review / complex ownership,Manual review / complex ownership,2,Known Nestlé brand / brand line missing from proposed company mapping.,NESQUIK Moins de Sucres Poudre Cacaotée | Nesquik,"Nestlé, Nesquik | Nestlé, Nesquik",append_candidate,direct,
Nesquik,nesquik,Nestlé,direct,beverages,FRANCE|US_CANADA,FRANCE|US_CANADA,France,layer3_review_decision_20260824,explicit_company_mapping_from_layer3_review,map to Nestlé,Manual review / complex ownership,Manual review / complex ownership,2,Known Nestlé brand / brand line missing from proposed company mapping.,Chocolate flavor milk powder | nesquik,Nesquik | Nesquik,append_candidate,direct,
Nesquik,nesquik,Nestlé,direct,dairies,FRANCE|SOUTHERN_EUROPE,FRANCE|SOUTHERN_EUROPE,France,layer3_review_decision_20260824,explicit_company_mapping_from_layer3_review,map to Nestlé,Manual review / complex ownership,Manual review / complex ownership,2,Known Nestlé brand / brand line missing from proposed company mapping.,Nesquik sabor fresa,"Nesquik | Nestlé, Nesquik",append_candidate,direct,
Nesquik,nesquik,Nestlé,direct,snacks,FRANCE|SOUTHERN_EUROPE,FRANCE|SOUTHERN_EUROPE,France,layer3_review_decision_20260824,explicit_company_mapping_from_layer3_review,map to Nestlé,Manual review / complex ownership,Manual review / complex ownership,2,Known Nestlé brand / brand line missing from proposed company mapping.,"Code-barres inexistant et/ou fiche incomplète, obsolète ou en doublon | NESTLE NESQUIK Maxi Choco Barres de Céréales 6x25g","Nesquik | Nestlé, Nesquik",append_candidate,direct,
Oreo,oreo,Mondelēz International,direct,snacks,DACH|UK_IE,DACH|UK_IE,Germany,layer3_review_decision_20260824,explicit_company_mapping_from_layer3_review,map to Mondelēz International,Manual review / complex ownership,Manual review / complex ownership,2,Known Mondelēz brand / regional Cadbury routing outside US.,Galleta de trigo sabor matcha | 奥利奥 生日蛋糕味,Oreo | Oreo,append_candidate,direct,
Oreo,oreo,Mondelēz International,direct,snacks,FRANCE|DACH,FRANCE|DACH,Bulgaria,layer3_review_decision_20260824,explicit_company_mapping_from_layer3_review,map to Mondelēz International,Manual review / complex ownership,Manual review / complex ownership,2,Known Mondelēz brand / regional Cadbury routing outside US.,Oreo | Oreo,Oreo | Oreo,append_candidate,direct,
Oreo,oreo,Mondelēz International,direct,snacks,FRANCE|DACH|US_CANADA,FRANCE|DACH|US_CANADA,France,layer3_review_decision_20260824,explicit_company_mapping_from_layer3_review,map to Mondelēz International,Manual review / complex ownership,Manual review / complex ownership,2,Known Mondelēz brand / regional Cadbury routing outside US.,Oreo Golden Sandwich Biscuits | Oreo cookies peanut butter,OREO | Oreo,append_candidate,direct,
Oreo,oreo,Mondelēz International,direct,snacks,FRANCE|NORDICS,FRANCE|NORDICS,France,layer3_review_decision_20260824,explicit_company_mapping_from_layer3_review,map to Mondelēz International,Manual review / complex ownership,Manual review / complex ownership,2,Known Mondelēz brand / regional Cadbury routing outside US.,Mjölkchoklad Oreo Marabou | Original Oreo - Open and share,"Marabou, Mondelez, Oreo | Mondelez, Oreo",append_candidate,direct,
Oreo,oreo,Mondelēz International,direct,snacks,FRANCE|SOUTHERN_EUROPE,FRANCE|SOUTHERN_EUROPE,Czech Republic,layer3_review_decision_20260824,explicit_company_mapping_from_layer3_review,map to Mondelēz International,Manual review / complex ownership,Manual review / complex ownership,2,Known Mondelēz brand / regional Cadbury routing outside US.,OREO Crispy & Thin Chocolat crème | Choco Brownie,"Mondeléz, Oreo | Oreo",append_candidate,direct,
Ovaltine,ovaltine,Nestlé,market_scoped,beverages,US_CANADA,US_CANADA,Canada,layer3_review_decision_20260824,approved_proposed_company_from_layer3_review,approve proposed,Nestlé,Nestlé,2,Proposed company mapping is concrete; approve for launch.,"Classic malt drink mix, classic | Malted Chocolate Drink Mix",Ovaltine | Ovaltine,append_candidate,direct,Corrected before upsert-ready split: known complex/market-scoped or licensed brand; do not mark as plain direct.
Pepsi,pepsi,PepsiCo,direct,beverages,US_CANADA,US_CANADA,Bolivia,layer3_review_decision_20260824,explicit_company_mapping_from_layer3_review,map to PepsiCo,Manual review / complex ownership,Manual review / complex ownership,2,Known PepsiCo brand / regional alias missing from proposed mapping.,Pepsi | Pepsi,Pepsi | Pepsi,append_candidate,direct,
Pepsi,pepsi,PepsiCo,direct,beverages,US_CANADA|FRANCE,US_CANADA|FRANCE,Canada,layer3_review_decision_20260824,explicit_company_mapping_from_layer3_review,map to PepsiCo,Manual review / complex ownership,Manual review / complex ownership,2,Known PepsiCo brand / regional alias missing from proposed mapping.,Diet Pepsi | DIET PEPSI,Pepsi | PEPSI,append_candidate,direct,
Quaker Oats,quaker oats,PepsiCo,direct,cereals,FRANCE|UK_IE,FRANCE|UK_IE,France,layer3_review_decision_20260824,explicit_company_mapping_from_layer3_review,map to PepsiCo,Manual review / complex ownership,Manual review / complex ownership,2,Known PepsiCo brand / regional alias missing from proposed mapping.,Oat Crisp | Quaker oat so simple sultanas raisins cranberry apple,Quaker Oats | Quaker Oats,append_candidate,direct,
Quaker Oats,quaker oats,PepsiCo,direct,cereals,FRANCE|US_CANADA,FRANCE|US_CANADA,France,layer3_review_decision_20260824,explicit_company_mapping_from_layer3_review,map to PepsiCo,Manual review / complex ownership,Manual review / complex ownership,2,Known PepsiCo brand / regional alias missing from proposed mapping.,"Quick 1-Minute Oats | Old fashioned 100% whole grain oats, old fashioned",Quaker Oats | Quaker Oats,append_candidate,direct,
Ritz,ritz,Mondelēz International,direct,snacks,DACH|US_CANADA,DACH|US_CANADA,Germany,layer3_review_decision_20260824,explicit_company_mapping_from_layer3_review,map to Mondelēz International,Manual review / complex ownership,Manual review / complex ownership,2,Known Mondelēz brand / regional Cadbury routing outside US.,Ritz peanut butter sandwich crackers | hint of salt,Ritz | RITZ,append_candidate,direct,
Ritz,ritz,Mondelēz International,direct,snacks,UK_IE|US_CANADA,UK_IE|US_CANADA,United Kingdom,layer3_review_decision_20260824,explicit_company_mapping_from_layer3_review,map to Mondelēz International,Manual review / complex ownership,Manual review / complex ownership,2,Known Mondelēz brand / regional Cadbury routing outside US.,Ritz Bits peanut butter | Ritz crackers-mini original,Ritz | Ritz,append_candidate,direct,
Ruffles,ruffles,PepsiCo,direct,dairies,US_CANADA,US_CANADA,United States,layer3_review_decision_20260824,explicit_company_mapping_from_layer3_review,map to PepsiCo,Manual review / complex ownership,Manual review / complex ownership,2,Known PepsiCo brand / regional alias missing from proposed mapping.,Cheddar sour cream | Flamin’ Hot Cheddar & Sour Cream,Ruffles | Ruffles,append_candidate,direct,
Schweppes,schweppes,Suntory Beverage & Food,market_scoped,beverages,BENELUX|FRANCE|DACH,BENELUX|FRANCE|DACH,Belgium,layer3_review_decision_20260824,approved_proposed_company_from_layer3_review,approve proposed,Suntory Beverage & Food,Other / not mapped to a company,2,Proposed company mapping is concrete; approve for launch.,Tonic Indian | Schweppes Agrum',"Orangina Schweppes, Schweppes | Orangina Schweppes,Schweppes",append_candidate,direct,Corrected before upsert-ready split: known complex/market-scoped or licensed brand; do not mark as plain direct.
Schweppes,schweppes,Suntory Beverage & Food,market_scoped,beverages,BENELUX|FRANCE|DACH,BENELUX|FRANCE|DACH,Belgium,layer3_review_decision_20260824,approved_proposed_company_from_layer3_review,approve proposed,Suntory Beverage & Food,Suntory Beverage & Food,2,Proposed company mapping is concrete; approve for launch.,Agrum' aux saveurs de 4 agrumes,Schweppes | Schweppes,append_candidate,direct,Corrected before upsert-ready split: known complex/market-scoped or licensed brand; do not mark as plain direct.
Schweppes,schweppes,Suntory Beverage & Food,market_scoped,beverages,DACH|FRANCE,DACH|FRANCE,Austria,layer3_review_decision_20260824,approved_proposed_company_from_layer3_review,approve proposed,Suntory Beverage & Food,Suntory Beverage & Food,2,Proposed company mapping is concrete; approve for launch.,schweres | Schweppes Ginger ale,Schweppes | Schweppes,append_candidate,direct,Corrected before upsert-ready split: known complex/market-scoped or licensed brand; do not mark as plain direct.
Schweppes,schweppes,Suntory Beverage & Food,market_scoped,beverages,FRANCE,FRANCE,Bulgaria,layer3_review_decision_20260824,approved_proposed_company_from_layer3_review,approve proposed,Suntory Beverage & Food,Suntory Beverage & Food,2,Proposed company mapping is concrete; approve for launch.,,Schweppes | Schweppes,append_candidate,direct,Corrected before upsert-ready split: known complex/market-scoped or licensed brand; do not mark as plain direct.
Schweppes,schweppes,Suntory Beverage & Food,market_scoped,beverages,FRANCE,FRANCE,France,layer3_review_decision_20260824,approved_proposed_company_from_layer3_review,approve proposed,Suntory Beverage & Food,Manual review / complex ownership,2,Proposed company mapping is concrete; approve for launch.,Shweppes Ananas | Tonic water,"Coca-Cola, Schweppes | Coca-Cola, Schweppes",append_candidate,direct,Corrected before upsert-ready split: known complex/market-scoped or licensed brand; do not mark as plain direct.
Schweppes,schweppes,Suntory Beverage & Food,market_scoped,beverages,FRANCE|SOUTHERN_EUROPE,FRANCE|SOUTHERN_EUROPE,Bolivia,layer3_review_decision_20260824,approved_proposed_company_from_layer3_review,approve proposed,Suntory Beverage & Food,Suntory Beverage & Food,2,Proposed company mapping is concrete; approve for launch.,Tónica Original | Tónica Zero,Schweppes | Schweppes,append_candidate,direct,Corrected before upsert-ready split: known complex/market-scoped or licensed brand; do not mark as plain direct.
Simpl,simpl,Carrefour,direct,dairies,FRANCE,FRANCE,France,layer3_review_decision_20260824,explicit_company_mapping_from_layer3_review,map to Carrefour,Other / not mapped to a company,Other / not mapped to a company,2,"Carrefour brand/private-label/store-format row; brand entity should stay as normalized_brand, parent_company should be Carrefour.",Tiramisu | Lait stérilisé UHT demi-écrémé,Simpl | Simpl,append_candidate,direct,
Simpl,simpl,Carrefour,direct,dairies,FRANCE|SOUTHERN_EUROPE,FRANCE|SOUTHERN_EUROPE,France,layer3_review_decision_20260824,explicit_company_mapping_from_layer3_review,map to Carrefour,Other / not mapped to a company,Manual review / complex ownership,2,"Carrefour brand/private-label/store-format row; brand entity should stay as normalized_brand, parent_company should be Carrefour.",Emmental râpé | Fromages râpés,"Carrefour, Simpl | Carrefour,Simpl",append_candidate,direct,
Simpl,simpl,Carrefour,direct,snacks,FRANCE,FRANCE,France,layer3_review_decision_20260824,explicit_company_mapping_from_layer3_review,map to Carrefour,Other / not mapped to a company,Other / not mapped to a company,2,"Carrefour brand/private-label/store-format row; brand entity should stay as normalized_brand, parent_company should be Carrefour.",Petit beurre | 12 Macarons,"Simpl | Simpl, Carrefour",append_candidate,direct,
SodaStream,sodastream,PepsiCo,direct,beverages,BENELUX|FRANCE|DACH,BENELUX|FRANCE|DACH,Belgium,layer3_review_decision_20260824,explicit_company_mapping_from_layer3_review,map to PepsiCo,Manual review / complex ownership,Manual review / complex ownership,2,Known PepsiCo brand / regional alias missing from proposed mapping.,Orange light Sodastream | Zitronen-Limetten-Geschmack,sodastream | Sodastream,append_candidate,direct,
SodaStream,sodastream,PepsiCo,direct,beverages,FRANCE|DACH,FRANCE|DACH,Czech Republic,layer3_review_decision_20260824,explicit_company_mapping_from_layer3_review,map to PepsiCo,Manual review / complex ownership,Manual review / complex ownership,2,Known PepsiCo brand / regional alias missing from proposed mapping.,Saveur orange | Isotonic Orange,Sodastream | Sodastream,append_candidate,direct,
Sprite,sprite,The Coca-Cola Company,direct,beverages,FRANCE|US_CANADA,FRANCE|US_CANADA,France,layer3_review_decision_20260824,explicit_company_mapping_from_layer3_review,map to The Coca-Cola Company,Manual review / complex ownership,Manual review / complex ownership,2,Known Coca-Cola system brand; route to The Coca-Cola Company at company layer.,Sprite Zero Sugar Lemon-Lime | Lemon-Lime Soda,Sprite | Sprite,append_candidate,direct,
Toblerone,toblerone,Mondelēz International,direct,snacks,FRANCE|SOUTHERN_EUROPE|US_CANADA,FRANCE|SOUTHERN_EUROPE|US_CANADA,France,layer3_review_decision_20260824,explicit_company_mapping_from_layer3_review,map to Mondelēz International,Manual review / complex ownership,Manual review / complex ownership,2,Known Mondelēz brand / regional Cadbury routing outside US.,Toblerone | Toblerone chocolate bar milk,"Mondelez, Toblerone | Toblerone",append_candidate,direct,
Tostitos,tostitos,PepsiCo,direct,snacks,FRANCE,FRANCE,France,layer3_review_decision_20260824,explicit_company_mapping_from_layer3_review,map to PepsiCo,Manual review / complex ownership,Manual review / complex ownership,2,Known PepsiCo brand / regional alias missing from proposed mapping.,"Organic Tostitos Yellow Corn Tortilla Chip | Tostitos Tortilla Chips Crispy Rounds, 100% White Corn الاصفر","Simply, Tostitos | Tostitos",append_candidate,direct,
Tostitos,tostitos,PepsiCo,direct,snacks,US_CANADA,US_CANADA,Canada,layer3_review_decision_20260824,explicit_company_mapping_from_layer3_review,map to PepsiCo,Manual review / complex ownership,Manual review / complex ownership,2,Known PepsiCo brand / regional alias missing from proposed mapping.,Tostitos | Hint of Lime Flavour,Tostitos | Tostitos,append_candidate,direct,
Volvic,volvic,Danone,direct,beverages,BENELUX|FRANCE|DACH,BENELUX|FRANCE|DACH,Belgium,layer3_review_decision_20260824,explicit_company_mapping_from_layer3_review,map to Danone,Manual review / complex ownership,Manual review / complex ownership,2,Known Danone brand / brand line missing from proposed company mapping.,Eau minérale naturelle | Eau Minérale Naturelle,Volvic | Volvic,append_candidate,direct,
Walkers,walkers,PepsiCo,direct,beverages,FRANCE,FRANCE,France,layer3_review_decision_20260824,explicit_company_mapping_from_layer3_review,map to PepsiCo,Manual review / complex ownership,Manual review / complex ownership,2,Known PepsiCo brand / regional alias missing from proposed mapping.,Japanese sparkling soda | Boisson Petillante Melon,Walker's | Walker's,append_candidate,direct,
Walkers,walkers,PepsiCo,direct,snacks,DACH|UK_IE,DACH|UK_IE,Germany,layer3_review_decision_20260824,explicit_company_mapping_from_layer3_review,map to PepsiCo,Manual review / complex ownership,Manual review / complex ownership,2,Known PepsiCo brand / regional alias missing from proposed mapping.,oven baked sea salt | Walkers Roast Chicken 32.5,Walkers | walkers,append_candidate,direct,
Walkers,walkers,PepsiCo,direct,snacks,DACH|US_CANADA,DACH|US_CANADA,Germany,layer3_review_decision_20260824,explicit_company_mapping_from_layer3_review,map to PepsiCo,Manual review / complex ownership,Manual review / complex ownership,2,Known PepsiCo brand / regional alias missing from proposed mapping.,Glutenfree ginger and lemon shortbread | Shortbread mini shortbread fingers shortbread cookies,Walkers | Walkers,append_candidate,direct,
Walkers,walkers,PepsiCo,direct,snacks,DACH|US_CANADA,DACH|US_CANADA,Switzerland,layer3_review_decision_20260824,explicit_company_mapping_from_layer3_review,map to PepsiCo,Manual review / complex ownership,Manual review / complex ownership,2,Known PepsiCo brand / regional alias missing from proposed mapping.,Pure butter shortbread assortment | Shortbread mini rounds chocolate chip,Walkers | Walkers,append_candidate,direct,
Walkers,walkers,PepsiCo,direct,snacks,FRANCE|DACH|UK_IE,FRANCE|DACH|UK_IE,France,layer3_review_decision_20260824,explicit_company_mapping_from_layer3_review,map to PepsiCo,Manual review / complex ownership,Manual review / complex ownership,2,Known PepsiCo brand / regional alias missing from proposed mapping.,Shortbread Highlanders,Walkers | Walkers,append_candidate,direct,
Walkers,walkers,PepsiCo,direct,snacks,FRANCE|DACH|US_CANADA,FRANCE|DACH|US_CANADA,France,layer3_review_decision_20260824,explicit_company_mapping_from_layer3_review,map to PepsiCo,Manual review / complex ownership,Manual review / complex ownership,2,Known PepsiCo brand / regional alias missing from proposed mapping.,SHORTBREAD ROUNDS 150G - WALKERS - 150g | Highland oatcakes,"WALKER'S | Walkers, Walkers Shortbread Ltd.",append_candidate,direct,
Walkers,walkers,PepsiCo,direct,snacks,FRANCE|UK_IE,FRANCE|UK_IE,France,layer3_review_decision_20260824,explicit_company_mapping_from_layer3_review,map to PepsiCo,Manual review / complex ownership,Other / not mapped to a company,2,Known PepsiCo brand / regional alias missing from proposed mapping.,Crinkles Simply Salted Crisps 6 x | Grainwaves Sour Cream & Cracked Black Pepper Flavour,"Crinkles, Walkers | PepsiCo, Sunbites, Walkers",append_candidate,direct,
Walkers,walkers,PepsiCo,direct,snacks,UK_IE|US_CANADA,UK_IE|US_CANADA,United Kingdom,layer3_review_decision_20260824,explicit_company_mapping_from_layer3_review,map to PepsiCo,Manual review / complex ownership,Manual review / complex ownership,2,Known PepsiCo brand / regional alias missing from proposed mapping.,Chocolate shortbread assortment | Walkers assorted shortbread cookies,Walkers | Walkers,append_candidate,direct,
aldi,aldi,Aldi,direct,beverages,BENELUX|FRANCE,BENELUX|FRANCE,Belgium,layer3_review_decision_20260824,explicit_company_mapping_from_layer3_review,map to Aldi,Manual review / complex ownership,Manual review / complex ownership,2,Obvious Aldi retailer/private-label brand line.,Grenadine | Jus de légumes,Aldi | Aldi,append_candidate,direct,
aldi,aldi,Aldi,direct,beverages,BENELUX|FRANCE|DACH,BENELUX|FRANCE|DACH,Belgium,layer3_review_decision_20260824,explicit_company_mapping_from_layer3_review,map to Aldi,Manual review / complex ownership,Manual review / complex ownership,2,Obvious Aldi retailer/private-label brand line.,Jus de Tomate au Sel Marin ou Jus de Carotte au Miel | coconut milk,"Aldi, Bio Smiley | Aldi, Asia Green Garden, I. Schroeder",append_candidate,direct,
aldi,aldi,Aldi,direct,beverages,DACH|US_CANADA,DACH|US_CANADA,Germany,layer3_review_decision_20260824,explicit_company_mapping_from_layer3_review,map to Aldi,Manual review / complex ownership,Manual review / complex ownership,2,Obvious Aldi retailer/private-label brand line.,Westcliff Orientalische Minze | Alpen Kräuter Sirup,"Aldi, Westcliff | Aldi",append_candidate,direct,
aldi,aldi,Aldi,direct,cereals,BENELUX|FRANCE,BENELUX|FRANCE,Belgium,layer3_review_decision_20260824,explicit_company_mapping_from_layer3_review,map to Aldi,Manual review / complex ownership,Manual review / complex ownership,2,Obvious Aldi retailer/private-label brand line.,Fruit Crunchy | Wellness Flakes,"Aldi, GOLDEN BRIDGE | Aldi, Golden Bridge",append_candidate,direct,
aldi,aldi,Aldi,direct,cereals,FRANCE|DACH,FRANCE|DACH,France,layer3_review_decision_20260824,explicit_company_mapping_from_layer3_review,map to Aldi,Manual review / complex ownership,Manual review / complex ownership,2,Obvious Aldi retailer/private-label brand line.,Schoko Chips | Premium-Müsli - Triple-Choc,"Aldi, Knusperone | Aldi,Knusperone,Brüggen",append_candidate,direct,
aldi,aldi,Aldi,direct,cereals,FRANCE|SOUTHERN_EUROPE,FRANCE|SOUTHERN_EUROPE,France,layer3_review_decision_20260824,explicit_company_mapping_from_layer3_review,map to Aldi,Manual review / complex ownership,Manual review / complex ownership,2,Obvious Aldi retailer/private-label brand line.,Copos de avena | Muesli crujiente con frutos secos,"Aldi, Holden Bridge | Aldi, Holden Bridge",append_candidate,direct,
aldi,aldi,Aldi,direct,dairies,DACH|UK_IE,DACH|UK_IE,Germany,layer3_review_decision_20260824,explicit_company_mapping_from_layer3_review,map to Aldi,Manual review / complex ownership,Manual review / complex ownership,2,Obvious Aldi retailer/private-label brand line.,British Red Leicester cheese | Vanilla Protein Mousse,Aldi | Aldi,append_candidate,direct,
aldi,aldi,Aldi,direct,dairies,DACH|US_CANADA,DACH|US_CANADA,Germany,layer3_review_decision_20260824,explicit_company_mapping_from_layer3_review,map to Aldi,Manual review / complex ownership,Manual review / complex ownership,2,Obvious Aldi retailer/private-label brand line.,Grießpudding - Kirsche | Traditional Feta Cheese,"Aldi, Milsani, T.M.A. | ALDI",append_candidate,direct,
aldi,aldi,Aldi,direct,dairies,FRANCE|UK_IE,FRANCE|UK_IE,France,layer3_review_decision_20260824,explicit_company_mapping_from_layer3_review,map to Aldi,Manual review / complex ownership,Manual review / complex ownership,2,Obvious Aldi retailer/private-label brand line.,Parmigiano Reggiano 30 months | GRATED GRANA PADANO,"Aldi, Specially Selected | Aldi",append_candidate,direct,
aldi,aldi,Aldi,direct,snacks,DACH|UK_IE,DACH|UK_IE,Germany,layer3_review_decision_20260824,explicit_company_mapping_from_layer3_review,map to Aldi,Manual review / complex ownership,Manual review / complex ownership,2,Obvious Aldi retailer/private-label brand line.,Protein brownie | Everyday essentials dark chocolate,Aldi | Aldi,append_candidate,direct,
aldi,aldi,Aldi,direct,snacks,FRANCE|US_CANADA,FRANCE|US_CANADA,France,layer3_review_decision_20260824,explicit_company_mapping_from_layer3_review,map to Aldi,Manual review / complex ownership,Manual review / complex ownership,2,Obvious Aldi retailer/private-label brand line.,Clancy's original veggie chips | Brioche tranchée pur beurre,"Aldi, Clancy's | Aldi, Les Pâtissades",append_candidate,direct,
aldi,aldi,Aldi,direct,snacks,US_CANADA|FRANCE,US_CANADA|FRANCE,Canada,layer3_review_decision_20260824,explicit_company_mapping_from_layer3_review,map to Aldi,Manual review / complex ownership,Manual review / complex ownership,2,Obvious Aldi retailer/private-label brand line.,Madeleines longues aux œufs | Mini cookies aux pépites de chocolat,"Aldi, Tante Odile | Aldi, Les Malins Plaisirs",append_candidate,direct,
aldi bio,aldi bio,Aldi,direct,dairies,FRANCE,FRANCE,France,layer3_review_decision_20260824,explicit_company_mapping_from_layer3_review,map to Aldi,Other / not mapped to a company,Manual review / complex ownership,2,Obvious Aldi retailer/private-label brand line.,Schlagsahne | Fruchtjoghurt mild Mango- Vanille,Aldi Bio | Aldi bio,append_candidate,direct,
aldi dairyfine,aldi dairyfine,Aldi,direct,snacks,UK_IE,UK_IE,United Kingdom,layer3_review_decision_20260824,explicit_company_mapping_from_layer3_review,map to Aldi,Other / not mapped to a company,Manual review / complex ownership,2,Obvious Aldi retailer/private-label brand line.,Dark Chocolate | JIVE LOADED BROWNIES,Aldi Dairyfine | Aldi -Dairyfine,append_candidate,direct,
aldi sun quench,aldi sun quench,Aldi,direct,beverages,UK_IE,UK_IE,United Kingdom,layer3_review_decision_20260824,explicit_company_mapping_from_layer3_review,map to Aldi,Other / not mapped to a company,Manual review / complex ownership,2,Obvious Aldi retailer/private-label brand line.,50% High Juice | fruit and barley peach,Aldi Sun Quench | Aldi Sun Quench,append_candidate,direct,
auchan,auchan,Auchan,direct,beverages,FRANCE|DACH,FRANCE|DACH,France,layer3_review_decision_20260824,explicit_company_mapping_from_layer3_review,map to Auchan,Manual review / complex ownership,Manual review / complex ownership,2,Obvious Auchan retailer/private-label brand line.,Grenadine 0% sucre | Lait écrémé,Auchan | Auchan,append_candidate,direct,
auchan,auchan,Auchan,direct,dairies,FRANCE|UK_IE,FRANCE|UK_IE,France,layer3_review_decision_20260824,explicit_company_mapping_from_layer3_review,map to Auchan,Manual review / complex ownership,Manual review / complex ownership,2,Obvious Auchan retailer/private-label brand line.,Meule fruitée | Mini fromages de chèvre,Auchan | Auchan,append_candidate,direct,
auchan,auchan,Auchan,direct,dairies,FRANCE|US_CANADA,FRANCE|US_CANADA,France,layer3_review_decision_20260824,explicit_company_mapping_from_layer3_review,map to Auchan,Manual review / complex ownership,Manual review / complex ownership,2,Obvious Auchan retailer/private-label brand line.,Crème Dessert au chocolat | Crème légère fluide15% mat. gr.,"Auchan, DANONE | Auchan",append_candidate,direct,
auchan,auchan,Auchan,direct,snacks,FRANCE|UK_IE,FRANCE|UK_IE,France,layer3_review_decision_20260824,explicit_company_mapping_from_layer3_review,map to Auchan,Manual review / complex ownership,Manual review / complex ownership,2,Obvious Auchan retailer/private-label brand line.,Bouteilles goût Cola | Gaufres Liégeoises Au Chocolat,"Auchan, Pouce | Auchan",append_candidate,direct,
auchan baby,auchan baby,Auchan,direct,dairies,FRANCE,FRANCE,France,layer3_review_decision_20260824,explicit_company_mapping_from_layer3_review,map to Auchan,Other / not mapped to a company,Manual review / complex ownership,2,Obvious Auchan retailer/private-label brand line.,Lait croissance bio | Baby - Crème dessert vanille,"Auchan Baby,Auchan | Auchan Baby",append_candidate,direct,
auchan baby bio,auchan baby bio,Auchan,direct,snacks,FRANCE,FRANCE,France,layer3_review_decision_20260824,explicit_company_mapping_from_layer3_review,map to Auchan,Other / not mapped to a company,Manual review / complex ownership,2,Obvious Auchan retailer/private-label brand line.,Biscuits Fondants | Biscuits oursons,Auchan Baby Bio | Auchan Baby Bio,append_candidate,direct,
auchan bio,auchan bio,Auchan,direct,beverages,FRANCE|SOUTHERN_EUROPE,FRANCE|SOUTHERN_EUROPE,France,layer3_review_decision_20260824,explicit_company_mapping_from_layer3_review,map to Auchan,Other / not mapped to a company,Manual review / complex ownership,2,Obvious Auchan retailer/private-label brand line.,Poudre cacaotée bio 32% de cacao | Soja Bio,"Auchan Bio, auchan | Auchan Bio",append_candidate,direct,
auchan discount,auchan discount,Auchan,direct,dairies,FRANCE,FRANCE,France,layer3_review_decision_20260824,explicit_company_mapping_from_layer3_review,map to Auchan,Other / not mapped to a company,Manual review / complex ownership,2,Obvious Auchan retailer/private-label brand line.,Yaourt nature | Gorgonzola AOP,"Auchan Discount, Eurial Ultra Frais | Auchan Discount",append_candidate,direct,
auchan gourmet,auchan gourmet,Auchan,direct,snacks,FRANCE,FRANCE,France,layer3_review_decision_20260824,explicit_company_mapping_from_layer3_review,map to Auchan,Other / not mapped to a company,Manual review / complex ownership,2,Obvious Auchan retailer/private-label brand line.,Noir éclats de framboises aromatisé | Tiramisu au café,"Auchan Gourmet,Auchan | Auchan Gourmet",append_candidate,direct,
auchan le patissier,auchan le patissier,Auchan,direct,snacks,FRANCE,FRANCE,France,layer3_review_decision_20260824,explicit_company_mapping_from_layer3_review,map to Auchan,Other / not mapped to a company,Manual review / complex ownership,2,Obvious Auchan retailer/private-label brand line.,Auchan couronne rois maison | Religieuse Chocolat Auchan Le Patissier 2,"Auchan Le Pâtissier,Auchan | Auchan le patissier,Auchan",append_candidate,direct,
babybel,babybel,Bel Group,direct,dairies,BENELUX|FRANCE,BENELUX|FRANCE,Belgium,layer3_review_decision_20260824,explicit_company_mapping_from_layer3_review,map to Bel Group,Manual review / complex ownership,Manual review / complex ownership,2,Known Bel Group cheese brand.,12 Mini Babybel | Babybel,"Babybel | Babybel, Bel",append_candidate,direct,
babybel,babybel,Bel Group,direct,dairies,BENELUX|FRANCE|DACH,BENELUX|FRANCE|DACH,Belgium,layer3_review_decision_20260824,explicit_company_mapping_from_layer3_review,map to Bel Group,Manual review / complex ownership,Manual review / complex ownership,2,Known Bel Group cheese brand.,Mini Babybel (23 % MG) x 6 | Babybel Moelleux & Généreux,"Babybel, Bel | Babybel, Bel",append_candidate,direct,
babybel,babybel,Bel Group,direct,dairies,DACH|UK_IE,DACH|UK_IE,Germany,layer3_review_decision_20260824,explicit_company_mapping_from_layer3_review,map to Bel Group,Manual review / complex ownership,Manual review / complex ownership,2,Known Bel Group cheese brand.,Mini-Babybel Original | PLANT BASED SNACK,"Babybel, Bel | Babybel",append_candidate,direct,
babybel,babybel,Bel Group,direct,dairies,FRANCE,FRANCE,Australia,layer3_review_decision_20260824,explicit_company_mapping_from_layer3_review,map to Bel Group,Manual review / complex ownership,Manual review / complex ownership,2,Known Bel Group cheese brand.,Mini Babybel | Babybel,Babybel | Babybel,append_candidate,direct,
babybel,babybel,Bel Group,direct,dairies,FRANCE|SOUTHERN_EUROPE,FRANCE|SOUTHERN_EUROPE,France,layer3_review_decision_20260824,explicit_company_mapping_from_layer3_review,map to Bel Group,Manual review / complex ownership,Manual review / complex ownership,2,Known Bel Group cheese brand.,Original Babybel | Babybel,"Babybel | Babybel,Bel",append_candidate,direct,
boursin,boursin,Bel Group,direct,dairies,FRANCE|UK_IE,FRANCE|UK_IE,France,layer3_review_decision_20260824,explicit_company_mapping_from_layer3_review,map to Bel Group,Manual review / complex ownership,Manual review / complex ownership,2,Known Bel Group cheese brand.,Boursin truffle flavoured | Boursin portions garlic & herbs,Boursin | Boursin,append_candidate,direct,
boursin,boursin,Bel Group,direct,dairies,UK_IE,UK_IE,United Kingdom,layer3_review_decision_20260824,explicit_company_mapping_from_layer3_review,map to Bel Group,Manual review / complex ownership,Manual review / complex ownership,2,Known Bel Group cheese brand.,Hot cheese bites with red pepper | Hot cheese bites with mushroom,Boursin | Boursin,append_candidate,direct,
carrefour,carrefour,Carrefour,direct,beverages,FRANCE|DACH|SOUTHERN_EUROPE,FRANCE|DACH|SOUTHERN_EUROPE,France,layer3_review_decision_20260824,explicit_company_mapping_from_layer3_review,map to Carrefour,Manual review / complex ownership,Manual review / complex ownership,2,"Carrefour brand/private-label/store-format row; brand entity should stay as normalized_brand, parent_company should be Carrefour.",Classico | 100% pur jus jus d'ananas,"Carrefour, senseo | Carrefour",append_candidate,direct,
carrefour,carrefour,Carrefour,direct,snacks,FRANCE,FRANCE,Czech Republic,layer3_review_decision_20260824,explicit_company_mapping_from_layer3_review,map to Carrefour,Manual review / complex ownership,Manual review / complex ownership,2,"Carrefour brand/private-label/store-format row; brand entity should stay as normalized_brand, parent_company should be Carrefour.",Chocolat noir dessert | BIO Barres céréales Fraise,Carrefour | Carrefour,append_candidate,direct,
carrefour,carrefour,Carrefour,direct,snacks,FRANCE|SOUTHERN_EUROPE|DACH,FRANCE|SOUTHERN_EUROPE|DACH,France,layer3_review_decision_20260824,explicit_company_mapping_from_layer3_review,map to Carrefour,Manual review / complex ownership,Manual review / complex ownership,2,"Carrefour brand/private-label/store-format row; brand entity should stay as normalized_brand, parent_company should be Carrefour.",TORTILLA CHIPS Goût Chili | Cookies tout chocolat,Carrefour | Carrefour,append_candidate,direct,
carrefour filiere qualite,carrefour filiere qualite,Carrefour,direct,beverages,BENELUX|FRANCE,BENELUX|FRANCE,Belgium,layer3_review_decision_20260824,explicit_company_mapping_from_layer3_review,map to Carrefour,Other / not mapped to a company,Manual review / complex ownership,2,"Carrefour brand/private-label/store-format row; brand entity should stay as normalized_brand, parent_company should be Carrefour.",Filière Qualité Carrefour The Market Jus de Pomme-Poire | Filière Qualité Carrefour The Market Jus de Pomme,"Carrefour filiere qualite,Carrefour fqc | Carrefour filiere qualite,Carrefour fqc",append_candidate,direct,
carrefour market,carrefour market,Carrefour,direct,beverages,FRANCE,FRANCE,France,layer3_review_decision_20260824,explicit_company_mapping_from_layer3_review,map to Carrefour,Other / not mapped to a company,Manual review / complex ownership,2,"Carrefour brand/private-label/store-format row; brand entity should stay as normalized_brand, parent_company should be Carrefour.",Monopole TREMOUREDE | Human Cola Regular Pet,Carrefour Market | CARREFOUR MARKET,append_candidate,direct,
casino delices,casino delices,Groupe Casino,direct,beverages,FRANCE,FRANCE,France,layer3_review_decision_20260824,explicit_company_mapping_from_layer3_review,map to Groupe Casino,Other / not mapped to a company,Manual review / complex ownership,2,Obvious Casino retailer/private-label brand line.,"Thé noir parfumé agrumes, cannelle avec écorces d'orange et fleurs de bleuet | capsules de café Espresso Costa Rica MH","Casino Délices | Casino Délices, Délices",append_candidate,direct,
casino delices,casino delices,Groupe Casino,direct,dairies,FRANCE,FRANCE,France,layer3_review_decision_20260824,explicit_company_mapping_from_layer3_review,map to Groupe Casino,Other / not mapped to a company,Manual review / complex ownership,2,Obvious Casino retailer/private-label brand line.,Tête de Moine Fromage de Bellelay Appellation D'origine Protégée | Panna cotta et son coulis à la framboise,Casino Délices | Casino Délices,append_candidate,direct,
casino famili,casino famili,Groupe Casino,direct,cereals,FRANCE,FRANCE,France,layer3_review_decision_20260824,explicit_company_mapping_from_layer3_review,map to Groupe Casino,Other / not mapped to a company,Manual review / complex ownership,2,Obvious Casino retailer/private-label brand line.,Boules Miel | Pyramides au chocolat,Casino Famili | Casino Famili,append_candidate,direct,
casino famili,casino famili,Groupe Casino,direct,snacks,FRANCE,FRANCE,France,layer3_review_decision_20260824,explicit_company_mapping_from_layer3_review,map to Groupe Casino,Other / not mapped to a company,Manual review / complex ownership,2,Obvious Casino retailer/private-label brand line.,Oursons | marshmallows,Casino Famili | casino famili,append_candidate,direct,
casino saveurs dailleurs,casino saveurs dailleurs,Groupe Casino,direct,snacks,FRANCE,FRANCE,France,layer3_review_decision_20260824,explicit_company_mapping_from_layer3_review,map to Groupe Casino,Other / not mapped to a company,Other / not mapped to a company,2,Obvious Casino retailer/private-label brand line.,Tortillas chips goût Chili | Tortillas Chips Goût Fromage,CASINO SAVEURS D'AILLEURS | Casino Saveurs d'Ailleurs,append_candidate,direct,
coop fine food,coop fine food,Coop,direct,snacks,FRANCE|DACH,FRANCE|DACH,France,layer3_review_decision_20260824,explicit_company_mapping_from_layer3_review,map to Coop,Other / not mapped to a company,Manual review / complex ownership,2,Obvious Coop retailer/private-label brand line.,Hopi Blue Chipotle Nachos | Cantucci,Coop Fine Food | Coop Fine Food,append_candidate,direct,
coop naturaplan bio,coop naturaplan bio,Coop,direct,dairies,FRANCE|DACH,FRANCE|DACH,France,layer3_review_decision_20260824,explicit_company_mapping_from_layer3_review,map to Coop,Other / not mapped to a company,Manual review / complex ownership,2,Obvious Coop retailer/private-label brand line.,Beurre aux herbes | Jogurt à la grecque figue - Bio,"Coop Naturaplan Bio | Coop Naturaplan Bio,Naturaplan",append_candidate,direct,
coop naturaplan bio,coop naturaplan bio,Coop,direct,snacks,FRANCE|DACH,FRANCE|DACH,France,layer3_review_decision_20260824,explicit_company_mapping_from_layer3_review,map to Coop,Other / not mapped to a company,Manual review / complex ownership,2,Obvious Coop retailer/private-label brand line.,Naturaplan Chocolat Noir Aux Pistaches Caramélisées Et Salées | Bio Cracker épeautre,"Coop Naturaplan Bio, Naturaplan | Coop Naturaplan Bio, Naturaplan",append_candidate,direct,
coop qualite and prix,coop qualite and prix,Coop,direct,snacks,FRANCE|DACH,FRANCE|DACH,France,layer3_review_decision_20260824,explicit_company_mapping_from_layer3_review,map to Coop,Other / not mapped to a company,Other / not mapped to a company,2,Obvious Coop retailer/private-label brand line.,Macarons | Chocolate chip Cookies,Coop Qualité & Prix | Coop Qualité & Prix,append_candidate,direct,
crunch,crunch,Nestlé,direct,cereals,BENELUX|FRANCE,BENELUX|FRANCE,Belgium,layer3_review_decision_20260824,explicit_company_mapping_from_layer3_review,map to Nestlé,Manual review / complex ownership,Manual review / complex ownership,2,Known Nestlé brand / brand line missing from proposed company mapping.,crunch | Crunch,"Nestlé, Crunch | Nestlé, Crunch",append_candidate,direct,
crunch,crunch,Nestlé,direct,snacks,US_CANADA,US_CANADA,United States,layer3_review_decision_20260824,explicit_company_mapping_from_layer3_review,map to Nestlé,Manual review / complex ownership,Manual review / complex ownership,2,Known Nestlé brand / brand line missing from proposed company mapping.,CRUNCH Creamy Milk Chocolate with Crisped Rice | Crunch! cookies,CRUNCH | Crunch!,append_candidate,direct,
danone,danone,Danone,direct,dairies,BENELUX|FRANCE|SOUTHERN_EUROPE,BENELUX|FRANCE|SOUTHERN_EUROPE,Belgium,layer3_review_decision_20260824,approved_proposed_company_from_layer3_review,approve proposed,Danone,Danone,2,Proposed company mapping is concrete; approve for launch.,Danone le nature 125 g x 4 | Dan. actimel Fraise 8X100ML,"Danone, Danone set plain | Danone",append_candidate,direct,
danone,danone,Danone,direct,dairies,FRANCE,FRANCE,Australia,layer3_review_decision_20260824,approved_proposed_company_from_layer3_review,approve proposed,Danone,Danone,2,Proposed company mapping is concrete; approve for launch.,BANANA YOGHURT | The Ultimate yoghurt by Danone - Natural & Sweet,DANONE | Danone,append_candidate,direct,
danone,danone,Danone,direct,dairies,UK_IE,UK_IE,Romania,layer3_review_decision_20260824,approved_proposed_company_from_layer3_review,approve proposed,Danone,Danone,2,Proposed company mapping is concrete; approve for launch.,casa buna smantana 12% 370 g | YoPRO,Danone | Danone,append_candidate,direct,
danone,danone,Danone,direct,dairies,US_CANADA|FRANCE,US_CANADA|FRANCE,Canada,layer3_review_decision_20260824,approved_proposed_company_from_layer3_review,approve proposed,Danone,Danone,2,Proposed company mapping is concrete; approve for launch.,Danette choco noisette | Danette Dessert Laitier Au Chocolat,Danone | Danone,append_candidate,direct,
e.leclerc,e.leclerc,E.Leclerc,direct,dairies,FRANCE,FRANCE,France,layer3_review_decision_20260824,explicit_company_mapping_from_layer3_review,map to E.Leclerc,Manual review / complex ownership,Other / not mapped to a company,2,Obvious E.Leclerc retailer/private-label brand line.,Petit Livarot AOP (22 % MG) | Comte,"E. Graindorge, E.Leclerc | Eleclerc",append_candidate,direct,
e.leclerc,e.leclerc,E.Leclerc,direct,dairies,US_CANADA,US_CANADA,United States,layer3_review_decision_20260824,explicit_company_mapping_from_layer3_review,map to E.Leclerc,Manual review / complex ownership,Manual review / complex ownership,2,Obvious E.Leclerc retailer/private-label brand line.,Comté AOP Prestige 12 mois affinage | Tomme de Savoie fermière,E.Leclerc | E. Leclerc,append_candidate,direct,
kiri,kiri,Bel Group,direct,dairies,BENELUX|FRANCE|DACH,BENELUX|FRANCE|DACH,Belgium,layer3_review_decision_20260824,explicit_company_mapping_from_layer3_review,map to Bel Group,Manual review / complex ownership,Other / not mapped to a company,2,Known Bel Group cheese brand.,Kiri® Goûter 5 barquettes | Kiri goûter (8 portions) format famiial,"Bel, Kiri, Kiri gouter | Bel,Kiri,Kiri gouter",append_candidate,direct,
kiri,kiri,Bel Group,direct,dairies,FRANCE,FRANCE,Algeria,layer3_review_decision_20260824,explicit_company_mapping_from_layer3_review,map to Bel Group,Manual review / complex ownership,Manual review / complex ownership,2,Known Bel Group cheese brand.,Lait UHT | Kiri,Kiri | Kiri,append_candidate,direct,
kiri,kiri,Bel Group,direct,dairies,FRANCE|SOUTHERN_EUROPE,FRANCE|SOUTHERN_EUROPE,France,layer3_review_decision_20260824,explicit_company_mapping_from_layer3_review,map to Bel Group,Manual review / complex ownership,Manual review / complex ownership,2,Known Bel Group cheese brand.,Queso fresco fundido | Recreo,Kiri | kiri,append_candidate,direct,
la laitiere,la laitiere,Nestlé,direct,dairies,FRANCE|DACH,FRANCE|DACH,France,layer3_review_decision_20260824,explicit_company_mapping_from_layer3_review,map to Nestlé,Other / not mapped to a company,Other / not mapped to a company,2,Known Nestlé brand / brand line missing from proposed company mapping.,Maronsui's 4x69g | Frais et fondant Chocolat,La Laitière | la laitière,append_candidate,direct,
le rustique,le rustique,Savencia,direct,dairies,UK_IE,UK_IE,United Kingdom,layer3_review_decision_20260824,explicit_company_mapping_from_layer3_review,map to Savencia,Manual review / complex ownership,Manual review / complex ownership,2,Known Savencia cheese brand.,camembert | camembert,"le rustique,CF&R,Savencia | Le Rustique,CF&R,Savencia",append_candidate,direct,
leclerc,leclerc,E.Leclerc,direct,dairies,FRANCE|DACH,FRANCE|DACH,France,layer3_review_decision_20260824,explicit_company_mapping_from_layer3_review,map to E.Leclerc,Manual review / complex ownership,Manual review / complex ownership,2,Obvious E.Leclerc retailer/private-label brand line.,Carré Du Pays Breton | Mimolette vieille,"Leclerc, Nos Regions Ont Du Talent | Leclerc, Nos Régions ont du Talent",append_candidate,direct,
leclerc traiteur,leclerc traiteur,E.Leclerc,direct,snacks,FRANCE,FRANCE,France,layer3_review_decision_20260824,explicit_company_mapping_from_layer3_review,map to E.Leclerc,Other / not mapped to a company,Manual review / complex ownership,2,Obvious E.Leclerc retailer/private-label brand line.,Tarte aux fraises | Madeleines chocolat noisettes,Leclerc Traiteur | Leclerc Traiteur,append_candidate,direct,
lidl,lidl,Lidl,direct,beverages,BENELUX|FRANCE,BENELUX|FRANCE,Belgium,layer3_review_decision_20260824,explicit_company_mapping_from_layer3_review,map to Lidl,Manual review / complex ownership,Manual review / complex ownership,2,Obvious Lidl retailer/private-label brand line.,Black Tea Lemon | Kong Strong Urban Classic Energy Drink,"Lidl, Lord Nelson | Lidl",append_candidate,direct,
lidl,lidl,Lidl,direct,beverages,BENELUX|UK_IE,BENELUX|UK_IE,Netherlands,layer3_review_decision_20260824,explicit_company_mapping_from_layer3_review,map to Lidl,Manual review / complex ownership,Manual review / complex ownership,2,Obvious Lidl retailer/private-label brand line.,Patronus Weissbier | Gut health,Lidl | Lidl,append_candidate,direct,
lidl,lidl,Lidl,direct,beverages,FRANCE|BENELUX,FRANCE|BENELUX,France,layer3_review_decision_20260824,explicit_company_mapping_from_layer3_review,map to Lidl,Manual review / complex ownership,Manual review / complex ownership,2,Obvious Lidl retailer/private-label brand line.,"Ananas Meloen | Aqua+sport, Limette & Grapefruit",Lidl | Lidl,append_candidate,direct,
lidl,lidl,Lidl,direct,beverages,FRANCE|DACH|US_CANADA,FRANCE|DACH|US_CANADA,France,layer3_review_decision_20260824,explicit_company_mapping_from_layer3_review,map to Lidl,Manual review / complex ownership,Manual review / complex ownership,2,Obvious Lidl retailer/private-label brand line.,Family Cappuccino Chocolate | Energy Drink (Freeway),Lidl | Lidl,append_candidate,direct,
lidl,lidl,Lidl,direct,dairies,DACH|UK_IE,DACH|UK_IE,Germany,layer3_review_decision_20260824,explicit_company_mapping_from_layer3_review,map to Lidl,Manual review / complex ownership,Manual review / complex ownership,2,Obvious Lidl retailer/private-label brand line.,Raspberry and passion fruit layered yogurt | High Protein Grated Mature cheese,"lidl | Lidl,Valley Spire",append_candidate,direct,
lidl,lidl,Lidl,direct,snacks,DACH|UK_IE,DACH|UK_IE,Germany,layer3_review_decision_20260824,explicit_company_mapping_from_layer3_review,map to Lidl,Manual review / complex ownership,Manual review / complex ownership,2,Obvious Lidl retailer/private-label brand line.,Pains Au Chocolate | Gefüllte Frischei Waffeln mit Kakao-Haselnussgeschmack-Füllung,"Lidl | Lidl,kuchenzauber",append_candidate,direct,
lidl,lidl,Lidl,direct,snacks,UK_IE,UK_IE,Poland,layer3_review_decision_20260824,explicit_company_mapping_from_layer3_review,map to Lidl,Manual review / complex ownership,Manual review / complex ownership,2,Obvious Lidl retailer/private-label brand line.,Milk chocolate | Salted pretzel hearts,Lidl | Lidl,append_candidate,direct,
lidl dairy manor,lidl dairy manor,Lidl,direct,dairies,UK_IE,UK_IE,United Kingdom,layer3_review_decision_20260824,explicit_company_mapping_from_layer3_review,map to Lidl,Other / not mapped to a company,Manual review / complex ownership,2,Obvious Lidl retailer/private-label brand line.,Fresh single cream | filtered whole British milk,Lidl dairy manor | Lidl dairy manor,append_candidate,direct,
lidl deluxe,lidl deluxe,Lidl,direct,beverages,UK_IE,UK_IE,United Kingdom,layer3_review_decision_20260824,explicit_company_mapping_from_layer3_review,map to Lidl,Other / not mapped to a company,Manual review / complex ownership,2,Obvious Lidl retailer/private-label brand line.,Superfruits Tea | Elderflower Cordial,Lidl Deluxe | Lidl Deluxe,append_candidate,direct,
lidl deluxe,lidl deluxe,Lidl,direct,dairies,UK_IE,UK_IE,United Kingdom,layer3_review_decision_20260824,explicit_company_mapping_from_layer3_review,map to Lidl,Other / not mapped to a company,Manual review / complex ownership,2,Obvious Lidl retailer/private-label brand line.,Goats' Milk Camembert | Root vegetable melt in the middle nut roasts,"Lidl Deluxe,Lidl | Lidl Deluxe",append_candidate,direct,
lidl milbona,lidl milbona,Lidl,direct,dairies,FRANCE|DACH,FRANCE|DACH,France,layer3_review_decision_20260824,explicit_company_mapping_from_layer3_review,map to Lidl,Other / not mapped to a company,Manual review / complex ownership,2,Obvious Lidl retailer/private-label brand line.,Schoko Drink | Milkshake chocolat,Lidl Milbona | Lidl Milbona,append_candidate,direct,
lidl snaktastic,lidl snaktastic,Lidl,direct,snacks,UK_IE,UK_IE,United Kingdom,layer3_review_decision_20260824,explicit_company_mapping_from_layer3_review,map to Lidl,Other / not mapped to a company,Manual review / complex ownership,2,Obvious Lidl retailer/private-label brand line.,Salt And Malt Vinegar Ridge Cut Crisps | Classic Sweet Popcorn,Lidl Snaktastic | Lidl Snaktastic,append_candidate,direct,
light and free,light and free,Danone,direct,dairies,US_CANADA,US_CANADA,United States,layer3_review_decision_20260824,explicit_company_mapping_from_layer3_review,map to Danone,Other / not mapped to a company,Other / not mapped to a company,2,Known Danone brand / brand line missing from proposed company mapping.,Fromage blanc Light & Free | Skyr fraise,Light & Free | Light & free,append_candidate,direct,
lindt,lindt,Lindt & Sprüngli,direct,snacks,BENELUX|FRANCE,BENELUX|FRANCE,Belgium,layer3_review_decision_20260824,explicit_company_mapping_from_layer3_review,map to Lindt & Sprüngli,Manual review / complex ownership,Manual review / complex ownership,2,Known Lindt brand / line.,Création - Praliné Feuilleté aux éclats de crêpe dentelle | Lindt Excellence Cassis Intense,Lindt | Lindt,append_candidate,direct,
lindt,lindt,Lindt & Sprüngli,direct,snacks,DACH|BENELUX|FRANCE|SOUTHERN_EUROPE,DACH|BENELUX|FRANCE|SOUTHERN_EUROPE,Austria,layer3_review_decision_20260824,explicit_company_mapping_from_layer3_review,map to Lindt & Sprüngli,Manual review / complex ownership,Manual review / complex ownership,2,Known Lindt brand / line.,Lindt Excellence Dark Chocolate 100% COCOA PURE COCOA | Excellence 85% cacao,Lindt | Lindt,append_candidate,direct,
lindt,lindt,Lindt & Sprüngli,direct,snacks,FRANCE,FRANCE,Algeria,layer3_review_decision_20260824,explicit_company_mapping_from_layer3_review,map to Lindt & Sprüngli,Manual review / complex ownership,Manual review / complex ownership,2,Known Lindt brand / line.,Lindt Chocolat au lait praliné noisettes | Chocolat blanc Swiss Premium Chocolate,"Lindt, Lindt & Sprüngli | Lindt",append_candidate,direct,
lindt,lindt,Lindt & Sprüngli,direct,snacks,FRANCE,FRANCE,Bulgaria,layer3_review_decision_20260824,explicit_company_mapping_from_layer3_review,map to Lindt & Sprüngli,Manual review / complex ownership,Manual review / complex ownership,2,Known Lindt brand / line.,Choco-Käfer | Chocolat Lindor,"Lindt, Lindt & Sprüngli GmbH | Lindt",append_candidate,direct,
lindt,lindt,Lindt & Sprüngli,direct,snacks,FRANCE|DACH|US_CANADA,FRANCE|DACH|US_CANADA,France,layer3_review_decision_20260824,explicit_company_mapping_from_layer3_review,map to Lindt & Sprüngli,Manual review / complex ownership,Manual review / complex ownership,2,Known Lindt brand / line.,DARK CHOCOLATE | Hello Cookies & Cream,Lindt | Lindt,append_candidate,direct,
lindt,lindt,Lindt & Sprüngli,direct,snacks,FRANCE|UK_IE,FRANCE|UK_IE,Australia,layer3_review_decision_20260824,explicit_company_mapping_from_layer3_review,map to Lindt & Sprüngli,Manual review / complex ownership,Manual review / complex ownership,2,Known Lindt brand / line.,Excellence Milk Sea Salt Caramel | Gold Bunny Dark Chocolate,"Lindt | Lindt, Lindt & Sprüngli",append_candidate,direct,
lindt,lindt,Lindt & Sprüngli,direct,snacks,SOUTHERN_EUROPE|UK_IE,SOUTHERN_EUROPE|UK_IE,Italy,layer3_review_decision_20260824,explicit_company_mapping_from_layer3_review,map to Lindt & Sprüngli,Manual review / complex ownership,Manual review / complex ownership,2,Known Lindt brand / line.,Lindt | lindt nocciolatte Milk hazelnut,"Lindt | Lindt,Lindt & Sprüngli",append_candidate,direct,
lindt,lindt,Lindt & Sprüngli,direct,snacks,SOUTHERN_EUROPE|UK_IE,SOUTHERN_EUROPE|UK_IE,Spain,layer3_review_decision_20260824,explicit_company_mapping_from_layer3_review,map to Lindt & Sprüngli,Manual review / complex ownership,Manual review / complex ownership,2,Known Lindt brand / line.,Lindor milk chocolate | Chocolatina,"Lindt, Lindt & Sprüngli | Lindt, Lindt & Sprüngli",append_candidate,direct,
lindt,lindt,Lindt & Sprüngli,direct,snacks,UK_IE,UK_IE,United Kingdom,layer3_review_decision_20260824,explicit_company_mapping_from_layer3_review,map to Lindt & Sprüngli,Manual review / complex ownership,Other / not mapped to a company,2,Known Lindt brand / line.,Milk chocolate eggs | Lindt Pralinés Nougat,"Lindor,Lindt | Lindt & Sprüngli,Lindt",append_candidate,direct,
lindt,lindt,Lindt & Sprüngli,direct,snacks,US_CANADA,US_CANADA,United States,layer3_review_decision_20260824,explicit_company_mapping_from_layer3_review,map to Lindt & Sprüngli,Manual review / complex ownership,Other / not mapped to a company,2,Known Lindt brand / line.,Chocolate carrots | Lindt Goldhase Edition,"Lindt & Sprüngli, Lindt | Lindt & Sprüngli,Lindt",append_candidate,direct,
lindt excellence,lindt excellence,Lindt & Sprüngli,direct,snacks,UK_IE,UK_IE,United Kingdom,layer3_review_decision_20260824,explicit_company_mapping_from_layer3_review,map to Lindt & Sprüngli,Other / not mapped to a company,Manual review / complex ownership,2,Known Lindt brand / line.,85% Cocoa robust dark chocolate | Caramel with a Touch of Sea Salt Dark Chocolate,Lindt Excellence | Lindt Excellence,append_candidate,direct,
lindt excellence,lindt excellence,Lindt & Sprüngli,direct,snacks,US_CANADA,US_CANADA,United States,layer3_review_decision_20260824,explicit_company_mapping_from_layer3_review,map to Lindt & Sprüngli,Other / not mapped to a company,Manual review / complex ownership,2,Known Lindt brand / line.,Dark Chocolate | Croquant Wafer Negro,Lindt Excellence | Lindt EXCELLENCE,append_candidate,direct,
lion,lion,Nestlé,direct,beverages,FRANCE,FRANCE,France,layer3_review_decision_20260824,explicit_company_mapping_from_layer3_review,map to Nestlé,Manual review / complex ownership,Manual review / complex ownership,2,Known Nestlé brand / brand line missing from proposed company mapping.,Chocolat lion | Lion,"Nestlé, Lion | Nestlé, Lion",append_candidate,direct,
lion,lion,Nestlé,direct,snacks,BENELUX|FRANCE,BENELUX|FRANCE,Belgium,layer3_review_decision_20260824,explicit_company_mapping_from_layer3_review,map to Nestlé,Manual review / complex ownership,Manual review / complex ownership,2,Known Nestlé brand / brand line missing from proposed company mapping.,LION POPS - Sachet billes 140g | Lion🦁 Chocolat🍫,"Nestlé, Lion, Lion pop choc | Nestlé, Lion",append_candidate,direct,
lion,lion,Nestlé,direct,snacks,FRANCE|DACH,FRANCE|DACH,France,layer3_review_decision_20260824,explicit_company_mapping_from_layer3_review,map to Nestlé,Manual review / complex ownership,Manual review / complex ownership,2,Known Nestlé brand / brand line missing from proposed company mapping.,Lion 2 go | LION White barre chocolatée 42g,"Nestlé, Lion | Nestlé, Lion, Lion white",append_candidate,direct,
marque repere,marque repere,E.Leclerc,direct,beverages,BENELUX|FRANCE,BENELUX|FRANCE,Belgium,layer3_review_decision_20260824,explicit_company_mapping_from_layer3_review,map to E.Leclerc,Manual review / complex ownership,Manual review / complex ownership,2,Marque Repère is an E.Leclerc private-label brand.,Eau de source de montagne Laqueuille | Gentiane 15°,"Marque Repère, Laqueuille | Marque Repère, Boliane, Liqueur",append_candidate,direct,
marque repere,marque repere,E.Leclerc,direct,beverages,FRANCE|SOUTHERN_EUROPE,FRANCE|SOUTHERN_EUROPE,France,layer3_review_decision_20260824,explicit_company_mapping_from_layer3_review,map to E.Leclerc,Manual review / complex ownership,Manual review / complex ownership,2,Marque Repère is an E.Leclerc private-label brand.,Cidre bouché breton doux 2 % | Cappuccino Goût Vanille Latte,"Marque Repère,Les Goelleries | Marque Repère, Plantation",append_candidate,direct,
marque repere,marque repere,E.Leclerc,direct,cereals,FRANCE|DACH,FRANCE|DACH,France,layer3_review_decision_20260824,explicit_company_mapping_from_layer3_review,map to E.Leclerc,Manual review / complex ownership,Manual review / complex ownership,2,Marque Repère is an E.Leclerc private-label brand.,Céréales fourrées tout chocolat | Muesli croustillant aux fruits,"Marque Repère, Day Break | Marque Repère, Brin de Jour",append_candidate,direct,
monoprix ptit prix,monoprix ptit prix,Monoprix,direct,dairies,FRANCE,FRANCE,France,layer3_review_decision_20260824,explicit_company_mapping_from_layer3_review,map to Monoprix,Other / not mapped to a company,Other / not mapped to a company,2,Obvious Monoprix retailer/private-label brand line.,Emmental français (29 % MG) | Crème fraîche (30 % MG),Monoprix P'tit Prix | Monoprix P'tit Prix,append_candidate,direct,
paturage des monts du lyonnais,paturage des monts du lyonnais,Les Mousquetaires / Intermarché,direct,dairies,FRANCE,FRANCE,France,layer3_review_decision_20260824,explicit_company_mapping_from_layer3_review,map to Les Mousquetaires / Intermarché,Other / not mapped to a company,Other / not mapped to a company,2,Pâturages is an Intermarché / Les Mousquetaires private-label dairy line.,crème dessert | crème dessert café,Paturage des Monts du Lyonnais | Paturage des Monts du Lyonnais,append_candidate,direct,
paturages,paturages,Les Mousquetaires / Intermarché,direct,dairies,BENELUX|FRANCE|SOUTHERN_EUROPE,BENELUX|FRANCE|SOUTHERN_EUROPE,Belgium,layer3_review_decision_20260824,explicit_company_mapping_from_layer3_review,map to Les Mousquetaires / Intermarché,Manual review / complex ownership,Manual review / complex ownership,2,Pâturages is an Intermarché / Les Mousquetaires private-label dairy line.,Fromage de Chevre Le Saínte-Maure | le Bleu,Paturages | Páturages,append_candidate,direct,
paturages,paturages,Les Mousquetaires / Intermarché,direct,dairies,FRANCE|DACH,FRANCE|DACH,France,layer3_review_decision_20260824,explicit_company_mapping_from_layer3_review,map to Les Mousquetaires / Intermarché,Manual review / complex ownership,Manual review / complex ownership,2,Pâturages is an Intermarché / Les Mousquetaires private-label dairy line.,Pâturages beurre gastronomique doux | Pâturages Comté au lait cru en tranches la barquette de 200 g,"Intermarché, Paturages | Pâturages",append_candidate,direct,
paturages,paturages,Les Mousquetaires / Intermarché,direct,dairies,US_CANADA,US_CANADA,United States,layer3_review_decision_20260824,explicit_company_mapping_from_layer3_review,map to Les Mousquetaires / Intermarché,Manual review / complex ownership,Manual review / complex ownership,2,Pâturages is an Intermarché / Les Mousquetaires private-label dairy line.,Crème légère semi épaisse | Ricotta - - 250 g,Pâturages | Pâturages,append_candidate,direct,
paturages bio,paturages bio,Les Mousquetaires / Intermarché,direct,dairies,FRANCE,FRANCE,France,layer3_review_decision_20260824,explicit_company_mapping_from_layer3_review,map to Les Mousquetaires / Intermarché,Other / not mapped to a company,Manual review / complex ownership,2,Pâturages is an Intermarché / Les Mousquetaires private-label dairy line.,Crème dessert au chocolat | Fromage blanc 0% bio 500g,PÂTURAGES BIO | Pâturages Bio,append_candidate,direct,
perugina,perugina,Nestlé,direct,snacks,FRANCE,FRANCE,France,layer3_review_decision_20260824,explicit_company_mapping_from_layer3_review,map to Nestlé,Other / not mapped to a company,Other / not mapped to a company,2,Known Nestlé brand / brand line missing from proposed company mapping.,Fine milk chocolate | Tablo findente noci e lamponi,Perugina | Perugina,append_candidate,direct,
président,président,Lactalis,direct,dairies,BENELUX|FRANCE|SOUTHERN_EUROPE,BENELUX|FRANCE|SOUTHERN_EUROPE,Belgium,layer3_review_decision_20260824,explicit_company_mapping_from_layer3_review,map to Lactalis,Manual review / complex ownership,Manual review / complex ownership,2,Known Lactalis brand.,La motte de beurre aux cristaux de sel.as | Beurre tendre demi-sel,Président | Président,append_candidate,direct,
président,président,Lactalis,direct,dairies,FRANCE|DACH,FRANCE|DACH,France,layer3_review_decision_20260824,explicit_company_mapping_from_layer3_review,map to Lactalis,Manual review / complex ownership,Other / not mapped to a company,2,Known Lactalis brand.,La Motte Beurre doux pasteurisé 82 % de mat. gr. eurre doux pasteurisé 82 % de mat. gr. | Petits chèvres basilic,"Lactalis, Président | Lactalis, Président",append_candidate,direct,
président,président,Lactalis,direct,dairies,FRANCE|SOUTHERN_EUROPE,FRANCE|SOUTHERN_EUROPE,France,layer3_review_decision_20260824,explicit_company_mapping_from_layer3_review,map to Lactalis,Manual review / complex ownership,Other / not mapped to a company,2,Known Lactalis brand.,Beurrier saveur gastronomique doux | Crema al queso de cabra para untar,"Lactalis, Président | Lactalis,President",append_candidate,direct,
quaker,quaker,PepsiCo,direct,cereals,BENELUX|FRANCE|SOUTHERN_EUROPE|DACH,BENELUX|FRANCE|SOUTHERN_EUROPE|DACH,Belgium,layer3_review_decision_20260824,explicit_company_mapping_from_layer3_review,map to PepsiCo,Manual review / complex ownership,Manual review / complex ownership,2,Known PepsiCo brand / regional alias missing from proposed mapping.,Muesli Croustillant Noix de pécan & noix du Brésil | Cruesli Chocolat noir,Quaker | Quaker,append_candidate,direct,
quaker,quaker,PepsiCo,direct,cereals,FRANCE,FRANCE,Brazil,layer3_review_decision_20260824,explicit_company_mapping_from_layer3_review,map to PepsiCo,Manual review / complex ownership,Manual review / complex ownership,2,Known PepsiCo brand / regional alias missing from proposed mapping.,Aveia Em Flocos Finos Quaker 200G | Aveia Flocos Regulares Quaker 200G,Quaker | Quaker,append_candidate,direct,
quaker,quaker,PepsiCo,direct,cereals,FRANCE|BENELUX,FRANCE|BENELUX,France,layer3_review_decision_20260824,explicit_company_mapping_from_layer3_review,map to PepsiCo,Manual review / complex ownership,Manual review / complex ownership,2,Known PepsiCo brand / regional alias missing from proposed mapping.,Cruesli Multifruit | Flocons d’avoine,Quaker | QUAKER,append_candidate,direct,
quaker,quaker,PepsiCo,direct,cereals,FRANCE|DACH|SOUTHERN_EUROPE,FRANCE|DACH|SOUTHERN_EUROPE,France,layer3_review_decision_20260824,explicit_company_mapping_from_layer3_review,map to PepsiCo,Manual review / complex ownership,Manual review / complex ownership,2,Known PepsiCo brand / regional alias missing from proposed mapping.,Flocons d'avoine | Cruesli Fruta,Quaker | Quaker,append_candidate,direct,
quaker,quaker,PepsiCo,direct,cereals,FRANCE|US_CANADA,FRANCE|US_CANADA,Bolivia,layer3_review_decision_20260824,explicit_company_mapping_from_layer3_review,map to PepsiCo,Manual review / complex ownership,Manual review / complex ownership,2,Known PepsiCo brand / regional alias missing from proposed mapping.,Quaker Instant Oatmeal Original | Real Medleys Apple Walnut,"Quaker | Quaker, Real Medleys",append_candidate,direct,
quaker,quaker,PepsiCo,direct,cereals,SOUTHERN_EUROPE|UK_IE,SOUTHERN_EUROPE|UK_IE,Spain,layer3_review_decision_20260824,explicit_company_mapping_from_layer3_review,map to PepsiCo,Manual review / complex ownership,Manual review / complex ownership,2,Known PepsiCo brand / regional alias missing from proposed mapping.,Porridge Oats | PORRIDGE OATS,Quaker | QUAKER,append_candidate,direct,
quaker,quaker,PepsiCo,direct,cereals,SOUTHERN_EUROPE|US_CANADA,SOUTHERN_EUROPE|US_CANADA,Spain,layer3_review_decision_20260824,explicit_company_mapping_from_layer3_review,map to PepsiCo,Manual review / complex ownership,Manual review / complex ownership,2,Known PepsiCo brand / regional alias missing from proposed mapping.,QUAKER OATS QUICK 1-MINUTE OATS | Banana Nut Flavor Instant Oatmeal,QUAKER | Quaker,append_candidate,direct,
quaker,quaker,PepsiCo,direct,snacks,BENELUX|FRANCE,BENELUX|FRANCE,Belgium,layer3_review_decision_20260824,explicit_company_mapping_from_layer3_review,map to PepsiCo,Manual review / complex ownership,Manual review / complex ownership,2,Known PepsiCo brand / regional alias missing from proposed mapping.,Barres Framboise & Grenade | Havermout barres,Quaker | Quaker,append_candidate,direct,
sainsburys,sainsburys,Sainsbury's,direct,beverages,SOUTHERN_EUROPE|UK_IE,SOUTHERN_EUROPE|UK_IE,Spain,layer3_review_decision_20260824,explicit_company_mapping_from_layer3_review,map to Sainsbury's,Manual review / complex ownership,Manual review / complex ownership,2,Obvious Sainsbury’s retailer/private-label brand line.,Orange juice | Orange squash,Sainsbury's | Sainsbury's,append_candidate,direct,
sainsburys,sainsburys,Sainsbury's,direct,dairies,DACH|UK_IE,DACH|UK_IE,Germany,layer3_review_decision_20260824,explicit_company_mapping_from_layer3_review,map to Sainsbury's,Manual review / complex ownership,Manual review / complex ownership,2,Obvious Sainsbury’s retailer/private-label brand line.,Madagascan Vanilla Yogurt | 10 Mature British Cheddar Slices,"Sainsbury's, Taste The Difference | Sainsbury's",append_candidate,direct,
sainsburys,sainsburys,Sainsbury's,direct,dairies,FRANCE,FRANCE,France,layer3_review_decision_20260824,explicit_company_mapping_from_layer3_review,map to Sainsbury's,Manual review / complex ownership,Manual review / complex ownership,2,Obvious Sainsbury’s retailer/private-label brand line.,whole milk | Pavé d'affinois,Sainsbury's | Sainsbury's,append_candidate,direct,
sainsburys,sainsburys,Sainsbury's,direct,dairies,UK_IE|US_CANADA,UK_IE|US_CANADA,United Kingdom,layer3_review_decision_20260824,explicit_company_mapping_from_layer3_review,map to Sainsbury's,Manual review / complex ownership,Manual review / complex ownership,2,Obvious Sainsbury’s retailer/private-label brand line.,West Country farmhouse cheddar | Semi skimmed british milk,Sainsbury's | Sainsbury’s,append_candidate,direct,
sainsburys basics,sainsburys basics,Sainsbury's,direct,dairies,UK_IE,UK_IE,United Kingdom,layer3_review_decision_20260824,explicit_company_mapping_from_layer3_review,map to Sainsbury's,Other / not mapped to a company,Manual review / complex ownership,2,Obvious Sainsbury’s retailer/private-label brand line.,French camembert | Grated Mozzarella,Sainsbury's basics | Sainsburys basics,append_candidate,direct,
sainsburys little ones,sainsburys little ones,Sainsbury's,direct,snacks,UK_IE,UK_IE,United Kingdom,layer3_review_decision_20260824,explicit_company_mapping_from_layer3_review,map to Sainsbury's,Other / not mapped to a company,Manual review / complex ownership,2,Obvious Sainsbury’s retailer/private-label brand line.,Organic Strawberry & Apple Oaty Bars | Organic bana oaty bars,Sainsbury’s Little Ones | Sainsbury's little ones,append_candidate,direct,
sainsburys organic,sainsburys organic,Sainsbury's,direct,dairies,UK_IE,UK_IE,United Kingdom,layer3_review_decision_20260824,explicit_company_mapping_from_layer3_review,map to Sainsbury's,Other / not mapped to a company,Manual review / complex ownership,2,Obvious Sainsbury’s retailer/private-label brand line.,full fat milk | Vintage Cheddar,Sainsbury’s Organic | Sainsbury's Organic,append_candidate,direct,
selection carrefour,selection carrefour,Carrefour,direct,beverages,FRANCE,FRANCE,France,layer3_review_decision_20260824,explicit_company_mapping_from_layer3_review,map to Carrefour,Other / not mapped to a company,Other / not mapped to a company,2,"Carrefour brand/private-label/store-format row; brand entity should stay as normalized_brand, parent_company should be Carrefour.",Nectar de fraise | Nectar banane,Selection Carrefour | Sélection Carrefour,append_candidate,direct,
st môret,st môret,Savencia,direct,dairies,BENELUX|FRANCE,BENELUX|FRANCE,Belgium,layer3_review_decision_20260824,explicit_company_mapping_from_layer3_review,map to Savencia,Manual review / complex ownership,Other / not mapped to a company,2,Known Savencia cheese brand.,Apérifrais provençale | St moret mousse,"Savencia, St Môret | Savencia, St moret",append_candidate,direct,
st môret,st môret,Savencia,direct,dairies,FRANCE|DACH,FRANCE|DACH,France,layer3_review_decision_20260824,explicit_company_mapping_from_layer3_review,map to Savencia,Manual review / complex ownership,Other / not mapped to a company,2,Known Savencia cheese brand.,St Môret nature | Le Goût Primeur format familial,"Fromarsac, Savencia, St Môret | Savencia, St Moret",append_candidate,direct,
tartare,tartare,Savencia,direct,dairies,FRANCE|DACH,FRANCE|DACH,France,layer3_review_decision_20260824,explicit_company_mapping_from_layer3_review,map to Savencia,Manual review / complex ownership,Manual review / complex ownership,2,Known Savencia cheese brand.,Fromage à tartiner Ail & Fines herbes | L'original - Fromage ail et fines herbes,Tartare | Tartare,append_candidate,direct,
tesco,tesco,Tesco,direct,beverages,UK_IE,UK_IE,Czech Republic,layer3_review_decision_20260824,explicit_company_mapping_from_layer3_review,map to Tesco,Manual review / complex ownership,Manual review / complex ownership,2,Obvious Tesco retailer/private-label brand line.,"Neslazené mandlové mléko | Soya Drink, Unsweetened",Tesco | tesco,append_candidate,direct,
tesco,tesco,Tesco,direct,cereals,FRANCE,FRANCE,France,layer3_review_decision_20260824,explicit_company_mapping_from_layer3_review,map to Tesco,Manual review / complex ownership,Manual review / complex ownership,2,Obvious Tesco retailer/private-label brand line.,Honey nut clusters | 50% fruit muesli,Tesco | Tesco,append_candidate,direct,
tesco,tesco,Tesco,direct,snacks,UK_IE,UK_IE,Hong Kong,layer3_review_decision_20260824,explicit_company_mapping_from_layer3_review,map to Tesco,Manual review / complex ownership,Manual review / complex ownership,2,Obvious Tesco retailer/private-label brand line.,Classic assortment sweet biscuits | Raspberry and hazelnut dark chocolate,Tesco | Tesco,append_candidate,direct,
tesco finest,tesco finest,Tesco,direct,snacks,UK_IE,UK_IE,Czech Republic,layer3_review_decision_20260824,explicit_company_mapping_from_layer3_review,map to Tesco,Other / not mapped to a company,Manual review / complex ownership,2,Obvious Tesco retailer/private-label brand line.,Finest Crinkle Cut Sea Slt&Vngr Crisps | Ready Salted Crisps,"TESCO finest, Tesco | Tesco Finest",append_candidate,direct,
tesco free from,tesco free from,Tesco,direct,snacks,UK_IE,UK_IE,United Kingdom,layer3_review_decision_20260824,explicit_company_mapping_from_layer3_review,map to Tesco,Other / not mapped to a company,Manual review / complex ownership,2,Obvious Tesco retailer/private-label brand line.,Choc Buttons | Gluten Free Cream Crackers,Tesco Free From | Tesco Free From,append_candidate,direct,
u,u,Système U,direct,beverages,BENELUX|FRANCE,BENELUX|FRANCE,Belgium,layer3_review_decision_20260824,explicit_company_mapping_from_layer3_review,map to Système U,Manual review / complex ownership,Manual review / complex ownership,2,Obvious Système U retailer/private-label brand line in France.,"Cidre doux bouché IGP Bretagne 2°, bouteille de 75cl | Pur jus de raisins blanc muscatée Occitane ""fruits de chez Nous""","U, super u | U",append_candidate,direct,
u,u,Système U,direct,dairies,FRANCE|SOUTHERN_EUROPE,FRANCE|SOUTHERN_EUROPE,France,layer3_review_decision_20260824,explicit_company_mapping_from_layer3_review,map to Système U,Manual review / complex ownership,Manual review / complex ownership,2,Obvious Système U retailer/private-label brand line in France.,Crème dessert au chocolat et billes au chocolat 4x117g | Mascarpone au lait pasteurisé 36%mg,U | U,append_candidate,direct,
u,u,Système U,direct,snacks,FRANCE|SOUTHERN_EUROPE,FRANCE|SOUTHERN_EUROPE,France,layer3_review_decision_20260824,explicit_company_mapping_from_layer3_review,map to Système U,Manual review / complex ownership,Manual review / complex ownership,2,Obvious Système U retailer/private-label brand line in France.,Lunettes de romans | Barre multigrano,"U, U de nos Régions | U, Unes",append_candidate,direct,
u man cola,u man cola,Système U,direct,beverages,FRANCE,FRANCE,France,layer3_review_decision_20260824,explicit_company_mapping_from_layer3_review,map to Système U,Other / not mapped to a company,Other / not mapped to a company,2,Obvious Système U retailer/private-label brand line in France.,U.man Cola | Human Cola Bio,U-MAN COLA | U-MAN COLA,append_candidate,direct,
u saveur,u saveur,Système U,direct,dairies,FRANCE,FRANCE,France,layer3_review_decision_20260824,explicit_company_mapping_from_layer3_review,map to Système U,Other / not mapped to a company,Manual review / complex ownership,2,Obvious Système U retailer/private-label brand line in France.,Comte affiné 18 mois minimum | Raclette de Savoie au lait cru,U Saveur | U Saveur,append_candidate,direct,
u saveurs,u saveurs,Système U,direct,beverages,FRANCE,FRANCE,France,layer3_review_decision_20260824,explicit_company_mapping_from_layer3_review,map to Système U,Other / not mapped to a company,Manual review / complex ownership,2,Obvious Système U retailer/private-label brand line in France.,Vin | Thé de Noël u saveurs,"U Saveurs, U | U Saveurs",append_candidate,direct,
wegmans,wegmans,Wegmans,direct,dairies,FRANCE,FRANCE,France,layer3_review_decision_20260824,explicit_company_mapping_from_layer3_review,map to Wegmans,Manual review / complex ownership,Manual review / complex ownership,2,Obvious Wegmans retailer/private-label / corporate brand line.,Wegmans Fancy Shredded Swiss Cheese | Nonfat Yogurt Plain,Wegmans | Wegmans,append_candidate,direct,
wegmans food markets,wegmans food markets,Wegmans,direct,snacks,US_CANADA,US_CANADA,United States,layer3_review_decision_20260824,explicit_company_mapping_from_layer3_review,map to Wegmans,Other / not mapped to a company,Manual review / complex ownership,2,Obvious Wegmans retailer/private-label / corporate brand line.,Pretzel Twist With Sprinkles | Wholesum Nut + Seed Bars Almond Coconut & Dark Chocolate,Wegmans Food Markets | Wegmans Food Markets,append_candidate,direct,
7UP,7up,Keurig Dr Pepper,market_scoped,beverages,US_CANADA,US_CANADA,Canada,layer3_review_decision_20260824,approved_proposed_company_from_layer3_review,approve proposed,Keurig Dr Pepper,Other / not mapped to a company,1,Proposed company mapping is concrete; approve for launch.,7 Up,7 Up,append_candidate,direct,Corrected before upsert-ready split: known complex/market-scoped or licensed brand; do not mark as plain direct.
7UP,7up,Keurig Dr Pepper,market_scoped,beverages,US_CANADA,US_CANADA,India,layer3_review_decision_20260824,approved_proposed_company_from_layer3_review,approve proposed,Keurig Dr Pepper,Keurig Dr Pepper,1,Proposed company mapping is concrete; approve for launch.,nimbooz,7up,append_candidate,direct,Corrected before upsert-ready split: known complex/market-scoped or licensed brand; do not mark as plain direct.
7UP,7up,Keurig Dr Pepper,market_scoped,beverages,US_CANADA,US_CANADA,United States,layer3_review_decision_20260824,approved_proposed_company_from_layer3_review,approve proposed,Keurig Dr Pepper,Other / not mapped to a company,1,Proposed company mapping is concrete; approve for launch.,Lemon Lime Flavored Soda,7-Up,append_candidate,direct,Corrected before upsert-ready split: known complex/market-scoped or licensed brand; do not mark as plain direct.
7UP,7up,PepsiCo,market_scoped,beverages,FRANCE|BENELUX,FRANCE|BENELUX,France,layer3_review_decision_20260824,approved_proposed_company_from_layer3_review,approve proposed,PepsiCo,PepsiCo,1,Proposed company mapping is concrete; approve for launch.,7Up,7Up,append_candidate,direct,Corrected before upsert-ready split: known complex/market-scoped or licensed brand; do not mark as plain direct.
7UP,7up,PepsiCo,market_scoped,beverages,FRANCE|DACH,FRANCE|DACH,France,layer3_review_decision_20260824,approved_proposed_company_from_layer3_review,approve proposed,PepsiCo,PepsiCo,1,Proposed company mapping is concrete; approve for launch.,7up,7up,append_candidate,direct,Corrected before upsert-ready split: known complex/market-scoped or licensed brand; do not mark as plain direct.
7UP,7up,PepsiCo,market_scoped,beverages,FRANCE|DACH|UK_IE,FRANCE|DACH|UK_IE,France,layer3_review_decision_20260824,approved_proposed_company_from_layer3_review,approve proposed,PepsiCo,PepsiCo,1,Proposed company mapping is concrete; approve for launch.,Sparkling Lemon & Lime Drink,7up,append_candidate,direct,Corrected before upsert-ready split: known complex/market-scoped or licensed brand; do not mark as plain direct.
7UP,7up,PepsiCo,market_scoped,beverages,FRANCE|SOUTHERN_EUROPE,FRANCE|SOUTHERN_EUROPE,France,layer3_review_decision_20260824,approved_proposed_company_from_layer3_review,approve proposed,PepsiCo,PepsiCo,1,Proposed company mapping is concrete; approve for launch.,Seven-up,"7up,PepsiCo",append_candidate,direct,Corrected before upsert-ready split: known complex/market-scoped or licensed brand; do not mark as plain direct.
7UP,7up,PepsiCo,market_scoped,beverages,FRANCE|SOUTHERN_EUROPE|UK_IE,FRANCE|SOUTHERN_EUROPE|UK_IE,Bolivia,layer3_review_decision_20260824,approved_proposed_company_from_layer3_review,approve proposed,PepsiCo,PepsiCo,1,Proposed company mapping is concrete; approve for launch.,7up,7up,append_candidate,direct,Corrected before upsert-ready split: known complex/market-scoped or licensed brand; do not mark as plain direct.
7UP,7up,PepsiCo,market_scoped,beverages,FRANCE|UK_IE,FRANCE|UK_IE,France,layer3_review_decision_20260824,approved_proposed_company_from_layer3_review,approve proposed,PepsiCo,PepsiCo,1,Proposed company mapping is concrete; approve for launch.,7up Free,7UP,append_candidate,direct,Corrected before upsert-ready split: known complex/market-scoped or licensed brand; do not mark as plain direct.
7UP,7up,PepsiCo,market_scoped,beverages,FRANCE|UK_IE|SOUTHERN_EUROPE,FRANCE|UK_IE|SOUTHERN_EUROPE,France,layer3_review_decision_20260824,approved_proposed_company_from_layer3_review,approve proposed,PepsiCo,Other / not mapped to a company,1,Proposed company mapping is concrete; approve for launch.,Free,7 Up,append_candidate,direct,Corrected before upsert-ready split: known complex/market-scoped or licensed brand; do not mark as plain direct.
Actimel,actimel,Danone,direct,beverages,UK_IE,UK_IE,United Kingdom,layer3_review_decision_20260824,explicit_company_mapping_from_layer3_review,map to Danone,Manual review / complex ownership,Danone,1,Known Danone brand / brand line missing from proposed company mapping.,actimel,"Danone,Actimel",append_candidate,direct,
Actimel,actimel,Danone,direct,beverages,UK_IE,UK_IE,United Kingdom,layer3_review_decision_20260824,explicit_company_mapping_from_layer3_review,map to Danone,Manual review / complex ownership,Manual review / complex ownership,1,Known Danone brand / brand line missing from proposed company mapping.,Dairy free,"Actimel,Danone",append_candidate,direct,
Actimel,actimel,Danone,direct,dairies,FRANCE,FRANCE,France,layer3_review_decision_20260824,explicit_company_mapping_from_layer3_review,map to Danone,Manual review / complex ownership,Danone,1,Known Danone brand / brand line missing from proposed company mapping.,Actimel,"Danone, Actimel",append_candidate,direct,
Actimel,actimel,Danone,direct,dairies,FRANCE|DACH|SOUTHERN_EUROPE,FRANCE|DACH|SOUTHERN_EUROPE,France,layer3_review_decision_20260824,explicit_company_mapping_from_layer3_review,map to Danone,Manual review / complex ownership,Manual review / complex ownership,1,Known Danone brand / brand line missing from proposed company mapping.,Actimel 100 g x 12 original,Actimel,append_candidate,direct,
Actimel,actimel,Danone,direct,dairies,FRANCE|SOUTHERN_EUROPE,FRANCE|SOUTHERN_EUROPE,Afghanistan,layer3_review_decision_20260824,explicit_company_mapping_from_layer3_review,map to Danone,Manual review / complex ownership,Manual review / complex ownership,1,Known Danone brand / brand line missing from proposed company mapping.,Actimel 0%,"Actimel, Danone",append_candidate,direct,
Actimel,actimel,Danone,direct,dairies,UK_IE,UK_IE,United Kingdom,layer3_review_decision_20260824,explicit_company_mapping_from_layer3_review,map to Danone,Manual review / complex ownership,Danone,1,Known Danone brand / brand line missing from proposed company mapping.,Actimel Kids,"Danone,Actimel",append_candidate,direct,
Activia,activia,Danone,direct,beverages,US_CANADA,US_CANADA,United States,layer3_review_decision_20260824,explicit_company_mapping_from_layer3_review,map to Danone,Manual review / complex ownership,Manual review / complex ownership,1,Known Danone brand / brand line missing from proposed company mapping.,Probiotic Smoothie,Activia,append_candidate,direct,
Activia,activia,Danone,direct,dairies,BENELUX|UK_IE,BENELUX|UK_IE,Belgium,layer3_review_decision_20260824,explicit_company_mapping_from_layer3_review,map to Danone,Manual review / complex ownership,Manual review / complex ownership,1,Known Danone brand / brand line missing from proposed company mapping.,Activia 0% Fat Peach Yogurt,"Activia, danone",append_candidate,direct,
Activia,activia,Danone,direct,dairies,DACH|SOUTHERN_EUROPE|US_CANADA,DACH|SOUTHERN_EUROPE|US_CANADA,Germany,layer3_review_decision_20260824,explicit_company_mapping_from_layer3_review,map to Danone,Manual review / complex ownership,Manual review / complex ownership,1,Known Danone brand / brand line missing from proposed company mapping.,Kefir Gusto Mango,ACTIVIA,append_candidate,direct,
Activia,activia,Danone,direct,dairies,FRANCE,FRANCE,Bulgaria,layer3_review_decision_20260824,explicit_company_mapping_from_layer3_review,map to Danone,Manual review / complex ownership,Manual review / complex ownership,1,Known Danone brand / brand line missing from proposed company mapping.,Activia орех и овес,"Activia, Danone",append_candidate,direct,
Activia,activia,Danone,direct,dairies,FRANCE|SOUTHERN_EUROPE,FRANCE|SOUTHERN_EUROPE,Andorra,layer3_review_decision_20260824,explicit_company_mapping_from_layer3_review,map to Danone,Manual review / complex ownership,Manual review / complex ownership,1,Known Danone brand / brand line missing from proposed company mapping.,Avtivia fibras cereal,"Activia, Danone",append_candidate,direct,
Activia,activia,Danone,direct,dairies,SOUTHERN_EUROPE|UK_IE,SOUTHERN_EUROPE|UK_IE,Spain,layer3_review_decision_20260824,explicit_company_mapping_from_layer3_review,map to Danone,Manual review / complex ownership,Manual review / complex ownership,1,Known Danone brand / brand line missing from proposed company mapping.,Peach yogurt 0%,Activia,append_candidate,direct,
Activia,activia,Danone,direct,dairies,UK_IE,UK_IE,Ireland,layer3_review_decision_20260824,explicit_company_mapping_from_layer3_review,map to Danone,Manual review / complex ownership,Danone,1,Known Danone brand / brand line missing from proposed company mapping.,Gut Health Strawberry,"Danone,Activia",append_candidate,direct,
Activia,activia,Danone,direct,dairies,UK_IE,UK_IE,Ireland,layer3_review_decision_20260824,explicit_company_mapping_from_layer3_review,map to Danone,Manual review / complex ownership,Manual review / complex ownership,1,Known Danone brand / brand line missing from proposed company mapping.,Activia Fibre mix&go,Activia,append_candidate,direct,
Activia,activia,Danone,direct,dairies,US_CANADA,US_CANADA,Canada,layer3_review_decision_20260824,explicit_company_mapping_from_layer3_review,map to Danone,Manual review / complex ownership,Manual review / complex ownership,1,Known Danone brand / brand line missing from proposed company mapping.,Vanilla Yogurt,ACTIVIA,append_candidate,direct,
Activia,activia,Danone,direct,dairies,US_CANADA,US_CANADA,United States,layer3_review_decision_20260824,explicit_company_mapping_from_layer3_review,map to Danone,Manual review / complex ownership,Danone (Dannon in US),1,Known Danone brand / brand line missing from proposed company mapping.,Activia Dailies Vanilla,"Danone, Activia",append_candidate,direct,
Aero,aero,Nestlé,direct,snacks,FRANCE|UK_IE,FRANCE|UK_IE,France,layer3_review_decision_20260824,explicit_company_mapping_from_layer3_review,map to Nestlé,Manual review / complex ownership,Manual review / complex ownership,1,Known Nestlé brand / brand line missing from proposed company mapping.,Peppermint Mint Chocolate Sharing Bar,"Nestlé, Aero, Aero Peppermint",append_candidate,direct,
Aero,aero,Nestlé,direct,snacks,UK_IE,UK_IE,Ireland,layer3_review_decision_20260824,explicit_company_mapping_from_layer3_review,map to Nestlé,Manual review / complex ownership,Manual review / complex ownership,1,Known Nestlé brand / brand line missing from proposed company mapping.,Neapolitan Ice Cream Melts,Aero,append_candidate,direct,
Belvita,belvita,Mondelēz International,direct,cereals,FRANCE|US_CANADA,FRANCE|US_CANADA,France,layer3_review_decision_20260824,explicit_company_mapping_from_layer3_review,map to Mondelēz International,Manual review / complex ownership,Manual review / complex ownership,1,Known Mondelēz brand / regional Cadbury routing outside US.,Breakfast Biscuits Golden Oats 6 Packs,Belvita,append_candidate,direct,
Belvita,belvita,Mondelēz International,direct,dairies,FRANCE,FRANCE,France,layer3_review_decision_20260824,explicit_company_mapping_from_layer3_review,map to Mondelēz International,Manual review / complex ownership,Manual review / complex ownership,1,Known Mondelēz brand / regional Cadbury routing outside US.,Yogurt Crunch Creamy Live Yogurt,"BelVita, BelVita Breakfast",append_candidate,direct,
Belvita,belvita,Mondelēz International,direct,snacks,BENELUX|FRANCE|SOUTHERN_EUROPE,BENELUX|FRANCE|SOUTHERN_EUROPE,Belgium,layer3_review_decision_20260824,explicit_company_mapping_from_layer3_review,map to Mondelēz International,Manual review / complex ownership,Manual review / complex ownership,1,Known Mondelēz brand / regional Cadbury routing outside US.,Barre Moelleuse Chocolat Noir & Noisettes,"BelVita, LU, Mondelēz",append_candidate,direct,
Belvita,belvita,Mondelēz International,direct,snacks,BENELUX|FRANCE|SOUTHERN_EUROPE|DACH,BENELUX|FRANCE|SOUTHERN_EUROPE|DACH,Belgium,layer3_review_decision_20260824,explicit_company_mapping_from_layer3_review,map to Mondelēz International,Manual review / complex ownership,Manual review / complex ownership,1,Known Mondelēz brand / regional Cadbury routing outside US.,Melloeux Fruit Rouges,belVita,append_candidate,direct,
Belvita,belvita,Mondelēz International,direct,snacks,DACH|FRANCE,DACH|FRANCE,Austria,layer3_review_decision_20260824,explicit_company_mapping_from_layer3_review,map to Mondelēz International,Manual review / complex ownership,Manual review / complex ownership,1,Known Mondelēz brand / regional Cadbury routing outside US.,BelVita Frühstück,Belvita,append_candidate,direct,
Belvita,belvita,Mondelēz International,direct,snacks,FRANCE,FRANCE,Bosnia And Herzegovina,layer3_review_decision_20260824,explicit_company_mapping_from_layer3_review,map to Mondelēz International,Manual review / complex ownership,Manual review / complex ownership,1,Known Mondelēz brand / regional Cadbury routing outside US.,soft bakes,belVita,append_candidate,direct,
Belvita,belvita,Mondelēz International,direct,snacks,FRANCE,FRANCE,Brazil,layer3_review_decision_20260824,explicit_company_mapping_from_layer3_review,map to Mondelēz International,Manual review / complex ownership,Manual review / complex ownership,1,Known Mondelēz brand / regional Cadbury routing outside US.,Bom dia! Mel e cacau,Belvita,append_candidate,direct,
Belvita,belvita,Mondelēz International,direct,snacks,FRANCE|DACH|SOUTHERN_EUROPE,FRANCE|DACH|SOUTHERN_EUROPE,France,layer3_review_decision_20260824,explicit_company_mapping_from_layer3_review,map to Mondelēz International,Manual review / complex ownership,Manual review / complex ownership,1,Known Mondelēz brand / regional Cadbury routing outside US.,Original Breakfast Forest Fruits,"Belvita,Fontaneda",append_candidate,direct,
Belvita,belvita,Mondelēz International,direct,snacks,FRANCE|NORDICS,FRANCE|NORDICS,France,layer3_review_decision_20260824,explicit_company_mapping_from_layer3_review,map to Mondelēz International,Manual review / complex ownership,Manual review / complex ownership,1,Known Mondelēz brand / regional Cadbury routing outside US.,Crunchy Breakfast - Choc Chips,"Belvita, Mondelez, Mondelez International, Mondelēz",append_candidate,direct,
Belvita,belvita,Mondelēz International,direct,snacks,FRANCE|SOUTHERN_EUROPE|UK_IE,FRANCE|SOUTHERN_EUROPE|UK_IE,France,layer3_review_decision_20260824,explicit_company_mapping_from_layer3_review,map to Mondelēz International,Manual review / complex ownership,Manual review / complex ownership,1,Known Mondelēz brand / regional Cadbury routing outside US.,belVita BREAKFAST Cocoa with choc chips,belVita,append_candidate,direct,
Belvita,belvita,Mondelēz International,direct,snacks,FRANCE|SOUTHERN_EUROPE|UK_IE|US_CANADA,FRANCE|SOUTHERN_EUROPE|UK_IE|US_CANADA,France,layer3_review_decision_20260824,explicit_company_mapping_from_layer3_review,map to Mondelēz International,Manual review / complex ownership,Manual review / complex ownership,1,Known Mondelēz brand / regional Cadbury routing outside US.,BREAKFAST Honey & Nut with choc chips,belVita,append_candidate,direct,
Belvita,belvita,Mondelēz International,direct,snacks,FRANCE|SOUTHERN_EUROPE|US_CANADA,FRANCE|SOUTHERN_EUROPE|US_CANADA,France,layer3_review_decision_20260824,explicit_company_mapping_from_layer3_review,map to Mondelēz International,Manual review / complex ownership,Manual review / complex ownership,1,Known Mondelēz brand / regional Cadbury routing outside US.,Biscuits blueberry,Belvita,append_candidate,direct,
Belvita,belvita,Mondelēz International,direct,snacks,FRANCE|UK_IE|SOUTHERN_EUROPE,FRANCE|UK_IE|SOUTHERN_EUROPE,France,layer3_review_decision_20260824,explicit_company_mapping_from_layer3_review,map to Mondelēz International,Manual review / complex ownership,Manual review / complex ownership,1,Known Mondelēz brand / regional Cadbury routing outside US.,Bolachas Belvita Breakfast Milk & Cereals,Belvita,append_candidate,direct,
Belvita,belvita,Mondelēz International,direct,snacks,UK_IE|US_CANADA,UK_IE|US_CANADA,United Kingdom,layer3_review_decision_20260824,explicit_company_mapping_from_layer3_review,map to Mondelēz International,Manual review / complex ownership,Manual review / complex ownership,1,Known Mondelēz brand / regional Cadbury routing outside US.,Belvita biscuits-breakfast cereals and milk,Belvita,append_candidate,direct,
Belvita,belvita,Mondelēz International,direct,snacks,US_CANADA,US_CANADA,Mexico,layer3_review_decision_20260824,explicit_company_mapping_from_layer3_review,map to Mondelēz International,Manual review / complex ownership,Manual review / complex ownership,1,Known Mondelēz brand / regional Cadbury routing outside US.,belVita CRUNCHY Cinnamon Brown Sugar,belVita,append_candidate,direct,
Cadbury,cadbury,Mondelēz International,market_scoped,beverages,FRANCE,FRANCE,Australia,layer3_review_decision_20260824,approved_proposed_company_from_layer3_review,approve proposed,Mondelēz International,Mondelēz International,1,Proposed company mapping is concrete; approve for launch. | Cadbury ownership/routing is market-sensitive; status corrected to market_scoped before launch upsert.,Drinking Chocolate,Cadbury,append_candidate,direct,Corrected before upsert-ready split: known complex/market-scoped or licensed brand; do not mark as plain direct. | Cadbury ownership/routing is market-sensitive; status corrected to market_scoped before launch upsert.
Cadbury,cadbury,Mondelēz International,market_scoped,beverages,FRANCE|DACH,FRANCE|DACH,France,layer3_review_decision_20260824,approved_proposed_company_from_layer3_review,approve proposed,Mondelēz International,Mondelēz International,1,Proposed company mapping is concrete; approve for launch. | Cadbury ownership/routing is market-sensitive; status corrected to market_scoped before launch upsert.,Tassimo,Cadbury,append_candidate,direct,Corrected before upsert-ready split: known complex/market-scoped or licensed brand; do not mark as plain direct. | Cadbury ownership/routing is market-sensitive; status corrected to market_scoped before launch upsert.
Cadbury,cadbury,Mondelēz International,market_scoped,beverages,FRANCE|SOUTHERN_EUROPE,FRANCE|SOUTHERN_EUROPE,France,layer3_review_decision_20260824,approved_proposed_company_from_layer3_review,approve proposed,Mondelēz International,Mondelēz International,1,Proposed company mapping is concrete; approve for launch. | Cadbury ownership/routing is market-sensitive; status corrected to market_scoped before launch upsert.,Cadbury Chocolate Drink,Cadbury,append_candidate,direct,Corrected before upsert-ready split: known complex/market-scoped or licensed brand; do not mark as plain direct. | Cadbury ownership/routing is market-sensitive; status corrected to market_scoped before launch upsert.
Cadbury,cadbury,Mondelēz International,market_scoped,beverages,FRANCE|SOUTHERN_EUROPE|UK_IE,FRANCE|SOUTHERN_EUROPE|UK_IE,France,layer3_review_decision_20260824,approved_proposed_company_from_layer3_review,approve proposed,Mondelēz International,Mondelēz International,1,Proposed company mapping is concrete; approve for launch. | Cadbury ownership/routing is market-sensitive; status corrected to market_scoped before launch upsert.,Original drinking chocolate,Cadbury,append_candidate,direct,Corrected before upsert-ready split: known complex/market-scoped or licensed brand; do not mark as plain direct. | Cadbury ownership/routing is market-sensitive; status corrected to market_scoped before launch upsert.
Cadbury,cadbury,Mondelēz International,market_scoped,beverages,UK_IE,UK_IE,Ireland,layer3_review_decision_20260824,approved_proposed_company_from_layer3_review,approve proposed,Mondelēz International,Mondelēz International,1,Proposed company mapping is concrete; approve for launch. | Cadbury ownership/routing is market-sensitive; status corrected to market_scoped before launch upsert.,Cadbury Chocolate Drink Cocoa,Cadbury,append_candidate,direct,Corrected before upsert-ready split: known complex/market-scoped or licensed brand; do not mark as plain direct. | Cadbury ownership/routing is market-sensitive; status corrected to market_scoped before launch upsert.
Cadbury,cadbury,Mondelēz International,market_scoped,dairies,DACH|UK_IE,DACH|UK_IE,Germany,layer3_review_decision_20260824,approved_proposed_company_from_layer3_review,approve proposed,Mondelēz International,Mondelēz International,1,Proposed company mapping is concrete; approve for launch. | Cadbury ownership/routing is market-sensitive; status corrected to market_scoped before launch upsert.,Dairy Milk with Flake,Cadbury,append_candidate,direct,Corrected before upsert-ready split: known complex/market-scoped or licensed brand; do not mark as plain direct. | Cadbury ownership/routing is market-sensitive; status corrected to market_scoped before launch upsert.
Cadbury,cadbury,Mondelēz International,market_scoped,dairies,FRANCE|DACH|UK_IE,FRANCE|DACH|UK_IE,France,layer3_review_decision_20260824,approved_proposed_company_from_layer3_review,approve proposed,Mondelēz International,Mondelēz International,1,Proposed company mapping is concrete; approve for launch. | Cadbury ownership/routing is market-sensitive; status corrected to market_scoped before launch upsert.,Tassimo Cadbury Hot Chocolate,"Cadbury, Tassimo",append_candidate,direct,Corrected before upsert-ready split: known complex/market-scoped or licensed brand; do not mark as plain direct. | Cadbury ownership/routing is market-sensitive; status corrected to market_scoped before launch upsert.
Cadbury,cadbury,Mondelēz International,market_scoped,dairies,SOUTHERN_EUROPE|UK_IE,SOUTHERN_EUROPE|UK_IE,Spain,layer3_review_decision_20260824,approved_proposed_company_from_layer3_review,approve proposed,Mondelēz International,Mondelēz International,1,Proposed company mapping is concrete; approve for launch. | Cadbury ownership/routing is market-sensitive; status corrected to market_scoped before launch upsert.,Flake chocolate dessert,Cadbury,append_candidate,direct,Corrected before upsert-ready split: known complex/market-scoped or licensed brand; do not mark as plain direct. | Cadbury ownership/routing is market-sensitive; status corrected to market_scoped before launch upsert.
Cadbury,cadbury,Mondelēz International,market_scoped,dairies,UK_IE,UK_IE,Ireland,layer3_review_decision_20260824,approved_proposed_company_from_layer3_review,approve proposed,Mondelēz International,Mondelēz International,1,Proposed company mapping is concrete; approve for launch. | Cadbury ownership/routing is market-sensitive; status corrected to market_scoped before launch upsert.,Creamy Chocolate Caramel Flavour Milkshake,Cadbury,append_candidate,direct,Corrected before upsert-ready split: known complex/market-scoped or licensed brand; do not mark as plain direct. | Cadbury ownership/routing is market-sensitive; status corrected to market_scoped before launch upsert.
Cadbury,cadbury,Mondelēz International,market_scoped,snacks,BENELUX|FRANCE|DACH,BENELUX|FRANCE|DACH,Belgium,layer3_review_decision_20260824,approved_proposed_company_from_layer3_review,approve proposed,Mondelēz International,Mondelēz International,1,Proposed company mapping is concrete; approve for launch. | Cadbury ownership/routing is market-sensitive; status corrected to market_scoped before launch upsert.,Curly Wurly,"Cadbury, Mondelez",append_candidate,direct,Corrected before upsert-ready split: known complex/market-scoped or licensed brand; do not mark as plain direct. | Cadbury ownership/routing is market-sensitive; status corrected to market_scoped before launch upsert.
Cadbury,cadbury,Mondelēz International,market_scoped,snacks,DACH|SOUTHERN_EUROPE|UK_IE,DACH|SOUTHERN_EUROPE|UK_IE,Germany,layer3_review_decision_20260824,approved_proposed_company_from_layer3_review,approve proposed,Mondelēz International,Mondelēz International,1,Proposed company mapping is concrete; approve for launch. | Cadbury ownership/routing is market-sensitive; status corrected to market_scoped before launch upsert.,Dairy Milk,Cadbury,append_candidate,direct,Corrected before upsert-ready split: known complex/market-scoped or licensed brand; do not mark as plain direct. | Cadbury ownership/routing is market-sensitive; status corrected to market_scoped before launch upsert.
Cadbury,cadbury,Mondelēz International,market_scoped,snacks,FRANCE,FRANCE,France,layer3_review_decision_20260824,approved_proposed_company_from_layer3_review,approve proposed,Mondelēz International,Other / not mapped to a company,1,Proposed company mapping is concrete; approve for launch. | Cadbury ownership/routing is market-sensitive; status corrected to market_scoped before launch upsert.,Cadbury Dinky Deckers Chocolate Bag,"CaMury, Cadbury",append_candidate,direct,Corrected before upsert-ready split: known complex/market-scoped or licensed brand; do not mark as plain direct. | Cadbury ownership/routing is market-sensitive; status corrected to market_scoped before launch upsert.
Cadbury,cadbury,Mondelēz International,market_scoped,snacks,FRANCE|NORDICS,FRANCE|NORDICS,France,layer3_review_decision_20260824,approved_proposed_company_from_layer3_review,approve proposed,Mondelēz International,Mondelēz International,1,Proposed company mapping is concrete; approve for launch. | Cadbury ownership/routing is market-sensitive; status corrected to market_scoped before launch upsert.,Fingers Mini,Cadbury,append_candidate,direct,Corrected before upsert-ready split: known complex/market-scoped or licensed brand; do not mark as plain direct. | Cadbury ownership/routing is market-sensitive; status corrected to market_scoped before launch upsert.
Cadbury,cadbury,Mondelēz International,market_scoped,snacks,FRANCE|SOUTHERN_EUROPE|UK_IE,FRANCE|SOUTHERN_EUROPE|UK_IE,France,layer3_review_decision_20260824,approved_proposed_company_from_layer3_review,approve proposed,Mondelēz International,Mondelēz International,1,Proposed company mapping is concrete; approve for launch. | Cadbury ownership/routing is market-sensitive; status corrected to market_scoped before launch upsert.,Cookies choc chip,Cadbury,append_candidate,direct,Corrected before upsert-ready split: known complex/market-scoped or licensed brand; do not mark as plain direct. | Cadbury ownership/routing is market-sensitive; status corrected to market_scoped before launch upsert.
Cadbury,cadbury,Mondelēz International,market_scoped,snacks,FRANCE|UK_IE,FRANCE|UK_IE,Australia,layer3_review_decision_20260824,approved_proposed_company_from_layer3_review,approve proposed,Mondelēz International,Mondelēz International,1,Proposed company mapping is concrete; approve for launch. | Cadbury ownership/routing is market-sensitive; status corrected to market_scoped before launch upsert.,Starbar,Cadbury,append_candidate,direct,Corrected before upsert-ready split: known complex/market-scoped or licensed brand; do not mark as plain direct. | Cadbury ownership/routing is market-sensitive; status corrected to market_scoped before launch upsert.
Cadbury,cadbury,Mondelēz International,market_scoped,snacks,UK_IE,UK_IE,Australia,layer3_review_decision_20260824,approved_proposed_company_from_layer3_review,approve proposed,Mondelēz International,Mondelēz International,1,Proposed company mapping is concrete; approve for launch. | Cadbury ownership/routing is market-sensitive; status corrected to market_scoped before launch upsert.,Cake Bars Milk Chocolate,Cadbury,append_candidate,direct,Corrected before upsert-ready split: known complex/market-scoped or licensed brand; do not mark as plain direct. | Cadbury ownership/routing is market-sensitive; status corrected to market_scoped before launch upsert.
Cadbury,cadbury,Mondelēz International,market_scoped,snacks,UK_IE,UK_IE,Malta,layer3_review_decision_20260824,approved_proposed_company_from_layer3_review,approve proposed,Mondelēz International,Mondelēz International,1,Proposed company mapping is concrete; approve for launch. | Cadbury ownership/routing is market-sensitive; status corrected to market_scoped before launch upsert.,Treatsize Wispa,Cadbury,append_candidate,direct,Corrected before upsert-ready split: known complex/market-scoped or licensed brand; do not mark as plain direct. | Cadbury ownership/routing is market-sensitive; status corrected to market_scoped before launch upsert.
Cadbury,cadbury,Mondelēz International,market_scoped,snacks,UK_IE,UK_IE,Morocco,layer3_review_decision_20260824,approved_proposed_company_from_layer3_review,approve proposed,Mondelēz International,Mondelēz International,1,Proposed company mapping is concrete; approve for launch. | Cadbury ownership/routing is market-sensitive; status corrected to market_scoped before launch upsert.,Caramel Chocolate,Cadbury,append_candidate,direct,Corrected before upsert-ready split: known complex/market-scoped or licensed brand; do not mark as plain direct. | Cadbury ownership/routing is market-sensitive; status corrected to market_scoped before launch upsert.
Cadbury,cadbury,Mondelēz International,market_scoped,snacks,UK_IE,UK_IE,Qatar,layer3_review_decision_20260824,approved_proposed_company_from_layer3_review,approve proposed,Mondelēz International,Mondelēz International,1,Proposed company mapping is concrete; approve for launch. | Cadbury ownership/routing is market-sensitive; status corrected to market_scoped before launch upsert.,Dairy Milk (Daim),Cadbury,append_candidate,direct,Corrected before upsert-ready split: known complex/market-scoped or licensed brand; do not mark as plain direct. | Cadbury ownership/routing is market-sensitive; status corrected to market_scoped before launch upsert.
Cadbury,cadbury,Mondelēz International,market_scoped,snacks,UK_IE,UK_IE,Russia,layer3_review_decision_20260824,approved_proposed_company_from_layer3_review,approve proposed,Mondelēz International,Mondelēz International,1,Proposed company mapping is concrete; approve for launch. | Cadbury ownership/routing is market-sensitive; status corrected to market_scoped before launch upsert.,Heroes,Cadbury,append_candidate,direct,Corrected before upsert-ready split: known complex/market-scoped or licensed brand; do not mark as plain direct. | Cadbury ownership/routing is market-sensitive; status corrected to market_scoped before launch upsert.
Cadbury,cadbury,Mondelēz International,market_scoped,snacks,UK_IE,UK_IE,United Kingdom,layer3_review_decision_20260824,approved_proposed_company_from_layer3_review,approve proposed,Mondelēz International,Other / not mapped to a company,1,Proposed company mapping is concrete; approve for launch. | Cadbury ownership/routing is market-sensitive; status corrected to market_scoped before launch upsert.,Brunch Bar Peanut,"Cadburys, Cadbury",append_candidate,direct,Corrected before upsert-ready split: known complex/market-scoped or licensed brand; do not mark as plain direct. | Cadbury ownership/routing is market-sensitive; status corrected to market_scoped before launch upsert.
Cadbury,cadbury,The Hershey Company,market_scoped,dairies,US_CANADA,US_CANADA,United States,layer3_review_decision_20260824,approved_proposed_company_from_layer3_review,approve proposed,The Hershey Company,The Hershey Company,1,Proposed company mapping is concrete; approve for launch. | Cadbury ownership/routing is market-sensitive; status corrected to market_scoped before launch upsert.,Dairy Milk: milk chocolate,Cadbury,append_candidate,direct,Corrected before upsert-ready split: known complex/market-scoped or licensed brand; do not mark as plain direct. | Cadbury ownership/routing is market-sensitive; status corrected to market_scoped before launch upsert.
Cadbury,cadbury,The Hershey Company,market_scoped,snacks,US_CANADA,US_CANADA,Australia,layer3_review_decision_20260824,approved_proposed_company_from_layer3_review,approve proposed,The Hershey Company,The Hershey Company,1,Proposed company mapping is concrete; approve for launch. | Cadbury ownership/routing is market-sensitive; status corrected to market_scoped before launch upsert.,Dairy Milk Candy Cane,Cadbury,append_candidate,direct,Corrected before upsert-ready split: known complex/market-scoped or licensed brand; do not mark as plain direct. | Cadbury ownership/routing is market-sensitive; status corrected to market_scoped before launch upsert.
Capri Sun,capri sun,Capri Sun Group / Coca-Cola Europacific Partners,market_scoped,beverages,BENELUX|FRANCE|DACH,BENELUX|FRANCE|DACH,Belgium,layer3_review_decision_20260824,approved_proposed_company_from_layer3_review,approve proposed,Capri Sun Group / Coca-Cola Europacific Partners,Other / not mapped to a company,1,Proposed company mapping is concrete; approve for launch.,Safari fruits,"Capri-Sonne, Capri-Sun",append_candidate,direct,Corrected before upsert-ready split: known complex/market-scoped or licensed brand; do not mark as plain direct.
Capri Sun,capri sun,Capri Sun Group / Coca-Cola Europacific Partners,market_scoped,beverages,BENELUX|FRANCE|NORDICS,BENELUX|FRANCE|NORDICS,Belgium,layer3_review_decision_20260824,approved_proposed_company_from_layer3_review,approve proposed,Capri Sun Group / Coca-Cola Europacific Partners,Capri Sun Group / Coca-Cola Europacific Partners,1,Proposed company mapping is concrete; approve for launch.,Capri-Sun Summer Berries,Capri-sun,append_candidate,direct,Corrected before upsert-ready split: known complex/market-scoped or licensed brand; do not mark as plain direct.
Capri Sun,capri sun,Capri Sun Group / Coca-Cola Europacific Partners,market_scoped,beverages,BENELUX|FRANCE|NORDICS|SOUTHERN_EUROPE,BENELUX|FRANCE|NORDICS|SOUTHERN_EUROPE,Belgium,layer3_review_decision_20260824,approved_proposed_company_from_layer3_review,approve proposed,Capri Sun Group / Coca-Cola Europacific Partners,Capri Sun Group / Coca-Cola Europacific Partners,1,Proposed company mapping is concrete; approve for launch.,4000177158210,Capri-Sun,append_candidate,direct,Corrected before upsert-ready split: known complex/market-scoped or licensed brand; do not mark as plain direct.
Capri Sun,capri sun,Capri Sun Group / Coca-Cola Europacific Partners,market_scoped,beverages,BENELUX|FRANCE|SOUTHERN_EUROPE,BENELUX|FRANCE|SOUTHERN_EUROPE,Belgium,layer3_review_decision_20260824,approved_proposed_company_from_layer3_review,approve proposed,Capri Sun Group / Coca-Cola Europacific Partners,Capri Sun Group / Coca-Cola Europacific Partners,1,Proposed company mapping is concrete; approve for launch.,Safari fruits,Capri-Sun,append_candidate,direct,Corrected before upsert-ready split: known complex/market-scoped or licensed brand; do not mark as plain direct.
Capri Sun,capri sun,Capri Sun Group / Coca-Cola Europacific Partners,market_scoped,beverages,BENELUX|FRANCE|SOUTHERN_EUROPE|DACH,BENELUX|FRANCE|SOUTHERN_EUROPE|DACH,Belgium,layer3_review_decision_20260824,approved_proposed_company_from_layer3_review,approve proposed,Capri Sun Group / Coca-Cola Europacific Partners,Capri Sun Group / Coca-Cola Europacific Partners,1,Proposed company mapping is concrete; approve for launch.,Multivitamin Capri-Sun,Capri-Sun,append_candidate,direct,Corrected before upsert-ready split: known complex/market-scoped or licensed brand; do not mark as plain direct.
Capri Sun,capri sun,Capri Sun Group / Coca-Cola Europacific Partners,market_scoped,beverages,BENELUX|FRANCE|UK_IE,BENELUX|FRANCE|UK_IE,Belgium,layer3_review_decision_20260824,approved_proposed_company_from_layer3_review,approve proposed,Capri Sun Group / Coca-Cola Europacific Partners,Capri Sun Group / Coca-Cola Europacific Partners,1,Proposed company mapping is concrete; approve for launch.,Capri-sun orange,capri-sun,append_candidate,direct,Corrected before upsert-ready split: known complex/market-scoped or licensed brand; do not mark as plain direct.
Capri Sun,capri sun,Capri Sun Group / Coca-Cola Europacific Partners,market_scoped,beverages,DACH|BENELUX|NORDICS|FRANCE|UK_IE|SOUTHERN_EUROPE,DACH|BENELUX|NORDICS|FRANCE|UK_IE|SOUTHERN_EUROPE,Austria,layer3_review_decision_20260824,approved_proposed_company_from_layer3_review,approve proposed,Capri Sun Group / Coca-Cola Europacific Partners,Other / not mapped to a company,1,Proposed company mapping is concrete; approve for launch.,Kirsche,"Capri Sonne, Capri-Sun",append_candidate,direct,Corrected before upsert-ready split: known complex/market-scoped or licensed brand; do not mark as plain direct.
Capri Sun,capri sun,Capri Sun Group / Coca-Cola Europacific Partners,market_scoped,beverages,FRANCE,FRANCE,France,layer3_review_decision_20260824,approved_proposed_company_from_layer3_review,approve proposed,Capri Sun Group / Coca-Cola Europacific Partners,Other / not mapped to a company,1,Proposed company mapping is concrete; approve for launch.,Capri-Sun,Caprisun,append_candidate,direct,Corrected before upsert-ready split: known complex/market-scoped or licensed brand; do not mark as plain direct.
Capri Sun,capri sun,Capri Sun Group / Coca-Cola Europacific Partners,market_scoped,beverages,FRANCE|DACH,FRANCE|DACH,Czech Republic,layer3_review_decision_20260824,approved_proposed_company_from_layer3_review,approve proposed,Capri Sun Group / Coca-Cola Europacific Partners,Capri Sun Group / Coca-Cola Europacific Partners,1,Proposed company mapping is concrete; approve for launch.,Capri-Sun Monsteralarm,Capri-Sun,append_candidate,direct,Corrected before upsert-ready split: known complex/market-scoped or licensed brand; do not mark as plain direct.
Capri Sun,capri sun,Capri Sun Group / Coca-Cola Europacific Partners,market_scoped,beverages,FRANCE|DACH|BENELUX,FRANCE|DACH|BENELUX,France,layer3_review_decision_20260824,approved_proposed_company_from_layer3_review,approve proposed,Capri Sun Group / Coca-Cola Europacific Partners,Capri Sun Group / Coca-Cola Europacific Partners,1,Proposed company mapping is concrete; approve for launch.,Caprisun Jungle Drink,Capri-Sun,append_candidate,direct,Corrected before upsert-ready split: known complex/market-scoped or licensed brand; do not mark as plain direct.
Capri Sun,capri sun,Capri Sun Group / Coca-Cola Europacific Partners,market_scoped,beverages,FRANCE|DACH|SOUTHERN_EUROPE,FRANCE|DACH|SOUTHERN_EUROPE,France,layer3_review_decision_20260824,approved_proposed_company_from_layer3_review,approve proposed,Capri Sun Group / Coca-Cola Europacific Partners,Capri Sun Group / Coca-Cola Europacific Partners,1,Proposed company mapping is concrete; approve for launch.,Capri-Sun Orange & Peach,Capri-Sun,append_candidate,direct,Corrected before upsert-ready split: known complex/market-scoped or licensed brand; do not mark as plain direct.
Capri Sun,capri sun,Capri Sun Group / Coca-Cola Europacific Partners,market_scoped,beverages,FRANCE|SOUTHERN_EUROPE,FRANCE|SOUTHERN_EUROPE,France,layer3_review_decision_20260824,approved_proposed_company_from_layer3_review,approve proposed,Capri Sun Group / Coca-Cola Europacific Partners,Capri Sun Group / Coca-Cola Europacific Partners,1,Proposed company mapping is concrete; approve for launch.,Capri-Sun Multivitamin,Capri-Sun,append_candidate,direct,Corrected before upsert-ready split: known complex/market-scoped or licensed brand; do not mark as plain direct.
Capri Sun,capri sun,Capri Sun Group / Coca-Cola Europacific Partners,market_scoped,beverages,NORDICS|FRANCE|DACH,NORDICS|FRANCE|DACH,Denmark,layer3_review_decision_20260824,approved_proposed_company_from_layer3_review,approve proposed,Capri Sun Group / Coca-Cola Europacific Partners,Capri Sun Group / Coca-Cola Europacific Partners,1,Proposed company mapping is concrete; approve for launch.,Multi-Vitamin,Capri-Sun,append_candidate,direct,Corrected before upsert-ready split: known complex/market-scoped or licensed brand; do not mark as plain direct.
Carrefour Bio,carrefour bio,Carrefour,direct,beverages,DACH|BENELUX|FRANCE,DACH|BENELUX|FRANCE,Austria,layer3_review_decision_20260824,explicit_company_mapping_from_layer3_review,map to Carrefour,Other / not mapped to a company,Manual review / complex ownership,1,"Carrefour brand/private-label/store-format row; brand entity should stay as normalized_brand, parent_company should be Carrefour.",Carrefour Bio Gingembre Curcuma & Citron Shot,"Carrefour BIO, Carrefour",append_candidate,direct,
Carrefour Bio,carrefour bio,Carrefour,direct,beverages,FRANCE,FRANCE,Czech Republic,layer3_review_decision_20260824,explicit_company_mapping_from_layer3_review,map to Carrefour,Other / not mapped to a company,Manual review / complex ownership,1,"Carrefour brand/private-label/store-format row; brand entity should stay as normalized_brand, parent_company should be Carrefour.",Lait d’amande,Carrefour BIO,append_candidate,direct,
Carrefour Bio,carrefour bio,Carrefour,direct,beverages,FRANCE|DACH,FRANCE|DACH,France,layer3_review_decision_20260824,explicit_company_mapping_from_layer3_review,map to Carrefour,Other / not mapped to a company,Manual review / complex ownership,1,"Carrefour brand/private-label/store-format row; brand entity should stay as normalized_brand, parent_company should be Carrefour.",,Carrefour Bio,append_candidate,direct,
Carrefour Bio,carrefour bio,Carrefour,direct,beverages,FRANCE|SOUTHERN_EUROPE|UK_IE,FRANCE|SOUTHERN_EUROPE|UK_IE,France,layer3_review_decision_20260824,explicit_company_mapping_from_layer3_review,map to Carrefour,Other / not mapped to a company,Manual review / complex ownership,1,"Carrefour brand/private-label/store-format row; brand entity should stay as normalized_brand, parent_company should be Carrefour.",JUS DE CLÉMENTINE 100% pur jus,"Carrefour BIO, Carrefour",append_candidate,direct,
Carrefour Bio,carrefour bio,Carrefour,direct,beverages,US_CANADA,US_CANADA,United States,layer3_review_decision_20260824,explicit_company_mapping_from_layer3_review,map to Carrefour,Other / not mapped to a company,Manual review / complex ownership,1,"Carrefour brand/private-label/store-format row; brand entity should stay as normalized_brand, parent_company should be Carrefour.",Boisson au soja Bio,Carrefour bio,append_candidate,direct,
Carrefour Bio,carrefour bio,Carrefour,direct,cereals,FRANCE|SOUTHERN_EUROPE|DACH,FRANCE|SOUTHERN_EUROPE|DACH,France,layer3_review_decision_20260824,explicit_company_mapping_from_layer3_review,map to Carrefour,Other / not mapped to a company,Manual review / complex ownership,1,"Carrefour brand/private-label/store-format row; brand entity should stay as normalized_brand, parent_company should be Carrefour.",Cereales corn flakes,"Carrefour BIO,Carrefour",append_candidate,direct,
Carrefour Bio,carrefour bio,Carrefour,direct,dairies,FRANCE|DACH,FRANCE|DACH,France,layer3_review_decision_20260824,explicit_company_mapping_from_layer3_review,map to Carrefour,Other / not mapped to a company,Manual review / complex ownership,1,"Carrefour brand/private-label/store-format row; brand entity should stay as normalized_brand, parent_company should be Carrefour.",Lait demi-écrémé Stérilisé UHT,"Carrefour BIO,Carrefour",append_candidate,direct,
Carrefour Bio,carrefour bio,Carrefour,direct,snacks,BENELUX|FRANCE|SOUTHERN_EUROPE|DACH,BENELUX|FRANCE|SOUTHERN_EUROPE|DACH,Belgium,layer3_review_decision_20260824,explicit_company_mapping_from_layer3_review,map to Carrefour,Other / not mapped to a company,Manual review / complex ownership,1,"Carrefour brand/private-label/store-format row; brand entity should stay as normalized_brand, parent_company should be Carrefour.",Galleta de mantequilla con tableta de chocolate con leche,Carrefour BIO,append_candidate,direct,
Carrefour Bio,carrefour bio,Carrefour,direct,snacks,UK_IE,UK_IE,United Kingdom,layer3_review_decision_20260824,explicit_company_mapping_from_layer3_review,map to Carrefour,Other / not mapped to a company,Manual review / complex ownership,1,"Carrefour brand/private-label/store-format row; brand entity should stay as normalized_brand, parent_company should be Carrefour.",tartelettes a la framboise,"Carrefour, Carrefour Bio",append_candidate,direct,
Carrefour Classic,carrefour classic,Carrefour,direct,beverages,BENELUX|FRANCE,BENELUX|FRANCE,Belgium,layer3_review_decision_20260824,explicit_company_mapping_from_layer3_review,map to Carrefour,Other / not mapped to a company,Manual review / complex ownership,1,"Carrefour brand/private-label/store-format row; brand entity should stay as normalized_brand, parent_company should be Carrefour.",Cola zero*,"Carrefour Classic, Carrefour",append_candidate,direct,
Carrefour Classic,carrefour classic,Carrefour,direct,beverages,BENELUX|FRANCE|DACH,BENELUX|FRANCE|DACH,Belgium,layer3_review_decision_20260824,explicit_company_mapping_from_layer3_review,map to Carrefour,Other / not mapped to a company,Manual review / complex ownership,1,"Carrefour brand/private-label/store-format row; brand entity should stay as normalized_brand, parent_company should be Carrefour.",Sirop cerise,"Carrefour,Carrefour Classic",append_candidate,direct,
Carrefour Classic,carrefour classic,Carrefour,direct,beverages,FRANCE|DACH,FRANCE|DACH,France,layer3_review_decision_20260824,explicit_company_mapping_from_layer3_review,map to Carrefour,Other / not mapped to a company,Manual review / complex ownership,1,"Carrefour brand/private-label/store-format row; brand entity should stay as normalized_brand, parent_company should be Carrefour.",Eau minérale naturelle finement pétillante,"Carrefour Classic, Carrefour",append_candidate,direct,
Carrefour Classic,carrefour classic,Carrefour,direct,dairies,FRANCE|SOUTHERN_EUROPE,FRANCE|SOUTHERN_EUROPE,France,layer3_review_decision_20260824,explicit_company_mapping_from_layer3_review,map to Carrefour,Other / not mapped to a company,Other / not mapped to a company,1,"Carrefour brand/private-label/store-format row; brand entity should stay as normalized_brand, parent_company should be Carrefour.",Beurre Gastronomique Doux,"CMI (Carrefour Marchandises Internationales),Carrefour,Groupe Carrefour,Carrefour Classic",append_candidate,direct,
Carrefour Classic,carrefour classic,Carrefour,direct,snacks,BENELUX|FRANCE,BENELUX|FRANCE,Belgium,layer3_review_decision_20260824,explicit_company_mapping_from_layer3_review,map to Carrefour,Other / not mapped to a company,Manual review / complex ownership,1,"Carrefour brand/private-label/store-format row; brand entity should stay as normalized_brand, parent_company should be Carrefour.",Crackers Goût Pizza,"Carrefour, Carrefour Classic'",append_candidate,direct,
Carrefour Classic,carrefour classic,Carrefour,direct,snacks,FRANCE,FRANCE,Czech Republic,layer3_review_decision_20260824,explicit_company_mapping_from_layer3_review,map to Carrefour,Other / not mapped to a company,Manual review / complex ownership,1,"Carrefour brand/private-label/store-format row; brand entity should stay as normalized_brand, parent_company should be Carrefour.",Pains au chocolat,Carrefour Classic’,append_candidate,direct,
Carrefour Extra,carrefour extra,Carrefour,direct,dairies,BENELUX|US_CANADA|FRANCE|DACH,BENELUX|US_CANADA|FRANCE|DACH,Algeria,layer3_review_decision_20260824,explicit_company_mapping_from_layer3_review,map to Carrefour,Other / not mapped to a company,Other / not mapped to a company,1,"Carrefour brand/private-label/store-format row; brand entity should stay as normalized_brand, parent_company should be Carrefour.",Lait frais demi-écrémé,"CMI (Carrefour Marchandises Internationales),Carrefour,Carrefour Extra",append_candidate,direct,
Carrefour Extra,carrefour extra,Carrefour,direct,snacks,BENELUX|FRANCE,BENELUX|FRANCE,Belgium,layer3_review_decision_20260824,explicit_company_mapping_from_layer3_review,map to Carrefour,Other / not mapped to a company,Manual review / complex ownership,1,"Carrefour brand/private-label/store-format row; brand entity should stay as normalized_brand, parent_company should be Carrefour.",Noir noisettes entieres,Carrefour Extra,append_candidate,direct,
Carrefour Extra,carrefour extra,Carrefour,direct,snacks,FRANCE|SOUTHERN_EUROPE,FRANCE|SOUTHERN_EUROPE,China,layer3_review_decision_20260824,explicit_company_mapping_from_layer3_review,map to Carrefour,Other / not mapped to a company,Manual review / complex ownership,1,"Carrefour brand/private-label/store-format row; brand entity should stay as normalized_brand, parent_company should be Carrefour.",Lait noisettes & raisins,"Carrefour,Carrefour Extra",append_candidate,direct,
Carrefour Extra,carrefour extra,Carrefour,direct,snacks,FRANCE|SOUTHERN_EUROPE|BENELUX,FRANCE|SOUTHERN_EUROPE|BENELUX,France,layer3_review_decision_20260824,explicit_company_mapping_from_layer3_review,map to Carrefour,Other / not mapped to a company,Manual review / complex ownership,1,"Carrefour brand/private-label/store-format row; brand entity should stay as normalized_brand, parent_company should be Carrefour.",Génoises saveur poire,"Carrefour, Carrefour Extra",append_candidate,direct,
Carrefour Kids,carrefour kids,Carrefour,direct,beverages,BENELUX|FRANCE,BENELUX|FRANCE,Belgium,layer3_review_decision_20260824,explicit_company_mapping_from_layer3_review,map to Carrefour,Other / not mapped to a company,Manual review / complex ownership,1,"Carrefour brand/private-label/store-format row; brand entity should stay as normalized_brand, parent_company should be Carrefour.",Carrefour Kids Eau Minérale Naturelle,"Carrefour, Carrefour KIDS",append_candidate,direct,
Carrefour Kids,carrefour kids,Carrefour,direct,cereals,FRANCE|SOUTHERN_EUROPE,FRANCE|SOUTHERN_EUROPE,France,layer3_review_decision_20260824,explicit_company_mapping_from_layer3_review,map to Carrefour,Other / not mapped to a company,Manual review / complex ownership,1,"Carrefour brand/private-label/store-format row; brand entity should stay as normalized_brand, parent_company should be Carrefour.",Miel Numberz - Carrefour Kids,Carrefour Kids,append_candidate,direct,
Carrefour Kids,carrefour kids,Carrefour,direct,dairies,FRANCE,FRANCE,France,layer3_review_decision_20260824,explicit_company_mapping_from_layer3_review,map to Carrefour,Other / not mapped to a company,Other / not mapped to a company,1,"Carrefour brand/private-label/store-format row; brand entity should stay as normalized_brand, parent_company should be Carrefour.",MINI YAB saveurs 4 fraise banane 4 pêche abricot,"CMI (Carrefour Marchandises Internationales), Carrefour, Carrefour Kids, Groupe Carrefour",append_candidate,direct,
Carrefour Kids,carrefour kids,Carrefour,direct,snacks,BENELUX|FRANCE,BENELUX|FRANCE,Belgium,layer3_review_decision_20260824,explicit_company_mapping_from_layer3_review,map to Carrefour,Other / not mapped to a company,Manual review / complex ownership,1,"Carrefour brand/private-label/store-format row; brand entity should stay as normalized_brand, parent_company should be Carrefour.",Carrefour Classic' Magic Eggs Chocolat,"Carrefour, Carrefour KIDS",append_candidate,direct,
Carrefour Original,carrefour original,Carrefour,direct,beverages,FRANCE,FRANCE,France,layer3_review_decision_20260824,explicit_company_mapping_from_layer3_review,map to Carrefour,Other / not mapped to a company,Manual review / complex ownership,1,"Carrefour brand/private-label/store-format row; brand entity should stay as normalized_brand, parent_company should be Carrefour.",SIROP Orgeat,"Carrefour, Carrefour Original",append_candidate,direct,
Carrefour Original,carrefour original,Carrefour,direct,snacks,BENELUX|FRANCE|SOUTHERN_EUROPE,BENELUX|FRANCE|SOUTHERN_EUROPE,Belgium,layer3_review_decision_20260824,explicit_company_mapping_from_layer3_review,map to Carrefour,Other / not mapped to a company,Manual review / complex ownership,1,"Carrefour brand/private-label/store-format row; brand entity should stay as normalized_brand, parent_company should be Carrefour.",Les Palets Recette à la Madeleine,"Carrefour,Carrefour Original",append_candidate,direct,
Carrefour Original,carrefour original,Carrefour,direct,snacks,FRANCE,FRANCE,France,layer3_review_decision_20260824,explicit_company_mapping_from_layer3_review,map to Carrefour,Other / not mapped to a company,Other / not mapped to a company,1,"Carrefour brand/private-label/store-format row; brand entity should stay as normalized_brand, parent_company should be Carrefour.",Chips à l'Ancienne nature,"CMI (Carrefour Marchandises Internationales), Carrefour, Carrefour Original, Groupe Carrefour",append_candidate,direct,
Carrefour Original,carrefour original,Carrefour,direct,snacks,FRANCE|SOUTHERN_EUROPE,FRANCE|SOUTHERN_EUROPE,France,layer3_review_decision_20260824,explicit_company_mapping_from_layer3_review,map to Carrefour,Other / not mapped to a company,Manual review / complex ownership,1,"Carrefour brand/private-label/store-format row; brand entity should stay as normalized_brand, parent_company should be Carrefour.",Pépites Chocolat Noir,Carrefour Original,append_candidate,direct,
Carrefour Sensation,carrefour sensation,Carrefour,direct,cereals,BENELUX|FRANCE|SOUTHERN_EUROPE,BENELUX|FRANCE|SOUTHERN_EUROPE,Belgium,layer3_review_decision_20260824,explicit_company_mapping_from_layer3_review,map to Carrefour,Other / not mapped to a company,Manual review / complex ownership,1,"Carrefour brand/private-label/store-format row; brand entity should stay as normalized_brand, parent_company should be Carrefour.",Crunchy Chocolat noir intense,"Carrefour, Carrefour Sensation",append_candidate,direct,
Carrefour Sensation,carrefour sensation,Carrefour,direct,dairies,US_CANADA,US_CANADA,United States,layer3_review_decision_20260824,explicit_company_mapping_from_layer3_review,map to Carrefour,Other / not mapped to a company,Manual review / complex ownership,1,"Carrefour brand/private-label/store-format row; brand entity should stay as normalized_brand, parent_company should be Carrefour.",Ayran,Carrefour Sensation,append_candidate,direct,
Carrefour Sensation VÉGÉtal,carrefour sensation végétal,Carrefour,direct,beverages,FRANCE|SOUTHERN_EUROPE,FRANCE|SOUTHERN_EUROPE,France,layer3_review_decision_20260824,explicit_company_mapping_from_layer3_review,map to Carrefour,Other / not mapped to a company,Manual review / complex ownership,1,"Carrefour brand/private-label/store-format row; brand entity should stay as normalized_brand, parent_company should be Carrefour.",Postre vegetal almendra chocolate,"Carrefour, Carrefour Sensation Végétal",append_candidate,direct,
Carrefour Sélection,carrefour sélection,Carrefour,direct,beverages,FRANCE,FRANCE,France,layer3_review_decision_20260824,explicit_company_mapping_from_layer3_review,map to Carrefour,Other / not mapped to a company,Other / not mapped to a company,1,"Carrefour brand/private-label/store-format row; brand entity should stay as normalized_brand, parent_company should be Carrefour.","Planteur Sans alcool, Préparation pour cocktail","CMI (Carrefour Marchandises Internationales), Carrefour Sélection, Groupe Carrefour",append_candidate,direct,
Carrefour Sélection,carrefour sélection,Carrefour,direct,beverages,FRANCE|SOUTHERN_EUROPE,FRANCE|SOUTHERN_EUROPE,France,layer3_review_decision_20260824,explicit_company_mapping_from_layer3_review,map to Carrefour,Other / not mapped to a company,Other / not mapped to a company,1,"Carrefour brand/private-label/store-format row; brand entity should stay as normalized_brand, parent_company should be Carrefour.",Piña Colada - Sans alcool,"CMI (Carrefour Marchandises Internationales),Carrefour,Carrefour Sélection,Groupe Carrefour",append_candidate,direct,
Carrefour Sélection,carrefour sélection,Carrefour,direct,beverages,FRANCE|UK_IE,FRANCE|UK_IE,France,layer3_review_decision_20260824,explicit_company_mapping_from_layer3_review,map to Carrefour,Other / not mapped to a company,Manual review / complex ownership,1,"Carrefour brand/private-label/store-format row; brand entity should stay as normalized_brand, parent_company should be Carrefour.",Espresso Corsé,"Carrefour Sélection,Carrefour",append_candidate,direct,
Carrefour Sélection,carrefour sélection,Carrefour,direct,dairies,BENELUX|FRANCE,BENELUX|FRANCE,Belgium,layer3_review_decision_20260824,explicit_company_mapping_from_layer3_review,map to Carrefour,Other / not mapped to a company,Manual review / complex ownership,1,"Carrefour brand/private-label/store-format row; brand entity should stay as normalized_brand, parent_company should be Carrefour.",Carrefour Selection Tête de Moine AOC,"Carrefour sélection, Selection",append_candidate,direct,
Carrefour Sélection,carrefour sélection,Carrefour,direct,dairies,FRANCE,FRANCE,Afghanistan,layer3_review_decision_20260824,explicit_company_mapping_from_layer3_review,map to Carrefour,Other / not mapped to a company,Manual review / complex ownership,1,"Carrefour brand/private-label/store-format row; brand entity should stay as normalized_brand, parent_company should be Carrefour.",Dame Blanche,"Carrefour, Carrefour Selection",append_candidate,direct,
Carrefour Sélection,carrefour sélection,Carrefour,direct,snacks,BENELUX|FRANCE,BENELUX|FRANCE,Belgium,layer3_review_decision_20260824,explicit_company_mapping_from_layer3_review,map to Carrefour,Other / not mapped to a company,Manual review / complex ownership,1,"Carrefour brand/private-label/store-format row; brand entity should stay as normalized_brand, parent_company should be Carrefour.",Mini twists,Carrefour sélection,append_candidate,direct,
Carrefour Sélection,carrefour sélection,Carrefour,direct,snacks,FRANCE,FRANCE,Afghanistan,layer3_review_decision_20260824,explicit_company_mapping_from_layer3_review,map to Carrefour,Other / not mapped to a company,Manual review / complex ownership,1,"Carrefour brand/private-label/store-format row; brand entity should stay as normalized_brand, parent_company should be Carrefour.",Tartelette au caramel beurre demi-sel,"Carrefour, Carrefour Sélection, Groupe Carrefour",append_candidate,direct,
Cheerios,cheerios,Cereal Partners Worldwide,market_scoped,cereals,DACH|FRANCE|UK_IE,DACH|FRANCE|UK_IE,Austria,layer3_review_decision_20260824,approved_proposed_company_from_layer3_review,approve proposed,Cereal Partners Worldwide,Manual review / complex ownership,1,Proposed company mapping is concrete; approve for launch.,NESTLE CHEERIOS Multigrain Cerealien,"Nestlé, Nestle cheerios",append_candidate,direct,Corrected before upsert-ready split: known complex/market-scoped or licensed brand; do not mark as plain direct.
Cheerios,cheerios,Cereal Partners Worldwide,market_scoped,cereals,FRANCE,FRANCE,France,layer3_review_decision_20260824,approved_proposed_company_from_layer3_review,approve proposed,Cereal Partners Worldwide,Manual review / complex ownership,1,Proposed company mapping is concrete; approve for launch.,NESTLE CHEERIOS Céréales 375g,"Nestlé, Cheerios",append_candidate,direct,Corrected before upsert-ready split: known complex/market-scoped or licensed brand; do not mark as plain direct.
Cheerios,cheerios,Cereal Partners Worldwide,market_scoped,cereals,FRANCE|DACH,FRANCE|DACH,Bulgaria,layer3_review_decision_20260824,approved_proposed_company_from_layer3_review,approve proposed,Cereal Partners Worldwide,Cereal Partners Worldwide,1,Proposed company mapping is concrete; approve for launch.,Honey Cheerios,Cheerios,append_candidate,direct,Corrected before upsert-ready split: known complex/market-scoped or licensed brand; do not mark as plain direct.
Cheerios,cheerios,Cereal Partners Worldwide,market_scoped,cereals,FRANCE|UK_IE,FRANCE|UK_IE,France,layer3_review_decision_20260824,approved_proposed_company_from_layer3_review,approve proposed,Cereal Partners Worldwide,Cereal Partners Worldwide,1,Proposed company mapping is concrete; approve for launch.,Cheerios Vanilla O's,Cheerios,append_candidate,direct,Corrected before upsert-ready split: known complex/market-scoped or licensed brand; do not mark as plain direct.
Cheerios,cheerios,Cereal Partners Worldwide,market_scoped,cereals,FRANCE|UK_IE,FRANCE|UK_IE,France,layer3_review_decision_20260824,approved_proposed_company_from_layer3_review,approve proposed,Cereal Partners Worldwide,Manual review / complex ownership,1,Proposed company mapping is concrete; approve for launch.,Cheerios,"Nestlé,Cheerios",append_candidate,direct,Corrected before upsert-ready split: known complex/market-scoped or licensed brand; do not mark as plain direct.
Cheerios,cheerios,Cereal Partners Worldwide,market_scoped,cereals,UK_IE,UK_IE,Ireland,layer3_review_decision_20260824,approved_proposed_company_from_layer3_review,approve proposed,Cereal Partners Worldwide,Cereal Partners Worldwide,1,Proposed company mapping is concrete; approve for launch.,Cheerios Multigrain,"Cheerios,Nestle",append_candidate,direct,Corrected before upsert-ready split: known complex/market-scoped or licensed brand; do not mark as plain direct.
Cheerios,cheerios,Cereal Partners Worldwide,market_scoped,cereals,UK_IE,UK_IE,United Kingdom,layer3_review_decision_20260824,approved_proposed_company_from_layer3_review,approve proposed,Cereal Partners Worldwide,Manual review / complex ownership,1,Proposed company mapping is concrete; approve for launch.,nestle cheerios,"Nestle,Cheerios",append_candidate,direct,Corrected before upsert-ready split: known complex/market-scoped or licensed brand; do not mark as plain direct.
Cheerios,cheerios,Cereal Partners Worldwide,market_scoped,snacks,FRANCE,FRANCE,France,layer3_review_decision_20260824,approved_proposed_company_from_layer3_review,approve proposed,Cereal Partners Worldwide,Manual review / complex ownership,1,Proposed company mapping is concrete; approve for launch.,NESTLE CHEERIOS BIO Barres de céréales 4x22g,"Nestlé, Cheerios, Cheerios bio, Cheerios bio honey",append_candidate,direct,Corrected before upsert-ready split: known complex/market-scoped or licensed brand; do not mark as plain direct.
Cheerios,cheerios,General Mills,market_scoped,snacks,US_CANADA,US_CANADA,Canada,layer3_review_decision_20260824,approved_proposed_company_from_layer3_review,approve proposed,General Mills,General Mills,1,Proposed company mapping is concrete; approve for launch.,Cherrios,Cheerios,append_candidate,direct,Corrected before upsert-ready split: known complex/market-scoped or licensed brand; do not mark as plain direct.
Chocapic,chocapic,Nestlé,direct,cereals,FRANCE,FRANCE,Chile,layer3_review_decision_20260824,explicit_company_mapping_from_layer3_review,map to Nestlé,Manual review / complex ownership,Manual review / complex ownership,1,Known Nestlé brand / brand line missing from proposed company mapping.,Chocapic Trocitos,"Nestlé, Chocapic",append_candidate,direct,
Chocapic,chocapic,Nestlé,direct,snacks,FRANCE|SOUTHERN_EUROPE,FRANCE|SOUTHERN_EUROPE,France,layer3_review_decision_20260824,explicit_company_mapping_from_layer3_review,map to Nestlé,Manual review / complex ownership,Manual review / complex ownership,1,Known Nestlé brand / brand line missing from proposed company mapping.,Chocapic 🍫 strong In Chocolaté 🍫,"Nestlé, Chocapic",append_candidate,direct,
Chocapic,chocapic,Nestlé,direct,snacks,FRANCE|SOUTHERN_EUROPE|DACH,FRANCE|SOUTHERN_EUROPE|DACH,France,layer3_review_decision_20260824,explicit_company_mapping_from_layer3_review,map to Nestlé,Manual review / complex ownership,Manual review / complex ownership,1,Known Nestlé brand / brand line missing from proposed company mapping.,,"Nestlé, Chocapic",append_candidate,direct,
Coca-Cola,coca-cola,The Coca-Cola Company,direct,beverages,BENELUX|FRANCE|DACH|SOUTHERN_EUROPE|NORDICS,BENELUX|FRANCE|DACH|SOUTHERN_EUROPE|NORDICS,Azerbaijan,layer3_review_decision_20260824,explicit_company_mapping_from_layer3_review,map to The Coca-Cola Company,Manual review / complex ownership,Manual review / complex ownership,1,Known Coca-Cola system brand; route to The Coca-Cola Company at company layer.,Coca-Cola Zero,Coca-Cola,append_candidate,direct,
Coca-Cola,coca-cola,The Coca-Cola Company,direct,beverages,BENELUX|FRANCE|DACH|SOUTHERN_EUROPE|UK_IE,BENELUX|FRANCE|DACH|SOUTHERN_EUROPE|UK_IE,Belgium,layer3_review_decision_20260824,explicit_company_mapping_from_layer3_review,map to The Coca-Cola Company,Manual review / complex ownership,Manual review / complex ownership,1,Known Coca-Cola system brand; route to The Coca-Cola Company at company layer.,Coca-Cola goût original,Coca-Cola,append_candidate,direct,
Coca-Cola,coca-cola,The Coca-Cola Company,direct,beverages,BENELUX|FRANCE|DACH|SOUTHERN_EUROPE|UK_IE|US_CANADA,BENELUX|FRANCE|DACH|SOUTHERN_EUROPE|UK_IE|US_CANADA,Belgium,layer3_review_decision_20260824,explicit_company_mapping_from_layer3_review,map to The Coca-Cola Company,Manual review / complex ownership,Manual review / complex ownership,1,Known Coca-Cola system brand; route to The Coca-Cola Company at company layer.,Coke Zero,Coca-Cola,append_candidate,direct,
Coca-Cola,coca-cola,The Coca-Cola Company,direct,beverages,BENELUX|FRANCE|NORDICS,BENELUX|FRANCE|NORDICS,Belgium,layer3_review_decision_20260824,explicit_company_mapping_from_layer3_review,map to The Coca-Cola Company,Manual review / complex ownership,Manual review / complex ownership,1,Known Coca-Cola system brand; route to The Coca-Cola Company at company layer.,Orange Icon,Coca Cola,append_candidate,direct,
Coca-Cola,coca-cola,The Coca-Cola Company,direct,beverages,BENELUX|FRANCE|SOUTHERN_EUROPE,BENELUX|FRANCE|SOUTHERN_EUROPE,Belgium,layer3_review_decision_20260824,explicit_company_mapping_from_layer3_review,map to The Coca-Cola Company,Manual review / complex ownership,Manual review / complex ownership,1,Known Coca-Cola system brand; route to The Coca-Cola Company at company layer.,Coca-Cola Zero,Coca-Cola,append_candidate,direct,
Coca-Cola,coca-cola,The Coca-Cola Company,direct,beverages,BENELUX|FRANCE|SOUTHERN_EUROPE|NORDICS,BENELUX|FRANCE|SOUTHERN_EUROPE|NORDICS,Belgium,layer3_review_decision_20260824,explicit_company_mapping_from_layer3_review,map to The Coca-Cola Company,Manual review / complex ownership,Manual review / complex ownership,1,Known Coca-Cola system brand; route to The Coca-Cola Company at company layer.,CocaCola Energy,Coca-Cola,append_candidate,direct,
Coca-Cola,coca-cola,The Coca-Cola Company,direct,beverages,BENELUX|FRANCE|UK_IE,BENELUX|FRANCE|UK_IE,Belgium,layer3_review_decision_20260824,explicit_company_mapping_from_layer3_review,map to The Coca-Cola Company,Manual review / complex ownership,Manual review / complex ownership,1,Known Coca-Cola system brand; route to The Coca-Cola Company at company layer.,Coca-Cola Zero Sugar 25cl,Coca-Cola,append_candidate,direct,
Coca-Cola,coca-cola,The Coca-Cola Company,direct,beverages,BENELUX|NORDICS|UK_IE,BENELUX|NORDICS|UK_IE,Belgium,layer3_review_decision_20260824,explicit_company_mapping_from_layer3_review,map to The Coca-Cola Company,Manual review / complex ownership,Manual review / complex ownership,1,Known Coca-Cola system brand; route to The Coca-Cola Company at company layer.,Coca cola Dreamworld,Coca-Cola,append_candidate,direct,
Coca-Cola,coca-cola,The Coca-Cola Company,direct,beverages,DACH|BENELUX|FRANCE,DACH|BENELUX|FRANCE,Albania,layer3_review_decision_20260824,explicit_company_mapping_from_layer3_review,map to The Coca-Cola Company,Manual review / complex ownership,Manual review / complex ownership,1,Known Coca-Cola system brand; route to The Coca-Cola Company at company layer.,,Coca-Cola,append_candidate,direct,
Coca-Cola,coca-cola,The Coca-Cola Company,direct,beverages,DACH|BENELUX|FRANCE|SOUTHERN_EUROPE|NORDICS,DACH|BENELUX|FRANCE|SOUTHERN_EUROPE|NORDICS,Austria,layer3_review_decision_20260824,explicit_company_mapping_from_layer3_review,map to The Coca-Cola Company,Manual review / complex ownership,Manual review / complex ownership,1,Known Coca-Cola system brand; route to The Coca-Cola Company at company layer.,Coca-Cola Zero,Coca-Cola,append_candidate,direct,
Coca-Cola,coca-cola,The Coca-Cola Company,direct,beverages,DACH|BENELUX|FRANCE|SOUTHERN_EUROPE|NORDICS|UK_IE|US_CANADA,DACH|BENELUX|FRANCE|SOUTHERN_EUROPE|NORDICS|UK_IE|US_CANADA,Albania,layer3_review_decision_20260824,explicit_company_mapping_from_layer3_review,map to The Coca-Cola Company,Manual review / complex ownership,Manual review / complex ownership,1,Known Coca-Cola system brand; route to The Coca-Cola Company at company layer.,Coca Cola Original taste,Coca-Cola,append_candidate,direct,
Coca-Cola,coca-cola,The Coca-Cola Company,direct,beverages,DACH|BENELUX|FRANCE|SOUTHERN_EUROPE|NORDICS|UK_IE|US_CANADA,DACH|BENELUX|FRANCE|SOUTHERN_EUROPE|NORDICS|UK_IE|US_CANADA,Algeria,layer3_review_decision_20260824,explicit_company_mapping_from_layer3_review,map to The Coca-Cola Company,Manual review / complex ownership,Manual review / complex ownership,1,Known Coca-Cola system brand; route to The Coca-Cola Company at company layer.,Cocacola original 500,Coca-Cola,append_candidate,direct,
Coca-Cola,coca-cola,The Coca-Cola Company,direct,beverages,DACH|BENELUX|US_CANADA|FRANCE|SOUTHERN_EUROPE|UK_IE,DACH|BENELUX|US_CANADA|FRANCE|SOUTHERN_EUROPE|UK_IE,Albania,layer3_review_decision_20260824,explicit_company_mapping_from_layer3_review,map to The Coca-Cola Company,Manual review / complex ownership,Manual review / complex ownership,1,Known Coca-Cola system brand; route to The Coca-Cola Company at company layer.,Coke Original Taste,Coca-Cola,append_candidate,direct,
Coca-Cola,coca-cola,The Coca-Cola Company,direct,beverages,DACH|FRANCE|SOUTHERN_EUROPE|UK_IE,DACH|FRANCE|SOUTHERN_EUROPE|UK_IE,Austria,layer3_review_decision_20260824,explicit_company_mapping_from_layer3_review,map to The Coca-Cola Company,Manual review / complex ownership,Manual review / complex ownership,1,Known Coca-Cola system brand; route to The Coca-Cola Company at company layer.,"coca cola 1,75",Coca-Cola,append_candidate,direct,
Coca-Cola,coca-cola,The Coca-Cola Company,direct,beverages,FRANCE,FRANCE,Colombia,layer3_review_decision_20260824,explicit_company_mapping_from_layer3_review,map to The Coca-Cola Company,Manual review / complex ownership,Manual review / complex ownership,1,Known Coca-Cola system brand; route to The Coca-Cola Company at company layer.,Gaseosa Cocacola X,Coca-Cola,append_candidate,direct,
Coca-Cola,coca-cola,The Coca-Cola Company,direct,beverages,FRANCE,FRANCE,Czech Republic,layer3_review_decision_20260824,explicit_company_mapping_from_layer3_review,map to The Coca-Cola Company,Manual review / complex ownership,Manual review / complex ownership,1,Known Coca-Cola system brand; route to The Coca-Cola Company at company layer.,Vanilla,Coca-Cola,append_candidate,direct,
Coca-Cola,coca-cola,The Coca-Cola Company,direct,beverages,FRANCE,FRANCE,Estonia,layer3_review_decision_20260824,explicit_company_mapping_from_layer3_review,map to The Coca-Cola Company,Manual review / complex ownership,Manual review / complex ownership,1,Known Coca-Cola system brand; route to The Coca-Cola Company at company layer.,Coca-Cola Zero,Coca-Cola,append_candidate,direct,
Coca-Cola,coca-cola,The Coca-Cola Company,direct,beverages,FRANCE|BENELUX,FRANCE|BENELUX,France,layer3_review_decision_20260824,explicit_company_mapping_from_layer3_review,map to The Coca-Cola Company,Manual review / complex ownership,Manual review / complex ownership,1,Known Coca-Cola system brand; route to The Coca-Cola Company at company layer.,zero,Coca-Cola,append_candidate,direct,
Coca-Cola,coca-cola,The Coca-Cola Company,direct,beverages,FRANCE|DACH,FRANCE|DACH,Czech Republic,layer3_review_decision_20260824,explicit_company_mapping_from_layer3_review,map to The Coca-Cola Company,Manual review / complex ownership,Manual review / complex ownership,1,Known Coca-Cola system brand; route to The Coca-Cola Company at company layer.,Coca-Cola Less Sugar,Coca-Cola,append_candidate,direct,
Coca-Cola,coca-cola,The Coca-Cola Company,direct,beverages,FRANCE|DACH,FRANCE|DACH,France,layer3_review_decision_20260824,explicit_company_mapping_from_layer3_review,map to The Coca-Cola Company,Manual review / complex ownership,Other / not mapped to a company,1,Known Coca-Cola system brand; route to The Coca-Cola Company at company layer.,Coca Cola,COKE,append_candidate,direct,
Coca-Cola,coca-cola,The Coca-Cola Company,direct,beverages,FRANCE|DACH|BENELUX,FRANCE|DACH|BENELUX,France,layer3_review_decision_20260824,explicit_company_mapping_from_layer3_review,map to The Coca-Cola Company,Manual review / complex ownership,Manual review / complex ownership,1,Known Coca-Cola system brand; route to The Coca-Cola Company at company layer.,"Coca-Cola Zero Sugar 0,5 Liter",Coca-Cola,append_candidate,direct,
Coca-Cola,coca-cola,The Coca-Cola Company,direct,beverages,FRANCE|DACH|SOUTHERN_EUROPE|US_CANADA,FRANCE|DACH|SOUTHERN_EUROPE|US_CANADA,France,layer3_review_decision_20260824,explicit_company_mapping_from_layer3_review,map to The Coca-Cola Company,Manual review / complex ownership,Manual review / complex ownership,1,Known Coca-Cola system brand; route to The Coca-Cola Company at company layer.,Coca Cola,Coca-Cola,append_candidate,direct,
Coca-Cola,coca-cola,The Coca-Cola Company,direct,beverages,FRANCE|SOUTHERN_EUROPE,FRANCE|SOUTHERN_EUROPE,Bulgaria,layer3_review_decision_20260824,explicit_company_mapping_from_layer3_review,map to The Coca-Cola Company,Manual review / complex ownership,Manual review / complex ownership,1,Known Coca-Cola system brand; route to The Coca-Cola Company at company layer.,Original Taste,"Coca Cola,Coke",append_candidate,direct,
Coca-Cola,coca-cola,The Coca-Cola Company,direct,beverages,FRANCE|SOUTHERN_EUROPE|DACH|UK_IE,FRANCE|SOUTHERN_EUROPE|DACH|UK_IE,France,layer3_review_decision_20260824,explicit_company_mapping_from_layer3_review,map to The Coca-Cola Company,Manual review / complex ownership,Manual review / complex ownership,1,Known Coca-Cola system brand; route to The Coca-Cola Company at company layer.,Coca Cola,Coca-Cola,append_candidate,direct,
Coca-Cola,coca-cola,The Coca-Cola Company,direct,beverages,FRANCE|SOUTHERN_EUROPE|UK_IE,FRANCE|SOUTHERN_EUROPE|UK_IE,France,layer3_review_decision_20260824,explicit_company_mapping_from_layer3_review,map to The Coca-Cola Company,Manual review / complex ownership,Manual review / complex ownership,1,Known Coca-Cola system brand; route to The Coca-Cola Company at company layer.,Coca-Cola senza caffeina,Coca-Cola,append_candidate,direct,
Coca-Cola,coca-cola,The Coca-Cola Company,direct,beverages,FRANCE|UK_IE,FRANCE|UK_IE,Algeria,layer3_review_decision_20260824,explicit_company_mapping_from_layer3_review,map to The Coca-Cola Company,Manual review / complex ownership,Manual review / complex ownership,1,Known Coca-Cola system brand; route to The Coca-Cola Company at company layer.,Coca Cola,Coca-Cola,append_candidate,direct,
Coca-Cola,coca-cola,The Coca-Cola Company,direct,beverages,FRANCE|UK_IE,FRANCE|UK_IE,Bulgaria,layer3_review_decision_20260824,explicit_company_mapping_from_layer3_review,map to The Coca-Cola Company,Manual review / complex ownership,Manual review / complex ownership,1,Known Coca-Cola system brand; route to The Coca-Cola Company at company layer.,Coca Cola Cherry Zero Bottle 500ml,Coca-Cola,append_candidate,direct,
Coca-Cola,coca-cola,The Coca-Cola Company,direct,beverages,FRANCE|US_CANADA,FRANCE|US_CANADA,Bulgaria,layer3_review_decision_20260824,explicit_company_mapping_from_layer3_review,map to The Coca-Cola Company,Manual review / complex ownership,Manual review / complex ownership,1,Known Coca-Cola system brand; route to The Coca-Cola Company at company layer.,Cappy PULPY,Coca cola,append_candidate,direct,
Coca-Cola,coca-cola,The Coca-Cola Company,direct,beverages,FRANCE|US_CANADA,FRANCE|US_CANADA,France,layer3_review_decision_20260824,explicit_company_mapping_from_layer3_review,map to The Coca-Cola Company,Manual review / complex ownership,Other / not mapped to a company,1,Known Coca-Cola system brand; route to The Coca-Cola Company at company layer.,Diet Coke 2L,Coke,append_candidate,direct,
Coca-Cola,coca-cola,The Coca-Cola Company,direct,beverages,NORDICS|FRANCE|DACH|UK_IE,NORDICS|FRANCE|DACH|UK_IE,Denmark,layer3_review_decision_20260824,explicit_company_mapping_from_layer3_review,map to The Coca-Cola Company,Manual review / complex ownership,Manual review / complex ownership,1,Known Coca-Cola system brand; route to The Coca-Cola Company at company layer.,Coca-Cola Life,"Coca Cola, Coca Cola Life, Coca-Cola",append_candidate,direct,
Coca-Cola,coca-cola,The Coca-Cola Company,direct,beverages,NORDICS|UK_IE,NORDICS|UK_IE,Norway,layer3_review_decision_20260824,explicit_company_mapping_from_layer3_review,map to The Coca-Cola Company,Manual review / complex ownership,Manual review / complex ownership,1,Known Coca-Cola system brand; route to The Coca-Cola Company at company layer.,Coca-Cola Intergalactic,"Coca Cola,Coca-Cola Company",append_candidate,direct,
Coca-Cola,coca-cola,The Coca-Cola Company,direct,beverages,SOUTHERN_EUROPE|UK_IE,SOUTHERN_EUROPE|UK_IE,Moldova,layer3_review_decision_20260824,explicit_company_mapping_from_layer3_review,map to The Coca-Cola Company,Manual review / complex ownership,Manual review / complex ownership,1,Known Coca-Cola system brand; route to The Coca-Cola Company at company layer.,Coca-Cola Zero,Coca-Cola,append_candidate,direct,
Coca-Cola,coca-cola,The Coca-Cola Company,direct,beverages,SOUTHERN_EUROPE|UK_IE,SOUTHERN_EUROPE|UK_IE,Romania,layer3_review_decision_20260824,explicit_company_mapping_from_layer3_review,map to The Coca-Cola Company,Manual review / complex ownership,Manual review / complex ownership,1,Known Coca-Cola system brand; route to The Coca-Cola Company at company layer.,"Coca-Cola 2,5",Coca-Cola,append_candidate,direct,
Coca-Cola,coca-cola,The Coca-Cola Company,direct,beverages,SOUTHERN_EUROPE|UK_IE,SOUTHERN_EUROPE|UK_IE,Spain,layer3_review_decision_20260824,explicit_company_mapping_from_layer3_review,map to The Coca-Cola Company,Manual review / complex ownership,Manual review / complex ownership,1,Known Coca-Cola system brand; route to The Coca-Cola Company at company layer.,,Coca-Cola,append_candidate,direct,
Coca-Cola,coca-cola,The Coca-Cola Company,direct,beverages,SOUTHERN_EUROPE|US_CANADA,SOUTHERN_EUROPE|US_CANADA,Portugal,layer3_review_decision_20260824,explicit_company_mapping_from_layer3_review,map to The Coca-Cola Company,Manual review / complex ownership,Manual review / complex ownership,1,Known Coca-Cola system brand; route to The Coca-Cola Company at company layer.,Coca-Cola Zero,Coca Cola,append_candidate,direct,
Coca-Cola,coca-cola,The Coca-Cola Company,direct,beverages,UK_IE,UK_IE,Guernsey,layer3_review_decision_20260824,explicit_company_mapping_from_layer3_review,map to The Coca-Cola Company,Manual review / complex ownership,Manual review / complex ownership,1,Known Coca-Cola system brand; route to The Coca-Cola Company at company layer.,Diet Coke,Coca-Cola,append_candidate,direct,
Coca-Cola,coca-cola,The Coca-Cola Company,direct,beverages,UK_IE,UK_IE,India,layer3_review_decision_20260824,explicit_company_mapping_from_layer3_review,map to The Coca-Cola Company,Manual review / complex ownership,Manual review / complex ownership,1,Known Coca-Cola system brand; route to The Coca-Cola Company at company layer.,Limca lime lemon drink 750ml,Coca-Cola,append_candidate,direct,
Coca-Cola,coca-cola,The Coca-Cola Company,direct,beverages,UK_IE,UK_IE,Romania,layer3_review_decision_20260824,explicit_company_mapping_from_layer3_review,map to The Coca-Cola Company,Manual review / complex ownership,Manual review / complex ownership,1,Known Coca-Cola system brand; route to The Coca-Cola Company at company layer.,Diet Coke Exotic Mango,Coca Cola,append_candidate,direct,
Coca-Cola,coca-cola,The Coca-Cola Company,direct,beverages,UK_IE|US_CANADA,UK_IE|US_CANADA,United Kingdom,layer3_review_decision_20260824,explicit_company_mapping_from_layer3_review,map to The Coca-Cola Company,Manual review / complex ownership,Manual review / complex ownership,1,Known Coca-Cola system brand; route to The Coca-Cola Company at company layer.,Diet Coke,Coca-Cola,append_candidate,direct,
Coca-Cola,coca-cola,The Coca-Cola Company,direct,beverages,US_CANADA,US_CANADA,Hungary,layer3_review_decision_20260824,explicit_company_mapping_from_layer3_review,map to The Coca-Cola Company,Manual review / complex ownership,Manual review / complex ownership,1,Known Coca-Cola system brand; route to The Coca-Cola Company at company layer.,Coca-Cola Eredeti Íz,Coca-Cola,append_candidate,direct,
Coca-Cola,coca-cola,The Coca-Cola Company,direct,beverages,US_CANADA,US_CANADA,India,layer3_review_decision_20260824,explicit_company_mapping_from_layer3_review,map to The Coca-Cola Company,Manual review / complex ownership,Manual review / complex ownership,1,Known Coca-Cola system brand; route to The Coca-Cola Company at company layer.,Coca cola 400,Coca-Cola,append_candidate,direct,
Coca-Cola,coca-cola,The Coca-Cola Company,direct,beverages,US_CANADA|UK_IE,US_CANADA|UK_IE,Canada,layer3_review_decision_20260824,explicit_company_mapping_from_layer3_review,map to The Coca-Cola Company,Manual review / complex ownership,Manual review / complex ownership,1,Known Coca-Cola system brand; route to The Coca-Cola Company at company layer.,Thums Up 300ml can,Coca Cola,append_candidate,direct,
Coca-Cola,coca-cola,The Coca-Cola Company,direct,dairies,FRANCE,FRANCE,France,layer3_review_decision_20260824,explicit_company_mapping_from_layer3_review,map to The Coca-Cola Company,Manual review / complex ownership,Manual review / complex ownership,1,Known Coca-Cola system brand; route to The Coca-Cola Company at company layer.,Yaourt nature sucres U,Coca Cola,append_candidate,direct,
Coca-Cola,coca-cola,The Coca-Cola Company,direct,snacks,US_CANADA,US_CANADA,United States,layer3_review_decision_20260824,explicit_company_mapping_from_layer3_review,map to The Coca-Cola Company,Manual review / complex ownership,Manual review / complex ownership,1,Known Coca-Cola system brand; route to The Coca-Cola Company at company layer.,Assorted Glass Collection With Coasters And Mini Pretzels Twists,Coca-cola,append_candidate,direct,
Coca-Cola Light,coca-cola light,The Coca-Cola Company,direct,beverages,BENELUX|FRANCE|DACH,BENELUX|FRANCE|DACH,Belgium,layer3_review_decision_20260824,explicit_company_mapping_from_layer3_review,map to The Coca-Cola Company,Manual review / complex ownership,Manual review / complex ownership,1,Known Coca-Cola system brand; route to The Coca-Cola Company at company layer.,Coca Cola Light,"Coca-Cola, Coca-Cola-light",append_candidate,direct,
Coca-Cola Light,coca-cola light,The Coca-Cola Company,direct,beverages,BENELUX|FRANCE|DACH|SOUTHERN_EUROPE,BENELUX|FRANCE|DACH|SOUTHERN_EUROPE,Belgium,layer3_review_decision_20260824,explicit_company_mapping_from_layer3_review,map to The Coca-Cola Company,Manual review / complex ownership,Manual review / complex ownership,1,Known Coca-Cola system brand; route to The Coca-Cola Company at company layer.,Coca-Cola zéro,"Coca-Cola,Coca-Cola-light,The Coca-Cola Company",append_candidate,direct,
Coca-Cola Light,coca-cola light,The Coca-Cola Company,direct,beverages,DACH|BENELUX|FRANCE,DACH|BENELUX|FRANCE,Austria,layer3_review_decision_20260824,explicit_company_mapping_from_layer3_review,map to The Coca-Cola Company,Manual review / complex ownership,Manual review / complex ownership,1,Known Coca-Cola system brand; route to The Coca-Cola Company at company layer.,Coca light 1.5l,"Coca cola zero, Coca-Cola, Coca-Cola-light",append_candidate,direct,
Coca-Cola Light,coca-cola light,The Coca-Cola Company,direct,beverages,FRANCE,FRANCE,France,layer3_review_decision_20260824,explicit_company_mapping_from_layer3_review,map to The Coca-Cola Company,Manual review / complex ownership,Other / not mapped to a company,1,Known Coca-Cola system brand; route to The Coca-Cola Company at company layer.,Coca cola lemon light,"Coca, Coca-Cola-light",append_candidate,direct,
Coca-Cola Light,coca-cola light,The Coca-Cola Company,direct,beverages,FRANCE|NORDICS,FRANCE|NORDICS,France,layer3_review_decision_20260824,explicit_company_mapping_from_layer3_review,map to The Coca-Cola Company,Manual review / complex ownership,Manual review / complex ownership,1,Known Coca-Cola system brand; route to The Coca-Cola Company at company layer.,Coca cola zero sucre,"Coca Cola, Coca cola zero, Coca-Cola-light",append_candidate,direct,
Danette,danette,Danone,direct,dairies,BENELUX|FRANCE,BENELUX|FRANCE,Belgium,layer3_review_decision_20260824,explicit_company_mapping_from_layer3_review,map to Danone,Manual review / complex ownership,Danone,1,Known Danone brand / brand line missing from proposed company mapping.,Double saveur pistache & chocolat,"Danone,Danette",append_candidate,direct,
Danette,danette,Danone,direct,dairies,BENELUX|FRANCE|DACH,BENELUX|FRANCE|DACH,Belgium,layer3_review_decision_20260824,explicit_company_mapping_from_layer3_review,map to Danone,Manual review / complex ownership,Manual review / complex ownership,1,Known Danone brand / brand line missing from proposed company mapping.,Danette Expresso,"Danette, Danone",append_candidate,direct,
Danette,danette,Danone,direct,dairies,FRANCE,FRANCE,Algeria,layer3_review_decision_20260824,explicit_company_mapping_from_layer3_review,map to Danone,Manual review / complex ownership,Manual review / complex ownership,1,Known Danone brand / brand line missing from proposed company mapping.,Danette au chocolat,Danette,append_candidate,direct,
Danette,danette,Danone,direct,dairies,FRANCE,FRANCE,Belarus,layer3_review_decision_20260824,explicit_company_mapping_from_layer3_review,map to Danone,Manual review / complex ownership,Manual review / complex ownership,1,Known Danone brand / brand line missing from proposed company mapping.,Danette Caramel,"Danette, Danone",append_candidate,direct,
Danette,danette,Danone,direct,dairies,FRANCE|BENELUX,FRANCE|BENELUX,France,layer3_review_decision_20260824,explicit_company_mapping_from_layer3_review,map to Danone,Manual review / complex ownership,Manual review / complex ownership,1,Known Danone brand / brand line missing from proposed company mapping.,Danette Chocolat,"Danette, Danone",append_candidate,direct,
Danette,danette,Danone,direct,dairies,FRANCE|UK_IE,FRANCE|UK_IE,France,layer3_review_decision_20260824,explicit_company_mapping_from_layer3_review,map to Danone,Manual review / complex ownership,Manual review / complex ownership,1,Known Danone brand / brand line missing from proposed company mapping.,"Danette Chocolat, vanille & caramel","Danette, Danette creme dessert, Danone",append_candidate,direct,
Diet Coke,diet coke,The Coca-Cola Company,direct,beverages,UK_IE,UK_IE,United Kingdom,layer3_review_decision_20260824,explicit_company_mapping_from_layer3_review,map to The Coca-Cola Company,Manual review / complex ownership,Manual review / complex ownership,1,Known Coca-Cola system brand; route to The Coca-Cola Company at company layer.,Diet coke caffeine free,"Diet coke,coca cola",append_candidate,direct,
Diet Coke,diet coke,The Coca-Cola Company,direct,beverages,US_CANADA,US_CANADA,United States,layer3_review_decision_20260824,explicit_company_mapping_from_layer3_review,map to The Coca-Cola Company,Manual review / complex ownership,Other / not mapped to a company,1,Known Coca-Cola system brand; route to The Coca-Cola Company at company layer.,Diet Cola,"Coke, Diet coke",append_candidate,direct,
Doritos,doritos,PepsiCo,direct,dairies,FRANCE,FRANCE,France,layer3_review_decision_20260824,explicit_company_mapping_from_layer3_review,map to PepsiCo,Manual review / complex ownership,Manual review / complex ownership,1,Known PepsiCo brand / regional alias missing from proposed mapping.,Nacho Cheese,Doritos,append_candidate,direct,
Doritos,doritos,PepsiCo,direct,dairies,UK_IE,UK_IE,United Kingdom,layer3_review_decision_20260824,explicit_company_mapping_from_layer3_review,map to PepsiCo,Manual review / complex ownership,Manual review / complex ownership,1,Known PepsiCo brand / regional alias missing from proposed mapping.,doritos sour cream and chive,Doritos,append_candidate,direct,
Doritos,doritos,PepsiCo,direct,snacks,BENELUX|FRANCE|DACH|SOUTHERN_EUROPE,BENELUX|FRANCE|DACH|SOUTHERN_EUROPE,Belgium,layer3_review_decision_20260824,explicit_company_mapping_from_layer3_review,map to PepsiCo,Manual review / complex ownership,Manual review / complex ownership,1,Known PepsiCo brand / regional alias missing from proposed mapping.,Doritos Sweet Chili,Doritos,append_candidate,direct,
Doritos,doritos,PepsiCo,direct,snacks,BENELUX|FRANCE|NORDICS,BENELUX|FRANCE|NORDICS,Belgium,layer3_review_decision_20260824,explicit_company_mapping_from_layer3_review,map to PepsiCo,Manual review / complex ownership,Manual review / complex ownership,1,Known PepsiCo brand / regional alias missing from proposed mapping.,Sweet Chilli Pepper Flavour,Doritos,append_candidate,direct,
Doritos,doritos,PepsiCo,direct,snacks,BENELUX|FRANCE|SOUTHERN_EUROPE,BENELUX|FRANCE|SOUTHERN_EUROPE,Belgium,layer3_review_decision_20260824,explicit_company_mapping_from_layer3_review,map to PepsiCo,Manual review / complex ownership,Manual review / complex ownership,1,Known PepsiCo brand / regional alias missing from proposed mapping.,Doritos nacho,Doritos,append_candidate,direct,
Doritos,doritos,PepsiCo,direct,snacks,BENELUX|FRANCE|SOUTHERN_EUROPE|DACH,BENELUX|FRANCE|SOUTHERN_EUROPE|DACH,Belgium,layer3_review_decision_20260824,explicit_company_mapping_from_layer3_review,map to PepsiCo,Manual review / complex ownership,Manual review / complex ownership,1,Known PepsiCo brand / regional alias missing from proposed mapping.,Dippas nature - Tortillas,Doritos,append_candidate,direct,
Doritos,doritos,PepsiCo,direct,snacks,BENELUX|FRANCE|SOUTHERN_EUROPE|US_CANADA,BENELUX|FRANCE|SOUTHERN_EUROPE|US_CANADA,Belgium,layer3_review_decision_20260824,explicit_company_mapping_from_layer3_review,map to PepsiCo,Manual review / complex ownership,Manual review / complex ownership,1,Known PepsiCo brand / regional alias missing from proposed mapping.,Nacho cheese,Doritos,append_candidate,direct,
Doritos,doritos,PepsiCo,direct,snacks,DACH|US_CANADA,DACH|US_CANADA,Germany,layer3_review_decision_20260824,explicit_company_mapping_from_layer3_review,map to PepsiCo,Manual review / complex ownership,Manual review / complex ownership,1,Known PepsiCo brand / regional alias missing from proposed mapping.,Nacho Cheese,"Doritos,Pepsico",append_candidate,direct,
Doritos,doritos,PepsiCo,direct,snacks,FRANCE,FRANCE,Aruba,layer3_review_decision_20260824,explicit_company_mapping_from_layer3_review,map to PepsiCo,Manual review / complex ownership,Manual review / complex ownership,1,Known PepsiCo brand / regional alias missing from proposed mapping.,,Doritos,append_candidate,direct,
Doritos,doritos,PepsiCo,direct,snacks,FRANCE,FRANCE,Bulgaria,layer3_review_decision_20260824,explicit_company_mapping_from_layer3_review,map to PepsiCo,Manual review / complex ownership,Manual review / complex ownership,1,Known PepsiCo brand / regional alias missing from proposed mapping.,Doritos Hot Pepper,Doritos,append_candidate,direct,
Doritos,doritos,PepsiCo,direct,snacks,FRANCE|NORDICS,FRANCE|NORDICS,France,layer3_review_decision_20260824,explicit_company_mapping_from_layer3_review,map to PepsiCo,Manual review / complex ownership,Manual review / complex ownership,1,Known PepsiCo brand / regional alias missing from proposed mapping.,Doritos Flamin' Hot,Doritos,append_candidate,direct,
Doritos,doritos,PepsiCo,direct,snacks,US_CANADA,US_CANADA,Bolivia,layer3_review_decision_20260824,explicit_company_mapping_from_layer3_review,map to PepsiCo,Manual review / complex ownership,Manual review / complex ownership,1,Known PepsiCo brand / regional alias missing from proposed mapping.,Nacho Cheese Flavored Tortilla Chips,Doritos,append_candidate,direct,
Doritos,doritos,PepsiCo,direct,snacks,US_CANADA,US_CANADA,Bulgaria,layer3_review_decision_20260824,explicit_company_mapping_from_layer3_review,map to PepsiCo,Manual review / complex ownership,Manual review / complex ownership,1,Known PepsiCo brand / regional alias missing from proposed mapping.,Doritos Nachos Cheese Flavoured 100g,Doritos,append_candidate,direct,
Doritos,doritos,PepsiCo,direct,snacks,US_CANADA,US_CANADA,Canada,layer3_review_decision_20260824,explicit_company_mapping_from_layer3_review,map to PepsiCo,Manual review / complex ownership,Manual review / complex ownership,1,Known PepsiCo brand / regional alias missing from proposed mapping.,White Cheddar Blanc Chips,"Doritos,Simply Snacks",append_candidate,direct,
Doritos,doritos,PepsiCo,direct,snacks,US_CANADA,US_CANADA,Guam,layer3_review_decision_20260824,explicit_company_mapping_from_layer3_review,map to PepsiCo,Manual review / complex ownership,Other / not mapped to a company,1,Known PepsiCo brand / regional alias missing from proposed mapping.,"Flamin' Hot Nacho Flavored Tortilla Chips, Flamin' Hot Nacho","Fritolay, Doritos",append_candidate,direct,
Dr Pepper,dr pepper,Keurig Dr Pepper,market_scoped,snacks,US_CANADA,US_CANADA,United States,layer3_review_decision_20260824,approved_proposed_company_from_layer3_review,approve proposed,Keurig Dr Pepper,Keurig Dr Pepper,1,Proposed company mapping is concrete; approve for launch.,Candy Twists,Dr pepper,append_candidate,direct,Corrected before upsert-ready split: known complex/market-scoped or licensed brand; do not mark as plain direct.
Dr Pepper,dr pepper,The Coca-Cola Company,market_scoped,beverages,BENELUX|FRANCE,BENELUX|FRANCE,Australia,layer3_review_decision_20260824,approved_proposed_company_from_layer3_review,approve proposed,The Coca-Cola Company,The Coca-Cola Company,1,Proposed company mapping is concrete; approve for launch.,Dr Pepper,Dr Pepper,append_candidate,direct,Corrected before upsert-ready split: known complex/market-scoped or licensed brand; do not mark as plain direct.
Dr Pepper,dr pepper,The Coca-Cola Company,market_scoped,beverages,FRANCE|UK_IE,FRANCE|UK_IE,Australia,layer3_review_decision_20260824,approved_proposed_company_from_layer3_review,approve proposed,The Coca-Cola Company,The Coca-Cola Company,1,Proposed company mapping is concrete; approve for launch.,Dr pepper reg imp,Dr pepper,append_candidate,direct,Corrected before upsert-ready split: known complex/market-scoped or licensed brand; do not mark as plain direct.
Dr Pepper,dr pepper,The Coca-Cola Company,market_scoped,beverages,FRANCE|UK_IE,FRANCE|UK_IE,France,layer3_review_decision_20260824,approved_proposed_company_from_layer3_review,approve proposed,The Coca-Cola Company,The Coca-Cola Company,1,Proposed company mapping is concrete; approve for launch.,,Dr Pepper,append_candidate,direct,Corrected before upsert-ready split: known complex/market-scoped or licensed brand; do not mark as plain direct.
Dr Pepper,dr pepper,The Coca-Cola Company,market_scoped,beverages,NORDICS|FRANCE,NORDICS|FRANCE,Finland,layer3_review_decision_20260824,approved_proposed_company_from_layer3_review,approve proposed,The Coca-Cola Company,The Coca-Cola Company,1,Proposed company mapping is concrete; approve for launch.,DR. Pepper Zero,Dr. Pepper,append_candidate,direct,Corrected before upsert-ready split: known complex/market-scoped or licensed brand; do not mark as plain direct.
Fanta,fanta,The Coca-Cola Company,direct,beverages,BENELUX|FRANCE|DACH,BENELUX|FRANCE|DACH,Belgium,layer3_review_decision_20260824,explicit_company_mapping_from_layer3_review,map to The Coca-Cola Company,Manual review / complex ownership,Manual review / complex ownership,1,Known Coca-Cola system brand; route to The Coca-Cola Company at company layer.,Fanta lemon,"coca cola,fanta",append_candidate,direct,
Fanta,fanta,The Coca-Cola Company,direct,beverages,BENELUX|FRANCE|DACH|SOUTHERN_EUROPE,BENELUX|FRANCE|DACH|SOUTHERN_EUROPE,Belgium,layer3_review_decision_20260824,explicit_company_mapping_from_layer3_review,map to The Coca-Cola Company,Manual review / complex ownership,Manual review / complex ownership,1,Known Coca-Cola system brand; route to The Coca-Cola Company at company layer.,Fanta - Straberry & Kiwi,"Fanta, Fanta - The Coca Cola Company",append_candidate,direct,
Fanta,fanta,The Coca-Cola Company,direct,beverages,BENELUX|FRANCE|DACH|UK_IE,BENELUX|FRANCE|DACH|UK_IE,Albania,layer3_review_decision_20260824,explicit_company_mapping_from_layer3_review,map to The Coca-Cola Company,Manual review / complex ownership,Manual review / complex ownership,1,Known Coca-Cola system brand; route to The Coca-Cola Company at company layer.,Fanta fruit twist,Fanta,append_candidate,direct,
Fanta,fanta,The Coca-Cola Company,direct,beverages,BENELUX|FRANCE|DACH|UK_IE,BENELUX|FRANCE|DACH|UK_IE,Belgium,layer3_review_decision_20260824,explicit_company_mapping_from_layer3_review,map to The Coca-Cola Company,Manual review / complex ownership,Manual review / complex ownership,1,Known Coca-Cola system brand; route to The Coca-Cola Company at company layer.,Fanta lemon 500ml,Fanta,append_candidate,direct,
Fanta,fanta,The Coca-Cola Company,direct,beverages,BENELUX|FRANCE|NORDICS|DACH,BENELUX|FRANCE|NORDICS|DACH,Belgium,layer3_review_decision_20260824,explicit_company_mapping_from_layer3_review,map to The Coca-Cola Company,Manual review / complex ownership,Manual review / complex ownership,1,Known Coca-Cola system brand; route to The Coca-Cola Company at company layer.,Fanta Orange sans sucres,Fanta,append_candidate,direct,
Fanta,fanta,The Coca-Cola Company,direct,beverages,BENELUX|FRANCE|SOUTHERN_EUROPE|UK_IE,BENELUX|FRANCE|SOUTHERN_EUROPE|UK_IE,Belgium,layer3_review_decision_20260824,explicit_company_mapping_from_layer3_review,map to The Coca-Cola Company,Manual review / complex ownership,Manual review / complex ownership,1,Known Coca-Cola system brand; route to The Coca-Cola Company at company layer.,Fanta Limón,"Fanta,The Coca-Cola Company,Coca-Cola",append_candidate,direct,
Fanta,fanta,The Coca-Cola Company,direct,beverages,BENELUX|FRANCE|UK_IE,BENELUX|FRANCE|UK_IE,Belgium,layer3_review_decision_20260824,explicit_company_mapping_from_layer3_review,map to The Coca-Cola Company,Manual review / complex ownership,Manual review / complex ownership,1,Known Coca-Cola system brand; route to The Coca-Cola Company at company layer.,Fanta Orange Mini Can,Fanta,append_candidate,direct,
Fanta,fanta,The Coca-Cola Company,direct,beverages,BENELUX|NORDICS|FRANCE,BENELUX|NORDICS|FRANCE,Belgium,layer3_review_decision_20260824,explicit_company_mapping_from_layer3_review,map to The Coca-Cola Company,Manual review / complex ownership,Manual review / complex ownership,1,Known Coca-Cola system brand; route to The Coca-Cola Company at company layer.,Fanta Orange,Fanta,append_candidate,direct,
Fanta,fanta,The Coca-Cola Company,direct,beverages,BENELUX|UK_IE,BENELUX|UK_IE,Belgium,layer3_review_decision_20260824,explicit_company_mapping_from_layer3_review,map to The Coca-Cola Company,Manual review / complex ownership,Manual review / complex ownership,1,Known Coca-Cola system brand; route to The Coca-Cola Company at company layer.,Fanta,Fanta,append_candidate,direct,
Fanta,fanta,The Coca-Cola Company,direct,beverages,BENELUX|UK_IE,BENELUX|UK_IE,Netherlands,layer3_review_decision_20260824,explicit_company_mapping_from_layer3_review,map to The Coca-Cola Company,Manual review / complex ownership,Manual review / complex ownership,1,Known Coca-Cola system brand; route to The Coca-Cola Company at company layer.,Orange,Fanta,append_candidate,direct,
Fanta,fanta,The Coca-Cola Company,direct,beverages,DACH|BENELUX|FRANCE,DACH|BENELUX|FRANCE,Austria,layer3_review_decision_20260824,explicit_company_mapping_from_layer3_review,map to The Coca-Cola Company,Manual review / complex ownership,Manual review / complex ownership,1,Known Coca-Cola system brand; route to The Coca-Cola Company at company layer.,Fanta orange,Fanta,append_candidate,direct,
Fanta,fanta,The Coca-Cola Company,direct,beverages,DACH|BENELUX|FRANCE|NORDICS,DACH|BENELUX|FRANCE|NORDICS,Austria,layer3_review_decision_20260824,explicit_company_mapping_from_layer3_review,map to The Coca-Cola Company,Manual review / complex ownership,Manual review / complex ownership,1,Known Coca-Cola system brand; route to The Coca-Cola Company at company layer.,Fanta orange 1.5l,Fanta,append_candidate,direct,
Fanta,fanta,The Coca-Cola Company,direct,beverages,DACH|BENELUX|FRANCE|SOUTHERN_EUROPE|UK_IE,DACH|BENELUX|FRANCE|SOUTHERN_EUROPE|UK_IE,Austria,layer3_review_decision_20260824,explicit_company_mapping_from_layer3_review,map to The Coca-Cola Company,Manual review / complex ownership,Manual review / complex ownership,1,Known Coca-Cola system brand; route to The Coca-Cola Company at company layer.,"Fanta 0,5",Fanta,append_candidate,direct,
Fanta,fanta,The Coca-Cola Company,direct,beverages,DACH|SOUTHERN_EUROPE|UK_IE,DACH|SOUTHERN_EUROPE|UK_IE,Germany,layer3_review_decision_20260824,explicit_company_mapping_from_layer3_review,map to The Coca-Cola Company,Manual review / complex ownership,Manual review / complex ownership,1,Known Coca-Cola system brand; route to The Coca-Cola Company at company layer.,Fanta Madness 2 l,"Coca Cola, Fanta",append_candidate,direct,
Fanta,fanta,The Coca-Cola Company,direct,beverages,FRANCE,FRANCE,Brazil,layer3_review_decision_20260824,explicit_company_mapping_from_layer3_review,map to The Coca-Cola Company,Manual review / complex ownership,Manual review / complex ownership,1,Known Coca-Cola system brand; route to The Coca-Cola Company at company layer.,fanta raisin,Fanta,append_candidate,direct,
Fanta,fanta,The Coca-Cola Company,direct,beverages,FRANCE,FRANCE,France,layer3_review_decision_20260824,explicit_company_mapping_from_layer3_review,map to The Coca-Cola Company,Manual review / complex ownership,Other / not mapped to a company,1,Known Coca-Cola system brand; route to The Coca-Cola Company at company layer.,Fanta Orange,"Coca-Cola Compagny, Fanta",append_candidate,direct,
Fanta,fanta,The Coca-Cola Company,direct,beverages,FRANCE|DACH|BENELUX,FRANCE|DACH|BENELUX,France,layer3_review_decision_20260824,explicit_company_mapping_from_layer3_review,map to The Coca-Cola Company,Manual review / complex ownership,Manual review / complex ownership,1,Known Coca-Cola system brand; route to The Coca-Cola Company at company layer.,,Fanta,append_candidate,direct,
Fanta,fanta,The Coca-Cola Company,direct,beverages,FRANCE|DACH|SOUTHERN_EUROPE|UK_IE,FRANCE|DACH|SOUTHERN_EUROPE|UK_IE,Benin,layer3_review_decision_20260824,explicit_company_mapping_from_layer3_review,map to The Coca-Cola Company,Manual review / complex ownership,Manual review / complex ownership,1,Known Coca-Cola system brand; route to The Coca-Cola Company at company layer.,fanta Orange,"Fanta,The Coca-Cola Company,Coca-Cola",append_candidate,direct,
Fanta,fanta,The Coca-Cola Company,direct,beverages,FRANCE|DACH|SOUTHERN_EUROPE|UK_IE,FRANCE|DACH|SOUTHERN_EUROPE|UK_IE,Bulgaria,layer3_review_decision_20260824,explicit_company_mapping_from_layer3_review,map to The Coca-Cola Company,Manual review / complex ownership,Manual review / complex ownership,1,Known Coca-Cola system brand; route to The Coca-Cola Company at company layer.,Fanta Naranja,"Fanta,Coca-Cola",append_candidate,direct,
Fanta,fanta,The Coca-Cola Company,direct,beverages,FRANCE|DACH|UK_IE,FRANCE|DACH|UK_IE,France,layer3_review_decision_20260824,explicit_company_mapping_from_layer3_review,map to The Coca-Cola Company,Manual review / complex ownership,Manual review / complex ownership,1,Known Coca-Cola system brand; route to The Coca-Cola Company at company layer.,Fanta Lemon,"Aldi, Asda, Fanta",append_candidate,direct,
Fanta,fanta,The Coca-Cola Company,direct,beverages,FRANCE|NORDICS|SOUTHERN_EUROPE|US_CANADA,FRANCE|NORDICS|SOUTHERN_EUROPE|US_CANADA,Bolivia,layer3_review_decision_20260824,explicit_company_mapping_from_layer3_review,map to The Coca-Cola Company,Manual review / complex ownership,Manual review / complex ownership,1,Known Coca-Cola system brand; route to The Coca-Cola Company at company layer.,Fanta Berry,Fanta,append_candidate,direct,
Fanta,fanta,The Coca-Cola Company,direct,beverages,FRANCE|SOUTHERN_EUROPE,FRANCE|SOUTHERN_EUROPE,Brazil,layer3_review_decision_20260824,explicit_company_mapping_from_layer3_review,map to The Coca-Cola Company,Manual review / complex ownership,Manual review / complex ownership,1,Known Coca-Cola system brand; route to The Coca-Cola Company at company layer.,Fanta Orange,Fanta,append_candidate,direct,
Fanta,fanta,The Coca-Cola Company,direct,beverages,FRANCE|SOUTHERN_EUROPE|US_CANADA,FRANCE|SOUTHERN_EUROPE|US_CANADA,France,layer3_review_decision_20260824,explicit_company_mapping_from_layer3_review,map to The Coca-Cola Company,Manual review / complex ownership,Manual review / complex ownership,1,Known Coca-Cola system brand; route to The Coca-Cola Company at company layer.,Orange Soda,Fanta,append_candidate,direct,
Fanta,fanta,The Coca-Cola Company,direct,beverages,FRANCE|US_CANADA,FRANCE|US_CANADA,France,layer3_review_decision_20260824,explicit_company_mapping_from_layer3_review,map to The Coca-Cola Company,Manual review / complex ownership,Manual review / complex ownership,1,Known Coca-Cola system brand; route to The Coca-Cola Company at company layer.,Strawberry,Fanta,append_candidate,direct,
Fanta,fanta,The Coca-Cola Company,direct,beverages,NORDICS|FRANCE|DACH,NORDICS|FRANCE|DACH,Denmark,layer3_review_decision_20260824,explicit_company_mapping_from_layer3_review,map to The Coca-Cola Company,Manual review / complex ownership,Manual review / complex ownership,1,Known Coca-Cola system brand; route to The Coca-Cola Company at company layer.,Fanta - Exotic,"Fanta, Fanta - The Coca Cola Company",append_candidate,direct,
Fanta,fanta,The Coca-Cola Company,direct,beverages,NORDICS|FRANCE|SOUTHERN_EUROPE,NORDICS|FRANCE|SOUTHERN_EUROPE,Denmark,layer3_review_decision_20260824,explicit_company_mapping_from_layer3_review,map to The Coca-Cola Company,Manual review / complex ownership,Manual review / complex ownership,1,Known Coca-Cola system brand; route to The Coca-Cola Company at company layer.,Fanta Framboises & Passion,Fanta,append_candidate,direct,
Fanta,fanta,The Coca-Cola Company,direct,beverages,US_CANADA,US_CANADA,Thailand,layer3_review_decision_20260824,explicit_company_mapping_from_layer3_review,map to The Coca-Cola Company,Manual review / complex ownership,Manual review / complex ownership,1,Known Coca-Cola system brand; route to The Coca-Cola Company at company layer.,Fanta Tropical,"Fanta,Coca-Cola Company",append_candidate,direct,
Filière Qualité Carrefour,filière qualité carrefour,Carrefour,direct,dairies,FRANCE,FRANCE,France,layer3_review_decision_20260824,explicit_company_mapping_from_layer3_review,map to Carrefour,Other / not mapped to a company,Manual review / complex ownership,1,"Carrefour brand/private-label/store-format row; brand entity should stay as normalized_brand, parent_company should be Carrefour.",Mont d'Or Lait cru,"Carrefour, Filière Qualité Carrefour, interdis",append_candidate,direct,
Fitness,fitness,Nestlé,direct,beverages,FRANCE,FRANCE,France,layer3_review_decision_20260824,explicit_company_mapping_from_layer3_review,map to Nestlé,Manual review / complex ownership,Manual review / complex ownership,1,Known Nestlé brand / brand line missing from proposed company mapping.,Delicious Protein,Fitness,append_candidate,direct,
Fitness,fitness,Nestlé,direct,cereals,BENELUX|FRANCE,BENELUX|FRANCE,Belgium,layer3_review_decision_20260824,explicit_company_mapping_from_layer3_review,map to Nestlé,Manual review / complex ownership,Manual review / complex ownership,1,Known Nestlé brand / brand line missing from proposed company mapping.,Fitness honing and amandes max,"Nestlé, Cereal Partners, Fitness",append_candidate,direct,
Fitness,fitness,Nestlé,direct,cereals,BENELUX|FRANCE|DACH|SOUTHERN_EUROPE,BENELUX|FRANCE|DACH|SOUTHERN_EUROPE,Belgium,layer3_review_decision_20260824,explicit_company_mapping_from_layer3_review,map to Nestlé,Manual review / complex ownership,Manual review / complex ownership,1,Known Nestlé brand / brand line missing from proposed company mapping.,Chocolate con Leche,"Nestlé,Fitness",append_candidate,direct,
Fitness,fitness,Nestlé,direct,cereals,BENELUX|FRANCE|SOUTHERN_EUROPE|DACH,BENELUX|FRANCE|SOUTHERN_EUROPE|DACH,Belgium,layer3_review_decision_20260824,explicit_company_mapping_from_layer3_review,map to Nestlé,Manual review / complex ownership,Manual review / complex ownership,1,Known Nestlé brand / brand line missing from proposed company mapping.,Nature Céréales,"Nestlé, Fitness",append_candidate,direct,
Fitness,fitness,Nestlé,direct,cereals,FRANCE,FRANCE,Bulgaria,layer3_review_decision_20260824,explicit_company_mapping_from_layer3_review,map to Nestlé,Manual review / complex ownership,Manual review / complex ownership,1,Known Nestlé brand / brand line missing from proposed company mapping.,FITNESS Miel amandes,"Nestlé, Fitness",append_candidate,direct,
Fitness,fitness,Nestlé,direct,cereals,US_CANADA,US_CANADA,United States,layer3_review_decision_20260824,explicit_company_mapping_from_layer3_review,map to Nestlé,Manual review / complex ownership,Manual review / complex ownership,1,Known Nestlé brand / brand line missing from proposed company mapping.,Fitness fruits,"Fitness,Nestlé",append_candidate,direct,
Fitness,fitness,Nestlé,direct,snacks,BENELUX|FRANCE,BENELUX|FRANCE,Belgium,layer3_review_decision_20260824,explicit_company_mapping_from_layer3_review,map to Nestlé,Manual review / complex ownership,Manual review / complex ownership,1,Known Nestlé brand / brand line missing from proposed company mapping.,Fitness,"Nestlé, Fitness",append_candidate,direct,
Fuze Tea,fuze tea,The Coca-Cola Company,direct,beverages,BENELUX|FRANCE|DACH,BENELUX|FRANCE|DACH,Belgium,layer3_review_decision_20260824,explicit_company_mapping_from_layer3_review,map to The Coca-Cola Company,Manual review / complex ownership,Other / not mapped to a company,1,Known Coca-Cola system brand; route to The Coca-Cola Company at company layer.,fuze Tea Peach Hibiscus,FuzeTea,append_candidate,direct,
Fuze Tea,fuze tea,The Coca-Cola Company,direct,beverages,BENELUX|FRANCE|SOUTHERN_EUROPE,BENELUX|FRANCE|SOUTHERN_EUROPE,Belgium,layer3_review_decision_20260824,explicit_company_mapping_from_layer3_review,map to The Coca-Cola Company,Manual review / complex ownership,Other / not mapped to a company,1,Known Coca-Cola system brand; route to The Coca-Cola Company at company layer.,Fuzetea,fuzetea,append_candidate,direct,
Fuze Tea,fuze tea,The Coca-Cola Company,direct,beverages,DACH|FRANCE,DACH|FRANCE,Austria,layer3_review_decision_20260824,explicit_company_mapping_from_layer3_review,map to The Coca-Cola Company,Manual review / complex ownership,Other / not mapped to a company,1,Known Coca-Cola system brand; route to The Coca-Cola Company at company layer.,Zitrone Zitronengras,"Fuzetea,Coca-Cola",append_candidate,direct,
Fuze Tea,fuze tea,The Coca-Cola Company,direct,beverages,DACH|UK_IE,DACH|UK_IE,Germany,layer3_review_decision_20260824,explicit_company_mapping_from_layer3_review,map to The Coca-Cola Company,Manual review / complex ownership,Other / not mapped to a company,1,Known Coca-Cola system brand; route to The Coca-Cola Company at company layer.,"Grüner Tee ""Blaubeere Lavendel""",Fuzetea,append_candidate,direct,
Fuze Tea,fuze tea,The Coca-Cola Company,direct,beverages,FRANCE,FRANCE,Croatia,layer3_review_decision_20260824,explicit_company_mapping_from_layer3_review,map to The Coca-Cola Company,Manual review / complex ownership,Other / not mapped to a company,1,Known Coca-Cola system brand; route to The Coca-Cola Company at company layer.,fuze tea peach & hibiscus,Fuzetea,append_candidate,direct,
Fuze Tea,fuze tea,The Coca-Cola Company,direct,beverages,FRANCE|SOUTHERN_EUROPE,FRANCE|SOUTHERN_EUROPE,France,layer3_review_decision_20260824,explicit_company_mapping_from_layer3_review,map to The Coca-Cola Company,Manual review / complex ownership,Other / not mapped to a company,1,Known Coca-Cola system brand; route to The Coca-Cola Company at company layer.,FUZE TEA Limone e Lemongrass - Senza Zuccheri,Fuzetea,append_candidate,direct,
Fuze Tea,fuze tea,The Coca-Cola Company,direct,beverages,FRANCE|SOUTHERN_EUROPE|DACH,FRANCE|SOUTHERN_EUROPE|DACH,Bulgaria,layer3_review_decision_20260824,explicit_company_mapping_from_layer3_review,map to The Coca-Cola Company,Manual review / complex ownership,Other / not mapped to a company,1,Known Coca-Cola system brand; route to The Coca-Cola Company at company layer.,Broskev a ibišek,FuzeTea,append_candidate,direct,
Fuze Tea,fuze tea,The Coca-Cola Company,direct,beverages,US_CANADA,US_CANADA,Israel,layer3_review_decision_20260824,explicit_company_mapping_from_layer3_review,map to The Coca-Cola Company,Manual review / complex ownership,Other / not mapped to a company,1,Known Coca-Cola system brand; route to The Coca-Cola Company at company layer.,Fuze tea,Fuzetea,append_candidate,direct,
Gatorade,gatorade,PepsiCo,direct,beverages,DACH|FRANCE,DACH|FRANCE,Austria,layer3_review_decision_20260824,explicit_company_mapping_from_layer3_review,map to PepsiCo,Manual review / complex ownership,Manual review / complex ownership,1,Known PepsiCo brand / regional alias missing from proposed mapping.,Gatorade Cool Blue,GATORADE,append_candidate,direct,
Gatorade,gatorade,PepsiCo,direct,beverages,FRANCE,FRANCE,Australia,layer3_review_decision_20260824,explicit_company_mapping_from_layer3_review,map to PepsiCo,Manual review / complex ownership,Manual review / complex ownership,1,Known PepsiCo brand / regional alias missing from proposed mapping.,Gatorade Orange Ice Sport Drink,Gatorade,append_candidate,direct,
Gatorade,gatorade,PepsiCo,direct,beverages,SOUTHERN_EUROPE|US_CANADA,SOUTHERN_EUROPE|US_CANADA,Spain,layer3_review_decision_20260824,explicit_company_mapping_from_layer3_review,map to PepsiCo,Manual review / complex ownership,Manual review / complex ownership,1,Known PepsiCo brand / regional alias missing from proposed mapping.,"Cool blue thirst quencher, cool blue",Gatorade,append_candidate,direct,
Gatorade,gatorade,PepsiCo,direct,beverages,US_CANADA,US_CANADA,United States,layer3_review_decision_20260824,explicit_company_mapping_from_layer3_review,map to PepsiCo,Manual review / complex ownership,Other / not mapped to a company,1,Known PepsiCo brand / regional alias missing from proposed mapping.,Fitness Water Watermelon,"Propel, Gatorade",append_candidate,direct,
Gatorade,gatorade,PepsiCo,direct,snacks,FRANCE|US_CANADA,FRANCE|US_CANADA,France,layer3_review_decision_20260824,explicit_company_mapping_from_layer3_review,map to PepsiCo,Manual review / complex ownership,Manual review / complex ownership,1,Known PepsiCo brand / regional alias missing from proposed mapping.,PROTEIN BAR,GATORADE,append_candidate,direct,
Häagen-Dazs,häagen-dazs,General Mills,market_scoped,dairies,BENELUX|FRANCE|DACH,BENELUX|FRANCE|DACH,Belgium,layer3_review_decision_20260824,approved_proposed_company_from_layer3_review,approve proposed,General Mills,Manual review / complex ownership,1,Proposed company mapping is concrete; approve for launch.,Brownie Macchiato,"General Mills, Häagen-Dazs",append_candidate,direct,Corrected before upsert-ready split: known complex/market-scoped or licensed brand; do not mark as plain direct.
Häagen-Dazs,häagen-dazs,General Mills,market_scoped,dairies,FRANCE|DACH,FRANCE|DACH,France,layer3_review_decision_20260824,approved_proposed_company_from_layer3_review,approve proposed,General Mills,Manual review / complex ownership,1,Proposed company mapping is concrete; approve for launch.,Peanut butter crunch,"General Mills,Häagen-Dazs",append_candidate,direct,Corrected before upsert-ready split: known complex/market-scoped or licensed brand; do not mark as plain direct.
Häagen-Dazs,häagen-dazs,General Mills,market_scoped,snacks,BENELUX|FRANCE,BENELUX|FRANCE,Belgium,layer3_review_decision_20260824,approved_proposed_company_from_layer3_review,approve proposed,General Mills,General Mills,1,Proposed company mapping is concrete; approve for launch.,Glace Speculoos,Häagen-dazs,append_candidate,direct,Corrected before upsert-ready split: known complex/market-scoped or licensed brand; do not mark as plain direct.
Häagen-Dazs,häagen-dazs,General Mills,market_scoped,snacks,BENELUX|FRANCE|DACH,BENELUX|FRANCE|DACH,Belgium,layer3_review_decision_20260824,approved_proposed_company_from_layer3_review,approve proposed,General Mills,General Mills,1,Proposed company mapping is concrete; approve for launch.,Salted Caramel,Häagen-Dazs,append_candidate,direct,Corrected before upsert-ready split: known complex/market-scoped or licensed brand; do not mark as plain direct.
KitKat,kitkat,Nestlé,market_scoped,beverages,FRANCE,FRANCE,France,layer3_review_decision_20260824,approved_proposed_company_from_layer3_review,approve proposed,Nestlé,Manual review / complex ownership,1,Proposed company mapping is concrete; approve for launch.,Nestle Kitkat 2017 Green Tea Matcha With Tea Leaves Japan,"Nestlé, KitKat",append_candidate,direct,Corrected before upsert-ready split: known complex/market-scoped or licensed brand; do not mark as plain direct.
KitKat,kitkat,Nestlé,market_scoped,cereals,FRANCE,FRANCE,France,layer3_review_decision_20260824,approved_proposed_company_from_layer3_review,approve proposed,Nestlé,Nestlé,1,Proposed company mapping is concrete; approve for launch.,Céreales KitKat,KitKat,append_candidate,direct,Corrected before upsert-ready split: known complex/market-scoped or licensed brand; do not mark as plain direct.
KitKat,kitkat,Nestlé,market_scoped,cereals,UK_IE,UK_IE,United Kingdom,layer3_review_decision_20260824,approved_proposed_company_from_layer3_review,approve proposed,Nestlé,Nestlé,1,Proposed company mapping is concrete; approve for launch.,KitKat Crunchy Cereal,KitKat,append_candidate,direct,Corrected before upsert-ready split: known complex/market-scoped or licensed brand; do not mark as plain direct.
KitKat,kitkat,Nestlé,market_scoped,dairies,FRANCE,FRANCE,France,layer3_review_decision_20260824,approved_proposed_company_from_layer3_review,approve proposed,Nestlé,Manual review / complex ownership,1,Proposed company mapping is concrete; approve for launch.,Mix-In Kit Kat 4 x 115 g,"Nestlé, Kit Kat, LNUF",append_candidate,direct,Corrected before upsert-ready split: known complex/market-scoped or licensed brand; do not mark as plain direct.
KitKat,kitkat,Nestlé,market_scoped,snacks,BENELUX|NORDICS|FRANCE|SOUTHERN_EUROPE|UK_IE,BENELUX|NORDICS|FRANCE|SOUTHERN_EUROPE|UK_IE,Belgium,layer3_review_decision_20260824,approved_proposed_company_from_layer3_review,approve proposed,Nestlé,Manual review / complex ownership,1,Proposed company mapping is concrete; approve for launch.,Kit Kat x10,"Nestlé,Kit kat,Kitkat",append_candidate,direct,Corrected before upsert-ready split: known complex/market-scoped or licensed brand; do not mark as plain direct.
KitKat,kitkat,Nestlé,market_scoped,snacks,DACH|FRANCE,DACH|FRANCE,Austria,layer3_review_decision_20260824,approved_proposed_company_from_layer3_review,approve proposed,Nestlé,Nestlé,1,Proposed company mapping is concrete; approve for launch.,KITKAT Chuncky barre au chocolat blanc 4x40g,KitKat,append_candidate,direct,Corrected before upsert-ready split: known complex/market-scoped or licensed brand; do not mark as plain direct.
KitKat,kitkat,Nestlé,market_scoped,snacks,DACH|FRANCE|SOUTHERN_EUROPE,DACH|FRANCE|SOUTHERN_EUROPE,Austria,layer3_review_decision_20260824,approved_proposed_company_from_layer3_review,approve proposed,Nestlé,Manual review / complex ownership,1,Proposed company mapping is concrete; approve for launch.,KITKAT CHUNKY Peanut Butter 168g,"Nestlé, Kit kat chunky, Kitkat",append_candidate,direct,Corrected before upsert-ready split: known complex/market-scoped or licensed brand; do not mark as plain direct.
KitKat,kitkat,Nestlé,market_scoped,snacks,FRANCE,FRANCE,Bolivia,layer3_review_decision_20260824,approved_proposed_company_from_layer3_review,approve proposed,Nestlé,Other / not mapped to a company,1,Proposed company mapping is concrete; approve for launch.,Snack Size,Kit Kat,append_candidate,direct,Corrected before upsert-ready split: known complex/market-scoped or licensed brand; do not mark as plain direct.
KitKat,kitkat,Nestlé,market_scoped,snacks,FRANCE|BENELUX,FRANCE|BENELUX,Czech Republic,layer3_review_decision_20260824,approved_proposed_company_from_layer3_review,approve proposed,Nestlé,Other / not mapped to a company,1,Proposed company mapping is concrete; approve for launch.,Green Tea Matcha,Kit Kat,append_candidate,direct,Corrected before upsert-ready split: known complex/market-scoped or licensed brand; do not mark as plain direct.
KitKat,kitkat,Nestlé,market_scoped,snacks,FRANCE|BENELUX,FRANCE|BENELUX,France,layer3_review_decision_20260824,approved_proposed_company_from_layer3_review,approve proposed,Nestlé,Manual review / complex ownership,1,Proposed company mapping is concrete; approve for launch.,"KITKAT aux fèves de cacao Ruby, 41,5g, unitaire","Nestlé, Kit kat",append_candidate,direct,Corrected before upsert-ready split: known complex/market-scoped or licensed brand; do not mark as plain direct.
KitKat,kitkat,Nestlé,market_scoped,snacks,FRANCE|DACH,FRANCE|DACH,France,layer3_review_decision_20260824,approved_proposed_company_from_layer3_review,approve proposed,Nestlé,Other / not mapped to a company,1,Proposed company mapping is concrete; approve for launch.,Tablette double chocolat,"Kit Kat,Nestlé,Nestlé KitKat",append_candidate,direct,Corrected before upsert-ready split: known complex/market-scoped or licensed brand; do not mark as plain direct.
KitKat,kitkat,Nestlé,market_scoped,snacks,FRANCE|DACH|SOUTHERN_EUROPE,FRANCE|DACH|SOUTHERN_EUROPE,France,layer3_review_decision_20260824,approved_proposed_company_from_layer3_review,approve proposed,Nestlé,Manual review / complex ownership,1,Proposed company mapping is concrete; approve for launch.,KitKat,"Nestlé, Kit Kat, Kitkat",append_candidate,direct,Corrected before upsert-ready split: known complex/market-scoped or licensed brand; do not mark as plain direct.
KitKat,kitkat,Nestlé,market_scoped,snacks,FRANCE|DACH|SOUTHERN_EUROPE,FRANCE|DACH|SOUTHERN_EUROPE,France,layer3_review_decision_20260824,approved_proposed_company_from_layer3_review,approve proposed,Nestlé,Nestlé,1,Proposed company mapping is concrete; approve for launch.,,"KitKat,Nestlé",append_candidate,direct,Corrected before upsert-ready split: known complex/market-scoped or licensed brand; do not mark as plain direct.
KitKat,kitkat,Nestlé,market_scoped,snacks,FRANCE|SOUTHERN_EUROPE,FRANCE|SOUTHERN_EUROPE,France,layer3_review_decision_20260824,approved_proposed_company_from_layer3_review,approve proposed,Nestlé,Nestlé,1,Proposed company mapping is concrete; approve for launch.,kitkat crunchy,kitkat,append_candidate,direct,Corrected before upsert-ready split: known complex/market-scoped or licensed brand; do not mark as plain direct.
KitKat,kitkat,Nestlé,market_scoped,snacks,NORDICS|FRANCE,NORDICS|FRANCE,Finland,layer3_review_decision_20260824,approved_proposed_company_from_layer3_review,approve proposed,Nestlé,Manual review / complex ownership,1,Proposed company mapping is concrete; approve for launch.,Kit Kat Mini,"Nestlé, Kit Kat",append_candidate,direct,Corrected before upsert-ready split: known complex/market-scoped or licensed brand; do not mark as plain direct.
KitKat,kitkat,The Hershey Company,market_scoped,snacks,US_CANADA,US_CANADA,Canada,layer3_review_decision_20260824,approved_proposed_company_from_layer3_review,approve proposed,The Hershey Company,Other / not mapped to a company,1,Proposed company mapping is concrete; approve for launch.,Kit Kat,Kit Kat,append_candidate,direct,Corrected before upsert-ready split: known complex/market-scoped or licensed brand; do not mark as plain direct.
Lay's,lay's,PepsiCo,direct,dairies,BENELUX|FRANCE,BENELUX|FRANCE,Belgium,layer3_review_decision_20260824,explicit_company_mapping_from_layer3_review,map to PepsiCo,Other / not mapped to a company,Other / not mapped to a company,1,Known PepsiCo brand / regional alias missing from proposed mapping.,Chips barbecue,"Lay's, Lays",append_candidate,direct,
Lay's,lay's,PepsiCo,direct,dairies,FRANCE,FRANCE,France,layer3_review_decision_20260824,explicit_company_mapping_from_layer3_review,map to PepsiCo,Other / not mapped to a company,Other / not mapped to a company,1,Known PepsiCo brand / regional alias missing from proposed mapping.,3D’S bugles Nature,Lay's,append_candidate,direct,
Lay's,lay's,PepsiCo,direct,dairies,US_CANADA,US_CANADA,United States,layer3_review_decision_20260824,explicit_company_mapping_from_layer3_review,map to PepsiCo,Other / not mapped to a company,Other / not mapped to a company,1,Known PepsiCo brand / regional alias missing from proposed mapping.,Classic Potato Chips,Lay's,append_candidate,direct,
Lay's,lay's,PepsiCo,direct,snacks,BENELUX|FRANCE|DACH|SOUTHERN_EUROPE|UK_IE|US_CANADA,BENELUX|FRANCE|DACH|SOUTHERN_EUROPE|UK_IE|US_CANADA,Belgium,layer3_review_decision_20260824,explicit_company_mapping_from_layer3_review,map to PepsiCo,Other / not mapped to a company,Other / not mapped to a company,1,Known PepsiCo brand / regional alias missing from proposed mapping.,Nature,Lay's,append_candidate,direct,
Lay's,lay's,PepsiCo,direct,snacks,DACH|US_CANADA,DACH|US_CANADA,Switzerland,layer3_review_decision_20260824,explicit_company_mapping_from_layer3_review,map to PepsiCo,Other / not mapped to a company,Other / not mapped to a company,1,Known PepsiCo brand / regional alias missing from proposed mapping.,Potato chips,Lay's,append_candidate,direct,
Lay's,lay's,PepsiCo,direct,snacks,FRANCE,FRANCE,Cote D Ivoire,layer3_review_decision_20260824,explicit_company_mapping_from_layer3_review,map to PepsiCo,Other / not mapped to a company,Other / not mapped to a company,1,Known PepsiCo brand / regional alias missing from proposed mapping.,Chips de pommes de terre saveur spicy,Lay’s,append_candidate,direct,
Lay's,lay's,PepsiCo,direct,snacks,FRANCE|BENELUX,FRANCE|BENELUX,France,layer3_review_decision_20260824,explicit_company_mapping_from_layer3_review,map to PepsiCo,Other / not mapped to a company,Other / not mapped to a company,1,Known PepsiCo brand / regional alias missing from proposed mapping.,,Lay's,append_candidate,direct,
Lay's,lay's,PepsiCo,direct,snacks,FRANCE|DACH|NORDICS,FRANCE|DACH|NORDICS,France,layer3_review_decision_20260824,explicit_company_mapping_from_layer3_review,map to PepsiCo,Other / not mapped to a company,Other / not mapped to a company,1,Known PepsiCo brand / regional alias missing from proposed mapping.,Cheetos Cheese,"Lays, Cheetos",append_candidate,direct,
Lay's,lay's,PepsiCo,direct,snacks,FRANCE|DACH|SOUTHERN_EUROPE,FRANCE|DACH|SOUTHERN_EUROPE,France,layer3_review_decision_20260824,explicit_company_mapping_from_layer3_review,map to PepsiCo,Other / not mapped to a company,Other / not mapped to a company,1,Known PepsiCo brand / regional alias missing from proposed mapping.,,"Lay's,frito-lay,pepsico",append_candidate,direct,
Lay's,lay's,PepsiCo,direct,snacks,FRANCE|NORDICS,FRANCE|NORDICS,France,layer3_review_decision_20260824,explicit_company_mapping_from_layer3_review,map to PepsiCo,Other / not mapped to a company,Other / not mapped to a company,1,Known PepsiCo brand / regional alias missing from proposed mapping.,Lay's Salted,Lay's,append_candidate,direct,
Lay's,lay's,PepsiCo,direct,snacks,FRANCE|SOUTHERN_EUROPE,FRANCE|SOUTHERN_EUROPE,France,layer3_review_decision_20260824,explicit_company_mapping_from_layer3_review,map to PepsiCo,Other / not mapped to a company,Manual review / complex ownership,1,Known PepsiCo brand / regional alias missing from proposed mapping.,Patatas fritas Cheese & Onion bolsa 170 g,Lay´s,append_candidate,direct,
Lay's,lay's,PepsiCo,direct,snacks,NORDICS|UK_IE,NORDICS|UK_IE,Estonia,layer3_review_decision_20260824,explicit_company_mapping_from_layer3_review,map to PepsiCo,Other / not mapped to a company,Other / not mapped to a company,1,Known PepsiCo brand / regional alias missing from proposed mapping.,Lays solone,"Lay's,PepsiCo",append_candidate,direct,
Lay's,lay's,PepsiCo,direct,snacks,NORDICS|UK_IE,NORDICS|UK_IE,Norway,layer3_review_decision_20260824,explicit_company_mapping_from_layer3_review,map to PepsiCo,Other / not mapped to a company,Other / not mapped to a company,1,Known PepsiCo brand / regional alias missing from proposed mapping.,Lays strong,Lay's,append_candidate,direct,
Lay's,lay's,PepsiCo,direct,snacks,UK_IE|US_CANADA,UK_IE|US_CANADA,United Kingdom,layer3_review_decision_20260824,explicit_company_mapping_from_layer3_review,map to PepsiCo,Other / not mapped to a company,Other / not mapped to a company,1,Known PepsiCo brand / regional alias missing from proposed mapping.,Barbecue,Lay's,append_candidate,direct,
Lay's,lay's,PepsiCo,direct,snacks,US_CANADA,US_CANADA,Hong Kong,layer3_review_decision_20260824,explicit_company_mapping_from_layer3_review,map to PepsiCo,Other / not mapped to a company,Other / not mapped to a company,1,Known PepsiCo brand / regional alias missing from proposed mapping.,STAX Sour Cream & Onion Flavored,Lay's,append_candidate,direct,
Lay's,lay's,PepsiCo,direct,snacks,US_CANADA,US_CANADA,Israel,layer3_review_decision_20260824,explicit_company_mapping_from_layer3_review,map to PepsiCo,Other / not mapped to a company,Other / not mapped to a company,1,Known PepsiCo brand / regional alias missing from proposed mapping.,Potato chips,Lay's,append_candidate,direct,
Lay's,lay's,PepsiCo,direct,snacks,US_CANADA,US_CANADA,Moldova,layer3_review_decision_20260824,explicit_company_mapping_from_layer3_review,map to PepsiCo,Other / not mapped to a company,Other / not mapped to a company,1,Known PepsiCo brand / regional alias missing from proposed mapping.,Sour Cream & Dill,Lay's,append_candidate,direct,
Monster Energy,monster energy,Monster Beverage Corp,direct,beverages,BENELUX|FRANCE,BENELUX|FRANCE,Belgium,layer3_review_decision_20260824,approved_proposed_company_from_layer3_review,approve proposed,Monster Beverage Corp,Other / not mapped to a company,1,Proposed company mapping is concrete; approve for launch.,Monster energy juiced Mango Loco,"Monster, Monster Energy, Monster Energy Company",append_candidate,direct,
Monster Energy,monster energy,Monster Beverage Corp,direct,beverages,BENELUX|FRANCE|SOUTHERN_EUROPE,BENELUX|FRANCE|SOUTHERN_EUROPE,Belgium,layer3_review_decision_20260824,approved_proposed_company_from_layer3_review,approve proposed,Monster Beverage Corp,Monster Beverage Corp,1,Proposed company mapping is concrete; approve for launch.,Monster Energy,Monster Energy,append_candidate,direct,
Monster Energy,monster energy,Monster Beverage Corp,direct,beverages,BENELUX|UK_IE,BENELUX|UK_IE,Belgium,layer3_review_decision_20260824,approved_proposed_company_from_layer3_review,approve proposed,Monster Beverage Corp,Monster Beverage Corp,1,Proposed company mapping is concrete; approve for launch.,Monster Energy Zero Sugar,Monster Energy,append_candidate,direct,
Monster Energy,monster energy,Monster Beverage Corp,direct,beverages,DACH|NORDICS|UK_IE,DACH|NORDICS|UK_IE,Germany,layer3_review_decision_20260824,approved_proposed_company_from_layer3_review,approve proposed,Monster Beverage Corp,Monster Beverage Corp,1,Proposed company mapping is concrete; approve for launch.,Monster Energy Juiced Aussie Lemonade Style,Monster Energy,append_candidate,direct,
Monster Energy,monster energy,Monster Beverage Corp,direct,beverages,FRANCE|BENELUX,FRANCE|BENELUX,France,layer3_review_decision_20260824,approved_proposed_company_from_layer3_review,approve proposed,Monster Beverage Corp,Other / not mapped to a company,1,Proposed company mapping is concrete; approve for launch.,MONSTER ENERGY Zero Sugar Ultra Rosa,"Monster,Monster Energy",append_candidate,direct,
Monster Energy,monster energy,Monster Beverage Corp,direct,beverages,FRANCE|SOUTHERN_EUROPE,FRANCE|SOUTHERN_EUROPE,France,layer3_review_decision_20260824,approved_proposed_company_from_layer3_review,approve proposed,Monster Beverage Corp,Other / not mapped to a company,1,Proposed company mapping is concrete; approve for launch.,Monster Energy ultra,"Monster, Monster Energy",append_candidate,direct,
Monster Energy,monster energy,Monster Beverage Corp,direct,beverages,FRANCE|UK_IE,FRANCE|UK_IE,France,layer3_review_decision_20260824,approved_proposed_company_from_layer3_review,approve proposed,Monster Beverage Corp,Monster Beverage Corp,1,Proposed company mapping is concrete; approve for launch.,Monster Juiced khaotic,Monster energy,append_candidate,direct,
Monster Energy,monster energy,Monster Beverage Corp,direct,beverages,FRANCE|UK_IE,FRANCE|UK_IE,France,layer3_review_decision_20260824,approved_proposed_company_from_layer3_review,approve proposed,Monster Beverage Corp,Other / not mapped to a company,1,Proposed company mapping is concrete; approve for launch.,ZERO SUGA MONSTE ENERGY ABSOLUTELY ZERO,"Monster, Monster Energy",append_candidate,direct,
Monster Energy,monster energy,Monster Beverage Corp,direct,beverages,NORDICS|UK_IE,NORDICS|UK_IE,Iceland,layer3_review_decision_20260824,approved_proposed_company_from_layer3_review,approve proposed,Monster Beverage Corp,Other / not mapped to a company,1,Proposed company mapping is concrete; approve for launch.,Monster energy,"Monster, Monster Energy, Monster Energy Company",append_candidate,direct,
Monster Energy,monster energy,Monster Beverage Corp,direct,beverages,SOUTHERN_EUROPE|UK_IE,SOUTHERN_EUROPE|UK_IE,Italy,layer3_review_decision_20260824,approved_proposed_company_from_layer3_review,approve proposed,Monster Beverage Corp,Monster Beverage Corp,1,Proposed company mapping is concrete; approve for launch.,Lemonade - Monster - Monster,Monster Energy,append_candidate,direct,
Monster Energy,monster energy,Monster Beverage Corp,direct,beverages,SOUTHERN_EUROPE|UK_IE,SOUTHERN_EUROPE|UK_IE,South Africa,layer3_review_decision_20260824,approved_proposed_company_from_layer3_review,approve proposed,Monster Beverage Corp,Monster Beverage Corp,1,Proposed company mapping is concrete; approve for launch.,Pipeline Punch,Monster Energy,append_candidate,direct,
Monster Energy,monster energy,Monster Beverage Corp,direct,beverages,UK_IE,UK_IE,New Zealand,layer3_review_decision_20260824,approved_proposed_company_from_layer3_review,approve proposed,Monster Beverage Corp,Other / not mapped to a company,1,Proposed company mapping is concrete; approve for launch.,Monster Pacific Punch,"Monster,Monster Energy",append_candidate,direct,
Monster Energy,monster energy,Monster Beverage Corp,direct,beverages,US_CANADA|FRANCE,US_CANADA|FRANCE,Canada,layer3_review_decision_20260824,approved_proposed_company_from_layer3_review,approve proposed,Monster Beverage Corp,Monster Beverage Corp,1,Proposed company mapping is concrete; approve for launch.,Ultra Blue Energy Drink,Monster Energy,append_candidate,direct,
Monster Energy,monster energy,Monster Beverage Corp (Coca-Cola 20% stake / exclusive distrib),direct,beverages,US_CANADA,US_CANADA,Canada,layer3_review_decision_20260824,approved_proposed_company_from_layer3_review,approve proposed,Monster Beverage Corp (Coca-Cola 20% stake / exclusive distrib),Monster Beverage Corp (Coca-Cola 20% stake / exclusive distrib),1,Proposed company mapping is concrete; approve for launch.,Zero Ultra Energy Drink,Monster Energy,append_candidate,direct,
Monster Energy,monster energy,Monster Beverage Corp (Coca-Cola 20% stake / exclusive distrib),direct,beverages,US_CANADA,US_CANADA,India,layer3_review_decision_20260824,approved_proposed_company_from_layer3_review,approve proposed,Monster Beverage Corp (Coca-Cola 20% stake / exclusive distrib),Other / not mapped to a company,1,Proposed company mapping is concrete; approve for launch.,Monster Energy Ultra,"Monster, Monster Energy",append_candidate,direct,
Monster Energy,monster energy,Monster Beverage Corp (Coca-Cola 20% stake / exclusive distrib),direct,beverages,US_CANADA,US_CANADA,Latvia,layer3_review_decision_20260824,approved_proposed_company_from_layer3_review,approve proposed,Monster Beverage Corp (Coca-Cola 20% stake / exclusive distrib),Monster Beverage Corp (Coca-Cola 20% stake / exclusive distrib),1,Proposed company mapping is concrete; approve for launch.,Mega Monster Energy,Monster Energy,append_candidate,direct,
Mountain Dew,mountain dew,PepsiCo,direct,beverages,BENELUX|FRANCE,BENELUX|FRANCE,Belgium,layer3_review_decision_20260824,explicit_company_mapping_from_layer3_review,map to PepsiCo,Manual review / complex ownership,Manual review / complex ownership,1,Known PepsiCo brand / regional alias missing from proposed mapping.,Mountain dew,Mountain dew,append_candidate,direct,
Mountain Dew,mountain dew,PepsiCo,direct,beverages,DACH|US_CANADA,DACH|US_CANADA,Switzerland,layer3_review_decision_20260824,explicit_company_mapping_from_layer3_review,map to PepsiCo,Manual review / complex ownership,Manual review / complex ownership,1,Known PepsiCo brand / regional alias missing from proposed mapping.,Mountain dew code red,Mountain Dew,append_candidate,direct,
Mountain Dew,mountain dew,PepsiCo,direct,beverages,NORDICS|FRANCE|UK_IE,NORDICS|FRANCE|UK_IE,Denmark,layer3_review_decision_20260824,explicit_company_mapping_from_layer3_review,map to PepsiCo,Manual review / complex ownership,Manual review / complex ownership,1,Known PepsiCo brand / regional alias missing from proposed mapping.,Carbonated Citrus Flavoured Soft Drink,Mountain Dew,append_candidate,direct,
Mountain Dew,mountain dew,PepsiCo,direct,beverages,UK_IE,UK_IE,United Kingdom,layer3_review_decision_20260824,explicit_company_mapping_from_layer3_review,map to PepsiCo,Manual review / complex ownership,Manual review / complex ownership,1,Known PepsiCo brand / regional alias missing from proposed mapping.,Mountain Dew Citrus Blast,Mountain Dew,append_candidate,direct,
Mountain Dew,mountain dew,PepsiCo,direct,beverages,US_CANADA,US_CANADA,Bulgaria,layer3_review_decision_20260824,explicit_company_mapping_from_layer3_review,map to PepsiCo,Manual review / complex ownership,Manual review / complex ownership,1,Known PepsiCo brand / regional alias missing from proposed mapping.,Mountain Dew,Mountain Dew,append_candidate,direct,
Mountain Dew,mountain dew,PepsiCo,direct,beverages,US_CANADA,US_CANADA,United States,layer3_review_decision_20260824,explicit_company_mapping_from_layer3_review,map to PepsiCo,Manual review / complex ownership,Other / not mapped to a company,1,Known PepsiCo brand / regional alias missing from proposed mapping.,Mountain dew code red soda,"Pepsi-Cola, Mountain Dew",append_candidate,direct,
Nescafé,nescafé,Nestlé,direct,beverages,BENELUX|FRANCE|DACH|SOUTHERN_EUROPE,BENELUX|FRANCE|DACH|SOUTHERN_EUROPE,Belgium,layer3_review_decision_20260824,explicit_company_mapping_from_layer3_review,map to Nestlé,Manual review / complex ownership,Manual review / complex ownership,1,Known Nestlé brand / brand line missing from proposed company mapping.,Espresso intense aroma,Nescafé,append_candidate,direct,
Nescafé,nescafé,Nestlé,direct,beverages,BENELUX|FRANCE|UK_IE,BENELUX|FRANCE|UK_IE,Belgium,layer3_review_decision_20260824,explicit_company_mapping_from_layer3_review,map to Nestlé,Manual review / complex ownership,Manual review / complex ownership,1,Known Nestlé brand / brand line missing from proposed company mapping.,Cappucino Chocolate,"Nestlé, Nescafé",append_candidate,direct,
Nescafé,nescafé,Nestlé,direct,beverages,DACH|BENELUX|FRANCE,DACH|BENELUX|FRANCE,Austria,layer3_review_decision_20260824,explicit_company_mapping_from_layer3_review,map to Nestlé,Manual review / complex ownership,Manual review / complex ownership,1,Known Nestlé brand / brand line missing from proposed company mapping.,"NESCAFÉ 3en1, Café soluble au lait sucré, Boîte de 10 sticks de 16,5g",Nescafé,append_candidate,direct,
Nescafé,nescafé,Nestlé,direct,beverages,DACH|FRANCE,DACH|FRANCE,Austria,layer3_review_decision_20260824,explicit_company_mapping_from_layer3_review,map to Nestlé,Manual review / complex ownership,Manual review / complex ownership,1,Known Nestlé brand / brand line missing from proposed company mapping.,Red Romance,Nescafe,append_candidate,direct,
Nescafé,nescafé,Nestlé,direct,beverages,DACH|SOUTHERN_EUROPE|UK_IE,DACH|SOUTHERN_EUROPE|UK_IE,Germany,layer3_review_decision_20260824,explicit_company_mapping_from_layer3_review,map to Nestlé,Manual review / complex ownership,Manual review / complex ownership,1,Known Nestlé brand / brand line missing from proposed company mapping.,Dolce Gusto caffè grande intenso,Nescafé,append_candidate,direct,
Nescafé,nescafé,Nestlé,direct,beverages,DACH|UK_IE,DACH|UK_IE,Switzerland,layer3_review_decision_20260824,explicit_company_mapping_from_layer3_review,map to Nestlé,Manual review / complex ownership,Manual review / complex ownership,1,Known Nestlé brand / brand line missing from proposed company mapping.,Nescafé Gold Blend - Decaff,Nescafé,append_candidate,direct,
Nescafé,nescafé,Nestlé,direct,beverages,DACH|US_CANADA,DACH|US_CANADA,Germany,layer3_review_decision_20260824,explicit_company_mapping_from_layer3_review,map to Nestlé,Manual review / complex ownership,Manual review / complex ownership,1,Known Nestlé brand / brand line missing from proposed company mapping.,Coffee - Instant cajas,Nescafe,append_candidate,direct,
Nescafé,nescafé,Nestlé,direct,beverages,FRANCE,FRANCE,Australia,layer3_review_decision_20260824,explicit_company_mapping_from_layer3_review,map to Nestlé,Manual review / complex ownership,Manual review / complex ownership,1,Known Nestlé brand / brand line missing from proposed company mapping.,café nescafé gold original,Nescafe,append_candidate,direct,
Nescafé,nescafé,Nestlé,direct,beverages,FRANCE,FRANCE,Central African Republic,layer3_review_decision_20260824,explicit_company_mapping_from_layer3_review,map to Nestlé,Manual review / complex ownership,Manual review / complex ownership,1,Known Nestlé brand / brand line missing from proposed company mapping.,"NESCAFÉ SPECIAL FILTRE Fine Créma, Café Soluble, Flacon de 100g","Nescafé,Special filtre",append_candidate,direct,
Nescafé,nescafé,Nestlé,direct,beverages,FRANCE,FRANCE,Colombia,layer3_review_decision_20260824,explicit_company_mapping_from_layer3_review,map to Nestlé,Manual review / complex ownership,Manual review / complex ownership,1,Known Nestlé brand / brand line missing from proposed company mapping.,cafe soluble Nescafe,Nescafe,append_candidate,direct,
Nescafé,nescafé,Nestlé,direct,beverages,FRANCE,FRANCE,Czech Republic,layer3_review_decision_20260824,explicit_company_mapping_from_layer3_review,map to Nestlé,Manual review / complex ownership,Manual review / complex ownership,1,Known Nestlé brand / brand line missing from proposed company mapping.,Brown Sugar 3 in 1,"Nestlé, Nescafé",append_candidate,direct,
Nescafé,nescafé,Nestlé,direct,beverages,FRANCE|SOUTHERN_EUROPE,FRANCE|SOUTHERN_EUROPE,France,layer3_review_decision_20260824,explicit_company_mapping_from_layer3_review,map to Nestlé,Manual review / complex ownership,Other / not mapped to a company,1,Known Nestlé brand / brand line missing from proposed company mapping.,NESCAFE Farmers Origins Colombia Décaféiné 10 capsules,"Farmers origins, Nescafé",append_candidate,direct,
Nescafé,nescafé,Nestlé,direct,beverages,FRANCE|SOUTHERN_EUROPE|DACH,FRANCE|SOUTHERN_EUROPE|DACH,France,layer3_review_decision_20260824,explicit_company_mapping_from_layer3_review,map to Nestlé,Manual review / complex ownership,Other / not mapped to a company,1,Known Nestlé brand / brand line missing from proposed company mapping.,Capsules café Cappuccino,"Delica, Nescafe, café royal",append_candidate,direct,
Nescafé,nescafé,Nestlé,direct,beverages,FRANCE|UK_IE,FRANCE|UK_IE,Cyprus,layer3_review_decision_20260824,explicit_company_mapping_from_layer3_review,map to Nestlé,Manual review / complex ownership,Manual review / complex ownership,1,Known Nestlé brand / brand line missing from proposed company mapping.,Frappe,"Nescafe, Nescafé classic",append_candidate,direct,
Nescafé,nescafé,Nestlé,direct,beverages,FRANCE|US_CANADA,FRANCE|US_CANADA,Algeria,layer3_review_decision_20260824,explicit_company_mapping_from_layer3_review,map to Nestlé,Manual review / complex ownership,Manual review / complex ownership,1,Known Nestlé brand / brand line missing from proposed company mapping.,Nescafé Classic,Nescafé,append_candidate,direct,
Nescafé,nescafé,Nestlé,direct,beverages,NORDICS|FRANCE,NORDICS|FRANCE,Denmark,layer3_review_decision_20260824,explicit_company_mapping_from_layer3_review,map to Nestlé,Manual review / complex ownership,Manual review / complex ownership,1,Known Nestlé brand / brand line missing from proposed company mapping.,Dolce Gusto Nestea peach,Nescafé,append_candidate,direct,
Nescafé,nescafé,Nestlé,direct,beverages,NORDICS|FRANCE|DACH,NORDICS|FRANCE|DACH,Denmark,layer3_review_decision_20260824,explicit_company_mapping_from_layer3_review,map to Nestlé,Manual review / complex ownership,Manual review / complex ownership,1,Known Nestlé brand / brand line missing from proposed company mapping.,Dolce gusto - Chococino - Chocolat en poudre et lait entier en poudre avec sucre,"Nestlé, Nescafé",append_candidate,direct,
Nescafé,nescafé,Nestlé,direct,beverages,NORDICS|FRANCE|DACH,NORDICS|FRANCE|DACH,Denmark,layer3_review_decision_20260824,explicit_company_mapping_from_layer3_review,map to Nestlé,Manual review / complex ownership,Other / not mapped to a company,1,Known Nestlé brand / brand line missing from proposed company mapping.,Tee,"Cappuccino, Nescafé, caitee",append_candidate,direct,
Nescafé,nescafé,Nestlé,direct,beverages,SOUTHERN_EUROPE|US_CANADA,SOUTHERN_EUROPE|US_CANADA,Mexico,layer3_review_decision_20260824,explicit_company_mapping_from_layer3_review,map to Nestlé,Manual review / complex ownership,Manual review / complex ownership,1,Known Nestlé brand / brand line missing from proposed company mapping.,Decaf,Nescafe,append_candidate,direct,
Nescafé,nescafé,Nestlé,direct,beverages,UK_IE|US_CANADA,UK_IE|US_CANADA,United Kingdom,layer3_review_decision_20260824,explicit_company_mapping_from_layer3_review,map to Nestlé,Manual review / complex ownership,Manual review / complex ownership,1,Known Nestlé brand / brand line missing from proposed company mapping.,Azera Perky Blenders,Nescafé,append_candidate,direct,
Nescafé,nescafé,Nestlé,direct,beverages,US_CANADA,US_CANADA,Costa Rica,layer3_review_decision_20260824,explicit_company_mapping_from_layer3_review,map to Nestlé,Manual review / complex ownership,Manual review / complex ownership,1,Known Nestlé brand / brand line missing from proposed company mapping.,Nescafe Clasico,Nescafé,append_candidate,direct,
Nescafé,nescafé,Nestlé,direct,beverages,US_CANADA,US_CANADA,Mexico,layer3_review_decision_20260824,explicit_company_mapping_from_layer3_review,map to Nestlé,Manual review / complex ownership,Manual review / complex ownership,1,Known Nestlé brand / brand line missing from proposed company mapping.,Café de olla,Nescafé,append_candidate,direct,
Nescafé,nescafé,Nestlé,direct,dairies,FRANCE,FRANCE,France,layer3_review_decision_20260824,explicit_company_mapping_from_layer3_review,map to Nestlé,Manual review / complex ownership,Other / not mapped to a company,1,Known Nestlé brand / brand line missing from proposed company mapping.,"NESCAFÉ® Cappuccino Chocolat Blanc, Café soluble, Boîte de 270g","Mocha,Nescafé",append_candidate,direct,
Nescafé,nescafé,Nestlé,direct,dairies,FRANCE|DACH,FRANCE|DACH,France,layer3_review_decision_20260824,explicit_company_mapping_from_layer3_review,map to Nestlé,Manual review / complex ownership,Manual review / complex ownership,1,Known Nestlé brand / brand line missing from proposed company mapping.,Nescafé Gold Latte,"Nestlé, Nescafe",append_candidate,direct,
Nescafé,nescafé,Nestlé,direct,dairies,FRANCE|UK_IE,FRANCE|UK_IE,Bolivia,layer3_review_decision_20260824,explicit_company_mapping_from_layer3_review,map to Nestlé,Manual review / complex ownership,Manual review / complex ownership,1,Known Nestlé brand / brand line missing from proposed company mapping.,Nescafé Gold Vanilla Latte,"Nestlé,Gold,Nescafé",append_candidate,direct,
Nescafé,nescafé,Nestlé,direct,dairies,UK_IE,UK_IE,Gibraltar,layer3_review_decision_20260824,explicit_company_mapping_from_layer3_review,map to Nestlé,Manual review / complex ownership,Manual review / complex ownership,1,Known Nestlé brand / brand line missing from proposed company mapping.,Nescafé Gold Capuccino,Nescafé,append_candidate,direct,
Nescafé,nescafé,Nestlé,direct,dairies,UK_IE,UK_IE,United Kingdom,layer3_review_decision_20260824,explicit_company_mapping_from_layer3_review,map to Nestlé,Manual review / complex ownership,Manual review / complex ownership,1,Known Nestlé brand / brand line missing from proposed company mapping.,Cappuccino Unsweetened Taste,Nescafe,append_candidate,direct,
Nescafé,nescafé,Nestlé,direct,dairies,US_CANADA,US_CANADA,India,layer3_review_decision_20260824,explicit_company_mapping_from_layer3_review,map to Nestlé,Manual review / complex ownership,Manual review / complex ownership,1,Known Nestlé brand / brand line missing from proposed company mapping.,Nescafe Iced Latte,Nescafe,append_candidate,direct,
Nescafé,nescafé,Nestlé,direct,snacks,FRANCE,FRANCE,France,layer3_review_decision_20260824,explicit_company_mapping_from_layer3_review,map to Nestlé,Manual review / complex ownership,Manual review / complex ownership,1,Known Nestlé brand / brand line missing from proposed company mapping.,Macaron Green Tea,Nescafé,append_candidate,direct,
Nescafé Dolce Gusto,nescafé dolce gusto,Nestlé,direct,beverages,BENELUX|FRANCE,BENELUX|FRANCE,Belgium,layer3_review_decision_20260824,explicit_company_mapping_from_layer3_review,map to Nestlé,Manual review / complex ownership,Other / not mapped to a company,1,Known Nestlé brand / brand line missing from proposed company mapping.,STARBUCKS by NESCAFE Dolce Gusto House Blend 12 capsules,"Medium house blend, Nescafé, STARBUCKS, by NESCAFE DOLCE GUSTO",append_candidate,direct,
Nescafé Dolce Gusto,nescafé dolce gusto,Nestlé,direct,beverages,BENELUX|FRANCE|DACH,BENELUX|FRANCE|DACH,Belgium,layer3_review_decision_20260824,explicit_company_mapping_from_layer3_review,map to Nestlé,Manual review / complex ownership,Other / not mapped to a company,1,Known Nestlé brand / brand line missing from proposed company mapping.,Capsules NESCAFE DOLCE GUSTO Latte Macchiato 30 capsules,"Dolce gusto,Nescafe",append_candidate,direct,
Nescafé Dolce Gusto,nescafé dolce gusto,Nestlé,direct,beverages,BENELUX|FRANCE|DACH|SOUTHERN_EUROPE,BENELUX|FRANCE|DACH|SOUTHERN_EUROPE,Belgium,layer3_review_decision_20260824,explicit_company_mapping_from_layer3_review,map to Nestlé,Manual review / complex ownership,Other / not mapped to a company,1,Known Nestlé brand / brand line missing from proposed company mapping.,,Dolce gusto,append_candidate,direct,
Nescafé Dolce Gusto,nescafé dolce gusto,Nestlé,direct,beverages,BENELUX|FRANCE|SOUTHERN_EUROPE|DACH,BENELUX|FRANCE|SOUTHERN_EUROPE|DACH,Belgium,layer3_review_decision_20260824,explicit_company_mapping_from_layer3_review,map to Nestlé,Manual review / complex ownership,Other / not mapped to a company,1,Known Nestlé brand / brand line missing from proposed company mapping.,Capsules Dolce Gusto lungo 16 Capsules,"Dolce gusto, Nescafé",append_candidate,direct,
Nescafé Dolce Gusto,nescafé dolce gusto,Nestlé,direct,beverages,BENELUX|NORDICS|FRANCE,BENELUX|NORDICS|FRANCE,Belgium,layer3_review_decision_20260824,explicit_company_mapping_from_layer3_review,map to Nestlé,Manual review / complex ownership,Manual review / complex ownership,1,Known Nestlé brand / brand line missing from proposed company mapping.,Barista,"Nescafe, Nescafé Dolce Gusto",append_candidate,direct,
Nescafé Dolce Gusto,nescafé dolce gusto,Nestlé,direct,beverages,BENELUX|NORDICS|FRANCE|DACH,BENELUX|NORDICS|FRANCE|DACH,Belgium,layer3_review_decision_20260824,explicit_company_mapping_from_layer3_review,map to Nestlé,Manual review / complex ownership,Manual review / complex ownership,1,Known Nestlé brand / brand line missing from proposed company mapping.,Capsules NESCAFE DOLCE GUSTO Cappuccino 16 Capsules,"Nescafé, Nescafé Dolce Gusto",append_candidate,direct,
Nescafé Dolce Gusto,nescafé dolce gusto,Nestlé,direct,beverages,DACH|SOUTHERN_EUROPE|UK_IE,DACH|SOUTHERN_EUROPE|UK_IE,Germany,layer3_review_decision_20260824,explicit_company_mapping_from_layer3_review,map to Nestlé,Manual review / complex ownership,Manual review / complex ownership,1,Known Nestlé brand / brand line missing from proposed company mapping.,CAFÉ AU LAIT DECAFFEINATO,NESCAFÉ Dolce Gusto,append_candidate,direct,
Nescafé Dolce Gusto,nescafé dolce gusto,Nestlé,direct,beverages,FRANCE|DACH|SOUTHERN_EUROPE|UK_IE,FRANCE|DACH|SOUTHERN_EUROPE|UK_IE,France,layer3_review_decision_20260824,explicit_company_mapping_from_layer3_review,map to Nestlé,Manual review / complex ownership,Manual review / complex ownership,1,Known Nestlé brand / brand line missing from proposed company mapping.,Café au Lait,"Nescafé Dolce Gusto, Dolce gusto, Nescafe",append_candidate,direct,
Nescafé Dolce Gusto,nescafé dolce gusto,Nestlé,direct,beverages,FRANCE|DACH|UK_IE,FRANCE|DACH|UK_IE,France,layer3_review_decision_20260824,explicit_company_mapping_from_layer3_review,map to Nestlé,Manual review / complex ownership,Other / not mapped to a company,1,Known Nestlé brand / brand line missing from proposed company mapping.,Cappuccino,"Dolce Gusto,Nescafé",append_candidate,direct,
Nescafé Dolce Gusto,nescafé dolce gusto,Nestlé,direct,beverages,FRANCE|DACH|US_CANADA,FRANCE|DACH|US_CANADA,France,layer3_review_decision_20260824,explicit_company_mapping_from_layer3_review,map to Nestlé,Manual review / complex ownership,Other / not mapped to a company,1,Known Nestlé brand / brand line missing from proposed company mapping.,D.gus Latt Macc Caramel Nescafe,"Dolce gusto, Nescafe, Nescafé dolce gusto",append_candidate,direct,
Nescafé Dolce Gusto,nescafé dolce gusto,Nestlé,direct,beverages,FRANCE|NORDICS,FRANCE|NORDICS,France,layer3_review_decision_20260824,explicit_company_mapping_from_layer3_review,map to Nestlé,Manual review / complex ownership,Other / not mapped to a company,1,Known Nestlé brand / brand line missing from proposed company mapping.,Toffee Nut Latte,"Dolce Gusto, Nespresso, Starbucks",append_candidate,direct,
Nescafé Dolce Gusto,nescafé dolce gusto,Nestlé,direct,beverages,FRANCE|NORDICS|SOUTHERN_EUROPE,FRANCE|NORDICS|SOUTHERN_EUROPE,France,layer3_review_decision_20260824,explicit_company_mapping_from_layer3_review,map to Nestlé,Manual review / complex ownership,Manual review / complex ownership,1,Known Nestlé brand / brand line missing from proposed company mapping.,Capsules NESCAFE DOLCE GUSTO Flat White 16 Capsules 187.2g,Nescafé Dolce Gusto,append_candidate,direct,
Nescafé Dolce Gusto,nescafé dolce gusto,Nestlé,direct,beverages,FRANCE|UK_IE,FRANCE|UK_IE,France,layer3_review_decision_20260824,explicit_company_mapping_from_layer3_review,map to Nestlé,Manual review / complex ownership,Manual review / complex ownership,1,Known Nestlé brand / brand line missing from proposed company mapping.,Capsules NESCAFE DOLCE GUSTO Café Au Lait Intenso 16 Capsules,"Nescafe, Nescafé Dolce Gusto, Dolce gusto",append_candidate,direct,
Nescafé Dolce Gusto,nescafé dolce gusto,Nestlé,direct,beverages,NORDICS|FRANCE,NORDICS|FRANCE,Denmark,layer3_review_decision_20260824,explicit_company_mapping_from_layer3_review,map to Nestlé,Manual review / complex ownership,Other / not mapped to a company,1,Known Nestlé brand / brand line missing from proposed company mapping.,Nestea lemon,"Dolce Gusto, Nescafé, Nestea",append_candidate,direct,
Nescafé Dolce Gusto,nescafé dolce gusto,Nestlé,direct,dairies,BENELUX|FRANCE|DACH,BENELUX|FRANCE|DACH,Belgium,layer3_review_decision_20260824,explicit_company_mapping_from_layer3_review,map to Nestlé,Manual review / complex ownership,Manual review / complex ownership,1,Known Nestlé brand / brand line missing from proposed company mapping.,Gusto Cappuccino Coffee Pods Capsules Per Box,"Nestlé,Dolce Gusto,Nescafé",append_candidate,direct,
Nescafé Dolce Gusto,nescafé dolce gusto,Nestlé,direct,dairies,BENELUX|NORDICS|FRANCE|DACH,BENELUX|NORDICS|FRANCE|DACH,Belgium,layer3_review_decision_20260824,explicit_company_mapping_from_layer3_review,map to Nestlé,Manual review / complex ownership,Manual review / complex ownership,1,Known Nestlé brand / brand line missing from proposed company mapping.,Capsules NESCAFE Dolce Gusto Latte Macchiato 16 Capsules,"Sainsbury's, Dolce Gusto, Nescafé, Nescafé Dolce gusto",append_candidate,direct,
Nescafé Dolce Gusto,nescafé dolce gusto,Nestlé,direct,dairies,FRANCE,FRANCE,France,layer3_review_decision_20260824,explicit_company_mapping_from_layer3_review,map to Nestlé,Manual review / complex ownership,Other / not mapped to a company,1,Known Nestlé brand / brand line missing from proposed company mapping.,Choccocino,Dolce Gusto,append_candidate,direct,
Nescafé Dolce Gusto,nescafé dolce gusto,Nestlé,direct,dairies,FRANCE|DACH,FRANCE|DACH,France,layer3_review_decision_20260824,explicit_company_mapping_from_layer3_review,map to Nestlé,Manual review / complex ownership,Manual review / complex ownership,1,Known Nestlé brand / brand line missing from proposed company mapping.,Nesquik,"Nestlé,Dolce Gusto,Nescafé,Nescafé Dolce Gusto",append_candidate,direct,
Nescafé Dolce Gusto,nescafé dolce gusto,Nestlé,direct,dairies,FRANCE|SOUTHERN_EUROPE|DACH,FRANCE|SOUTHERN_EUROPE|DACH,France,layer3_review_decision_20260824,explicit_company_mapping_from_layer3_review,map to Nestlé,Manual review / complex ownership,Other / not mapped to a company,1,Known Nestlé brand / brand line missing from proposed company mapping.,Capsules NESCAFE DOLCE GUSTO NESQUIK x16,"Dolce gusto,Nescafé,Nescafé Dolce Gusto",append_candidate,direct,
Nescafé Dolce Gusto,nescafé dolce gusto,Nestlé,direct,dairies,FRANCE|UK_IE,FRANCE|UK_IE,France,layer3_review_decision_20260824,explicit_company_mapping_from_layer3_review,map to Nestlé,Manual review / complex ownership,Manual review / complex ownership,1,Known Nestlé brand / brand line missing from proposed company mapping.,Gusto Skinny Latte Macchiato Coffee Pods Capsules,"Nescafé, Nescafé Dolce Gusto",append_candidate,direct,
Nescafé Dolce Gusto,nescafé dolce gusto,Nestlé,direct,snacks,FRANCE,FRANCE,France,layer3_review_decision_20260824,explicit_company_mapping_from_layer3_review,map to Nestlé,Manual review / complex ownership,Manual review / complex ownership,1,Known Nestlé brand / brand line missing from proposed company mapping.,STARBUCKS by NESCAFE DOLCE GUSTO chocolate Toffe Nut Latte 200g,"STARBUCKS, by NESCAFE DOLCE GUSTO",append_candidate,direct,
Nesquik,nesquik,Nestlé,direct,beverages,BENELUX|FRANCE|DACH|SOUTHERN_EUROPE,BENELUX|FRANCE|DACH|SOUTHERN_EUROPE,Algeria,layer3_review_decision_20260824,explicit_company_mapping_from_layer3_review,map to Nestlé,Manual review / complex ownership,Manual review / complex ownership,1,Known Nestlé brand / brand line missing from proposed company mapping.,NESQUIK Cacao,"Nestlé, Nesquik",append_candidate,direct,
Nesquik,nesquik,Nestlé,direct,beverages,BENELUX|FRANCE|DACH|SOUTHERN_EUROPE,BENELUX|FRANCE|DACH|SOUTHERN_EUROPE,Belgium,layer3_review_decision_20260824,explicit_company_mapping_from_layer3_review,map to Nestlé,Manual review / complex ownership,Manual review / complex ownership,1,Known Nestlé brand / brand line missing from proposed company mapping.,NESQUIK ALL NATURAL 168g,"Nestlé, Nesquik",append_candidate,direct,
Nesquik,nesquik,Nestlé,direct,beverages,BENELUX|UK_IE,BENELUX|UK_IE,Belgium,layer3_review_decision_20260824,explicit_company_mapping_from_layer3_review,map to Nestlé,Manual review / complex ownership,Manual review / complex ownership,1,Known Nestlé brand / brand line missing from proposed company mapping.,Nesquik Strawberry 300gr,"Nestlé, Nesquik",append_candidate,direct,
Nesquik,nesquik,Nestlé,direct,beverages,FRANCE,FRANCE,Algeria,layer3_review_decision_20260824,explicit_company_mapping_from_layer3_review,map to Nestlé,Manual review / complex ownership,Manual review / complex ownership,1,Known Nestlé brand / brand line missing from proposed company mapping.,Nesquik,"Nestlé, nesquik",append_candidate,direct,
Nesquik,nesquik,Nestlé,direct,beverages,FRANCE,FRANCE,Democratic Republic Of The Congo,layer3_review_decision_20260824,explicit_company_mapping_from_layer3_review,map to Nestlé,Manual review / complex ownership,Manual review / complex ownership,1,Known Nestlé brand / brand line missing from proposed company mapping.,nesquik,"Nestlé, Nesquik",append_candidate,direct,
Nesquik,nesquik,Nestlé,direct,beverages,FRANCE,FRANCE,France,layer3_review_decision_20260824,explicit_company_mapping_from_layer3_review,map to Nestlé,Manual review / complex ownership,Other / not mapped to a company,1,Known Nestlé brand / brand line missing from proposed company mapping.,"Code-barres inexistant et/ou fiche incomplète, obsolète ou en doublon","N’essuie, Plus, Nestlé, Nesquik",append_candidate,direct,
Nesquik,nesquik,Nestlé,direct,beverages,FRANCE|DACH|SOUTHERN_EUROPE|UK_IE,FRANCE|DACH|SOUTHERN_EUROPE|UK_IE,France,layer3_review_decision_20260824,explicit_company_mapping_from_layer3_review,map to Nestlé,Manual review / complex ownership,Manual review / complex ownership,1,Known Nestlé brand / brand line missing from proposed company mapping.,h,"Nestlé, Nesquik, Nesquick - Nestlé",append_candidate,direct,
Nesquik,nesquik,Nestlé,direct,beverages,FRANCE|SOUTHERN_EUROPE,FRANCE|SOUTHERN_EUROPE,Andorra,layer3_review_decision_20260824,explicit_company_mapping_from_layer3_review,map to Nestlé,Manual review / complex ownership,Manual review / complex ownership,1,Known Nestlé brand / brand line missing from proposed company mapping.,Cacao en polvo Nesquik,"Nestlé, Nesquik",append_candidate,direct,
Nesquik,nesquik,Nestlé,direct,beverages,FRANCE|SOUTHERN_EUROPE,FRANCE|SOUTHERN_EUROPE,Argentina,layer3_review_decision_20260824,explicit_company_mapping_from_layer3_review,map to Nestlé,Manual review / complex ownership,Manual review / complex ownership,1,Known Nestlé brand / brand line missing from proposed company mapping.,Nesquick,Nesquik,append_candidate,direct,
Nesquik,nesquik,Nestlé,direct,beverages,FRANCE|SOUTHERN_EUROPE,FRANCE|SOUTHERN_EUROPE,France,layer3_review_decision_20260824,explicit_company_mapping_from_layer3_review,map to Nestlé,Manual review / complex ownership,Manual review / complex ownership,1,Known Nestlé brand / brand line missing from proposed company mapping.,Nesquik,"Nestlé, Nesquik",append_candidate,direct,
Nesquik,nesquik,Nestlé,direct,beverages,FRANCE|SOUTHERN_EUROPE|UK_IE,FRANCE|SOUTHERN_EUROPE|UK_IE,France,layer3_review_decision_20260824,explicit_company_mapping_from_layer3_review,map to Nestlé,Manual review / complex ownership,Manual review / complex ownership,1,Known Nestlé brand / brand line missing from proposed company mapping.,Nesquik Chocolate Flavour,"Nestlé,Nesquik",append_candidate,direct,
Nesquik,nesquik,Nestlé,direct,beverages,FRANCE|SOUTHERN_EUROPE|US_CANADA,FRANCE|SOUTHERN_EUROPE|US_CANADA,France,layer3_review_decision_20260824,explicit_company_mapping_from_layer3_review,map to Nestlé,Manual review / complex ownership,Manual review / complex ownership,1,Known Nestlé brand / brand line missing from proposed company mapping.,"Chocolate essential vitamins & minerals, chocolate",Nesquik,append_candidate,direct,
Nesquik,nesquik,Nestlé,direct,beverages,UK_IE,UK_IE,United Kingdom,layer3_review_decision_20260824,explicit_company_mapping_from_layer3_review,map to Nestlé,Manual review / complex ownership,Manual review / complex ownership,1,Known Nestlé brand / brand line missing from proposed company mapping.,All Natural Chocolate Flavour,Nesquik,append_candidate,direct,
Nesquik,nesquik,Nestlé,direct,beverages,US_CANADA,US_CANADA,Panama,layer3_review_decision_20260824,explicit_company_mapping_from_layer3_review,map to Nestlé,Manual review / complex ownership,Manual review / complex ownership,1,Known Nestlé brand / brand line missing from proposed company mapping.,Chocolate flavored milk powder,Nesquik,append_candidate,direct,
Nesquik,nesquik,Nestlé,direct,cereals,BENELUX|FRANCE,BENELUX|FRANCE,Belgium,layer3_review_decision_20260824,explicit_company_mapping_from_layer3_review,map to Nestlé,Manual review / complex ownership,Manual review / complex ownership,1,Known Nestlé brand / brand line missing from proposed company mapping.,NESTLE NESQUIK Duo Céréales paquet de,"Nestlé, Nesquik",append_candidate,direct,
Nesquik,nesquik,Nestlé,direct,cereals,BENELUX|FRANCE|SOUTHERN_EUROPE|DACH,BENELUX|FRANCE|SOUTHERN_EUROPE|DACH,Belgium,layer3_review_decision_20260824,explicit_company_mapping_from_layer3_review,map to Nestlé,Manual review / complex ownership,Manual review / complex ownership,1,Known Nestlé brand / brand line missing from proposed company mapping.,NESTLE NESQUIK BIO Céréales 375g,"Nestlé, Nesquik, Nesquik bio",append_candidate,direct,
Nesquik,nesquik,Nestlé,direct,cereals,FRANCE|DACH|SOUTHERN_EUROPE,FRANCE|DACH|SOUTHERN_EUROPE,Czech Republic,layer3_review_decision_20260824,explicit_company_mapping_from_layer3_review,map to Nestlé,Manual review / complex ownership,Manual review / complex ownership,1,Known Nestlé brand / brand line missing from proposed company mapping.,NESTLE NESQUIK Cereal,"Nestle,Nesquik",append_candidate,direct,
Nesquik,nesquik,Nestlé,direct,cereals,FRANCE|SOUTHERN_EUROPE,FRANCE|SOUTHERN_EUROPE,France,layer3_review_decision_20260824,explicit_company_mapping_from_layer3_review,map to Nestlé,Manual review / complex ownership,Manual review / complex ownership,1,Known Nestlé brand / brand line missing from proposed company mapping.,All Natural* Porridge Cacao,"Nestlé, Nesquik",append_candidate,direct,
Nesquik,nesquik,Nestlé,direct,cereals,FRANCE|SOUTHERN_EUROPE|DACH,FRANCE|SOUTHERN_EUROPE|DACH,France,layer3_review_decision_20260824,explicit_company_mapping_from_layer3_review,map to Nestlé,Manual review / complex ownership,Manual review / complex ownership,1,Known Nestlé brand / brand line missing from proposed company mapping.,NESTLE NESQUIK Céréales 450g,"Nestlé, Nesquik",append_candidate,direct,
Nesquik,nesquik,Nestlé,direct,cereals,FRANCE|SOUTHERN_EUROPE|UK_IE,FRANCE|SOUTHERN_EUROPE|UK_IE,France,layer3_review_decision_20260824,explicit_company_mapping_from_layer3_review,map to Nestlé,Manual review / complex ownership,Manual review / complex ownership,1,Known Nestlé brand / brand line missing from proposed company mapping.,A-Z,Nesquik,append_candidate,direct,
Nesquik,nesquik,Nestlé,direct,cereals,FRANCE|UK_IE,FRANCE|UK_IE,France,layer3_review_decision_20260824,explicit_company_mapping_from_layer3_review,map to Nestlé,Manual review / complex ownership,Manual review / complex ownership,1,Known Nestlé brand / brand line missing from proposed company mapping.,Choco Crunch,Nesquik,append_candidate,direct,
Nesquik,nesquik,Nestlé,direct,dairies,BENELUX|FRANCE,BENELUX|FRANCE,Belgium,layer3_review_decision_20260824,explicit_company_mapping_from_layer3_review,map to Nestlé,Manual review / complex ownership,Manual review / complex ownership,1,Known Nestlé brand / brand line missing from proposed company mapping.,Nesquik Petit,"Nestlé, Nesquik",append_candidate,direct,
Nesquik,nesquik,Nestlé,direct,dairies,BENELUX|FRANCE|DACH,BENELUX|FRANCE|DACH,Belgium,layer3_review_decision_20260824,explicit_company_mapping_from_layer3_review,map to Nestlé,Manual review / complex ownership,Manual review / complex ownership,1,Known Nestlé brand / brand line missing from proposed company mapping.,Petit Nesquik,"Nestlé, Nesquik",append_candidate,direct,
Nesquik,nesquik,Nestlé,direct,dairies,FRANCE|UK_IE|US_CANADA,FRANCE|UK_IE|US_CANADA,Bolivia,layer3_review_decision_20260824,explicit_company_mapping_from_layer3_review,map to Nestlé,Manual review / complex ownership,Manual review / complex ownership,1,Known Nestlé brand / brand line missing from proposed company mapping.,Chocolate Lowfat Milk,"Nesquik,Nestlé",append_candidate,direct,
Nesquik,nesquik,Nestlé,direct,dairies,US_CANADA,US_CANADA,Bolivia,layer3_review_decision_20260824,explicit_company_mapping_from_layer3_review,map to Nestlé,Manual review / complex ownership,Manual review / complex ownership,1,Known Nestlé brand / brand line missing from proposed company mapping.,Strawberry Lowfat Milk,"Nesquik,Nestlé",append_candidate,direct,
Nesquik,nesquik,Nestlé,direct,snacks,BENELUX|FRANCE|SOUTHERN_EUROPE|DACH,BENELUX|FRANCE|SOUTHERN_EUROPE|DACH,Belgium,layer3_review_decision_20260824,explicit_company_mapping_from_layer3_review,map to Nestlé,Manual review / complex ownership,Manual review / complex ownership,1,Known Nestlé brand / brand line missing from proposed company mapping.,,"Nesquik,Nestlé",append_candidate,direct,
Nesquik,nesquik,Nestlé,direct,snacks,FRANCE|DACH,FRANCE|DACH,France,layer3_review_decision_20260824,explicit_company_mapping_from_layer3_review,map to Nestlé,Manual review / complex ownership,Manual review / complex ownership,1,Known Nestlé brand / brand line missing from proposed company mapping.,NESTLE NESQUIK Getreideriegel 4+2er Multipack (,"Nestlé, Nesquik, Nestle nesquik",append_candidate,direct,
Oreo,oreo,Mondelēz International,direct,beverages,US_CANADA,US_CANADA,United States,layer3_review_decision_20260824,explicit_company_mapping_from_layer3_review,map to Mondelēz International,Manual review / complex ownership,Manual review / complex ownership,1,Cadbury US licensing exception / Mondelez snack brand routing.,Coke zero sugar oreo,"Coca-cola,Oreo",append_candidate,direct,
Oreo,oreo,Mondelēz International,direct,cereals,DACH|FRANCE|NORDICS|SOUTHERN_EUROPE,DACH|FRANCE|NORDICS|SOUTHERN_EUROPE,Austria,layer3_review_decision_20260824,explicit_company_mapping_from_layer3_review,map to Mondelēz International,Manual review / complex ownership,Manual review / complex ownership,1,Known Mondelēz brand / regional Cadbury routing outside US.,Oreo O's,"OREO,Weetabix",append_candidate,direct,
Oreo,oreo,Mondelēz International,direct,cereals,FRANCE|DACH|US_CANADA,FRANCE|DACH|US_CANADA,Bolivia,layer3_review_decision_20260824,explicit_company_mapping_from_layer3_review,map to Mondelēz International,Manual review / complex ownership,Manual review / complex ownership,1,Known Mondelēz brand / regional Cadbury routing outside US.,Oreo O's Cereal,"Oreo, Post",append_candidate,direct,
Oreo,oreo,Mondelēz International,direct,cereals,SOUTHERN_EUROPE|UK_IE,SOUTHERN_EUROPE|UK_IE,Italy,layer3_review_decision_20260824,explicit_company_mapping_from_layer3_review,map to Mondelēz International,Manual review / complex ownership,Manual review / complex ownership,1,Known Mondelēz brand / regional Cadbury routing outside US.,OREO O'S Cereal,OREO,append_candidate,direct,
Oreo,oreo,Mondelēz International,direct,dairies,FRANCE|DACH|UK_IE,FRANCE|DACH|UK_IE,France,layer3_review_decision_20260824,explicit_company_mapping_from_layer3_review,map to Mondelēz International,Manual review / complex ownership,Manual review / complex ownership,1,Known Mondelēz brand / regional Cadbury routing outside US.,OREO CHEESECAKES,OREO,append_candidate,direct,
Oreo,oreo,Mondelēz International,direct,dairies,FRANCE|UK_IE,FRANCE|UK_IE,France,layer3_review_decision_20260824,explicit_company_mapping_from_layer3_review,map to Mondelēz International,Manual review / complex ownership,Manual review / complex ownership,1,Known Mondelēz brand / regional Cadbury routing outside US.,Oreo Vanilla flavour yogurt with Oreo cookie pieces,Oreo,append_candidate,direct,
Oreo,oreo,Mondelēz International,direct,snacks,BENELUX|FRANCE|US_CANADA,BENELUX|FRANCE|US_CANADA,Belgium,layer3_review_decision_20260824,explicit_company_mapping_from_layer3_review,map to Mondelēz International,Manual review / complex ownership,Manual review / complex ownership,1,Known Mondelēz brand / regional Cadbury routing outside US.,Oreo Original,"Mondelez, Oreo",append_candidate,direct,
Oreo,oreo,Mondelēz International,direct,snacks,BENELUX|US_CANADA,BENELUX|US_CANADA,Belgium,layer3_review_decision_20260824,explicit_company_mapping_from_layer3_review,map to Mondelēz International,Manual review / complex ownership,Other / not mapped to a company,1,Known Mondelēz brand / regional Cadbury routing outside US.,"Maple creme sandwich cookies, maple creme","Nabisco, Oreo",append_candidate,direct,
Oreo,oreo,Mondelēz International,direct,snacks,BENELUX|US_CANADA|FRANCE|DACH|SOUTHERN_EUROPE,BENELUX|US_CANADA|FRANCE|DACH|SOUTHERN_EUROPE,Belgium,layer3_review_decision_20260824,explicit_company_mapping_from_layer3_review,map to Mondelēz International,Manual review / complex ownership,Manual review / complex ownership,1,Known Mondelēz brand / regional Cadbury routing outside US.,Original,"Mondelēz,Oreo",append_candidate,direct,
Oreo,oreo,Mondelēz International,direct,snacks,BENELUX|US_CANADA|NORDICS|FRANCE|DACH|SOUTHERN_EUROPE,BENELUX|US_CANADA|NORDICS|FRANCE|DACH|SOUTHERN_EUROPE,Belgium,layer3_review_decision_20260824,explicit_company_mapping_from_layer3_review,map to Mondelēz International,Manual review / complex ownership,Manual review / complex ownership,1,Known Mondelēz brand / regional Cadbury routing outside US.,Original,Oreo,append_candidate,direct,
Oreo,oreo,Mondelēz International,direct,snacks,DACH|BENELUX|FRANCE|SOUTHERN_EUROPE,DACH|BENELUX|FRANCE|SOUTHERN_EUROPE,Austria,layer3_review_decision_20260824,explicit_company_mapping_from_layer3_review,map to Mondelēz International,Manual review / complex ownership,Manual review / complex ownership,1,Known Mondelēz brand / regional Cadbury routing outside US.,Original,"Mondelez International,Oreo,Mondelez",append_candidate,direct,
Oreo,oreo,Mondelēz International,direct,snacks,DACH|BENELUX|NORDICS|FRANCE,DACH|BENELUX|NORDICS|FRANCE,Austria,layer3_review_decision_20260824,explicit_company_mapping_from_layer3_review,map to Mondelēz International,Manual review / complex ownership,Manual review / complex ownership,1,Known Mondelēz brand / regional Cadbury routing outside US.,Oreo Double Creme,Oreo,append_candidate,direct,
Oreo,oreo,Mondelēz International,direct,snacks,DACH|BENELUX|NORDICS|FRANCE|SOUTHERN_EUROPE,DACH|BENELUX|NORDICS|FRANCE|SOUTHERN_EUROPE,Austria,layer3_review_decision_20260824,explicit_company_mapping_from_layer3_review,map to Mondelēz International,Manual review / complex ownership,Manual review / complex ownership,1,Known Mondelēz brand / regional Cadbury routing outside US.,OREO ORIGINAL,OREO,append_candidate,direct,
Oreo,oreo,Mondelēz International,direct,snacks,DACH|FRANCE|SOUTHERN_EUROPE,DACH|FRANCE|SOUTHERN_EUROPE,Austria,layer3_review_decision_20260824,explicit_company_mapping_from_layer3_review,map to Mondelēz International,Manual review / complex ownership,Manual review / complex ownership,1,Known Mondelēz brand / regional Cadbury routing outside US.,Mini Oreo,"Oreo,Mondelez",append_candidate,direct,
Oreo,oreo,Mondelēz International,direct,snacks,DACH|FRANCE|US_CANADA,DACH|FRANCE|US_CANADA,Austria,layer3_review_decision_20260824,explicit_company_mapping_from_layer3_review,map to Mondelēz International,Manual review / complex ownership,Manual review / complex ownership,1,Known Mondelēz brand / regional Cadbury routing outside US.,Cadbury chocolate eggs mini,Oreo,append_candidate,direct,
Oreo,oreo,Mondelēz International,direct,snacks,DACH|US_CANADA,DACH|US_CANADA,Austria,layer3_review_decision_20260824,explicit_company_mapping_from_layer3_review,map to Mondelēz International,Manual review / complex ownership,Manual review / complex ownership,1,Known Mondelēz brand / regional Cadbury routing outside US.,Mini golden sandwich cookies go-pak,Oreo,append_candidate,direct,
Oreo,oreo,Mondelēz International,direct,snacks,FRANCE,FRANCE,Bulgaria,layer3_review_decision_20260824,explicit_company_mapping_from_layer3_review,map to Mondelēz International,Manual review / complex ownership,Manual review / complex ownership,1,Known Mondelēz brand / regional Cadbury routing outside US.,OREO ORIGINAL,OREO,append_candidate,direct,
Oreo,oreo,Mondelēz International,direct,snacks,FRANCE,FRANCE,Cambodia,layer3_review_decision_20260824,explicit_company_mapping_from_layer3_review,map to Mondelēz International,Manual review / complex ownership,Manual review / complex ownership,1,Known Mondelēz brand / regional Cadbury routing outside US.,Oreo Blueberry Ice Cream,"Mondelez International, Oreo",append_candidate,direct,
Oreo,oreo,Mondelēz International,direct,snacks,FRANCE,FRANCE,Chile,layer3_review_decision_20260824,explicit_company_mapping_from_layer3_review,map to Mondelēz International,Manual review / complex ownership,Other / not mapped to a company,1,Known Mondelēz brand / regional Cadbury routing outside US.,Galletas Oreo 126 GR,"Nabisco, Oreo",append_candidate,direct,
Oreo,oreo,Mondelēz International,direct,snacks,FRANCE,FRANCE,Cyprus,layer3_review_decision_20260824,explicit_company_mapping_from_layer3_review,map to Mondelēz International,Manual review / complex ownership,Manual review / complex ownership,1,Known Mondelēz brand / regional Cadbury routing outside US.,Mondelez Double Oreo,Oreo,append_candidate,direct,
Oreo,oreo,Mondelēz International,direct,snacks,FRANCE|BENELUX,FRANCE|BENELUX,France,layer3_review_decision_20260824,explicit_company_mapping_from_layer3_review,map to Mondelēz International,Manual review / complex ownership,Manual review / complex ownership,1,Known Mondelēz brand / regional Cadbury routing outside US.,,Oreo,append_candidate,direct,
Oreo,oreo,Mondelēz International,direct,snacks,FRANCE|DACH,FRANCE|DACH,Czech Republic,layer3_review_decision_20260824,explicit_company_mapping_from_layer3_review,map to Mondelēz International,Manual review / complex ownership,Manual review / complex ownership,1,Known Mondelēz brand / regional Cadbury routing outside US.,Golden Oreo,Oreo,append_candidate,direct,
Oreo,oreo,Mondelēz International,direct,snacks,FRANCE|DACH|SOUTHERN_EUROPE,FRANCE|DACH|SOUTHERN_EUROPE,France,layer3_review_decision_20260824,explicit_company_mapping_from_layer3_review,map to Mondelēz International,Manual review / complex ownership,Manual review / complex ownership,1,Known Mondelēz brand / regional Cadbury routing outside US.,,"Mondelez, Oreo",append_candidate,direct,
Oreo,oreo,Mondelēz International,direct,snacks,FRANCE|SOUTHERN_EUROPE|DACH,FRANCE|SOUTHERN_EUROPE|DACH,France,layer3_review_decision_20260824,explicit_company_mapping_from_layer3_review,map to Mondelēz International,Manual review / complex ownership,Manual review / complex ownership,1,Known Mondelēz brand / regional Cadbury routing outside US.,Oreo Goldem,"Oreo,Mondelez",append_candidate,direct,
Oreo,oreo,Mondelēz International,direct,snacks,FRANCE|SOUTHERN_EUROPE|UK_IE,FRANCE|SOUTHERN_EUROPE|UK_IE,France,layer3_review_decision_20260824,explicit_company_mapping_from_layer3_review,map to Mondelēz International,Manual review / complex ownership,Manual review / complex ownership,1,Known Mondelēz brand / regional Cadbury routing outside US.,Original,OREO,append_candidate,direct,
Oreo,oreo,Mondelēz International,direct,snacks,FRANCE|SOUTHERN_EUROPE|UK_IE|US_CANADA,FRANCE|SOUTHERN_EUROPE|UK_IE|US_CANADA,France,layer3_review_decision_20260824,explicit_company_mapping_from_layer3_review,map to Mondelēz International,Manual review / complex ownership,Manual review / complex ownership,1,Known Mondelēz brand / regional Cadbury routing outside US.,Limited Edition Oreo Peanut Butter Flavour,Oreo,append_candidate,direct,
Oreo,oreo,Mondelēz International,direct,snacks,FRANCE|SOUTHERN_EUROPE|US_CANADA,FRANCE|SOUTHERN_EUROPE|US_CANADA,France,layer3_review_decision_20260824,explicit_company_mapping_from_layer3_review,map to Mondelēz International,Manual review / complex ownership,Manual review / complex ownership,1,Known Mondelēz brand / regional Cadbury routing outside US.,oreo golden,Oreo,append_candidate,direct,
Oreo,oreo,Mondelēz International,direct,snacks,FRANCE|UK_IE,FRANCE|UK_IE,Bulgaria,layer3_review_decision_20260824,explicit_company_mapping_from_layer3_review,map to Mondelēz International,Manual review / complex ownership,Manual review / complex ownership,1,Known Mondelēz brand / regional Cadbury routing outside US.,oreo double cream,Oreo,append_candidate,direct,
Oreo,oreo,Mondelēz International,direct,snacks,FRANCE|UK_IE|US_CANADA,FRANCE|UK_IE|US_CANADA,France,layer3_review_decision_20260824,explicit_company_mapping_from_layer3_review,map to Mondelēz International,Manual review / complex ownership,Manual review / complex ownership,1,Known Mondelēz brand / regional Cadbury routing outside US.,OREO minis,OREO,append_candidate,direct,
Oreo,oreo,Mondelēz International,direct,snacks,FRANCE|US_CANADA,FRANCE|US_CANADA,Bolivia,layer3_review_decision_20260824,explicit_company_mapping_from_layer3_review,map to Mondelēz International,Manual review / complex ownership,Manual review / complex ownership,1,Known Mondelēz brand / regional Cadbury routing outside US.,Chocolate Sandwich Cookies,Oreo,append_candidate,direct,
Oreo,oreo,Mondelēz International,direct,snacks,FRANCE|US_CANADA,FRANCE|US_CANADA,Bolivia,layer3_review_decision_20260824,explicit_company_mapping_from_layer3_review,map to Mondelēz International,Manual review / complex ownership,Other / not mapped to a company,1,Known Mondelēz brand / regional Cadbury routing outside US.,Oreo Chocolate Hazelnut,"Nabisco, Oreo",append_candidate,direct,
Oreo,oreo,Mondelēz International,direct,snacks,NORDICS|FRANCE,NORDICS|FRANCE,Albania,layer3_review_decision_20260824,explicit_company_mapping_from_layer3_review,map to Mondelēz International,Manual review / complex ownership,Manual review / complex ownership,1,Known Mondelēz brand / regional Cadbury routing outside US.,Fresh Milk-snack,Oreo,append_candidate,direct,
Oreo,oreo,Mondelēz International,direct,snacks,NORDICS|FRANCE|SOUTHERN_EUROPE,NORDICS|FRANCE|SOUTHERN_EUROPE,Denmark,layer3_review_decision_20260824,explicit_company_mapping_from_layer3_review,map to Mondelēz International,Manual review / complex ownership,Manual review / complex ownership,1,Known Mondelēz brand / regional Cadbury routing outside US.,Oreo Golden,"Mondelez Norge AS,Oreo",append_candidate,direct,
Oreo,oreo,Mondelēz International,direct,snacks,NORDICS|FRANCE|SOUTHERN_EUROPE,NORDICS|FRANCE|SOUTHERN_EUROPE,Finland,layer3_review_decision_20260824,explicit_company_mapping_from_layer3_review,map to Mondelēz International,Manual review / complex ownership,Manual review / complex ownership,1,Known Mondelēz brand / regional Cadbury routing outside US.,Marabou BIG Taste - Oreo Filled,"Marabou, Mondelez, Oreo",append_candidate,direct,
Oreo,oreo,Mondelēz International,direct,snacks,NORDICS|FRANCE|UK_IE|BENELUX|US_CANADA,NORDICS|FRANCE|UK_IE|BENELUX|US_CANADA,Denmark,layer3_review_decision_20260824,explicit_company_mapping_from_layer3_review,map to Mondelēz International,Manual review / complex ownership,Manual review / complex ownership,1,Known Mondelēz brand / regional Cadbury routing outside US.,"Oreo Cookies, Cool Mint",Oreo,append_candidate,direct,
Oreo,oreo,Mondelēz International,direct,snacks,NORDICS|UK_IE,NORDICS|UK_IE,Norway,layer3_review_decision_20260824,explicit_company_mapping_from_layer3_review,map to Mondelēz International,Manual review / complex ownership,Manual review / complex ownership,1,Known Mondelēz brand / regional Cadbury routing outside US.,Mini Oreo,Oreo,append_candidate,direct,
Oreo,oreo,Mondelēz International,direct,snacks,UK_IE,UK_IE,India,layer3_review_decision_20260824,explicit_company_mapping_from_layer3_review,map to Mondelēz International,Manual review / complex ownership,Manual review / complex ownership,1,Known Mondelēz brand / regional Cadbury routing outside US.,Original Oreo,Oreo,append_candidate,direct,
Oreo,oreo,Mondelēz International,direct,snacks,UK_IE|US_CANADA,UK_IE|US_CANADA,United Kingdom,layer3_review_decision_20260824,explicit_company_mapping_from_layer3_review,map to Mondelēz International,Manual review / complex ownership,Manual review / complex ownership,1,Known Mondelēz brand / regional Cadbury routing outside US.,Oreo cookies milk chocolate covered,Oreo,append_candidate,direct,
Oreo,oreo,Mondelēz International,direct,snacks,US_CANADA,US_CANADA,Cambodia,layer3_review_decision_20260824,explicit_company_mapping_from_layer3_review,map to Mondelēz International,Manual review / complex ownership,Manual review / complex ownership,1,Known Mondelēz brand / regional Cadbury routing outside US.,Thins Vanilla Mousse,Oreo,append_candidate,direct,
Oreo,oreo,Mondelēz International,direct,snacks,US_CANADA|FRANCE,US_CANADA|FRANCE,Canada,layer3_review_decision_20260824,explicit_company_mapping_from_layer3_review,map to Mondelēz International,Manual review / complex ownership,Manual review / complex ownership,1,Known Mondelēz brand / regional Cadbury routing outside US.,Oreo à l'érable,Oreo,append_candidate,direct,
Ovaltine,ovaltine,Associated British Foods,market_scoped,beverages,FRANCE|UK_IE,FRANCE|UK_IE,France,layer3_review_decision_20260824,approved_proposed_company_from_layer3_review,approve proposed,Associated British Foods,Associated British Foods,1,Proposed company mapping is concrete; approve for launch.,Ovaltine Original,Ovaltine,append_candidate,direct,Corrected before upsert-ready split: known complex/market-scoped or licensed brand; do not mark as plain direct.
Ovaltine,ovaltine,Associated British Foods,market_scoped,snacks,FRANCE,FRANCE,France,layer3_review_decision_20260824,approved_proposed_company_from_layer3_review,approve proposed,Associated British Foods,Associated British Foods,1,Proposed company mapping is concrete; approve for launch.,ovaltine choco cookies imp,Ovaltine,append_candidate,direct,Corrected before upsert-ready split: known complex/market-scoped or licensed brand; do not mark as plain direct.
Ovaltine,ovaltine,Nestlé,market_scoped,dairies,US_CANADA,US_CANADA,United States,layer3_review_decision_20260824,approved_proposed_company_from_layer3_review,approve proposed,Nestlé,Nestlé,1,Proposed company mapping is concrete; approve for launch.,Ovaltine Rich Chocolate Flavor,Ovaltine,append_candidate,direct,Corrected before upsert-ready split: known complex/market-scoped or licensed brand; do not mark as plain direct.
Ovaltine,ovaltine,Nestlé,market_scoped,snacks,US_CANADA,US_CANADA,United States,layer3_review_decision_20260824,approved_proposed_company_from_layer3_review,approve proposed,Nestlé,Nestlé,1,Proposed company mapping is concrete; approve for launch.,Ovaltine Cocoa,Ovaltine,append_candidate,direct,Corrected before upsert-ready split: known complex/market-scoped or licensed brand; do not mark as plain direct.
Pepsi,pepsi,PepsiCo,direct,beverages,BENELUX|FRANCE|DACH|UK_IE,BENELUX|FRANCE|DACH|UK_IE,Belgium,layer3_review_decision_20260824,explicit_company_mapping_from_layer3_review,map to PepsiCo,Manual review / complex ownership,Manual review / complex ownership,1,Known PepsiCo brand / regional alias missing from proposed mapping.,Pepsi Max,"Pepsi zero, PepsiCo, Pepsi, Pepsi Max",append_candidate,direct,
Pepsi,pepsi,PepsiCo,direct,beverages,BENELUX|FRANCE|SOUTHERN_EUROPE,BENELUX|FRANCE|SOUTHERN_EUROPE,Belgium,layer3_review_decision_20260824,explicit_company_mapping_from_layer3_review,map to PepsiCo,Manual review / complex ownership,Manual review / complex ownership,1,Known PepsiCo brand / regional alias missing from proposed mapping.,Pepsi Max,Pepsi,append_candidate,direct,
Pepsi,pepsi,PepsiCo,direct,beverages,DACH|NORDICS|US_CANADA,DACH|NORDICS|US_CANADA,Germany,layer3_review_decision_20260824,explicit_company_mapping_from_layer3_review,map to PepsiCo,Manual review / complex ownership,Manual review / complex ownership,1,Known PepsiCo brand / regional alias missing from proposed mapping.,Pepsi Max Lemon,Pepsi,append_candidate,direct,
Pepsi,pepsi,PepsiCo,direct,beverages,DACH|US_CANADA,DACH|US_CANADA,Germany,layer3_review_decision_20260824,explicit_company_mapping_from_layer3_review,map to PepsiCo,Manual review / complex ownership,Manual review / complex ownership,1,Known PepsiCo brand / regional alias missing from proposed mapping.,Pepsi Mango Flavour,Pepsi,append_candidate,direct,
Pepsi,pepsi,PepsiCo,direct,beverages,FRANCE,FRANCE,Algeria,layer3_review_decision_20260824,explicit_company_mapping_from_layer3_review,map to PepsiCo,Manual review / complex ownership,Manual review / complex ownership,1,Known PepsiCo brand / regional alias missing from proposed mapping.,Pepsi-Cola,Pepsi,append_candidate,direct,
Pepsi,pepsi,PepsiCo,direct,beverages,FRANCE|BENELUX,FRANCE|BENELUX,France,layer3_review_decision_20260824,explicit_company_mapping_from_layer3_review,map to PepsiCo,Manual review / complex ownership,Manual review / complex ownership,1,Known PepsiCo brand / regional alias missing from proposed mapping.,Pepsi Cola,Pepsi,append_candidate,direct,
Pepsi,pepsi,PepsiCo,direct,beverages,FRANCE|DACH,FRANCE|DACH,Australia,layer3_review_decision_20260824,explicit_company_mapping_from_layer3_review,map to PepsiCo,Manual review / complex ownership,Manual review / complex ownership,1,Known PepsiCo brand / regional alias missing from proposed mapping.,Soda Mix,Pepsi,append_candidate,direct,
Pepsi,pepsi,PepsiCo,direct,beverages,FRANCE|DACH|NORDICS,FRANCE|DACH|NORDICS,France,layer3_review_decision_20260824,explicit_company_mapping_from_layer3_review,map to PepsiCo,Manual review / complex ownership,Manual review / complex ownership,1,Known PepsiCo brand / regional alias missing from proposed mapping.,Pepsi Max Lime soda mix,"Pepsi, Soda Stream",append_candidate,direct,
Pepsi,pepsi,PepsiCo,direct,beverages,FRANCE|DACH|SOUTHERN_EUROPE,FRANCE|DACH|SOUTHERN_EUROPE,France,layer3_review_decision_20260824,explicit_company_mapping_from_layer3_review,map to PepsiCo,Manual review / complex ownership,Manual review / complex ownership,1,Known PepsiCo brand / regional alias missing from proposed mapping.,Pepsi Light,Pepsi,append_candidate,direct,
Pepsi,pepsi,PepsiCo,direct,beverages,FRANCE|DACH|UK_IE,FRANCE|DACH|UK_IE,France,layer3_review_decision_20260824,explicit_company_mapping_from_layer3_review,map to PepsiCo,Manual review / complex ownership,Manual review / complex ownership,1,Known PepsiCo brand / regional alias missing from proposed mapping.,Pepsi Cola - Cherry 2L,"Pepsi,Pepsico",append_candidate,direct,
Pepsi,pepsi,PepsiCo,direct,beverages,FRANCE|NORDICS,FRANCE|NORDICS,France,layer3_review_decision_20260824,explicit_company_mapping_from_layer3_review,map to PepsiCo,Manual review / complex ownership,Manual review / complex ownership,1,Known PepsiCo brand / regional alias missing from proposed mapping.,Pepsi Max Lime,Pepsi,append_candidate,direct,
Pepsi,pepsi,PepsiCo,direct,beverages,FRANCE|SOUTHERN_EUROPE,FRANCE|SOUTHERN_EUROPE,France,layer3_review_decision_20260824,explicit_company_mapping_from_layer3_review,map to PepsiCo,Manual review / complex ownership,Other / not mapped to a company,1,Known PepsiCo brand / regional alias missing from proposed mapping.,Mosto Greip,"Greip, Pepsi",append_candidate,direct,
Pepsi,pepsi,PepsiCo,direct,beverages,FRANCE|SOUTHERN_EUROPE|DACH,FRANCE|SOUTHERN_EUROPE|DACH,France,layer3_review_decision_20260824,explicit_company_mapping_from_layer3_review,map to PepsiCo,Manual review / complex ownership,Manual review / complex ownership,1,Known PepsiCo brand / regional alias missing from proposed mapping.,pepsi,Pepsi,append_candidate,direct,
Pepsi,pepsi,PepsiCo,direct,beverages,FRANCE|UK_IE,FRANCE|UK_IE,France,layer3_review_decision_20260824,explicit_company_mapping_from_layer3_review,map to PepsiCo,Manual review / complex ownership,Manual review / complex ownership,1,Known PepsiCo brand / regional alias missing from proposed mapping.,Pepsi Max Can 330ml,Pepsi,append_candidate,direct,
Pepsi,pepsi,PepsiCo,direct,beverages,NORDICS|FRANCE,NORDICS|FRANCE,Denmark,layer3_review_decision_20260824,explicit_company_mapping_from_layer3_review,map to PepsiCo,Manual review / complex ownership,Manual review / complex ownership,1,Known PepsiCo brand / regional alias missing from proposed mapping.,Pepsi Max,Pepsi,append_candidate,direct,
Pepsi,pepsi,PepsiCo,direct,beverages,SOUTHERN_EUROPE|UK_IE,SOUTHERN_EUROPE|UK_IE,Italy,layer3_review_decision_20260824,explicit_company_mapping_from_layer3_review,map to PepsiCo,Manual review / complex ownership,Manual review / complex ownership,1,Known PepsiCo brand / regional alias missing from proposed mapping.,Pepsi-cola,pepsi,append_candidate,direct,
Pepsi,pepsi,PepsiCo,direct,beverages,SOUTHERN_EUROPE|US_CANADA,SOUTHERN_EUROPE|US_CANADA,Spain,layer3_review_decision_20260824,explicit_company_mapping_from_layer3_review,map to PepsiCo,Manual review / complex ownership,Manual review / complex ownership,1,Known PepsiCo brand / regional alias missing from proposed mapping.,Diet Pepsi,Pepsi,append_candidate,direct,
Pepsi,pepsi,PepsiCo,direct,beverages,UK_IE,UK_IE,Ireland,layer3_review_decision_20260824,explicit_company_mapping_from_layer3_review,map to PepsiCo,Manual review / complex ownership,Manual review / complex ownership,1,Known PepsiCo brand / regional alias missing from proposed mapping.,Pepsi max rasberry,"Pepsi,PepsiCo",append_candidate,direct,
Pepsi,pepsi,PepsiCo,direct,beverages,UK_IE,UK_IE,Romania,layer3_review_decision_20260824,explicit_company_mapping_from_layer3_review,map to PepsiCo,Manual review / complex ownership,Manual review / complex ownership,1,Known PepsiCo brand / regional alias missing from proposed mapping.,Pepsi Twist,Pepsi,append_candidate,direct,
Pepsi,pepsi,PepsiCo,direct,beverages,UK_IE|US_CANADA,UK_IE|US_CANADA,United Kingdom,layer3_review_decision_20260824,explicit_company_mapping_from_layer3_review,map to PepsiCo,Manual review / complex ownership,Manual review / complex ownership,1,Known PepsiCo brand / regional alias missing from proposed mapping.,With a splash of mango juice,Pepsi,append_candidate,direct,
Pepsi,pepsi,PepsiCo,direct,beverages,US_CANADA,US_CANADA,India,layer3_review_decision_20260824,explicit_company_mapping_from_layer3_review,map to PepsiCo,Manual review / complex ownership,Other / not mapped to a company,1,Known PepsiCo brand / regional alias missing from proposed mapping.,Sting Energy,"Sting,Pepsi,PepsiCo,Suntory,Sting Energy",append_candidate,direct,
Pepsi,pepsi,PepsiCo,direct,beverages,US_CANADA,US_CANADA,Morocco,layer3_review_decision_20260824,explicit_company_mapping_from_layer3_review,map to PepsiCo,Manual review / complex ownership,Manual review / complex ownership,1,Known PepsiCo brand / regional alias missing from proposed mapping.,اكوافينا,pepsi,append_candidate,direct,
Pepsi,pepsi,PepsiCo,direct,beverages,US_CANADA,US_CANADA,Romania,layer3_review_decision_20260824,explicit_company_mapping_from_layer3_review,map to PepsiCo,Manual review / complex ownership,Manual review / complex ownership,1,Known PepsiCo brand / regional alias missing from proposed mapping.,CU GUST DE LAM,"Pepsi,pepsico",append_candidate,direct,
Pepsi,pepsi,PepsiCo,direct,beverages,US_CANADA,US_CANADA,Singapore,layer3_review_decision_20260824,explicit_company_mapping_from_layer3_review,map to PepsiCo,Manual review / complex ownership,Manual review / complex ownership,1,Known PepsiCo brand / regional alias missing from proposed mapping.,Lemon Big Zero 〈生〉,"Pepsi Japan,Pepsi",append_candidate,direct,
Pepsi,pepsi,PepsiCo,direct,cereals,UK_IE,UK_IE,United Kingdom,layer3_review_decision_20260824,explicit_company_mapping_from_layer3_review,map to PepsiCo,Manual review / complex ownership,Manual review / complex ownership,1,Known PepsiCo brand / regional alias missing from proposed mapping.,Pepsi zero sugar - starwberries 'n' cream flavour,pepsi,append_candidate,direct,
Quaker Oats,quaker oats,PepsiCo,direct,cereals,DACH|UK_IE,DACH|UK_IE,Germany,layer3_review_decision_20260824,explicit_company_mapping_from_layer3_review,map to PepsiCo,Manual review / complex ownership,Manual review / complex ownership,1,Known PepsiCo brand / regional alias missing from proposed mapping.,Original porridge pot,"Asda, Quaker Oats",append_candidate,direct,
Quaker Oats,quaker oats,PepsiCo,direct,cereals,DACH|US_CANADA,DACH|US_CANADA,Germany,layer3_review_decision_20260824,explicit_company_mapping_from_layer3_review,map to PepsiCo,Manual review / complex ownership,Manual review / complex ownership,1,Known PepsiCo brand / regional alias missing from proposed mapping.,Quick 1-Minute Oats,Quaker Oats,append_candidate,direct,
Quaker Oats,quaker oats,PepsiCo,direct,cereals,FRANCE|DACH|US_CANADA,FRANCE|DACH|US_CANADA,France,layer3_review_decision_20260824,explicit_company_mapping_from_layer3_review,map to PepsiCo,Manual review / complex ownership,Manual review / complex ownership,1,Known PepsiCo brand / regional alias missing from proposed mapping.,Old Fashioned 100% Whole Grain Rolled Oats,Quaker Oats,append_candidate,direct,
Quaker Oats,quaker oats,PepsiCo,direct,cereals,US_CANADA|FRANCE,US_CANADA|FRANCE,Canada,layer3_review_decision_20260824,explicit_company_mapping_from_layer3_review,map to PepsiCo,Manual review / complex ownership,Manual review / complex ownership,1,Known PepsiCo brand / regional alias missing from proposed mapping.,QUICK 1-MINUTE OATS,QUAKER OATS,append_candidate,direct,
Quality Street,quality street,Nestlé,direct,snacks,FRANCE,FRANCE,Bolivia,layer3_review_decision_20260824,explicit_company_mapping_from_layer3_review,map to Nestlé,Manual review / complex ownership,Manual review / complex ownership,1,Known Nestlé brand / brand line missing from proposed company mapping.,Quality Street Chocolates & Toffees,"Nestlé,Quality Street",append_candidate,direct,
Quality Street,quality street,Nestlé,direct,snacks,FRANCE,FRANCE,France,layer3_review_decision_20260824,explicit_company_mapping_from_layer3_review,map to Nestlé,Manual review / complex ownership,Manual review / complex ownership,1,Known Nestlé brand / brand line missing from proposed company mapping.,Quality Street Chocolate Jar,Quality Street,append_candidate,direct,
Quality Street,quality street,Nestlé,direct,snacks,FRANCE|DACH,FRANCE|DACH,France,layer3_review_decision_20260824,explicit_company_mapping_from_layer3_review,map to Nestlé,Manual review / complex ownership,Manual review / complex ownership,1,Known Nestlé brand / brand line missing from proposed company mapping.,Quality Street Chokolade & Toffees,"Nestlé, Quality Street",append_candidate,direct,
Reflets de France,reflets de france,Carrefour,direct,beverages,BENELUX|FRANCE,BENELUX|FRANCE,Belgium,layer3_review_decision_20260824,explicit_company_mapping_from_layer3_review,map to Carrefour,Manual review / complex ownership,Manual review / complex ownership,1,"Carrefour brand/private-label/store-format row; brand entity should stay as normalized_brand, parent_company should be Carrefour.",Floc de Gascogne Appellation d'Origine Contrôlée,"Carrefour, Reflets de France",append_candidate,direct,
Reflets de France,reflets de france,Carrefour,direct,beverages,FRANCE|SOUTHERN_EUROPE,FRANCE|SOUTHERN_EUROPE,France,layer3_review_decision_20260824,explicit_company_mapping_from_layer3_review,map to Carrefour,Manual review / complex ownership,Other / not mapped to a company,1,"Carrefour brand/private-label/store-format row; brand entity should stay as normalized_brand, parent_company should be Carrefour.",Cidre de Normandie IGP,"CMI (Carrefour Marchandises Internationales), Carrefour, Groupe Carrefour, Reflets de France",append_candidate,direct,
Reflets de France,reflets de france,Carrefour,direct,beverages,FRANCE|SOUTHERN_EUROPE|US_CANADA,FRANCE|SOUTHERN_EUROPE|US_CANADA,France,layer3_review_decision_20260824,explicit_company_mapping_from_layer3_review,map to Carrefour,Manual review / complex ownership,Manual review / complex ownership,1,"Carrefour brand/private-label/store-format row; brand entity should stay as normalized_brand, parent_company should be Carrefour.",Cidre ARTISANAL de Bretagne IGP Brut Cidrerie artisanale Les Celliers de l'Odet,"Carrefour, Cidres Le Brun, Reflets de France",append_candidate,direct,
Reflets de France,reflets de france,Carrefour,direct,snacks,FRANCE|DACH,FRANCE|DACH,France,layer3_review_decision_20260824,explicit_company_mapping_from_layer3_review,map to Carrefour,Manual review / complex ownership,Manual review / complex ownership,1,"Carrefour brand/private-label/store-format row; brand entity should stay as normalized_brand, parent_company should be Carrefour.",Caramel au beurre salé,"Carrefour, Reflets de France",append_candidate,direct,
Reflets de France,reflets de france,Carrefour,direct,snacks,US_CANADA|FRANCE|SOUTHERN_EUROPE,US_CANADA|FRANCE|SOUTHERN_EUROPE,Canada,layer3_review_decision_20260824,explicit_company_mapping_from_layer3_review,map to Carrefour,Manual review / complex ownership,Manual review / complex ownership,1,"Carrefour brand/private-label/store-format row; brand entity should stay as normalized_brand, parent_company should be Carrefour.",Palets Bretons Spécialité de Pont-Aven au beurre,"Carrefour, Reflets de France",append_candidate,direct,
Ritz,ritz,Mondelēz International,direct,dairies,BENELUX|US_CANADA,BENELUX|US_CANADA,Belgium,layer3_review_decision_20260824,explicit_company_mapping_from_layer3_review,map to Mondelēz International,Manual review / complex ownership,Manual review / complex ownership,1,Known Mondelēz brand / regional Cadbury routing outside US.,Dairylea dunkers processed cheese-snack ritz,Ritz,append_candidate,direct,
Ritz,ritz,Mondelēz International,direct,dairies,FRANCE,FRANCE,France,layer3_review_decision_20260824,explicit_company_mapping_from_layer3_review,map to Mondelēz International,Manual review / complex ownership,Manual review / complex ownership,1,Known Mondelēz brand / regional Cadbury routing outside US.,Caserio Merienda+gall. ritz,Ritz,append_candidate,direct,
Ritz,ritz,Mondelēz International,direct,snacks,DACH|UK_IE,DACH|UK_IE,Switzerland,layer3_review_decision_20260824,explicit_company_mapping_from_layer3_review,map to Mondelēz International,Manual review / complex ownership,Manual review / complex ownership,1,Known Mondelēz brand / regional Cadbury routing outside US.,Ritz Crackers,Ritz,append_candidate,direct,
Ritz,ritz,Mondelēz International,direct,snacks,FRANCE,FRANCE,France,layer3_review_decision_20260824,explicit_company_mapping_from_layer3_review,map to Mondelēz International,Manual review / complex ownership,Other / not mapped to a company,1,Known Mondelēz brand / regional Cadbury routing outside US.,Les cookies Coco,"Matatie, Ritz",append_candidate,direct,
Ritz,ritz,Mondelēz International,direct,snacks,FRANCE|DACH,FRANCE|DACH,France,layer3_review_decision_20260824,explicit_company_mapping_from_layer3_review,map to Mondelēz International,Manual review / complex ownership,Manual review / complex ownership,1,Known Mondelēz brand / regional Cadbury routing outside US.,Mini panettone classico,Ritz,append_candidate,direct,
Ritz,ritz,Mondelēz International,direct,snacks,FRANCE|DACH|NORDICS|SOUTHERN_EUROPE,FRANCE|DACH|NORDICS|SOUTHERN_EUROPE,France,layer3_review_decision_20260824,explicit_company_mapping_from_layer3_review,map to Mondelēz International,Manual review / complex ownership,Manual review / complex ownership,1,Known Mondelēz brand / regional Cadbury routing outside US.,Ritz Crackers Original,Ritz,append_candidate,direct,
Ritz,ritz,Mondelēz International,direct,snacks,FRANCE|UK_IE,FRANCE|UK_IE,France,layer3_review_decision_20260824,explicit_company_mapping_from_layer3_review,map to Mondelēz International,Manual review / complex ownership,Manual review / complex ownership,1,Known Mondelēz brand / regional Cadbury routing outside US.,Ritz,Ritz,append_candidate,direct,
Ritz,ritz,Mondelēz International,direct,snacks,FRANCE|UK_IE|US_CANADA,FRANCE|UK_IE|US_CANADA,France,layer3_review_decision_20260824,explicit_company_mapping_from_layer3_review,map to Mondelēz International,Manual review / complex ownership,Manual review / complex ownership,1,Known Mondelēz brand / regional Cadbury routing outside US.,The Original Crackers,Ritz,append_candidate,direct,
Ritz,ritz,Mondelēz International,direct,snacks,UK_IE,UK_IE,Ireland,layer3_review_decision_20260824,explicit_company_mapping_from_layer3_review,map to Mondelēz International,Manual review / complex ownership,Manual review / complex ownership,1,Known Mondelēz brand / regional Cadbury routing outside US.,Original cracker,Ritz,append_candidate,direct,
Ritz,ritz,Mondelēz International,direct,snacks,US_CANADA,US_CANADA,Australia,layer3_review_decision_20260824,explicit_company_mapping_from_layer3_review,map to Mondelēz International,Manual review / complex ownership,Manual review / complex ownership,1,Known Mondelēz brand / regional Cadbury routing outside US.,original crackers,RITZ,append_candidate,direct,
Ritz,ritz,Mondelēz International,direct,snacks,US_CANADA,US_CANADA,Guadeloupe,layer3_review_decision_20260824,explicit_company_mapping_from_layer3_review,map to Mondelēz International,Manual review / complex ownership,Manual review / complex ownership,1,Known Mondelēz brand / regional Cadbury routing outside US.,Bits cheese cracker sandwiches go-pak,"Ritz, Nabisco",append_candidate,direct,
Ritz,ritz,Mondelēz International,direct,snacks,US_CANADA|FRANCE|DACH,US_CANADA|FRANCE|DACH,Canada,layer3_review_decision_20260824,explicit_company_mapping_from_layer3_review,map to Mondelēz International,Manual review / complex ownership,Manual review / complex ownership,1,Known Mondelēz brand / regional Cadbury routing outside US.,Ritz,Ritz,append_candidate,direct,
Rolo,rolo,Nestlé,market_scoped,dairies,SOUTHERN_EUROPE|UK_IE,SOUTHERN_EUROPE|UK_IE,Portugal,layer3_review_decision_20260824,approved_proposed_company_from_layer3_review,approve proposed,Nestlé,Nestlé,1,Proposed company mapping is concrete; approve for launch.,Toffee Yogurt with Mini Rolo® Chocolates,"Rolo,Nestlé",append_candidate,direct,Corrected before upsert-ready split: known complex/market-scoped or licensed brand; do not mark as plain direct.
Rolo,rolo,Nestlé,market_scoped,dairies,UK_IE,UK_IE,United Kingdom,layer3_review_decision_20260824,approved_proposed_company_from_layer3_review,approve proposed,Nestlé,Manual review / complex ownership,1,Proposed company mapping is concrete; approve for launch.,Rolo dessert,"Nestle,Rolo",append_candidate,direct,Corrected before upsert-ready split: known complex/market-scoped or licensed brand; do not mark as plain direct.
Ruffles,ruffles,PepsiCo,direct,beverages,UK_IE,UK_IE,United Kingdom,layer3_review_decision_20260824,explicit_company_mapping_from_layer3_review,map to PepsiCo,Manual review / complex ownership,Manual review / complex ownership,1,Known PepsiCo brand / regional alias missing from proposed mapping.,Ruffles Raspberry Coconut,Ruffles,append_candidate,direct,
Ruffles,ruffles,PepsiCo,direct,snacks,DACH|US_CANADA,DACH|US_CANADA,Germany,layer3_review_decision_20260824,explicit_company_mapping_from_layer3_review,map to PepsiCo,Manual review / complex ownership,Manual review / complex ownership,1,Known PepsiCo brand / regional alias missing from proposed mapping.,Sour Cream & Onion Flavored Ruffles,Ruffles,append_candidate,direct,
Ruffles,ruffles,PepsiCo,direct,snacks,US_CANADA,US_CANADA,Canada,layer3_review_decision_20260824,explicit_company_mapping_from_layer3_review,map to PepsiCo,Manual review / complex ownership,Manual review / complex ownership,1,Known PepsiCo brand / regional alias missing from proposed mapping.,Ruffles Cheddar & Sour Cream Flavored Potato Chips 8.5 Ounce Plastic Bag,Ruffles,append_candidate,direct,
Schweppes,schweppes,Suntory Beverage & Food,market_scoped,beverages,FRANCE,FRANCE,Australia,layer3_review_decision_20260824,approved_proposed_company_from_layer3_review,approve proposed,Suntory Beverage & Food,Suntory Beverage & Food,1,Proposed company mapping is concrete; approve for launch.,Indian Tonic Water,Schweppes,append_candidate,direct,Corrected before upsert-ready split: known complex/market-scoped or licensed brand; do not mark as plain direct.
Schweppes,schweppes,Suntory Beverage & Food,market_scoped,beverages,FRANCE,FRANCE,Bosnia And Herzegovina,layer3_review_decision_20260824,approved_proposed_company_from_layer3_review,approve proposed,Suntory Beverage & Food,Suntory Beverage & Food,1,Proposed company mapping is concrete; approve for launch.,Газирана напитка със сок от мандарина,Schweppes,append_candidate,direct,Corrected before upsert-ready split: known complex/market-scoped or licensed brand; do not mark as plain direct.
Schweppes,schweppes,Suntory Beverage & Food,market_scoped,beverages,FRANCE,FRANCE,Croatia,layer3_review_decision_20260824,approved_proposed_company_from_layer3_review,approve proposed,Suntory Beverage & Food,Suntory Beverage & Food,1,Proposed company mapping is concrete; approve for launch.,,Schweppes,append_candidate,direct,Corrected before upsert-ready split: known complex/market-scoped or licensed brand; do not mark as plain direct.
Schweppes,schweppes,Suntory Beverage & Food,market_scoped,beverages,FRANCE|DACH|SOUTHERN_EUROPE,FRANCE|DACH|SOUTHERN_EUROPE,France,layer3_review_decision_20260824,approved_proposed_company_from_layer3_review,approve proposed,Suntory Beverage & Food,Suntory Beverage & Food,1,Proposed company mapping is concrete; approve for launch.,,Schweppes,append_candidate,direct,Corrected before upsert-ready split: known complex/market-scoped or licensed brand; do not mark as plain direct.
Schweppes,schweppes,Suntory Beverage & Food,market_scoped,beverages,FRANCE|SOUTHERN_EUROPE|DACH,FRANCE|SOUTHERN_EUROPE|DACH,France,layer3_review_decision_20260824,approved_proposed_company_from_layer3_review,approve proposed,Suntory Beverage & Food,Suntory Beverage & Food,1,Proposed company mapping is concrete; approve for launch.,Limone,Schweppes,append_candidate,direct,Corrected before upsert-ready split: known complex/market-scoped or licensed brand; do not mark as plain direct.
Schweppes,schweppes,Suntory Beverage & Food,market_scoped,beverages,UK_IE,UK_IE,Hong Kong,layer3_review_decision_20260824,approved_proposed_company_from_layer3_review,approve proposed,Suntory Beverage & Food,Suntory Beverage & Food,1,Proposed company mapping is concrete; approve for launch.,Cream Soda,Schweppes,append_candidate,direct,Corrected before upsert-ready split: known complex/market-scoped or licensed brand; do not mark as plain direct.
Schweppes,schweppes,Suntory Beverage & Food,market_scoped,beverages,UK_IE,UK_IE,United Arab Emirates,layer3_review_decision_20260824,approved_proposed_company_from_layer3_review,approve proposed,Suntory Beverage & Food,Suntory Beverage & Food,1,Proposed company mapping is concrete; approve for launch.,Slimline Lemonade,Schweppes,append_candidate,direct,Corrected before upsert-ready split: known complex/market-scoped or licensed brand; do not mark as plain direct.
Simpl,simpl,Carrefour,direct,beverages,BENELUX|FRANCE,BENELUX|FRANCE,Algeria,layer3_review_decision_20260824,explicit_company_mapping_from_layer3_review,map to Carrefour,Other / not mapped to a company,Manual review / complex ownership,1,"Carrefour brand/private-label/store-format row; brand entity should stay as normalized_brand, parent_company should be Carrefour.",Chicorée-café soluble,"Carrefour, Simpl",append_candidate,direct,
Simpl,simpl,Carrefour,direct,beverages,FRANCE,FRANCE,France,layer3_review_decision_20260824,explicit_company_mapping_from_layer3_review,map to Carrefour,Other / not mapped to a company,Other / not mapped to a company,1,"Carrefour brand/private-label/store-format row; brand entity should stay as normalized_brand, parent_company should be Carrefour.",Sirop Menthe,Simpl,append_candidate,direct,
Simpl,simpl,Carrefour,direct,beverages,FRANCE|DACH|SOUTHERN_EUROPE,FRANCE|DACH|SOUTHERN_EUROPE,France,layer3_review_decision_20260824,explicit_company_mapping_from_layer3_review,map to Carrefour,Other / not mapped to a company,Manual review / complex ownership,1,"Carrefour brand/private-label/store-format row; brand entity should stay as normalized_brand, parent_company should be Carrefour.",Dosettes Dolce,"Carrefour, Simpl",append_candidate,direct,
Simpl,simpl,Carrefour,direct,beverages,FRANCE|UK_IE,FRANCE|UK_IE,France,layer3_review_decision_20260824,explicit_company_mapping_from_layer3_review,map to Carrefour,Other / not mapped to a company,Manual review / complex ownership,1,"Carrefour brand/private-label/store-format row; brand entity should stay as normalized_brand, parent_company should be Carrefour.",Jus de citron,"Carrefour, Simpl",append_candidate,direct,
Simpl,simpl,Carrefour,direct,cereals,BENELUX|FRANCE|SOUTHERN_EUROPE,BENELUX|FRANCE|SOUTHERN_EUROPE,Belgium,layer3_review_decision_20260824,explicit_company_mapping_from_layer3_review,map to Carrefour,Other / not mapped to a company,Other / not mapped to a company,1,"Carrefour brand/private-label/store-format row; brand entity should stay as normalized_brand, parent_company should be Carrefour.",Pétales de Blé Goût Chocolat,"Simpl,Carrefour",append_candidate,direct,
Simpl,simpl,Carrefour,direct,dairies,BENELUX|FRANCE,BENELUX|FRANCE,Belgium,layer3_review_decision_20260824,explicit_company_mapping_from_layer3_review,map to Carrefour,Other / not mapped to a company,Other / not mapped to a company,1,"Carrefour brand/private-label/store-format row; brand entity should stay as normalized_brand, parent_company should be Carrefour.",Beurre 60% M.G doux,Simpl,append_candidate,direct,
Simpl,simpl,Carrefour,direct,dairies,FRANCE|DACH,FRANCE|DACH,France,layer3_review_decision_20260824,explicit_company_mapping_from_layer3_review,map to Carrefour,Other / not mapped to a company,Manual review / complex ownership,1,"Carrefour brand/private-label/store-format row; brand entity should stay as normalized_brand, parent_company should be Carrefour.",Crème Entière Fluide,"Carrefour, Simpl",append_candidate,direct,
Simpl,simpl,Carrefour,direct,snacks,BENELUX|FRANCE,BENELUX|FRANCE,Belgium,layer3_review_decision_20260824,explicit_company_mapping_from_layer3_review,map to Carrefour,Other / not mapped to a company,Manual review / complex ownership,1,"Carrefour brand/private-label/store-format row; brand entity should stay as normalized_brand, parent_company should be Carrefour.",Simpl Frangipanes à l'Abricot 6 Pièces,"Carrefour,Simpl",append_candidate,direct,
Smarties,smarties,Nestlé,market_scoped,dairies,BENELUX|FRANCE,BENELUX|FRANCE,Belgium,layer3_review_decision_20260824,approved_proposed_company_from_layer3_review,approve proposed,Nestlé,Manual review / complex ownership,1,Proposed company mapping is concrete; approve for launch.,Smarties yaourt,"Nestlé, Smarties",append_candidate,direct,Corrected before upsert-ready split: known complex/market-scoped or licensed brand; do not mark as plain direct.
Smarties,smarties,Nestlé,market_scoped,dairies,FRANCE,FRANCE,France,layer3_review_decision_20260824,approved_proposed_company_from_layer3_review,approve proposed,Nestlé,Nestlé,1,Proposed company mapping is concrete; approve for launch.,Nestlé Smarties yaourt à la fraise,Smarties,append_candidate,direct,Corrected before upsert-ready split: known complex/market-scoped or licensed brand; do not mark as plain direct.
Smarties,smarties,Nestlé,market_scoped,dairies,UK_IE,UK_IE,United Kingdom,layer3_review_decision_20260824,approved_proposed_company_from_layer3_review,approve proposed,Nestlé,Nestlé,1,Proposed company mapping is concrete; approve for launch.,Vanilla flavour yogurt with mini smarties,Smarties,append_candidate,direct,Corrected before upsert-ready split: known complex/market-scoped or licensed brand; do not mark as plain direct.
Smarties,smarties,Nestlé,market_scoped,snacks,BENELUX|FRANCE|DACH,BENELUX|FRANCE|DACH,Belgium,layer3_review_decision_20260824,approved_proposed_company_from_layer3_review,approve proposed,Nestlé,Manual review / complex ownership,1,Proposed company mapping is concrete; approve for launch.,SMARTIES,"Nestlé, Smarties",append_candidate,direct,Corrected before upsert-ready split: known complex/market-scoped or licensed brand; do not mark as plain direct.
Smarties,smarties,Nestlé,market_scoped,snacks,FRANCE|DACH,FRANCE|DACH,Bulgaria,layer3_review_decision_20260824,approved_proposed_company_from_layer3_review,approve proposed,Nestlé,Manual review / complex ownership,1,Proposed company mapping is concrete; approve for launch.,SMARTIES Lapin 85g,"Nestlé, Smarties",append_candidate,direct,Corrected before upsert-ready split: known complex/market-scoped or licensed brand; do not mark as plain direct.
Smarties,smarties,Nestlé,market_scoped,snacks,FRANCE|DACH,FRANCE|DACH,France,layer3_review_decision_20260824,approved_proposed_company_from_layer3_review,approve proposed,Nestlé,Manual review / complex ownership,1,Proposed company mapping is concrete; approve for launch.,Smarties Weihnachtskugeln,"Nestlé, Smarties",append_candidate,direct,Corrected before upsert-ready split: known complex/market-scoped or licensed brand; do not mark as plain direct.
SodaStream,sodastream,PepsiCo,direct,beverages,BENELUX|FRANCE,BENELUX|FRANCE,Australia,layer3_review_decision_20260824,explicit_company_mapping_from_layer3_review,map to PepsiCo,Manual review / complex ownership,Manual review / complex ownership,1,Known PepsiCo brand / regional alias missing from proposed mapping.,Cola Sparkling drink mix,Sodastream,append_candidate,direct,
SodaStream,sodastream,PepsiCo,direct,beverages,BENELUX|FRANCE,BENELUX|FRANCE,Belgium,layer3_review_decision_20260824,explicit_company_mapping_from_layer3_review,map to PepsiCo,Manual review / complex ownership,Manual review / complex ownership,1,Known PepsiCo brand / regional alias missing from proposed mapping.,Saveur Grenadine façon diabolo,Sodastream,append_candidate,direct,
SodaStream,sodastream,PepsiCo,direct,beverages,DACH|FRANCE,DACH|FRANCE,Austria,layer3_review_decision_20260824,explicit_company_mapping_from_layer3_review,map to PepsiCo,Manual review / complex ownership,Manual review / complex ownership,1,Known PepsiCo brand / regional alias missing from proposed mapping.,Sirup Cola-Geschmack,Sodastream,append_candidate,direct,
SodaStream,sodastream,PepsiCo,direct,beverages,DACH|NORDICS|US_CANADA,DACH|NORDICS|US_CANADA,Germany,layer3_review_decision_20260824,explicit_company_mapping_from_layer3_review,map to PepsiCo,Manual review / complex ownership,Other / not mapped to a company,1,Known PepsiCo brand / regional alias missing from proposed mapping.,Sirup Schwip Schwap Zero,"PepsiCo, Schwip Schwap, sodastream",append_candidate,direct,
SodaStream,sodastream,PepsiCo,direct,beverages,DACH|US_CANADA,DACH|US_CANADA,Germany,layer3_review_decision_20260824,explicit_company_mapping_from_layer3_review,map to PepsiCo,Manual review / complex ownership,Manual review / complex ownership,1,Known PepsiCo brand / regional alias missing from proposed mapping.,Grapefruit Sirup,Sodastream,append_candidate,direct,
SodaStream,sodastream,PepsiCo,direct,beverages,FRANCE|DACH,FRANCE|DACH,Australia,layer3_review_decision_20260824,explicit_company_mapping_from_layer3_review,map to PepsiCo,Manual review / complex ownership,Manual review / complex ownership,1,Known PepsiCo brand / regional alias missing from proposed mapping.,sodastream Waters Zeros Orange Mango,Sodastream,append_candidate,direct,
SodaStream,sodastream,PepsiCo,direct,beverages,FRANCE|DACH|NORDICS,FRANCE|DACH|NORDICS,Australia,layer3_review_decision_20260824,explicit_company_mapping_from_layer3_review,map to PepsiCo,Manual review / complex ownership,Manual review / complex ownership,1,Known PepsiCo brand / regional alias missing from proposed mapping.,Pepsi Max Soda Mix,Sodastream,append_candidate,direct,
SodaStream,sodastream,PepsiCo,direct,beverages,FRANCE|DACH|NORDICS,FRANCE|DACH|NORDICS,France,layer3_review_decision_20260824,explicit_company_mapping_from_layer3_review,map to PepsiCo,Manual review / complex ownership,Manual review / complex ownership,1,Known PepsiCo brand / regional alias missing from proposed mapping.,7up soda mix sugarfree,Sodastream,append_candidate,direct,
SodaStream,sodastream,PepsiCo,direct,beverages,FRANCE|DACH|US_CANADA,FRANCE|DACH|US_CANADA,France,layer3_review_decision_20260824,explicit_company_mapping_from_layer3_review,map to PepsiCo,Manual review / complex ownership,Manual review / complex ownership,1,Known PepsiCo brand / regional alias missing from proposed mapping.,Zitrone,Sodastream,append_candidate,direct,
SodaStream,sodastream,PepsiCo,direct,beverages,FRANCE|SOUTHERN_EUROPE,FRANCE|SOUTHERN_EUROPE,France,layer3_review_decision_20260824,explicit_company_mapping_from_layer3_review,map to PepsiCo,Manual review / complex ownership,Manual review / complex ownership,1,Known PepsiCo brand / regional alias missing from proposed mapping.,Concentrato per la preparazione di bibite al gusto Limone,Sodastream,append_candidate,direct,
SodaStream,sodastream,PepsiCo,direct,beverages,US_CANADA,US_CANADA,United States,layer3_review_decision_20260824,explicit_company_mapping_from_layer3_review,map to PepsiCo,Manual review / complex ownership,Other / not mapped to a company,1,Known PepsiCo brand / regional alias missing from proposed mapping.,"Diet caffeine free cola drink mix, cola",Soda Stream,append_candidate,direct,
SodaStream,sodastream,PepsiCo,direct,dairies,FRANCE,FRANCE,France,layer3_review_decision_20260824,explicit_company_mapping_from_layer3_review,map to PepsiCo,Manual review / complex ownership,Manual review / complex ownership,1,Known PepsiCo brand / regional alias missing from proposed mapping.,Emmental Français,Sodastream,append_candidate,direct,
Sprite,sprite,The Coca-Cola Company,direct,beverages,FRANCE,FRANCE,Algeria,layer3_review_decision_20260824,explicit_company_mapping_from_layer3_review,map to The Coca-Cola Company,Manual review / complex ownership,Manual review / complex ownership,1,Known Coca-Cola system brand; route to The Coca-Cola Company at company layer.,Sprite,"Sprite, coca cola",append_candidate,direct,
Sprite,sprite,The Coca-Cola Company,direct,beverages,FRANCE,FRANCE,France,layer3_review_decision_20260824,explicit_company_mapping_from_layer3_review,map to The Coca-Cola Company,Manual review / complex ownership,Other / not mapped to a company,1,Known Coca-Cola system brand; route to The Coca-Cola Company at company layer.,Sprite,"Mcdonald's, Sprite, The Coca Cola Company",append_candidate,direct,
Sprite,sprite,The Coca-Cola Company,direct,beverages,FRANCE|BENELUX,FRANCE|BENELUX,France,layer3_review_decision_20260824,explicit_company_mapping_from_layer3_review,map to The Coca-Cola Company,Manual review / complex ownership,Manual review / complex ownership,1,Known Coca-Cola system brand; route to The Coca-Cola Company at company layer.,Sprite,Sprite,append_candidate,direct,
Sprite,sprite,The Coca-Cola Company,direct,beverages,FRANCE|DACH,FRANCE|DACH,China,layer3_review_decision_20260824,explicit_company_mapping_from_layer3_review,map to The Coca-Cola Company,Manual review / complex ownership,Manual review / complex ownership,1,Known Coca-Cola system brand; route to The Coca-Cola Company at company layer.,Sprite,Sprite,append_candidate,direct,
Sprite,sprite,The Coca-Cola Company,direct,beverages,FRANCE|DACH|SOUTHERN_EUROPE,FRANCE|DACH|SOUTHERN_EUROPE,France,layer3_review_decision_20260824,explicit_company_mapping_from_layer3_review,map to The Coca-Cola Company,Manual review / complex ownership,Manual review / complex ownership,1,Known Coca-Cola system brand; route to The Coca-Cola Company at company layer.,Sprite Zitrone-Limette,"Sprite, Zitrone-Limette, Coca-Cola",append_candidate,direct,
Sprite,sprite,The Coca-Cola Company,direct,beverages,FRANCE|DACH|UK_IE,FRANCE|DACH|UK_IE,France,layer3_review_decision_20260824,explicit_company_mapping_from_layer3_review,map to The Coca-Cola Company,Manual review / complex ownership,Manual review / complex ownership,1,Known Coca-Cola system brand; route to The Coca-Cola Company at company layer.,Sprite,"Coca-Cola, Sprite",append_candidate,direct,
Sprite,sprite,The Coca-Cola Company,direct,beverages,FRANCE|SOUTHERN_EUROPE|UK_IE,FRANCE|SOUTHERN_EUROPE|UK_IE,France,layer3_review_decision_20260824,explicit_company_mapping_from_layer3_review,map to The Coca-Cola Company,Manual review / complex ownership,Manual review / complex ownership,1,Known Coca-Cola system brand; route to The Coca-Cola Company at company layer.,Sprite zero azúcar lima-limon,Sprite,append_candidate,direct,
Sprite,sprite,The Coca-Cola Company,direct,beverages,NORDICS|FRANCE,NORDICS|FRANCE,Denmark,layer3_review_decision_20260824,explicit_company_mapping_from_layer3_review,map to The Coca-Cola Company,Manual review / complex ownership,Manual review / complex ownership,1,Known Coca-Cola system brand; route to The Coca-Cola Company at company layer.,Sprite,"Sprite, The Coca Cola Company",append_candidate,direct,
Sprite,sprite,The Coca-Cola Company,direct,snacks,FRANCE,FRANCE,France,layer3_review_decision_20260824,explicit_company_mapping_from_layer3_review,map to The Coca-Cola Company,Manual review / complex ownership,Manual review / complex ownership,1,Known Coca-Cola system brand; route to The Coca-Cola Company at company layer.,Sprite,Sprite,append_candidate,direct,
Toblerone,toblerone,Mondelēz International,direct,snacks,BENELUX|FRANCE,BENELUX|FRANCE,Belgium,layer3_review_decision_20260824,explicit_company_mapping_from_layer3_review,map to Mondelēz International,Manual review / complex ownership,Manual review / complex ownership,1,Known Mondelēz brand / regional Cadbury routing outside US.,Toblerone,Toblerone,append_candidate,direct,
Toblerone,toblerone,Mondelēz International,direct,snacks,BENELUX|FRANCE|DACH|SOUTHERN_EUROPE|UK_IE,BENELUX|FRANCE|DACH|SOUTHERN_EUROPE|UK_IE,Belgium,layer3_review_decision_20260824,explicit_company_mapping_from_layer3_review,map to Mondelēz International,Manual review / complex ownership,Manual review / complex ownership,1,Known Mondelēz brand / regional Cadbury routing outside US.,petit déjeuner miel et pépites de chocolat,TOBLERONE,append_candidate,direct,
Toblerone,toblerone,Mondelēz International,direct,snacks,BENELUX|NORDICS|FRANCE|DACH|SOUTHERN_EUROPE|UK_IE,BENELUX|NORDICS|FRANCE|DACH|SOUTHERN_EUROPE|UK_IE,Algeria,layer3_review_decision_20260824,explicit_company_mapping_from_layer3_review,map to Mondelēz International,Manual review / complex ownership,Manual review / complex ownership,1,Known Mondelēz brand / regional Cadbury routing outside US.,Milk chocolate with Honey & Almond Nougat,Toblerone,append_candidate,direct,
Toblerone,toblerone,Mondelēz International,direct,snacks,DACH|FRANCE,DACH|FRANCE,Australia,layer3_review_decision_20260824,explicit_company_mapping_from_layer3_review,map to Mondelēz International,Manual review / complex ownership,Other / not mapped to a company,1,Known Mondelēz brand / regional Cadbury routing outside US.,Schokoladentorte Toblerone,"Almondy,Toblerone",append_candidate,direct,
Toblerone,toblerone,Mondelēz International,direct,snacks,DACH|UK_IE,DACH|UK_IE,Germany,layer3_review_decision_20260824,explicit_company_mapping_from_layer3_review,map to Mondelēz International,Manual review / complex ownership,Manual review / complex ownership,1,Known Mondelēz brand / regional Cadbury routing outside US.,Orange Twist,Toblerone,append_candidate,direct,
Toblerone,toblerone,Mondelēz International,direct,snacks,FRANCE,FRANCE,Andorra,layer3_review_decision_20260824,explicit_company_mapping_from_layer3_review,map to Mondelēz International,Manual review / complex ownership,Manual review / complex ownership,1,Known Mondelēz brand / regional Cadbury routing outside US.,Toblerone noir,Toblerone,append_candidate,direct,
Toblerone,toblerone,Mondelēz International,direct,snacks,FRANCE,FRANCE,Australia,layer3_review_decision_20260824,explicit_company_mapping_from_layer3_review,map to Mondelēz International,Manual review / complex ownership,Manual review / complex ownership,1,Known Mondelēz brand / regional Cadbury routing outside US.,Toblerone,Toblerone,append_candidate,direct,
Toblerone,toblerone,Mondelēz International,direct,snacks,FRANCE,FRANCE,France,layer3_review_decision_20260824,explicit_company_mapping_from_layer3_review,map to Mondelēz International,Manual review / complex ownership,Other / not mapped to a company,1,Known Mondelēz brand / regional Cadbury routing outside US.,Toblerone,"Monedelez, Toblerone",append_candidate,direct,
Toblerone,toblerone,Mondelēz International,direct,snacks,FRANCE|DACH,FRANCE|DACH,Australia,layer3_review_decision_20260824,explicit_company_mapping_from_layer3_review,map to Mondelēz International,Manual review / complex ownership,Manual review / complex ownership,1,Known Mondelēz brand / regional Cadbury routing outside US.,Toblerone,"Mondelez International, Toblerone",append_candidate,direct,
Toblerone,toblerone,Mondelēz International,direct,snacks,FRANCE|DACH,FRANCE|DACH,Bolivia,layer3_review_decision_20260824,explicit_company_mapping_from_layer3_review,map to Mondelēz International,Manual review / complex ownership,Manual review / complex ownership,1,Known Mondelēz brand / regional Cadbury routing outside US.,Toblerone White,Toblerone,append_candidate,direct,
Toblerone,toblerone,Mondelēz International,direct,snacks,FRANCE|DACH|SOUTHERN_EUROPE,FRANCE|DACH|SOUTHERN_EUROPE,Bolivia,layer3_review_decision_20260824,explicit_company_mapping_from_layer3_review,map to Mondelēz International,Manual review / complex ownership,Manual review / complex ownership,1,Known Mondelēz brand / regional Cadbury routing outside US.,Toblerone,"Toblerone,Mondélez",append_candidate,direct,
Toblerone,toblerone,Mondelēz International,direct,snacks,FRANCE|DACH|SOUTHERN_EUROPE,FRANCE|DACH|SOUTHERN_EUROPE,France,layer3_review_decision_20260824,explicit_company_mapping_from_layer3_review,map to Mondelēz International,Manual review / complex ownership,Manual review / complex ownership,1,Known Mondelēz brand / regional Cadbury routing outside US.,Toblerone,Toblerone,append_candidate,direct,
Toblerone,toblerone,Mondelēz International,direct,snacks,FRANCE|DACH|SOUTHERN_EUROPE|US_CANADA,FRANCE|DACH|SOUTHERN_EUROPE|US_CANADA,Bulgaria,layer3_review_decision_20260824,explicit_company_mapping_from_layer3_review,map to Mondelēz International,Manual review / complex ownership,Manual review / complex ownership,1,Known Mondelēz brand / regional Cadbury routing outside US.,Dark Chocolate with Honey and Almond Nougat,Toblerone,append_candidate,direct,
Toblerone,toblerone,Mondelēz International,direct,snacks,FRANCE|DACH|UK_IE,FRANCE|DACH|UK_IE,France,layer3_review_decision_20260824,explicit_company_mapping_from_layer3_review,map to Mondelēz International,Manual review / complex ownership,Manual review / complex ownership,1,Known Mondelēz brand / regional Cadbury routing outside US.,,Toblerone,append_candidate,direct,
Toblerone,toblerone,Mondelēz International,direct,snacks,FRANCE|DACH|UK_IE|US_CANADA,FRANCE|DACH|UK_IE|US_CANADA,Australia,layer3_review_decision_20260824,explicit_company_mapping_from_layer3_review,map to Mondelēz International,Manual review / complex ownership,Manual review / complex ownership,1,Known Mondelēz brand / regional Cadbury routing outside US.,Toblerone,Toblerone,append_candidate,direct,
Toblerone,toblerone,Mondelēz International,direct,snacks,FRANCE|DACH|US_CANADA,FRANCE|DACH|US_CANADA,Bolivia,layer3_review_decision_20260824,explicit_company_mapping_from_layer3_review,map to Mondelēz International,Manual review / complex ownership,Manual review / complex ownership,1,Known Mondelēz brand / regional Cadbury routing outside US.,Toblerone,"Mondelez, Toblerone",append_candidate,direct,
Toblerone,toblerone,Mondelēz International,direct,snacks,FRANCE|SOUTHERN_EUROPE|DACH,FRANCE|SOUTHERN_EUROPE|DACH,France,layer3_review_decision_20260824,explicit_company_mapping_from_layer3_review,map to Mondelēz International,Manual review / complex ownership,Manual review / complex ownership,1,Known Mondelēz brand / regional Cadbury routing outside US.,Toblerone,Toblerone,append_candidate,direct,
Toblerone,toblerone,Mondelēz International,direct,snacks,FRANCE|UK_IE|US_CANADA,FRANCE|UK_IE|US_CANADA,France,layer3_review_decision_20260824,explicit_company_mapping_from_layer3_review,map to Mondelēz International,Manual review / complex ownership,Manual review / complex ownership,1,Known Mondelēz brand / regional Cadbury routing outside US.,Milk Chocolate Large Bar,Toblerone,append_candidate,direct,
Toblerone,toblerone,Mondelēz International,direct,snacks,FRANCE|US_CANADA,FRANCE|US_CANADA,Andorra,layer3_review_decision_20260824,explicit_company_mapping_from_layer3_review,map to Mondelēz International,Manual review / complex ownership,Manual review / complex ownership,1,Known Mondelēz brand / regional Cadbury routing outside US.,Toblerone chocolate bar dark,"Toblerone, mondelez",append_candidate,direct,
Toblerone,toblerone,Mondelēz International,direct,snacks,NORDICS|FRANCE|SOUTHERN_EUROPE|DACH,NORDICS|FRANCE|SOUTHERN_EUROPE|DACH,Australia,layer3_review_decision_20260824,explicit_company_mapping_from_layer3_review,map to Mondelēz International,Manual review / complex ownership,Manual review / complex ownership,1,Known Mondelēz brand / regional Cadbury routing outside US.,Toblerone,Toblerone,append_candidate,direct,
Toblerone,toblerone,Mondelēz International,direct,snacks,UK_IE,UK_IE,Poland,layer3_review_decision_20260824,explicit_company_mapping_from_layer3_review,map to Mondelēz International,Manual review / complex ownership,Manual review / complex ownership,1,Known Mondelēz brand / regional Cadbury routing outside US.,Toblerone,"Toblerone, Mondelez",append_candidate,direct,
Toblerone,toblerone,Mondelēz International,direct,snacks,US_CANADA,US_CANADA,Bolivia,layer3_review_decision_20260824,explicit_company_mapping_from_layer3_review,map to Mondelēz International,Manual review / complex ownership,Manual review / complex ownership,1,Known Mondelēz brand / regional Cadbury routing outside US.,Toblerone,"Toblerone,Mondeléz",append_candidate,direct,
Toblerone,toblerone,Mondelēz International,direct,snacks,US_CANADA,US_CANADA,Canada,layer3_review_decision_20260824,explicit_company_mapping_from_layer3_review,map to Mondelēz International,Manual review / complex ownership,Manual review / complex ownership,1,Known Mondelēz brand / regional Cadbury routing outside US.,Milk Chocolate with Honey & Almond Nougat,Toblerone,append_candidate,direct,
Toblerone,toblerone,Mondelēz International,direct,snacks,US_CANADA,US_CANADA,Ghana,layer3_review_decision_20260824,explicit_company_mapping_from_layer3_review,map to Mondelēz International,Manual review / complex ownership,Manual review / complex ownership,1,Known Mondelēz brand / regional Cadbury routing outside US.,Swiss White Chocolate With Honey & Almond Nougat,Toblerone,append_candidate,direct,
Tostitos,tostitos,PepsiCo,direct,snacks,FRANCE|DACH|US_CANADA,FRANCE|DACH|US_CANADA,France,layer3_review_decision_20260824,explicit_company_mapping_from_layer3_review,map to PepsiCo,Manual review / complex ownership,Manual review / complex ownership,1,Known PepsiCo brand / regional alias missing from proposed mapping.,SCOOPS! ORIGINAL,Tostitos,append_candidate,direct,
Tostitos,tostitos,PepsiCo,direct,snacks,FRANCE|US_CANADA,FRANCE|US_CANADA,France,layer3_review_decision_20260824,explicit_company_mapping_from_layer3_review,map to PepsiCo,Manual review / complex ownership,Manual review / complex ownership,1,Known PepsiCo brand / regional alias missing from proposed mapping.,Scoop Multigrain,Tostitos,append_candidate,direct,
Tostitos,tostitos,PepsiCo,direct,snacks,FRANCE|US_CANADA,FRANCE|US_CANADA,France,layer3_review_decision_20260824,explicit_company_mapping_from_layer3_review,map to PepsiCo,Manual review / complex ownership,Other / not mapped to a company,1,Known PepsiCo brand / regional alias missing from proposed mapping.,Tostitos Original Restaurant Style Tortilla Chips,"Frito-Lay Inc., Tostitos",append_candidate,direct,
Volvic,volvic,Danone,direct,beverages,BENELUX|DACH|UK_IE,BENELUX|DACH|UK_IE,Belgium,layer3_review_decision_20260824,explicit_company_mapping_from_layer3_review,map to Danone,Manual review / complex ownership,Manual review / complex ownership,1,Known Danone brand / brand line missing from proposed company mapping.,Volvic Nature 6x150cl PET,"Volvic, Volvox",append_candidate,direct,
Volvic,volvic,Danone,direct,beverages,BENELUX|FRANCE|DACH|UK_IE,BENELUX|FRANCE|DACH|UK_IE,Belgium,layer3_review_decision_20260824,explicit_company_mapping_from_layer3_review,map to Danone,Manual review / complex ownership,Danone,1,Known Danone brand / brand line missing from proposed company mapping.,Eau Volvic,"Danone, Volvic",append_candidate,direct,
Volvic,volvic,Danone,direct,beverages,BENELUX|FRANCE|UK_IE|DACH,BENELUX|FRANCE|UK_IE|DACH,Belgium,layer3_review_decision_20260824,explicit_company_mapping_from_layer3_review,map to Danone,Manual review / complex ownership,Manual review / complex ownership,1,Known Danone brand / brand line missing from proposed company mapping.,Volvic Nature 150cl PET,Volvic,append_candidate,direct,
Volvic,volvic,Danone,direct,beverages,DACH|US_CANADA,DACH|US_CANADA,Germany,layer3_review_decision_20260824,explicit_company_mapping_from_layer3_review,map to Danone,Manual review / complex ownership,Manual review / complex ownership,1,Known Danone brand / brand line missing from proposed company mapping.,Granatapfel,Volvic,append_candidate,direct,
Volvic,volvic,Danone,direct,beverages,DACH|US_CANADA,DACH|US_CANADA,Germany,layer3_review_decision_20260824,explicit_company_mapping_from_layer3_review,map to Danone,Manual review / complex ownership,Other / not mapped to a company,1,Known Danone brand / brand line missing from proposed company mapping.,Volvic Tee Pfirsich 1L EW 6er Packung,"Vilvic, Volvic",append_candidate,direct,
Volvic,volvic,Danone,direct,beverages,FRANCE|SOUTHERN_EUROPE|UK_IE,FRANCE|SOUTHERN_EUROPE|UK_IE,France,layer3_review_decision_20260824,explicit_company_mapping_from_layer3_review,map to Danone,Manual review / complex ownership,Manual review / complex ownership,1,Known Danone brand / brand line missing from proposed company mapping.,Volvic Sports Cap 1000 ML x 1,Volvic,append_candidate,direct,
Volvic,volvic,Danone,direct,beverages,UK_IE,UK_IE,French Polynesia,layer3_review_decision_20260824,explicit_company_mapping_from_layer3_review,map to Danone,Manual review / complex ownership,Manual review / complex ownership,1,Known Danone brand / brand line missing from proposed company mapping.,Touche de Fruits Saveur Fruits Rouges,Volvic,append_candidate,direct,
Walkers,walkers,PepsiCo,direct,snacks,BENELUX|DACH|UK_IE|US_CANADA,BENELUX|DACH|UK_IE|US_CANADA,Belgium,layer3_review_decision_20260824,explicit_company_mapping_from_layer3_review,map to PepsiCo,Manual review / complex ownership,Manual review / complex ownership,1,Known PepsiCo brand / regional alias missing from proposed mapping.,SHORTBREAD CHOC CHIP GF 140G - WALKERS - 140g,Walkers,append_candidate,direct,
Walkers,walkers,PepsiCo,direct,snacks,DACH|SOUTHERN_EUROPE|NORDICS|UK_IE,DACH|SOUTHERN_EUROPE|NORDICS|UK_IE,Germany,layer3_review_decision_20260824,explicit_company_mapping_from_layer3_review,map to PepsiCo,Manual review / complex ownership,Manual review / complex ownership,1,Known PepsiCo brand / regional alias missing from proposed mapping.,Pure Butter Shortbread,Walkers,append_candidate,direct,
Walkers,walkers,PepsiCo,direct,snacks,DACH|UK_IE|US_CANADA,DACH|UK_IE|US_CANADA,Germany,layer3_review_decision_20260824,explicit_company_mapping_from_layer3_review,map to PepsiCo,Manual review / complex ownership,Manual review / complex ownership,1,Known PepsiCo brand / regional alias missing from proposed mapping.,Shortbread Fingers,Walkers,append_candidate,direct,
Walkers,walkers,PepsiCo,direct,snacks,DACH|UK_IE|US_CANADA,DACH|UK_IE|US_CANADA,Switzerland,layer3_review_decision_20260824,explicit_company_mapping_from_layer3_review,map to PepsiCo,Manual review / complex ownership,Manual review / complex ownership,1,Known PepsiCo brand / regional alias missing from proposed mapping.,Christmas tree shaped mini cookies,Walkers,append_candidate,direct,
Walkers,walkers,PepsiCo,direct,snacks,FRANCE|DACH|UK_IE|US_CANADA,FRANCE|DACH|UK_IE|US_CANADA,France,layer3_review_decision_20260824,explicit_company_mapping_from_layer3_review,map to PepsiCo,Manual review / complex ownership,Manual review / complex ownership,1,Known PepsiCo brand / regional alias missing from proposed mapping.,Festive shapes,Walkers,append_candidate,direct,
Walkers,walkers,PepsiCo,direct,snacks,FRANCE|SOUTHERN_EUROPE|UK_IE,FRANCE|SOUTHERN_EUROPE|UK_IE,France,layer3_review_decision_20260824,explicit_company_mapping_from_layer3_review,map to PepsiCo,Manual review / complex ownership,Manual review / complex ownership,1,Known PepsiCo brand / regional alias missing from proposed mapping.,Max Flame Grilled Steak Crisps,Walkers,append_candidate,direct,
Walkers,walkers,PepsiCo,direct,snacks,SOUTHERN_EUROPE|DACH|US_CANADA,SOUTHERN_EUROPE|DACH|US_CANADA,Spain,layer3_review_decision_20260824,explicit_company_mapping_from_layer3_review,map to PepsiCo,Manual review / complex ownership,Manual review / complex ownership,1,Known PepsiCo brand / regional alias missing from proposed mapping.,SHORTBREAD ROUNDS GF 140G - WALKERS - 140g,Walkers,append_candidate,direct,
Walkers,walkers,PepsiCo,direct,snacks,SOUTHERN_EUROPE|UK_IE,SOUTHERN_EUROPE|UK_IE,Italy,layer3_review_decision_20260824,explicit_company_mapping_from_layer3_review,map to PepsiCo,Manual review / complex ownership,Manual review / complex ownership,1,Known PepsiCo brand / regional alias missing from proposed mapping.,Seriously Salt and Vinegar Crisps,Walkers,append_candidate,direct,
Walkers,walkers,PepsiCo,direct,snacks,SOUTHERN_EUROPE|UK_IE,SOUTHERN_EUROPE|UK_IE,Spain,layer3_review_decision_20260824,explicit_company_mapping_from_layer3_review,map to PepsiCo,Manual review / complex ownership,Manual review / complex ownership,1,Known PepsiCo brand / regional alias missing from proposed mapping.,Salt & Vinegar French Fries,Walkers,append_candidate,direct,
Walkers,walkers,PepsiCo,direct,snacks,UK_IE,UK_IE,Gibraltar,layer3_review_decision_20260824,explicit_company_mapping_from_layer3_review,map to PepsiCo,Manual review / complex ownership,Manual review / complex ownership,1,Known PepsiCo brand / regional alias missing from proposed mapping.,Marmite crisps,Walkers,append_candidate,direct,
Walkers,walkers,PepsiCo,direct,snacks,UK_IE,UK_IE,Guernsey,layer3_review_decision_20260824,explicit_company_mapping_from_layer3_review,map to PepsiCo,Manual review / complex ownership,Manual review / complex ownership,1,Known PepsiCo brand / regional alias missing from proposed mapping.,Squares Salt & Vinegar,Walkers,append_candidate,direct,
Walkers,walkers,PepsiCo,direct,snacks,UK_IE,UK_IE,Poland,layer3_review_decision_20260824,explicit_company_mapping_from_layer3_review,map to PepsiCo,Manual review / complex ownership,Manual review / complex ownership,1,Known PepsiCo brand / regional alias missing from proposed mapping.,Sensations Roasted Chicken & Thyme,Walkers,append_candidate,direct,
Walkers,walkers,PepsiCo,direct,snacks,UK_IE,UK_IE,South Africa,layer3_review_decision_20260824,explicit_company_mapping_from_layer3_review,map to PepsiCo,Manual review / complex ownership,Manual review / complex ownership,1,Known PepsiCo brand / regional alias missing from proposed mapping.,Stem Ginger Shortbread,Walkers,append_candidate,direct,
Walkers,walkers,PepsiCo,direct,snacks,US_CANADA|DACH|SOUTHERN_EUROPE,US_CANADA|DACH|SOUTHERN_EUROPE,Australia,layer3_review_decision_20260824,explicit_company_mapping_from_layer3_review,map to PepsiCo,Manual review / complex ownership,Manual review / complex ownership,1,Known PepsiCo brand / regional alias missing from proposed mapping.,Shortbread Fingers,Walker's,append_candidate,direct,
Walkers,walkers,PepsiCo,direct,snacks,US_CANADA|UK_IE,US_CANADA|UK_IE,Canada,layer3_review_decision_20260824,explicit_company_mapping_from_layer3_review,map to PepsiCo,Manual review / complex ownership,Manual review / complex ownership,1,Known PepsiCo brand / regional alias missing from proposed mapping.,Salt and vinegar,Walkers,append_candidate,direct,
after eight,after eight,Nestlé,direct,snacks,BENELUX|FRANCE,BENELUX|FRANCE,Belgium,layer3_review_decision_20260824,explicit_company_mapping_from_layer3_review,map to Nestlé,Other / not mapped to a company,Other / not mapped to a company,1,Known Nestlé brand / brand line missing from proposed company mapping.,AfterEight Noël,After Eight,append_candidate,direct,
after eight,after eight,Nestlé,direct,snacks,FRANCE|BENELUX|DACH,FRANCE|BENELUX|DACH,France,layer3_review_decision_20260824,explicit_company_mapping_from_layer3_review,map to Nestlé,Other / not mapped to a company,Other / not mapped to a company,1,Known Nestlé brand / brand line missing from proposed company mapping.,Fines feuilles de chocolat noir fourrées à la menthe,After Eight,append_candidate,direct,
after eight,after eight,Nestlé,direct,snacks,FRANCE|DACH,FRANCE|DACH,France,layer3_review_decision_20260824,explicit_company_mapping_from_layer3_review,map to Nestlé,Other / not mapped to a company,Other / not mapped to a company,1,Known Nestlé brand / brand line missing from proposed company mapping.,AFTER EIGHT chocolat intense menthe,After Eight,append_candidate,direct,
after eight,after eight,Nestlé,direct,snacks,FRANCE|SOUTHERN_EUROPE,FRANCE|SOUTHERN_EUROPE,France,layer3_review_decision_20260824,explicit_company_mapping_from_layer3_review,map to Nestlé,Other / not mapped to a company,Other / not mapped to a company,1,Known Nestlé brand / brand line missing from proposed company mapping.,Chocolate After eight sabor menta,After eight,append_candidate,direct,
after eight,after eight,Nestlé,direct,snacks,UK_IE,UK_IE,United Kingdom,layer3_review_decision_20260824,explicit_company_mapping_from_layer3_review,map to Nestlé,Other / not mapped to a company,Other / not mapped to a company,1,Known Nestlé brand / brand line missing from proposed company mapping.,Winter fondants,After eight,append_candidate,direct,
agir carrefour,agir carrefour,Carrefour,direct,beverages,FRANCE,FRANCE,France,layer3_review_decision_20260824,explicit_company_mapping_from_layer3_review,map to Carrefour,Other / not mapped to a company,Other / not mapped to a company,1,"Carrefour brand/private-label/store-format row; brand entity should stay as normalized_brand, parent_company should be Carrefour.",Boisson au Soja chocolat,"Agir Carrefour, Agir Carrefour nutrition, CMI (Carrefour Marchandises Internationales), Groupe Carrefour",append_candidate,direct,
aldi,aldi,Aldi,direct,beverages,DACH|FRANCE,DACH|FRANCE,Austria,layer3_review_decision_20260824,explicit_company_mapping_from_layer3_review,map to Aldi,Manual review / complex ownership,Manual review / complex ownership,1,Obvious Aldi retailer/private-label brand line.,Birra,Aldi,append_candidate,direct,
aldi,aldi,Aldi,direct,beverages,FRANCE|UK_IE,FRANCE|UK_IE,France,layer3_review_decision_20260824,explicit_company_mapping_from_layer3_review,map to Aldi,Manual review / complex ownership,Manual review / complex ownership,1,Obvious Aldi retailer/private-label brand line.,Lemon juice,Aldi,append_candidate,direct,
aldi,aldi,Aldi,direct,beverages,FRANCE|US_CANADA,FRANCE|US_CANADA,France,layer3_review_decision_20260824,explicit_company_mapping_from_layer3_review,map to Aldi,Manual review / complex ownership,Manual review / complex ownership,1,Obvious Aldi retailer/private-label brand line.,"Black cherry sparkling water beverage, black cherry",Aldi,append_candidate,direct,
aldi,aldi,Aldi,direct,cereals,DACH|UK_IE,DACH|UK_IE,Germany,layer3_review_decision_20260824,explicit_company_mapping_from_layer3_review,map to Aldi,Manual review / complex ownership,Manual review / complex ownership,1,Obvious Aldi retailer/private-label brand line.,Frosted Flakes,Aldi,append_candidate,direct,
aldi,aldi,Aldi,direct,cereals,FRANCE|NORDICS,FRANCE|NORDICS,France,layer3_review_decision_20260824,explicit_company_mapping_from_layer3_review,map to Aldi,Manual review / complex ownership,Manual review / complex ownership,1,Obvious Aldi retailer/private-label brand line.,Zimt Chips,Aldi,append_candidate,direct,
aldi,aldi,Aldi,direct,cereals,SOUTHERN_EUROPE|US_CANADA,SOUTHERN_EUROPE|US_CANADA,Spain,layer3_review_decision_20260824,explicit_company_mapping_from_layer3_review,map to Aldi,Manual review / complex ownership,Manual review / complex ownership,1,Obvious Aldi retailer/private-label brand line.,Copos de avena integral bio,Aldi,append_candidate,direct,
aldi,aldi,Aldi,direct,cereals,UK_IE,UK_IE,Ireland,layer3_review_decision_20260824,explicit_company_mapping_from_layer3_review,map to Aldi,Manual review / complex ownership,Manual review / complex ownership,1,Obvious Aldi retailer/private-label brand line.,Protein Granola Berries,Aldi,append_candidate,direct,
aldi,aldi,Aldi,direct,dairies,DACH|FRANCE,DACH|FRANCE,Austria,layer3_review_decision_20260824,explicit_company_mapping_from_layer3_review,map to Aldi,Manual review / complex ownership,Manual review / complex ownership,1,Obvious Aldi retailer/private-label brand line.,"Reibekäse, Edamer & Tisilter, Zum überbacken",Aldi,append_candidate,direct,
aldi,aldi,Aldi,direct,dairies,FRANCE,FRANCE,Australia,layer3_review_decision_20260824,explicit_company_mapping_from_layer3_review,map to Aldi,Manual review / complex ownership,Manual review / complex ownership,1,Obvious Aldi retailer/private-label brand line.,Lait Entier,"Aldi, Milsani",append_candidate,direct,
aldi,aldi,Aldi,direct,dairies,FRANCE|US_CANADA,FRANCE|US_CANADA,France,layer3_review_decision_20260824,explicit_company_mapping_from_layer3_review,map to Aldi,Manual review / complex ownership,Manual review / complex ownership,1,Obvious Aldi retailer/private-label brand line.,"Rich & creamy heavy whipping cream, rich & creamy",Aldi,append_candidate,direct,
aldi,aldi,Aldi,direct,dairies,SOUTHERN_EUROPE|UK_IE,SOUTHERN_EUROPE|UK_IE,Spain,layer3_review_decision_20260824,explicit_company_mapping_from_layer3_review,map to Aldi,Manual review / complex ownership,Manual review / complex ownership,1,Obvious Aldi retailer/private-label brand line.,British Skimmed Milk,"Aldi,Cowbelle",append_candidate,direct,
aldi,aldi,Aldi,direct,dairies,UK_IE,UK_IE,Australia,layer3_review_decision_20260824,explicit_company_mapping_from_layer3_review,map to Aldi,Manual review / complex ownership,Manual review / complex ownership,1,Obvious Aldi retailer/private-label brand line.,Fromage Frais,"Aldi,Everyday Essentials",append_candidate,direct,
aldi,aldi,Aldi,direct,dairies,UK_IE,UK_IE,Hungary,layer3_review_decision_20260824,explicit_company_mapping_from_layer3_review,map to Aldi,Manual review / complex ownership,Manual review / complex ownership,1,Obvious Aldi retailer/private-label brand line.,,"Aldi, Enjoy Free!",append_candidate,direct,
aldi,aldi,Aldi,direct,snacks,DACH|FRANCE,DACH|FRANCE,Austria,layer3_review_decision_20260824,explicit_company_mapping_from_layer3_review,map to Aldi,Manual review / complex ownership,Manual review / complex ownership,1,Obvious Aldi retailer/private-label brand line.,Schokolade 85% Cocoa,"Aldi, Choceur",append_candidate,direct,
aldi,aldi,Aldi,direct,snacks,FRANCE|SOUTHERN_EUROPE,FRANCE|SOUTHERN_EUROPE,France,layer3_review_decision_20260824,explicit_company_mapping_from_layer3_review,map to Aldi,Manual review / complex ownership,Manual review / complex ownership,1,Obvious Aldi retailer/private-label brand line.,Chocolate chip cookies,"Aldi,Trader Joe's",append_candidate,direct,
aldi,aldi,Aldi,direct,snacks,SOUTHERN_EUROPE|UK_IE,SOUTHERN_EUROPE|UK_IE,Spain,layer3_review_decision_20260824,explicit_company_mapping_from_layer3_review,map to Aldi,Manual review / complex ownership,Manual review / complex ownership,1,Obvious Aldi retailer/private-label brand line.,Custard Creams,"Aldi,Belmont",append_candidate,direct,
aldi,aldi,Aldi,direct,snacks,UK_IE,UK_IE,India,layer3_review_decision_20260824,explicit_company_mapping_from_layer3_review,map to Aldi,Manual review / complex ownership,Manual review / complex ownership,1,Obvious Aldi retailer/private-label brand line.,Handmade Chocolate Orange Honeycomb,Aldi,append_candidate,direct,
aldi appetitos,aldi appetitos,Aldi,direct,snacks,US_CANADA,US_CANADA,United States,layer3_review_decision_20260824,explicit_company_mapping_from_layer3_review,map to Aldi,Other / not mapped to a company,Other / not mapped to a company,1,Obvious Aldi retailer/private-label brand line.,Pepper jack pretzel bites,Aldi-Appetitos,append_candidate,direct,
aldi aqua vale,aldi aqua vale,Aldi,direct,beverages,UK_IE,UK_IE,United Kingdom,layer3_review_decision_20260824,explicit_company_mapping_from_layer3_review,map to Aldi,Other / not mapped to a company,Other / not mapped to a company,1,Obvious Aldi retailer/private-label brand line.,Sparkling water,Aldi - Aqua Vale,append_candidate,direct,
aldi bio,aldi bio,Aldi,direct,snacks,FRANCE,FRANCE,France,layer3_review_decision_20260824,explicit_company_mapping_from_layer3_review,map to Aldi,Other / not mapped to a company,Manual review / complex ownership,1,Obvious Aldi retailer/private-label brand line.,Sweet patato chips,"Aldi Bio,Aldi",append_candidate,direct,
aldi biscotto,aldi biscotto,Aldi,direct,snacks,FRANCE,FRANCE,France,layer3_review_decision_20260824,explicit_company_mapping_from_layer3_review,map to Aldi,Other / not mapped to a company,Manual review / complex ownership,1,Obvious Aldi retailer/private-label brand line.,Biscuits fourrés pâte à tartiner noisettes cacao maigre,ALDI biscotto,append_candidate,direct,
aldi bon appetit,aldi bon appetit,Aldi,direct,snacks,UK_IE,UK_IE,United Kingdom,layer3_review_decision_20260824,explicit_company_mapping_from_layer3_review,map to Aldi,Other / not mapped to a company,Other / not mapped to a company,1,Obvious Aldi retailer/private-label brand line.,Chocolate Chip Brioche Swirls,Aldi - Bon Appétit,append_candidate,direct,
aldi brooklea,aldi brooklea,Aldi,direct,dairies,UK_IE,UK_IE,United Kingdom,layer3_review_decision_20260824,explicit_company_mapping_from_layer3_review,map to Aldi,Other / not mapped to a company,Manual review / complex ownership,1,Obvious Aldi retailer/private-label brand line.,Brooklea Greek Yoghurt with Honey,Aldi Brooklea,append_candidate,direct,
aldi choceur milk hazlenut,aldi choceur milk hazlenut,Aldi,direct,snacks,UK_IE,UK_IE,United Kingdom,layer3_review_decision_20260824,explicit_company_mapping_from_layer3_review,map to Aldi,Other / not mapped to a company,Manual review / complex ownership,1,Obvious Aldi retailer/private-label brand line.,,Aldi Choceur Milk Hazlenut,append_candidate,direct,
aldi cold press,aldi cold press,Aldi,direct,beverages,UK_IE,UK_IE,United Kingdom,layer3_review_decision_20260824,explicit_company_mapping_from_layer3_review,map to Aldi,Other / not mapped to a company,Manual review / complex ownership,1,Obvious Aldi retailer/private-label brand line.,Kiwi Apple Cucumber Spinach Lemon Ginger,Aldi Cold Press,append_candidate,direct,
aldi dessert menu,aldi dessert menu,Aldi,direct,dairies,UK_IE,UK_IE,United Kingdom,layer3_review_decision_20260824,explicit_company_mapping_from_layer3_review,map to Aldi,Other / not mapped to a company,Manual review / complex ownership,1,Obvious Aldi retailer/private-label brand line.,Créme Brûlée,Aldi Dessert Menu,append_candidate,direct,
aldi dessert menu,aldi dessert menu,Aldi,direct,snacks,UK_IE|US_CANADA,UK_IE|US_CANADA,United Kingdom,layer3_review_decision_20260824,explicit_company_mapping_from_layer3_review,map to Aldi,Other / not mapped to a company,Manual review / complex ownership,1,Obvious Aldi retailer/private-label brand line.,"Churros (Per 2 With Cinnamon, Sugar, and Sauce)",Aldi Dessert Menu,append_candidate,direct,
aldi diolomat,aldi diolomat,Aldi,direct,beverages,UK_IE,UK_IE,United Kingdom,layer3_review_decision_20260824,explicit_company_mapping_from_layer3_review,map to Aldi,Other / not mapped to a company,Manual review / complex ownership,1,Obvious Aldi retailer/private-label brand line.,Biscuit Tea Jaffa,Aldi Diolomat,append_candidate,direct,
aldi einkauf gmbh and compagnie ohg,aldi einkauf gmbh and compagnie ohg,Aldi,direct,beverages,FRANCE,FRANCE,France,layer3_review_decision_20260824,explicit_company_mapping_from_layer3_review,map to Aldi,Other / not mapped to a company,Other / not mapped to a company,1,Obvious Aldi retailer/private-label brand line.,Thé vert au citron aromatisé,"Aldi Einkauf GmbH & Compagnie-oHG, Westminster",append_candidate,direct,
aldi einkauf gmbh and compagnie ohg,aldi einkauf gmbh and compagnie ohg,Aldi,direct,dairies,BENELUX|FRANCE,BENELUX|FRANCE,Belgium,layer3_review_decision_20260824,explicit_company_mapping_from_layer3_review,map to Aldi,Other / not mapped to a company,Other / not mapped to a company,1,Obvious Aldi retailer/private-label brand line.,Gouda jeune 48 7 tranches,"Aldi Einkauf GmbH & Compagnie-oHG, Molenland",append_candidate,direct,
aldi einkauf gmbh and compagnie ohg,aldi einkauf gmbh and compagnie ohg,Aldi,direct,dairies,FRANCE,FRANCE,Australia,layer3_review_decision_20260824,explicit_company_mapping_from_layer3_review,map to Aldi,Other / not mapped to a company,Other / not mapped to a company,1,Obvious Aldi retailer/private-label brand line.,Creme liquide 30%,"Aldi Einkauf GmbH & Compagnie-oHG, Milsani",append_candidate,direct,
aldi einkauf gmbh and compagnie ohg,aldi einkauf gmbh and compagnie ohg,Aldi,direct,snacks,FRANCE,FRANCE,France,layer3_review_decision_20260824,explicit_company_mapping_from_layer3_review,map to Aldi,Other / not mapped to a company,Other / not mapped to a company,1,Obvious Aldi retailer/private-label brand line.,Chip's à l'ancienne Nature,"Aldi Einkauf GmbH & Compagnie-oHG, Pirato",append_candidate,direct,
aldi einkauf gmbh compagnieohg,aldi einkauf gmbh compagnieohg,Aldi,direct,snacks,FRANCE,FRANCE,France,layer3_review_decision_20260824,explicit_company_mapping_from_layer3_review,map to Aldi,Other / not mapped to a company,Manual review / complex ownership,1,Obvious Aldi retailer/private-label brand line.,Chips Salées,"Aldi Einkauf Gmbh Compagnieohg, Pirato, Roger Roger",append_candidate,direct,
aldi everyday essentials,aldi everyday essentials,Aldi,direct,beverages,UK_IE,UK_IE,United Kingdom,layer3_review_decision_20260824,explicit_company_mapping_from_layer3_review,map to Aldi,Other / not mapped to a company,Manual review / complex ownership,1,Obvious Aldi retailer/private-label brand line.,Sweetened Soya Milk,Aldi Everyday Essentials,append_candidate,direct,
aldi everyday essentials,aldi everyday essentials,Aldi,direct,dairies,UK_IE,UK_IE,United Kingdom,layer3_review_decision_20260824,explicit_company_mapping_from_layer3_review,map to Aldi,Other / not mapped to a company,Manual review / complex ownership,1,Obvious Aldi retailer/private-label brand line.,Essentials STRENGIN MILD & SCOTTISH MILD 1 CREAMY,aldi everyday essentials,append_candidate,direct,
aldi everyday essentials,aldi everyday essentials,Aldi,direct,snacks,DACH|UK_IE,DACH|UK_IE,Germany,layer3_review_decision_20260824,explicit_company_mapping_from_layer3_review,map to Aldi,Other / not mapped to a company,Manual review / complex ownership,1,Obvious Aldi retailer/private-label brand line.,Chocolate chip cookies,Aldi Everyday Essentials,append_candidate,direct,
aldi fit and active,aldi fit and active,Aldi,direct,snacks,US_CANADA,US_CANADA,United States,layer3_review_decision_20260824,explicit_company_mapping_from_layer3_review,map to Aldi,Other / not mapped to a company,Other / not mapped to a company,1,Obvious Aldi retailer/private-label brand line.,Lightly Salted Rice Cakes,"Aldi Fit & Active, Aldi, Fit&Active",append_candidate,direct,
aldi golden bridge,aldi golden bridge,Aldi,direct,cereals,US_CANADA,US_CANADA,United States,layer3_review_decision_20260824,explicit_company_mapping_from_layer3_review,map to Aldi,Other / not mapped to a company,Manual review / complex ownership,1,Obvious Aldi retailer/private-label brand line.,Muesli Croustillant Fraise,ALDI Golden Bridge,append_candidate,direct,
aldi gourmet,aldi gourmet,Aldi,direct,dairies,US_CANADA,US_CANADA,United States,layer3_review_decision_20260824,explicit_company_mapping_from_layer3_review,map to Aldi,Other / not mapped to a company,Manual review / complex ownership,1,Obvious Aldi retailer/private-label brand line.,HABANERO JACK Monterey Jack Cheese with Habanero & Jalapeno Peppers for Snacking,ALDI Gourmet,append_candidate,direct,
aldi mamia,aldi mamia,Aldi,direct,snacks,UK_IE,UK_IE,United Kingdom,layer3_review_decision_20260824,explicit_company_mapping_from_layer3_review,map to Aldi,Other / not mapped to a company,Manual review / complex ownership,1,Obvious Aldi retailer/private-label brand line.,Banana oaty bars,Aldi Mamia,append_candidate,direct,
aldi meine kasetheke,aldi meine kasetheke,Aldi,direct,dairies,FRANCE|DACH,FRANCE|DACH,France,layer3_review_decision_20260824,explicit_company_mapping_from_layer3_review,map to Aldi,Other / not mapped to a company,Manual review / complex ownership,1,Obvious Aldi retailer/private-label brand line.,ALDI MEINE KÄSETHEKE Käse Österreichische Käsespezialität Tiroler Bergzirler 200g Aus der Kühlung 2.49€ 1 Stück 1kg 14.90€,"ALDI MEINE KÄSETHEKE, Hofburger, Meine Käsetheke, ALDI MEINE KÄSETHEKE Käse",append_candidate,direct,
aldi milsactiv,aldi milsactiv,Aldi,direct,dairies,FRANCE|DACH,FRANCE|DACH,France,layer3_review_decision_20260824,explicit_company_mapping_from_layer3_review,map to Aldi,Other / not mapped to a company,Other / not mapped to a company,1,Obvious Aldi retailer/private-label brand line.,Yoghurtdrink,Aldi - MilsActiv,append_candidate,direct,
aldi milsani,aldi milsani,Aldi,direct,dairies,FRANCE|BENELUX,FRANCE|BENELUX,France,layer3_review_decision_20260824,explicit_company_mapping_from_layer3_review,map to Aldi,Other / not mapped to a company,Manual review / complex ownership,1,Obvious Aldi retailer/private-label brand line.,Magere Franse kwark | Naturel,Aldi Milsani,append_candidate,direct,
aldi own brand,aldi own brand,Aldi,direct,dairies,UK_IE,UK_IE,United Kingdom,layer3_review_decision_20260824,explicit_company_mapping_from_layer3_review,map to Aldi,Other / not mapped to a company,Manual review / complex ownership,1,Obvious Aldi retailer/private-label brand line.,west country butter,Aldi own brand,append_candidate,direct,
aldi pfanner,aldi pfanner,Aldi,direct,beverages,FRANCE|DACH,FRANCE|DACH,Czech Republic,layer3_review_decision_20260824,explicit_company_mapping_from_layer3_review,map to Aldi,Other / not mapped to a company,Manual review / complex ownership,1,Obvious Aldi retailer/private-label brand line.,Saft Heidelbeere Mirtillo,"ALDI PFANNER, Pfanner, ALDI PFANNER Fruchtsaftgetränk",append_candidate,direct,
aldi sans gluten,aldi sans gluten,Aldi,direct,snacks,FRANCE,FRANCE,France,layer3_review_decision_20260824,explicit_company_mapping_from_layer3_review,map to Aldi,Other / not mapped to a company,Manual review / complex ownership,1,Obvious Aldi retailer/private-label brand line.,Mes p'tits secrets biscuit chocolat au lait,Aldi Sans Gluten,append_candidate,direct,
aldi selection,aldi selection,Aldi,direct,dairies,US_CANADA,US_CANADA,United States,layer3_review_decision_20260824,explicit_company_mapping_from_layer3_review,map to Aldi,Other / not mapped to a company,Manual review / complex ownership,1,Obvious Aldi retailer/private-label brand line.,shredded PARMESAN CHEESE,ALDI SELECTION,append_candidate,direct,
aldi specially selected,aldi specially selected,Aldi,direct,snacks,FRANCE,FRANCE,France,layer3_review_decision_20260824,explicit_company_mapping_from_layer3_review,map to Aldi,Other / not mapped to a company,Manual review / complex ownership,1,Obvious Aldi retailer/private-label brand line.,Mixed Mint Drops,Aldi Specially Selected,append_candidate,direct,
aldi specially selected,aldi specially selected,Aldi,direct,snacks,UK_IE,UK_IE,Ireland,layer3_review_decision_20260824,explicit_company_mapping_from_layer3_review,map to Aldi,Other / not mapped to a company,Manual review / complex ownership,1,Obvious Aldi retailer/private-label brand line.,Gourmet Rosemary Savoury Crackers,Aldi Specially Selected,append_candidate,direct,
aldi sud,aldi sud,Aldi,direct,snacks,FRANCE|DACH,FRANCE|DACH,France,layer3_review_decision_20260824,explicit_company_mapping_from_layer3_review,map to Aldi,Other / not mapped to a company,Manual review / complex ownership,1,Obvious Aldi retailer/private-label brand line.,Digestives,ALDI Süd,append_candidate,direct,
aldi the deli,aldi the deli,Aldi,direct,dairies,UK_IE,UK_IE,United Kingdom,layer3_review_decision_20260824,explicit_company_mapping_from_layer3_review,map to Aldi,Other / not mapped to a company,Manual review / complex ownership,1,Obvious Aldi retailer/private-label brand line.,Chorizo and gouda,Aldi The deli,append_candidate,direct,
aldi uk,aldi uk,Aldi,direct,snacks,UK_IE,UK_IE,United Kingdom,layer3_review_decision_20260824,explicit_company_mapping_from_layer3_review,map to Aldi,Other / not mapped to a company,Manual review / complex ownership,1,Obvious Aldi retailer/private-label brand line.,Empower Fruit Flavour Sweeys,Aldi Uk,append_candidate,direct,
auchan,auchan,Auchan,direct,beverages,BENELUX|FRANCE|DACH,BENELUX|FRANCE|DACH,Belgium,layer3_review_decision_20260824,explicit_company_mapping_from_layer3_review,map to Auchan,Manual review / complex ownership,Manual review / complex ownership,1,Obvious Auchan retailer/private-label brand line.,100% Pur jus Orangesans pulpeRiche en vitamines CSans sucres ajoutés** Comme tous les jus de fruits. Contient les sucres naturellement présents dans les fruits.,Auchan,append_candidate,direct,
auchan,auchan,Auchan,direct,beverages,FRANCE|BENELUX,FRANCE|BENELUX,France,layer3_review_decision_20260824,explicit_company_mapping_from_layer3_review,map to Auchan,Manual review / complex ownership,Manual review / complex ownership,1,Obvious Auchan retailer/private-label brand line.,Pur Jus d'ananas,"Auchan,Auchan Production,Groupe Auchan",append_candidate,direct,
auchan,auchan,Auchan,direct,beverages,FRANCE|US_CANADA,FRANCE|US_CANADA,France,layer3_review_decision_20260824,explicit_company_mapping_from_layer3_review,map to Auchan,Manual review / complex ownership,Manual review / complex ownership,1,Obvious Auchan retailer/private-label brand line.,Apéritif anisé sans alcool - Boisson à l'extrait naturel d'anis,"Auchan, Canebiere",append_candidate,direct,
auchan,auchan,Auchan,direct,cereals,BENELUX|FRANCE|SOUTHERN_EUROPE,BENELUX|FRANCE|SOUTHERN_EUROPE,Belgium,layer3_review_decision_20260824,explicit_company_mapping_from_layer3_review,map to Auchan,Manual review / complex ownership,Manual review / complex ownership,1,Obvious Auchan retailer/private-label brand line.,Mielnuts,Auchan,append_candidate,direct,
auchan,auchan,Auchan,direct,cereals,FRANCE|SOUTHERN_EUROPE|DACH,FRANCE|SOUTHERN_EUROPE|DACH,France,layer3_review_decision_20260824,explicit_company_mapping_from_layer3_review,map to Auchan,Manual review / complex ownership,Manual review / complex ownership,1,Obvious Auchan retailer/private-label brand line.,Croustillant livret graines de courge,Auchan,append_candidate,direct,
auchan,auchan,Auchan,direct,dairies,DACH|US_CANADA,DACH|US_CANADA,Germany,layer3_review_decision_20260824,explicit_company_mapping_from_layer3_review,map to Auchan,Manual review / complex ownership,Manual review / complex ownership,1,Obvious Auchan retailer/private-label brand line.,Queijo,Auchan,append_candidate,direct,
auchan,auchan,Auchan,direct,dairies,FRANCE,FRANCE,Algeria,layer3_review_decision_20260824,explicit_company_mapping_from_layer3_review,map to Auchan,Manual review / complex ownership,Manual review / complex ownership,1,Obvious Auchan retailer/private-label brand line.,Raclette aux graines de moutarde,Auchan,append_candidate,direct,
auchan,auchan,Auchan,direct,dairies,FRANCE|BENELUX|SOUTHERN_EUROPE,FRANCE|BENELUX|SOUTHERN_EUROPE,France,layer3_review_decision_20260824,explicit_company_mapping_from_layer3_review,map to Auchan,Manual review / complex ownership,Manual review / complex ownership,1,Obvious Auchan retailer/private-label brand line.,Mozzarella,Auchan,append_candidate,direct,
auchan,auchan,Auchan,direct,dairies,SOUTHERN_EUROPE|US_CANADA,SOUTHERN_EUROPE|US_CANADA,Portugal,layer3_review_decision_20260824,explicit_company_mapping_from_layer3_review,map to Auchan,Manual review / complex ownership,Manual review / complex ownership,1,Obvious Auchan retailer/private-label brand line.,Queijo Fresco Para Barrar,Auchan,append_candidate,direct,
auchan,auchan,Auchan,direct,dairies,US_CANADA,US_CANADA,United States,layer3_review_decision_20260824,explicit_company_mapping_from_layer3_review,map to Auchan,Manual review / complex ownership,Manual review / complex ownership,1,Obvious Auchan retailer/private-label brand line.,Burrata,Auchan,append_candidate,direct,
auchan,auchan,Auchan,direct,snacks,FRANCE|BENELUX|SOUTHERN_EUROPE,FRANCE|BENELUX|SOUTHERN_EUROPE,France,layer3_review_decision_20260824,explicit_company_mapping_from_layer3_review,map to Auchan,Manual review / complex ownership,Manual review / complex ownership,1,Obvious Auchan retailer/private-label brand line.,Palets bretons pur beurre,Auchan,append_candidate,direct,
auchan baby bio,auchan baby bio,Auchan,direct,dairies,FRANCE,FRANCE,France,layer3_review_decision_20260824,explicit_company_mapping_from_layer3_review,map to Auchan,Other / not mapped to a company,Manual review / complex ownership,1,Obvious Auchan retailer/private-label brand line.,"Pomme de terre, ricotta, pâtes et épinard",Auchan Baby Bio,append_candidate,direct,
auchan bio,auchan bio,Auchan,direct,dairies,FRANCE|DACH,FRANCE|DACH,France,layer3_review_decision_20260824,explicit_company_mapping_from_layer3_review,map to Auchan,Other / not mapped to a company,Manual review / complex ownership,1,Obvious Auchan retailer/private-label brand line.,Fromage Frais Nature Issu de l'Agriculture Biologique,"Auchan Bio,Auchan",append_candidate,direct,
auchan bio,auchan bio,Auchan,direct,snacks,FRANCE|SOUTHERN_EUROPE,FRANCE|SOUTHERN_EUROPE,France,layer3_review_decision_20260824,explicit_company_mapping_from_layer3_review,map to Auchan,Other / not mapped to a company,Manual review / complex ownership,1,Obvious Auchan retailer/private-label brand line.,Biscuits fourrés cacao BIO,"Auchan Bio, auchan",append_candidate,direct,
auchan bio solidaires pour soutenir nos producteurs,auchan bio solidaires pour soutenir nos producteurs,Auchan,direct,dairies,FRANCE,FRANCE,France,layer3_review_decision_20260824,explicit_company_mapping_from_layer3_review,map to Auchan,Other / not mapped to a company,Manual review / complex ownership,1,Obvious Auchan retailer/private-label brand line.,Lait demi-écrémé,AUCHAN Bio Solidaires pour soutenir nos producteurs,append_candidate,direct,
auchan collection,auchan collection,Auchan,direct,beverages,FRANCE,FRANCE,France,layer3_review_decision_20260824,explicit_company_mapping_from_layer3_review,map to Auchan,Other / not mapped to a company,Manual review / complex ownership,1,Obvious Auchan retailer/private-label brand line.,100% Pur Jus Orange IGP ValenciaSans sucres ajoutés** Comme tous les jus de fruits. Contient les sucres naturellement présents dans les fruits.Riche en Vitamine C,Auchan Collection,append_candidate,direct,
auchan creme legere fluide 15,auchan creme legere fluide 15,Auchan,direct,dairies,FRANCE,FRANCE,France,layer3_review_decision_20260824,explicit_company_mapping_from_layer3_review,map to Auchan,Other / not mapped to a company,Other / not mapped to a company,1,Obvious Auchan retailer/private-label brand line.,Crème légère fluide15% mat. gr.,"AUCHAN CRÈME LÉGÈRE FLUIDE 15%, Auchan",append_candidate,direct,
auchan gourmet,auchan gourmet,Auchan,direct,beverages,FRANCE,FRANCE,France,layer3_review_decision_20260824,explicit_company_mapping_from_layer3_review,map to Auchan,Other / not mapped to a company,Manual review / complex ownership,1,Obvious Auchan retailer/private-label brand line.,Chocolat intense 32% cacao,Auchan Gourmet,append_candidate,direct,
auchan le fromager,auchan le fromager,Auchan,direct,dairies,FRANCE,FRANCE,France,layer3_review_decision_20260824,explicit_company_mapping_from_layer3_review,map to Auchan,Other / not mapped to a company,Manual review / complex ownership,1,Obvious Auchan retailer/private-label brand line.,Parmigiano Reggiano,Auchan le fromager,append_candidate,direct,
auchan pierre chanau,auchan pierre chanau,Auchan,direct,beverages,FRANCE,FRANCE,France,layer3_review_decision_20260824,explicit_company_mapping_from_layer3_review,map to Auchan,Other / not mapped to a company,Manual review / complex ownership,1,Obvious Auchan retailer/private-label brand line.,CHARDONNAY,"Auchan Pierre Chanau, Auchan",append_candidate,direct,
auchan pur arabica degustation,auchan pur arabica degustation,Auchan,direct,beverages,FRANCE,FRANCE,France,layer3_review_decision_20260824,explicit_company_mapping_from_layer3_review,map to Auchan,Other / not mapped to a company,Manual review / complex ownership,1,Obvious Auchan retailer/private-label brand line.,Café moulu,"Auchan Pur Arabica Dégustation,Auchan",append_candidate,direct,
auchan vendome,auchan vendome,Auchan,direct,snacks,FRANCE,FRANCE,France,layer3_review_decision_20260824,explicit_company_mapping_from_layer3_review,map to Auchan,Other / not mapped to a company,Manual review / complex ownership,1,Obvious Auchan retailer/private-label brand line.,Lapin chocolat Vendôme,Auchan Vendôme,append_candidate,direct,
babybel,babybel,Bel Group,direct,dairies,BENELUX|FRANCE|DACH|SOUTHERN_EUROPE,BENELUX|FRANCE|DACH|SOUTHERN_EUROPE,Belgium,layer3_review_decision_20260824,explicit_company_mapping_from_layer3_review,map to Bel Group,Manual review / complex ownership,Manual review / complex ownership,1,Known Bel Group cheese brand.,Mini Babybel (23 % MG),"Babybel, Bel",append_candidate,direct,
babybel,babybel,Bel Group,direct,dairies,DACH|FRANCE|SOUTHERN_EUROPE,DACH|FRANCE|SOUTHERN_EUROPE,Austria,layer3_review_decision_20260824,explicit_company_mapping_from_layer3_review,map to Bel Group,Manual review / complex ownership,Manual review / complex ownership,1,Known Bel Group cheese brand.,Original Mini,Babybel,append_candidate,direct,
babybel,babybel,Bel Group,direct,dairies,FRANCE,FRANCE,France,layer3_review_decision_20260824,explicit_company_mapping_from_layer3_review,map to Bel Group,Manual review / complex ownership,Other / not mapped to a company,1,Known Bel Group cheese brand.,Mini babybel,"Mini babybel, babybel",append_candidate,direct,
babybel,babybel,Bel Group,direct,dairies,FRANCE|DACH|SOUTHERN_EUROPE,FRANCE|DACH|SOUTHERN_EUROPE,France,layer3_review_decision_20260824,explicit_company_mapping_from_layer3_review,map to Bel Group,Manual review / complex ownership,Manual review / complex ownership,1,Known Bel Group cheese brand.,Mini-Babybel Mini-Rolls x5,"Babybel, Mini babybel",append_candidate,direct,
babybel,babybel,Bel Group,direct,dairies,FRANCE|NORDICS,FRANCE|NORDICS,France,layer3_review_decision_20260824,explicit_company_mapping_from_layer3_review,map to Bel Group,Manual review / complex ownership,Manual review / complex ownership,1,Known Bel Group cheese brand.,,Babybel,append_candidate,direct,
babybel,babybel,Bel Group,direct,dairies,FRANCE|SOUTHERN_EUROPE,FRANCE|SOUTHERN_EUROPE,Australia,layer3_review_decision_20260824,explicit_company_mapping_from_layer3_review,map to Bel Group,Manual review / complex ownership,Manual review / complex ownership,1,Known Bel Group cheese brand.,Mini-Babybel,Babybel,append_candidate,direct,
babybel,babybel,Bel Group,direct,dairies,FRANCE|SOUTHERN_EUROPE|DACH|UK_IE,FRANCE|SOUTHERN_EUROPE|DACH|UK_IE,France,layer3_review_decision_20260824,explicit_company_mapping_from_layer3_review,map to Bel Group,Manual review / complex ownership,Manual review / complex ownership,1,Known Bel Group cheese brand.,Mini-Babybel Mix x9,"Babybel, Mini babybel®",append_candidate,direct,
babybel,babybel,Bel Group,direct,dairies,FRANCE|UK_IE,FRANCE|UK_IE,France,layer3_review_decision_20260824,explicit_company_mapping_from_layer3_review,map to Bel Group,Manual review / complex ownership,Manual review / complex ownership,1,Known Bel Group cheese brand.,Mini Original,Babybel,append_candidate,direct,
babybel,babybel,Bel Group,direct,dairies,FRANCE|UK_IE|SOUTHERN_EUROPE,FRANCE|UK_IE|SOUTHERN_EUROPE,France,layer3_review_decision_20260824,explicit_company_mapping_from_layer3_review,map to Bel Group,Manual review / complex ownership,Manual review / complex ownership,1,Known Bel Group cheese brand.,Mini Original,Babybel,append_candidate,direct,
babybel,babybel,Bel Group,direct,dairies,SOUTHERN_EUROPE|UK_IE,SOUTHERN_EUROPE|UK_IE,Portugal,layer3_review_decision_20260824,explicit_company_mapping_from_layer3_review,map to Bel Group,Manual review / complex ownership,Manual review / complex ownership,1,Known Bel Group cheese brand.,Mini Light*,Babybel,append_candidate,direct,
babybel,babybel,Bel Group,direct,dairies,US_CANADA|UK_IE,US_CANADA|UK_IE,Canada,layer3_review_decision_20260824,explicit_company_mapping_from_layer3_review,map to Bel Group,Manual review / complex ownership,Manual review / complex ownership,1,Known Bel Group cheese brand.,Babybel Light Mini,Babybel,append_candidate,direct,
babybel,babybel,Bel Group,direct,snacks,US_CANADA,US_CANADA,United States,layer3_review_decision_20260824,explicit_company_mapping_from_layer3_review,map to Bel Group,Manual review / complex ownership,Other / not mapped to a company,1,Known Bel Group cheese brand.,Mini light 100% real semisoft cheese + crackers snack,"Bel Brands Usa, Babybel",append_candidate,direct,
bon app carrefour,bon app carrefour,Carrefour,direct,dairies,FRANCE,FRANCE,France,layer3_review_decision_20260824,explicit_company_mapping_from_layer3_review,map to Carrefour,Other / not mapped to a company,Other / not mapped to a company,1,"Carrefour brand/private-label/store-format row; brand entity should stay as normalized_brand, parent_company should be Carrefour.",DESSERT Tiramisu,"Bon app Carrefour,Carrefour",append_candidate,direct,
boursin,boursin,Bel Group,direct,dairies,BENELUX|FRANCE|SOUTHERN_EUROPE,BENELUX|FRANCE|SOUTHERN_EUROPE,Belgium,layer3_review_decision_20260824,explicit_company_mapping_from_layer3_review,map to Bel Group,Manual review / complex ownership,Other / not mapped to a company,1,Known Bel Group cheese brand.,Boursin® Cuisine Ail & Fines Herbes,"Bel, Boursin, Boursin cuisine",append_candidate,direct,
boursin,boursin,Bel Group,direct,dairies,BENELUX|SOUTHERN_EUROPE|UK_IE,BENELUX|SOUTHERN_EUROPE|UK_IE,Belgium,layer3_review_decision_20260824,explicit_company_mapping_from_layer3_review,map to Bel Group,Manual review / complex ownership,Manual review / complex ownership,1,Known Bel Group cheese brand.,GARLIC & HERBS,BOURSIN,append_candidate,direct,
boursin,boursin,Bel Group,direct,dairies,FRANCE|DACH,FRANCE|DACH,France,layer3_review_decision_20260824,explicit_company_mapping_from_layer3_review,map to Bel Group,Manual review / complex ownership,Manual review / complex ownership,1,Known Bel Group cheese brand.,Boursin® Echalote & Ciboulette,Boursin,append_candidate,direct,
boursin,boursin,Bel Group,direct,dairies,FRANCE|DACH,FRANCE|DACH,France,layer3_review_decision_20260824,explicit_company_mapping_from_layer3_review,map to Bel Group,Manual review / complex ownership,Other / not mapped to a company,1,Known Bel Group cheese brand.,Trio de noix,"Bel, Boursin, Boursin atartiner/core cheese",append_candidate,direct,
boursin,boursin,Bel Group,direct,dairies,US_CANADA|FRANCE,US_CANADA|FRANCE,Canada,layer3_review_decision_20260824,explicit_company_mapping_from_layer3_review,map to Bel Group,Manual review / complex ownership,Manual review / complex ownership,1,Known Bel Group cheese brand.,Garlic & Fine Herbs,Boursin,append_candidate,direct,
cadbury bournville,cadbury bournville,Mondelēz International,market_scoped,snacks,UK_IE,UK_IE,United Kingdom,layer3_review_decision_20260824,explicit_company_mapping_from_layer3_review,map to Mondelēz International,Other / not mapped to a company,Mondelēz International,1,Known Mondelēz brand / regional Cadbury routing outside US. | Cadbury ownership/routing is market-sensitive; status corrected to market_scoped before launch upsert.,Brunch bar,Cadbury Bournville,append_candidate,direct,Cadbury ownership/routing is market-sensitive; status corrected to market_scoped before launch upsert.
cadbury brunch,cadbury brunch,Mondelēz International,market_scoped,snacks,UK_IE,UK_IE,United Kingdom,layer3_review_decision_20260824,explicit_company_mapping_from_layer3_review,map to Mondelēz International,Other / not mapped to a company,Mondelēz International,1,Proposed mapping lost an existing concrete company assignment; keep/map to current company pending later review. | Cadbury ownership/routing is market-sensitive; status corrected to market_scoped before launch upsert.,Honey And Oat Bar Light,Cadbury Brunch,append_candidate,direct,Cadbury ownership/routing is market-sensitive; status corrected to market_scoped before launch upsert.
cadbury dairy milk,cadbury dairy milk,Mondelēz International,market_scoped,snacks,FRANCE,FRANCE,Australia,layer3_review_decision_20260824,explicit_company_mapping_from_layer3_review,map to Mondelēz International,Other / not mapped to a company,Mondelēz International,1,Known Mondelēz brand / regional Cadbury routing outside US. | Cadbury ownership/routing is market-sensitive; status corrected to market_scoped before launch upsert.,Caramello Koala,Cadbury Dairy Milk,append_candidate,direct,Cadbury ownership/routing is market-sensitive; status corrected to market_scoped before launch upsert.
cadbury dairy milk,cadbury dairy milk,Mondelēz International,market_scoped,snacks,UK_IE,UK_IE,United Kingdom,layer3_review_decision_20260824,explicit_company_mapping_from_layer3_review,map to Mondelēz International,Other / not mapped to a company,Mondelēz International,1,Known Mondelēz brand / regional Cadbury routing outside US. | Cadbury ownership/routing is market-sensitive; status corrected to market_scoped before launch upsert.,Cream egg Easter egg,Cadbury Dairy Milk,append_candidate,direct,Cadbury ownership/routing is market-sensitive; status corrected to market_scoped before launch upsert.
cadbury dairy milk fingers crossed,cadbury dairy milk fingers crossed,Mondelēz International,market_scoped,snacks,FRANCE|UK_IE,FRANCE|UK_IE,France,layer3_review_decision_20260824,explicit_company_mapping_from_layer3_review,map to Mondelēz International,Other / not mapped to a company,Mondelēz International,1,Proposed mapping lost an existing concrete company assignment; keep/map to current company pending later review. | Cadbury ownership/routing is market-sensitive; status corrected to market_scoped before launch upsert.,Milk Chocolate Biscuits,Cadbury Dairy Milk Fingers crossed,append_candidate,direct,Cadbury ownership/routing is market-sensitive; status corrected to market_scoped before launch upsert.
carrefour,carrefour,Carrefour,direct,beverages,FRANCE|BENELUX,FRANCE|BENELUX,France,layer3_review_decision_20260824,explicit_company_mapping_from_layer3_review,map to Carrefour,Manual review / complex ownership,Manual review / complex ownership,1,"Carrefour brand/private-label/store-format row; brand entity should stay as normalized_brand, parent_company should be Carrefour.",Honduras - intensité n°9,Carrefour,append_candidate,direct,
carrefour,carrefour,Carrefour,direct,beverages,FRANCE|UK_IE,FRANCE|UK_IE,France,layer3_review_decision_20260824,explicit_company_mapping_from_layer3_review,map to Carrefour,Manual review / complex ownership,Manual review / complex ownership,1,"Carrefour brand/private-label/store-format row; brand entity should stay as normalized_brand, parent_company should be Carrefour.",Ananas,Carrefour,append_candidate,direct,
carrefour,carrefour,Carrefour,direct,beverages,UK_IE,UK_IE,United Kingdom,layer3_review_decision_20260824,explicit_company_mapping_from_layer3_review,map to Carrefour,Manual review / complex ownership,Manual review / complex ownership,1,"Carrefour brand/private-label/store-format row; brand entity should stay as normalized_brand, parent_company should be Carrefour.",Sirop fraise,Carrefour,append_candidate,direct,
carrefour,carrefour,Carrefour,direct,cereals,FRANCE,FRANCE,Czech Republic,layer3_review_decision_20260824,explicit_company_mapping_from_layer3_review,map to Carrefour,Manual review / complex ownership,Manual review / complex ownership,1,"Carrefour brand/private-label/store-format row; brand entity should stay as normalized_brand, parent_company should be Carrefour.",Muesli Carrefour,Carrefour,append_candidate,direct,
carrefour,carrefour,Carrefour,direct,cereals,FRANCE,FRANCE,European Union,layer3_review_decision_20260824,explicit_company_mapping_from_layer3_review,map to Carrefour,Manual review / complex ownership,Manual review / complex ownership,1,"Carrefour brand/private-label/store-format row; brand entity should stay as normalized_brand, parent_company should be Carrefour.",Céréales cacaotées Mini Cookies,Carrefour,append_candidate,direct,
carrefour,carrefour,Carrefour,direct,cereals,FRANCE|SOUTHERN_EUROPE,FRANCE|SOUTHERN_EUROPE,Brazil,layer3_review_decision_20260824,explicit_company_mapping_from_layer3_review,map to Carrefour,Manual review / complex ownership,Manual review / complex ownership,1,"Carrefour brand/private-label/store-format row; brand entity should stay as normalized_brand, parent_company should be Carrefour.",Fibra STICKS,Carrefour,append_candidate,direct,
carrefour,carrefour,Carrefour,direct,cereals,FRANCE|SOUTHERN_EUROPE|DACH,FRANCE|SOUTHERN_EUROPE|DACH,France,layer3_review_decision_20260824,explicit_company_mapping_from_layer3_review,map to Carrefour,Manual review / complex ownership,Manual review / complex ownership,1,"Carrefour brand/private-label/store-format row; brand entity should stay as normalized_brand, parent_company should be Carrefour.",Corn Flakes,Carrefour,append_candidate,direct,
carrefour,carrefour,Carrefour,direct,dairies,FRANCE,FRANCE,Czech Republic,layer3_review_decision_20260824,explicit_company_mapping_from_layer3_review,map to Carrefour,Manual review / complex ownership,Manual review / complex ownership,1,"Carrefour brand/private-label/store-format row; brand entity should stay as normalized_brand, parent_company should be Carrefour.",Lait frais demi écrémé,Carrefour,append_candidate,direct,
carrefour,carrefour,Carrefour,direct,dairies,FRANCE|SOUTHERN_EUROPE|DACH,FRANCE|SOUTHERN_EUROPE|DACH,France,layer3_review_decision_20260824,explicit_company_mapping_from_layer3_review,map to Carrefour,Manual review / complex ownership,Manual review / complex ownership,1,"Carrefour brand/private-label/store-format row; brand entity should stay as normalized_brand, parent_company should be Carrefour.",Crème Brûlée,Carrefour,append_candidate,direct,
carrefour,carrefour,Carrefour,direct,dairies,SOUTHERN_EUROPE|US_CANADA,SOUTHERN_EUROPE|US_CANADA,Spain,layer3_review_decision_20260824,explicit_company_mapping_from_layer3_review,map to Carrefour,Manual review / complex ownership,Manual review / complex ownership,1,"Carrefour brand/private-label/store-format row; brand entity should stay as normalized_brand, parent_company should be Carrefour.",Queso cheddar y samsoe en dados especial para ensaladas,Carrefour,append_candidate,direct,
carrefour,carrefour,Carrefour,direct,snacks,FRANCE,FRANCE,Bahrain,layer3_review_decision_20260824,explicit_company_mapping_from_layer3_review,map to Carrefour,Manual review / complex ownership,Manual review / complex ownership,1,"Carrefour brand/private-label/store-format row; brand entity should stay as normalized_brand, parent_company should be Carrefour.",Barquettes Goût Abricot,Carrefour,append_candidate,direct,
carrefour,carrefour,Carrefour,direct,snacks,FRANCE|BENELUX,FRANCE|BENELUX,France,layer3_review_decision_20260824,explicit_company_mapping_from_layer3_review,map to Carrefour,Manual review / complex ownership,Manual review / complex ownership,1,"Carrefour brand/private-label/store-format row; brand entity should stay as normalized_brand, parent_company should be Carrefour.",Biscuits aux pépites de chocolat,Carrefour,append_candidate,direct,
carrefour,carrefour,Carrefour,direct,snacks,SOUTHERN_EUROPE|US_CANADA,SOUTHERN_EUROPE|US_CANADA,Spain,layer3_review_decision_20260824,explicit_company_mapping_from_layer3_review,map to Carrefour,Manual review / complex ownership,Manual review / complex ownership,1,"Carrefour brand/private-label/store-format row; brand entity should stay as normalized_brand, parent_company should be Carrefour.",Caramelo de goma besos,Carrefour,append_candidate,direct,
carrefour,carrefour,Carrefour,direct,snacks,US_CANADA,US_CANADA,Poland,layer3_review_decision_20260824,explicit_company_mapping_from_layer3_review,map to Carrefour,Manual review / complex ownership,Manual review / complex ownership,1,"Carrefour brand/private-label/store-format row; brand entity should stay as normalized_brand, parent_company should be Carrefour.",chrupki kukurydziane,Carrefour,append_candidate,direct,
carrefour,carrefour,Carrefour,direct,snacks,US_CANADA|FRANCE,US_CANADA|FRANCE,Canada,layer3_review_decision_20260824,explicit_company_mapping_from_layer3_review,map to Carrefour,Manual review / complex ownership,Manual review / complex ownership,1,"Carrefour brand/private-label/store-format row; brand entity should stay as normalized_brand, parent_company should be Carrefour.",Popcorn salé,Carrefour,append_candidate,direct,
carrefour,carrefour,Carrefour,direct,snacks,US_CANADA|FRANCE|SOUTHERN_EUROPE,US_CANADA|FRANCE|SOUTHERN_EUROPE,Canada,layer3_review_decision_20260824,explicit_company_mapping_from_layer3_review,map to Carrefour,Manual review / complex ownership,Manual review / complex ownership,1,"Carrefour brand/private-label/store-format row; brand entity should stay as normalized_brand, parent_company should be Carrefour.",Chocolat lait,Carrefour,append_candidate,direct,
carrefour biocarrefour,carrefour biocarrefour,Carrefour,direct,beverages,FRANCE|SOUTHERN_EUROPE,FRANCE|SOUTHERN_EUROPE,France,layer3_review_decision_20260824,explicit_company_mapping_from_layer3_review,map to Carrefour,Other / not mapped to a company,Manual review / complex ownership,1,"Carrefour brand/private-label/store-format row; brand entity should stay as normalized_brand, parent_company should be Carrefour.",Limonade,"Carrefour BioCarrefour, Carrefour City, Carrefour Express",append_candidate,direct,
carrefour biocarrefour,carrefour biocarrefour,Carrefour,direct,cereals,FRANCE|SOUTHERN_EUROPE,FRANCE|SOUTHERN_EUROPE,France,layer3_review_decision_20260824,explicit_company_mapping_from_layer3_review,map to Carrefour,Other / not mapped to a company,Manual review / complex ownership,1,"Carrefour brand/private-label/store-format row; brand entity should stay as normalized_brand, parent_company should be Carrefour.",Muesli avoine chocolat,Carrefour BIOCarrefour,append_candidate,direct,
carrefour biocarrefour,carrefour biocarrefour,Carrefour,direct,dairies,BENELUX|FRANCE,BENELUX|FRANCE,Belgium,layer3_review_decision_20260824,explicit_company_mapping_from_layer3_review,map to Carrefour,Other / not mapped to a company,Manual review / complex ownership,1,"Carrefour brand/private-label/store-format row; brand entity should stay as normalized_brand, parent_company should be Carrefour.",Emmental français râpé au lait cru,Carrefour BIOCarrefour,append_candidate,direct,
carrefour capsules,carrefour capsules,Carrefour,direct,beverages,FRANCE,FRANCE,France,layer3_review_decision_20260824,explicit_company_mapping_from_layer3_review,map to Carrefour,Other / not mapped to a company,Manual review / complex ownership,1,"Carrefour brand/private-label/store-format row; brand entity should stay as normalized_brand, parent_company should be Carrefour.",Sublimo,"Carrefour Capsules, Carrefour",append_candidate,direct,
carrefour discount,carrefour discount,Carrefour,direct,dairies,FRANCE|SOUTHERN_EUROPE,FRANCE|SOUTHERN_EUROPE,France,layer3_review_decision_20260824,explicit_company_mapping_from_layer3_review,map to Carrefour,Other / not mapped to a company,Manual review / complex ownership,1,"Carrefour brand/private-label/store-format row; brand entity should stay as normalized_brand, parent_company should be Carrefour.",Mozzarella,CARREFOUR DISCOUNT,append_candidate,direct,
carrefour discount,carrefour discount,Carrefour,direct,snacks,BENELUX|FRANCE,BENELUX|FRANCE,Belgium,layer3_review_decision_20260824,explicit_company_mapping_from_layer3_review,map to Carrefour,Other / not mapped to a company,Manual review / complex ownership,1,"Carrefour brand/private-label/store-format row; brand entity should stay as normalized_brand, parent_company should be Carrefour.",Barres céréales Goût Pomme Abricot,"Carrefour discount, Carrefour",append_candidate,direct,
carrefour discount,carrefour discount,Carrefour,direct,snacks,FRANCE|SOUTHERN_EUROPE,FRANCE|SOUTHERN_EUROPE,France,layer3_review_decision_20260824,explicit_company_mapping_from_layer3_review,map to Carrefour,Other / not mapped to a company,Manual review / complex ownership,1,"Carrefour brand/private-label/store-format row; brand entity should stay as normalized_brand, parent_company should be Carrefour.",8 Barres céréalières aux pépites de chocolat et aux cacahuètes,"Carrefour Discount, Carrefour",append_candidate,direct,
carrefour le marche,carrefour le marche,Carrefour,direct,cereals,FRANCE,FRANCE,France,layer3_review_decision_20260824,explicit_company_mapping_from_layer3_review,map to Carrefour,Other / not mapped to a company,Other / not mapped to a company,1,"Carrefour brand/private-label/store-format row; brand entity should stay as normalized_brand, parent_company should be Carrefour.",müesli double choco bio,Carrefour le marché,append_candidate,direct,
carrefour le marche,carrefour le marche,Carrefour,direct,dairies,US_CANADA,US_CANADA,United States,layer3_review_decision_20260824,explicit_company_mapping_from_layer3_review,map to Carrefour,Other / not mapped to a company,Other / not mapped to a company,1,"Carrefour brand/private-label/store-format row; brand entity should stay as normalized_brand, parent_company should be Carrefour.",Tome aux fleurs,Carrefour le marché,append_candidate,direct,
carrefour le marche filiere qualite carrefour,carrefour le marche filiere qualite carrefour,Carrefour,direct,dairies,FRANCE,FRANCE,France,layer3_review_decision_20260824,explicit_company_mapping_from_layer3_review,map to Carrefour,Other / not mapped to a company,Manual review / complex ownership,1,"Carrefour brand/private-label/store-format row; brand entity should stay as normalized_brand, parent_company should be Carrefour.",morbier AOP FQC,Carrefour le marché filière qualité carrefour,append_candidate,direct,
carrefour market,carrefour market,Carrefour,direct,beverages,BENELUX|FRANCE,BENELUX|FRANCE,Belgium,layer3_review_decision_20260824,explicit_company_mapping_from_layer3_review,map to Carrefour,Other / not mapped to a company,Manual review / complex ownership,1,"Carrefour brand/private-label/store-format row; brand entity should stay as normalized_brand, parent_company should be Carrefour.",Sirop grenadine,carrefour market,append_candidate,direct,
carrefour market,carrefour market,Carrefour,direct,snacks,US_CANADA,US_CANADA,United States,layer3_review_decision_20260824,explicit_company_mapping_from_layer3_review,map to Carrefour,Other / not mapped to a company,Manual review / complex ownership,1,"Carrefour brand/private-label/store-format row; brand entity should stay as normalized_brand, parent_company should be Carrefour.",Croissant au beurre,Carrefour market,append_candidate,direct,
carrefour selectioncarrefour,carrefour selectioncarrefour,Carrefour,direct,snacks,FRANCE,FRANCE,France,layer3_review_decision_20260824,explicit_company_mapping_from_layer3_review,map to Carrefour,Other / not mapped to a company,Manual review / complex ownership,1,"Carrefour brand/private-label/store-format row; brand entity should stay as normalized_brand, parent_company should be Carrefour.",Galette des rois,Carrefour SélectionCarrefour,append_candidate,direct,
carrefour vrac bio,carrefour vrac bio,Carrefour,direct,cereals,FRANCE,FRANCE,France,layer3_review_decision_20260824,explicit_company_mapping_from_layer3_review,map to Carrefour,Other / not mapped to a company,Manual review / complex ownership,1,"Carrefour brand/private-label/store-format row; brand entity should stay as normalized_brand, parent_company should be Carrefour.",Son d'avoine,Carrefour Vrac Bio,append_candidate,direct,
casino,casino,Groupe Casino,direct,beverages,FRANCE|SOUTHERN_EUROPE,FRANCE|SOUTHERN_EUROPE,France,layer3_review_decision_20260824,explicit_company_mapping_from_layer3_review,map to Groupe Casino,Manual review / complex ownership,Manual review / complex ownership,1,Obvious Casino retailer/private-label brand line.,Capsules Espresso Intenso,Casino,append_candidate,direct,
casino,casino,Groupe Casino,direct,beverages,UK_IE,UK_IE,United Kingdom,layer3_review_decision_20260824,explicit_company_mapping_from_layer3_review,map to Groupe Casino,Manual review / complex ownership,Manual review / complex ownership,1,Obvious Casino retailer/private-label brand line.,"100% pur jus orange,carotte,pomme, mangue",Casino,append_candidate,direct,
casino,casino,Groupe Casino,direct,cereals,BENELUX|FRANCE,BENELUX|FRANCE,Belgium,layer3_review_decision_20260824,explicit_company_mapping_from_layer3_review,map to Groupe Casino,Manual review / complex ownership,Manual review / complex ownership,1,Obvious Casino retailer/private-label brand line.,"Melange de cereales, quinoa, boulgour",casino,append_candidate,direct,
casino,casino,Groupe Casino,direct,cereals,FRANCE,FRANCE,Colombia,layer3_review_decision_20260824,explicit_company_mapping_from_layer3_review,map to Groupe Casino,Manual review / complex ownership,Manual review / complex ownership,1,Obvious Casino retailer/private-label brand line.,Muesli Croustillant Chocolat Caramel,Casino,append_candidate,direct,
casino,casino,Groupe Casino,direct,cereals,FRANCE,FRANCE,Democratic Republic Of The Congo,layer3_review_decision_20260824,explicit_company_mapping_from_layer3_review,map to Groupe Casino,Manual review / complex ownership,Manual review / complex ownership,1,Obvious Casino retailer/private-label brand line.,Flocons d'avoine,casino,append_candidate,direct,
casino,casino,Groupe Casino,direct,snacks,BENELUX|FRANCE,BENELUX|FRANCE,Belgium,layer3_review_decision_20260824,explicit_company_mapping_from_layer3_review,map to Groupe Casino,Manual review / complex ownership,Manual review / complex ownership,1,Obvious Casino retailer/private-label brand line.,Chocolat noir dessert 55% de cacao,"Casino,Casino Bio",append_candidate,direct,
casino,casino,Groupe Casino,direct,snacks,FRANCE,FRANCE,Bolivia,layer3_review_decision_20260824,explicit_company_mapping_from_layer3_review,map to Groupe Casino,Manual review / complex ownership,Manual review / complex ownership,1,Obvious Casino retailer/private-label brand line.,Fresa Flow,"Casino,Victoria",append_candidate,direct,
casino,casino,Groupe Casino,direct,snacks,FRANCE,FRANCE,European Union,layer3_review_decision_20260824,explicit_company_mapping_from_layer3_review,map to Groupe Casino,Manual review / complex ownership,Manual review / complex ownership,1,Obvious Casino retailer/private-label brand line.,Crêpes dentelle au chocolat noir,"Casino, Casino Délices, Délices",append_candidate,direct,
casino,casino,Groupe Casino,direct,snacks,FRANCE|SOUTHERN_EUROPE,FRANCE|SOUTHERN_EUROPE,France,layer3_review_decision_20260824,explicit_company_mapping_from_layer3_review,map to Groupe Casino,Manual review / complex ownership,Manual review / complex ownership,1,Obvious Casino retailer/private-label brand line.,Crackers cranberry et coco,Casino,append_candidate,direct,
casino,casino,Groupe Casino,direct,snacks,FRANCE|UK_IE,FRANCE|UK_IE,France,layer3_review_decision_20260824,explicit_company_mapping_from_layer3_review,map to Groupe Casino,Manual review / complex ownership,Manual review / complex ownership,1,Obvious Casino retailer/private-label brand line.,"Bonbons tendres goûts citron, orange, fraise, framboise, cassis",Casino,append_candidate,direct,
casino saveurs d ailleurs,casino saveurs d ailleurs,Groupe Casino,direct,dairies,FRANCE,FRANCE,France,layer3_review_decision_20260824,explicit_company_mapping_from_layer3_review,map to Groupe Casino,Other / not mapped to a company,Other / not mapped to a company,1,Obvious Casino retailer/private-label brand line.,grana padano,Casino Saveurs d\'Ailleurs,append_candidate,direct,
casino ste fromagere de riom,casino ste fromagere de riom,Groupe Casino,direct,dairies,FRANCE,FRANCE,France,layer3_review_decision_20260824,explicit_company_mapping_from_layer3_review,map to Groupe Casino,Other / not mapped to a company,Manual review / complex ownership,1,Obvious Casino retailer/private-label brand line.,Cantal Jeune Au Lait De Vache Pasteurisé,Casino Sté Fromagère de Riom,append_candidate,direct,
classic carrefour,classic carrefour,Carrefour,direct,beverages,FRANCE,FRANCE,France,layer3_review_decision_20260824,explicit_company_mapping_from_layer3_review,map to Carrefour,Other / not mapped to a company,Other / not mapped to a company,1,"Carrefour brand/private-label/store-format row; brand entity should stay as normalized_brand, parent_company should be Carrefour.",Eau aux arômes naturels de citron et de citron vert,"CLASSIC CARREFOUR, Carrefour",append_candidate,direct,
classic carrefour,classic carrefour,Carrefour,direct,dairies,FRANCE,FRANCE,France,layer3_review_decision_20260824,explicit_company_mapping_from_layer3_review,map to Carrefour,Other / not mapped to a company,Other / not mapped to a company,1,"Carrefour brand/private-label/store-format row; brand entity should stay as normalized_brand, parent_company should be Carrefour.",Yaourt Nature,CLASSIC CARREFOUR,append_candidate,direct,
coop alsace lait,coop alsace lait,Coop,direct,dairies,FRANCE,FRANCE,France,layer3_review_decision_20260824,explicit_company_mapping_from_layer3_review,map to Coop,Other / not mapped to a company,Manual review / complex ownership,1,Obvious Coop retailer/private-label brand line.,,Coop Alsace Lait,append_candidate,direct,
coop anglamark,coop anglamark,Coop,direct,snacks,FRANCE,FRANCE,France,layer3_review_decision_20260824,explicit_company_mapping_from_layer3_review,map to Coop,Other / not mapped to a company,Manual review / complex ownership,1,Obvious Coop retailer/private-label brand line.,Caramel seasalt milk chocolate,Coop Änglamark,append_candidate,direct,
coop easter egg,coop easter egg,Coop,direct,snacks,UK_IE,UK_IE,United Kingdom,layer3_review_decision_20260824,explicit_company_mapping_from_layer3_review,map to Coop,Other / not mapped to a company,Manual review / complex ownership,1,Obvious Coop retailer/private-label brand line.,Pretzel Crunch Golden Chocolate Egg,Coop Easter Egg,append_candidate,direct,
coop fine food,coop fine food,Coop,direct,beverages,FRANCE|DACH,FRANCE|DACH,France,layer3_review_decision_20260824,explicit_company_mapping_from_layer3_review,map to Coop,Other / not mapped to a company,Manual review / complex ownership,1,Obvious Coop retailer/private-label brand line.,Perles de Chocolat Cacao Nacional Ecuador Grand Cru 70^,Coop Fine Food,append_candidate,direct,
coop fine food,coop fine food,Coop,direct,dairies,FRANCE|DACH,FRANCE|DACH,France,layer3_review_decision_20260824,explicit_company_mapping_from_layer3_review,map to Coop,Other / not mapped to a company,Manual review / complex ownership,1,Obvious Coop retailer/private-label brand line.,Burrata,Coop Fine Food,append_candidate,direct,
coop honest value,coop honest value,Coop,direct,dairies,UK_IE,UK_IE,United Kingdom,layer3_review_decision_20260824,explicit_company_mapping_from_layer3_review,map to Coop,Other / not mapped to a company,Manual review / complex ownership,1,Obvious Coop retailer/private-label brand line.,Low fat natural yogurt,Coop Honest Value,append_candidate,direct,
coop irresistible,coop irresistible,Coop,direct,snacks,UK_IE,UK_IE,United Kingdom,layer3_review_decision_20260824,explicit_company_mapping_from_layer3_review,map to Coop,Other / not mapped to a company,Manual review / complex ownership,1,Obvious Coop retailer/private-label brand line.,Milk Chocolate Cookies,Coop Irresistible,append_candidate,direct,
coop jeune montagne,coop jeune montagne,Coop,direct,dairies,FRANCE,FRANCE,France,layer3_review_decision_20260824,explicit_company_mapping_from_layer3_review,map to Coop,Other / not mapped to a company,Manual review / complex ownership,1,Obvious Coop retailer/private-label brand line.,Laguiole AOP Estive,Coop Jeune montagne,append_candidate,direct,
coop laitiere,coop laitiere,Coop,direct,dairies,FRANCE,FRANCE,France,layer3_review_decision_20260824,explicit_company_mapping_from_layer3_review,map to Coop,Other / not mapped to a company,Manual review / complex ownership,1,Obvious Coop retailer/private-label brand line.,Beaufort,COOP LAITIÈRE,append_candidate,direct,
coop naturalplan,coop naturalplan,Coop,direct,snacks,FRANCE|DACH,FRANCE|DACH,France,layer3_review_decision_20260824,explicit_company_mapping_from_layer3_review,map to Coop,Other / not mapped to a company,Manual review / complex ownership,1,Obvious Coop retailer/private-label brand line.,Müsli Barre de céréales bio,Coop Naturalplan,append_candidate,direct,
coop naturaplan,coop naturaplan,Coop,direct,beverages,FRANCE,FRANCE,France,layer3_review_decision_20260824,explicit_company_mapping_from_layer3_review,map to Coop,Other / not mapped to a company,Manual review / complex ownership,1,Obvious Coop retailer/private-label brand line.,,Coop Naturaplan,append_candidate,direct,
coop naturaplan,coop naturaplan,Coop,direct,dairies,FRANCE,FRANCE,France,layer3_review_decision_20260824,explicit_company_mapping_from_layer3_review,map to Coop,Other / not mapped to a company,Manual review / complex ownership,1,Obvious Coop retailer/private-label brand line.,Le gruyère apéro plattli,Coop Naturaplan,append_candidate,direct,
coop naturaplan,coop naturaplan,Coop,direct,dairies,FRANCE|DACH|US_CANADA,FRANCE|DACH|US_CANADA,France,layer3_review_decision_20260824,explicit_company_mapping_from_layer3_review,map to Coop,Other / not mapped to a company,Manual review / complex ownership,1,Obvious Coop retailer/private-label brand line.,Jogurt Bifidus Nature,Coop Naturaplan,append_candidate,direct,
coop naturaplan,coop naturaplan,Coop,direct,dairies,US_CANADA,US_CANADA,United States,layer3_review_decision_20260824,explicit_company_mapping_from_layer3_review,map to Coop,Other / not mapped to a company,Manual review / complex ownership,1,Obvious Coop retailer/private-label brand line.,"Lait partiellement écrémé bio 2,5%",Coop Naturaplan,append_candidate,direct,
coop naturaplan,coop naturaplan,Coop,direct,snacks,FRANCE,FRANCE,France,layer3_review_decision_20260824,explicit_company_mapping_from_layer3_review,map to Coop,Other / not mapped to a company,Manual review / complex ownership,1,Obvious Coop retailer/private-label brand line.,naturaplan bio Zweifel Bio Chips Nature,"Coop Naturaplan,Zweifel",append_candidate,direct,
coop naturaplan bio,coop naturaplan bio,Coop,direct,cereals,FRANCE|DACH,FRANCE|DACH,France,layer3_review_decision_20260824,explicit_company_mapping_from_layer3_review,map to Coop,Other / not mapped to a company,Manual review / complex ownership,1,Obvious Coop retailer/private-label brand line.,Flocons de quinoa,Coop Naturaplan Bio,append_candidate,direct,
coop prix garantie,coop prix garantie,Coop,direct,cereals,FRANCE,FRANCE,France,layer3_review_decision_20260824,explicit_company_mapping_from_layer3_review,map to Coop,Other / not mapped to a company,Manual review / complex ownership,1,Obvious Coop retailer/private-label brand line.,,Coop Prix Garantie,append_candidate,direct,
coop prix garantie,coop prix garantie,Coop,direct,dairies,FRANCE,FRANCE,France,layer3_review_decision_20260824,explicit_company_mapping_from_layer3_review,map to Coop,Other / not mapped to a company,Manual review / complex ownership,1,Obvious Coop retailer/private-label brand line.,Gouda,Coop Prix Garantie,append_candidate,direct,
coop prix garantie,coop prix garantie,Coop,direct,snacks,FRANCE|DACH,FRANCE|DACH,France,layer3_review_decision_20260824,explicit_company_mapping_from_layer3_review,map to Coop,Other / not mapped to a company,Manual review / complex ownership,1,Obvious Coop retailer/private-label brand line.,Spearmint chewing gum,Coop Prix Garantie,append_candidate,direct,
coop tradicni kvalita,coop tradicni kvalita,Coop,direct,snacks,US_CANADA,US_CANADA,United States,layer3_review_decision_20260824,explicit_company_mapping_from_layer3_review,map to Coop,Other / not mapped to a company,Manual review / complex ownership,1,Obvious Coop retailer/private-label brand line.,Kexy kokosové,coop Tradiční kvalita,append_candidate,direct,
crunch,crunch,Nestlé,direct,cereals,FRANCE|DACH,FRANCE|DACH,France,layer3_review_decision_20260824,explicit_company_mapping_from_layer3_review,map to Nestlé,Manual review / complex ownership,Manual review / complex ownership,1,Known Nestlé brand / brand line missing from proposed company mapping.,NESTLE CRUNCH Céréales 750g,"Nestlé, Crunch",append_candidate,direct,
crunch,crunch,Nestlé,direct,snacks,BENELUX|FRANCE|DACH,BENELUX|FRANCE|DACH,Belgium,layer3_review_decision_20260824,explicit_company_mapping_from_layer3_review,map to Nestlé,Manual review / complex ownership,Manual review / complex ownership,1,Known Nestlé brand / brand line missing from proposed company mapping.,CRUNCH Lait Tablette 100g,"Nestlé, Crunch",append_candidate,direct,
crunch,crunch,Nestlé,direct,snacks,BENELUX|FRANCE|SOUTHERN_EUROPE|DACH,BENELUX|FRANCE|SOUTHERN_EUROPE|DACH,Belgium,layer3_review_decision_20260824,explicit_company_mapping_from_layer3_review,map to Nestlé,Manual review / complex ownership,Manual review / complex ownership,1,Known Nestlé brand / brand line missing from proposed company mapping.,,"Nestlé, Crunch",append_candidate,direct,
crunch,crunch,Nestlé,direct,snacks,FRANCE|US_CANADA,FRANCE|US_CANADA,France,layer3_review_decision_20260824,explicit_company_mapping_from_layer3_review,map to Nestlé,Manual review / complex ownership,Manual review / complex ownership,1,Known Nestlé brand / brand line missing from proposed company mapping.,Crunch - Chocolat au lait noisettes,"Nestlé, Crunch",append_candidate,direct,
crunch,crunch,Nestlé,direct,snacks,UK_IE,UK_IE,United Kingdom,layer3_review_decision_20260824,explicit_company_mapping_from_layer3_review,map to Nestlé,Manual review / complex ownership,Manual review / complex ownership,1,Known Nestlé brand / brand line missing from proposed company mapping.,Nestlé Crunch,"Crunch,Nestlé",append_candidate,direct,
danone,danone,Danone,direct,beverages,FRANCE|DACH,FRANCE|DACH,France,layer3_review_decision_20260824,approved_proposed_company_from_layer3_review,approve proposed,Danone,Danone,1,Proposed company mapping is concrete; approve for launch.,,Danone,append_candidate,direct,
danone,danone,Danone,direct,dairies,BENELUX|FRANCE|DACH|SOUTHERN_EUROPE,BENELUX|FRANCE|DACH|SOUTHERN_EUROPE,Belgium,layer3_review_decision_20260824,approved_proposed_company_from_layer3_review,approve proposed,Danone,Danone,1,Proposed company mapping is concrete; approve for launch.,Actimel 0%mg original,Danone,append_candidate,direct,
danone,danone,Danone,direct,dairies,FRANCE,FRANCE,Czech Republic,layer3_review_decision_20260824,approved_proposed_company_from_layer3_review,approve proposed,Danone,Danone,1,Proposed company mapping is concrete; approve for launch.,Activia medové müsli,Danone,append_candidate,direct,
danone,danone,Danone,direct,dairies,FRANCE,FRANCE,Estonia,layer3_review_decision_20260824,approved_proposed_company_from_layer3_review,approve proposed,Danone,Danone,1,Proposed company mapping is concrete; approve for launch.,Actimel,Danone,append_candidate,direct,
danone,danone,Danone,direct,dairies,FRANCE|DACH|BENELUX,FRANCE|DACH|BENELUX,France,layer3_review_decision_20260824,approved_proposed_company_from_layer3_review,approve proposed,Danone,Danone,1,Proposed company mapping is concrete; approve for launch.,Danone Disney Joghurt Vanille mit Schoko Knusper Ohren 120g,"Danone, Disney",append_candidate,direct,
danone,danone,Danone,direct,dairies,FRANCE|DACH|SOUTHERN_EUROPE,FRANCE|DACH|SOUTHERN_EUROPE,France,layer3_review_decision_20260824,approved_proposed_company_from_layer3_review,approve proposed,Danone,Danone,1,Proposed company mapping is concrete; approve for launch.,Skyr,DANONE,append_candidate,direct,
danone,danone,Danone,direct,dairies,UK_IE,UK_IE,Bulgaria,layer3_review_decision_20260824,approved_proposed_company_from_layer3_review,approve proposed,Danone,Danone,1,Proposed company mapping is concrete; approve for launch.,Активиа киноа и лешници,Danone,append_candidate,direct,
danone,danone,Danone,direct,dairies,UK_IE,UK_IE,Poland,layer3_review_decision_20260824,approved_proposed_company_from_layer3_review,approve proposed,Danone,Danone,1,Proposed company mapping is concrete; approve for launch.,Danio smak waniliowy,Danone,append_candidate,direct,
danone,danone,Danone (Dannon in US),direct,beverages,FRANCE|BENELUX|US_CANADA,FRANCE|BENELUX|US_CANADA,France,layer3_review_decision_20260824,approved_proposed_company_from_layer3_review,approve proposed,Danone (Dannon in US),Danone (Dannon in US),1,Proposed company mapping is concrete; approve for launch.,Ain Saiss Eau Minerale Naturelle,Danone,append_candidate,direct,
danone,danone,Danone (Dannon in US),direct,beverages,FRANCE|US_CANADA,FRANCE|US_CANADA,France,layer3_review_decision_20260824,approved_proposed_company_from_layer3_review,approve proposed,Danone (Dannon in US),Danone (Dannon in US),1,Proposed company mapping is concrete; approve for launch.,Ain Saïss,Danone,append_candidate,direct,
danone,danone,Danone (Dannon in US),direct,dairies,FRANCE|SOUTHERN_EUROPE|US_CANADA,FRANCE|SOUTHERN_EUROPE|US_CANADA,France,layer3_review_decision_20260824,approved_proposed_company_from_layer3_review,approve proposed,Danone (Dannon in US),Danone (Dannon in US),1,Proposed company mapping is concrete; approve for launch.,Activia Céréales,Danone,append_candidate,direct,
danone,danone,Danone (Dannon in US),direct,dairies,US_CANADA,US_CANADA,Algeria,layer3_review_decision_20260824,approved_proposed_company_from_layer3_review,approve proposed,Danone (Dannon in US),Danone (Dannon in US),1,Proposed company mapping is concrete; approve for launch.,يومي,Danone,append_candidate,direct,
danone,danone,Danone (Dannon in US),direct,dairies,US_CANADA,US_CANADA,Morocco,layer3_review_decision_20260824,approved_proposed_company_from_layer3_review,approve proposed,Danone (Dannon in US),Danone (Dannon in US),1,Proposed company mapping is concrete; approve for launch.,Assil vanille,Danone,append_candidate,direct,
e leclerc fromage,e leclerc fromage,E.Leclerc,direct,dairies,FRANCE,FRANCE,France,layer3_review_decision_20260824,explicit_company_mapping_from_layer3_review,map to E.Leclerc,Other / not mapped to a company,Other / not mapped to a company,1,Obvious E.Leclerc retailer/private-label brand line.,ossau iraty istara,E.Leclerc fromage,append_candidate,direct,
e.leclerc,e.leclerc,E.Leclerc,direct,cereals,FRANCE,FRANCE,France,layer3_review_decision_20260824,explicit_company_mapping_from_layer3_review,map to E.Leclerc,Manual review / complex ownership,Manual review / complex ownership,1,Obvious E.Leclerc retailer/private-label brand line.,Flocons d'avoine bio vrac,E.Leclerc,append_candidate,direct,
e.leclerc,e.leclerc,E.Leclerc,direct,dairies,FRANCE|DACH,FRANCE|DACH,France,layer3_review_decision_20260824,explicit_company_mapping_from_layer3_review,map to E.Leclerc,Manual review / complex ownership,Manual review / complex ownership,1,Obvious E.Leclerc retailer/private-label brand line.,Lait Demi-Ecrémé - Stérilisé UHT,"E.Leclerc, Eco +, Eco+, Leclerc",append_candidate,direct,
extra carrefour,extra carrefour,Carrefour,direct,snacks,FRANCE|SOUTHERN_EUROPE,FRANCE|SOUTHERN_EUROPE,France,layer3_review_decision_20260824,explicit_company_mapping_from_layer3_review,map to Carrefour,Other / not mapped to a company,Other / not mapped to a company,1,"Carrefour brand/private-label/store-format row; brand entity should stay as normalized_brand, parent_company should be Carrefour.",Noir orange confite,Extra carrefour,append_candidate,direct,
groupe carrefour,groupe carrefour,Carrefour,direct,beverages,FRANCE,FRANCE,France,layer3_review_decision_20260824,explicit_company_mapping_from_layer3_review,map to Carrefour,Other / not mapped to a company,Other / not mapped to a company,1,"Carrefour brand/private-label/store-format row; brand entity should stay as normalized_brand, parent_company should be Carrefour.",Boisson soja saveur vanille,"Groupe Carrefour,Carrefour",append_candidate,direct,
hipro,hipro,Danone,direct,dairies,BENELUX|FRANCE,BENELUX|FRANCE,Belgium,layer3_review_decision_20260824,explicit_company_mapping_from_layer3_review,map to Danone,Manual review / complex ownership,Danone,1,Known Danone brand / brand line missing from proposed company mapping.,HiPRO Saveur Coco,"Danone, Hipro",append_candidate,direct,
hipro,hipro,Danone,direct,dairies,BENELUX|FRANCE|US_CANADA,BENELUX|FRANCE|US_CANADA,Belgium,layer3_review_decision_20260824,explicit_company_mapping_from_layer3_review,map to Danone,Manual review / complex ownership,Manual review / complex ownership,1,Known Danone brand / brand line missing from proposed company mapping.,Hipro saveur coco,Hipro,append_candidate,direct,
hipro,hipro,Danone,direct,dairies,FRANCE|US_CANADA,FRANCE|US_CANADA,France,layer3_review_decision_20260824,explicit_company_mapping_from_layer3_review,map to Danone,Manual review / complex ownership,Manual review / complex ownership,1,Known Danone brand / brand line missing from proposed company mapping.,Hipro crème dessert saveur vanille,Hipro,append_candidate,direct,
kettle brand,kettle brand,Kettle Brand / Campbell Soup Company,direct,snacks,FRANCE|SOUTHERN_EUROPE|US_CANADA,FRANCE|SOUTHERN_EUROPE|US_CANADA,France,layer3_review_decision_20260824,explicit_company_mapping_from_layer3_review,map to Kettle Brand / Campbell Soup Company,Manual review / complex ownership,Other / not mapped to a company,1,Known Kettle Brand snack brand; company assignment may be current-owner scoped.,Potato Chips Sea Salt,"Kettle, Kettle Brand",append_candidate,direct,
kettle brand,kettle brand,Kettle Brand / Campbell Soup Company,direct,snacks,US_CANADA,US_CANADA,Canada,layer3_review_decision_20260824,explicit_company_mapping_from_layer3_review,map to Kettle Brand / Campbell Soup Company,Manual review / complex ownership,Other / not mapped to a company,1,Known Kettle Brand snack brand; company assignment may be current-owner scoped.,Potato Chips Low Sodium (Canada Only),"kettle, Kettle Brand",append_candidate,direct,
kettle brand,kettle brand,Kettle Brand / Campbell Soup Company,direct,snacks,US_CANADA,US_CANADA,Mexico,layer3_review_decision_20260824,explicit_company_mapping_from_layer3_review,map to Kettle Brand / Campbell Soup Company,Manual review / complex ownership,Other / not mapped to a company,1,Known Kettle Brand snack brand; company assignment may be current-owner scoped.,Potato Chips Backyard Barbeque,"Kettle, Kettle Brand",append_candidate,direct,
kettle brand,kettle brand,Kettle Brand / Campbell Soup Company,direct,snacks,US_CANADA,US_CANADA,Singapore,layer3_review_decision_20260824,explicit_company_mapping_from_layer3_review,map to Kettle Brand / Campbell Soup Company,Manual review / complex ownership,Other / not mapped to a company,1,Known Kettle Brand snack brand; company assignment may be current-owner scoped.,Potato Chips Honey Dijon,"Kettle, Kettle Brand",append_candidate,direct,
kiri,kiri,Bel Group,direct,dairies,BENELUX|FRANCE,BENELUX|FRANCE,Belgium,layer3_review_decision_20260824,explicit_company_mapping_from_layer3_review,map to Bel Group,Manual review / complex ownership,Other / not mapped to a company,1,Known Bel Group cheese brand.,Kiri à la Crème de Lait,"Bel, Kiri",append_candidate,direct,
kiri,kiri,Bel Group,direct,dairies,DACH|FRANCE,DACH|FRANCE,Austria,layer3_review_decision_20260824,explicit_company_mapping_from_layer3_review,map to Bel Group,Manual review / complex ownership,Manual review / complex ownership,1,Known Bel Group cheese brand.,Kiri mit Gartenkräutern,Kiri,append_candidate,direct,
kiri,kiri,Bel Group,direct,dairies,DACH|FRANCE,DACH|FRANCE,Austria,layer3_review_decision_20260824,explicit_company_mapping_from_layer3_review,map to Bel Group,Manual review / complex ownership,Other / not mapped to a company,1,Known Bel Group cheese brand.,Kiri,"Bel, Kiri",append_candidate,direct,
kiri,kiri,Bel Group,direct,dairies,FRANCE,FRANCE,Algeria,layer3_review_decision_20260824,explicit_company_mapping_from_layer3_review,map to Bel Group,Manual review / complex ownership,Other / not mapped to a company,1,Known Bel Group cheese brand.,Топено сирене специалитет,"Fromageries Bel,Kiri",append_candidate,direct,
kiri,kiri,Bel Group,direct,dairies,FRANCE,FRANCE,Australia,layer3_review_decision_20260824,explicit_company_mapping_from_layer3_review,map to Bel Group,Manual review / complex ownership,Other / not mapped to a company,1,Known Bel Group cheese brand.,Kiri greek style,"Bel, Kiri",append_candidate,direct,
kiri,kiri,Bel Group,direct,dairies,FRANCE|DACH,FRANCE|DACH,Algeria,layer3_review_decision_20260824,explicit_company_mapping_from_layer3_review,map to Bel Group,Manual review / complex ownership,Manual review / complex ownership,1,Known Bel Group cheese brand.,dippi,Kiri,append_candidate,direct,
kiri,kiri,Bel Group,direct,dairies,FRANCE|DACH,FRANCE|DACH,France,layer3_review_decision_20260824,explicit_company_mapping_from_layer3_review,map to Bel Group,Manual review / complex ownership,Other / not mapped to a company,1,Known Bel Group cheese brand.,kiri mit Joghurt,"Bel, Kiri",append_candidate,direct,
kiri,kiri,Bel Group,direct,dairies,FRANCE|SOUTHERN_EUROPE,FRANCE|SOUTHERN_EUROPE,France,layer3_review_decision_20260824,explicit_company_mapping_from_layer3_review,map to Bel Group,Manual review / complex ownership,Other / not mapped to a company,1,Known Bel Group cheese brand.,Queso fresco con nata,"Bel, Kiri",append_candidate,direct,
kiri,kiri,Bel Group,direct,dairies,US_CANADA,US_CANADA,Saudi Arabia,layer3_review_decision_20260824,explicit_company_mapping_from_layer3_review,map to Bel Group,Manual review / complex ownership,Manual review / complex ownership,1,Known Bel Group cheese brand.,spreadable cream cheese rashideen,Kiri,append_candidate,direct,
kiri,kiri,Bel Group,direct,snacks,US_CANADA,US_CANADA,United States,layer3_review_decision_20260824,explicit_company_mapping_from_layer3_review,map to Bel Group,Manual review / complex ownership,Manual review / complex ownership,1,Known Bel Group cheese brand.,Patio Potato Chips,"Trader Joe's, Kiri",append_candidate,direct,
la laitiere,la laitiere,Nestlé,direct,dairies,BENELUX|FRANCE|UK_IE,BENELUX|FRANCE|UK_IE,Belgium,layer3_review_decision_20260824,explicit_company_mapping_from_layer3_review,map to Nestlé,Other / not mapped to a company,Other / not mapped to a company,1,Known Nestlé brand / brand line missing from proposed company mapping.,Le Petit Pot de Crème au Chocolat,La Laitière,append_candidate,direct,
la laitiere,la laitiere,Nestlé,direct,dairies,FRANCE|DACH|US_CANADA,FRANCE|DACH|US_CANADA,France,layer3_review_decision_20260824,explicit_company_mapping_from_layer3_review,map to Nestlé,Other / not mapped to a company,Other / not mapped to a company,1,Known Nestlé brand / brand line missing from proposed company mapping.,Secret de mousse,"La Laitière, Nestle",append_candidate,direct,
la vache qui rit,la vache qui rit,Bel Group,direct,dairies,FRANCE,FRANCE,Algeria,layer3_review_decision_20260824,explicit_company_mapping_from_layer3_review,map to Bel Group,Other / not mapped to a company,Other / not mapped to a company,1,Known Bel Group cheese brand.,la vache qui rit,la vache qui rit,append_candidate,direct,
la vache qui rit,la vache qui rit,Bel Group,direct,dairies,FRANCE,FRANCE,Democratic Republic Of The Congo,layer3_review_decision_20260824,explicit_company_mapping_from_layer3_review,map to Bel Group,Other / not mapped to a company,Other / not mapped to a company,1,Known Bel Group cheese brand.,,La Vache qui rit,append_candidate,direct,
la vache qui rit,la vache qui rit,Bel Group,direct,dairies,FRANCE|BENELUX,FRANCE|BENELUX,France,layer3_review_decision_20260824,explicit_company_mapping_from_layer3_review,map to Bel Group,Other / not mapped to a company,Other / not mapped to a company,1,Known Bel Group cheese brand.,,La vache qui rit,append_candidate,direct,
la vache qui rit,la vache qui rit,Bel Group,direct,dairies,FRANCE|SOUTHERN_EUROPE,FRANCE|SOUTHERN_EUROPE,France,layer3_review_decision_20260824,explicit_company_mapping_from_layer3_review,map to Bel Group,Other / not mapped to a company,Other / not mapped to a company,1,Known Bel Group cheese brand.,Fromage bio,La Vache Qui Rit,append_candidate,direct,
lactel,lactel,Lactalis,direct,beverages,FRANCE,FRANCE,France,layer3_review_decision_20260824,explicit_company_mapping_from_layer3_review,map to Lactalis,Manual review / complex ownership,Other / not mapped to a company,1,Known Lactalis brand.,Babysoif Mes 1ères boissons Fleur d'Oranger,"Babysoif, Lactel, Milumel",append_candidate,direct,
lactel,lactel,Lactalis,direct,dairies,BENELUX|FRANCE|DACH,BENELUX|FRANCE|DACH,Belgium,layer3_review_decision_20260824,explicit_company_mapping_from_layer3_review,map to Lactalis,Manual review / complex ownership,Manual review / complex ownership,1,Known Lactalis brand.,Lait Bio Demi-Écrémé sans lactose,Lactel,append_candidate,direct,
lactel,lactel,Lactalis,direct,dairies,FRANCE|SOUTHERN_EUROPE,FRANCE|SOUTHERN_EUROPE,France,layer3_review_decision_20260824,explicit_company_mapping_from_layer3_review,map to Lactalis,Manual review / complex ownership,Manual review / complex ownership,1,Known Lactalis brand.,Kéfir biologique,Lactel,append_candidate,direct,
lactel,lactel,Lactalis,direct,dairies,US_CANADA,US_CANADA,Algeria,layer3_review_decision_20260824,explicit_company_mapping_from_layer3_review,map to Lactalis,Manual review / complex ownership,Manual review / complex ownership,1,Known Lactalis brand.,Fromage blanc 0%,Lactel,append_candidate,direct,
le rustique,le rustique,Savencia,direct,dairies,BENELUX|FRANCE,BENELUX|FRANCE,Belgium,layer3_review_decision_20260824,explicit_company_mapping_from_layer3_review,map to Savencia,Manual review / complex ownership,Manual review / complex ownership,1,Known Savencia cheese brand.,"Le Rustique, Au lait demi-écrémé (11 % MG)",Le Rustique,append_candidate,direct,
le rustique,le rustique,Savencia,direct,dairies,FRANCE|SOUTHERN_EUROPE,FRANCE|SOUTHERN_EUROPE,France,layer3_review_decision_20260824,explicit_company_mapping_from_layer3_review,map to Savencia,Manual review / complex ownership,Manual review / complex ownership,1,Known Savencia cheese brand.,Raclette sans Croûte,Le Rustique,append_candidate,direct,
le rustique,le rustique,Savencia,direct,dairies,US_CANADA,US_CANADA,United States,layer3_review_decision_20260824,explicit_company_mapping_from_layer3_review,map to Savencia,Manual review / complex ownership,Manual review / complex ownership,1,Known Savencia cheese brand.,Camembert,Le Rustique,append_candidate,direct,
leclerc,leclerc,E.Leclerc,direct,beverages,FRANCE|DACH,FRANCE|DACH,France,layer3_review_decision_20260824,explicit_company_mapping_from_layer3_review,map to E.Leclerc,Manual review / complex ownership,Manual review / complex ownership,1,Obvious E.Leclerc retailer/private-label brand line.,Tiséa pomme citron vert,Leclerc,append_candidate,direct,
leclerc,leclerc,E.Leclerc,direct,beverages,UK_IE,UK_IE,United Kingdom,layer3_review_decision_20260824,explicit_company_mapping_from_layer3_review,map to E.Leclerc,Manual review / complex ownership,Manual review / complex ownership,1,Obvious E.Leclerc retailer/private-label brand line.,hip pop,Leclerc,append_candidate,direct,
leclerc,leclerc,E.Leclerc,direct,snacks,US_CANADA,US_CANADA,Canada,layer3_review_decision_20260824,explicit_company_mapping_from_layer3_review,map to E.Leclerc,Manual review / complex ownership,Manual review / complex ownership,1,Obvious E.Leclerc retailer/private-label brand line.,Biscuits bâtonnets - Chocolat au lait - Célébration,Leclerc,append_candidate,direct,
leclerc boulangerie,leclerc boulangerie,E.Leclerc,direct,snacks,US_CANADA,US_CANADA,United States,layer3_review_decision_20260824,explicit_company_mapping_from_layer3_review,map to E.Leclerc,Other / not mapped to a company,Manual review / complex ownership,1,Obvious E.Leclerc retailer/private-label brand line.,Cookies,Leclerc boulangerie,append_candidate,direct,
leclerc ets shoepfer,leclerc ets shoepfer,E.Leclerc,direct,dairies,FRANCE,FRANCE,France,layer3_review_decision_20260824,explicit_company_mapping_from_layer3_review,map to E.Leclerc,Other / not mapped to a company,Manual review / complex ownership,1,Obvious E.Leclerc retailer/private-label brand line.,Comté AOP 4 à 6 mois au lait cru,LECLERC ETS SHOEPFER,append_candidate,direct,
leclerc fromager,leclerc fromager,E.Leclerc,direct,dairies,FRANCE,FRANCE,France,layer3_review_decision_20260824,explicit_company_mapping_from_layer3_review,map to E.Leclerc,Other / not mapped to a company,Manual review / complex ownership,1,Obvious E.Leclerc retailer/private-label brand line.,Itchebaï,Leclerc Fromager,append_candidate,direct,
leclerc jafaden,leclerc jafaden,E.Leclerc,direct,beverages,FRANCE,FRANCE,France,layer3_review_decision_20260824,explicit_company_mapping_from_layer3_review,map to E.Leclerc,Other / not mapped to a company,Manual review / complex ownership,1,Obvious E.Leclerc retailer/private-label brand line.,Pur jus d'orange avec pulpe format familial,leclerc jafaden,append_candidate,direct,
leclerc les croises,leclerc les croises,E.Leclerc,direct,dairies,FRANCE,FRANCE,France,layer3_review_decision_20260824,explicit_company_mapping_from_layer3_review,map to E.Leclerc,Other / not mapped to a company,Manual review / complex ownership,1,Obvious E.Leclerc retailer/private-label brand line.,Parmiggiano reggiano 12mois 60g,Leclerc les Croisés,append_candidate,direct,
lidl,lidl,Lidl,direct,beverages,BENELUX|FRANCE|SOUTHERN_EUROPE,BENELUX|FRANCE|SOUTHERN_EUROPE,Belgium,layer3_review_decision_20260824,explicit_company_mapping_from_layer3_review,map to Lidl,Manual review / complex ownership,Manual review / complex ownership,1,Obvious Lidl retailer/private-label brand line.,Té verde,Lidl,append_candidate,direct,
lidl,lidl,Lidl,direct,beverages,BENELUX|SOUTHERN_EUROPE|UK_IE,BENELUX|SOUTHERN_EUROPE|UK_IE,Belgium,layer3_review_decision_20260824,explicit_company_mapping_from_layer3_review,map to Lidl,Manual review / complex ownership,Manual review / complex ownership,1,Obvious Lidl retailer/private-label brand line.,Lait d'amande,Lidl,append_candidate,direct,
lidl,lidl,Lidl,direct,beverages,DACH|UK_IE,DACH|UK_IE,Austria,layer3_review_decision_20260824,explicit_company_mapping_from_layer3_review,map to Lidl,Manual review / complex ownership,Manual review / complex ownership,1,Obvious Lidl retailer/private-label brand line.,Kong Strong Wild Power Energy Drink Sugar Free,Lidl,append_candidate,direct,
lidl,lidl,Lidl,direct,beverages,FRANCE,FRANCE,European Union,layer3_review_decision_20260824,explicit_company_mapping_from_layer3_review,map to Lidl,Manual review / complex ownership,Manual review / complex ownership,1,Obvious Lidl retailer/private-label brand line.,goody cao,lidl,append_candidate,direct,
lidl,lidl,Lidl,direct,beverages,FRANCE|BENELUX|DACH,FRANCE|BENELUX|DACH,France,layer3_review_decision_20260824,explicit_company_mapping_from_layer3_review,map to Lidl,Manual review / complex ownership,Manual review / complex ownership,1,Obvious Lidl retailer/private-label brand line.,Irish Lager,"Lidl, The Crafty Brewing Company",append_candidate,direct,
lidl,lidl,Lidl,direct,beverages,FRANCE|US_CANADA,FRANCE|US_CANADA,France,layer3_review_decision_20260824,explicit_company_mapping_from_layer3_review,map to Lidl,Manual review / complex ownership,Manual review / complex ownership,1,Obvious Lidl retailer/private-label brand line.,Tropical Wonder Smoothie,Lidl,append_candidate,direct,
lidl,lidl,Lidl,direct,beverages,UK_IE|BENELUX,UK_IE|BENELUX,Ireland,layer3_review_decision_20260824,explicit_company_mapping_from_layer3_review,map to Lidl,Manual review / complex ownership,Manual review / complex ownership,1,Obvious Lidl retailer/private-label brand line.,Soya Unsweetened plant based,Lidl,append_candidate,direct,
lidl,lidl,Lidl,direct,beverages,UK_IE|US_CANADA,UK_IE|US_CANADA,United Kingdom,layer3_review_decision_20260824,explicit_company_mapping_from_layer3_review,map to Lidl,Manual review / complex ownership,Manual review / complex ownership,1,Obvious Lidl retailer/private-label brand line.,Freshly Squeezed Limeade - Still,"Lidl,Deluxe",append_candidate,direct,
lidl,lidl,Lidl,direct,cereals,DACH|FRANCE,DACH|FRANCE,Austria,layer3_review_decision_20260824,explicit_company_mapping_from_layer3_review,map to Lidl,Manual review / complex ownership,Manual review / complex ownership,1,Obvious Lidl retailer/private-label brand line.,Früchte Hafer-Müsli,"LIDL, Crownfield",append_candidate,direct,
lidl,lidl,Lidl,direct,cereals,UK_IE,UK_IE,Ireland,layer3_review_decision_20260824,explicit_company_mapping_from_layer3_review,map to Lidl,Manual review / complex ownership,Manual review / complex ownership,1,Obvious Lidl retailer/private-label brand line.,,Lidl,append_candidate,direct,
lidl,lidl,Lidl,direct,cereals,UK_IE|US_CANADA,UK_IE|US_CANADA,United Kingdom,layer3_review_decision_20260824,explicit_company_mapping_from_layer3_review,map to Lidl,Manual review / complex ownership,Manual review / complex ownership,1,Obvious Lidl retailer/private-label brand line.,Special flakes original,"Lidl,Crownfield",append_candidate,direct,
lidl,lidl,Lidl,direct,dairies,BENELUX|NORDICS|FRANCE|DACH,BENELUX|NORDICS|FRANCE|DACH,Belgium,layer3_review_decision_20260824,explicit_company_mapping_from_layer3_review,map to Lidl,Manual review / complex ownership,Manual review / complex ownership,1,Obvious Lidl retailer/private-label brand line.,Morbier,Lidl,append_candidate,direct,
lidl,lidl,Lidl,direct,dairies,BENELUX|NORDICS|FRANCE|DACH|SOUTHERN_EUROPE,BENELUX|NORDICS|FRANCE|DACH|SOUTHERN_EUROPE,Belgium,layer3_review_decision_20260824,explicit_company_mapping_from_layer3_review,map to Lidl,Manual review / complex ownership,Manual review / complex ownership,1,Obvious Lidl retailer/private-label brand line.,Mozzarella,Lidl,append_candidate,direct,
lidl,lidl,Lidl,direct,dairies,BENELUX|UK_IE,BENELUX|UK_IE,Belgium,layer3_review_decision_20260824,explicit_company_mapping_from_layer3_review,map to Lidl,Manual review / complex ownership,Manual review / complex ownership,1,Obvious Lidl retailer/private-label brand line.,Real Dairy Squirty Cream,Lidl,append_candidate,direct,
lidl,lidl,Lidl,direct,dairies,DACH|US_CANADA,DACH|US_CANADA,Germany,layer3_review_decision_20260824,explicit_company_mapping_from_layer3_review,map to Lidl,Manual review / complex ownership,Manual review / complex ownership,1,Obvious Lidl retailer/private-label brand line.,Vitamin D Whole Milk,Lidl,append_candidate,direct,
lidl,lidl,Lidl,direct,dairies,FRANCE,FRANCE,Croatia,layer3_review_decision_20260824,explicit_company_mapping_from_layer3_review,map to Lidl,Manual review / complex ownership,Manual review / complex ownership,1,Obvious Lidl retailer/private-label brand line.,Beurre au sel de camargue,"Lidl, deluxe",append_candidate,direct,
lidl,lidl,Lidl,direct,dairies,FRANCE,FRANCE,Cyprus,layer3_review_decision_20260824,explicit_company_mapping_from_layer3_review,map to Lidl,Manual review / complex ownership,Manual review / complex ownership,1,Obvious Lidl retailer/private-label brand line.,"Spécialité Laitière Framboise, Grenade, Baies de Goji",Lidl,append_candidate,direct,
lidl,lidl,Lidl,direct,dairies,FRANCE|DACH,FRANCE|DACH,Bulgaria,layer3_review_decision_20260824,explicit_company_mapping_from_layer3_review,map to Lidl,Manual review / complex ownership,Manual review / complex ownership,1,Obvious Lidl retailer/private-label brand line.,High Protrein Quark-Joghurt Creme kirsche,Lidl,append_candidate,direct,
lidl,lidl,Lidl,direct,dairies,FRANCE|DACH|NORDICS|UK_IE,FRANCE|DACH|NORDICS|UK_IE,France,layer3_review_decision_20260824,explicit_company_mapping_from_layer3_review,map to Lidl,Manual review / complex ownership,Manual review / complex ownership,1,Obvious Lidl retailer/private-label brand line.,Milbona Latte Macchiato,Lidl,append_candidate,direct,
lidl,lidl,Lidl,direct,dairies,FRANCE|DACH|SOUTHERN_EUROPE,FRANCE|DACH|SOUTHERN_EUROPE,France,layer3_review_decision_20260824,explicit_company_mapping_from_layer3_review,map to Lidl,Manual review / complex ownership,Manual review / complex ownership,1,Obvious Lidl retailer/private-label brand line.,Tapas de Queso,"Lidl, Sol & Mar",append_candidate,direct,
lidl,lidl,Lidl,direct,dairies,FRANCE|SOUTHERN_EUROPE,FRANCE|SOUTHERN_EUROPE,France,layer3_review_decision_20260824,explicit_company_mapping_from_layer3_review,map to Lidl,Manual review / complex ownership,Manual review / complex ownership,1,Obvious Lidl retailer/private-label brand line.,Yogur strachiatela,Lidl,append_candidate,direct,
lidl,lidl,Lidl,direct,dairies,NORDICS|FRANCE|DACH,NORDICS|FRANCE|DACH,Finland,layer3_review_decision_20260824,explicit_company_mapping_from_layer3_review,map to Lidl,Manual review / complex ownership,Manual review / complex ownership,1,Obvious Lidl retailer/private-label brand line.,Cappucino,Lidl,append_candidate,direct,
lidl,lidl,Lidl,direct,dairies,NORDICS|UK_IE|SOUTHERN_EUROPE,NORDICS|UK_IE|SOUTHERN_EUROPE,Finland,layer3_review_decision_20260824,explicit_company_mapping_from_layer3_review,map to Lidl,Manual review / complex ownership,Manual review / complex ownership,1,Obvious Lidl retailer/private-label brand line.,SOFT CHEESE,Lidl,append_candidate,direct,
lidl,lidl,Lidl,direct,dairies,SOUTHERN_EUROPE|UK_IE,SOUTHERN_EUROPE|UK_IE,Spain,layer3_review_decision_20260824,explicit_company_mapping_from_layer3_review,map to Lidl,Manual review / complex ownership,Manual review / complex ownership,1,Obvious Lidl retailer/private-label brand line.,Caledonian Scottish Vintage Cheddar Cheese,"Lidl,Hatherwood",append_candidate,direct,
lidl,lidl,Lidl,direct,dairies,UK_IE,UK_IE,Ireland,layer3_review_decision_20260824,explicit_company_mapping_from_layer3_review,map to Lidl,Manual review / complex ownership,Manual review / complex ownership,1,Obvious Lidl retailer/private-label brand line.,Mandarin & lime layered yogurt,Lidl,append_candidate,direct,
lidl,lidl,Lidl,direct,dairies,UK_IE|US_CANADA,UK_IE|US_CANADA,United Kingdom,layer3_review_decision_20260824,explicit_company_mapping_from_layer3_review,map to Lidl,Manual review / complex ownership,Manual review / complex ownership,1,Obvious Lidl retailer/private-label brand line.,Neufchâtel Cheese,Lidl,append_candidate,direct,
lidl,lidl,Lidl,direct,snacks,BENELUX|UK_IE,BENELUX|UK_IE,Netherlands,layer3_review_decision_20260824,explicit_company_mapping_from_layer3_review,map to Lidl,Manual review / complex ownership,Manual review / complex ownership,1,Obvious Lidl retailer/private-label brand line.,garlic crackers,Lidl,append_candidate,direct,
lidl,lidl,Lidl,direct,snacks,DACH|UK_IE,DACH|UK_IE,Switzerland,layer3_review_decision_20260824,explicit_company_mapping_from_layer3_review,map to Lidl,Manual review / complex ownership,Manual review / complex ownership,1,Obvious Lidl retailer/private-label brand line.,Pretzels with sea salt,Lidl,append_candidate,direct,
lidl,lidl,Lidl,direct,snacks,FRANCE,FRANCE,Bulgaria,layer3_review_decision_20260824,explicit_company_mapping_from_layer3_review,map to Lidl,Manual review / complex ownership,Manual review / complex ownership,1,Obvious Lidl retailer/private-label brand line.,,Lidl,append_candidate,direct,
lidl,lidl,Lidl,direct,snacks,FRANCE,FRANCE,Croatia,layer3_review_decision_20260824,explicit_company_mapping_from_layer3_review,map to Lidl,Manual review / complex ownership,Manual review / complex ownership,1,Obvious Lidl retailer/private-label brand line.,Waffles Witherspoon Belgrano chocolate filling,Lidl,append_candidate,direct,
lidl,lidl,Lidl,direct,snacks,FRANCE,FRANCE,European Union,layer3_review_decision_20260824,explicit_company_mapping_from_layer3_review,map to Lidl,Manual review / complex ownership,Manual review / complex ownership,1,Obvious Lidl retailer/private-label brand line.,Bio waffles with honey (gauffres au miel),lidl,append_candidate,direct,
lidl,lidl,Lidl,direct,snacks,FRANCE|BENELUX,FRANCE|BENELUX,France,layer3_review_decision_20260824,explicit_company_mapping_from_layer3_review,map to Lidl,Manual review / complex ownership,Manual review / complex ownership,1,Obvious Lidl retailer/private-label brand line.,Vegan chocolate with walnuts,Lidl,append_candidate,direct,
lidl,lidl,Lidl,direct,snacks,FRANCE|DACH|BENELUX,FRANCE|DACH|BENELUX,France,layer3_review_decision_20260824,explicit_company_mapping_from_layer3_review,map to Lidl,Manual review / complex ownership,Manual review / complex ownership,1,Obvious Lidl retailer/private-label brand line.,Halloween Marshmallows,Lidl,append_candidate,direct,
lidl,lidl,Lidl,direct,snacks,FRANCE|DACH|SOUTHERN_EUROPE,FRANCE|DACH|SOUTHERN_EUROPE,Bulgaria,layer3_review_decision_20260824,explicit_company_mapping_from_layer3_review,map to Lidl,Manual review / complex ownership,Manual review / complex ownership,1,Obvious Lidl retailer/private-label brand line.,,Lidl,append_candidate,direct,
lidl,lidl,Lidl,direct,snacks,FRANCE|DACH|SOUTHERN_EUROPE|UK_IE,FRANCE|DACH|SOUTHERN_EUROPE|UK_IE,France,layer3_review_decision_20260824,explicit_company_mapping_from_layer3_review,map to Lidl,Manual review / complex ownership,Manual review / complex ownership,1,Obvious Lidl retailer/private-label brand line.,Alpenmelkchocolade met stukjes hazelnoten en rozijnen,Lidl,append_candidate,direct,
lidl,lidl,Lidl,direct,snacks,FRANCE|DACH|UK_IE,FRANCE|DACH|UK_IE,France,layer3_review_decision_20260824,explicit_company_mapping_from_layer3_review,map to Lidl,Manual review / complex ownership,Manual review / complex ownership,1,Obvious Lidl retailer/private-label brand line.,Neo giant,Lidl,append_candidate,direct,
lidl,lidl,Lidl,direct,snacks,FRANCE|SOUTHERN_EUROPE,FRANCE|SOUTHERN_EUROPE,Czech Republic,layer3_review_decision_20260824,explicit_company_mapping_from_layer3_review,map to Lidl,Manual review / complex ownership,Manual review / complex ownership,1,Obvious Lidl retailer/private-label brand line.,Pistaches caramélisées,"Lidl,J.D. Gross",append_candidate,direct,
lidl,lidl,Lidl,direct,snacks,FRANCE|SOUTHERN_EUROPE|DACH,FRANCE|SOUTHERN_EUROPE|DACH,France,layer3_review_decision_20260824,explicit_company_mapping_from_layer3_review,map to Lidl,Manual review / complex ownership,Manual review / complex ownership,1,Obvious Lidl retailer/private-label brand line.,High Protein Cookie,Lidl,append_candidate,direct,
lidl,lidl,Lidl,direct,snacks,FRANCE|UK_IE,FRANCE|UK_IE,Czech Republic,layer3_review_decision_20260824,explicit_company_mapping_from_layer3_review,map to Lidl,Manual review / complex ownership,Manual review / complex ownership,1,Obvious Lidl retailer/private-label brand line.,Dark Chocolate - Peru,Lidl,append_candidate,direct,
lidl,lidl,Lidl,direct,snacks,NORDICS|FRANCE,NORDICS|FRANCE,Afghanistan,layer3_review_decision_20260824,explicit_company_mapping_from_layer3_review,map to Lidl,Manual review / complex ownership,Manual review / complex ownership,1,Obvious Lidl retailer/private-label brand line.,Milk Chocolate,Lidl,append_candidate,direct,
lidl,lidl,Lidl,direct,snacks,NORDICS|FRANCE|DACH,NORDICS|FRANCE|DACH,Finland,layer3_review_decision_20260824,explicit_company_mapping_from_layer3_review,map to Lidl,Manual review / complex ownership,Manual review / complex ownership,1,Obvious Lidl retailer/private-label brand line.,Sour Worms,"Lidl, SugarLand, SweetCorner",append_candidate,direct,
lidl,lidl,Lidl,direct,snacks,SOUTHERN_EUROPE|UK_IE,SOUTHERN_EUROPE|UK_IE,Italy,layer3_review_decision_20260824,explicit_company_mapping_from_layer3_review,map to Lidl,Manual review / complex ownership,Manual review / complex ownership,1,Obvious Lidl retailer/private-label brand line.,Patatine,Lidl,append_candidate,direct,
lidl,lidl,Lidl,direct,snacks,SOUTHERN_EUROPE|UK_IE,SOUTHERN_EUROPE|UK_IE,Spain,layer3_review_decision_20260824,explicit_company_mapping_from_layer3_review,map to Lidl,Manual review / complex ownership,Manual review / complex ownership,1,Obvious Lidl retailer/private-label brand line.,hand cooked potato crisps,Lidl,append_candidate,direct,
lidl,lidl,Lidl,direct,snacks,UK_IE,UK_IE,Croatia,layer3_review_decision_20260824,explicit_company_mapping_from_layer3_review,map to Lidl,Manual review / complex ownership,Manual review / complex ownership,1,Obvious Lidl retailer/private-label brand line.,Japanese style mochi,Lidl,append_candidate,direct,
lidl,lidl,Lidl,direct,snacks,UK_IE|US_CANADA,UK_IE|US_CANADA,United Kingdom,layer3_review_decision_20260824,explicit_company_mapping_from_layer3_review,map to Lidl,Manual review / complex ownership,Manual review / complex ownership,1,Obvious Lidl retailer/private-label brand line.,Sultana scones,Lidl,append_candidate,direct,
lidl alpen feet,lidl alpen feet,Lidl,direct,snacks,FRANCE,FRANCE,France,layer3_review_decision_20260824,explicit_company_mapping_from_layer3_review,map to Lidl,Other / not mapped to a company,Manual review / complex ownership,1,Obvious Lidl retailer/private-label brand line.,Florentine,Lidl Alpen feet,append_candidate,direct,
lidl captain soif fraise,lidl captain soif fraise,Lidl,direct,beverages,FRANCE,FRANCE,France,layer3_review_decision_20260824,explicit_company_mapping_from_layer3_review,map to Lidl,Other / not mapped to a company,Manual review / complex ownership,1,Obvious Lidl retailer/private-label brand line.,Capt’ain soif fraise,Lidl Capt’ain Soif Fraise,append_candidate,direct,
lidl deluxe,lidl deluxe,Lidl,direct,cereals,UK_IE,UK_IE,United Kingdom,layer3_review_decision_20260824,explicit_company_mapping_from_layer3_review,map to Lidl,Other / not mapped to a company,Manual review / complex ownership,1,Obvious Lidl retailer/private-label brand line.,Dark Chocolate & Almond Granola,Lidl - Deluxe,append_candidate,direct,
lidl deluxe,lidl deluxe,Lidl,direct,snacks,UK_IE,UK_IE,Ireland,layer3_review_decision_20260824,explicit_company_mapping_from_layer3_review,map to Lidl,Other / not mapped to a company,Manual review / complex ownership,1,Obvious Lidl retailer/private-label brand line.,Dark Chocolate Gingers,Lidl Deluxe,append_candidate,direct,
lidl emb 26368a,lidl emb 26368a,Lidl,direct,beverages,FRANCE,FRANCE,France,layer3_review_decision_20260824,explicit_company_mapping_from_layer3_review,map to Lidl,Other / not mapped to a company,Manual review / complex ownership,1,Obvious Lidl retailer/private-label brand line.,Clairette de Die,lidl emb 26368A,append_candidate,direct,
lidl envia,lidl envia,Lidl,direct,dairies,FRANCE,FRANCE,France,layer3_review_decision_20260824,explicit_company_mapping_from_layer3_review,map to Lidl,Other / not mapped to a company,Manual review / complex ownership,1,Obvious Lidl retailer/private-label brand line.,BIO Yaourt brassé aux fruits mixés sans morceaux,Lidl Envia,append_candidate,direct,
lidl flavita,lidl flavita,Lidl,direct,beverages,UK_IE,UK_IE,United Kingdom,layer3_review_decision_20260824,explicit_company_mapping_from_layer3_review,map to Lidl,Other / not mapped to a company,Manual review / complex ownership,1,Obvious Lidl retailer/private-label brand line.,Freshly squeezed Orange juice,Lidl Flavita,append_candidate,direct,
lidl france,lidl france,Lidl,direct,snacks,FRANCE,FRANCE,France,layer3_review_decision_20260824,explicit_company_mapping_from_layer3_review,map to Lidl,Other / not mapped to a company,Manual review / complex ownership,1,Obvious Lidl retailer/private-label brand line.,Crusti Croc,Lidl France,append_candidate,direct,
lidl france snc,lidl france snc,Lidl,direct,beverages,FRANCE,FRANCE,France,layer3_review_decision_20260824,explicit_company_mapping_from_layer3_review,map to Lidl,Other / not mapped to a company,Manual review / complex ownership,1,Obvious Lidl retailer/private-label brand line.,Jus d’orange,Lidl France SNC,append_candidate,direct,
lidl freeway,lidl freeway,Lidl,direct,beverages,FRANCE,FRANCE,France,layer3_review_decision_20260824,explicit_company_mapping_from_layer3_review,map to Lidl,Other / not mapped to a company,Manual review / complex ownership,1,Obvious Lidl retailer/private-label brand line.,Freeway Colossus Energy Drink 50cl,Lidl Freeway,append_candidate,direct,
lidl italia,lidl italia,Lidl,direct,dairies,SOUTHERN_EUROPE|US_CANADA,SOUTHERN_EUROPE|US_CANADA,Italy,layer3_review_decision_20260824,explicit_company_mapping_from_layer3_review,map to Lidl,Other / not mapped to a company,Manual review / complex ownership,1,Obvious Lidl retailer/private-label brand line.,High Protein - Latte scremato UHT 80 g di proteine,Lidl Italia,append_candidate,direct,
lidl italiamo,lidl italiamo,Lidl,direct,dairies,UK_IE,UK_IE,United Kingdom,layer3_review_decision_20260824,explicit_company_mapping_from_layer3_review,map to Lidl,Other / not mapped to a company,Manual review / complex ownership,1,Obvious Lidl retailer/private-label brand line.,Monte Veronese DOP cheese,Lidl Italiamo,append_candidate,direct,
lidl italiamo,lidl italiamo,Lidl,direct,snacks,FRANCE,FRANCE,France,layer3_review_decision_20260824,explicit_company_mapping_from_layer3_review,map to Lidl,Other / not mapped to a company,Manual review / complex ownership,1,Obvious Lidl retailer/private-label brand line.,Croccantini,Lidl ITALIAMO,append_candidate,direct,
lidl italiamo,lidl italiamo,Lidl,direct,snacks,UK_IE,UK_IE,United Kingdom,layer3_review_decision_20260824,explicit_company_mapping_from_layer3_review,map to Lidl,Other / not mapped to a company,Manual review / complex ownership,1,Obvious Lidl retailer/private-label brand line.,Cannoli,Lidl Italiamo,append_candidate,direct,
lidl lord nelson,lidl lord nelson,Lidl,direct,beverages,FRANCE|DACH,FRANCE|DACH,France,layer3_review_decision_20260824,explicit_company_mapping_from_layer3_review,map to Lidl,Other / not mapped to a company,Manual review / complex ownership,1,Obvious Lidl retailer/private-label brand line.,Fenchel-Anis-Kümmel,Lidl Lord Nelson,append_candidate,direct,
lidl milbona,lidl milbona,Lidl,direct,dairies,FRANCE,FRANCE,France,layer3_review_decision_20260824,explicit_company_mapping_from_layer3_review,map to Lidl,Other / not mapped to a company,Manual review / complex ownership,1,Obvious Lidl retailer/private-label brand line.,Parmiggiano reggiano DOP râpé,LIDL Milbona,append_candidate,direct,
lidl naturista,lidl naturista,Lidl,direct,beverages,UK_IE,UK_IE,United Kingdom,layer3_review_decision_20260824,explicit_company_mapping_from_layer3_review,map to Lidl,Other / not mapped to a company,Manual review / complex ownership,1,Obvious Lidl retailer/private-label brand line.,Rejuvenate Super Smoothie,Lidl Naturista,append_candidate,direct,
lidl organic,lidl organic,Lidl,direct,snacks,BENELUX|FRANCE|DACH|SOUTHERN_EUROPE,BENELUX|FRANCE|DACH|SOUTHERN_EUROPE,Belgium,layer3_review_decision_20260824,explicit_company_mapping_from_layer3_review,map to Lidl,Other / not mapped to a company,Manual review / complex ownership,1,Obvious Lidl retailer/private-label brand line.,Organic Dark Chocolate,Lidl Organic,append_candidate,direct,
lidl organic,lidl organic,Lidl,direct,snacks,US_CANADA,US_CANADA,United States,layer3_review_decision_20260824,explicit_company_mapping_from_layer3_review,map to Lidl,Other / not mapped to a company,Manual review / complex ownership,1,Obvious Lidl retailer/private-label brand line.,Organic Roasted Seaweed Snacks Korean BBQ Style,Lidl Organic,append_candidate,direct,
lidl preferred selection,lidl preferred selection,Lidl,direct,snacks,FRANCE,FRANCE,France,layer3_review_decision_20260824,explicit_company_mapping_from_layer3_review,map to Lidl,Other / not mapped to a company,Manual review / complex ownership,1,Obvious Lidl retailer/private-label brand line.,Petit Beurre Tablette Chocolat noir,Lidl Preferred Selection,append_candidate,direct,
lidl preferred selection,lidl preferred selection,Lidl,direct,snacks,US_CANADA,US_CANADA,United States,layer3_review_decision_20260824,explicit_company_mapping_from_layer3_review,map to Lidl,Other / not mapped to a company,Manual review / complex ownership,1,Obvious Lidl retailer/private-label brand line.,,"LIDL Preferred Selection, Lidl",append_candidate,direct,
lidl rivercote,lidl rivercote,Lidl,direct,snacks,UK_IE,UK_IE,United Kingdom,layer3_review_decision_20260824,explicit_company_mapping_from_layer3_review,map to Lidl,Other / not mapped to a company,Manual review / complex ownership,1,Obvious Lidl retailer/private-label brand line.,Black Pepper & Sea Salt Crackers,Lidl Rivercote,append_candidate,direct,
lidl saveur de nos region,lidl saveur de nos region,Lidl,direct,dairies,FRANCE,FRANCE,France,layer3_review_decision_20260824,explicit_company_mapping_from_layer3_review,map to Lidl,Other / not mapped to a company,Manual review / complex ownership,1,Obvious Lidl retailer/private-label brand line.,Reblochon de Savoie,Lidl Saveur De Nos Region,append_candidate,direct,
lidl saveurs de nos regions,lidl saveurs de nos regions,Lidl,direct,snacks,FRANCE,FRANCE,France,layer3_review_decision_20260824,explicit_company_mapping_from_layer3_review,map to Lidl,Other / not mapped to a company,Manual review / complex ownership,1,Obvious Lidl retailer/private-label brand line.,Brioche tressée IGP,Lidl Saveurs de nos Régions,append_candidate,direct,
lidl simply,lidl simply,Lidl,direct,dairies,UK_IE,UK_IE,United Kingdom,layer3_review_decision_20260824,explicit_company_mapping_from_layer3_review,map to Lidl,Other / not mapped to a company,Manual review / complex ownership,1,Obvious Lidl retailer/private-label brand line.,Salted Butter,Lidl Simply,append_candidate,direct,
lidl snack day,lidl snack day,Lidl,direct,snacks,FRANCE|DACH,FRANCE|DACH,France,layer3_review_decision_20260824,explicit_company_mapping_from_layer3_review,map to Lidl,Other / not mapped to a company,Manual review / complex ownership,1,Obvious Lidl retailer/private-label brand line.,"Palmiers Parmesan, Pesto & Butter",Lidl Snack Day,append_candidate,direct,
lidl solevita,lidl solevita,Lidl,direct,beverages,FRANCE,FRANCE,France,layer3_review_decision_20260824,explicit_company_mapping_from_layer3_review,map to Lidl,Other / not mapped to a company,Manual review / complex ownership,1,Obvious Lidl retailer/private-label brand line.,Jus de pomme,Lidl Solevita,append_candidate,direct,
lidl sondey,lidl sondey,Lidl,direct,snacks,FRANCE|DACH,FRANCE|DACH,Bulgaria,layer3_review_decision_20260824,explicit_company_mapping_from_layer3_review,map to Lidl,Other / not mapped to a company,Manual review / complex ownership,1,Obvious Lidl retailer/private-label brand line.,Sasanki,Lidl sondey,append_candidate,direct,
lidl stiftung and co kg,lidl stiftung and co kg,Lidl,direct,beverages,FRANCE,FRANCE,France,layer3_review_decision_20260824,explicit_company_mapping_from_layer3_review,map to Lidl,Other / not mapped to a company,Other / not mapped to a company,1,Obvious Lidl retailer/private-label brand line.,Pils,"Lidl Stiftung & Co KG,Perlenbacher",append_candidate,direct,
lidl stiftung and co kg,lidl stiftung and co kg,Lidl,direct,beverages,FRANCE|DACH,FRANCE|DACH,France,layer3_review_decision_20260824,explicit_company_mapping_from_layer3_review,map to Lidl,Other / not mapped to a company,Other / not mapped to a company,1,Obvious Lidl retailer/private-label brand line.,Krauter pur,"Lidl Stiftung & Co. KG, Lord Nelson",append_candidate,direct,
lidl stiftung and co kg,lidl stiftung and co kg,Lidl,direct,dairies,FRANCE,FRANCE,France,layer3_review_decision_20260824,explicit_company_mapping_from_layer3_review,map to Lidl,Other / not mapped to a company,Other / not mapped to a company,1,Obvious Lidl retailer/private-label brand line.,Yaourt Abricots,"Lidl Stiftung & Co. KG, Yogosan",append_candidate,direct,
lidl stiftung and co kg,lidl stiftung and co kg,Lidl,direct,snacks,FRANCE,FRANCE,France,layer3_review_decision_20260824,explicit_company_mapping_from_layer3_review,map to Lidl,Other / not mapped to a company,Other / not mapped to a company,1,Obvious Lidl retailer/private-label brand line.,Dark chocolate orange,lidl stiftung & Co.KG,append_candidate,direct,
lidl uk,lidl uk,Lidl,direct,snacks,FRANCE,FRANCE,France,layer3_review_decision_20260824,explicit_company_mapping_from_layer3_review,map to Lidl,Other / not mapped to a company,Other / not mapped to a company,1,Obvious Lidl retailer/private-label brand line.,Cocoa creams,Lidl UK/Ireland,append_candidate,direct,
light and free,light and free,Danone,direct,dairies,UK_IE,UK_IE,Ireland,layer3_review_decision_20260824,explicit_company_mapping_from_layer3_review,map to Danone,Other / not mapped to a company,Other / not mapped to a company,1,Known Danone brand / brand line missing from proposed company mapping.,Light &free,"Light & Free,Danone",append_candidate,direct,
lindt,lindt,Lindt & Sprüngli,direct,beverages,FRANCE|DACH|SOUTHERN_EUROPE,FRANCE|DACH|SOUTHERN_EUROPE,France,layer3_review_decision_20260824,explicit_company_mapping_from_layer3_review,map to Lindt & Sprüngli,Manual review / complex ownership,Manual review / complex ownership,1,Known Lindt brand / line.,Cioccolata Classica,Lindt,append_candidate,direct,
lindt,lindt,Lindt & Sprüngli,direct,dairies,BENELUX|FRANCE|DACH|SOUTHERN_EUROPE|UK_IE,BENELUX|FRANCE|DACH|SOUTHERN_EUROPE|UK_IE,Belgium,layer3_review_decision_20260824,explicit_company_mapping_from_layer3_review,map to Lindt & Sprüngli,Manual review / complex ownership,Manual review / complex ownership,1,Known Lindt brand / line.,CRÈME BRÛLÉE Milk Chocolate,Lindt,append_candidate,direct,
lindt,lindt,Lindt & Sprüngli,direct,snacks,BENELUX|FRANCE|DACH|SOUTHERN_EUROPE,BENELUX|FRANCE|DACH|SOUTHERN_EUROPE,Algeria,layer3_review_decision_20260824,explicit_company_mapping_from_layer3_review,map to Lindt & Sprüngli,Manual review / complex ownership,Manual review / complex ownership,1,Known Lindt brand / line.,Excellence 70% cacao noir intense,Lindt,append_candidate,direct,
lindt,lindt,Lindt & Sprüngli,direct,snacks,BENELUX|US_CANADA|NORDICS|FRANCE|DACH|UK_IE|SOUTHERN_EUROPE,BENELUX|US_CANADA|NORDICS|FRANCE|DACH|UK_IE|SOUTHERN_EUROPE,Australia,layer3_review_decision_20260824,explicit_company_mapping_from_layer3_review,map to Lindt & Sprüngli,Manual review / complex ownership,Manual review / complex ownership,1,Known Lindt brand / line.,Lindt Excellence 70% Cocoa,Lindt,append_candidate,direct,
lindt,lindt,Lindt & Sprüngli,direct,snacks,DACH|BENELUX|NORDICS|FRANCE|SOUTHERN_EUROPE|UK_IE,DACH|BENELUX|NORDICS|FRANCE|SOUTHERN_EUROPE|UK_IE,Austria,layer3_review_decision_20260824,explicit_company_mapping_from_layer3_review,map to Lindt & Sprüngli,Manual review / complex ownership,Manual review / complex ownership,1,Known Lindt brand / line.,Excellent Intense Orange Dark Chocolate,Lindt,append_candidate,direct,
lindt,lindt,Lindt & Sprüngli,direct,snacks,DACH|BENELUX|NORDICS|FRANCE|UK_IE|SOUTHERN_EUROPE,DACH|BENELUX|NORDICS|FRANCE|UK_IE|SOUTHERN_EUROPE,Andorra,layer3_review_decision_20260824,explicit_company_mapping_from_layer3_review,map to Lindt & Sprüngli,Manual review / complex ownership,Manual review / complex ownership,1,Known Lindt brand / line.,Excellence 85% Cacao Rich Dark,Lindt,append_candidate,direct,
lindt,lindt,Lindt & Sprüngli,direct,snacks,DACH|FRANCE,DACH|FRANCE,Australia,layer3_review_decision_20260824,explicit_company_mapping_from_layer3_review,map to Lindt & Sprüngli,Manual review / complex ownership,Manual review / complex ownership,1,Known Lindt brand / line.,Lindt extra fin Orange chocolat au lait,Lindt,append_candidate,direct,
lindt,lindt,Lindt & Sprüngli,direct,snacks,DACH|FRANCE,DACH|FRANCE,Austria,layer3_review_decision_20260824,explicit_company_mapping_from_layer3_review,map to Lindt & Sprüngli,Manual review / complex ownership,Other / not mapped to a company,1,Known Lindt brand / line.,Lindt Lindor Hazelnut,"Lindor, Lindt, Lindt & Sprüngli",append_candidate,direct,
lindt,lindt,Lindt & Sprüngli,direct,snacks,DACH|FRANCE|UK_IE,DACH|FRANCE|UK_IE,Australia,layer3_review_decision_20260824,explicit_company_mapping_from_layer3_review,map to Lindt & Sprüngli,Manual review / complex ownership,Manual review / complex ownership,1,Known Lindt brand / line.,Framboise Intense,Lindt,append_candidate,direct,
lindt,lindt,Lindt & Sprüngli,direct,snacks,DACH|FRANCE|UK_IE,DACH|FRANCE|UK_IE,Austria,layer3_review_decision_20260824,explicit_company_mapping_from_layer3_review,map to Lindt & Sprüngli,Manual review / complex ownership,Other / not mapped to a company,1,Known Lindt brand / line.,Lindt Weihnachtsmann,"Lindt&Sprüngli, Lindt",append_candidate,direct,
lindt,lindt,Lindt & Sprüngli,direct,snacks,DACH|SOUTHERN_EUROPE|UK_IE,DACH|SOUTHERN_EUROPE|UK_IE,Austria,layer3_review_decision_20260824,explicit_company_mapping_from_layer3_review,map to Lindt & Sprüngli,Manual review / complex ownership,Other / not mapped to a company,1,Known Lindt brand / line.,Lindor White,"Lindt&Sprüngli,Lindt",append_candidate,direct,
lindt,lindt,Lindt & Sprüngli,direct,snacks,DACH|UK_IE,DACH|UK_IE,Austria,layer3_review_decision_20260824,explicit_company_mapping_from_layer3_review,map to Lindt & Sprüngli,Manual review / complex ownership,Manual review / complex ownership,1,Known Lindt brand / line.,Assorted si capsuna,"Lindt,Lindor,Lindt & Sprüngli",append_candidate,direct,
lindt,lindt,Lindt & Sprüngli,direct,snacks,FRANCE,FRANCE,Bolivia,layer3_review_decision_20260824,explicit_company_mapping_from_layer3_review,map to Lindt & Sprüngli,Manual review / complex ownership,Manual review / complex ownership,1,Known Lindt brand / line.,Swiss Milk Chocolate Almond,"Lindt, Swiss Classic",append_candidate,direct,
lindt,lindt,Lindt & Sprüngli,direct,snacks,FRANCE,FRANCE,Bulgaria,layer3_review_decision_20260824,explicit_company_mapping_from_layer3_review,map to Lindt & Sprüngli,Manual review / complex ownership,Other / not mapped to a company,1,Known Lindt brand / line.,Lindor,"Lindor, Lindt",append_candidate,direct,
lindt,lindt,Lindt & Sprüngli,direct,snacks,FRANCE|BENELUX|SOUTHERN_EUROPE,FRANCE|BENELUX|SOUTHERN_EUROPE,France,layer3_review_decision_20260824,explicit_company_mapping_from_layer3_review,map to Lindt & Sprüngli,Manual review / complex ownership,Manual review / complex ownership,1,Known Lindt brand / line.,Excellence noix de coco intense noir,Lindt,append_candidate,direct,
lindt,lindt,Lindt & Sprüngli,direct,snacks,FRANCE|DACH,FRANCE|DACH,Bulgaria,layer3_review_decision_20260824,explicit_company_mapping_from_layer3_review,map to Lindt & Sprüngli,Manual review / complex ownership,Manual review / complex ownership,1,Known Lindt brand / line.,Бял шоколад с бадеми и ягоди,Lindt,append_candidate,direct,
lindt,lindt,Lindt & Sprüngli,direct,snacks,FRANCE|DACH|SOUTHERN_EUROPE,FRANCE|DACH|SOUTHERN_EUROPE,Australia,layer3_review_decision_20260824,explicit_company_mapping_from_layer3_review,map to Lindt & Sprüngli,Manual review / complex ownership,Manual review / complex ownership,1,Known Lindt brand / line.,SWISS PREMIUM CHOCOLATE Alpenvollmilch Nuss,"Lindt, Lindt & Sprüngli",append_candidate,direct,
lindt,lindt,Lindt & Sprüngli,direct,snacks,FRANCE|DACH|SOUTHERN_EUROPE,FRANCE|DACH|SOUTHERN_EUROPE,France,layer3_review_decision_20260824,explicit_company_mapping_from_layer3_review,map to Lindt & Sprüngli,Manual review / complex ownership,Manual review / complex ownership,1,Known Lindt brand / line.,Pistazie Feinherb,Lindt,append_candidate,direct,
lindt,lindt,Lindt & Sprüngli,direct,snacks,FRANCE|DACH|SOUTHERN_EUROPE|UK_IE,FRANCE|DACH|SOUTHERN_EUROPE|UK_IE,France,layer3_review_decision_20260824,explicit_company_mapping_from_layer3_review,map to Lindt & Sprüngli,Manual review / complex ownership,Manual review / complex ownership,1,Known Lindt brand / line.,Choco Wafer Milk Chocolate & Hazelnut,Lindt,append_candidate,direct,
lindt,lindt,Lindt & Sprüngli,direct,snacks,FRANCE|DACH|UK_IE,FRANCE|DACH|UK_IE,Australia,layer3_review_decision_20260824,explicit_company_mapping_from_layer3_review,map to Lindt & Sprüngli,Manual review / complex ownership,Manual review / complex ownership,1,Known Lindt brand / line.,Extra velouté blanc,Lindt,append_candidate,direct,
lindt,lindt,Lindt & Sprüngli,direct,snacks,FRANCE|DACH|UK_IE,FRANCE|DACH|UK_IE,France,layer3_review_decision_20260824,explicit_company_mapping_from_layer3_review,map to Lindt & Sprüngli,Manual review / complex ownership,Manual review / complex ownership,1,Known Lindt brand / line.,Lapin d’or chocolat au lait,Lindt,append_candidate,direct,
lindt,lindt,Lindt & Sprüngli,direct,snacks,FRANCE|SOUTHERN_EUROPE|DACH|UK_IE,FRANCE|SOUTHERN_EUROPE|DACH|UK_IE,Czech Republic,layer3_review_decision_20260824,explicit_company_mapping_from_layer3_review,map to Lindt & Sprüngli,Manual review / complex ownership,Manual review / complex ownership,1,Known Lindt brand / line.,Hořká čokoláda s pomerančem,Lindt,append_candidate,direct,
lindt,lindt,Lindt & Sprüngli,direct,snacks,FRANCE|SOUTHERN_EUROPE|NORDICS,FRANCE|SOUTHERN_EUROPE|NORDICS,France,layer3_review_decision_20260824,explicit_company_mapping_from_layer3_review,map to Lindt & Sprüngli,Manual review / complex ownership,Manual review / complex ownership,1,Known Lindt brand / line.,Creation Refreshing Lemon Milk,Lindt,append_candidate,direct,
lindt,lindt,Lindt & Sprüngli,direct,snacks,FRANCE|UK_IE,FRANCE|UK_IE,France,layer3_review_decision_20260824,explicit_company_mapping_from_layer3_review,map to Lindt & Sprüngli,Manual review / complex ownership,Other / not mapped to a company,1,Known Lindt brand / line.,Lindt Lindor Lindt Lindor Irresistibly Smooth White Chocolate,"Lindor, Lindt, Lindt & Sprüngli",append_candidate,direct,
lindt,lindt,Lindt & Sprüngli,direct,snacks,FRANCE|US_CANADA,FRANCE|US_CANADA,Bolivia,layer3_review_decision_20260824,explicit_company_mapping_from_layer3_review,map to Lindt & Sprüngli,Manual review / complex ownership,Manual review / complex ownership,1,Known Lindt brand / line.,Dark Chocolate Truffles,"Lindt,Lindor",append_candidate,direct,
lindt,lindt,Lindt & Sprüngli,direct,snacks,FRANCE|US_CANADA,FRANCE|US_CANADA,Bolivia,layer3_review_decision_20260824,explicit_company_mapping_from_layer3_review,map to Lindt & Sprüngli,Manual review / complex ownership,Other / not mapped to a company,1,Known Lindt brand / line.,Lindt Excellence Roasted Hazelnut Dark Chocolate,"Excellence, Lindt",append_candidate,direct,
lindt,lindt,Lindt & Sprüngli,direct,snacks,NORDICS|DACH|SOUTHERN_EUROPE|UK_IE,NORDICS|DACH|SOUTHERN_EUROPE|UK_IE,Denmark,layer3_review_decision_20260824,explicit_company_mapping_from_layer3_review,map to Lindt & Sprüngli,Manual review / complex ownership,Manual review / complex ownership,1,Known Lindt brand / line.,Hello my name is Strawberry Cheesecake,Lindt,append_candidate,direct,
lindt,lindt,Lindt & Sprüngli,direct,snacks,NORDICS|DACH|UK_IE,NORDICS|DACH|UK_IE,Denmark,layer3_review_decision_20260824,explicit_company_mapping_from_layer3_review,map to Lindt & Sprüngli,Manual review / complex ownership,Manual review / complex ownership,1,Known Lindt brand / line.,Crunchy nougat,Lindt,append_candidate,direct,
lindt,lindt,Lindt & Sprüngli,direct,snacks,NORDICS|FRANCE|BENELUX|SOUTHERN_EUROPE|UK_IE,NORDICS|FRANCE|BENELUX|SOUTHERN_EUROPE|UK_IE,Aland Islands,layer3_review_decision_20260824,explicit_company_mapping_from_layer3_review,map to Lindt & Sprüngli,Manual review / complex ownership,Manual review / complex ownership,1,Known Lindt brand / line.,,Lindt,append_candidate,direct,
lindt,lindt,Lindt & Sprüngli,direct,snacks,NORDICS|FRANCE|DACH,NORDICS|FRANCE|DACH,Denmark,layer3_review_decision_20260824,explicit_company_mapping_from_layer3_review,map to Lindt & Sprüngli,Manual review / complex ownership,Manual review / complex ownership,1,Known Lindt brand / line.,Hello my name is Sweet Popcorn,Lindt,append_candidate,direct,
lindt,lindt,Lindt & Sprüngli,direct,snacks,NORDICS|FRANCE|DACH|UK_IE,NORDICS|FRANCE|DACH|UK_IE,Aland Islands,layer3_review_decision_20260824,explicit_company_mapping_from_layer3_review,map to Lindt & Sprüngli,Manual review / complex ownership,Manual review / complex ownership,1,Known Lindt brand / line.,Lindt Schokolade Goldhase,Lindt,append_candidate,direct,
lindt,lindt,Lindt & Sprüngli,direct,snacks,NORDICS|FRANCE|UK_IE,NORDICS|FRANCE|UK_IE,Australia,layer3_review_decision_20260824,explicit_company_mapping_from_layer3_review,map to Lindt & Sprüngli,Manual review / complex ownership,Manual review / complex ownership,1,Known Lindt brand / line.,Lindt Excellence Milk Chocolate 100g,Lindt,append_candidate,direct,
lindt,lindt,Lindt & Sprüngli,direct,snacks,UK_IE,UK_IE,Czech Republic,layer3_review_decision_20260824,explicit_company_mapping_from_layer3_review,map to Lindt & Sprüngli,Manual review / complex ownership,Manual review / complex ownership,1,Known Lindt brand / line.,Vegan Hazelnut Chocolate Bar,Lindt,append_candidate,direct,
lindt,lindt,Lindt & Sprüngli,direct,snacks,UK_IE,UK_IE,Ireland,layer3_review_decision_20260824,explicit_company_mapping_from_layer3_review,map to Lindt & Sprüngli,Manual review / complex ownership,Manual review / complex ownership,1,Known Lindt brand / line.,"Cranberry, Almond & Hazelnut",Lindt,append_candidate,direct,
lindt,lindt,Lindt & Sprüngli,direct,snacks,UK_IE|US_CANADA,UK_IE|US_CANADA,Czech Republic,layer3_review_decision_20260824,explicit_company_mapping_from_layer3_review,map to Lindt & Sprüngli,Manual review / complex ownership,Manual review / complex ownership,1,Known Lindt brand / line.,Vegan Caramel Sea Salt Chocolate,Lindt,append_candidate,direct,
lindt,lindt,Lindt & Sprüngli,direct,snacks,US_CANADA,US_CANADA,Bolivia,layer3_review_decision_20260824,explicit_company_mapping_from_layer3_review,map to Lindt & Sprüngli,Manual review / complex ownership,Other / not mapped to a company,1,Known Lindt brand / line.,Lindor Assorted Dark Chocolate Truffles,"Lindor,Lindt",append_candidate,direct,
lindt excellence,lindt excellence,Lindt & Sprüngli,direct,snacks,BENELUX|FRANCE|DACH|UK_IE|SOUTHERN_EUROPE,BENELUX|FRANCE|DACH|UK_IE|SOUTHERN_EUROPE,Australia,layer3_review_decision_20260824,explicit_company_mapping_from_layer3_review,map to Lindt & Sprüngli,Other / not mapped to a company,Manual review / complex ownership,1,Known Lindt brand / line.,78% cacao,Lindt EXCELLENCE,append_candidate,direct,
lindt excellence,lindt excellence,Lindt & Sprüngli,direct,snacks,DACH|BENELUX|FRANCE|SOUTHERN_EUROPE|UK_IE,DACH|BENELUX|FRANCE|SOUTHERN_EUROPE|UK_IE,Australia,layer3_review_decision_20260824,explicit_company_mapping_from_layer3_review,map to Lindt & Sprüngli,Other / not mapped to a company,Manual review / complex ownership,1,Known Lindt brand / line.,Dark absolute 99% cacao,Lindt EXCELLENCE,append_candidate,direct,
lindt excellence,lindt excellence,Lindt & Sprüngli,direct,snacks,FRANCE|DACH,FRANCE|DACH,France,layer3_review_decision_20260824,explicit_company_mapping_from_layer3_review,map to Lindt & Sprüngli,Other / not mapped to a company,Manual review / complex ownership,1,Known Lindt brand / line.,Excellence Noir à la Pointe de Fleur de Sel,Lindt EXCELLENCE,append_candidate,direct,
lindt excellence,lindt excellence,Lindt & Sprüngli,direct,snacks,FRANCE|US_CANADA,FRANCE|US_CANADA,France,layer3_review_decision_20260824,explicit_company_mapping_from_layer3_review,map to Lindt & Sprüngli,Other / not mapped to a company,Manual review / complex ownership,1,Known Lindt brand / line.,Lindt Excellence,Lindt Excellence,append_candidate,direct,
lindt excellence,lindt excellence,Lindt & Sprüngli,direct,snacks,NORDICS|FRANCE|SOUTHERN_EUROPE|DACH|UK_IE,NORDICS|FRANCE|SOUTHERN_EUROPE|DACH|UK_IE,Australia,layer3_review_decision_20260824,explicit_company_mapping_from_layer3_review,map to Lindt & Sprüngli,Other / not mapped to a company,Manual review / complex ownership,1,Known Lindt brand / line.,Dunkle Schweizer Schokolade mit Chili-Extrakt,Lindt Excellence,append_candidate,direct,
lindt excellence,lindt excellence,Lindt & Sprüngli,direct,snacks,UK_IE,UK_IE,Ireland,layer3_review_decision_20260824,explicit_company_mapping_from_layer3_review,map to Lindt & Sprüngli,Other / not mapped to a company,Manual review / complex ownership,1,Known Lindt brand / line.,Mint Intense Dark Chocolate,Lindt Excellence,append_candidate,direct,
lion,lion,Nestlé,direct,beverages,FRANCE,FRANCE,France,layer3_review_decision_20260824,explicit_company_mapping_from_layer3_review,map to Nestlé,Manual review / complex ownership,Other / not mapped to a company,1,Known Nestlé brand / brand line missing from proposed company mapping.,Lion 8 bière blonde,"Brasserie Lion, Lion",append_candidate,direct,
lion,lion,Nestlé,direct,beverages,US_CANADA,US_CANADA,United States,layer3_review_decision_20260824,explicit_company_mapping_from_layer3_review,map to Nestlé,Manual review / complex ownership,Manual review / complex ownership,1,Known Nestlé brand / brand line missing from proposed company mapping.,Coffee,Lion,append_candidate,direct,
lion,lion,Nestlé,direct,cereals,DACH|FRANCE,DACH|FRANCE,Austria,layer3_review_decision_20260824,explicit_company_mapping_from_layer3_review,map to Nestlé,Manual review / complex ownership,Manual review / complex ownership,1,Known Nestlé brand / brand line missing from proposed company mapping.,Crunchy muesli Lion,"Nestlé, Lion",append_candidate,direct,
lion,lion,Nestlé,direct,cereals,FRANCE|DACH,FRANCE|DACH,France,layer3_review_decision_20260824,explicit_company_mapping_from_layer3_review,map to Nestlé,Manual review / complex ownership,Manual review / complex ownership,1,Known Nestlé brand / brand line missing from proposed company mapping.,"NESTLE LION Céréales 1,05 kg","Nestlé, Lion",append_candidate,direct,
lion,lion,Nestlé,direct,cereals,FRANCE|US_CANADA,FRANCE|US_CANADA,France,layer3_review_decision_20260824,explicit_company_mapping_from_layer3_review,map to Nestlé,Manual review / complex ownership,Manual review / complex ownership,1,Known Nestlé brand / brand line missing from proposed company mapping.,Céréales Lion Caramel & Chocolat,"Nestlé, Lion",append_candidate,direct,
lion,lion,Nestlé,direct,snacks,BENELUX|NORDICS|FRANCE,BENELUX|NORDICS|FRANCE,Belgium,layer3_review_decision_20260824,explicit_company_mapping_from_layer3_review,map to Nestlé,Manual review / complex ownership,Manual review / complex ownership,1,Known Nestlé brand / brand line missing from proposed company mapping.,LION Barres chocolatées,"Lion, Nestlé",append_candidate,direct,
lion,lion,Nestlé,direct,snacks,FRANCE,FRANCE,Belarus,layer3_review_decision_20260824,explicit_company_mapping_from_layer3_review,map to Nestlé,Manual review / complex ownership,Manual review / complex ownership,1,Known Nestlé brand / brand line missing from proposed company mapping.,Lion,"Nestlé, Lion",append_candidate,direct,
lion,lion,Nestlé,direct,snacks,FRANCE,FRANCE,Egypt,layer3_review_decision_20260824,explicit_company_mapping_from_layer3_review,map to Nestlé,Manual review / complex ownership,Manual review / complex ownership,1,Known Nestlé brand / brand line missing from proposed company mapping.,Lion Peanut,"Nestlé, Lion",append_candidate,direct,
lion,lion,Nestlé,direct,snacks,FRANCE|BENELUX|SOUTHERN_EUROPE,FRANCE|BENELUX|SOUTHERN_EUROPE,France,layer3_review_decision_20260824,explicit_company_mapping_from_layer3_review,map to Nestlé,Manual review / complex ownership,Manual review / complex ownership,1,Known Nestlé brand / brand line missing from proposed company mapping.,LION Barres chocolatées - 3x42g,"Lion, Nestlé",append_candidate,direct,
lion,lion,Nestlé,direct,snacks,FRANCE|DACH|BENELUX|SOUTHERN_EUROPE,FRANCE|DACH|BENELUX|SOUTHERN_EUROPE,France,layer3_review_decision_20260824,explicit_company_mapping_from_layer3_review,map to Nestlé,Manual review / complex ownership,Manual review / complex ownership,1,Known Nestlé brand / brand line missing from proposed company mapping.,LION Brownie (5x30g),"Nestlé,Lion",append_candidate,direct,
lion,lion,Nestlé,direct,snacks,FRANCE|NORDICS,FRANCE|NORDICS,France,layer3_review_decision_20260824,explicit_company_mapping_from_layer3_review,map to Nestlé,Manual review / complex ownership,Manual review / complex ownership,1,Known Nestlé brand / brand line missing from proposed company mapping.,Lion 2 go,"Nestlé, Lion",append_candidate,direct,
lion,lion,Nestlé,direct,snacks,NORDICS|FRANCE|DACH,NORDICS|FRANCE|DACH,Denmark,layer3_review_decision_20260824,explicit_company_mapping_from_layer3_review,map to Nestlé,Manual review / complex ownership,Manual review / complex ownership,1,Known Nestlé brand / brand line missing from proposed company mapping.,Lion,"Nestlé, Lion",append_candidate,direct,
marque repere,marque repere,E.Leclerc,direct,beverages,FRANCE,FRANCE,Algeria,layer3_review_decision_20260824,explicit_company_mapping_from_layer3_review,map to E.Leclerc,Manual review / complex ownership,Manual review / complex ownership,1,Marque Repère is an E.Leclerc private-label brand.,Boisson au thé aromatisé mangue,"Marque Repère, Fresh Tea",append_candidate,direct,
marque repere,marque repere,E.Leclerc,direct,beverages,FRANCE,FRANCE,Andorra,layer3_review_decision_20260824,explicit_company_mapping_from_layer3_review,map to E.Leclerc,Manual review / complex ownership,Manual review / complex ownership,1,Marque Repère is an E.Leclerc private-label brand.,,"Marque Repère, Tiséa",append_candidate,direct,
marque repere,marque repere,E.Leclerc,direct,snacks,FRANCE,FRANCE,Algeria,layer3_review_decision_20260824,explicit_company_mapping_from_layer3_review,map to E.Leclerc,Manual review / complex ownership,Other / not mapped to a company,1,Marque Repère is an E.Leclerc private-label brand.,La Gaufrette Praliné noisette,"P'tit Déli, Marque Repère",append_candidate,direct,
marque repere,marque repere,E.Leclerc,direct,snacks,FRANCE|DACH,FRANCE|DACH,France,layer3_review_decision_20260824,explicit_company_mapping_from_layer3_review,map to E.Leclerc,Manual review / complex ownership,Other / not mapped to a company,1,Marque Repère is an E.Leclerc private-label brand.,La Génoise - Goût Framboise Cassis,"P'tit Déli, Marque Repère, Griesson - de Beukelaer",append_candidate,direct,
marque repere,marque repere,E.Leclerc,direct,snacks,FRANCE|DACH|SOUTHERN_EUROPE,FRANCE|DACH|SOUTHERN_EUROPE,France,layer3_review_decision_20260824,explicit_company_mapping_from_layer3_review,map to E.Leclerc,Manual review / complex ownership,Other / not mapped to a company,1,Marque Repère is an E.Leclerc private-label brand.,Barres céréales flocons d'avoine et chocolat sans gluten x 6,"Chaque Jour Sans Gluten, Marque Repère",append_candidate,direct,
marque repere,marque repere,E.Leclerc,direct,snacks,FRANCE|US_CANADA,FRANCE|US_CANADA,France,layer3_review_decision_20260824,explicit_company_mapping_from_layer3_review,map to E.Leclerc,Manual review / complex ownership,Manual review / complex ownership,1,Marque Repère is an E.Leclerc private-label brand.,Pains au chocolat x 12 - format familial,"Marque Repère, Épi d'Or",append_candidate,direct,
marque repere delisse,marque repere delisse,E.Leclerc,direct,dairies,FRANCE,FRANCE,France,layer3_review_decision_20260824,explicit_company_mapping_from_layer3_review,map to E.Leclerc,Other / not mapped to a company,Manual review / complex ownership,1,Marque Repère is an E.Leclerc private-label brand.,creme legere fluide,marque repere delisse,append_candidate,direct,
marque repere epi d or,marque repere epi d or,E.Leclerc,direct,snacks,FRANCE,FRANCE,France,layer3_review_decision_20260824,explicit_company_mapping_from_layer3_review,map to E.Leclerc,Other / not mapped to a company,Other / not mapped to a company,1,Marque Repère is an E.Leclerc private-label brand.,Brioche tressée aux pépites de chocolat,Marque repère épi d\'or,append_candidate,direct,
marque repere leclerc,marque repere leclerc,E.Leclerc,direct,beverages,FRANCE,FRANCE,France,layer3_review_decision_20260824,explicit_company_mapping_from_layer3_review,map to E.Leclerc,Other / not mapped to a company,Manual review / complex ownership,1,Marque Repère is an E.Leclerc private-label brand.,Adrien Champaud Merlot rond & fruité,Marque repère Leclerc,append_candidate,direct,
marque repere leclerc,marque repere leclerc,E.Leclerc,direct,dairies,FRANCE,FRANCE,France,layer3_review_decision_20260824,explicit_company_mapping_from_layer3_review,map to E.Leclerc,Other / not mapped to a company,Manual review / complex ownership,1,Marque Repère is an E.Leclerc private-label brand.,Tiramisu pistache,marque repéré Leclerc,append_candidate,direct,
marque repere leclerc jafaden,marque repere leclerc jafaden,E.Leclerc,direct,beverages,US_CANADA,US_CANADA,United States,layer3_review_decision_20260824,explicit_company_mapping_from_layer3_review,map to E.Leclerc,Other / not mapped to a company,Manual review / complex ownership,1,Marque Repère is an E.Leclerc private-label brand.,100% Pur jus d'orange,Marque Repère Leclerc Jafaden,append_candidate,direct,
marque repere les croises,marque repere les croises,E.Leclerc,direct,dairies,FRANCE,FRANCE,France,layer3_review_decision_20260824,explicit_company_mapping_from_layer3_review,map to E.Leclerc,Other / not mapped to a company,Manual review / complex ownership,1,Marque Repère is an E.Leclerc private-label brand.,prim\'frais nature,marque repere les croisés,append_candidate,direct,
monoprix,monoprix,Monoprix,direct,beverages,FRANCE|DACH,FRANCE|DACH,France,layer3_review_decision_20260824,explicit_company_mapping_from_layer3_review,map to Monoprix,Manual review / complex ownership,Manual review / complex ownership,1,Obvious Monoprix retailer/private-label brand line.,"Infusion Après Repas réglisse, menthe et fenouil bio",Monoprix,append_candidate,direct,
monoprix,monoprix,Monoprix,direct,dairies,FRANCE|DACH,FRANCE|DACH,France,layer3_review_decision_20260824,explicit_company_mapping_from_layer3_review,map to Monoprix,Manual review / complex ownership,Manual review / complex ownership,1,Obvious Monoprix retailer/private-label brand line.,Grana panado,Monoprix,append_candidate,direct,
monoprix gourmet,monoprix gourmet,Monoprix,direct,dairies,FRANCE|SOUTHERN_EUROPE,FRANCE|SOUTHERN_EUROPE,France,layer3_review_decision_20260824,explicit_company_mapping_from_layer3_review,map to Monoprix,Other / not mapped to a company,Manual review / complex ownership,1,Obvious Monoprix retailer/private-label brand line.,Parmigiano reggiano,Monoprix gourmet,append_candidate,direct,
monoprix gourmetmonoprix,monoprix gourmetmonoprix,Monoprix,direct,dairies,FRANCE,FRANCE,France,layer3_review_decision_20260824,explicit_company_mapping_from_layer3_review,map to Monoprix,Other / not mapped to a company,Manual review / complex ownership,1,Obvious Monoprix retailer/private-label brand line.,Munster Fermier AOP,Monoprix GourmetMonoprix,append_candidate,direct,
monoprix ptit prix,monoprix ptit prix,Monoprix,direct,beverages,FRANCE,FRANCE,France,layer3_review_decision_20260824,explicit_company_mapping_from_layer3_review,map to Monoprix,Other / not mapped to a company,Other / not mapped to a company,1,Obvious Monoprix retailer/private-label brand line.,Jus d'orange à base de concentré,Monoprix P'tit Prix,append_candidate,direct,
nestle dessert,nestle dessert,Nestlé,direct,beverages,FRANCE,FRANCE,France,layer3_review_decision_20260824,explicit_company_mapping_from_layer3_review,map to Nestlé,Other / not mapped to a company,Manual review / complex ownership,1,Known Nestlé brand / brand line missing from proposed company mapping.,100% cacao,Nestlé Dessert,append_candidate,direct,
nestle dessert,nestle dessert,Nestlé,direct,cereals,FRANCE,FRANCE,France,layer3_review_decision_20260824,explicit_company_mapping_from_layer3_review,map to Nestlé,Other / not mapped to a company,Manual review / complex ownership,1,Known Nestlé brand / brand line missing from proposed company mapping.,Muesli voeni,Nestlé Dessert,append_candidate,direct,
paturage,paturage,Les Mousquetaires / Intermarché,direct,dairies,BENELUX|FRANCE,BENELUX|FRANCE,Belgium,layer3_review_decision_20260824,explicit_company_mapping_from_layer3_review,map to Les Mousquetaires / Intermarché,Other / not mapped to a company,Other / not mapped to a company,1,Pâturages is an Intermarché / Les Mousquetaires private-label dairy line.,Fromage fouetté,PÂTURAGE,append_candidate,direct,
paturage,paturage,Les Mousquetaires / Intermarché,direct,dairies,BENELUX|FRANCE|DACH,BENELUX|FRANCE|DACH,Belgium,layer3_review_decision_20260824,explicit_company_mapping_from_layer3_review,map to Les Mousquetaires / Intermarché,Other / not mapped to a company,Other / not mapped to a company,1,Pâturages is an Intermarché / Les Mousquetaires private-label dairy line.,skyr nature 460g,paturage,append_candidate,direct,
paturages,paturages,Les Mousquetaires / Intermarché,direct,dairies,FRANCE,FRANCE,Afghanistan,layer3_review_decision_20260824,explicit_company_mapping_from_layer3_review,map to Les Mousquetaires / Intermarché,Manual review / complex ownership,Manual review / complex ownership,1,Pâturages is an Intermarché / Les Mousquetaires private-label dairy line.,Yaourt a la grecque au caramel beurre sale 4x150g,Paturages,append_candidate,direct,
paturages,paturages,Les Mousquetaires / Intermarché,direct,dairies,FRANCE|BENELUX,FRANCE|BENELUX,France,layer3_review_decision_20260824,explicit_company_mapping_from_layer3_review,map to Les Mousquetaires / Intermarché,Manual review / complex ownership,Manual review / complex ownership,1,Pâturages is an Intermarché / Les Mousquetaires private-label dairy line.,Mozzarella di latte di bufala 3x100g,Paturages,append_candidate,direct,
paturages,paturages,Les Mousquetaires / Intermarché,direct,dairies,FRANCE|US_CANADA,FRANCE|US_CANADA,France,layer3_review_decision_20260824,explicit_company_mapping_from_layer3_review,map to Les Mousquetaires / Intermarché,Manual review / complex ownership,Manual review / complex ownership,1,Pâturages is an Intermarché / Les Mousquetaires private-label dairy line.,"Strawberry flavor granola + yogurt bar, strawberry",pâturages,append_candidate,direct,
paturages,paturages,Les Mousquetaires / Intermarché,direct,dairies,UK_IE,UK_IE,United Kingdom,layer3_review_decision_20260824,explicit_company_mapping_from_layer3_review,map to Les Mousquetaires / Intermarché,Manual review / complex ownership,Manual review / complex ownership,1,Pâturages is an Intermarché / Les Mousquetaires private-label dairy line.,Faisselle,Paturages,append_candidate,direct,
paturages bio intermarche,paturages bio intermarche,Les Mousquetaires / Intermarché,direct,dairies,FRANCE,FRANCE,France,layer3_review_decision_20260824,explicit_company_mapping_from_layer3_review,map to Les Mousquetaires / Intermarché,Other / not mapped to a company,Manual review / complex ownership,1,Pâturages is an Intermarché / Les Mousquetaires private-label dairy line.,Emmental râpé au lait cru bio,Pâturages Bio Intermarché,append_candidate,direct,
paturages comtois,paturages comtois,Les Mousquetaires / Intermarché,direct,dairies,FRANCE|BENELUX,FRANCE|BENELUX,France,layer3_review_decision_20260824,explicit_company_mapping_from_layer3_review,map to Les Mousquetaires / Intermarché,Other / not mapped to a company,Manual review / complex ownership,1,Pâturages is an Intermarché / Les Mousquetaires private-label dairy line.,Camembert 45% Камамбер Валь де Саон,"Paturages Comtois, Val de Saône",append_candidate,direct,
perugina,perugina,Nestlé,direct,dairies,FRANCE|SOUTHERN_EUROPE,FRANCE|SOUTHERN_EUROPE,France,layer3_review_decision_20260824,explicit_company_mapping_from_layer3_review,map to Nestlé,Other / not mapped to a company,Other / not mapped to a company,1,Known Nestlé brand / brand line missing from proposed company mapping.,Creme cioccolato al latte,Perugina,append_candidate,direct,
perugina,perugina,Nestlé,direct,snacks,FRANCE|SOUTHERN_EUROPE,FRANCE|SOUTHERN_EUROPE,France,layer3_review_decision_20260824,explicit_company_mapping_from_layer3_review,map to Nestlé,Other / not mapped to a company,Other / not mapped to a company,1,Known Nestlé brand / brand line missing from proposed company mapping.,Fondente extra semi di cacao,Perugina,append_candidate,direct,
perugina,perugina,Nestlé,direct,snacks,UK_IE,UK_IE,United Kingdom,layer3_review_decision_20260824,explicit_company_mapping_from_layer3_review,map to Nestlé,Other / not mapped to a company,Other / not mapped to a company,1,Known Nestlé brand / brand line missing from proposed company mapping.,Perugina Italia. Extra dark chocolate,"Perugina, Nestlé",append_candidate,direct,
perugina,perugina,Nestlé,direct,snacks,US_CANADA,US_CANADA,United States,layer3_review_decision_20260824,explicit_company_mapping_from_layer3_review,map to Nestlé,Other / not mapped to a company,Other / not mapped to a company,1,Known Nestlé brand / brand line missing from proposed company mapping.,"Bittersweet Chocolate Bar, 70% Cacao",Perugina,append_candidate,direct,
produit carrefour,produit carrefour,Carrefour,direct,beverages,BENELUX|FRANCE,BENELUX|FRANCE,Belgium,layer3_review_decision_20260824,explicit_company_mapping_from_layer3_review,map to Carrefour,Other / not mapped to a company,Other / not mapped to a company,1,"Carrefour brand/private-label/store-format row; brand entity should stay as normalized_brand, parent_company should be Carrefour.",Café filtre,"produit Carrefour, Carrefour",append_candidate,direct,
président,président,Lactalis,direct,dairies,BENELUX|FRANCE|DACH|SOUTHERN_EUROPE,BENELUX|FRANCE|DACH|SOUTHERN_EUROPE,Belgium,layer3_review_decision_20260824,explicit_company_mapping_from_layer3_review,map to Lactalis,Manual review / complex ownership,Other / not mapped to a company,1,Known Lactalis brand.,Queso camembert,"Lactalis, President",append_candidate,direct,
président,président,Lactalis,direct,dairies,BENELUX|FRANCE|DACH|SOUTHERN_EUROPE|UK_IE,BENELUX|FRANCE|DACH|SOUTHERN_EUROPE|UK_IE,Belgium,layer3_review_decision_20260824,explicit_company_mapping_from_layer3_review,map to Lactalis,Manual review / complex ownership,Manual review / complex ownership,1,Known Lactalis brand.,12,Président,append_candidate,direct,
président,président,Lactalis,direct,dairies,BENELUX|FRANCE|SOUTHERN_EUROPE|DACH,BENELUX|FRANCE|SOUTHERN_EUROPE|DACH,Belgium,layer3_review_decision_20260824,explicit_company_mapping_from_layer3_review,map to Lactalis,Manual review / complex ownership,Other / not mapped to a company,1,Known Lactalis brand.,Mantequilla fácil de untar,"Lactalis, Président",append_candidate,direct,
président,président,Lactalis,direct,dairies,BENELUX|FRANCE|UK_IE,BENELUX|FRANCE|UK_IE,Belgium,layer3_review_decision_20260824,explicit_company_mapping_from_layer3_review,map to Lactalis,Manual review / complex ownership,Manual review / complex ownership,1,Known Lactalis brand.,Tartinable Smeerbaar,PRÉSIDENT,append_candidate,direct,
président,président,Lactalis,direct,dairies,BENELUX|FRANCE|UK_IE,BENELUX|FRANCE|UK_IE,Belgium,layer3_review_decision_20260824,explicit_company_mapping_from_layer3_review,map to Lactalis,Manual review / complex ownership,Other / not mapped to a company,1,Known Lactalis brand.,President spreadable lightly salted,"Lactalis, Président",append_candidate,direct,
président,président,Lactalis,direct,dairies,DACH|BENELUX|FRANCE,DACH|BENELUX|FRANCE,Austria,layer3_review_decision_20260824,explicit_company_mapping_from_layer3_review,map to Lactalis,Manual review / complex ownership,Manual review / complex ownership,1,Known Lactalis brand.,PRESIDENT BRIQUE FONDANTE CHEVRE 150g,Président,append_candidate,direct,
président,président,Lactalis,direct,dairies,FRANCE,FRANCE,Algeria,layer3_review_decision_20260824,explicit_company_mapping_from_layer3_review,map to Lactalis,Manual review / complex ownership,Manual review / complex ownership,1,Known Lactalis brand.,Fromage portions,président,append_candidate,direct,
président,président,Lactalis,direct,dairies,FRANCE,FRANCE,Bulgaria,layer3_review_decision_20260824,explicit_company_mapping_from_layer3_review,map to Lactalis,Manual review / complex ownership,Other / not mapped to a company,1,Known Lactalis brand.,Пълномаслено синьо сирене Le Blue,"Lactalis, Président",append_candidate,direct,
président,président,Lactalis,direct,dairies,FRANCE,FRANCE,Cote D Ivoire,layer3_review_decision_20260824,explicit_company_mapping_from_layer3_review,map to Lactalis,Manual review / complex ownership,Manual review / complex ownership,1,Known Lactalis brand.,Spécialité laitière fluide stérilisée UHT à 4% de mat.gr.,Président,append_candidate,direct,
président,président,Lactalis,direct,dairies,FRANCE,FRANCE,Czech Republic,layer3_review_decision_20260824,explicit_company_mapping_from_layer3_review,map to Lactalis,Manual review / complex ownership,Manual review / complex ownership,1,Known Lactalis brand.,Emmental classic,President,append_candidate,direct,
président,président,Lactalis,direct,dairies,FRANCE|DACH|SOUTHERN_EUROPE,FRANCE|DACH|SOUTHERN_EUROPE,Czech Republic,layer3_review_decision_20260824,explicit_company_mapping_from_layer3_review,map to Lactalis,Manual review / complex ownership,Manual review / complex ownership,1,Known Lactalis brand.,Coulommiers,Président,append_candidate,direct,
président,président,Lactalis,direct,dairies,FRANCE|DACH|SOUTHERN_EUROPE,FRANCE|DACH|SOUTHERN_EUROPE,France,layer3_review_decision_20260824,explicit_company_mapping_from_layer3_review,map to Lactalis,Manual review / complex ownership,Manual review / complex ownership,1,Known Lactalis brand.,La Brique Fondante,Président,append_candidate,direct,
président,président,Lactalis,direct,dairies,FRANCE|DACH|UK_IE,FRANCE|DACH|UK_IE,Brazil,layer3_review_decision_20260824,explicit_company_mapping_from_layer3_review,map to Lactalis,Manual review / complex ownership,Manual review / complex ownership,1,Known Lactalis brand.,La crème des chefs ferme et onctueuse gastronomique,President,append_candidate,direct,
président,président,Lactalis,direct,dairies,FRANCE|NORDICS,FRANCE|NORDICS,France,layer3_review_decision_20260824,explicit_company_mapping_from_layer3_review,map to Lactalis,Manual review / complex ownership,Other / not mapped to a company,1,Known Lactalis brand.,8,"Lactalis, Président",append_candidate,direct,
président,président,Lactalis,direct,dairies,FRANCE|SOUTHERN_EUROPE,FRANCE|SOUTHERN_EUROPE,Andorra,layer3_review_decision_20260824,explicit_company_mapping_from_layer3_review,map to Lactalis,Manual review / complex ownership,Manual review / complex ownership,1,Known Lactalis brand.,President Semi BR.1L,"Président,Lactalis",append_candidate,direct,
président,président,Lactalis,direct,dairies,FRANCE|SOUTHERN_EUROPE,FRANCE|SOUTHERN_EUROPE,Australia,layer3_review_decision_20260824,explicit_company_mapping_from_layer3_review,map to Lactalis,Manual review / complex ownership,Manual review / complex ownership,1,Known Lactalis brand.,President comte le montarlier affine 6 mois 220g,President,append_candidate,direct,
président,président,Lactalis,direct,dairies,FRANCE|SOUTHERN_EUROPE,FRANCE|SOUTHERN_EUROPE,Bulgaria,layer3_review_decision_20260824,explicit_company_mapping_from_layer3_review,map to Lactalis,Manual review / complex ownership,Manual review / complex ownership,1,Known Lactalis brand.,Beurre Léger Doux 40% MG,Président,append_candidate,direct,
président,président,Lactalis,direct,dairies,FRANCE|UK_IE,FRANCE|UK_IE,Bulgaria,layer3_review_decision_20260824,explicit_company_mapping_from_layer3_review,map to Lactalis,Manual review / complex ownership,Manual review / complex ownership,1,Known Lactalis brand.,Краве масло 82%,Président,append_candidate,direct,
président,président,Lactalis,direct,dairies,FRANCE|US_CANADA,FRANCE|US_CANADA,France,layer3_review_decision_20260824,explicit_company_mapping_from_layer3_review,map to Lactalis,Manual review / complex ownership,Manual review / complex ownership,1,Known Lactalis brand.,Brie,President,append_candidate,direct,
président,président,Lactalis,direct,dairies,NORDICS|FRANCE|BENELUX|SOUTHERN_EUROPE,NORDICS|FRANCE|BENELUX|SOUTHERN_EUROPE,Denmark,layer3_review_decision_20260824,explicit_company_mapping_from_layer3_review,map to Lactalis,Manual review / complex ownership,Manual review / complex ownership,1,Known Lactalis brand.,le Brie Gourmet,Président,append_candidate,direct,
président,président,Lactalis,direct,dairies,NORDICS|FRANCE|SOUTHERN_EUROPE,NORDICS|FRANCE|SOUTHERN_EUROPE,Denmark,layer3_review_decision_20260824,explicit_company_mapping_from_layer3_review,map to Lactalis,Manual review / complex ownership,Manual review / complex ownership,1,Known Lactalis brand.,Emmental Cœur de Meule,Président,append_candidate,direct,
président,président,Lactalis,direct,dairies,NORDICS|FRANCE|UK_IE,NORDICS|FRANCE|UK_IE,Denmark,layer3_review_decision_20260824,explicit_company_mapping_from_layer3_review,map to Lactalis,Manual review / complex ownership,Manual review / complex ownership,1,Known Lactalis brand.,"Emmental Grated (27,9 % MG)",Président,append_candidate,direct,
président,président,Lactalis,direct,dairies,NORDICS|UK_IE,NORDICS|UK_IE,Denmark,layer3_review_decision_20260824,explicit_company_mapping_from_layer3_review,map to Lactalis,Manual review / complex ownership,Manual review / complex ownership,1,Known Lactalis brand.,Emmental,Président,append_candidate,direct,
président,président,Lactalis,direct,dairies,UK_IE,UK_IE,Czech Republic,layer3_review_decision_20260824,explicit_company_mapping_from_layer3_review,map to Lactalis,Manual review / complex ownership,Manual review / complex ownership,1,Known Lactalis brand.,Emmental,Président,append_candidate,direct,
président,président,Lactalis,direct,dairies,US_CANADA,US_CANADA,Mexico,layer3_review_decision_20260824,explicit_company_mapping_from_layer3_review,map to Lactalis,Manual review / complex ownership,Manual review / complex ownership,1,Known Lactalis brand.,Feta Chunk,President,append_candidate,direct,
président,président,Lactalis,direct,dairies,US_CANADA,US_CANADA,Morocco,layer3_review_decision_20260824,explicit_company_mapping_from_layer3_review,map to Lactalis,Manual review / complex ownership,Manual review / complex ownership,1,Known Lactalis brand.,Lait entier,President,append_candidate,direct,
président,président,Lactalis,direct,dairies,US_CANADA|FRANCE|DACH,US_CANADA|FRANCE|DACH,Canada,layer3_review_decision_20260824,explicit_company_mapping_from_layer3_review,map to Lactalis,Manual review / complex ownership,Manual review / complex ownership,1,Known Lactalis brand.,Le Saint Morgon (23% MG),Président,append_candidate,direct,
quaker,quaker,PepsiCo,direct,beverages,US_CANADA,US_CANADA,United States,layer3_review_decision_20260824,explicit_company_mapping_from_layer3_review,map to PepsiCo,Manual review / complex ownership,Manual review / complex ownership,1,Known PepsiCo brand / regional alias missing from proposed mapping.,Quaker Strawberry Breakfast Shake (4-11.1 Fl Oz) 44.4 Fluid Ounce 4 Pack Plastic Bottles,Quaker,append_candidate,direct,
quaker,quaker,PepsiCo,direct,cereals,BENELUX|FRANCE|DACH,BENELUX|FRANCE|DACH,Belgium,layer3_review_decision_20260824,explicit_company_mapping_from_layer3_review,map to PepsiCo,Manual review / complex ownership,Other / not mapped to a company,1,Known PepsiCo brand / regional alias missing from proposed mapping.,Oats - Flocons d'avoine,"Pepsico, Quaker",append_candidate,direct,
quaker,quaker,PepsiCo,direct,cereals,BENELUX|FRANCE|DACH|SOUTHERN_EUROPE|UK_IE,BENELUX|FRANCE|DACH|SOUTHERN_EUROPE|UK_IE,Belgium,layer3_review_decision_20260824,explicit_company_mapping_from_layer3_review,map to PepsiCo,Manual review / complex ownership,Manual review / complex ownership,1,Known PepsiCo brand / regional alias missing from proposed mapping.,cruesly mélange de noix,Quaker,append_candidate,direct,
quaker,quaker,PepsiCo,direct,cereals,BENELUX|FRANCE|SOUTHERN_EUROPE,BENELUX|FRANCE|SOUTHERN_EUROPE,Belgium,layer3_review_decision_20260824,explicit_company_mapping_from_layer3_review,map to PepsiCo,Manual review / complex ownership,Other / not mapped to a company,1,Known PepsiCo brand / regional alias missing from proposed mapping.,Hunky baked granola nuts & seeds,"PepsiCo, Quaker",append_candidate,direct,
quaker,quaker,PepsiCo,direct,cereals,BENELUX|FRANCE|SOUTHERN_EUROPE|DACH|UK_IE,BENELUX|FRANCE|SOUTHERN_EUROPE|DACH|UK_IE,Belgium,layer3_review_decision_20260824,explicit_company_mapping_from_layer3_review,map to PepsiCo,Manual review / complex ownership,Manual review / complex ownership,1,Known PepsiCo brand / regional alias missing from proposed mapping.,Flocons d'avoine complète,Quaker,append_candidate,direct,
quaker,quaker,PepsiCo,direct,cereals,DACH|FRANCE,DACH|FRANCE,Austria,layer3_review_decision_20260824,explicit_company_mapping_from_layer3_review,map to PepsiCo,Manual review / complex ownership,Manual review / complex ownership,1,Known PepsiCo brand / regional alias missing from proposed mapping.,Porridge to go,Quaker,append_candidate,direct,
quaker,quaker,PepsiCo,direct,cereals,DACH|FRANCE|UK_IE,DACH|FRANCE|UK_IE,Austria,layer3_review_decision_20260824,explicit_company_mapping_from_layer3_review,map to PepsiCo,Manual review / complex ownership,Manual review / complex ownership,1,Known PepsiCo brand / regional alias missing from proposed mapping.,Porridge to go,Quaker,append_candidate,direct,
quaker,quaker,PepsiCo,direct,cereals,DACH|UK_IE,DACH|UK_IE,Austria,layer3_review_decision_20260824,explicit_company_mapping_from_layer3_review,map to PepsiCo,Manual review / complex ownership,Manual review / complex ownership,1,Known PepsiCo brand / regional alias missing from proposed mapping.,quaker original,Quaker,append_candidate,direct,
quaker,quaker,PepsiCo,direct,cereals,DACH|US_CANADA,DACH|US_CANADA,Germany,layer3_review_decision_20260824,explicit_company_mapping_from_layer3_review,map to PepsiCo,Manual review / complex ownership,Manual review / complex ownership,1,Known PepsiCo brand / regional alias missing from proposed mapping.,Quick 5-minute grits,Quaker,append_candidate,direct,
quaker,quaker,PepsiCo,direct,cereals,FRANCE,FRANCE,Cyprus,layer3_review_decision_20260824,explicit_company_mapping_from_layer3_review,map to PepsiCo,Manual review / complex ownership,Manual review / complex ownership,1,Known PepsiCo brand / regional alias missing from proposed mapping.,Quaker Oats Tin,"Quaker, Quaker Νιφάδες Βρώμης Ολικής Άλεσης",append_candidate,direct,
quaker,quaker,PepsiCo,direct,cereals,FRANCE,FRANCE,Ethiopia,layer3_review_decision_20260824,explicit_company_mapping_from_layer3_review,map to PepsiCo,Manual review / complex ownership,Manual review / complex ownership,1,Known PepsiCo brand / regional alias missing from proposed mapping.,White Oats,Quaker,append_candidate,direct,
quaker,quaker,PepsiCo,direct,cereals,FRANCE|BENELUX,FRANCE|BENELUX,France,layer3_review_decision_20260824,explicit_company_mapping_from_layer3_review,map to PepsiCo,Manual review / complex ownership,Other / not mapped to a company,1,Known PepsiCo brand / regional alias missing from proposed mapping.,Havermout - Flocons d'avoine granola,"PepsiCo, Quaker",append_candidate,direct,
quaker,quaker,PepsiCo,direct,cereals,FRANCE|DACH,FRANCE|DACH,France,layer3_review_decision_20260824,explicit_company_mapping_from_layer3_review,map to PepsiCo,Manual review / complex ownership,Manual review / complex ownership,1,Known PepsiCo brand / regional alias missing from proposed mapping.,Quaker Oats,Quaker,append_candidate,direct,
quaker,quaker,PepsiCo,direct,cereals,FRANCE|DACH,FRANCE|DACH,France,layer3_review_decision_20260824,explicit_company_mapping_from_layer3_review,map to PepsiCo,Manual review / complex ownership,Other / not mapped to a company,1,Known PepsiCo brand / regional alias missing from proposed mapping.,Quaker Cruesli Chocolat noisette,"Cruesli,PepsiCo,QUAKER,Quarker",append_candidate,direct,
quaker,quaker,PepsiCo,direct,cereals,FRANCE|DACH|SOUTHERN_EUROPE|US_CANADA,FRANCE|DACH|SOUTHERN_EUROPE|US_CANADA,France,layer3_review_decision_20260824,explicit_company_mapping_from_layer3_review,map to PepsiCo,Manual review / complex ownership,Manual review / complex ownership,1,Known PepsiCo brand / regional alias missing from proposed mapping.,Maple & Brown Sugar Instant Oatmeal,"Quaker,Pepsico",append_candidate,direct,
quaker,quaker,PepsiCo,direct,cereals,FRANCE|SOUTHERN_EUROPE,FRANCE|SOUTHERN_EUROPE,Argentina,layer3_review_decision_20260824,explicit_company_mapping_from_layer3_review,map to PepsiCo,Manual review / complex ownership,Manual review / complex ownership,1,Known PepsiCo brand / regional alias missing from proposed mapping.,Honey nut oats,Quaker,append_candidate,direct,
quaker,quaker,PepsiCo,direct,cereals,FRANCE|SOUTHERN_EUROPE,FRANCE|SOUTHERN_EUROPE,Cote D Ivoire,layer3_review_decision_20260824,explicit_company_mapping_from_layer3_review,map to PepsiCo,Manual review / complex ownership,Manual review / complex ownership,1,Known PepsiCo brand / regional alias missing from proposed mapping.,Quaker white oats,Quaker,append_candidate,direct,
quaker,quaker,PepsiCo,direct,cereals,FRANCE|SOUTHERN_EUROPE,FRANCE|SOUTHERN_EUROPE,France,layer3_review_decision_20260824,explicit_company_mapping_from_layer3_review,map to PepsiCo,Manual review / complex ownership,Other / not mapped to a company,1,Known PepsiCo brand / regional alias missing from proposed mapping.,Cruesli Chocolate,"PepsiCo, Quaker",append_candidate,direct,
quaker,quaker,PepsiCo,direct,cereals,FRANCE|SOUTHERN_EUROPE|DACH,FRANCE|SOUTHERN_EUROPE|DACH,France,layer3_review_decision_20260824,explicit_company_mapping_from_layer3_review,map to PepsiCo,Manual review / complex ownership,Manual review / complex ownership,1,Known PepsiCo brand / regional alias missing from proposed mapping.,,QUAKER,append_candidate,direct,
quaker,quaker,PepsiCo,direct,cereals,FRANCE|SOUTHERN_EUROPE|US_CANADA,FRANCE|SOUTHERN_EUROPE|US_CANADA,France,layer3_review_decision_20260824,explicit_company_mapping_from_layer3_review,map to PepsiCo,Manual review / complex ownership,Manual review / complex ownership,1,Known PepsiCo brand / regional alias missing from proposed mapping.,"Simply granola, oats, honey & almonds",Quaker,append_candidate,direct,
quaker,quaker,PepsiCo,direct,cereals,FRANCE|UK_IE|US_CANADA,FRANCE|UK_IE|US_CANADA,Cyprus,layer3_review_decision_20260824,explicit_company_mapping_from_layer3_review,map to PepsiCo,Manual review / complex ownership,Manual review / complex ownership,1,Known PepsiCo brand / regional alias missing from proposed mapping.,Quick Cooking White Oats,Quaker,append_candidate,direct,
quaker,quaker,PepsiCo,direct,cereals,UK_IE,UK_IE,European Union,layer3_review_decision_20260824,explicit_company_mapping_from_layer3_review,map to PepsiCo,Manual review / complex ownership,Manual review / complex ownership,1,Known PepsiCo brand / regional alias missing from proposed mapping.,Apple And Raspberry Water,"Quaker, Quaker Oats, Aldi",append_candidate,direct,
quaker,quaker,PepsiCo,direct,cereals,UK_IE,UK_IE,Serbia,layer3_review_decision_20260824,explicit_company_mapping_from_layer3_review,map to PepsiCo,Manual review / complex ownership,Manual review / complex ownership,1,Known PepsiCo brand / regional alias missing from proposed mapping.,Oat So Simple Original,"Quaker,Quaker Oats",append_candidate,direct,
quaker,quaker,PepsiCo,direct,cereals,US_CANADA,US_CANADA,Canada,layer3_review_decision_20260824,explicit_company_mapping_from_layer3_review,map to PepsiCo,Manual review / complex ownership,Manual review / complex ownership,1,Known PepsiCo brand / regional alias missing from proposed mapping.,"HARVEST CRUNCH PROTEIN OAT, HONEY & ALMOND FLAVOUR GRANOLA CEREAL",Quaker,append_candidate,direct,
quaker,quaker,PepsiCo,direct,cereals,US_CANADA,US_CANADA,Saint Martin,layer3_review_decision_20260824,explicit_company_mapping_from_layer3_review,map to PepsiCo,Manual review / complex ownership,Manual review / complex ownership,1,Known PepsiCo brand / regional alias missing from proposed mapping.,Avena with iron instant oats,Quaker,append_candidate,direct,
quaker,quaker,PepsiCo,direct,cereals,US_CANADA|FRANCE,US_CANADA|FRANCE,Canada,layer3_review_decision_20260824,explicit_company_mapping_from_layer3_review,map to PepsiCo,Manual review / complex ownership,Other / not mapped to a company,1,Known PepsiCo brand / regional alias missing from proposed mapping.,"Croque Nature chocolat noir, canneberges et amendes","PepsiCo, Quaker",append_candidate,direct,
quaker,quaker,PepsiCo,direct,cereals,US_CANADA|UK_IE,US_CANADA|UK_IE,Canada,layer3_review_decision_20260824,explicit_company_mapping_from_layer3_review,map to PepsiCo,Manual review / complex ownership,Manual review / complex ownership,1,Known PepsiCo brand / regional alias missing from proposed mapping.,Quaker oat so simple apple and blueberry,Quaker,append_candidate,direct,
quaker,quaker,PepsiCo,direct,dairies,US_CANADA,US_CANADA,United States,layer3_review_decision_20260824,explicit_company_mapping_from_layer3_review,map to PepsiCo,Manual review / complex ownership,Manual review / complex ownership,1,Known PepsiCo brand / regional alias missing from proposed mapping.,"Muller, nonfat greek yogurt, blackberry & raspberry",Quaker,append_candidate,direct,
quaker,quaker,PepsiCo,direct,snacks,BENELUX|FRANCE,BENELUX|FRANCE,Belgium,layer3_review_decision_20260824,explicit_company_mapping_from_layer3_review,map to PepsiCo,Manual review / complex ownership,Other / not mapped to a company,1,Known PepsiCo brand / regional alias missing from proposed mapping.,Havermout flocons d'avoine,"PepsiCo, Quaker",append_candidate,direct,
quaker,quaker,PepsiCo,direct,snacks,BENELUX|FRANCE|DACH,BENELUX|FRANCE|DACH,Belgium,layer3_review_decision_20260824,explicit_company_mapping_from_layer3_review,map to PepsiCo,Manual review / complex ownership,Manual review / complex ownership,1,Known PepsiCo brand / regional alias missing from proposed mapping.,"Havermount Flocons D'avoine , Haferflocken",Quaker,append_candidate,direct,
quaker,quaker,PepsiCo,direct,snacks,FRANCE,FRANCE,Colombia,layer3_review_decision_20260824,explicit_company_mapping_from_layer3_review,map to PepsiCo,Manual review / complex ownership,Manual review / complex ownership,1,Known PepsiCo brand / regional alias missing from proposed mapping.,Galleta Sabor Frutos Rojos,Quaker,append_candidate,direct,
quaker,quaker,PepsiCo,direct,snacks,SOUTHERN_EUROPE|US_CANADA,SOUTHERN_EUROPE|US_CANADA,Spain,layer3_review_decision_20260824,explicit_company_mapping_from_layer3_review,map to PepsiCo,Manual review / complex ownership,Manual review / complex ownership,1,Known PepsiCo brand / regional alias missing from proposed mapping.,APPLE CINNAMON RICE CRISPS,QUAKER,append_candidate,direct,
quaker,quaker,PepsiCo,direct,snacks,UK_IE,UK_IE,United Kingdom,layer3_review_decision_20260824,explicit_company_mapping_from_layer3_review,map to PepsiCo,Manual review / complex ownership,Manual review / complex ownership,1,Known PepsiCo brand / regional alias missing from proposed mapping.,porridge to go,Quaker,append_candidate,direct,
quaker,quaker,PepsiCo,direct,snacks,UK_IE|US_CANADA,UK_IE|US_CANADA,United Kingdom,layer3_review_decision_20260824,explicit_company_mapping_from_layer3_review,map to PepsiCo,Manual review / complex ownership,Manual review / complex ownership,1,Known PepsiCo brand / regional alias missing from proposed mapping.,Less sugar granola bars,Quaker,append_candidate,direct,
quaker,quaker,PepsiCo,direct,snacks,US_CANADA,US_CANADA,Canada,layer3_review_decision_20260824,explicit_company_mapping_from_layer3_review,map to PepsiCo,Manual review / complex ownership,Manual review / complex ownership,1,Known PepsiCo brand / regional alias missing from proposed mapping.,"Peanut butter protein bar, peanut butter",Quaker,append_candidate,direct,
sainsbury s,sainsbury s,Sainsbury's,direct,dairies,UK_IE,UK_IE,United Kingdom,layer3_review_decision_20260824,explicit_company_mapping_from_layer3_review,map to Sainsbury's,Other / not mapped to a company,Other / not mapped to a company,1,Obvious Sainsbury’s retailer/private-label brand line.,British single fresh cream,sainsbury s,append_candidate,direct,
sainsburys,sainsburys,Sainsbury's,direct,beverages,BENELUX|UK_IE,BENELUX|UK_IE,Netherlands,layer3_review_decision_20260824,explicit_company_mapping_from_layer3_review,map to Sainsbury's,Manual review / complex ownership,Manual review / complex ownership,1,Obvious Sainsbury’s retailer/private-label brand line.,Still Scottish Mountain Water,Sainsbury's,append_candidate,direct,
sainsburys,sainsburys,Sainsbury's,direct,beverages,DACH|UK_IE,DACH|UK_IE,Switzerland,layer3_review_decision_20260824,explicit_company_mapping_from_layer3_review,map to Sainsbury's,Manual review / complex ownership,Manual review / complex ownership,1,Obvious Sainsbury’s retailer/private-label brand line.,Echinacea & hibiscus infusion,Sainsbury's,append_candidate,direct,
sainsburys,sainsburys,Sainsbury's,direct,beverages,SOUTHERN_EUROPE|UK_IE,SOUTHERN_EUROPE|UK_IE,Italy,layer3_review_decision_20260824,explicit_company_mapping_from_layer3_review,map to Sainsbury's,Manual review / complex ownership,Manual review / complex ownership,1,Obvious Sainsbury’s retailer/private-label brand line.,Prosecco,Sainsbury's,append_candidate,direct,
sainsburys,sainsburys,Sainsbury's,direct,beverages,US_CANADA,US_CANADA,United States,layer3_review_decision_20260824,explicit_company_mapping_from_layer3_review,map to Sainsbury's,Manual review / complex ownership,Manual review / complex ownership,1,Obvious Sainsbury’s retailer/private-label brand line.,Americano Instant coffee,"Sainsbury's, By sainsbury's, Andes",append_candidate,direct,
sainsburys,sainsburys,Sainsbury's,direct,cereals,FRANCE|DACH|UK_IE,FRANCE|DACH|UK_IE,France,layer3_review_decision_20260824,explicit_company_mapping_from_layer3_review,map to Sainsbury's,Manual review / complex ownership,Manual review / complex ownership,1,Obvious Sainsbury’s retailer/private-label brand line.,Scottish Whole Rolled Oats,Sainsbury's,append_candidate,direct,
sainsburys,sainsburys,Sainsbury's,direct,cereals,FRANCE|SOUTHERN_EUROPE|UK_IE,FRANCE|SOUTHERN_EUROPE|UK_IE,France,layer3_review_decision_20260824,explicit_company_mapping_from_layer3_review,map to Sainsbury's,Manual review / complex ownership,Manual review / complex ownership,1,Obvious Sainsbury’s retailer/private-label brand line.,"Fruit, nut & seed Muesli",Sainsbury's,append_candidate,direct,
sainsburys,sainsburys,Sainsbury's,direct,cereals,SOUTHERN_EUROPE|UK_IE,SOUTHERN_EUROPE|UK_IE,Italy,layer3_review_decision_20260824,explicit_company_mapping_from_layer3_review,map to Sainsbury's,Manual review / complex ownership,Manual review / complex ownership,1,Obvious Sainsbury’s retailer/private-label brand line.,Chocolate Cornflake Clusters,Sainsbury's,append_candidate,direct,
sainsburys,sainsburys,Sainsbury's,direct,cereals,US_CANADA,US_CANADA,United States,layer3_review_decision_20260824,explicit_company_mapping_from_layer3_review,map to Sainsbury's,Manual review / complex ownership,Manual review / complex ownership,1,Obvious Sainsbury’s retailer/private-label brand line.,Strawberry Crisp,Sainsbury's,append_candidate,direct,
sainsburys,sainsburys,Sainsbury's,direct,dairies,SOUTHERN_EUROPE|UK_IE,SOUTHERN_EUROPE|UK_IE,Spain,layer3_review_decision_20260824,explicit_company_mapping_from_layer3_review,map to Sainsbury's,Manual review / complex ownership,Manual review / complex ownership,1,Obvious Sainsbury’s retailer/private-label brand line.,Sainsbury lemon yogurt,Sainsbury's,append_candidate,direct,
sainsburys,sainsburys,Sainsbury's,direct,snacks,FRANCE|NORDICS,FRANCE|NORDICS,France,layer3_review_decision_20260824,explicit_company_mapping_from_layer3_review,map to Sainsbury's,Manual review / complex ownership,Manual review / complex ownership,1,Obvious Sainsbury’s retailer/private-label brand line.,Creme De Peche Liqueur,"Sainsbury's, Green & Black's",append_candidate,direct,
sainsburys,sainsburys,Sainsbury's,direct,snacks,US_CANADA,US_CANADA,United States,layer3_review_decision_20260824,explicit_company_mapping_from_layer3_review,map to Sainsbury's,Manual review / complex ownership,Manual review / complex ownership,1,Obvious Sainsbury’s retailer/private-label brand line.,Organic Cheese and Herb Stars,Sainsbury's,append_candidate,direct,
sainsburys basic,sainsburys basic,Sainsbury's,direct,dairies,FRANCE|UK_IE,FRANCE|UK_IE,France,layer3_review_decision_20260824,explicit_company_mapping_from_layer3_review,map to Sainsbury's,Other / not mapped to a company,Other / not mapped to a company,1,Obvious Sainsbury’s retailer/private-label brand line.,Low Fat Natural Yogurt,Sainsbury's basic,append_candidate,direct,
sainsburys basics,sainsburys basics,Sainsbury's,direct,beverages,UK_IE,UK_IE,United Kingdom,layer3_review_decision_20260824,explicit_company_mapping_from_layer3_review,map to Sainsbury's,Other / not mapped to a company,Manual review / complex ownership,1,Obvious Sainsbury’s retailer/private-label brand line.,still table water,"Sainsbury's basics,Sainsbury's",append_candidate,direct,
sainsburys be good to yourself,sainsburys be good to yourself,Sainsbury's,direct,dairies,UK_IE,UK_IE,United Kingdom,layer3_review_decision_20260824,explicit_company_mapping_from_layer3_review,map to Sainsbury's,Other / not mapped to a company,Other / not mapped to a company,1,Obvious Sainsbury’s retailer/private-label brand line.,Greek style salad cheese,Sainsbury's be good to yourself,append_candidate,direct,
sainsburys free from,sainsburys free from,Sainsbury's,direct,cereals,FRANCE|UK_IE,FRANCE|UK_IE,France,layer3_review_decision_20260824,explicit_company_mapping_from_layer3_review,map to Sainsbury's,Other / not mapped to a company,Other / not mapped to a company,1,Obvious Sainsbury’s retailer/private-label brand line.,Fruity Muesli,Sainsbury's Free from,append_candidate,direct,
sainsburys free from,sainsburys free from,Sainsbury's,direct,snacks,UK_IE,UK_IE,United Kingdom,layer3_review_decision_20260824,explicit_company_mapping_from_layer3_review,map to Sainsbury's,Other / not mapped to a company,Other / not mapped to a company,1,Obvious Sainsbury’s retailer/private-label brand line.,Gluten Free Chocolate Coated Viennese Fingers,Sainsbury's Free From,append_candidate,direct,
sainsburys freefrom,sainsburys freefrom,Sainsbury's,direct,cereals,UK_IE,UK_IE,United Kingdom,layer3_review_decision_20260824,explicit_company_mapping_from_layer3_review,map to Sainsbury's,Other / not mapped to a company,Manual review / complex ownership,1,Obvious Sainsbury’s retailer/private-label brand line.,Sainsbury's FreeFrom express pure oats,"Sainsbury's FreeFrom,Sainsbury's",append_candidate,direct,
sainsburys house,sainsburys house,Sainsbury's,direct,beverages,UK_IE,UK_IE,United Kingdom,layer3_review_decision_20260824,explicit_company_mapping_from_layer3_review,map to Sainsbury's,Other / not mapped to a company,Manual review / complex ownership,1,Obvious Sainsbury’s retailer/private-label brand line.,Pinot Grigio,Sainsbury’s House,append_candidate,direct,
sainsburys so organic,sainsburys so organic,Sainsbury's,direct,beverages,UK_IE,UK_IE,United Kingdom,layer3_review_decision_20260824,explicit_company_mapping_from_layer3_review,map to Sainsbury's,Other / not mapped to a company,Manual review / complex ownership,1,Obvious Sainsbury’s retailer/private-label brand line.,Organic almond milk,Sainsbury's SO Organic,append_candidate,direct,
sainsburys so organic,sainsburys so organic,Sainsbury's,direct,cereals,FRANCE|UK_IE,FRANCE|UK_IE,France,layer3_review_decision_20260824,explicit_company_mapping_from_layer3_review,map to Sainsbury's,Other / not mapped to a company,Manual review / complex ownership,1,Obvious Sainsbury’s retailer/private-label brand line.,Granola,Sainsbury's SO Organic,append_candidate,direct,
sainsburys so organic,sainsburys so organic,Sainsbury's,direct,cereals,UK_IE,UK_IE,United Kingdom,layer3_review_decision_20260824,explicit_company_mapping_from_layer3_review,map to Sainsbury's,Other / not mapped to a company,Manual review / complex ownership,1,Obvious Sainsbury’s retailer/private-label brand line.,Sainsbury's So Organic Corn Flakes,Sainsbury's So Organic,append_candidate,direct,
sainsburys standard street co,sainsburys standard street co,Sainsbury's,direct,dairies,FRANCE|UK_IE,FRANCE|UK_IE,France,layer3_review_decision_20260824,explicit_company_mapping_from_layer3_review,map to Sainsbury's,Other / not mapped to a company,Other / not mapped to a company,1,Obvious Sainsbury’s retailer/private-label brand line.,MOZZARELLA CHEESE BALL,SAINSBURY'S STANDARD STREET CO.,append_candidate,direct,
sainsburys taste the difference,sainsburys taste the difference,Sainsbury's,direct,beverages,US_CANADA,US_CANADA,United States,layer3_review_decision_20260824,explicit_company_mapping_from_layer3_review,map to Sainsbury's,Other / not mapped to a company,Manual review / complex ownership,1,Obvious Sainsbury’s retailer/private-label brand line.,English Breakfast Fine Tea,"Sainsbury's Taste the Difference, Sainsbury's",append_candidate,direct,
sainsburys taste the difference,sainsburys taste the difference,Sainsbury's,direct,cereals,UK_IE,UK_IE,United Kingdom,layer3_review_decision_20260824,explicit_company_mapping_from_layer3_review,map to Sainsbury's,Other / not mapped to a company,Manual review / complex ownership,1,Obvious Sainsbury’s retailer/private-label brand line.,Fruit & Nut Granola,Sainsbury's Taste The Difference,append_candidate,direct,
sainsburys taste the difference,sainsburys taste the difference,Sainsbury's,direct,dairies,FRANCE|DACH|UK_IE,FRANCE|DACH|UK_IE,France,layer3_review_decision_20260824,explicit_company_mapping_from_layer3_review,map to Sainsbury's,Other / not mapped to a company,Manual review / complex ownership,1,Obvious Sainsbury’s retailer/private-label brand line.,LEMON CURD YOGURT,Sainsbury's taste THE DIFFERENCE,append_candidate,direct,
sainsburys taste the difference,sainsburys taste the difference,Sainsbury's,direct,dairies,FRANCE|UK_IE,FRANCE|UK_IE,France,layer3_review_decision_20260824,explicit_company_mapping_from_layer3_review,map to Sainsbury's,Other / not mapped to a company,Manual review / complex ownership,1,Obvious Sainsbury’s retailer/private-label brand line.,BLACK CHERRY YOGURT,Sainsbury's Taste The Difference,append_candidate,direct,
sainsburys taste the difference,sainsburys taste the difference,Sainsbury's,direct,dairies,UK_IE|US_CANADA,UK_IE|US_CANADA,United Kingdom,layer3_review_decision_20260824,explicit_company_mapping_from_layer3_review,map to Sainsbury's,Other / not mapped to a company,Manual review / complex ownership,1,Obvious Sainsbury’s retailer/private-label brand line.,Madagascan Vanilla Custard,"Sainsbury's Taste the Difference, Sainsbury's",append_candidate,direct,
sainsburys taste the difference,sainsburys taste the difference,Sainsbury's,direct,snacks,FRANCE,FRANCE,France,layer3_review_decision_20260824,explicit_company_mapping_from_layer3_review,map to Sainsbury's,Other / not mapped to a company,Manual review / complex ownership,1,Obvious Sainsbury’s retailer/private-label brand line.,Chocolate & Hazelnut Cake,"Sainsbury's Taste The Difference, Sainsbury's",append_candidate,direct,
sainsburys taste the difference,sainsburys taste the difference,Sainsbury's,direct,snacks,FRANCE|UK_IE,FRANCE|UK_IE,France,layer3_review_decision_20260824,explicit_company_mapping_from_layer3_review,map to Sainsbury's,Other / not mapped to a company,Manual review / complex ownership,1,Obvious Sainsbury’s retailer/private-label brand line.,Parmesan &chillu biscuits,Sainsbury's Taste The Difference,append_candidate,direct,
sainsburys taste the difference,sainsburys taste the difference,Sainsbury's,direct,snacks,US_CANADA,US_CANADA,United States,layer3_review_decision_20260824,explicit_company_mapping_from_layer3_review,map to Sainsbury's,Other / not mapped to a company,Manual review / complex ownership,1,Obvious Sainsbury’s retailer/private-label brand line.,Cranberry & Orange Chocolate Tiffin,"Sainsbury's Taste the Difference, Sainsbury's",append_candidate,direct,
selection carrefour,selection carrefour,Carrefour,direct,dairies,FRANCE,FRANCE,France,layer3_review_decision_20260824,explicit_company_mapping_from_layer3_review,map to Carrefour,Other / not mapped to a company,Other / not mapped to a company,1,"Carrefour brand/private-label/store-format row; brand entity should stay as normalized_brand, parent_company should be Carrefour.",Fontainebleau lit fruits rouges,Sélection Carrefour,append_candidate,direct,
selection carrefour,selection carrefour,Carrefour,direct,snacks,BENELUX|FRANCE|SOUTHERN_EUROPE,BENELUX|FRANCE|SOUTHERN_EUROPE,Belgium,layer3_review_decision_20260824,explicit_company_mapping_from_layer3_review,map to Carrefour,Other / not mapped to a company,Other / not mapped to a company,1,"Carrefour brand/private-label/store-format row; brand entity should stay as normalized_brand, parent_company should be Carrefour.",80% cacao noir,Selection Carrefour,append_candidate,direct,
st môret,st môret,Savencia,direct,dairies,BENELUX|FRANCE|DACH,BENELUX|FRANCE|DACH,Belgium,layer3_review_decision_20260824,explicit_company_mapping_from_layer3_review,map to Savencia,Manual review / complex ownership,Manual review / complex ownership,1,Known Savencia cheese brand.,St Môret Léger 8% MG. bolv,St Môret,append_candidate,direct,
st môret,st môret,Savencia,direct,dairies,BENELUX|FRANCE|DACH,BENELUX|FRANCE|DACH,Belgium,layer3_review_decision_20260824,explicit_company_mapping_from_layer3_review,map to Savencia,Manual review / complex ownership,Other / not mapped to a company,1,Known Savencia cheese brand.,St. Môret Frischkäse Nature,"Savencia, St Môret",append_candidate,direct,
st môret,st môret,Savencia,direct,dairies,FRANCE|BENELUX|DACH,FRANCE|BENELUX|DACH,France,layer3_review_decision_20260824,explicit_company_mapping_from_layer3_review,map to Savencia,Manual review / complex ownership,Other / not mapped to a company,1,Known Savencia cheese brand.,"9 Minis St Moret (17,8% MG)","Savencia,St Moret",append_candidate,direct,
tartare,tartare,Savencia,direct,dairies,BENELUX|FRANCE,BENELUX|FRANCE,Belgium,layer3_review_decision_20260824,explicit_company_mapping_from_layer3_review,map to Savencia,Manual review / complex ownership,Manual review / complex ownership,1,Known Savencia cheese brand.,Tartare Ail & Fines herbes,Tartare,append_candidate,direct,
tartare,tartare,Savencia,direct,dairies,BENELUX|FRANCE,BENELUX|FRANCE,Belgium,layer3_review_decision_20260824,explicit_company_mapping_from_layer3_review,map to Savencia,Manual review / complex ownership,Other / not mapped to a company,1,Known Savencia cheese brand.,"L'Original Tartare, Ail & Fines Herbes (6 portions) - (32,2 % MG)","Savencia, Tartare",append_candidate,direct,
tartare,tartare,Savencia,direct,dairies,BENELUX|FRANCE|DACH,BENELUX|FRANCE|DACH,Belgium,layer3_review_decision_20260824,explicit_company_mapping_from_layer3_review,map to Savencia,Manual review / complex ownership,Other / not mapped to a company,1,Known Savencia cheese brand.,Tartare Coffret 4 saveurs,"Savencia, Tartare",append_candidate,direct,
tartare,tartare,Savencia,direct,dairies,FRANCE|SOUTHERN_EUROPE,FRANCE|SOUTHERN_EUROPE,France,layer3_review_decision_20260824,explicit_company_mapping_from_layer3_review,map to Savencia,Manual review / complex ownership,Other / not mapped to a company,1,Known Savencia cheese brand.,Tartare Ail & fines herbes,"Savencia, Tartare",append_candidate,direct,
tartare,tartare,Savencia,direct,dairies,NORDICS|FRANCE,NORDICS|FRANCE,Denmark,layer3_review_decision_20260824,explicit_company_mapping_from_layer3_review,map to Savencia,Manual review / complex ownership,Other / not mapped to a company,1,Known Savencia cheese brand.,L'original Tartare Ail & Fines Herbes - le petit pot,"Savencia,Tartare",append_candidate,direct,
tartare,tartare,Savencia,direct,dairies,UK_IE,UK_IE,United Kingdom,layer3_review_decision_20260824,explicit_company_mapping_from_layer3_review,map to Savencia,Manual review / complex ownership,Manual review / complex ownership,1,Known Savencia cheese brand.,Tartare śmietankowa łąka,"Tartare,Savencia",append_candidate,direct,
tesco,tesco,Tesco,direct,beverages,DACH|SOUTHERN_EUROPE|UK_IE,DACH|SOUTHERN_EUROPE|UK_IE,Germany,layer3_review_decision_20260824,explicit_company_mapping_from_layer3_review,map to Tesco,Manual review / complex ownership,Manual review / complex ownership,1,Obvious Tesco retailer/private-label brand line.,Processco,"Tesco, Tesco finest",append_candidate,direct,
tesco,tesco,Tesco,direct,beverages,DACH|UK_IE,DACH|UK_IE,Germany,layer3_review_decision_20260824,explicit_company_mapping_from_layer3_review,map to Tesco,Manual review / complex ownership,Manual review / complex ownership,1,Obvious Tesco retailer/private-label brand line.,Tesco Frascati,Tesco,append_candidate,direct,
tesco,tesco,Tesco,direct,beverages,FRANCE|DACH|UK_IE,FRANCE|DACH|UK_IE,France,layer3_review_decision_20260824,explicit_company_mapping_from_layer3_review,map to Tesco,Manual review / complex ownership,Manual review / complex ownership,1,Obvious Tesco retailer/private-label brand line.,Tesco Cranberry Juice,Tesco,append_candidate,direct,
tesco,tesco,Tesco,direct,beverages,FRANCE|SOUTHERN_EUROPE|UK_IE,FRANCE|SOUTHERN_EUROPE|UK_IE,France,layer3_review_decision_20260824,explicit_company_mapping_from_layer3_review,map to Tesco,Manual review / complex ownership,Manual review / complex ownership,1,Obvious Tesco retailer/private-label brand line.,Tesco Gold Coffee 200G,Tesco,append_candidate,direct,
tesco,tesco,Tesco,direct,beverages,SOUTHERN_EUROPE|UK_IE,SOUTHERN_EUROPE|UK_IE,Spain,layer3_review_decision_20260824,explicit_company_mapping_from_layer3_review,map to Tesco,Manual review / complex ownership,Manual review / complex ownership,1,Obvious Tesco retailer/private-label brand line.,Apple 40% fruit juice from concentrate,Tesco,append_candidate,direct,
tesco,tesco,Tesco,direct,beverages,UK_IE,UK_IE,Cote D Ivoire,layer3_review_decision_20260824,explicit_company_mapping_from_layer3_review,map to Tesco,Manual review / complex ownership,Manual review / complex ownership,1,Obvious Tesco retailer/private-label brand line.,Café instantané,Tesco,append_candidate,direct,
tesco,tesco,Tesco,direct,beverages,UK_IE|US_CANADA,UK_IE|US_CANADA,United Kingdom,layer3_review_decision_20260824,explicit_company_mapping_from_layer3_review,map to Tesco,Manual review / complex ownership,Manual review / complex ownership,1,Obvious Tesco retailer/private-label brand line.,Apple And Mango Juice,Tesco,append_candidate,direct,
tesco,tesco,Tesco,direct,cereals,UK_IE,UK_IE,Czech Republic,layer3_review_decision_20260824,explicit_company_mapping_from_layer3_review,map to Tesco,Manual review / complex ownership,Manual review / complex ownership,1,Obvious Tesco retailer/private-label brand line.,Porridge,Tesco,append_candidate,direct,
tesco,tesco,Tesco,direct,cereals,UK_IE,UK_IE,Hong Kong,layer3_review_decision_20260824,explicit_company_mapping_from_layer3_review,map to Tesco,Manual review / complex ownership,Manual review / complex ownership,1,Obvious Tesco retailer/private-label brand line.,Nuts & seeds muesli,Tesco,append_candidate,direct,
tesco,tesco,Tesco,direct,cereals,US_CANADA,US_CANADA,United States,layer3_review_decision_20260824,explicit_company_mapping_from_layer3_review,map to Tesco,Manual review / complex ownership,Manual review / complex ownership,1,Obvious Tesco retailer/private-label brand line.,Cornflakes with honey & peanuts,Tesco,append_candidate,direct,
tesco,tesco,Tesco,direct,dairies,DACH|UK_IE,DACH|UK_IE,Germany,layer3_review_decision_20260824,explicit_company_mapping_from_layer3_review,map to Tesco,Manual review / complex ownership,Manual review / complex ownership,1,Obvious Tesco retailer/private-label brand line.,Evaporated Milk,Tesco,append_candidate,direct,
tesco,tesco,Tesco,direct,dairies,UK_IE,UK_IE,United Arab Emirates,layer3_review_decision_20260824,explicit_company_mapping_from_layer3_review,map to Tesco,Manual review / complex ownership,Manual review / complex ownership,1,Obvious Tesco retailer/private-label brand line.,tesco,Tesco,append_candidate,direct,
tesco,tesco,Tesco,direct,snacks,BENELUX|UK_IE,BENELUX|UK_IE,Netherlands,layer3_review_decision_20260824,explicit_company_mapping_from_layer3_review,map to Tesco,Manual review / complex ownership,Manual review / complex ownership,1,Obvious Tesco retailer/private-label brand line.,Peanut Cookies,TESCO,append_candidate,direct,
tesco,tesco,Tesco,direct,snacks,FRANCE|DACH|UK_IE,FRANCE|DACH|UK_IE,France,layer3_review_decision_20260824,explicit_company_mapping_from_layer3_review,map to Tesco,Manual review / complex ownership,Manual review / complex ownership,1,Obvious Tesco retailer/private-label brand line.,Bourbon Creams,Tesco,append_candidate,direct,
tesco,tesco,Tesco,direct,snacks,FRANCE|SOUTHERN_EUROPE,FRANCE|SOUTHERN_EUROPE,France,layer3_review_decision_20260824,explicit_company_mapping_from_layer3_review,map to Tesco,Manual review / complex ownership,Manual review / complex ownership,1,Obvious Tesco retailer/private-label brand line.,Garlic crackers,Tesco,append_candidate,direct,
tesco,tesco,Tesco,direct,snacks,UK_IE,UK_IE,Saudi Arabia,layer3_review_decision_20260824,explicit_company_mapping_from_layer3_review,map to Tesco,Manual review / complex ownership,Manual review / complex ownership,1,Obvious Tesco retailer/private-label brand line.,Rich shorties biscuits,Tesco,append_candidate,direct,
tesco camomile infusion tea,tesco camomile infusion tea,Tesco,direct,beverages,UK_IE,UK_IE,United Kingdom,layer3_review_decision_20260824,explicit_company_mapping_from_layer3_review,map to Tesco,Other / not mapped to a company,Manual review / complex ownership,1,Obvious Tesco retailer/private-label brand line.,Tesco Camomile Infusion Tea,Tesco Camomile Infusion Tea,append_candidate,direct,
tesco finest,tesco finest,Tesco,direct,cereals,FRANCE|UK_IE,FRANCE|UK_IE,France,layer3_review_decision_20260824,explicit_company_mapping_from_layer3_review,map to Tesco,Other / not mapped to a company,Manual review / complex ownership,1,Obvious Tesco retailer/private-label brand line.,Super Nutty Granola,Tesco finest,append_candidate,direct,
tesco finest,tesco finest,Tesco,direct,cereals,UK_IE,UK_IE,Ireland,layer3_review_decision_20260824,explicit_company_mapping_from_layer3_review,map to Tesco,Other / not mapped to a company,Manual review / complex ownership,1,Obvious Tesco retailer/private-label brand line.,Dark Chocolate & Berry Granola,TESCO finest,append_candidate,direct,
tesco finest,tesco finest,Tesco,direct,dairies,FRANCE|UK_IE,FRANCE|UK_IE,France,layer3_review_decision_20260824,explicit_company_mapping_from_layer3_review,map to Tesco,Other / not mapped to a company,Manual review / complex ownership,1,Obvious Tesco retailer/private-label brand line.,Vintage Cheddar,Tesco Finest,append_candidate,direct,
tesco finest,tesco finest,Tesco,direct,snacks,FRANCE|SOUTHERN_EUROPE|UK_IE,FRANCE|SOUTHERN_EUROPE|UK_IE,France,layer3_review_decision_20260824,explicit_company_mapping_from_layer3_review,map to Tesco,Other / not mapped to a company,Manual review / complex ownership,1,Obvious Tesco retailer/private-label brand line.,Scottish Shortbread Assortment,Tesco Finest,append_candidate,direct,
tesco finest,tesco finest,Tesco,direct,snacks,UK_IE,UK_IE,Ireland,layer3_review_decision_20260824,explicit_company_mapping_from_layer3_review,map to Tesco,Other / not mapped to a company,Manual review / complex ownership,1,Obvious Tesco retailer/private-label brand line.,"2 Salmon, Spinach & Lemon Fishcakes",TESCO finest,append_candidate,direct,
tesco finest,tesco finest,Tesco,direct,snacks,UK_IE|US_CANADA,UK_IE|US_CANADA,United Kingdom,layer3_review_decision_20260824,explicit_company_mapping_from_layer3_review,map to Tesco,Other / not mapped to a company,Manual review / complex ownership,1,Obvious Tesco retailer/private-label brand line.,Chocolate Cake,Tesco finest*,append_candidate,direct,
tesco finest earl grey tea,tesco finest earl grey tea,Tesco,direct,beverages,FRANCE,FRANCE,France,layer3_review_decision_20260824,explicit_company_mapping_from_layer3_review,map to Tesco,Other / not mapped to a company,Manual review / complex ownership,1,Obvious Tesco retailer/private-label brand line.,Thé Earl Grey Finest - TESCO (GB),Tesco finest earl grey tea,append_candidate,direct,
tesco free from,tesco free from,Tesco,direct,snacks,FRANCE|UK_IE,FRANCE|UK_IE,France,layer3_review_decision_20260824,explicit_company_mapping_from_layer3_review,map to Tesco,Other / not mapped to a company,Manual review / complex ownership,1,Obvious Tesco retailer/private-label brand line.,"Free FROM Gluten, Wheat & MilkDigestive Biscuits",Tesco Free From,append_candidate,direct,
tesco freefrom,tesco freefrom,Tesco,direct,snacks,UK_IE,UK_IE,United Kingdom,layer3_review_decision_20260824,explicit_company_mapping_from_layer3_review,map to Tesco,Other / not mapped to a company,Manual review / complex ownership,1,Obvious Tesco retailer/private-label brand line.,Millionaire shortbread slices,Tesco freefrom,append_candidate,direct,
tesco growers harvest,tesco growers harvest,Tesco,direct,beverages,DACH|UK_IE,DACH|UK_IE,Germany,layer3_review_decision_20260824,explicit_company_mapping_from_layer3_review,map to Tesco,Other / not mapped to a company,Manual review / complex ownership,1,Obvious Tesco retailer/private-label brand line.,Orange Juice Drink,"Tesco - Growers Harvest, The Grower’s Harvest",append_candidate,direct,
tesco growers harvest,tesco growers harvest,Tesco,direct,beverages,UK_IE,UK_IE,United Kingdom,layer3_review_decision_20260824,explicit_company_mapping_from_layer3_review,map to Tesco,Other / not mapped to a company,Manual review / complex ownership,1,Obvious Tesco retailer/private-label brand line.,Orange Juice with bits,Tesco Growers Harvest,append_candidate,direct,
tesco own label,tesco own label,Tesco,direct,dairies,UK_IE,UK_IE,United Kingdom,layer3_review_decision_20260824,explicit_company_mapping_from_layer3_review,map to Tesco,Other / not mapped to a company,Manual review / complex ownership,1,Obvious Tesco retailer/private-label brand line.,Roquefort,"Tesco own label,Tesco",append_candidate,direct,
tesco peach and passionfruit flavoured sparkling water,tesco peach and passionfruit flavoured sparkling water,Tesco,direct,beverages,UK_IE,UK_IE,United Kingdom,layer3_review_decision_20260824,explicit_company_mapping_from_layer3_review,map to Tesco,Other / not mapped to a company,Other / not mapped to a company,1,Obvious Tesco retailer/private-label brand line.,Peach and passion fruit flavoured spring water - Tesco,Tesco Peach & Passionfruit Flavoured Sparkling Water,append_candidate,direct,
tesco stores ltd,tesco stores ltd,Tesco,direct,snacks,UK_IE,UK_IE,United Kingdom,layer3_review_decision_20260824,explicit_company_mapping_from_layer3_review,map to Tesco,Other / not mapped to a company,Manual review / complex ownership,1,Obvious Tesco retailer/private-label brand line.,Salted caramel fudge,"Tesco stores ltd, Tesco",append_candidate,direct,
tesco value,tesco value,Tesco,direct,beverages,UK_IE,UK_IE,United Kingdom,layer3_review_decision_20260824,explicit_company_mapping_from_layer3_review,map to Tesco,Other / not mapped to a company,Manual review / complex ownership,1,Obvious Tesco retailer/private-label brand line.,Bitter,"Tesco Value, Tesco",append_candidate,direct,
tesco value,tesco value,Tesco,direct,dairies,UK_IE,UK_IE,Hungary,layer3_review_decision_20260824,explicit_company_mapping_from_layer3_review,map to Tesco,Other / not mapped to a company,Manual review / complex ownership,1,Obvious Tesco retailer/private-label brand line.,Natural yogurt,"Tesco value, Tesco",append_candidate,direct,
u,u,Système U,direct,beverages,FRANCE|UK_IE,FRANCE|UK_IE,France,layer3_review_decision_20260824,explicit_company_mapping_from_layer3_review,map to Système U,Manual review / complex ownership,Manual review / complex ownership,1,Obvious Système U retailer/private-label brand line in France.,"Vin AOP blanc Monbazillac Roc de Breyssac 37,5cl",U,append_candidate,direct,
u,u,Système U,direct,cereals,FRANCE|DACH,FRANCE|DACH,France,layer3_review_decision_20260824,explicit_company_mapping_from_layer3_review,map to Système U,Manual review / complex ownership,Manual review / complex ownership,1,Obvious Système U retailer/private-label brand line in France.,"Pétales riz, blé complet et orge Chocolat Noir",U,append_candidate,direct,
u,u,Système U,direct,dairies,DACH|FRANCE,DACH|FRANCE,Austria,layer3_review_decision_20260824,explicit_company_mapping_from_layer3_review,map to Système U,Manual review / complex ownership,Manual review / complex ownership,1,Obvious Système U retailer/private-label brand line in France.,Mozzarella maxi au lait de vache pasteurisé 18%mg 250g,U,append_candidate,direct,
u,u,Système U,direct,dairies,FRANCE,FRANCE,Afghanistan,layer3_review_decision_20260824,explicit_company_mapping_from_layer3_review,map to Système U,Manual review / complex ownership,Manual review / complex ownership,1,Obvious Système U retailer/private-label brand line in France.,Panna Cotta au caramel 2x120g,"U, U Saveurs",append_candidate,direct,
u,u,Système U,direct,dairies,US_CANADA,US_CANADA,United States,layer3_review_decision_20260824,explicit_company_mapping_from_layer3_review,map to Système U,Manual review / complex ownership,Manual review / complex ownership,1,Obvious Système U retailer/private-label brand line in France.,Brie pasteurisé,U,append_candidate,direct,
u bleu blanc coeur,u bleu blanc coeur,Système U,direct,dairies,FRANCE,FRANCE,France,layer3_review_decision_20260824,explicit_company_mapping_from_layer3_review,map to Système U,Other / not mapped to a company,Manual review / complex ownership,1,Obvious Système U retailer/private-label brand line in France.,,U Bleu Blanc Coeur,append_candidate,direct,
u cismonte,u cismonte,Système U,direct,dairies,FRANCE,FRANCE,France,layer3_review_decision_20260824,explicit_company_mapping_from_layer3_review,map to Système U,Other / not mapped to a company,Manual review / complex ownership,1,Obvious Système U retailer/private-label brand line in France.,Fromage de brebis,U cismonte,append_candidate,direct,
u lu,u lu,Système U,direct,snacks,US_CANADA,US_CANADA,United States,layer3_review_decision_20260824,explicit_company_mapping_from_layer3_review,map to Système U,Other / not mapped to a company,Other / not mapped to a company,1,Obvious Système U retailer/private-label brand line in France.,Snickerdoodle Cookie,U-LU,append_candidate,direct,
u maraichers,u maraichers,Système U,direct,dairies,FRANCE,FRANCE,France,layer3_review_decision_20260824,explicit_company_mapping_from_layer3_review,map to Système U,Other / not mapped to a company,Manual review / complex ownership,1,Obvious Système U retailer/private-label brand line in France.,Comté extra grand âge,U maraîchers,append_candidate,direct,
u pane caldu,u pane caldu,Système U,direct,snacks,FRANCE,FRANCE,France,layer3_review_decision_20260824,explicit_company_mapping_from_layer3_review,map to Système U,Other / not mapped to a company,Manual review / complex ownership,1,Obvious Système U retailer/private-label brand line in France.,Canistrelli Citron corse,U Pane Caldu,append_candidate,direct,
u sans gluten,u sans gluten,Système U,direct,snacks,FRANCE,FRANCE,France,layer3_review_decision_20260824,explicit_company_mapping_from_layer3_review,map to Système U,Other / not mapped to a company,Manual review / complex ownership,1,Obvious Système U retailer/private-label brand line in France.,Tuiles salées sans gluten,"U Sans Gluten, U",append_candidate,direct,
u tout petits bio,u tout petits bio,Système U,direct,cereals,FRANCE,FRANCE,France,layer3_review_decision_20260824,explicit_company_mapping_from_layer3_review,map to Système U,Other / not mapped to a company,Manual review / complex ownership,1,Obvious Système U retailer/private-label brand line in France.,"3 céréales Bébé Blé Avoine Seigle à la vanille, de 6 à 12 mois - 220g","U Tout Petits Bio, U",append_candidate,direct,
u v c d r,u v c d r,Système U,direct,beverages,FRANCE,FRANCE,France,layer3_review_decision_20260824,explicit_company_mapping_from_layer3_review,map to Système U,Other / not mapped to a company,Other / not mapped to a company,1,Obvious Système U retailer/private-label brand line in France.,Côtes de Rhône,"U.V.C.D.R.,Union des Vignerons des Côtes du Rhône",append_candidate,direct,
wegmans food mkts,wegmans food mkts,Wegmans,direct,snacks,US_CANADA,US_CANADA,United States,layer3_review_decision_20260824,explicit_company_mapping_from_layer3_review,map to Wegmans,Other / not mapped to a company,Manual review / complex ownership,1,Obvious Wegmans retailer/private-label / corporate brand line.,Mini Cream Puffs,Wegmans Food Mkts,append_candidate,direct,
wegmans greek,wegmans greek,Wegmans,direct,dairies,US_CANADA,US_CANADA,United States,layer3_review_decision_20260824,explicit_company_mapping_from_layer3_review,map to Wegmans,Other / not mapped to a company,Manual review / complex ownership,1,Obvious Wegmans retailer/private-label / corporate brand line.,Whole Milk Yogurt Plain,Wegmans Greek,append_candidate,direct,
wegmans hi pro,wegmans hi pro,Wegmans,direct,dairies,US_CANADA,US_CANADA,United States,layer3_review_decision_20260824,explicit_company_mapping_from_layer3_review,map to Wegmans,Other / not mapped to a company,Other / not mapped to a company,1,Obvious Wegmans retailer/private-label / corporate brand line.,2% reduced fat milk,Wegmans Hi-Pro,append_candidate,direct,
wegmans italian classics,wegmans italian classics,Wegmans,direct,dairies,US_CANADA,US_CANADA,United States,layer3_review_decision_20260824,explicit_company_mapping_from_layer3_review,map to Wegmans,Other / not mapped to a company,Manual review / complex ownership,1,Obvious Wegmans retailer/private-label / corporate brand line.,Pecorino Romano,Wegmans Italian Classics,append_candidate,direct,
yopro,yopro,Danone,direct,dairies,US_CANADA,US_CANADA,United States,layer3_review_decision_20260824,explicit_company_mapping_from_layer3_review,map to Danone,Other / not mapped to a company,Other / not mapped to a company,1,Known Danone brand / brand line missing from proposed company mapping.,yopro doce de leite,Yopro,append_candidate,direct,
Cheerios,cheerios,General Mills,market_scoped,cereals,US_CANADA,US_CANADA,United States,layer3_review_decision_20260824,approved_proposed_company_from_layer3_review,approve proposed,General Mills,General Mills,100,Proposed company mapping is concrete; approve for launch.,Cheerios | Cheerios Honey Nut | Honey Nut Cheerios | Honey Nut Cheerios | Frosted Cheerios | Multi Grain Cheerios | Very Berry Cheerios Cereal | General mills sweetened whole grain oat cereal | Honey Nut Cheerios Medley Crunch Cereal | Peach Cheerios Cereal,"Cheerios | Cheerios | Cheerios | Cheerios | Cheerios | Cheerios,General Mills | Cheerios, General Mills | Cheerios, General Mills | Cheerios,General Mills | Cheerios,General Mills",possible_update_existing,direct,Corrected before upsert-ready split: known complex/market-scoped or licensed brand; do not mark as plain direct.
Dr Pepper,dr pepper,Keurig Dr Pepper,market_scoped,beverages,US_CANADA,US_CANADA,United States,layer3_review_decision_20260824,approved_proposed_company_from_layer3_review,approve proposed,Keurig Dr Pepper,Keurig Dr Pepper,74,Proposed company mapping is concrete; approve for launch.,"Zero Calories Soda | Diet cherry soda | Diet dr pepper | Dr Pepper | Crush, soda, orange, orange",Dr Pepper/Seven Up | Dr Pepper | Dr Pepper | Dr Pepper | Dr Pepper,possible_update_existing,direct,Corrected before upsert-ready split: known complex/market-scoped or licensed brand; do not mark as plain direct.
Capri Sun,capri sun,Kraft Heinz,market_scoped,beverages,US_CANADA,US_CANADA,United States,layer3_review_decision_20260824,approved_proposed_company_from_layer3_review,approve proposed,Kraft Heinz,Other / not mapped to a company,30,Proposed company mapping is concrete; approve for launch.,"Mountain Cooler | Strawberry juice drink pouches | Tropical punch juice pouch pouches | Grape flavored juice drink blend, grape | Capri sun, fruit juice, surfer cooler mixed fruit",Caprisun | Caprisun | Caprisun | Caprisun | Caprisun,possible_update_existing,direct,Corrected before upsert-ready split: known complex/market-scoped or licensed brand; do not mark as plain direct.
Schweppes,schweppes,Keurig Dr Pepper,market_scoped,beverages,US_CANADA,US_CANADA,United States,layer3_review_decision_20260824,approved_proposed_company_from_layer3_review,approve proposed,Keurig Dr Pepper,Keurig Dr Pepper,21,Proposed company mapping is concrete; approve for launch.,"Club Soda | Ginger ale | Schweppes cola | Schweppes, ginger ale | Schweppes",Schweppes | Schweppes | Schweppes | Schweppes | Schweppes,possible_update_existing,direct,Corrected before upsert-ready split: known complex/market-scoped or licensed brand; do not mark as plain direct.
Capri Sun,capri sun,Kraft Heinz,market_scoped,beverages,US_CANADA,US_CANADA,United States,layer3_review_decision_20260824,approved_proposed_company_from_layer3_review,approve proposed,Kraft Heinz,Kraft Heinz,4,Proposed company mapping is concrete; approve for launch.,Wild Cherry Drink | Roarinwaters flavored water beverage | Fruit Punch | Summer Blast,Capri Sun | Capri Sun | Capri Sun | Capri Sun,possible_update_existing,direct,Corrected before upsert-ready split: known complex/market-scoped or licensed brand; do not mark as plain direct.
Cheerios,cheerios,General Mills,market_scoped,cereals,US_CANADA,US_CANADA,United States,layer3_review_decision_20260824,approved_proposed_company_from_layer3_review,approve proposed,General Mills,Manual review / complex ownership,4,Proposed company mapping is concrete; approve for launch.,Maple Cheerios Cereal | Chocolate Strawberry Cheerios | Multi Grain Cheerios with Real Strawberries | Multi Grain Cheerios,"General Mills, Cheerios | General Mills,Cheerios | General Mills, Cheerios | General Mills, Cheerios",possible_update_existing,direct,Corrected before upsert-ready split: known complex/market-scoped or licensed brand; do not mark as plain direct.
Cheerios,cheerios,General Mills,market_scoped,cereals,US_CANADA,US_CANADA,Bolivia,layer3_review_decision_20260824,approved_proposed_company_from_layer3_review,approve proposed,General Mills,Manual review / complex ownership,3,Proposed company mapping is concrete; approve for launch.,Blueberry Cheerios | Multi Grain Cheerios | Multi Grain Cheerios,"General Mills,Cheerios | General Mills,Cheerios | General Mills,Cheerios",possible_update_existing,direct,Corrected before upsert-ready split: known complex/market-scoped or licensed brand; do not mark as plain direct.
Cheerios,cheerios,General Mills,market_scoped,cereals,US_CANADA,US_CANADA,Bolivia,layer3_review_decision_20260824,approved_proposed_company_from_layer3_review,approve proposed,General Mills,General Mills,1,Proposed company mapping is concrete; approve for launch.,Toasted Whole Grain Oat Cereal,Cheerios,possible_update_existing,direct,Corrected before upsert-ready split: known complex/market-scoped or licensed brand; do not mark as plain direct.
Cheerios,cheerios,General Mills,market_scoped,cereals,US_CANADA,US_CANADA,Canada,layer3_review_decision_20260824,approved_proposed_company_from_layer3_review,approve proposed,General Mills,General Mills,1,Proposed company mapping is concrete; approve for launch.,Fruity cheerios,"Cheerios, General Mills",possible_update_existing,direct,Corrected before upsert-ready split: known complex/market-scoped or licensed brand; do not mark as plain direct.
Cheerios,cheerios,General Mills,market_scoped,cereals,US_CANADA,US_CANADA,Lebanon,layer3_review_decision_20260824,approved_proposed_company_from_layer3_review,approve proposed,General Mills,General Mills,1,Proposed company mapping is concrete; approve for launch.,Chocolate flavored whole grain oat cereal,Cheerios,possible_update_existing,direct,Corrected before upsert-ready split: known complex/market-scoped or licensed brand; do not mark as plain direct.
Cheerios,cheerios,General Mills,market_scoped,cereals,US_CANADA,US_CANADA,United Arab Emirates,layer3_review_decision_20260824,approved_proposed_company_from_layer3_review,approve proposed,General Mills,General Mills,1,Proposed company mapping is concrete; approve for launch.,Gmills frty cheerios sweetened whl grn oat cereal,Cheerios,possible_update_existing,direct,Corrected before upsert-ready split: known complex/market-scoped or licensed brand; do not mark as plain direct.
Cheerios,cheerios,General Mills,market_scoped,cereals,US_CANADA,US_CANADA,United States,layer3_review_decision_20260824,approved_proposed_company_from_layer3_review,approve proposed,General Mills,Other / not mapped to a company,1,Proposed company mapping is concrete; approve for launch.,Maple & Brown Sugar,"Essential Everyday,Cheerios",possible_update_existing,direct,Corrected before upsert-ready split: known complex/market-scoped or licensed brand; do not mark as plain direct.
Dr Pepper,dr pepper,Keurig Dr Pepper,market_scoped,beverages,US_CANADA,US_CANADA,United States,layer3_review_decision_20260824,approved_proposed_company_from_layer3_review,approve proposed,Keurig Dr Pepper,Other / not mapped to a company,1,Proposed company mapping is concrete; approve for launch.,Grape Soda,"Sunkist, Dr Pepper",possible_update_existing,direct,Corrected before upsert-ready split: known complex/market-scoped or licensed brand; do not mark as plain direct.
Schweppes,schweppes,Keurig Dr Pepper,market_scoped,beverages,US_CANADA,US_CANADA,Morocco,layer3_review_decision_20260824,approved_proposed_company_from_layer3_review,approve proposed,Keurig Dr Pepper,Keurig Dr Pepper,1,Proposed company mapping is concrete; approve for launch.,Schweppes,Schweppes,possible_update_existing,direct,Corrected before upsert-ready split: known complex/market-scoped or licensed brand; do not mark as plain direct.
Schweppes,schweppes,Keurig Dr Pepper,market_scoped,beverages,US_CANADA,US_CANADA,Tunisia,layer3_review_decision_20260824,approved_proposed_company_from_layer3_review,approve proposed,Keurig Dr Pepper,Keurig Dr Pepper,1,Proposed company mapping is concrete; approve for launch.,POMEGRANATE,Schweppes,possible_update_existing,direct,Corrected before upsert-ready split: known complex/market-scoped or licensed brand; do not mark as plain direct.
Schweppes,schweppes,Keurig Dr Pepper,market_scoped,beverages,US_CANADA,US_CANADA,United States,layer3_review_decision_20260824,approved_proposed_company_from_layer3_review,approve proposed,Keurig Dr Pepper,Other / not mapped to a company,1,Proposed company mapping is concrete; approve for launch.,Premium Tonic Water,"Fever-tree, Schweppes",possible_update_existing,direct,Corrected before upsert-ready split: known complex/market-scoped or licensed brand; do not mark as plain direct.
