normalized_brand,brand_family,current_company_owner,proposed_company_owner,proposed_action,proposal_reason,query_category,primary_country,observed_market_region_codes,product_count,legacy_primary_brand_examples,brand_entity_raw_examples,brand_entity_source_examples,brand_alias_source_examples,brand_alias_review_status_examples,example_product_names,example_off_brands_raw,example_image_urls,example_barcodes,julia_decision,julia_company_override,julia_note
u,u,Manual review,Coopérative U,map_to_company,obvious French retailer/private-label banner,beverages,France,FRANCE,1612,u,u,first_off_brand_token_fallback,brand_entity_raw_fallback,fallback_unreviewed,Multifruits 100% pur jus | Sirop Grenadine Zéro sucres | U Saveur Tropical | Panaché | Bière blonde de Caractère,"U | u | U, Vin rouge | U, mac gallagan | U, U Tout Petits",https://images.openfoodfacts.org/images/products/000/001/014/2677/front_fr.4.400.jpg | https://images.openfoodfacts.org/images/products/000/001/121/5321/front_fr.10.400.jpg | https://images.openfoodfacts.org/images/products/200/000/002/1347/front_fr.7.400.jpg | https://images.openfoodfacts.org/images/products/200/000/002/1542/front_fr.7.400.jpg | https://images.openfoodfacts.org/images/products/200/000/091/6019/front_fr.4.400.jpg,10142677 | 11215321 | 11322450 | 2000000021347 | 2000000021542,,,
u,u,Manual review,Coopérative U,map_to_company,obvious French retailer/private-label banner,snacks,France,FRANCE,1080,u,u,first_off_brand_token_fallback,brand_entity_raw_fallback,fallback_unreviewed,tuiles goût salé | Tuiles salée a l'huile de tournesol | Chocolat Noir Gingembre Citron | chocolat noir U bio | pains au chocolat,"u | U | U, U Tout Petits | U, U Mat & Lou | U,U Mat & Lou",https://images.openfoodfacts.org/images/products/000/001/071/8384/front_fr.14.400.jpg | https://images.openfoodfacts.org/images/products/000/000/139/6386/front_fr.3.400.jpg | https://images.openfoodfacts.org/images/products/000/001/398/3718/front_fr.3.400.jpg | https://images.openfoodfacts.org/images/products/000/001/681/1393/front_fr.4.400.jpg | https://images.openfoodfacts.org/images/products/000/001/789/4722/front_fr.8.400.jpg,10718384 | 1396386 | 13983718 | 16811393 | 17894722,,,
marque repere,marque repere,Manual review,E.Leclerc,map_to_company,obvious E.Leclerc private-label line,beverages,France,FRANCE,781,marque repere | laqueuille | ofresh | jafaden,marque repere,existing_company_brand_mapping_token_match,existing_company_brand_mapping_alias,confirmed,Boisson au jus d'ananas | Grenadine | Jus de pomme à base de concentré | Orange pur jus avec pulpe | Jus de raisin,"Marque Repère, Jafaden | Marque Repère | Marque Repère, Bon Choco | Marque Repère,Les Goelleries | Marque Repère, Les Goelleries",https://images.openfoodfacts.org/images/products/000/001/327/4134/front_fr.3.400.jpg | https://images.openfoodfacts.org/images/products/000/001/858/0464/front_fr.4.400.jpg | https://images.openfoodfacts.org/images/products/200/000/009/3192/front_fr.5.400.jpg | https://images.openfoodfacts.org/images/products/241/421/402/5847/front_fr.4.400.jpg | https://images.openfoodfacts.org/images/products/318/470/064/4782/front_fr.7.400.jpg,1213919 | 13274134 | 18580464 | 2000000093192 | 2414214025847,,,
paturages,paturages,Manual review,Intermarché / Les Mousquetaires,map_to_company,obvious Intermarché private-label line,dairies,France,FRANCE,738,paturages | comte | intermarche | les mousquetaires | leader price,paturages,existing_company_brand_mapping_token_match,existing_company_brand_mapping_alias,confirmed,yaourt | Flan pâtissier | Crème fraîche épaisse entière | Paturette chocolat blanc | fromage frais,"pâturages | Pâturages | paturages | Paturages | Comté, Pâturages",https://images.openfoodfacts.org/images/products/000/000/115/9923/front_fr.13.400.jpg | https://images.openfoodfacts.org/images/products/000/000/122/3411/front_fr.4.400.jpg | https://images.openfoodfacts.org/images/products/000/001/254/3960/front_fr.13.400.jpg | https://images.openfoodfacts.org/images/products/000/001/376/3664/front_fr.4.400.jpg | https://images.openfoodfacts.org/images/products/000/000/147/2129/front_fr.4.400.jpg,1159923 | 11672218 | 1223411 | 12543960 | 12827628,,,
u,u,Manual review,Coopérative U,map_to_company,obvious French retailer/private-label banner,dairies,France,FRANCE,668,u,u,first_off_brand_token_fallback,brand_entity_raw_fallback,fallback_unreviewed,Bleu d'Auvergne | Bleu d'Auvergne thermisé AOP | Mozzarella | Lait en poudre écrémé | SEMOULE AU LAIT A LA VANILLE,"U | u | U, U tout petits | U, U Tout Petits | U, U Mat & Lou",https://images.openfoodfacts.org/images/products/000/001/145/1471/front_fr.3.400.jpg | https://images.openfoodfacts.org/images/products/125/612/448/9170/front_fr.3.400.jpg | https://images.openfoodfacts.org/images/products/012/922/431/0211/front_fr.3.400.jpg | https://images.openfoodfacts.org/images/products/000/001/391/3489/front_fr.3.400.jpg | https://images.openfoodfacts.org/images/products/000/001/393/6778/front_fr.3.400.jpg,11451471 | 1256124489170 | 129224310211 | 13913489 | 13936778,,,
lipton,lipton,Manual review,Other / not mapped to a company,replace_with_other,Lipton ownership/channel is complex; avoid Manual review label by using Other for launch,beverages,France,FRANCE,616,lipton | feel good selection | ice tea | elephant | nestle,lipton,existing_company_brand_mapping_token_match,existing_company_brand_mapping_alias,confirmed,Infusion | Iced Tea Peach | thé orange jaïpur | Ice tea pêche | Thé vert menthe Lipton,"Lipton | Lipton, Mcdonald's | LIPTON | LIPTON, Liptonic | Lipton, Pepsico",https://images.openfoodfacts.org/images/products/000/100/287/3256/front_fr.3.400.jpg | https://images.openfoodfacts.org/images/products/001/200/013/0922/front_en.54.400.jpg | https://images.openfoodfacts.org/images/products/000/000/121/6129/front_fr.5.400.jpg | https://images.openfoodfacts.org/images/products/000/001/355/8086/front_fr.3.400.jpg | https://images.openfoodfacts.org/images/products/000/001/358/1763/front_fr.4.400.jpg,1002873256 | 12000130922 | 1216129 | 13558086 | 13581763,,,
starbucks,starbucks,Manual review,Starbucks,map_to_company,visible Starbucks brand; leave ownership/licensing detail for later,beverages,United States,US_CANADA,596,starbucks,starbucks,first_off_brand_token_fallback,brand_entity_raw_fallback,fallback_unreviewed,"Starbucks, Teavana Shaken Berry Sangria Herbal Tea, Tall | Vanilla Doubleshot Energy | Starbucks, Teavana Shaken Strawberry Green Tea Infusion, Grande | Starbucks, Teavana Shaken Pineapple Black Tea Infusion Lemonade, Trenta Iced | Starbucks, Honey Citrus Mint Tea, Grande","Starbucks | STARBUCKS | Starbucks,Starbucks Refreshers | Starbucks, Conifer Specialties Inc. | Starbucks, Formation Brands Llc",https://images.openfoodfacts.org/images/products/102/104/206/4064/front_en.3.400.jpg | https://images.openfoodfacts.org/images/products/001/200/003/8488/front_en.18.400.jpg | https://images.openfoodfacts.org/images/products/001/200/004/1396/front_en.7.400.jpg | https://images.openfoodfacts.org/images/products/001/200/004/4953/front_en.3.400.jpg | https://images.openfoodfacts.org/images/products/001/200/004/5523/front_en.3.400.jpg,1006154707448969259100351 | 1021042064064 | 10416394864409532631416 | 10476844584102496833 | 1064821734486584738232872,,,
casino,casino,Manual review,Casino Group,map_to_company,obvious French retailer/private-label banner,beverages,France,FRANCE,547,casino,casino,first_off_brand_token_fallback,brand_entity_raw_fallback,fallback_unreviewed,jus d Orange | Jus de pomme | Cidre de Bretagne | James Dowell Blended Scotch Whisky | Voyage Bergère Thé vert à la menthe nanah,"casino | Casino | Casino, Guichard Perrachon | Casino, L’estaque | Casino, Groupe Casino",https://images.openfoodfacts.org/images/products/000/001/118/1123/front_fr.25.400.jpg | https://images.openfoodfacts.org/images/products/000/001/559/1951/front_fr.3.400.jpg | https://images.openfoodfacts.org/images/products/322/247/011/1360/front_fr.13.400.jpg | https://images.openfoodfacts.org/images/products/322/247/100/1448/front_fr.3.400.jpg | https://images.openfoodfacts.org/images/products/322/247/100/2063/front_fr.80.400.jpg,11181123 | 15591951 | 3040718074211 | 3222470100005 | 3222470111360,,,
marque repere,marque repere,Manual review,E.Leclerc,map_to_company,obvious E.Leclerc private-label line,snacks,France,FRANCE,547,marque repere | ptit deli | tokapi | eskiss | chaque jour sans gluten,marque repere,existing_company_brand_mapping_token_match,existing_company_brand_mapping_alias,confirmed,Apéro roulés | Ecuador | Noir extra | Equador noir Extra 85% cacao | Pépites de chocolat,"Marque Repère | Marque Repère, Tablier blanc | Marque Repère, Equador | Marque Repère, P'tit Déli | Marque Repère,P'tit Déli",https://images.openfoodfacts.org/images/products/000/001/123/8720/front_fr.3.400.jpg | https://images.openfoodfacts.org/images/products/016/758/024/7857/front_fr.3.400.jpg | https://images.openfoodfacts.org/images/products/020/901/702/2566/front_fr.4.400.jpg | https://images.openfoodfacts.org/images/products/313/578/923/3893/front_fr.3.400.jpg | https://images.openfoodfacts.org/images/products/325/470/046/3024/front_fr.3.400.jpg,11238720 | 167580247857 | 209017022566 | 3135789233893 | 3254700463024,,,
casino,casino,Manual review,Casino Group,map_to_company,obvious French retailer/private-label banner,dairies,France,FRANCE,525,casino,casino,first_off_brand_token_fallback,brand_entity_raw_fallback,fallback_unreviewed,Yaourt à la pêche | Lait demi-écrémé | Lait frais entier pasteurisé | Emmental français | Crottin de chèvre au lait pasteurisé,"Casino | casino | Casino, Groupe Casino | CASINO | Casino, Uncle Ben's",https://images.openfoodfacts.org/images/products/000/001/135/5465/front_fr.3.400.jpg | https://images.openfoodfacts.org/images/products/000/001/303/3361/front_fr.4.400.jpg | https://images.openfoodfacts.org/images/products/000/001/336/3598/front_fr.3.400.jpg | https://images.openfoodfacts.org/images/products/000/001/370/3653/front_fr.4.400.jpg | https://images.openfoodfacts.org/images/products/000/001/632/3117/front_fr.3.400.jpg,11355465 | 13033361 | 13363598 | 13703653 | 16323117,,,
casino,casino,Manual review,Casino Group,map_to_company,obvious French retailer/private-label banner,snacks,France,FRANCE,493,casino,casino,first_off_brand_token_fallback,brand_entity_raw_fallback,fallback_unreviewed,Panettone aux raisin secs et aux écorces d orange confit | p'tits biscuits fourrage au lait bio | Cookies tout chocolat | Brownie familial | Crackers salés Casino,"Casino | casino | Casino, Vival | Casino, Casino Commerce Equitable | Casino, Sans marque",https://images.openfoodfacts.org/images/products/000/001/595/7979/front_fr.3.400.jpg | https://images.openfoodfacts.org/images/products/000/001/621/7386/front_fr.4.400.jpg | https://images.openfoodfacts.org/images/products/000/001/639/7934/front_fr.4.400.jpg | https://images.openfoodfacts.org/images/products/000/001/838/7964/front_fr.4.400.jpg | https://images.openfoodfacts.org/images/products/200/000/004/7793/front_fr.4.400.jpg,15957979 | 16217386 | 16397934 | 18387964 | 2000000047793,,,
leclerc,leclerc,Manual review,E.Leclerc,map_to_company,obvious E.Leclerc retailer/private-label banner,snacks,France,FRANCE,464,leclerc,leclerc,first_off_brand_token_fallback,brand_entity_raw_fallback,fallback_unreviewed,PATE D'OURS | pain chocolat × 4 pur beurre | Brownies cuit x3 | Pain choco x4 | Croissants x5,"Leclerc | leclerc | Leclerc, Les 3 Meuniers | Leclerc, Stéphan Pâtisserie | Leclerc, Les-3-meuniers",https://images.openfoodfacts.org/images/products/120/453/102/0332/front_fr.8.400.jpg | https://images.openfoodfacts.org/images/products/000/001/741/3131/front_fr.4.400.jpg | https://images.openfoodfacts.org/images/products/190/000/000/5601/front_fr.9.400.jpg | https://images.openfoodfacts.org/images/products/190/000/001/1275/front_fr.4.400.jpg | https://images.openfoodfacts.org/images/products/190/000/002/9089/front_fr.3.400.jpg,1204531020332 | 17413131 | 1900000005601 | 1900000011275 | 1900000029089,,,
marque repere,marque repere,Manual review,E.Leclerc,map_to_company,obvious E.Leclerc private-label line,dairies,France,FRANCE,293,marque repere | les croises | cote croc | soutenons nos agriculteurs | eskiss,marque repere,existing_company_brand_mapping_token_match,existing_company_brand_mapping_alias,confirmed,coeur de crème | Fromage blanc | Camembert Les Croisés | Fromage de chèvre | Emmental,"Marque Repère, E.Leclerc, les croisés | Marque Repère | Marque Repère, Leclerc, Les Croisés | Marque Repère, Leclerc | Marque Repère, Les Croisés",https://images.openfoodfacts.org/images/products/000/001/260/6467/front_fr.18.400.jpg | https://images.openfoodfacts.org/images/products/135/647/000/7407/front_fr.3.400.jpg | https://images.openfoodfacts.org/images/products/200/000/005/9693/front_fr.4.400.jpg | https://images.openfoodfacts.org/images/products/020/303/802/9788/front_fr.3.400.jpg | https://images.openfoodfacts.org/images/products/286/036/002/3167/front_fr.4.400.jpg,12606467 | 1356470007407 | 2000000059693 | 203038029788 | 2860360023167,,,
leclerc,leclerc,Manual review,E.Leclerc,map_to_company,obvious E.Leclerc retailer/private-label banner,dairies,France,FRANCE,249,leclerc,leclerc,first_off_brand_token_fallback,brand_entity_raw_fallback,fallback_unreviewed,BUCHE CHEVRE | Chantilly | Cantal Vieux AOP | Brillat savarin | Emmental longe lait cru,"LECLERC | Leclerc | Leclerc, traditions terroirs | leclerc | Leclerc, Nos Régions ont du Talent",https://images.openfoodfacts.org/images/products/186/003/601/6929/front_fr.3.400.jpg | https://images.openfoodfacts.org/images/products/200/000/000/9223/front_fr.6.400.jpg | https://images.openfoodfacts.org/images/products/020/035/502/1846/front_fr.16.400.jpg | https://images.openfoodfacts.org/images/products/020/047/002/3558/front_fr.4.400.jpg | https://images.openfoodfacts.org/images/products/020/077/701/7519/front_fr.6.400.jpg,1860036016929 | 2000000009223 | 200355021846 | 200470023558 | 200777017519,,,
lipton,lipton,Manual review,Other / not mapped to a company,replace_with_other,Lipton ownership/channel is complex; avoid Manual review label by using Other for launch,beverages,United States,US_CANADA,197,lipton | pure leaf,lipton,existing_company_brand_mapping_token_match,existing_company_brand_mapping_alias,confirmed,"Lipton Lemon Iced Tea 20 Fluid Ounce Plastic Bottle | Iced tea | Diet Iced Tea, Lemon Flavor With Other Natural Flavors | Diet iced tea | Green tea","Lipton, Unilever | Lipton,Unilever | Lipton | lipton | Lipton,Brisk",https://images.openfoodfacts.org/images/products/001/200/001/2709/front_en.5.400.jpg | https://images.openfoodfacts.org/images/products/001/200/001/2730/front_en.5.400.jpg | https://images.openfoodfacts.org/images/products/001/200/001/2754/front_en.20.400.jpg | https://images.openfoodfacts.org/images/products/001/200/001/2792/front_en.5.400.jpg | https://images.openfoodfacts.org/images/products/001/200/001/7001/front_en.5.400.jpg,12000012693 | 12000012709 | 12000012723 | 12000012730 | 12000012754,,,
u,u,Manual review,Coopérative U,map_to_company,obvious French retailer/private-label banner,cereals,France,FRANCE,103,u,u,first_off_brand_token_fallback,brand_entity_raw_fallback,fallback_unreviewed,Céréales chocolatées et fourrées au chocolat - 600g | Pétales Fruits Rouges | Muesli Croustillant aux 4 Noix | Céréales Muesli croustillant aux 4 noix paquet de 500g | Céréales Muesli croustillant aux fruits rouges doypack de 500g,"U | U, U Mat & Lou | U, U MUESLI CRANBERY",https://images.openfoodfacts.org/images/products/325/622/011/8460/front_fr.93.400.jpg | https://images.openfoodfacts.org/images/products/325/622/027/1318/front_fr.4.400.jpg | https://images.openfoodfacts.org/images/products/325/622/039/4074/front_fr.6.400.jpg | https://images.openfoodfacts.org/images/products/325/622/039/4079/front_fr.160.400.jpg | https://images.openfoodfacts.org/images/products/325/622/039/4086/front_fr.133.400.jpg,3256220118460 | 3256220271318 | 3256220394074 | 3256220394079 | 325622039407900,,,
kettle brand,kettle brand,Manual review,Campbell Soup Company,map_to_company,known Kettle Brand owner for MVP launch,snacks,United States,US_CANADA,71,kettle | diamond foods inc,kettle brand,existing_company_brand_mapping_token_match,existing_company_brand_mapping_alias,confirmed,Potato Chips New York Cheddar | Potato Chips Sea Salt & Vinegar | Organic Potato Chips Sea Salt | Potato Chips Unsalted (US only) | Potato Chips Sea Salt,"kettle,Diamond Foods Inc., Kettle Brand | Kettle, Kettle Brand | Kettle Brand | Kettle, krinkle cut, Kettle Brand | Kettle, Kettle Foods Inc., Kettle Brand",https://images.openfoodfacts.org/images/products/008/411/400/9944/front_en.16.400.jpg | https://images.openfoodfacts.org/images/products/008/411/400/9968/front_en.5.400.jpg | https://images.openfoodfacts.org/images/products/008/411/400/9975/front_en.3.400.jpg | https://images.openfoodfacts.org/images/products/008/411/403/2164/front_en.3.400.jpg | https://images.openfoodfacts.org/images/products/008/411/403/2409/front_en.6.400.jpg,84114009944 | 84114009968 | 84114009975 | 84114009999 | 84114032164,,,
marque repere,marque repere,Manual review,E.Leclerc,map_to_company,obvious E.Leclerc private-label line,cereals,France,FRANCE,68,marque repere | brin de jour | day break | chaque jour sans gluten,marque repere,existing_company_brand_mapping_token_match,existing_company_brand_mapping_alias,confirmed,Müesli 4 noix | Corn flakes | Blé soufflé au caramel | Corn flakes sucrés | Riz Soufflé au Chocolat,"Marque Repère | Marque Repère, Brin de Jour | Marque Repère, Brin de jour | Marque Repère, Brin de Jour, Day Break | Marque Repère, Day Break",https://images.openfoodfacts.org/images/products/000/000/173/1583/front_fr.3.400.jpg | https://images.openfoodfacts.org/images/products/356/470/001/0716/front_fr.11.400.jpg | https://images.openfoodfacts.org/images/products/356/470/001/0723/front_fr.19.400.jpg | https://images.openfoodfacts.org/images/products/356/470/001/0730/front_fr.22.400.jpg | https://images.openfoodfacts.org/images/products/356/470/001/0747/front_fr.14.400.jpg,1731583 | 3564700010716 | 3564700010723 | 3564700010730 | 3564700010747,,,
lipton,lipton,Manual review,Other / not mapped to a company,replace_with_other,Lipton ownership/channel is complex; avoid Manual review label by using Other for launch,beverages,Belgium,BENELUX|FRANCE,59,lipton,lipton,existing_company_brand_mapping_token_match,existing_company_brand_mapping_alias,confirmed,Lipton Thé Vert Citron 25 Sachets | Lipton Ice Tea saveur pêche 2 L | Green Ice Tea saveur Litchi Jasmin | Ice tea | Green Tea Citrus,"Lipton, Unilever | Lipton | Lipton, Lipton Ice tea | lipton",https://images.openfoodfacts.org/images/products/322/888/107/4904/front_en.53.400.jpg | https://images.openfoodfacts.org/images/products/350/211/000/5922/front_fr.220.400.jpg | https://images.openfoodfacts.org/images/products/350/211/000/7551/front_fr.3.400.jpg | https://images.openfoodfacts.org/images/products/371/756/638/7014/front_fr.3.400.jpg | https://images.openfoodfacts.org/images/products/541/003/380/4165/front_fr.3.400.jpg,3228881074904 | 3502110005922 | 3502110007551 | 3717566387014 | 5410033804165,,,
lipton,lipton,Manual review,Other / not mapped to a company,replace_with_other,Lipton ownership/channel is complex; avoid Manual review label by using Other for launch,beverages,France,FRANCE|DACH,56,lipton | ice tea | nestle | exclusive selection,lipton,existing_company_brand_mapping_token_match,existing_company_brand_mapping_alias,confirmed,lipton green ice tea goût menthe citron | Lipton Green Ice Tea saveur cranberry & fraise des bois 1 L | Lipton Yellow Thé Noir 200g Vrac | Thé Vert Menthe (25 sachets enveloppés) | 100 St Fraicheur the Yellow Lipton,"lipton | Lipton | Lipton, Unilever | lipton, unilever | Lipton, ice tea",https://images.openfoodfacts.org/images/products/000/001/060/8074/front_fr.5.400.jpg | https://images.openfoodfacts.org/images/products/316/893/016/2452/front_fr.21.400.jpg | https://images.openfoodfacts.org/images/products/322/888/100/1801/front_fr.29.400.jpg | https://images.openfoodfacts.org/images/products/322/888/101/9073/front_fr.28.400.jpg | https://images.openfoodfacts.org/images/products/322/888/101/9318/front_fr.9.400.jpg,10608074 | 3168930162452 | 3228881001801 | 3228881019073 | 3228881019318,,,
Cadbury,Cadbury,Manual review,Other / not mapped to a company,replace_with_other,mixed US/non-US Cadbury scope; use Other unless manually split later,snacks,France,FRANCE|US_CANADA,55,cadbury,Cadbury,existing_company_brand_mapping_token_match | top9_portfolio_token_match,curated_mechanical_brand_alias,confirmed,Curly Wurly Chocolate Bar | Cadbury wispa chocolate bar | Cadbury creme egg chocolate eggs | Milk chocolate with popping candy | Cadbury dairy milk chocolate bar,"Cadbury | Cadbury, Mondelez | Cadbury, Ryedale Farm | Cadbury, Oreo | Cadbury, Redbull",https://images.openfoodfacts.org/images/products/503/466/050/5181/front_en.18.400.jpg | https://images.openfoodfacts.org/images/products/503/466/052/0825/front_fr.3.400.jpg | https://images.openfoodfacts.org/images/products/503/466/052/1648/front_fr.4.400.jpg | https://images.openfoodfacts.org/images/products/762/221/017/0507/front_en.16.400.jpg | https://images.openfoodfacts.org/images/products/762/221/024/1672/front_fr.3.400.jpg,5034660505181 | 5034660520825 | 5034660521648 | 7622210129604 | 7622210170507,,,
Kellogg's,Kellogg's,Manual review,Other / not mapped to a company,replace_with_other,Kellogg/Kellanova/WK Kellogg ownership is complex; avoid Manual review label by using Other for launch,cereals,France,FRANCE|US_CANADA,55,kellogg's,kellogg's,existing_company_brand_mapping_token_match,curated_mechanical_brand_alias,confirmed,"Cereal | Corn flakes cereal | Kellogg's All Bran Cereal Complete Wheat Flakes .88oz | COCOA KRISPIES Chocolatey, Sweetened Rice Cereal | Crispix corn rice cereal","Kellogg's | Kellogg's, Special K | Kellogg's,Rice Krispies",https://images.openfoodfacts.org/images/products/003/800/000/1208/front_en.45.400.jpg | https://images.openfoodfacts.org/images/products/003/800/000/1277/front_en.3.400.jpg | https://images.openfoodfacts.org/images/products/003/800/000/6678/front_en.12.400.jpg | https://images.openfoodfacts.org/images/products/003/800/001/1610/front_en.10.400.jpg | https://images.openfoodfacts.org/images/products/003/800/003/5302/front_en.28.400.jpg,38000001208 | 38000001277 | 38000006678 | 38000011610 | 38000035302,,,
casino,casino,Manual review,Casino Group,map_to_company,obvious French retailer/private-label banner,cereals,France,FRANCE,46,casino,casino,first_off_brand_token_fallback,brand_entity_raw_fallback,fallback_unreviewed,Corn flakes | Casino croustillant aux céréales et aux fruits | Muesli floconneux Fruits & Graines | Muesli aux 4 céréales et aux fruits | Muesli Croustillant Chocolat Noir Casino,"Casino | Casino, Les Doodingues | casino | Casino, DooDingues Bio, Les doodingues | Casino, DooDingues Bio",https://images.openfoodfacts.org/images/products/309/323/297/4475/front_en.3.400.jpg | https://images.openfoodfacts.org/images/products/322/247/197/4483/front_fr.3.400.jpg | https://images.openfoodfacts.org/images/products/322/247/258/9464/front_fr.28.400.jpg | https://images.openfoodfacts.org/images/products/322/247/277/1975/front_fr.18.400.jpg | https://images.openfoodfacts.org/images/products/322/247/326/4865/front_fr.8.400.jpg,3093232974475 | 3222471974483 | 3222472589464 | 3222472771975 | 3222473264865,,,
starbucks,starbucks,Manual review,Starbucks,map_to_company,visible Starbucks brand; leave ownership/licensing detail for later,beverages,France,FRANCE,41,starbucks,starbucks,first_off_brand_token_fallback,brand_entity_raw_fallback,fallback_unreviewed,Coconut drink | Sirop Caramel | Caffè latte | Frappuccino | Matcha Green Tea,"Starbucks | STARBUCKS | STARBUCKS, by NESPRESSO | STARBUCKS, Sunny day blend, by NESPRESSO",https://images.openfoodfacts.org/images/products/140/623/960/48069/front_fr.11.400.jpg | https://images.openfoodfacts.org/images/products/405/227/547/7625/front_fr.3.400.jpg | https://images.openfoodfacts.org/images/products/410/029/002/4963/front_en.4.400.jpg | https://images.openfoodfacts.org/images/products/000/004/460/9957/front_fr.4.400.jpg | https://images.openfoodfacts.org/images/products/452/478/527/9148/front_fr.3.400.jpg,14062396048069 | 4052275477625 | 4100290024963 | 44609957 | 4524785279148,,,
Chocapic,Chocapic,Manual review,Cereal Partners Worldwide,map_to_company,Nestlé cereal brand handled via CPW,cereals,France,FRANCE,38,nestle | chocapic,Chocapic,top9_portfolio_token_match | existing_company_brand_mapping_token_match,curated_mechanical_brand_alias,confirmed,chocapic sans huile palme | Chocapic | Chocapic Granola | Chocapic crunchy muesly | Chocapic Maxi Format,"Nestlé, Chocapic | Chocapic | Nestlé, Chocapic, General Mills | Nestlé,Chocapic | Nestlé, Cereals Partners, Chocapic",https://images.openfoodfacts.org/images/products/136/422/549/6178/front_fr.4.400.jpg | https://images.openfoodfacts.org/images/products/000/001/677/9273/front_fr.3.400.jpg | https://images.openfoodfacts.org/images/products/020/580/301/1165/front_fr.3.400.jpg | https://images.openfoodfacts.org/images/products/211/862/644/0419/front_fr.3.400.jpg | https://images.openfoodfacts.org/images/products/233/866/645/6564/front_fr.4.400.jpg,1364225496178 | 16779273 | 205803011165 | 2118626440419 | 2338666456564,,,
Cadbury,Cadbury,Manual review,Other / not mapped to a company,replace_with_other,mixed US/non-US Cadbury scope; use Other unless manually split later,snacks,France,FRANCE|UK_IE|US_CANADA,28,cadbury,Cadbury,existing_company_brand_mapping_token_match,curated_mechanical_brand_alias,confirmed,twirl | CADBURY FLAKE 32G | Cadbury land chocolate bar fudge | Cadbury buttons chocolate pieces white chocolate | Dairy Milk buttons,"Cadbury | cadbury | Cadbury, Cadbury Dairy Milk | Cadbury, Original biscuit bakers",https://images.openfoodfacts.org/images/products/500/020/149/9776/front_en.72.400.jpg | https://images.openfoodfacts.org/images/products/000/005/020/1013/front_en.42.400.jpg | https://images.openfoodfacts.org/images/products/000/005/020/1464/front_en.11.400.jpg | https://images.openfoodfacts.org/images/products/000/005/020/1815/front_en.6.400.jpg | https://images.openfoodfacts.org/images/products/503/466/051/8679/front_en.6.400.jpg,5000201499776 | 50201013 | 50201464 | 50201815 | 5034660518679,,,
lipton,lipton,Manual review,Other / not mapped to a company,replace_with_other,Lipton ownership/channel is complex; avoid Manual review label by using Other for launch,beverages,France,FRANCE|SOUTHERN_EUROPE,28,lipton,lipton,existing_company_brand_mapping_token_match,existing_company_brand_mapping_alias,confirmed,Lipton Green Tea 25'S Exp 09 | Ice tea pêssego | Lipton Ice Tea mangue | Lipton Ice Tea -lemon | Ice Tea Pêssego,"Lipton | Lipton, Unilever | lipton | Lipton, Lipton Ice tea",https://images.openfoodfacts.org/images/products/322/888/102/0956/front_fr.10.400.jpg | https://images.openfoodfacts.org/images/products/560/116/500/4640/front_pt.4.400.jpg | https://images.openfoodfacts.org/images/products/560/116/500/4695/front_fr.12.400.jpg | https://images.openfoodfacts.org/images/products/560/116/500/5142/front_fr.21.400.jpg | https://images.openfoodfacts.org/images/products/560/116/500/5180/front_pt.33.400.jpg,3228881020956 | 5601165004640 | 5601165004695 | 5601165005142 | 5601165005180,,,
leclerc,leclerc,Manual review,E.Leclerc,map_to_company,obvious E.Leclerc retailer/private-label banner,beverages,France,FRANCE,26,leclerc,leclerc,first_off_brand_token_fallback,brand_entity_raw_fallback,fallback_unreviewed,jafaden tropical | jus d'orange pressé | Jue d orange | Orange pressée ici | jus d'orange,"Leclerc | LECLERC | Leclerc, Nos Régions ont du Talent | Leclerc, Nos régions ont du talent | Leclerc, Nos Régions Ont Du Talent",https://images.openfoodfacts.org/images/products/000/000/116/9959/front_fr.9.400.jpg | https://images.openfoodfacts.org/images/products/000/001/250/1717/front_fr.4.400.jpg | https://images.openfoodfacts.org/images/products/200/000/261/9901/front_fr.4.400.jpg | https://images.openfoodfacts.org/images/products/200/026/002/5919/front_fr.3.400.jpg | https://images.openfoodfacts.org/images/products/000/002/010/0124/front_fr.5.400.jpg,1169959 | 12501717 | 2000002619901 | 2000260025919 | 20100124,,,
paturages,paturages,Manual review,Intermarché / Les Mousquetaires,map_to_company,obvious Intermarché private-label line,dairies,Belgium,BENELUX|FRANCE,21,paturages,paturages,existing_company_brand_mapping_token_match,existing_company_brand_mapping_alias,confirmed,Fromage blanc 8% de matière grasse | Fromage blanc 0% de matière grasse | Emmental français râpé | Lait Demi Ecrémé Pâturages | Naturais 150g,"Pâturages | Paturages | Pâturages, Sélection Intermarché | Paturages, Sélection Intermarché | Pâturages, Intermarché",https://images.openfoodfacts.org/images/products/325/039/000/7395/front_fr.43.400.jpg | https://images.openfoodfacts.org/images/products/325/039/001/0098/front_fr.46.400.jpg | https://images.openfoodfacts.org/images/products/325/039/001/0258/front_fr.66.400.jpg | https://images.openfoodfacts.org/images/products/325/039/015/3498/front_fr.15.400.jpg | https://images.openfoodfacts.org/images/products/325/039/025/3129/front_fr.41.400.jpg,3250390007395 | 3250390010098 | 3250390010258 | 3250390153498 | 3250390253129,,,
Kellogg's,Kellogg's,Manual review,Other / not mapped to a company,replace_with_other,Kellogg/Kellanova/WK Kellogg ownership is complex; avoid Manual review label by using Other for launch,snacks,France,FRANCE|US_CANADA,21,kellogg's,kellogg's,existing_company_brand_mapping_token_match,curated_mechanical_brand_alias,confirmed,"grahams Bug Bites Cinnamon | Kellogg'S Special K Cereal Bars Red Berries .88Oz | Toaster pastries, frosted chocolatey caramel | Crispy marshmallow squares bars | Rice Krispies m&m's","Kellogg's | Kellogg's, pop-tarts | Kellogg's, Nutrigrain",https://images.openfoodfacts.org/images/products/003/010/055/8569/front_en.12.400.jpg | https://images.openfoodfacts.org/images/products/003/800/012/4211/front_en.11.400.jpg | https://images.openfoodfacts.org/images/products/003/800/012/9667/front_en.8.400.jpg | https://images.openfoodfacts.org/images/products/003/800/015/1125/front_en.8.400.jpg | https://images.openfoodfacts.org/images/products/003/800/015/1132/front_en.14.400.jpg,30100558569 | 38000124211 | 38000129667 | 38000151125 | 38000151132,,,
starbucks,starbucks,Manual review,Starbucks,map_to_company,visible Starbucks brand; leave ownership/licensing detail for later,snacks,United States,US_CANADA,20,starbucks,starbucks,first_off_brand_token_fallback,brand_entity_raw_fallback,fallback_unreviewed,"Cakebites sweet lemon layers cakebites | Croissant | Starbucks, peppermint cookie chocolate bites | Starbucks, chocolate caramel hearts | Starbucks, holiday jelly candy","Starbucks | Starbucks, Starbucks Coffee Company",https://images.openfoodfacts.org/images/products/003/769/518/5354/front_en.5.400.jpg | https://images.openfoodfacts.org/images/products/005/254/806/6666/front_en.8.400.jpg | https://images.openfoodfacts.org/images/products/076/211/112/6719/front_en.7.400.jpg | https://images.openfoodfacts.org/images/products/076/211/114/4355/front_en.8.400.jpg | https://images.openfoodfacts.org/images/products/076/211/122/5016/front_en.23.400.jpg,37695185354 | 52548066666 | 762111023575 | 762111049520 | 762111105776,,,
starbucks,starbucks,Manual review,Starbucks,map_to_company,visible Starbucks brand; leave ownership/licensing detail for later,beverages,United Kingdom,UK_IE,19,starbucks,starbucks,first_off_brand_token_fallback,brand_entity_raw_fallback,fallback_unreviewed,Chai | Ginger shot | Raspberry Lemonade | Frappuccino vanille | Oat based vanilla macchiato,Starbucks | STARBUCKS,https://images.openfoodfacts.org/images/products/405/227/549/3793/front_en.3.400.jpg | https://images.openfoodfacts.org/images/products/505/623/860/0630/front_en.3.400.jpg | https://images.openfoodfacts.org/images/products/505/623/860/0708/front_en.3.400.jpg | https://images.openfoodfacts.org/images/products/506/759/669/0003/front_en.3.400.jpg | https://images.openfoodfacts.org/images/products/571/195/311/8463/front_en.3.400.jpg,4052275493793 | 5056238600630 | 5056238600708 | 5067596690003 | 5711953118463,,,
Crunch,Crunch,Manual review,Other / not mapped to a company,replace_with_other,no conservative launch owner proposal; replace Manual review with Other unless Julia assigns a company,snacks,France,FRANCE,18,nestle | crunch,Crunch | crunch,product_name_recovery_nestle_france_snacks | existing_company_brand_mapping_token_match,curated_mechanical_brand_alias,confirmed,Barre Glacée Crunch | Barre crunch glacée | Crunch Snack | Berry Crunch Flavour Bar | Crunch snack,"Nestlé | Nestlé,Optifast | Nestlé, Crunch, Crunch blanc | Nestlé, Crunch | Nestlé,Crunch",https://images.openfoodfacts.org/images/products/327/466/498/8067/front_fr.10.400.jpg | https://images.openfoodfacts.org/images/products/357/675/003/2044/front_fr.4.400.jpg | https://images.openfoodfacts.org/images/products/000/000/737/0793/front_en.12.400.jpg | https://images.openfoodfacts.org/images/products/761/303/241/3491/front_fr.6.400.jpg | https://images.openfoodfacts.org/images/products/761/303/242/7313/front_fr.20.400.jpg,3274664088064 | 3274664988067 | 3576750032044 | 7370793 | 7613032413491,,,
Cadbury,Cadbury,Manual review,Other / not mapped to a company,replace_with_other,mixed US/non-US Cadbury scope; use Other unless manually split later,snacks,United Kingdom,UK_IE|US_CANADA,16,cadbury | mondelez,Cadbury,existing_company_brand_mapping_token_match | top9_portfolio_token_match,curated_mechanical_brand_alias,confirmed,Picnic | Cadbury dairy milk chocolate egg eggheads | Caramel egg | Dairy Milk Freddo Chocolate Bar 6 Pack | Cadbury dairy milk chocolate bar lu sweet biscuits,"Cadbury | Cadbury,Lu | Mondelez, Cadbury",https://images.openfoodfacts.org/images/products/500/031/200/2131/front_en.55.400.jpg | https://images.openfoodfacts.org/images/products/000/005/010/5038/front_en.3.400.jpg | https://images.openfoodfacts.org/images/products/000/005/020/1969/front_en.8.400.jpg | https://images.openfoodfacts.org/images/products/503/466/052/2232/front_en.16.400.jpg | https://images.openfoodfacts.org/images/products/762/221/017/9418/front_en.7.400.jpg,5000312002131 | 50105038 | 50201969 | 5034660522232 | 7622210179418,,,
Fitness,Fitness,Manual review,Other / not mapped to a company,replace_with_other,no conservative launch owner proposal; replace Manual review with Other unless Julia assigns a company,cereals,France,FRANCE,16,nestle | fitness,Fitness,top9_portfolio_token_match | existing_company_brand_mapping_token_match,curated_mechanical_brand_alias,confirmed,Fitness Croquant d'Avoine - Pépites croustillantes d'avoine au bon goût de miel | Fitness Croquant d'avoine | Fitness Bio | Fitness nutritious energy CHOCOLATE | Nestle fitness honey and almond,"Nestlé, Fitness | Fitness",https://images.openfoodfacts.org/images/products/200/000/006/4050/front_fr.6.400.jpg | https://images.openfoodfacts.org/images/products/000/003/503/3141/front_fr.4.400.jpg | https://images.openfoodfacts.org/images/products/439/083/447/9483/front_fr.3.400.jpg | https://images.openfoodfacts.org/images/products/590/002/002/0932/front_en.25.400.jpg | https://images.openfoodfacts.org/images/products/761/303/230/9459/front_fr.13.400.jpg,2000000064050 | 35033141 | 4390834479483 | 5900020020932 | 7613032309459,,,
starbucks,starbucks,Manual review,Starbucks,map_to_company,visible Starbucks brand; leave ownership/licensing detail for later,dairies,France,FRANCE,16,starbucks,starbucks,first_off_brand_token_fallback,brand_entity_raw_fallback,fallback_unreviewed,Caffe latte | MACCHIATO NOISETTTE | Vegan Stracciatella | Starbucks discoveries - chai tea latte | Skinny latte,Starbucks,https://images.openfoodfacts.org/images/products/410/029/005/6490/front_en.3.400.jpg | https://images.openfoodfacts.org/images/products/410/029/005/6612/front_en.3.400.jpg | https://images.openfoodfacts.org/images/products/425/095/011/8768/front_fr.3.400.jpg | https://images.openfoodfacts.org/images/products/571/195/302/3675/front_fr.9.400.jpg | https://images.openfoodfacts.org/images/products/571/195/306/7648/front_fr.3.400.jpg,4100290056490 | 4100290056612 | 4250950118768 | 5711953023675 | 5711953067648,,,
leclerc,leclerc,Manual review,E.Leclerc,map_to_company,obvious E.Leclerc retailer/private-label banner,snacks,United States,US_CANADA,13,leclerc,leclerc,first_off_brand_token_fallback,brand_entity_raw_fallback,fallback_unreviewed,Pattes d’ours | Chouquettes | Macaron | Eclair au chocolat | Pain chocolat,Leclerc,https://images.openfoodfacts.org/images/products/020/208/901/0820/front_en.3.400.jpg | https://images.openfoodfacts.org/images/products/006/404/210/3396/front_en.6.400.jpg | https://images.openfoodfacts.org/images/products/006/404/255/1012/front_en.3.400.jpg | https://images.openfoodfacts.org/images/products/006/404/255/8059/front_en.5.400.jpg | https://images.openfoodfacts.org/images/products/006/404/255/8080/front_en.7.400.jpg,201940016339 | 202089010820 | 204649021659 | 206114013053 | 209161033456,,,
Fitness,Fitness,Manual review,Other / not mapped to a company,replace_with_other,no conservative launch owner proposal; replace Manual review with Other unless Julia assigns a company,snacks,France,FRANCE,13,fitness | nestle,Fitness,existing_company_brand_mapping_token_match | product_name_recovery_nestle_france_snacks | top9_portfolio_token_match,curated_mechanical_brand_alias,confirmed,Granola bar | Fitness chocolat au lait | Barres Fitness Chocolat Blanc | Fitness crunchy caramel | Barre de céréales Fitness Crunchy Caramel,"Fitness, Hema | Nestlé | Nestlé, Fitness | Nestlé, Fitness, Fitness Délice | Fitness",https://images.openfoodfacts.org/images/products/201/157/049/9994/front_fr.10.400.jpg | https://images.openfoodfacts.org/images/products/590/002/001/0261/front_fr.9.400.jpg | https://images.openfoodfacts.org/images/products/590/002/001/2012/front_fr.7.400.jpg | https://images.openfoodfacts.org/images/products/590/002/002/2370/front_fr.14.400.jpg | https://images.openfoodfacts.org/images/products/590/002/002/3377/front_it.18.400.jpg,2011570499994 | 5900020010261 | 5900020012012 | 5900020022370 | 5900020023377,,,
Crunch,Crunch,Manual review,Other / not mapped to a company,replace_with_other,no conservative launch owner proposal; replace Manual review with Other unless Julia assigns a company,cereals,France,FRANCE,11,nestle | crunch,crunch,existing_company_brand_mapping_token_match,curated_mechanical_brand_alias,confirmed,CRUNCH Céréales | Crunch céréales | Crunch (+50% gratuit) | NESTLE CRUNCH Céréales 450g | NESTLE CRUNCH Céréales Petit Déjeuner 3x450g,"Nestlé, CRUNCH, Cereal Partners | Crunch | Nestlé, Crunch",https://images.openfoodfacts.org/images/products/338/739/032/0084/front_fr.10.400.jpg | https://images.openfoodfacts.org/images/products/338/739/082/0089/front_fr.3.400.jpg | https://images.openfoodfacts.org/images/products/761/303/474/5255/front_fr.9.400.jpg | https://images.openfoodfacts.org/images/products/761/303/518/9027/front_en.142.400.jpg | https://images.openfoodfacts.org/images/products/761/303/519/8203/front_fr.14.400.jpg,3387390320084 | 3387390820089 | 7613034745255 | 7613035189027 | 7613035198203,,,
lipton,lipton,Manual review,Other / not mapped to a company,replace_with_other,Lipton ownership/channel is complex; avoid Manual review label by using Other for launch,beverages,France,FRANCE|UK_IE,11,lipton,lipton,existing_company_brand_mapping_token_match,existing_company_brand_mapping_alias,confirmed,Peach Iced Tea | Lipton Raspberry ice tea | Lemon Ice Tea | Mango Ice Tea | Thé noir vanille caramel,"Lipton | Lipton, Waitrose",https://images.openfoodfacts.org/images/products/406/080/016/8344/front_en.20.400.jpg | https://images.openfoodfacts.org/images/products/406/080/017/1047/front_fr.4.400.jpg | https://images.openfoodfacts.org/images/products/500/011/804/7794/front_en.33.400.jpg | https://images.openfoodfacts.org/images/products/500/011/806/1905/front_en.24.400.jpg | https://images.openfoodfacts.org/images/products/506/327/010/4873/front_en.3.400.jpg,4060800168344 | 4060800171047 | 5000118047794 | 5000118061905 | 5063270104873,,,
lipton,lipton,Manual review,Other / not mapped to a company,replace_with_other,Lipton ownership/channel is complex; avoid Manual review label by using Other for launch,beverages,Belgium,BENELUX|FRANCE|DACH,10,lipton | exclusive selection | cuveco as,lipton,existing_company_brand_mapping_token_match,existing_company_brand_mapping_alias,confirmed,Lipton Thé Vert Menthe Intense 20 Sachets | saveur pêche ici tea | Sparkling Ice Tea | Infusion bio citron gingembre | Yellow label tea,"Lipton, Unilever | Lipton | Exclusive Selection, Lipton | CUVECO AS, Lipton",https://images.openfoodfacts.org/images/products/322/888/101/1138/front_fr.110.400.jpg | https://images.openfoodfacts.org/images/products/322/888/603/0011/front_fr.195.400.jpg | https://images.openfoodfacts.org/images/products/541/003/382/0707/front_en.6.400.jpg | https://images.openfoodfacts.org/images/products/871/120/037/3505/front_fr.14.400.jpg | https://images.openfoodfacts.org/images/products/871/210/036/9278/front_fr.5.400.jpg,3228881011138 | 3228886030011 | 5410033820707 | 8711200373505 | 8712100369278,,,
lipton,lipton,Manual review,Other / not mapped to a company,replace_with_other,Lipton ownership/channel is complex; avoid Manual review label by using Other for launch,beverages,United Kingdom,UK_IE,10,lipton,lipton,existing_company_brand_mapping_token_match,existing_company_brand_mapping_alias,confirmed,Lemon Ice Tea | IT Mango | Kombucha | Peach Ice Tea | Green ice tea mint&lemon,Lipton,https://images.openfoodfacts.org/images/products/406/080/016/7064/front_en.25.400.jpg | https://images.openfoodfacts.org/images/products/406/213/901/5283/front_en.3.400.jpg | https://images.openfoodfacts.org/images/products/500/011/804/7817/front_en.45.400.jpg | https://images.openfoodfacts.org/images/products/501/010/224/0100/front_en.13.400.jpg | https://images.openfoodfacts.org/images/products/506/327/012/6158/front_en.4.400.jpg,4060800167064 | 4062139015283 | 4062139019076 | 5000118047817 | 5010102240100,,,
starbucks,starbucks,Manual review,Starbucks,map_to_company,visible Starbucks brand; leave ownership/licensing detail for later,snacks,France,FRANCE,10,starbucks,starbucks,first_off_brand_token_fallback,brand_entity_raw_fallback,fallback_unreviewed,Signature chocolate | Madeleines | Chocolat au lait | Sucette Chocolat | Cookie Straws,Starbucks,https://images.openfoodfacts.org/images/products/000/000/113/0393/front_fr.12.400.jpg | https://images.openfoodfacts.org/images/products/317/853/042/1941/front_en.13.400.jpg | https://images.openfoodfacts.org/images/products/076/211/108/0738/front_fr.9.400.jpg | https://images.openfoodfacts.org/images/products/076/211/118/5587/front_fr.4.400.jpg | https://images.openfoodfacts.org/images/products/076/211/130/2151/front_fr.4.400.jpg,1130393 | 3178530421941 | 762111080738 | 762111185587 | 762111302151,,,
Chocapic,Chocapic,Manual review,Cereal Partners Worldwide,map_to_company,Nestlé cereal brand handled via CPW,snacks,France,FRANCE,9,nestle | chocapic,Chocapic,top9_portfolio_token_match | existing_company_brand_mapping_token_match,curated_mechanical_brand_alias,confirmed,Chocapic Barres | Barre Chocapic | Chocapic | NESTLE CHOCAPIC Barres de Céréales 12x25g | Présentoir Barres CHOCAPIC 25gx24,"Nestlé, Chocapic | Chocapic, Nestlé | CHOCAPIC",https://images.openfoodfacts.org/images/products/590/002/001/2616/front_fr.11.400.jpg | https://images.openfoodfacts.org/images/products/590/002/002/7207/front_fr.13.400.jpg | https://images.openfoodfacts.org/images/products/590/002/002/7771/front_fr.8.400.jpg | https://images.openfoodfacts.org/images/products/590/002/002/8778/front_fr.217.400.jpg | https://images.openfoodfacts.org/images/products/590/002/003/0733/front_fr.105.400.jpg,5900020012616 | 5900020027207 | 5900020027771 | 5900020028778 | 5900020030733,,,
marque repere,marque repere,Manual review,E.Leclerc,map_to_company,obvious E.Leclerc private-label line,snacks,Algeria,FRANCE,8,marque repere | ptit deli,marque repere,existing_company_brand_mapping_token_match,existing_company_brand_mapping_alias,confirmed,Barre fruits rouges x 6 | Palmiers nappe chocolat lait | La Gaufrette Praliné noisette | Cookies premium coeur fondant à la noisette | Sablé céréales P'tit Déli Chocolat au lait pocket,"Marque Repère, P'tit Déli | P'tit Déli, Marque Repère | Marque Repère, Leclerc, P'tit Déli | Marque Repère,P'tit Déli",https://images.openfoodfacts.org/images/products/356/470/043/8671/front_fr.17.400.jpg | https://images.openfoodfacts.org/images/products/356/470/052/1274/front_fr.23.400.jpg | https://images.openfoodfacts.org/images/products/356/470/054/3412/front_fr.82.400.jpg | https://images.openfoodfacts.org/images/products/356/470/056/4431/front_fr.43.400.jpg | https://images.openfoodfacts.org/images/products/356/470/066/1383/front_fr.22.400.jpg,3564700438671 | 3564700521274 | 3564700543412 | 3564700564431 | 3564700661383,,,
paturages,paturages,Manual review,Intermarché / Les Mousquetaires,map_to_company,obvious Intermarché private-label line,dairies,France,FRANCE|SOUTHERN_EUROPE,8,paturages,paturages,existing_company_brand_mapping_token_match,existing_company_brand_mapping_alias,confirmed,Coulommiers | Camembert | Fleur d'Ange | Emmental français râpé - 210g ( | Yaourt Etuve nature NATUREA X4,Páturages | Pâturages,https://images.openfoodfacts.org/images/products/325/039/001/0227/front_fr.81.400.jpg | https://images.openfoodfacts.org/images/products/325/039/001/0586/front_fr.103.400.jpg | https://images.openfoodfacts.org/images/products/325/039/001/1231/front_fr.67.400.jpg | https://images.openfoodfacts.org/images/products/325/039/001/1613/front_fr.36.400.jpg | https://images.openfoodfacts.org/images/products/325/039/001/2429/front_fr.79.400.jpg,3250390010227 | 3250390010586 | 3250390011231 | 3250390011613 | 3250390012429,,,
Cadbury,Cadbury,Manual review,Other / not mapped to a company,replace_with_other,mixed US/non-US Cadbury scope; use Other unless manually split later,snacks,Canada,US_CANADA|FRANCE,8,cadbury,Cadbury,existing_company_brand_mapping_token_match,curated_mechanical_brand_alias,confirmed,Crispy Crunch | Wunderbar | Wunderbar Minis | Creamy Salted Caramel Dairy Milk | Cadbury mini eggs,Cadbury | cadbury,https://images.openfoodfacts.org/images/products/006/120/000/2423/front_en.15.400.jpg | https://images.openfoodfacts.org/images/products/006/120/000/3499/front_en.13.400.jpg | https://images.openfoodfacts.org/images/products/006/120/001/2187/front_en.14.400.jpg | https://images.openfoodfacts.org/images/products/006/120/001/6130/front_en.28.400.jpg | https://images.openfoodfacts.org/images/products/006/120/006/8337/front_fr.3.400.jpg,61200002423 | 61200003499 | 61200012187 | 61200016130 | 61200068337,,,
lipton,lipton,Manual review,Other / not mapped to a company,replace_with_other,Lipton ownership/channel is complex; avoid Manual review label by using Other for launch,beverages,Australia,FRANCE,8,lipton,lipton,existing_company_brand_mapping_token_match,existing_company_brand_mapping_alias,confirmed,Lipton Tea Bags Quality Black | Peach Flavour Ice Tea | Lemon Ice Tea | Lipton Peach Ice Tea | Ice tea light,Lipton,https://images.openfoodfacts.org/images/products/628/100/686/8656/front_fr.3.400.jpg | https://images.openfoodfacts.org/images/products/931/002/103/9035/front_en.43.400.jpg | https://images.openfoodfacts.org/images/products/931/002/103/9097/front_en.25.400.jpg | https://images.openfoodfacts.org/images/products/931/002/103/9202/front_fr.4.400.jpg | https://images.openfoodfacts.org/images/products/931/002/104/1205/front_fr.4.400.jpg,6281006868656 | 9310021039035 | 9310021039080 | 9310021039097 | 9310021039202,,,
starbucks,starbucks,Manual review,Starbucks,map_to_company,visible Starbucks brand; leave ownership/licensing detail for later,beverages,France,FRANCE|US_CANADA,8,starbucks,starbucks,first_off_brand_token_fallback,brand_entity_raw_fallback,fallback_unreviewed,"DOUBLESHOT ENERGY ENERGY COFFEE BEVERAGE | White Chocolate Mocha | Sparkling juice blend | Vanilla honey flavored coffee smoothie with almondmilk, vanilla honey | Vanilla Latte",STARBUCKS | Starbucks,https://images.openfoodfacts.org/images/products/001/200/002/8496/front_en.55.400.jpg | https://images.openfoodfacts.org/images/products/001/200/015/1095/front_en.25.400.jpg | https://images.openfoodfacts.org/images/products/001/200/015/1668/front_fr.6.400.jpg | https://images.openfoodfacts.org/images/products/001/200/017/2601/front_fr.4.400.jpg | https://images.openfoodfacts.org/images/products/004/850/020/1312/front_en.54.400.jpg,12000028496 | 12000151095 | 12000151668 | 12000172601 | 48500201312,,,
marque repere,marque repere,Manual review,E.Leclerc,map_to_company,obvious E.Leclerc private-label line,snacks,France,FRANCE|DACH,7,marque repere | ptit deli,marque repere,existing_company_brand_mapping_token_match,existing_company_brand_mapping_alias,confirmed,Le Petit Beurre | Chocolat dessert pâtissier | Tablette d'OR - Blanc - Noix de Coco | La Génoise - Goût Framboise Cassis | Coffret Snacks,"Marque Repère,P'tit Déli | Marque Repere | Marque Repère, Tablette d'Or | P'tit Déli, Marque Repère, Griesson - de Beukelaer | Marque Repère, Tokapi",https://images.openfoodfacts.org/images/products/356/470/000/9505/front_fr.42.400.jpg | https://images.openfoodfacts.org/images/products/356/470/001/0846/front_fr.92.400.jpg | https://images.openfoodfacts.org/images/products/356/470/043/5014/front_fr.42.400.jpg | https://images.openfoodfacts.org/images/products/356/470/052/9386/front_fr.97.400.jpg | https://images.openfoodfacts.org/images/products/356/470/055/9307/front_fr.28.400.jpg,3564700009505 | 3564700010846 | 3564700435014 | 3564700529386 | 3564700559307,,,
Fitness,Fitness,Manual review,Other / not mapped to a company,replace_with_other,no conservative launch owner proposal; replace Manual review with Other unless Julia assigns a company,snacks,France,FRANCE|SOUTHERN_EUROPE,7,fitness | nestle,Fitness,existing_company_brand_mapping_token_match | top9_portfolio_token_match | product_name_recovery_nestle_france_snacks,curated_mechanical_brand_alias,confirmed,Nestlé Fitness Cereal Bar Strawberry | fitness | Chocolate fitness | Nestlé Fitness 8X23.5G Suklaa Viljavälipalapatukka | Fitness,"Fitness | fitness | Nestlé, Fitness | Nestlé | Nestle",https://images.openfoodfacts.org/images/products/338/739/032/0350/front_fr.12.400.jpg | https://images.openfoodfacts.org/images/products/338/739/032/0374/front_en.6.400.jpg | https://images.openfoodfacts.org/images/products/590/002/001/2654/front_it.18.400.jpg | https://images.openfoodfacts.org/images/products/590/002/001/9684/front_es.17.400.jpg | https://images.openfoodfacts.org/images/products/590/002/002/5210/front_fr.19.400.jpg,3387390320350 | 3387390320374 | 5900020012654 | 5900020019684 | 5900020025210,,,
Kellogg's,Kellogg's,Manual review,Other / not mapped to a company,replace_with_other,Kellogg/Kellanova/WK Kellogg ownership is complex; avoid Manual review label by using Other for launch,cereals,Canada,US_CANADA|FRANCE,7,kellogg's,kellogg's,existing_company_brand_mapping_token_match,curated_mechanical_brand_alias,confirmed,All-Bran Buds | Special K Originales | Corn Flakes Céréales | Froot Loops | Brown Sugar Flavour Mini-Wheats,"Kellogg's | Kellogg's, Special K",https://images.openfoodfacts.org/images/products/000/000/640/7014/front_en.42.400.jpg | https://images.openfoodfacts.org/images/products/006/410/010/6215/front_fr.9.400.jpg | https://images.openfoodfacts.org/images/products/006/410/010/8172/front_fr.8.400.jpg | https://images.openfoodfacts.org/images/products/006/410/044/8889/front_fr.27.400.jpg | https://images.openfoodfacts.org/images/products/006/410/059/0106/front_en.46.400.jpg,6407014 | 64100106215 | 64100108172 | 64100448889 | 64100590106,,,
starbucks,starbucks,Manual review,Starbucks,map_to_company,visible Starbucks brand; leave ownership/licensing detail for later,beverages,France,FRANCE|BENELUX,7,starbucks,starbucks,first_off_brand_token_fallback,brand_entity_raw_fallback,fallback_unreviewed,STARBUCKS By Nespresso Espresso Roast Décaféiné 10 capsules | STARBUCKS Toffee Nut 51g | STARBUCKS By NESPRESSO House Blend (18 capsules) | STARBUCKS By NESPRESSO House Blend 10 capsules | STARBUCKS By NESPRESSO Espresso Roast X18,"Starbucks | STARBUCKS, by NESPRESSO",https://images.openfoodfacts.org/images/products/761/303/696/1820/front_en.3.400.jpg | https://images.openfoodfacts.org/images/products/844/529/045/2900/front_fr.56.400.jpg | https://images.openfoodfacts.org/images/products/844/529/136/2468/front_fr.6.400.jpg | https://images.openfoodfacts.org/images/products/844/529/136/3748/front_fr.6.400.jpg | https://images.openfoodfacts.org/images/products/844/529/136/4394/front_fr.6.400.jpg,7613036961820 | 8445290452900 | 8445291362468 | 8445291363748 | 8445291364394,,,
kettle brand,kettle brand,Manual review,Campbell Soup Company,map_to_company,known Kettle Brand owner for MVP launch,snacks,France,FRANCE|US_CANADA,6,kettle | diamond foods inc,kettle brand,existing_company_brand_mapping_token_match,existing_company_brand_mapping_alias,confirmed,Potato Chips | Potato Chips Krinkle Cut Salt & Fresh Ground Pepper | Potato Chips Sea Salt | Potato Chips Honey Dijon | Potato Chips Pepperoncini,"Kettle Brand | Kettle, Kettle Brand | Diamond Foods Inc., Kettle, Kettle Brand",https://images.openfoodfacts.org/images/products/008/411/403/3338/front_en.12.400.jpg | https://images.openfoodfacts.org/images/products/008/411/410/7077/front_en.11.400.jpg | https://images.openfoodfacts.org/images/products/008/411/410/8128/front_en.16.400.jpg | https://images.openfoodfacts.org/images/products/008/411/411/9032/front_en.13.400.jpg | https://images.openfoodfacts.org/images/products/008/411/411/9056/front_fr.19.400.jpg,84114033338 | 84114107077 | 84114108128 | 84114119032 | 84114119056,,,
leclerc,leclerc,Manual review,E.Leclerc,map_to_company,obvious E.Leclerc retailer/private-label banner,snacks,Canada,US_CANADA|FRANCE,6,leclerc,leclerc,first_off_brand_token_fallback,brand_entity_raw_fallback,fallback_unreviewed,Maple Leaf Tradition Cookies | Caramel Truffle & Milk Chocolate Cookies | Célébration - Biscuits au Beurre Truffés Érable | Biscuits au son d'avoine chocolat noir | Celebration,"Leclerc 🇨🇦 | Leclerc | Leclerc, Vital Leclerc",https://images.openfoodfacts.org/images/products/006/404/200/2941/front_en.30.400.jpg | https://images.openfoodfacts.org/images/products/006/404/200/3412/front_en.40.400.jpg | https://images.openfoodfacts.org/images/products/006/404/200/3467/front_fr.8.400.jpg | https://images.openfoodfacts.org/images/products/006/404/200/3962/front_fr.39.400.jpg | https://images.openfoodfacts.org/images/products/006/404/200/6666/front_en.23.400.jpg,64042002941 | 64042003412 | 64042003467 | 64042003962 | 64042006666,,,
marque repere,marque repere,Manual review,E.Leclerc,map_to_company,obvious E.Leclerc private-label line,beverages,France,FRANCE|DACH,6,marque repere,marque repere,existing_company_brand_mapping_token_match,existing_company_brand_mapping_alias,confirmed,Jus d'orange | Fresh Tea | Mon infusion après repas | Crème de cassis de Dijon 15° | Sirop de fruits exotiques,"Marque Repère, Jafaden | Marque Repère | Marque Repère, Tiséa | Marque Repère, Auguste Mugniot | Marque Repère, Frucci",https://images.openfoodfacts.org/images/products/356/470/000/2964/front_fr.134.400.jpg | https://images.openfoodfacts.org/images/products/356/470/033/2634/front_fr.89.400.jpg | https://images.openfoodfacts.org/images/products/356/470/040/3884/front_fr.25.400.jpg | https://images.openfoodfacts.org/images/products/356/470/070/9634/front_fr.18.400.jpg | https://images.openfoodfacts.org/images/products/356/470/076/3391/front_fr.31.400.jpg,3564700002964 | 3564700332634 | 3564700403884 | 3564700709634 | 3564700763391,,,
paturages,paturages,Manual review,Intermarché / Les Mousquetaires,map_to_company,obvious Intermarché private-label line,beverages,France,FRANCE,6,paturages,paturages,existing_company_brand_mapping_token_match,existing_company_brand_mapping_alias,confirmed,"Yab Yaourt a boire sucre saveur coco, la bouteille de | P'tit yah | Boisson soja calcium | Boisson amande bq 1l | Café Latte - Café Froid",Pâturages | Paturages,https://images.openfoodfacts.org/images/products/325/039/199/8326/front_fr.4.400.jpg | https://images.openfoodfacts.org/images/products/325/039/254/8063/front_fr.30.400.jpg | https://images.openfoodfacts.org/images/products/325/039/254/8094/front_fr.43.400.jpg | https://images.openfoodfacts.org/images/products/325/039/344/2704/front_fr.21.400.jpg | https://images.openfoodfacts.org/images/products/560/426/019/4063/front_fr.3.400.jpg,3250391693306 | 3250391998326 | 3250392548063 | 3250392548094 | 3250393442704,,,
lipton,lipton,Manual review,Other / not mapped to a company,replace_with_other,Lipton ownership/channel is complex; avoid Manual review label by using Other for launch,beverages,France,FRANCE|US_CANADA,6,lipton,lipton,existing_company_brand_mapping_token_match,existing_company_brand_mapping_alias,confirmed,Diet Green Tea Citrus | Iced Tea Peach | Black iced tea mix | Lipton Diet Lemon Iced Tea Mix | Sweetened iced tea mix,"Lipton, Unilever",https://images.openfoodfacts.org/images/products/001/200/001/2785/front_en.4.400.jpg | https://images.openfoodfacts.org/images/products/001/200/011/2270/front_en.4.400.jpg | https://images.openfoodfacts.org/images/products/004/100/000/8450/front_en.10.400.jpg | https://images.openfoodfacts.org/images/products/004/100/000/8726/front_en.4.400.jpg | https://images.openfoodfacts.org/images/products/004/100/011/9750/front_en.4.400.jpg,12000012785 | 12000112270 | 41000008450 | 41000008726 | 41000119750,,,
starbucks,starbucks,Manual review,Starbucks,map_to_company,visible Starbucks brand; leave ownership/licensing detail for later,dairies,United States,US_CANADA,6,starbucks,starbucks,first_off_brand_token_fallback,brand_entity_raw_fallback,fallback_unreviewed,ESPRESSO AND CREAM PREMIUM ESPRESSO BEVERAGE | White chocolate macadamia nut creamer | PIKE PLACE ROAST | Organic Low Fat Milk | String cheese,STARBUCKS | Starbucks,https://images.openfoodfacts.org/images/products/000/000/121/7702/front_en.52.400.jpg | https://images.openfoodfacts.org/images/products/005/000/073/2715/front_en.4.400.jpg | https://images.openfoodfacts.org/images/products/005/000/085/6503/front_en.3.400.jpg | https://images.openfoodfacts.org/images/products/076/211/120/8392/front_en.5.400.jpg | https://images.openfoodfacts.org/images/products/076/211/143/5095/front_en.23.400.jpg,1217702 | 50000732715 | 50000856503 | 762111006691 | 762111208392,,,
starbucks,starbucks,Manual review,Starbucks,map_to_company,visible Starbucks brand; leave ownership/licensing detail for later,dairies,Belgium,BENELUX|FRANCE,6,starbucks,starbucks,first_off_brand_token_fallback,brand_entity_raw_fallback,fallback_unreviewed,Starbucks Noisette Macchiato | Vanilla Macchiato | Starbucks caramel macchiato | Noisette/Hazelnut Macchiato | Caffè Latte,"Starbucks, Starbucks Discoveries | Starbucks",https://images.openfoodfacts.org/images/products/571/195/302/6027/front_fr.33.400.jpg | https://images.openfoodfacts.org/images/products/571/195/306/7747/front_fr.52.400.jpg | https://images.openfoodfacts.org/images/products/571/195/314/5490/front_en.43.400.jpg | https://images.openfoodfacts.org/images/products/571/195/314/5506/front_fr.34.400.jpg | https://images.openfoodfacts.org/images/products/576/046/699/5931/front_fr.47.400.jpg,5711953026027 | 5711953067747 | 5711953145490 | 5711953145506 | 5760466995931,,,
starbucks,starbucks,Manual review,Starbucks,map_to_company,visible Starbucks brand; leave ownership/licensing detail for later,dairies,United Kingdom,UK_IE,6,starbucks,starbucks,first_off_brand_token_fallback,brand_entity_raw_fallback,fallback_unreviewed,Fairtrade Frappuccino Coffee Drink Caramel Flavour | DoubleShot Espresso | Starbucks cafe latte chilled coffee | Dark chocolate mocha flavour chilled coffee | Protein Drink,Starbucks,https://images.openfoodfacts.org/images/products/571/195/305/0169/front_en.7.400.jpg | https://images.openfoodfacts.org/images/products/571/195/314/5315/front_en.28.400.jpg | https://images.openfoodfacts.org/images/products/571/195/314/5957/front_en.37.400.jpg | https://images.openfoodfacts.org/images/products/571/195/316/2992/front_en.4.400.jpg | https://images.openfoodfacts.org/images/products/571/195/318/4871/front_en.12.400.jpg,5711953050169 | 5711953145315 | 5711953145957 | 5711953162992 | 5711953184871,,,
u,u,Manual review,Coopérative U,map_to_company,obvious French retailer/private-label banner,beverages,France,FRANCE|DACH,5,u,u,first_off_brand_token_fallback,brand_entity_raw_fallback,fallback_unreviewed,Gazpacho brique de 1 litre | Sirop d'orange bidon de 75cl | Sirop de pêche bidon de 75cl | Pur jus d'oranges pressées avec pulpe | Cola classic,U,https://images.openfoodfacts.org/images/products/325/622/111/5536/front_fr.103.400.jpg | https://images.openfoodfacts.org/images/products/325/622/301/4509/front_fr.74.400.jpg | https://images.openfoodfacts.org/images/products/325/622/301/4578/front_fr.89.400.jpg | https://images.openfoodfacts.org/images/products/325/622/420/0000/front_fr.95.400.jpg | https://images.openfoodfacts.org/images/products/325/622/709/3111/front_fr.19.400.jpg,3256221115536 | 3256223014509 | 3256223014578 | 3256224200000 | 3256227093111,,,
u,u,Manual review,Coopérative U,map_to_company,obvious French retailer/private-label banner,dairies,France,FRANCE|DACH,5,u,u,first_off_brand_token_fallback,brand_entity_raw_fallback,fallback_unreviewed,"Desserts lactés à la crème aux oeufs frais saveur vanille 4x100g | Fromage Pyramide de chèvre frais au lait pasteurisé 14% de MG, 150g | Crème dessert au chocolat 400g | Crème dessert saveur vanille 400g | Crème semi-épaisse, 30%MG, Brique 3x20cl","U | U, super u",https://images.openfoodfacts.org/images/products/325/622/114/3003/front_fr.61.400.jpg | https://images.openfoodfacts.org/images/products/325/622/431/0488/front_en.64.400.jpg | https://images.openfoodfacts.org/images/products/325/622/439/7243/front_fr.42.400.jpg | https://images.openfoodfacts.org/images/products/325/622/439/7250/front_fr.41.400.jpg | https://images.openfoodfacts.org/images/products/325/622/506/0849/front_fr.71.400.jpg,3256221143003 | 3256224310488 | 3256224397243 | 3256224397250 | 3256225060849,,,
marque repere,marque repere,Manual review,E.Leclerc,map_to_company,obvious E.Leclerc private-label line,snacks,France,FRANCE|SOUTHERN_EUROPE,5,marque repere,marque repere,existing_company_brand_mapping_token_match,existing_company_brand_mapping_alias,confirmed,Tablette d’or blanc intense 2X100G | 10 Pains au lait au levain | Pop corn caramel | Baguettes viennoises | Les Minis sablés cereale,"Marque Repère, Tablette d'Or | Marque Repère, Épi d'Or | Marque Repère, Tokapi | Marque Repère, Epi d'Or | Marque Repère, P'tit Déli",https://images.openfoodfacts.org/images/products/356/470/001/0891/front_fr.31.400.jpg | https://images.openfoodfacts.org/images/products/356/470/001/9252/front_en.106.400.jpg | https://images.openfoodfacts.org/images/products/356/470/040/6366/front_fr.27.400.jpg | https://images.openfoodfacts.org/images/products/356/470/073/6050/front_fr.32.400.jpg | https://images.openfoodfacts.org/images/products/356/470/088/3013/front_fr.20.400.jpg,3564700010891 | 3564700019252 | 3564700406366 | 3564700736050 | 3564700883013,,,
marque repere,marque repere,Manual review,E.Leclerc,map_to_company,obvious E.Leclerc private-label line,dairies,France,FRANCE|DACH,5,marque repere,marque repere,existing_company_brand_mapping_token_match,existing_company_brand_mapping_alias,confirmed,Beurre de Bretagne demi sel | Emmental râpé | Maasdam Les Croises 26.9%mg | Mozzarella - format familial | Comté au lait cru,"Marque Repère, Les Croisés | Marque Repère, Les Croisés, Scamark (Filiale E. Leclerc)",https://images.openfoodfacts.org/images/products/356/470/001/4509/front_en.4.400.jpg | https://images.openfoodfacts.org/images/products/356/470/001/4660/front_en.177.400.jpg | https://images.openfoodfacts.org/images/products/356/470/068/0285/front_fr.29.400.jpg | https://images.openfoodfacts.org/images/products/356/470/068/2319/front_fr.40.400.jpg | https://images.openfoodfacts.org/images/products/356/470/661/9692/front_fr.3.400.jpg,3564700014509 | 3564700014660 | 3564700680285 | 3564700682319 | 3564706619692,,,
u,u,Manual review,Coopérative U,map_to_company,obvious French retailer/private-label banner,snacks,France,FRANCE|DACH,4,u,u,first_off_brand_token_fallback,brand_entity_raw_fallback,fallback_unreviewed,"Assortiment mini viennoiseries | Chips nature multipack 6x30g easypack | Biscuits Sablés céréales nappés chocolat au lait étui de 200g | Petit beurre tablette de chocolat noir, pocket 250g",U,https://images.openfoodfacts.org/images/products/200/000/027/1972/front_fr.27.400.jpg | https://images.openfoodfacts.org/images/products/325/622/101/1524/front_fr.63.400.jpg | https://images.openfoodfacts.org/images/products/325/622/571/7484/front_fr.63.400.jpg | https://images.openfoodfacts.org/images/products/325/622/980/1967/front_fr.30.400.jpg,2000000271972 | 3256221011524 | 3256225717484 | 3256229801967,,,
leclerc,leclerc,Manual review,E.Leclerc,map_to_company,obvious E.Leclerc retailer/private-label banner,dairies,United States,US_CANADA,4,leclerc,leclerc,first_off_brand_token_fallback,brand_entity_raw_fallback,fallback_unreviewed,Etchola vache/brebis | Gorgonzola Mascarpone | Comté AOP Fort des Rousses | Fromage frais,Leclerc,,205220018969 | 206923014302 | 222270017322 | 251906024205,,,
leclerc,leclerc,Manual review,E.Leclerc,map_to_company,obvious E.Leclerc retailer/private-label banner,cereals,France,FRANCE,4,leclerc,leclerc,first_off_brand_token_fallback,brand_entity_raw_fallback,fallback_unreviewed,Muesli | Cereales mini cookies | Petales choco | Petales de céréales fruits rouges,Leclerc,https://images.openfoodfacts.org/images/products/356/470/661/2822/front_en.23.400.jpg | https://images.openfoodfacts.org/images/products/356/470/661/4789/front_fr.11.400.jpg | https://images.openfoodfacts.org/images/products/356/470/661/4826/front_fr.27.400.jpg | https://images.openfoodfacts.org/images/products/356/470/662/4504/front_fr.25.400.jpg,3564706612822 | 3564706614789 | 3564706614826 | 3564706624504,,,
KitKat,KitKat,Manual review,Nestlé,map_to_company,KitKat non-US manual-review row; assign Nestlé for launch review,snacks,Canada,US_CANADA|FRANCE,4,nestle | kit kat,KitKat,product_name_recovery_nestle_france_snacks | existing_company_brand_mapping_token_match,curated_mechanical_brand_alias,confirmed,Classic KitKat | KitKat Gold | KitKat Mega (2 bars) | Kitkat chunky popcorn,Nestlé | Kit Kat,https://images.openfoodfacts.org/images/products/005/980/051/1254/front_en.41.400.jpg | https://images.openfoodfacts.org/images/products/005/980/051/1346/front_en.11.400.jpg | https://images.openfoodfacts.org/images/products/005/980/051/6419/front_en.40.400.jpg | https://images.openfoodfacts.org/images/products/000/000/598/7130/front_en.31.400.jpg,59800511254 | 59800511346 | 59800516419 | 5987130,,,
Cadbury,Cadbury,Manual review,Other / not mapped to a company,replace_with_other,mixed US/non-US Cadbury scope; use Other unless manually split later,snacks,Ireland,UK_IE|US_CANADA,4,cadbury,Cadbury,existing_company_brand_mapping_token_match,curated_mechanical_brand_alias,confirmed,كادبوري سناك شكولاته | Cadbury dairy milk chocolate bar wholenut | Cadbury chocolate chomp | Wispa Gold,Cadbury,https://images.openfoodfacts.org/images/products/500/020/149/6386/front_en.19.400.jpg | https://images.openfoodfacts.org/images/products/503/466/000/3960/front_en.5.400.jpg | https://images.openfoodfacts.org/images/products/762/221/028/7991/front_en.3.400.jpg | https://images.openfoodfacts.org/images/products/762/221/044/8101/front_en.55.400.jpg,5000201496386 | 5034660003960 | 7622210287991 | 7622210448101,,,
Cadbury,Cadbury,Manual review,Other / not mapped to a company,replace_with_other,mixed US/non-US Cadbury scope; use Other unless manually split later,snacks,France,FRANCE|SOUTHERN_EUROPE|US_CANADA,4,cadbury,Cadbury,existing_company_brand_mapping_token_match,curated_mechanical_brand_alias,confirmed,Flake: | Twirl chocolate bar | Cadbury chocolate and milk | Dairy Milk Big Taste Triple Choc,Cadbury,https://images.openfoodfacts.org/images/products/000/005/031/2351/front_en.20.400.jpg | https://images.openfoodfacts.org/images/products/000/005/031/2719/front_en.24.400.jpg | https://images.openfoodfacts.org/images/products/762/221/045/2689/front_en.15.400.jpg | https://images.openfoodfacts.org/images/products/762/221/098/9604/front_en.11.400.jpg,50312351 | 50312719 | 7622210452689 | 7622210989604,,,
Fitness,Fitness,Manual review,Other / not mapped to a company,replace_with_other,no conservative launch owner proposal; replace Manual review with Other unless Julia assigns a company,snacks,Belgium,BENELUX|FRANCE,4,nestle,Fitness,product_name_recovery_nestle_france_snacks | top9_portfolio_token_match,curated_mechanical_brand_alias,confirmed,Fitness Tiramisu | Fitness Chocolat | Barre de céréales Fitness Delice Chocolat blanc | Fitness,"Nestlé | Nestlé, Fitness",https://images.openfoodfacts.org/images/products/590/002/001/4245/front_fr.3.400.jpg | https://images.openfoodfacts.org/images/products/590/002/001/8571/front_fr.19.400.jpg | https://images.openfoodfacts.org/images/products/590/002/002/4244/front_fr.15.400.jpg | https://images.openfoodfacts.org/images/products/590/002/003/0573/front_fr.13.400.jpg,5900020014245 | 5900020018571 | 5900020024244 | 5900020030573,,,
starbucks,starbucks,Manual review,Starbucks,map_to_company,visible Starbucks brand; leave ownership/licensing detail for later,beverages,France,FRANCE|DACH,4,starbucks,starbucks,first_off_brand_token_fallback,brand_entity_raw_fallback,fallback_unreviewed,STARBUCKS by NESCAFE DOLCE GUSTO Vanille Macchiatto 12 capsules 132g | Signature Chocolate | STARBUCKS Spécialités instantanées en stick - Caramel | STARBUCKS by NESPRESSO Caramel 10 capsules,"STARBUCKS | Starbucks | STARBUCKS,by NESPRESSO",https://images.openfoodfacts.org/images/products/761/328/733/5524/front_fr.163.400.jpg | https://images.openfoodfacts.org/images/products/761/328/760/7270/front_en.25.400.jpg | https://images.openfoodfacts.org/images/products/844/529/004/1364/front_fr.41.400.jpg | https://images.openfoodfacts.org/images/products/844/529/015/4187/front_fr.58.400.jpg,7613287335524 | 7613287607270 | 8445290041364 | 8445290154187,,,
casino,casino,Manual review,Casino Group,map_to_company,obvious French retailer/private-label banner,dairies,France,FRANCE|DACH,3,casino,casino,first_off_brand_token_fallback,brand_entity_raw_fallback,fallback_unreviewed,Creme entiere | Comté râpé | Milch,Casino | casino,https://images.openfoodfacts.org/images/products/322/247/258/4469/front_fr.22.400.jpg | https://images.openfoodfacts.org/images/products/322/247/326/9501/front_fr.47.400.jpg | https://images.openfoodfacts.org/images/products/322/247/683/0876/front_fr.33.400.jpg,3222472584469 | 3222473269501 | 3222476830876,,,
casino,casino,Manual review,Casino Group,map_to_company,obvious French retailer/private-label banner,snacks,France,FRANCE|DACH,3,casino,casino,first_off_brand_token_fallback,brand_entity_raw_fallback,fallback_unreviewed,Sticks salés | flan pâtissier | Madeleines longues coeur saveur fraise,Casino,https://images.openfoodfacts.org/images/products/322/247/285/5859/front_fr.6.400.jpg | https://images.openfoodfacts.org/images/products/322/247/298/8625/front_fr.8.400.jpg | https://images.openfoodfacts.org/images/products/322/247/692/2458/front_fr.17.400.jpg,3222472855859 | 3222472988625 | 3222476922458,,,
casino,casino,Manual review,Casino Group,map_to_company,obvious French retailer/private-label banner,beverages,France,FRANCE|DACH,3,casino,casino,first_off_brand_token_fallback,brand_entity_raw_fallback,fallback_unreviewed,Exotique à l'eau de source | Thé glacé à la pêche | Thé vert - Aromatisé à la menthe - 25 sachets fraîcheur,Casino,https://images.openfoodfacts.org/images/products/322/247/346/0007/front_fr.15.400.jpg | https://images.openfoodfacts.org/images/products/322/247/496/2883/front_fr.9.400.jpg | https://images.openfoodfacts.org/images/products/322/247/596/0642/front_fr.21.400.jpg,3222473460007 | 3222474962883 | 3222475960642,,,
Chocapic,Chocapic,Manual review,Cereal Partners Worldwide,map_to_company,Nestlé cereal brand handled via CPW,cereals,France,FRANCE|SOUTHERN_EUROPE,3,nestle | chocapic,Chocapic,top9_portfolio_token_match,curated_mechanical_brand_alias,confirmed,Chocapic Choco Crush | Original Bio | NESTLE CHOCAPIC protéines Céréales 340g,"Nestlé, Chocapic | Chocapic, Nestlé, Chocapic protein",https://images.openfoodfacts.org/images/products/761/303/349/9265/front_pt.21.400.jpg | https://images.openfoodfacts.org/images/products/761/303/666/8408/front_es.12.400.jpg | https://images.openfoodfacts.org/images/products/844/529/226/8103/front_en.3.400.jpg,7613033499265 | 7613036668408 | 8445292268103,,,
paturages,paturages,Manual review,Intermarché / Les Mousquetaires,map_to_company,obvious Intermarché private-label line,dairies,Belgium,BENELUX|FRANCE|DACH,3,paturages,paturages,existing_company_brand_mapping_token_match,existing_company_brand_mapping_alias,confirmed,Lait uht 1/2 ecreme bio bt 1l | Bifidus nature (12 Pots) | BEURRE AU SEL DE GUERANDE MOULE 250g origine France,Pâturages,https://images.openfoodfacts.org/images/products/325/039/020/4930/front_fr.137.400.jpg | https://images.openfoodfacts.org/images/products/325/039/077/9100/front_fr.18.400.jpg | https://images.openfoodfacts.org/images/products/325/039/129/2066/front_fr.25.400.jpg,3250390204930 | 3250390779100 | 3250391292066,,,
paturages,paturages,Manual review,Intermarché / Les Mousquetaires,map_to_company,obvious Intermarché private-label line,snacks,France,FRANCE,3,paturages,paturages,existing_company_brand_mapping_token_match,existing_company_brand_mapping_alias,confirmed,BABA AU RHUM 2x140g | Tartelette caramel au beurre salé | Paturette saveur Madeleine,Pâturages | Paturages,https://images.openfoodfacts.org/images/products/325/039/068/2486/front_fr.35.400.jpg | https://images.openfoodfacts.org/images/products/325/039/265/4238/front_fr.4.400.jpg,3250390682486 | 3250391722549 | 3250392654238,,,
KitKat,KitKat,Manual review,Nestlé,map_to_company,KitKat non-US manual-review row; assign Nestlé for launch review,snacks,Germany,DACH|US_CANADA,3,kitkat,KitKat,existing_company_brand_mapping_token_match,curated_mechanical_brand_alias,confirmed,"KitKat Churro | Nestle, kit kat, chocolate, maccha, maccha | Milk Tea",KitKat | Kitkat,https://images.openfoodfacts.org/images/products/003/400/040/4445/front_en.4.400.jpg | https://images.openfoodfacts.org/images/products/490/220/116/8212/front_en.3.400.jpg | https://images.openfoodfacts.org/images/products/490/220/118/0801/front_en.3.400.jpg,34000404445 | 4902201168212 | 4902201180801,,,
7UP,7UP,Manual review,Other / not mapped to a company,replace_with_other,no conservative launch owner proposal; replace Manual review with Other unless Julia assigns a company,beverages,France,FRANCE|US_CANADA,3,7up,7UP,existing_company_brand_mapping_token_match,top9_portfolio_brand_alias,confirmed,"7up, free, soft drink, mojito | Diet up | 7 UP","7up, Seven Up | 7Up | 7UP",https://images.openfoodfacts.org/images/products/007/800/000/0757/front_en.7.400.jpg | https://images.openfoodfacts.org/images/products/000/000/780/3802/front_fr.36.400.jpg,4060800171092 | 78000000757 | 7803802,,,
Cheerios,Cheerios,Manual review,Other / not mapped to a company,replace_with_other,no conservative launch owner proposal; replace Manual review with Other unless Julia assigns a company,cereals,France,FRANCE|US_CANADA,3,cheerios,Cheerios,existing_company_brand_mapping_token_match | top9_portfolio_token_match,top9_portfolio_brand_alias,confirmed,Cheerios Cereal Singlepak | Honey Nut Cheerios Cereal Singlepak | General Mills Cheerios Apple Cinnamon Cereal,"Cheerios | Cheerios, General Mills",https://images.openfoodfacts.org/images/products/001/600/011/9451/front_en.8.400.jpg | https://images.openfoodfacts.org/images/products/001/600/011/9604/front_en.11.400.jpg,16000119451 | 16000119604 | 16000275188,,,
Crunch,Crunch,Manual review,Other / not mapped to a company,replace_with_other,no conservative launch owner proposal; replace Manual review with Other unless Julia assigns a company,snacks,France,FRANCE|SOUTHERN_EUROPE,3,nestle,crunch,existing_company_brand_mapping_token_match,curated_mechanical_brand_alias,confirmed,CRUNCH SNACK Barre chocolatée - 33g | Snack | CRUNCH mini figurines 144g,"Nestlé, Crunch | Nestle nutrition, Nestlé, Crunch",https://images.openfoodfacts.org/images/products/761/303/625/7169/front_fr.26.400.jpg | https://images.openfoodfacts.org/images/products/761/303/625/7183/front_fr.39.400.jpg | https://images.openfoodfacts.org/images/products/800/030/042/4300/front_en.4.400.jpg,7613036257169 | 7613036257183 | 8000300424300,,,
Dr Pepper,Dr Pepper,Manual review,Other / not mapped to a company,replace_with_other,no conservative launch owner proposal; replace Manual review with Other unless Julia assigns a company,beverages,France,FRANCE|US_CANADA,3,dr pepper,Dr Pepper,existing_company_brand_mapping_token_match,top9_portfolio_brand_alias,confirmed,Fruit juicy red | Root beer | Diet Dr Pepper,Dr Pepper,https://images.openfoodfacts.org/images/products/007/800/000/4083/front_en.8.400.jpg | https://images.openfoodfacts.org/images/products/007/800/005/2169/front_en.10.400.jpg | https://images.openfoodfacts.org/images/products/007/800/008/3316/front_en.11.400.jpg,78000004083 | 78000052169 | 78000083316,,,
Fitness,Fitness,Manual review,Other / not mapped to a company,replace_with_other,no conservative launch owner proposal; replace Manual review with Other unless Julia assigns a company,snacks,Belgium,BENELUX|FRANCE|SOUTHERN_EUROPE,3,fitness | nestle,Fitness,top9_portfolio_token_match | product_name_recovery_nestle_france_snacks,curated_mechanical_brand_alias,confirmed,"FITNESS CHOC Barres Céréale 6x23.5g | NESTLE FITNESS Barres de Céréales Nature 6x23,5g | Fitness breakfast cereal bar pêches et abricot","Fitness,Nestlé | Nestlé,Fitness | Nestlé",https://images.openfoodfacts.org/images/products/338/739/032/0008/front_fr.219.400.jpg | https://images.openfoodfacts.org/images/products/338/739/032/6284/front_fr.71.400.jpg | https://images.openfoodfacts.org/images/products/590/002/002/9454/front_en.6.400.jpg,3387390320008 | 3387390326284 | 5900020029454,,,
Kellogg's,Kellogg's,Manual review,Other / not mapped to a company,replace_with_other,Kellogg/Kellanova/WK Kellogg ownership is complex; avoid Manual review label by using Other for launch,snacks,Canada,US_CANADA|FRANCE,3,kellogg's,kellogg's,existing_company_brand_mapping_token_match,curated_mechanical_brand_alias,confirmed,Eggo Blueberry Flavour | Pop Tarts Raspberry Flavour | Nutri Grain Raspberry,"Kellogg's, Eggo | Kellogg's",https://images.openfoodfacts.org/images/products/006/410/023/8022/front_en.11.400.jpg | https://images.openfoodfacts.org/images/products/006/410/025/6668/front_fr.4.400.jpg | https://images.openfoodfacts.org/images/products/006/410/028/5453/front_en.40.400.jpg,64100238022 | 64100256668 | 64100285453,,,
lipton,lipton,Manual review,Other / not mapped to a company,replace_with_other,Lipton ownership/channel is complex; avoid Manual review label by using Other for launch,beverages,Canada,US_CANADA|FRANCE,3,lipton,lipton,existing_company_brand_mapping_token_match,existing_company_brand_mapping_alias,confirmed,"Thé glacé citron | Real Peach Brewed Iced Tea | Green Tea with Honey,Pure Leaf, Real Brewed","Lipton | Lipton, Pure Leaf, Unilever | Lipton, Pure Leaf • Lipton",https://images.openfoodfacts.org/images/products/006/900/014/7870/front_en.3.400.jpg | https://images.openfoodfacts.org/images/products/006/900/014/8846/front_en.36.400.jpg | https://images.openfoodfacts.org/images/products/006/900/014/8860/front_en.49.400.jpg,69000147870 | 69000148846 | 69000148860,,,
lipton,lipton,Manual review,Other / not mapped to a company,replace_with_other,Lipton ownership/channel is complex; avoid Manual review label by using Other for launch,beverages,France,FRANCE|BENELUX,3,lipton,lipton,existing_company_brand_mapping_token_match,existing_company_brand_mapping_alias,confirmed,Green Ice Tea | Lipton green ice tea mint lime | Thé vert Menthe,Lipton,https://images.openfoodfacts.org/images/products/871/256/621/0633/front_nl.3.400.jpg | https://images.openfoodfacts.org/images/products/872/060/802/6524/front_en.8.400.jpg,8712566210633 | 8714100607541 | 8720608026524,,,
Schweppes,Schweppes,Manual review,Other / not mapped to a company,replace_with_other,no conservative launch owner proposal; replace Manual review with Other unless Julia assigns a company,beverages,Germany,DACH|US_CANADA,3,schweppes | schweppeses,Schweppes,existing_company_brand_mapping_token_match,top9_portfolio_brand_alias,confirmed,Wild Berry | Bitter Lemon | Indian Tonic,"Schweppes | Schweppeses, Schweppes",,4000140721137 | 5902860411222 | 7610238067442,,,
starbucks,starbucks,Manual review,Starbucks,map_to_company,visible Starbucks brand; leave ownership/licensing detail for later,cereals,United Kingdom,UK_IE,3,starbucks,starbucks,first_off_brand_token_fallback,brand_entity_raw_fallback,fallback_unreviewed,Classic oatmeal | Five grain oatmeal | Classic Oatmeal,Starbucks,https://images.openfoodfacts.org/images/products/506/051/058/1821/front_en.3.400.jpg | https://images.openfoodfacts.org/images/products/506/051/058/1838/front_en.3.400.jpg | https://images.openfoodfacts.org/images/products/076/211/122/6457/front_en.8.400.jpg,5060510581821 | 5060510581838 | 762111226457,,,
starbucks,starbucks,Manual review,Starbucks,map_to_company,visible Starbucks brand; leave ownership/licensing detail for later,dairies,France,FRANCE|SOUTHERN_EUROPE,3,starbucks,starbucks,first_off_brand_token_fallback,brand_entity_raw_fallback,fallback_unreviewed,Starbucks Capuccino | Café Caramel Macchiato | café latte Starbucks,"Starbucks | Starbucks,Arla",https://images.openfoodfacts.org/images/products/571/195/302/3958/front_es.68.400.jpg | https://images.openfoodfacts.org/images/products/576/046/699/7027/front_it.96.400.jpg | https://images.openfoodfacts.org/images/products/576/046/699/7164/front_en.28.400.jpg,5711953023958 | 5760466997027 | 5760466997164,,,
starbucks,starbucks,Manual review,Starbucks,map_to_company,visible Starbucks brand; leave ownership/licensing detail for later,beverages,France,FRANCE|SOUTHERN_EUROPE,3,starbucks,starbucks,first_off_brand_token_fallback,brand_entity_raw_fallback,fallback_unreviewed,Skinny Latte | Frappuccino bebida de café baja grasa | Frappuccino bebida de café con vainilla baja grasa,Starbucks,https://images.openfoodfacts.org/images/products/571/195/306/7624/front_fr.13.400.jpg | https://images.openfoodfacts.org/images/products/576/046/699/8659/front_it.3.400.jpg | https://images.openfoodfacts.org/images/products/576/046/699/8697/front_fr.26.400.jpg,5711953067624 | 5760466998659 | 5760466998697,,,
starbucks,starbucks,Manual review,Starbucks,map_to_company,visible Starbucks brand; leave ownership/licensing detail for later,beverages,Belgium,BENELUX|FRANCE,3,starbucks,starbucks,first_off_brand_token_fallback,brand_entity_raw_fallback,fallback_unreviewed,"Signature chocolate | STARBUCKS by NESCAFE DOLCE GUSTO Caramel Macchiato 127,8g | Capsules café arabica espresso kenya","Starbucks | STARBUCKS | Starbucks, Starbucks Coffee Company",https://images.openfoodfacts.org/images/products/571/195/307/7951/front_fr.18.400.jpg | https://images.openfoodfacts.org/images/products/761/303/694/3765/front_fr.286.400.jpg | https://images.openfoodfacts.org/images/products/076/211/114/1798/front_en.3.400.jpg,5711953077951 | 7613036943765 | 762111141798,,,
Chocapic,Chocapic,Manual review,Cereal Partners Worldwide,map_to_company,Nestlé cereal brand handled via CPW,cereals,Belgium,BENELUX|FRANCE|DACH,2,nestle,Chocapic,top9_portfolio_token_match,curated_mechanical_brand_alias,confirmed,NESTLE CHOCAPIC Céréales 375g | NESTLE CHOCAPIC BIO Céréales - Boite de 375g,"Nestlé, Chocapic | Nestlé,Chocapic",https://images.openfoodfacts.org/images/products/338/739/012/3210/front_fr.116.400.jpg | https://images.openfoodfacts.org/images/products/761/303/666/9146/front_en.213.400.jpg,3387390123210 | 7613036669146,,,
Chocapic,Chocapic,Manual review,Cereal Partners Worldwide,map_to_company,Nestlé cereal brand handled via CPW,cereals,France,FRANCE|DACH,2,nestle,Chocapic,top9_portfolio_token_match,curated_mechanical_brand_alias,confirmed,chocapic | Céréales Chocapic,"Nestlé, Chocapic | Nestlé,Chocapic",https://images.openfoodfacts.org/images/products/761/303/277/9566/front_en.97.400.jpg | https://images.openfoodfacts.org/images/products/761/303/462/6844/front_fr.355.400.jpg,7613032779566 | 7613034626844,,,
Chocapic,Chocapic,Manual review,Cereal Partners Worldwide,map_to_company,Nestlé cereal brand handled via CPW,cereals,Bolivia,FRANCE,2,nestle,Chocapic,top9_portfolio_token_match,curated_mechanical_brand_alias,confirmed,Chocapic Duo | Chocapic,"Nestlé, Chocapic",https://images.openfoodfacts.org/images/products/761/303/462/9838/front_pt.9.400.jpg | https://images.openfoodfacts.org/images/products/761/303/463/8243/front_es.19.400.jpg,7613034629838 | 7613034638243,,,
u,u,Manual review,Coopérative U,map_to_company,obvious French retailer/private-label banner,dairies,France,FRANCE|SOUTHERN_EUROPE,2,u,u,first_off_brand_token_fallback,brand_entity_raw_fallback,fallback_unreviewed,Crème dessert au chocolat et billes au chocolat 4x117g | Mascarpone au lait pasteurisé 36%mg,U,https://images.openfoodfacts.org/images/products/325/622/166/4010/front_fr.69.400.jpg | https://images.openfoodfacts.org/images/products/325/622/431/1119/front_fr.90.400.jpg,3256221664010 | 3256224311119,,,
u,u,Manual review,Coopérative U,map_to_company,obvious French retailer/private-label banner,beverages,Belgium,BENELUX|FRANCE,2,u,u,first_off_brand_token_fallback,brand_entity_raw_fallback,fallback_unreviewed,"Cidre doux bouché IGP Bretagne 2°, bouteille de 75cl | Pur jus de raisins blanc muscatée Occitane ""fruits de chez Nous""","U, super u | U",https://images.openfoodfacts.org/images/products/325/622/315/0078/front_fr.31.400.jpg | https://images.openfoodfacts.org/images/products/325/622/746/4485/front_fr.26.400.jpg,3256223150078 | 3256227464485,,,
leclerc,leclerc,Manual review,E.Leclerc,map_to_company,obvious E.Leclerc retailer/private-label banner,dairies,France,FRANCE|DACH,2,leclerc,leclerc,first_off_brand_token_fallback,brand_entity_raw_fallback,fallback_unreviewed,Carré Du Pays Breton | Mimolette vieille,"Leclerc, Nos Regions Ont Du Talent | Leclerc, Nos Régions ont du Talent",https://images.openfoodfacts.org/images/products/356/470/900/0633/front_fr.7.400.jpg | https://images.openfoodfacts.org/images/products/356/470/903/1774/front_fr.32.400.jpg,3564709000633 | 3564709031774,,,
marque repere,marque repere,Manual review,E.Leclerc,map_to_company,obvious E.Leclerc private-label line,beverages,France,FRANCE|SOUTHERN_EUROPE,2,marque repere,marque repere,existing_company_brand_mapping_token_match,existing_company_brand_mapping_alias,confirmed,Cidre bouché breton doux 2 % | Cappuccino Goût Vanille Latte,"Marque Repère,Les Goelleries | Marque Repère, Plantation",https://images.openfoodfacts.org/images/products/356/470/000/2162/front_fr.20.400.jpg | https://images.openfoodfacts.org/images/products/356/470/083/8952/front_fr.60.400.jpg,3564700002162 | 3564700838952,,,
marque repere,marque repere,Manual review,E.Leclerc,map_to_company,obvious E.Leclerc private-label line,beverages,Belgium,BENELUX|FRANCE,2,marque repere,marque repere,existing_company_brand_mapping_token_match,existing_company_brand_mapping_alias,confirmed,Eau de source de montagne Laqueuille | Gentiane 15°,"Marque Repère, Laqueuille | Marque Repère, Boliane, Liqueur",https://images.openfoodfacts.org/images/products/356/470/037/1107/front_fr.122.400.jpg | https://images.openfoodfacts.org/images/products/356/470/039/1075/front_en.3.400.jpg,3564700371107 | 3564700391075,,,
marque repere,marque repere,Manual review,E.Leclerc,map_to_company,obvious E.Leclerc private-label line,cereals,France,FRANCE|DACH,2,marque repere,marque repere,existing_company_brand_mapping_token_match,existing_company_brand_mapping_alias,confirmed,Céréales fourrées tout chocolat | Muesli croustillant aux fruits,"Marque Repère, Day Break | Marque Repère, Brin de Jour",https://images.openfoodfacts.org/images/products/356/470/055/1196/front_fr.60.400.jpg | https://images.openfoodfacts.org/images/products/356/470/075/9196/front_fr.71.400.jpg,3564700551196 | 3564700759196,,,
paturages,paturages,Manual review,Intermarché / Les Mousquetaires,map_to_company,obvious Intermarché private-label line,dairies,Belgium,BENELUX|FRANCE|SOUTHERN_EUROPE,2,paturages,paturages,existing_company_brand_mapping_token_match,existing_company_brand_mapping_alias,confirmed,Fromage de Chevre Le Saínte-Maure | le Bleu,Paturages | Páturages,https://images.openfoodfacts.org/images/products/325/039/001/2450/front_fr.64.400.jpg | https://images.openfoodfacts.org/images/products/325/039/083/5868/front_fr.71.400.jpg,3250390012450 | 3250390835868,,,
paturages,paturages,Manual review,Intermarché / Les Mousquetaires,map_to_company,obvious Intermarché private-label line,dairies,France,FRANCE|DACH,2,intermarche | paturages,paturages,existing_company_brand_mapping_token_match,existing_company_brand_mapping_alias,confirmed,Pâturages beurre gastronomique doux | Pâturages Comté au lait cru en tranches la barquette de 200 g,"Intermarché, Paturages | Pâturages",https://images.openfoodfacts.org/images/products/325/039/015/3481/front_fr.32.400.jpg | https://images.openfoodfacts.org/images/products/325/039/207/3961/front_en.5.400.jpg,3250390153481 | 3250392073961,,,
paturages,paturages,Manual review,Intermarché / Les Mousquetaires,map_to_company,obvious Intermarché private-label line,dairies,United States,US_CANADA,2,paturages,paturages,existing_company_brand_mapping_token_match,existing_company_brand_mapping_alias,confirmed,Crème légère semi épaisse | Ricotta - - 250 g,Pâturages,https://images.openfoodfacts.org/images/products/000/000/678/1929/front_en.8.400.jpg,52562098568 | 6781929,,,
KitKat,KitKat,Manual review,Nestlé,map_to_company,KitKat non-US manual-review row; assign Nestlé for launch review,snacks,France,FRANCE|US_CANADA,2,kit kat | kitkat,KitKat,top9_portfolio_token_match | existing_company_brand_mapping_token_match,curated_mechanical_brand_alias,confirmed,Kit Kat Chocolate Strawberry | Kit Kat King Size,"Kit Kat, The Hershey Company | KitKat",https://images.openfoodfacts.org/images/products/003/400/025/3036/front_en.3.400.jpg | https://images.openfoodfacts.org/images/products/000/000/342/2900/front_en.45.400.jpg,34000253036 | 3422900,,,
7UP,7UP,Manual review,Other / not mapped to a company,replace_with_other,no conservative launch owner proposal; replace Manual review with Other unless Julia assigns a company,beverages,Canada,US_CANADA|FRANCE,2,7up | 7 up,7UP,existing_company_brand_mapping_token_match,top9_portfolio_brand_alias,confirmed,7up,7up | 7 up,https://images.openfoodfacts.org/images/products/006/540/000/0968/front_en.19.400.jpg | https://images.openfoodfacts.org/images/products/000/000/654/1539/front_fr.31.400.jpg,65400000968 | 6541539,,,
Cadbury,Cadbury,Manual review,Other / not mapped to a company,replace_with_other,mixed US/non-US Cadbury scope; use Other unless manually split later,snacks,Australia,FRANCE|UK_IE|US_CANADA,2,cadbury,Cadbury,existing_company_brand_mapping_token_match,curated_mechanical_brand_alias,confirmed,Double Decker | Dairy Milk,Cadbury,https://images.openfoodfacts.org/images/products/762/221/010/6421/front_en.69.400.jpg | https://images.openfoodfacts.org/images/products/762/230/074/3536/front_en.80.400.jpg,7622210106421 | 7622300743536,,,
Cadbury,Cadbury,Manual review,Other / not mapped to a company,replace_with_other,mixed US/non-US Cadbury scope; use Other unless manually split later,snacks,Spain,SOUTHERN_EUROPE|US_CANADA,2,cadbury,Cadbury,existing_company_brand_mapping_token_match,curated_mechanical_brand_alias,confirmed,Cadbury creme egg chocolate egg hollow egg | Cadbury chocolate egg,cadbury | Cadbury,https://images.openfoodfacts.org/images/products/762/221/035/5898/front_en.8.400.jpg | https://images.openfoodfacts.org/images/products/762/221/044/9061/front_en.19.400.jpg,7622210355898 | 7622210449061,,,
Capri Sun,Capri Sun,Manual review,Other / not mapped to a company,replace_with_other,no conservative launch owner proposal; replace Manual review with Other unless Julia assigns a company,beverages,Germany,DACH|US_CANADA,2,caprisun | capri-sun,Capri Sun,existing_company_brand_mapping_token_match,top9_portfolio_brand_alias,confirmed,PACIFIC COOLER Mixed Fruit Flavored Juice from Concentrate | Fruit Punch,CAPRiSUN | Capri Sun,https://images.openfoodfacts.org/images/products/008/768/400/0953/front_en.16.400.jpg | https://images.openfoodfacts.org/images/products/008/768/400/1073/front_en.44.400.jpg,87684000953 | 87684001073,,,
Capri Sun,Capri Sun,Manual review,Other / not mapped to a company,replace_with_other,no conservative launch owner proposal; replace Manual review with Other unless Julia assigns a company,beverages,France,FRANCE|US_CANADA,2,caprisun,Capri Sun,existing_company_brand_mapping_token_match,top9_portfolio_brand_alias,confirmed,Splash Cooler | CapriSun Super V Fruit & Vegetable Juice Drink,Caprisun | CapriSun,https://images.openfoodfacts.org/images/products/008/768/400/0977/front_en.19.400.jpg | https://images.openfoodfacts.org/images/products/008/768/400/4166/front_en.3.400.jpg,87684000977 | 87684004166,,,
Cheerios,Cheerios,Manual review,Other / not mapped to a company,replace_with_other,no conservative launch owner proposal; replace Manual review with Other unless Julia assigns a company,cereals,Bolivia,FRANCE|US_CANADA,2,cheerios,Cheerios,top9_portfolio_token_match | existing_company_brand_mapping_token_match,top9_portfolio_brand_alias,confirmed,Cheerios Oat Crunch Cinnamon | Multi Grain Cheerios,"Cheerios, General Mills | Cheerios",https://images.openfoodfacts.org/images/products/001/600/016/0712/front_en.4.400.jpg | https://images.openfoodfacts.org/images/products/001/600/048/7697/front_en.38.400.jpg,16000160712 | 16000487697,,,
Cheerios,Cheerios,Manual review,Other / not mapped to a company,replace_with_other,no conservative launch owner proposal; replace Manual review with Other unless Julia assigns a company,cereals,Canada,US_CANADA|FRANCE,2,cheerios,Cheerios,existing_company_brand_mapping_token_match | top9_portfolio_token_match,top9_portfolio_brand_alias,confirmed,Cheerios | Cheerios au miel et aux noix,"Cheerios | Cheerios, General Mills",https://images.openfoodfacts.org/images/products/006/563/313/4652/front_fr.25.400.jpg | https://images.openfoodfacts.org/images/products/006/563/327/9575/front_fr.32.400.jpg,65633134652 | 65633279575,,,
Crunch,Crunch,Manual review,Other / not mapped to a company,replace_with_other,no conservative launch owner proposal; replace Manual review with Other unless Julia assigns a company,snacks,France,FRANCE|US_CANADA,2,nestle,Crunch | crunch,product_name_recovery_nestle_france_snacks | existing_company_brand_mapping_token_match,curated_mechanical_brand_alias,confirmed,Crunch Creamy Milk Chocolate with Crisped Rice | Crunch - Chocolat au lait noisettes,"Nestle | Nestlé, Crunch",https://images.openfoodfacts.org/images/products/002/800/013/1708/front_en.11.400.jpg | https://images.openfoodfacts.org/images/products/800/030/025/6307/front_fr.6.400.jpg,28000131708 | 8000300256307,,,
Crunch,Crunch,Manual review,Other / not mapped to a company,replace_with_other,no conservative launch owner proposal; replace Manual review with Other unless Julia assigns a company,cereals,Belgium,BENELUX|FRANCE,2,nestle,crunch,existing_company_brand_mapping_token_match,curated_mechanical_brand_alias,confirmed,crunch | Crunch,"Nestlé, Crunch",https://images.openfoodfacts.org/images/products/338/739/062/5967/front_fr.31.400.jpg | https://images.openfoodfacts.org/images/products/761/303/545/0875/front_fr.32.400.jpg,3387390625967 | 7613035450875,,,
Crunch,Crunch,Manual review,Other / not mapped to a company,replace_with_other,no conservative launch owner proposal; replace Manual review with Other unless Julia assigns a company,snacks,United States,US_CANADA,2,crunch,crunch,existing_company_brand_mapping_token_match,curated_mechanical_brand_alias,confirmed,Crunch! cookies | CRUNCH Creamy Milk Chocolate with Crisped Rice,Crunch! | CRUNCH,https://images.openfoodfacts.org/images/products/009/990/090/8363/front_en.32.400.jpg,851353005576 | 99900908363,,,
Fitness,Fitness,Manual review,Other / not mapped to a company,replace_with_other,no conservative launch owner proposal; replace Manual review with Other unless Julia assigns a company,cereals,France,FRANCE|DACH,2,fitness | nestle,Fitness,existing_company_brand_mapping_token_match | top9_portfolio_token_match,curated_mechanical_brand_alias,confirmed,FLAKES CHOCOLATE | NESTLE FITNESS JOGHURT Cerealien,"Fitness | Nestlé, Fitness, Nestle fitness & yoghurt",https://images.openfoodfacts.org/images/products/000/002/036/9743/front_de.16.400.jpg | https://images.openfoodfacts.org/images/products/761/303/151/7817/front_en.59.400.jpg,20369743 | 7613031517817,,,
Fitness,Fitness,Manual review,Other / not mapped to a company,replace_with_other,no conservative launch owner proposal; replace Manual review with Other unless Julia assigns a company,cereals,Belgium,BENELUX|FRANCE|SOUTHERN_EUROPE,2,nestle,Fitness,top9_portfolio_token_match,curated_mechanical_brand_alias,confirmed,Original Nature | Bio Avoine,"Nestlé,Fitness | Nestlé, Fitness",https://images.openfoodfacts.org/images/products/338/739/032/5911/front_en.101.400.jpg | https://images.openfoodfacts.org/images/products/761/303/735/3228/front_fr.32.400.jpg,3387390325911 | 7613037353228,,,
Fitness,Fitness,Manual review,Other / not mapped to a company,replace_with_other,no conservative launch owner proposal; replace Manual review with Other unless Julia assigns a company,cereals,Belgium,BENELUX|FRANCE|DACH,2,nestle,Fitness,top9_portfolio_token_match,curated_mechanical_brand_alias,confirmed,NESTLE FITNESS Chocolat Noir Céréales 375g | Fitness Delice Céréales croustillantes avec un coeur aux fruits rouges,"Nestlé, Fitness, Fitness dark chocolate | Nestlé, Fitness",https://images.openfoodfacts.org/images/products/761/303/144/3338/front_fr.148.400.jpg | https://images.openfoodfacts.org/images/products/761/303/544/9596/front_fr.9.400.jpg,7613031443338 | 7613035449596,,,
Fitness,Fitness,Manual review,Other / not mapped to a company,replace_with_other,no conservative launch owner proposal; replace Manual review with Other unless Julia assigns a company,cereals,France,FRANCE|SOUTHERN_EUROPE,2,fitness | nestle,Fitness,existing_company_brand_mapping_token_match | top9_portfolio_token_match,curated_mechanical_brand_alias,confirmed,Cereales de desayuno con avena integral y más,"Fitness | Nestlé, Fitness",https://images.openfoodfacts.org/images/products/761/303/254/0692/front_en.3.400.jpg | https://images.openfoodfacts.org/images/products/761/303/575/8834/front_en.36.400.jpg,7613032540692 | 7613035758834,,,
Häagen-Dazs,Häagen-Dazs,Manual review,Other / not mapped to a company,replace_with_other,no conservative launch owner proposal; replace Manual review with Other unless Julia assigns a company,dairies,United States,US_CANADA,2,haagen-dazs,Häagen-Dazs,existing_company_brand_mapping_token_match,curated_mechanical_brand_alias,confirmed,Cultured Creme | irish cream brownie ice cream,Haagen dazs | Häagen-Dazs,https://images.openfoodfacts.org/images/products/007/047/020/0156/front_en.4.400.jpg | https://images.openfoodfacts.org/images/products/007/457/020/8647/front_en.32.400.jpg,70470200156 | 74570208647,,,
Kellogg's,Kellogg's,Manual review,Other / not mapped to a company,replace_with_other,Kellogg/Kellanova/WK Kellogg ownership is complex; avoid Manual review label by using Other for launch,cereals,Spain,SOUTHERN_EUROPE|US_CANADA,2,kellogg's,kellogg's,existing_company_brand_mapping_token_match,curated_mechanical_brand_alias,confirmed,Frosted flakes of corn cereal | Chocolatey delight crunchy wheat & rice flakes with chocolatey pieces cereal,Kellogg's,https://images.openfoodfacts.org/images/products/003/800/019/9042/front_en.26.400.jpg | https://images.openfoodfacts.org/images/products/003/800/020/0366/front_en.3.400.jpg,38000199042 | 38000200366,,,
Kellogg's,Kellogg's,Manual review,Other / not mapped to a company,replace_with_other,Kellogg/Kellanova/WK Kellogg ownership is complex; avoid Manual review label by using Other for launch,cereals,United Kingdom,UK_IE|US_CANADA,2,kellogg's,kellogg's,existing_company_brand_mapping_token_match,curated_mechanical_brand_alias,confirmed,Rice Krispies | KRAVE Milk Chocolate,Kellogg's,https://images.openfoodfacts.org/images/products/003/800/029/1210/front_en.11.400.jpg | https://images.openfoodfacts.org/images/products/505/931/902/2550/front_en.6.400.jpg,38000291210 | 5059319022550,,,
Kellogg's,Kellogg's,Manual review,Other / not mapped to a company,replace_with_other,Kellogg/Kellanova/WK Kellogg ownership is complex; avoid Manual review label by using Other for launch,snacks,France,FRANCE|UK_IE|US_CANADA,2,kellogg's,kellogg's,existing_company_brand_mapping_token_match,curated_mechanical_brand_alias,confirmed,"Frosted s'mores toaster pastries, frosted s'mores | Toaster pastries, wild! berry",Kellogg's,https://images.openfoodfacts.org/images/products/003/800/032/1108/front_en.18.400.jpg | https://images.openfoodfacts.org/images/products/003/800/032/4109/front_en.3.400.jpg,38000321108 | 38000324109,,,
lipton,lipton,Manual review,Other / not mapped to a company,replace_with_other,Lipton ownership/channel is complex; avoid Manual review label by using Other for launch,beverages,France,FRANCE|NORDICS,2,lipton,lipton,existing_company_brand_mapping_token_match,existing_company_brand_mapping_alias,confirmed,Thé Noir Finest Earl Grey Vrac | The,"Lipton, Unilever | Lipton",https://images.openfoodfacts.org/images/products/322/888/100/6936/front_fr.32.400.jpg | https://images.openfoodfacts.org/images/products/590/030/055/0258/front_pl.23.400.jpg,3228881006936 | 5900300550258,,,
lipton,lipton,Manual review,Other / not mapped to a company,replace_with_other,Lipton ownership/channel is complex; avoid Manual review label by using Other for launch,beverages,Cote D Ivoire,FRANCE,2,lipton,lipton,existing_company_brand_mapping_token_match,existing_company_brand_mapping_alias,confirmed,Lipton Yellow Label Tea | Lipton Clear Green Tea,Lipton,https://images.openfoodfacts.org/images/products/600/108/950/0317/front_fr.4.400.jpg | https://images.openfoodfacts.org/images/products/628/100/670/3858/front_fr.23.400.jpg,6001089500317 | 6281006703858,,,
lipton,lipton,Manual review,Other / not mapped to a company,replace_with_other,Lipton ownership/channel is complex; avoid Manual review label by using Other for launch,beverages,Belgium,BENELUX|FRANCE|DACH|SOUTHERN_EUROPE,2,lipton,lipton,existing_company_brand_mapping_token_match,existing_company_brand_mapping_alias,confirmed,Tea forest fruit | Kamille Te Pyramide 20pos Lipton,Lipton,https://images.openfoodfacts.org/images/products/731/039/085/5108/front_fr.48.400.jpg | https://images.openfoodfacts.org/images/products/872/270/008/9179/front_en.73.400.jpg,7310390855108 | 8722700089179,,,
Schweppes,Schweppes,Manual review,Other / not mapped to a company,replace_with_other,no conservative launch owner proposal; replace Manual review with Other unless Julia assigns a company,beverages,Canada,US_CANADA|FRANCE,2,schweppes,Schweppes,existing_company_brand_mapping_token_match,top9_portfolio_brand_alias,confirmed,Ginger Ale | Tonic Water - mini,Schweppes,https://images.openfoodfacts.org/images/products/001/660/001/0240/front_en.11.400.jpg | https://images.openfoodfacts.org/images/products/000/000/166/1238/front_en.8.400.jpg,16600010240 | 1661238,,,
starbucks,starbucks,Manual review,Starbucks,map_to_company,visible Starbucks brand; leave ownership/licensing detail for later,dairies,France,FRANCE|US_CANADA,2,starbucks,starbucks,first_off_brand_token_fallback,brand_entity_raw_fallback,fallback_unreviewed,"Pumpkin spice latte iced espresso beverage, pumpkin spice latte | Caramel",Starbucks,https://images.openfoodfacts.org/images/products/001/200/017/0157/front_fr.4.400.jpg | https://images.openfoodfacts.org/images/products/000/000/122/7107/front_en.22.400.jpg,12000170157 | 1227107,,,
starbucks,starbucks,Manual review,Starbucks,map_to_company,visible Starbucks brand; leave ownership/licensing detail for later,snacks,United Kingdom,UK_IE,2,starbucks,starbucks,first_off_brand_token_fallback,brand_entity_raw_fallback,fallback_unreviewed,Gluten Free Fruit & Nut Bar | ALL BUTTER SHORTBREAD BISCUITS,Starbucks,https://images.openfoodfacts.org/images/products/506/009/669/3239/front_en.3.400.jpg | https://images.openfoodfacts.org/images/products/076/211/149/0896/front_en.3.400.jpg,5060096693239 | 762111490896,,,
starbucks,starbucks,Manual review,Starbucks,map_to_company,visible Starbucks brand; leave ownership/licensing detail for later,dairies,Belgium,BENELUX|FRANCE|SOUTHERN_EUROPE,2,starbucks,starbucks,first_off_brand_token_fallback,brand_entity_raw_fallback,fallback_unreviewed,Starbucks Cappuccino | Caramel macchiato,Starbucks,https://images.openfoodfacts.org/images/products/571/195/300/7828/front_fr.46.400.jpg | https://images.openfoodfacts.org/images/products/576/046/699/5894/front_fr.69.400.jpg,5711953007828 | 5760466995894,,,
kettle brand,kettle brand,Manual review,Campbell Soup Company,map_to_company,known Kettle Brand owner for MVP launch,snacks,France,FRANCE|SOUTHERN_EUROPE|US_CANADA,1,kettle,kettle brand,existing_company_brand_mapping_token_match,existing_company_brand_mapping_alias,confirmed,Potato Chips Sea Salt,"Kettle, Kettle Brand",https://images.openfoodfacts.org/images/products/008/411/400/9982/front_en.8.400.jpg,84114009982,,,
kettle brand,kettle brand,Manual review,Campbell Soup Company,map_to_company,known Kettle Brand owner for MVP launch,snacks,Singapore,US_CANADA,1,kettle,kettle brand,existing_company_brand_mapping_token_match,existing_company_brand_mapping_alias,confirmed,Potato Chips Honey Dijon,"Kettle, Kettle Brand",https://images.openfoodfacts.org/images/products/008/411/403/0702/front_en.24.400.jpg,84114030702,,,
kettle brand,kettle brand,Manual review,Campbell Soup Company,map_to_company,known Kettle Brand owner for MVP launch,snacks,Mexico,US_CANADA,1,kettle,kettle brand,existing_company_brand_mapping_token_match,existing_company_brand_mapping_alias,confirmed,Potato Chips Backyard Barbeque,"Kettle, Kettle Brand",https://images.openfoodfacts.org/images/products/008/411/411/3917/front_en.20.400.jpg,84114113917,,,
kettle brand,kettle brand,Manual review,Campbell Soup Company,map_to_company,known Kettle Brand owner for MVP launch,snacks,Canada,US_CANADA,1,kettle,kettle brand,existing_company_brand_mapping_token_match,existing_company_brand_mapping_alias,confirmed,Potato Chips Low Sodium (Canada Only),"kettle, Kettle Brand",https://images.openfoodfacts.org/images/products/008/411/490/2801/front_en.19.400.jpg,84114902801,,,
casino,casino,Manual review,Casino Group,map_to_company,obvious French retailer/private-label banner,snacks,France,FRANCE|UK_IE,1,casino,casino,first_off_brand_token_fallback,brand_entity_raw_fallback,fallback_unreviewed,"Bonbons tendres goûts citron, orange, fraise, framboise, cassis",Casino,https://images.openfoodfacts.org/images/products/322/247/209/3862/front_fr.21.400.jpg,3222472093862,,,
casino,casino,Manual review,Casino Group,map_to_company,obvious French retailer/private-label banner,cereals,Belgium,BENELUX|FRANCE,1,casino,casino,first_off_brand_token_fallback,brand_entity_raw_fallback,fallback_unreviewed,"Melange de cereales, quinoa, boulgour",casino,,3222474714918,,,
casino,casino,Manual review,Casino Group,map_to_company,obvious French retailer/private-label banner,cereals,Democratic Republic Of The Congo,FRANCE,1,casino,casino,first_off_brand_token_fallback,brand_entity_raw_fallback,fallback_unreviewed,Flocons d'avoine,casino,https://images.openfoodfacts.org/images/products/322/247/571/2920/front_fr.57.400.jpg,3222475712920,,,
casino,casino,Manual review,Casino Group,map_to_company,obvious French retailer/private-label banner,snacks,France,FRANCE|SOUTHERN_EUROPE,1,casino,casino,first_off_brand_token_fallback,brand_entity_raw_fallback,fallback_unreviewed,Crackers cranberry et coco,Casino,https://images.openfoodfacts.org/images/products/322/247/663/3101/front_fr.23.400.jpg,3222476633101,,,
casino,casino,Manual review,Casino Group,map_to_company,obvious French retailer/private-label banner,cereals,Colombia,FRANCE,1,casino,casino,first_off_brand_token_fallback,brand_entity_raw_fallback,fallback_unreviewed,Muesli Croustillant Chocolat Caramel,Casino,https://images.openfoodfacts.org/images/products/322/247/692/6821/front_fr.12.400.jpg,3222476926821,,,
casino,casino,Manual review,Casino Group,map_to_company,obvious French retailer/private-label banner,beverages,France,FRANCE|SOUTHERN_EUROPE,1,casino,casino,first_off_brand_token_fallback,brand_entity_raw_fallback,fallback_unreviewed,Capsules Espresso Intenso,Casino,https://images.openfoodfacts.org/images/products/322/247/744/7745/front_it.3.400.jpg,3222477447745,,,
casino,casino,Manual review,Casino Group,map_to_company,obvious French retailer/private-label banner,beverages,United Kingdom,UK_IE,1,casino,casino,first_off_brand_token_fallback,brand_entity_raw_fallback,fallback_unreviewed,"100% pur jus orange,carotte,pomme, mangue",Casino,https://images.openfoodfacts.org/images/products/506/885/057/4237/front_en.3.400.jpg,5068850574237,,,
casino,casino,Manual review,Casino Group,map_to_company,obvious French retailer/private-label banner,snacks,Bolivia,FRANCE,1,casino,casino,first_off_brand_token_fallback,brand_entity_raw_fallback,fallback_unreviewed,Fresa Flow,"Casino,Victoria",https://images.openfoodfacts.org/images/products/775/024/305/2740/front_es.20.400.jpg,7750243052740,,,
Chocapic,Chocapic,Manual review,Cereal Partners Worldwide,map_to_company,Nestlé cereal brand handled via CPW,cereals,Chile,FRANCE,1,nestle,Chocapic,top9_portfolio_token_match,curated_mechanical_brand_alias,confirmed,Chocapic Trocitos,"Nestlé, Chocapic",https://images.openfoodfacts.org/images/products/200/000/004/5405/front_fr.10.400.jpg,2000000045405,,,
Chocapic,Chocapic,Manual review,Cereal Partners Worldwide,map_to_company,Nestlé cereal brand handled via CPW,snacks,France,FRANCE|SOUTHERN_EUROPE|DACH,1,nestle,Chocapic,top9_portfolio_token_match,curated_mechanical_brand_alias,confirmed,,"Nestlé, Chocapic",https://images.openfoodfacts.org/images/products/338/739/032/5768/front_fr.78.400.jpg,3387390325768,,,
Chocapic,Chocapic,Manual review,Cereal Partners Worldwide,map_to_company,Nestlé cereal brand handled via CPW,snacks,France,FRANCE|SOUTHERN_EUROPE,1,nestle,Chocapic,top9_portfolio_token_match,curated_mechanical_brand_alias,confirmed,Chocapic 🍫 strong In Chocolaté 🍫,"Nestlé, Chocapic",https://images.openfoodfacts.org/images/products/338/739/040/6849/front_en.198.400.jpg,3387390406849,,,
u,u,Manual review,Coopérative U,map_to_company,obvious French retailer/private-label banner,dairies,United States,US_CANADA,1,u,u,first_off_brand_token_fallback,brand_entity_raw_fallback,fallback_unreviewed,Brie pasteurisé,U,https://images.openfoodfacts.org/images/products/020/089/501/7194/front_en.4.400.jpg,200895017194,,,
u,u,Manual review,Coopérative U,map_to_company,obvious French retailer/private-label banner,beverages,France,FRANCE|UK_IE,1,u,u,first_off_brand_token_fallback,brand_entity_raw_fallback,fallback_unreviewed,"Vin AOP blanc Monbazillac Roc de Breyssac 37,5cl",U,https://images.openfoodfacts.org/images/products/325/622/036/7660/front_en.3.400.jpg,3256220367660,,,
u,u,Manual review,Coopérative U,map_to_company,obvious French retailer/private-label banner,cereals,France,FRANCE|DACH,1,u,u,first_off_brand_token_fallback,brand_entity_raw_fallback,fallback_unreviewed,"Pétales riz, blé complet et orge Chocolat Noir",U,https://images.openfoodfacts.org/images/products/325/622/542/8441/front_fr.127.400.jpg,3256225428441,,,
u,u,Manual review,Coopérative U,map_to_company,obvious French retailer/private-label banner,dairies,Austria,DACH|FRANCE,1,u,u,first_off_brand_token_fallback,brand_entity_raw_fallback,fallback_unreviewed,Mozzarella maxi au lait de vache pasteurisé 18%mg 250g,U,https://images.openfoodfacts.org/images/products/325/622/867/7617/front_fr.32.400.jpg,3256228677617,,,
u,u,Manual review,Coopérative U,map_to_company,obvious French retailer/private-label banner,snacks,France,FRANCE|SOUTHERN_EUROPE,1,u,u,first_off_brand_token_fallback,brand_entity_raw_fallback,fallback_unreviewed,Barre multigrano,"U, Unes",https://images.openfoodfacts.org/images/products/800/063/301/4629/front_it.14.400.jpg,8000633014629,,,
leclerc,leclerc,Manual review,E.Leclerc,map_to_company,obvious E.Leclerc retailer/private-label banner,beverages,France,FRANCE|DACH,1,leclerc,leclerc,first_off_brand_token_fallback,brand_entity_raw_fallback,fallback_unreviewed,Tiséa pomme citron vert,Leclerc,https://images.openfoodfacts.org/images/products/356/470/666/9598/front_fr.9.400.jpg,3564706669598,,,
leclerc,leclerc,Manual review,E.Leclerc,map_to_company,obvious E.Leclerc retailer/private-label banner,beverages,United Kingdom,UK_IE,1,leclerc,leclerc,first_off_brand_token_fallback,brand_entity_raw_fallback,fallback_unreviewed,hip pop,Leclerc,https://images.openfoodfacts.org/images/products/506/051/267/1544/front_en.3.400.jpg,5060512671544,,,
leclerc,leclerc,Manual review,E.Leclerc,map_to_company,obvious E.Leclerc retailer/private-label banner,snacks,Canada,US_CANADA,1,leclerc,leclerc,first_off_brand_token_fallback,brand_entity_raw_fallback,fallback_unreviewed,Biscuits bâtonnets - Chocolat au lait - Célébration,Leclerc,https://images.openfoodfacts.org/images/products/006/404/200/6772/front_fr.34.400.jpg,64042006772,,,
marque repere,marque repere,Manual review,E.Leclerc,map_to_company,obvious E.Leclerc private-label line,beverages,Andorra,FRANCE,1,marque repere,marque repere,existing_company_brand_mapping_token_match,existing_company_brand_mapping_alias,confirmed,,"Marque Repère, Tiséa",,356470002284904,,,
marque repere,marque repere,Manual review,E.Leclerc,map_to_company,obvious E.Leclerc private-label line,beverages,Algeria,FRANCE,1,marque repere,marque repere,existing_company_brand_mapping_token_match,existing_company_brand_mapping_alias,confirmed,Boisson au thé aromatisé mangue,"Marque Repère, Fresh Tea",https://images.openfoodfacts.org/images/products/356/470/070/2659/front_fr.13.400.jpg,3564700702659,,,
marque repere,marque repere,Manual review,E.Leclerc,map_to_company,obvious E.Leclerc private-label line,snacks,France,FRANCE|US_CANADA,1,marque repere,marque repere,existing_company_brand_mapping_token_match,existing_company_brand_mapping_alias,confirmed,Pains au chocolat x 12 - format familial,"Marque Repère, Épi d'Or",https://images.openfoodfacts.org/images/products/356/470/084/8999/front_en.54.400.jpg,3564700848999,,,
marque repere,marque repere,Manual review,E.Leclerc,map_to_company,obvious E.Leclerc private-label line,snacks,France,FRANCE|DACH|SOUTHERN_EUROPE,1,chaque jour sans gluten,marque repere,existing_company_brand_mapping_token_match,existing_company_brand_mapping_alias,confirmed,Barres céréales flocons d'avoine et chocolat sans gluten x 6,"Chaque Jour Sans Gluten, Marque Repère",https://images.openfoodfacts.org/images/products/356/470/651/4225/front_fr.23.400.jpg,3564706514225,,,
paturages,paturages,Manual review,Intermarché / Les Mousquetaires,map_to_company,obvious Intermarché private-label line,dairies,France,FRANCE|BENELUX,1,paturages,paturages,existing_company_brand_mapping_token_match,existing_company_brand_mapping_alias,confirmed,Mozzarella di latte di bufala 3x100g,Paturages,https://images.openfoodfacts.org/images/products/325/039/305/9858/front_fr.3.400.jpg,3250393059858,,,
paturages,paturages,Manual review,Intermarché / Les Mousquetaires,map_to_company,obvious Intermarché private-label line,dairies,Afghanistan,FRANCE,1,paturages,paturages,existing_company_brand_mapping_token_match,existing_company_brand_mapping_alias,confirmed,Yaourt a la grecque au caramel beurre sale 4x150g,Paturages,https://images.openfoodfacts.org/images/products/325/039/346/8131/front_en.16.400.jpg,3250393468131,,,
paturages,paturages,Manual review,Intermarché / Les Mousquetaires,map_to_company,obvious Intermarché private-label line,dairies,France,FRANCE|US_CANADA,1,paturages,paturages,existing_company_brand_mapping_token_match,existing_company_brand_mapping_alias,confirmed,"Strawberry flavor granola + yogurt bar, strawberry",pâturages,https://images.openfoodfacts.org/images/products/000/000/508/8906/front_fr.4.400.jpg,5088906,,,
paturages,paturages,Manual review,Intermarché / Les Mousquetaires,map_to_company,obvious Intermarché private-label line,dairies,United Kingdom,UK_IE,1,paturages,paturages,existing_company_brand_mapping_token_match,existing_company_brand_mapping_alias,confirmed,Faisselle,Paturages,https://images.openfoodfacts.org/images/products/881/639/011/0302/front_en.3.400.jpg,8816390110302,,,
KitKat,KitKat,Manual review,Nestlé,map_to_company,KitKat non-US manual-review row; assign Nestlé for launch review,snacks,Spain,SOUTHERN_EUROPE|US_CANADA,1,kitkat,KitKat,existing_company_brand_mapping_token_match,curated_mechanical_brand_alias,confirmed,KitKat,KitKat,https://images.openfoodfacts.org/images/products/003/400/008/7525/front_en.3.400.jpg,34000087525,,,
KitKat,KitKat,Manual review,Nestlé,map_to_company,KitKat non-US manual-review row; assign Nestlé for launch review,snacks,United Kingdom,UK_IE|US_CANADA,1,nestle,KitKat,product_name_recovery_nestle_uk_ie_snacks,curated_mechanical_brand_alias,confirmed,KitKat Caramel X 9,Nestle,https://images.openfoodfacts.org/images/products/844/529/052/6298/front_en.14.400.jpg,8445290526298,,,
Rolo,Rolo,Manual review,Nestlé,map_to_company,Rolo non-US manual-review row; assign Nestlé for launch review,snacks,Canada,US_CANADA|FRANCE,1,nestle,Rolo,product_name_recovery_nestle_france_snacks,curated_mechanical_brand_alias,confirmed,Rolo,Nestlé,https://images.openfoodfacts.org/images/products/005/980/020/0806/front_en.10.400.jpg,59800200806,,,
7UP,7UP,Manual review,Other / not mapped to a company,replace_with_other,no conservative launch owner proposal; replace Manual review with Other unless Julia assigns a company,beverages,France,FRANCE|SOUTHERN_EUROPE|US_CANADA,1,7up,7UP,existing_company_brand_mapping_token_match,top9_portfolio_brand_alias,confirmed,"7up, free, flavoured soft drink with sweeteners, lemon and lime",7up,https://images.openfoodfacts.org/images/products/000/008/717/0726/front_en.8.400.jpg,87170726,,,
Cadbury,Cadbury,Manual review,Other / not mapped to a company,replace_with_other,mixed US/non-US Cadbury scope; use Other unless manually split later,snacks,Canada,US_CANADA|UK_IE,1,cadbury,Cadbury,existing_company_brand_mapping_token_match,curated_mechanical_brand_alias,confirmed,Creme-Egg Single,Cadbury,https://images.openfoodfacts.org/images/products/000/005/020/1600/front_en.25.400.jpg,50201600,,,
Cadbury,Cadbury,Manual review,Other / not mapped to a company,replace_with_other,mixed US/non-US Cadbury scope; use Other unless manually split later,beverages,France,FRANCE|UK_IE|US_CANADA,1,cadbury,Cadbury,existing_company_brand_mapping_token_match,curated_mechanical_brand_alias,confirmed,Bournville Cocoa,Cadbury,https://images.openfoodfacts.org/images/products/503/466/002/1445/front_en.77.400.jpg,5034660021445,,,
Cadbury,Cadbury,Manual review,Other / not mapped to a company,replace_with_other,mixed US/non-US Cadbury scope; use Other unless manually split later,snacks,Finland,NORDICS|US_CANADA,1,cadburys,Cadbury,existing_company_brand_mapping_token_match,curated_mechanical_brand_alias,confirmed,Cadbury double decker chocolate bar,"Cadbury's, Cadbury",https://images.openfoodfacts.org/images/products/503/466/051/8471/front_en.17.400.jpg,5034660518471,,,
Cadbury,Cadbury,Manual review,Other / not mapped to a company,replace_with_other,mixed US/non-US Cadbury scope; use Other unless manually split later,snacks,Austria,DACH|US_CANADA|FRANCE,1,cadbury,Cadbury,existing_company_brand_mapping_token_match,curated_mechanical_brand_alias,confirmed,Caramilk Candy,Cadbury,https://images.openfoodfacts.org/images/products/000/000/610/5422/front_en.27.400.jpg,6105422,,,
Cadbury,Cadbury,Manual review,Other / not mapped to a company,replace_with_other,mixed US/non-US Cadbury scope; use Other unless manually split later,snacks,Australia,US_CANADA|UK_IE,1,cadbury,Cadbury,existing_company_brand_mapping_token_match,curated_mechanical_brand_alias,confirmed,Curlywurly imp,Cadbury,https://images.openfoodfacts.org/images/products/762/220/142/7252/front_en.8.400.jpg,7622201427252,,,
Cadbury,Cadbury,Manual review,Other / not mapped to a company,replace_with_other,mixed US/non-US Cadbury scope; use Other unless manually split later,snacks,Switzerland,DACH|UK_IE|US_CANADA,1,cadbury,Cadbury,existing_company_brand_mapping_token_match,curated_mechanical_brand_alias,confirmed,Dairymilk buttons,Cadbury,https://images.openfoodfacts.org/images/products/762/221/028/6956/front_en.59.400.jpg,7622210286956,,,
Cadbury,Cadbury,Manual review,Other / not mapped to a company,replace_with_other,mixed US/non-US Cadbury scope; use Other unless manually split later,snacks,France,FRANCE|DACH|UK_IE|US_CANADA,1,cadbury,Cadbury,existing_company_brand_mapping_token_match,curated_mechanical_brand_alias,confirmed,Twirl,Cadbury,https://images.openfoodfacts.org/images/products/762/221/098/9246/front_en.30.400.jpg,7622210989246,,,
Cadbury,Cadbury,Manual review,Other / not mapped to a company,replace_with_other,mixed US/non-US Cadbury scope; use Other unless manually split later,snacks,Germany,DACH|US_CANADA,1,cadbury,Cadbury,existing_company_brand_mapping_token_match,curated_mechanical_brand_alias,confirmed,crunchie,Cadbury,https://images.openfoodfacts.org/images/products/762/221/098/9505/front_en.40.400.jpg,7622210989505,,,
Cadbury,Cadbury,Manual review,Other / not mapped to a company,replace_with_other,mixed US/non-US Cadbury scope; use Other unless manually split later,snacks,France,FRANCE|SOUTHERN_EUROPE|UK_IE|US_CANADA,1,cadbury,Cadbury,existing_company_brand_mapping_token_match,curated_mechanical_brand_alias,confirmed,Dairy Milk Caramel,Cadbury,https://images.openfoodfacts.org/images/products/762/230/073/4824/front_en.32.400.jpg,7622300734824,,,
Cadbury,Cadbury,Manual review,Other / not mapped to a company,replace_with_other,mixed US/non-US Cadbury scope; use Other unless manually split later,snacks,France,FRANCE|UK_IE|SOUTHERN_EUROPE|US_CANADA,1,cadbury,Cadbury,existing_company_brand_mapping_token_match,curated_mechanical_brand_alias,confirmed,Dairy milk chocolate bar,Cadbury,https://images.openfoodfacts.org/images/products/762/230/073/5838/front_en.12.400.jpg,7622300735838,,,
Cadbury Dairy Milk,Cadbury,Manual review,Other / not mapped to a company,replace_with_other,mixed US/non-US Cadbury line scope; use Other unless manually split later,snacks,France,FRANCE|UK_IE|US_CANADA,1,cadbury,cadbury dairy milk,existing_company_brand_mapping_token_match,curated_mechanical_brand_alias,confirmed,Little Bar,Cadbury Dairy Milk,https://images.openfoodfacts.org/images/products/000/009/611/9341/front_en.41.400.jpg,96119341,,,
Crunch,Crunch,Manual review,Other / not mapped to a company,replace_with_other,no conservative launch owner proposal; replace Manual review with Other unless Julia assigns a company,snacks,Belgium,BENELUX|FRANCE|DACH,1,nestle,crunch,existing_company_brand_mapping_token_match,curated_mechanical_brand_alias,confirmed,CRUNCH Lait Tablette 100g,"Nestlé, Crunch",https://images.openfoodfacts.org/images/products/303/371/000/1279/front_fr.101.400.jpg,3033710001279,,,
Crunch,Crunch,Manual review,Other / not mapped to a company,replace_with_other,no conservative launch owner proposal; replace Manual review with Other unless Julia assigns a company,cereals,France,FRANCE|DACH,1,nestle,crunch,existing_company_brand_mapping_token_match,curated_mechanical_brand_alias,confirmed,NESTLE CRUNCH Céréales 750g,"Nestlé, Crunch",https://images.openfoodfacts.org/images/products/761/303/493/2266/front_fr.230.400.jpg,7613034932266,,,
Crunch,Crunch,Manual review,Other / not mapped to a company,replace_with_other,no conservative launch owner proposal; replace Manual review with Other unless Julia assigns a company,snacks,Belgium,BENELUX|FRANCE|SOUTHERN_EUROPE|DACH,1,nestle,crunch,existing_company_brand_mapping_token_match,curated_mechanical_brand_alias,confirmed,,"Nestlé, Crunch",https://images.openfoodfacts.org/images/products/800/030/026/4388/front_fr.294.400.jpg,8000300264388,,,
Crunch,Crunch,Manual review,Other / not mapped to a company,replace_with_other,no conservative launch owner proposal; replace Manual review with Other unless Julia assigns a company,snacks,United Kingdom,UK_IE,1,crunch,crunch,existing_company_brand_mapping_token_match,curated_mechanical_brand_alias,confirmed,Nestlé Crunch,"Crunch,Nestlé",https://images.openfoodfacts.org/images/products/800/030/033/1158/front_en.6.400.jpg,8000300331158,,,
Dr Pepper,Dr Pepper,Manual review,Other / not mapped to a company,replace_with_other,no conservative launch owner proposal; replace Manual review with Other unless Julia assigns a company,snacks,France,FRANCE|US_CANADA,1,dr pepper,Dr Pepper,existing_company_brand_mapping_token_match,top9_portfolio_brand_alias,confirmed,Flavored candy twist,Dr Pepper,https://images.openfoodfacts.org/images/products/002/222/450/6526/front_fr.10.400.jpg,22224506526,,,
Dr Pepper,Dr Pepper,Manual review,Other / not mapped to a company,replace_with_other,no conservative launch owner proposal; replace Manual review with Other unless Julia assigns a company,beverages,France,FRANCE|DACH|US_CANADA,1,dr pepper,Dr Pepper,existing_company_brand_mapping_token_match,top9_portfolio_brand_alias,confirmed,Dr pepper,Dr Pepper,https://images.openfoodfacts.org/images/products/400/014/070/5625/front_de.16.400.jpg,4000140705625,,,
Dr Pepper,Dr Pepper,Manual review,Other / not mapped to a company,replace_with_other,no conservative launch owner proposal; replace Manual review with Other unless Julia assigns a company,beverages,Canada,US_CANADA|FRANCE,1,dr pepper,Dr Pepper,existing_company_brand_mapping_token_match,top9_portfolio_brand_alias,confirmed,Dr Pepper,Dr Pepper,https://images.openfoodfacts.org/images/products/005/490/000/0608/front_en.3.400.jpg,54900000608,,,
Dr Pepper,Dr Pepper,Manual review,Other / not mapped to a company,replace_with_other,no conservative launch owner proposal; replace Manual review with Other unless Julia assigns a company,beverages,Switzerland,DACH|US_CANADA,1,dr pepper,Dr Pepper,existing_company_brand_mapping_token_match,top9_portfolio_brand_alias,confirmed,Diet Dr Pepper,Dr Pepper,https://images.openfoodfacts.org/images/products/007/800/008/3408/front_en.77.400.jpg,78000083408,,,
Dr Pepper,Dr Pepper,Manual review,Other / not mapped to a company,replace_with_other,no conservative launch owner proposal; replace Manual review with Other unless Julia assigns a company,beverages,Bolivia,FRANCE|US_CANADA,1,dr pepper,Dr Pepper,existing_company_brand_mapping_token_match,top9_portfolio_brand_alias,confirmed,Dr Pepper,Dr Pepper,https://images.openfoodfacts.org/images/products/000/000/783/1504/front_en.222.400.jpg,7831504,,,
Dr Pepper,Dr Pepper,Manual review,Other / not mapped to a company,replace_with_other,no conservative launch owner proposal; replace Manual review with Other unless Julia assigns a company,beverages,Netherlands,BENELUX|US_CANADA,1,dr pepper,Dr Pepper,existing_company_brand_mapping_token_match,top9_portfolio_brand_alias,confirmed,Cherry,Dr Pepper,https://images.openfoodfacts.org/images/products/871/285/797/1113/front_nl.10.400.jpg,8712857971113,,,
Fitness,Fitness,Manual review,Other / not mapped to a company,replace_with_other,no conservative launch owner proposal; replace Manual review with Other unless Julia assigns a company,snacks,Belgium,BENELUX|NORDICS|FRANCE|SOUTHERN_EUROPE,1,nestle,Fitness,product_name_recovery_nestle_france_snacks,curated_mechanical_brand_alias,confirmed,Chocolate Fitness,Nestlé,https://images.openfoodfacts.org/images/products/338/739/032/0558/front_en.99.400.jpg,3387390320558,,,
Fitness,Fitness,Manual review,Other / not mapped to a company,replace_with_other,no conservative launch owner proposal; replace Manual review with Other unless Julia assigns a company,cereals,Belgium,BENELUX|FRANCE|SOUTHERN_EUROPE|DACH,1,nestle,Fitness,top9_portfolio_token_match,curated_mechanical_brand_alias,confirmed,Nature Céréales,"Nestlé, Fitness",https://images.openfoodfacts.org/images/products/338/739/032/1357/front_fr.152.400.jpg,3387390321357,,,
Fitness,Fitness,Manual review,Other / not mapped to a company,replace_with_other,no conservative launch owner proposal; replace Manual review with Other unless Julia assigns a company,cereals,Belgium,BENELUX|FRANCE|DACH|SOUTHERN_EUROPE,1,nestle,Fitness,top9_portfolio_token_match,curated_mechanical_brand_alias,confirmed,Chocolate con Leche,"Nestlé,Fitness",https://images.openfoodfacts.org/images/products/338/739/032/6468/front_es.216.400.jpg,3387390326468,,,
Fitness,Fitness,Manual review,Other / not mapped to a company,replace_with_other,no conservative launch owner proposal; replace Manual review with Other unless Julia assigns a company,beverages,France,FRANCE,1,fitness,Fitness,existing_company_brand_mapping_token_match,curated_mechanical_brand_alias,confirmed,Delicious Protein,Fitness,https://images.openfoodfacts.org/images/products/366/207/201/3080/front_fr.4.400.jpg,3662072013080,,,
Fitness,Fitness,Manual review,Other / not mapped to a company,replace_with_other,no conservative launch owner proposal; replace Manual review with Other unless Julia assigns a company,cereals,United States,US_CANADA,1,fitness,Fitness,top9_portfolio_token_match,curated_mechanical_brand_alias,confirmed,Fitness fruits,"Fitness,Nestlé",https://images.openfoodfacts.org/images/products/750/105/861/4940/front_en.3.400.jpg,7501058614940,,,
Fitness,Fitness,Manual review,Other / not mapped to a company,replace_with_other,no conservative launch owner proposal; replace Manual review with Other unless Julia assigns a company,cereals,Bulgaria,FRANCE,1,nestle,Fitness,top9_portfolio_token_match,curated_mechanical_brand_alias,confirmed,FITNESS Miel amandes,"Nestlé, Fitness",https://images.openfoodfacts.org/images/products/761/303/231/8673/front_fr.53.400.jpg,7613032318673,,,
Fitness,Fitness,Manual review,Other / not mapped to a company,replace_with_other,no conservative launch owner proposal; replace Manual review with Other unless Julia assigns a company,cereals,Belgium,BENELUX|FRANCE,1,nestle,Fitness,top9_portfolio_token_match,curated_mechanical_brand_alias,confirmed,Fitness honing and amandes max,"Nestlé, Cereal Partners, Fitness",https://images.openfoodfacts.org/images/products/761/303/404/7458/front_fr.11.400.jpg,7613034047458,,,
Fitness,Fitness,Manual review,Other / not mapped to a company,replace_with_other,no conservative launch owner proposal; replace Manual review with Other unless Julia assigns a company,snacks,Colombia,FRANCE,1,nestle,Fitness,product_name_recovery_nestle_france_snacks,curated_mechanical_brand_alias,confirmed,Fitness Frutos Rojos,Nestlé,https://images.openfoodfacts.org/images/products/770/202/405/0834/front_es.16.400.jpg,7702024050834,,,
Kellogg's,Kellogg's,Manual review,Other / not mapped to a company,replace_with_other,Kellogg/Kellanova/WK Kellogg ownership is complex; avoid Manual review label by using Other for launch,cereals,Bolivia,SOUTHERN_EUROPE|US_CANADA,1,kellogg's,kellogg's,existing_company_brand_mapping_token_match,curated_mechanical_brand_alias,confirmed,Fun Pak,Kellogg's,https://images.openfoodfacts.org/images/products/003/800/005/2200/front_es.32.400.jpg,38000052200,,,
Kellogg's,Kellogg's,Manual review,Other / not mapped to a company,replace_with_other,Kellogg/Kellanova/WK Kellogg ownership is complex; avoid Manual review label by using Other for launch,cereals,India,SOUTHERN_EUROPE|US_CANADA,1,kellogg's,kellogg's,existing_company_brand_mapping_token_match,curated_mechanical_brand_alias,confirmed,Froot loops marshmallows,Kellogg's,https://images.openfoodfacts.org/images/products/003/800/019/8915/front_en.35.400.jpg,38000198915,,,
Kellogg's,Kellogg's,Manual review,Other / not mapped to a company,replace_with_other,Kellogg/Kellanova/WK Kellogg ownership is complex; avoid Manual review label by using Other for launch,cereals,Germany,DACH|UK_IE|US_CANADA,1,kellogg's,kellogg's,existing_company_brand_mapping_token_match,curated_mechanical_brand_alias,confirmed,Raisin bran breakfast cereal,Kellogg's,https://images.openfoodfacts.org/images/products/003/800/019/9875/front_en.26.400.jpg,38000199875,,,
Kellogg's,Kellogg's,Manual review,Other / not mapped to a company,replace_with_other,Kellogg/Kellanova/WK Kellogg ownership is complex; avoid Manual review label by using Other for launch,snacks,Belgium,BENELUX|US_CANADA,1,kellogg's,kellogg's,existing_company_brand_mapping_token_match,curated_mechanical_brand_alias,confirmed,"Frosted sparkle-licious cherry toaster pastries, frosted sparkle-licious cherry",Kellogg's,https://images.openfoodfacts.org/images/products/003/800/020/4098/front_fr.3.400.jpg,38000204098,,,
Kellogg's,Kellogg's,Manual review,Other / not mapped to a company,replace_with_other,Kellogg/Kellanova/WK Kellogg ownership is complex; avoid Manual review label by using Other for launch,snacks,United Kingdom,UK_IE|US_CANADA,1,kellogg's,kellogg's,existing_company_brand_mapping_token_match,curated_mechanical_brand_alias,confirmed,"Frosted toaster pastries, cherry",Kelloggs,https://images.openfoodfacts.org/images/products/003/800/031/8207/front_en.4.400.jpg,38000318207,,,
Kellogg's,Kellogg's,Manual review,Other / not mapped to a company,replace_with_other,Kellogg/Kellanova/WK Kellogg ownership is complex; avoid Manual review label by using Other for launch,cereals,France,FRANCE|DACH|US_CANADA,1,kellogg's,kellogg's,existing_company_brand_mapping_token_match,curated_mechanical_brand_alias,confirmed,Corn Flakes,Kellogg's,https://images.openfoodfacts.org/images/products/003/810/021/2290/front_en.23.400.jpg,38100212290,,,
Kellogg's,Kellogg's,Manual review,Other / not mapped to a company,replace_with_other,Kellogg/Kellanova/WK Kellogg ownership is complex; avoid Manual review label by using Other for launch,cereals,Ireland,UK_IE|US_CANADA,1,kellogg's,kellogg's,existing_company_brand_mapping_token_match,curated_mechanical_brand_alias,confirmed,Coco Pops,Kellogg's,https://images.openfoodfacts.org/images/products/505/931/902/4479/front_en.13.400.jpg,5059319024479,,,
Kellogg's,Kellogg's,Manual review,Other / not mapped to a company,replace_with_other,Kellogg/Kellanova/WK Kellogg ownership is complex; avoid Manual review label by using Other for launch,cereals,Belgium,BENELUX|US_CANADA,1,kellogg's,kellogg's,existing_company_brand_mapping_token_match,curated_mechanical_brand_alias,confirmed,Froot Loops Marshmallows,"Kellogg's, Froot Loops",https://images.openfoodfacts.org/images/products/542/502/890/5376/front_en.9.400.jpg,5425028905376,,,
Kellogg's,Kellogg's,Manual review,Other / not mapped to a company,replace_with_other,Kellogg/Kellanova/WK Kellogg ownership is complex; avoid Manual review label by using Other for launch,cereals,Canada,US_CANADA|FRANCE|DACH,1,kellogg's,kellogg's,existing_company_brand_mapping_token_match,curated_mechanical_brand_alias,confirmed,Flocons de maïs (Corn flakes),Kellogg's,https://images.openfoodfacts.org/images/products/006/410/010/8196/front_en.17.400.jpg,64100108196,,,
Kellogg's,Kellogg's,Manual review,Other / not mapped to a company,replace_with_other,Kellogg/Kellanova/WK Kellogg ownership is complex; avoid Manual review label by using Other for launch,cereals,Belgium,BENELUX|US_CANADA|FRANCE|DACH,1,kellogg's,kellogg's,existing_company_brand_mapping_token_match,curated_mechanical_brand_alias,confirmed,Frosted Flakes,Kellogg's,https://images.openfoodfacts.org/images/products/006/410/010/8301/front_en.49.400.jpg,64100108301,,,
Kellogg's,Kellogg's,Manual review,Other / not mapped to a company,replace_with_other,Kellogg/Kellanova/WK Kellogg ownership is complex; avoid Manual review label by using Other for launch,snacks,Australia,FRANCE|US_CANADA,1,kellogg's,kellogg's,existing_company_brand_mapping_token_match,curated_mechanical_brand_alias,confirmed,Pop Tarts Frosted Chocotastic,Kellogg's,https://images.openfoodfacts.org/images/products/931/005/510/0442/front_en.5.400.jpg,9310055100442,,,
lipton,lipton,Manual review,Other / not mapped to a company,replace_with_other,Lipton ownership/channel is complex; avoid Manual review label by using Other for launch,beverages,Spain,SOUTHERN_EUROPE|US_CANADA,1,lipton,lipton,existing_company_brand_mapping_token_match,existing_company_brand_mapping_alias,confirmed,Green Tea Citrus,Lipton,https://images.openfoodfacts.org/images/products/001/200/001/9258/front_en.64.400.jpg,12000019258,,,
lipton,lipton,Manual review,Other / not mapped to a company,replace_with_other,Lipton ownership/channel is complex; avoid Manual review label by using Other for launch,snacks,France,FRANCE,1,lipton,lipton,existing_company_brand_mapping_token_match,existing_company_brand_mapping_alias,confirmed,Galettes bretonnes du Bourg de Batz,Lipton,https://images.openfoodfacts.org/images/products/328/092/000/4020/front_fr.12.400.jpg,3280920004020,,,
lipton,lipton,Manual review,Other / not mapped to a company,replace_with_other,Lipton ownership/channel is complex; avoid Manual review label by using Other for launch,beverages,Belgium,BENELUX|FRANCE|US_CANADA,1,lipton,lipton,existing_company_brand_mapping_token_match,existing_company_brand_mapping_alias,confirmed,Lipton Ice Tea saveur pêche zéro sucres,Lipton,https://images.openfoodfacts.org/images/products/350/211/000/8459/front_fr.148.400.jpg,3502110008459,,,
lipton,lipton,Manual review,Other / not mapped to a company,replace_with_other,Lipton ownership/channel is complex; avoid Manual review label by using Other for launch,beverages,United Kingdom,UK_IE|US_CANADA,1,lipton,lipton,existing_company_brand_mapping_token_match,existing_company_brand_mapping_alias,confirmed,Lemon Ice Tea,Lipton,https://images.openfoodfacts.org/images/products/406/213/900/7806/front_en.7.400.jpg,4062139007806,,,
lipton,lipton,Manual review,Other / not mapped to a company,replace_with_other,Lipton ownership/channel is complex; avoid Manual review label by using Other for launch,beverages,Germany,DACH|US_CANADA,1,lipton,lipton,existing_company_brand_mapping_token_match,existing_company_brand_mapping_alias,confirmed,Schwarze Oliven,Lipton,https://images.openfoodfacts.org/images/products/004/100/000/3547/front_en.7.400.jpg,41000003547,,,
lipton,lipton,Manual review,Other / not mapped to a company,replace_with_other,Lipton ownership/channel is complex; avoid Manual review label by using Other for launch,beverages,Niger,US_CANADA,1,lipton,lipton,existing_company_brand_mapping_token_match,existing_company_brand_mapping_alias,confirmed,Black tea,Lipton,https://images.openfoodfacts.org/images/products/000/000/412/9105/front_en.9.400.jpg,4129105,,,
lipton,lipton,Manual review,Other / not mapped to a company,replace_with_other,Lipton ownership/channel is complex; avoid Manual review label by using Other for launch,beverages,Morocco,UK_IE,1,lipton,lipton,existing_company_brand_mapping_token_match,existing_company_brand_mapping_alias,confirmed,lipton,Lipton,https://images.openfoodfacts.org/images/products/506/327/010/0752/front_en.6.400.jpg,5063270100752,,,
lipton,lipton,Manual review,Other / not mapped to a company,replace_with_other,Lipton ownership/channel is complex; avoid Manual review label by using Other for launch,beverages,Belgium,BENELUX|NORDICS|UK_IE,1,lipton,lipton,existing_company_brand_mapping_token_match,existing_company_brand_mapping_alias,confirmed,Green tea,Lipton,https://images.openfoodfacts.org/images/products/506/327/010/1766/front_en.3.400.jpg,5063270101766,,,
lipton,lipton,Manual review,Other / not mapped to a company,replace_with_other,Lipton ownership/channel is complex; avoid Manual review label by using Other for launch,beverages,Czech Republic,FRANCE|UK_IE,1,lipton,lipton,existing_company_brand_mapping_token_match,existing_company_brand_mapping_alias,confirmed,Lipton Peach Ice Tea,Lipton,https://images.openfoodfacts.org/images/products/590/049/761/0339/front_fr.37.400.jpg,5900497610339,,,
lipton,lipton,Manual review,Other / not mapped to a company,replace_with_other,Lipton ownership/channel is complex; avoid Manual review label by using Other for launch,beverages,Czech Republic,FRANCE,1,lipton,lipton,existing_company_brand_mapping_token_match,existing_company_brand_mapping_alias,confirmed,lipton Peach Ice Tea,Lipton,https://images.openfoodfacts.org/images/products/590/049/761/1503/front_fr.26.400.jpg,5900497611503,,,
lipton,lipton,Manual review,Other / not mapped to a company,replace_with_other,Lipton ownership/channel is complex; avoid Manual review label by using Other for launch,beverages,Romania,US_CANADA,1,lipton,lipton,existing_company_brand_mapping_token_match,existing_company_brand_mapping_alias,confirmed,Lipton Cu Ceai Verde,Lipton,https://images.openfoodfacts.org/images/products/594/220/400/5885/front_ro.7.400.jpg,5942204005885,,,
lipton,lipton,Manual review,Other / not mapped to a company,replace_with_other,Lipton ownership/channel is complex; avoid Manual review label by using Other for launch,beverages,Algeria,FRANCE|US_CANADA,1,lipton,lipton,existing_company_brand_mapping_token_match,existing_company_brand_mapping_alias,confirmed,Yellow Label Tea,Lipton,https://images.openfoodfacts.org/images/products/622/104/870/0705/front_en.48.400.jpg,6221048700705,,,
lipton,lipton,Manual review,Other / not mapped to a company,replace_with_other,Lipton ownership/channel is complex; avoid Manual review label by using Other for launch,beverages,Algeria,FRANCE,1,lipton,lipton,existing_company_brand_mapping_token_match,existing_company_brand_mapping_alias,confirmed,Lipton Yellow Label Black Tea 100 Tea Bags,Lipton,https://images.openfoodfacts.org/images/products/622/104/870/0736/front_fr.3.400.jpg,6221048700736,,,
lipton,lipton,Manual review,Other / not mapped to a company,replace_with_other,Lipton ownership/channel is complex; avoid Manual review label by using Other for launch,beverages,France,FRANCE|SOUTHERN_EUROPE|DACH,1,lipton,lipton,existing_company_brand_mapping_token_match,existing_company_brand_mapping_alias,confirmed,Pesca ice tea,Lipton,https://images.openfoodfacts.org/images/products/800/116/000/3520/front_it.22.400.jpg,8001160003520,,,
lipton,lipton,Manual review,Other / not mapped to a company,replace_with_other,Lipton ownership/channel is complex; avoid Manual review label by using Other for launch,beverages,France,FRANCE|DACH|SOUTHERN_EUROPE,1,lipton,lipton,existing_company_brand_mapping_token_match,existing_company_brand_mapping_alias,confirmed,African rooibos,Lipton,https://images.openfoodfacts.org/images/products/871/811/489/6052/front_fr.13.400.jpg,8718114896052,,,
Schweppes,Schweppes,Manual review,Other / not mapped to a company,replace_with_other,no conservative launch owner proposal; replace Manual review with Other unless Julia assigns a company,beverages,France,FRANCE|US_CANADA,1,schweppes,Schweppes,existing_company_brand_mapping_token_match,top9_portfolio_brand_alias,confirmed,GINGER ALE,Schweppes,https://images.openfoodfacts.org/images/products/007/800/020/6401/front_en.26.400.jpg,78000206401,,,
starbucks,starbucks,Manual review,Starbucks,map_to_company,visible Starbucks brand; leave ownership/licensing detail for later,dairies,Switzerland,DACH|US_CANADA,1,starbucks,starbucks,first_off_brand_token_fallback,brand_entity_raw_fallback,fallback_unreviewed,DOUBLESHOT ENERGY,STARBUCKS,https://images.openfoodfacts.org/images/products/001/200/002/8458/front_en.54.400.jpg,12000028458,,,
starbucks,starbucks,Manual review,Starbucks,map_to_company,visible Starbucks brand; leave ownership/licensing detail for later,beverages,Bolivia,FRANCE|US_CANADA,1,starbucks,starbucks,first_off_brand_token_fallback,brand_entity_raw_fallback,fallback_unreviewed,Frappuccino chilled coffee drink,"Starbucks,Frappuccino",https://images.openfoodfacts.org/images/products/001/200/081/3313/front_en.111.400.jpg,12000813313,,,
starbucks,starbucks,Manual review,Starbucks,map_to_company,visible Starbucks brand; leave ownership/licensing detail for later,dairies,Bolivia,US_CANADA,1,starbucks,starbucks,first_off_brand_token_fallback,brand_entity_raw_fallback,fallback_unreviewed,Mocha Frappuccino chilled coffee drink,Starbucks,https://images.openfoodfacts.org/images/products/000/000/126/4904/front_en.114.400.jpg,1264904,,,
starbucks,starbucks,Manual review,Starbucks,map_to_company,visible Starbucks brand; leave ownership/licensing detail for later,dairies,Finland,NORDICS|UK_IE,1,starbucks,starbucks,first_off_brand_token_fallback,brand_entity_raw_fallback,fallback_unreviewed,Caramel Macchiato,Starbucks,https://images.openfoodfacts.org/images/products/410/029/002/4758/front_en.29.400.jpg,4100290024758,,,
starbucks,starbucks,Manual review,Starbucks,map_to_company,visible Starbucks brand; leave ownership/licensing detail for later,snacks,France,FRANCE|DACH,1,starbucks,starbucks,first_off_brand_token_fallback,brand_entity_raw_fallback,fallback_unreviewed,Peanut & Cashew Bar,Starbucks,https://images.openfoodfacts.org/images/products/506/008/870/3700/front_fr.4.400.jpg,5060088703700,,,
starbucks,starbucks,Manual review,Starbucks,map_to_company,visible Starbucks brand; leave ownership/licensing detail for later,beverages,Germany,DACH|US_CANADA,1,starbucks,starbucks,first_off_brand_token_fallback,brand_entity_raw_fallback,fallback_unreviewed,"Hot cocoa mix marshmallow, hot cocoa","Starbucks, Conifer Specialties Inc.",,54467050382,,,
starbucks,starbucks,Manual review,Starbucks,map_to_company,visible Starbucks brand; leave ownership/licensing detail for later,dairies,Austria,DACH|FRANCE|SOUTHERN_EUROPE,1,starbucks,starbucks,first_off_brand_token_fallback,brand_entity_raw_fallback,fallback_unreviewed,Cappuccino,Starbucks,https://images.openfoodfacts.org/images/products/571/195/302/3972/front_en.81.400.jpg,5711953023972,,,
starbucks,starbucks,Manual review,Starbucks,map_to_company,visible Starbucks brand; leave ownership/licensing detail for later,dairies,France,FRANCE|DACH,1,starbucks,starbucks,first_off_brand_token_fallback,brand_entity_raw_fallback,fallback_unreviewed,Hazelnut Macchiato,Starbucks,https://images.openfoodfacts.org/images/products/571/195/305/1258/front_de.33.400.jpg,5711953051258,,,
starbucks,starbucks,Manual review,Starbucks,map_to_company,visible Starbucks brand; leave ownership/licensing detail for later,beverages,Germany,DACH|UK_IE,1,starbucks,starbucks,first_off_brand_token_fallback,brand_entity_raw_fallback,fallback_unreviewed,Grande Cup - Caramel Macchiato Flavour,Starbucks,https://images.openfoodfacts.org/images/products/571/195/311/7879/front_de.28.400.jpg,5711953117879,,,
starbucks,starbucks,Manual review,Starbucks,map_to_company,visible Starbucks brand; leave ownership/licensing detail for later,dairies,Germany,DACH|UK_IE,1,starbucks,starbucks,first_off_brand_token_fallback,brand_entity_raw_fallback,fallback_unreviewed,Caffè Latte,Starbucks,https://images.openfoodfacts.org/images/products/571/195/314/9764/front_en.15.400.jpg,5711953149764,,,
starbucks,starbucks,Manual review,Starbucks,map_to_company,visible Starbucks brand; leave ownership/licensing detail for later,dairies,France,FRANCE|BENELUX,1,starbucks,starbucks,first_off_brand_token_fallback,brand_entity_raw_fallback,fallback_unreviewed,Vanilla Macchiato,Starbucks,https://images.openfoodfacts.org/images/products/571/195/316/3791/front_fr.3.400.jpg,5711953163791,,,
starbucks,starbucks,Manual review,Starbucks,map_to_company,visible Starbucks brand; leave ownership/licensing detail for later,beverages,France,FRANCE|DACH|UK_IE,1,starbucks,starbucks,first_off_brand_token_fallback,brand_entity_raw_fallback,fallback_unreviewed,Fairtrade DoubleShot Espresso Premium Coffee Drink,Starbucks,https://images.openfoodfacts.org/images/products/573/080/062/3059/front_de.26.400.jpg,5730800623059,,,
starbucks,starbucks,Manual review,Starbucks,map_to_company,visible Starbucks brand; leave ownership/licensing detail for later,dairies,Austria,DACH|FRANCE,1,starbucks,starbucks,first_off_brand_token_fallback,brand_entity_raw_fallback,fallback_unreviewed,Caffè Latte,Starbucks,https://images.openfoodfacts.org/images/products/576/046/692/0537/front_en.124.400.jpg,5760466920537,,,
starbucks,starbucks,Manual review,Starbucks,map_to_company,visible Starbucks brand; leave ownership/licensing detail for later,beverages,France,FRANCE|UK_IE,1,starbucks,starbucks,first_off_brand_token_fallback,brand_entity_raw_fallback,fallback_unreviewed,starbucks Chocolat poudre,Starbucks,https://images.openfoodfacts.org/images/products/761/328/759/8998/front_fr.16.400.jpg,7613287598998,,,
starbucks,starbucks,Manual review,Starbucks,map_to_company,visible Starbucks brand; leave ownership/licensing detail for later,beverages,Belgium,BENELUX|FRANCE|DACH,1,starbucks,starbucks,first_off_brand_token_fallback,brand_entity_raw_fallback,fallback_unreviewed,STARBUCKS by NESPRESSO Guatemala 10 capsules,"STARBUCKS,by NESPRESSO",https://images.openfoodfacts.org/images/products/761/328/785/5503/front_fr.51.400.jpg,7613287855503,,,
starbucks,starbucks,Manual review,Starbucks,map_to_company,visible Starbucks brand; leave ownership/licensing detail for later,snacks,Spain,SOUTHERN_EUROPE|US_CANADA,1,starbucks,starbucks,first_off_brand_token_fallback,brand_entity_raw_fallback,fallback_unreviewed,Mini caramel waffles,Starbucks,https://images.openfoodfacts.org/images/products/076/211/130/1178/front_en.10.400.jpg,762111301178,,,
starbucks,starbucks,Manual review,Starbucks,map_to_company,visible Starbucks brand; leave ownership/licensing detail for later,snacks,France,FRANCE|US_CANADA,1,starbucks,starbucks,first_off_brand_token_fallback,brand_entity_raw_fallback,fallback_unreviewed,Starbucks chocolaty cookie straws,Starbucks,https://images.openfoodfacts.org/images/products/076/211/134/9453/front_en.3.400.jpg,762111349453,,,
starbucks,starbucks,Manual review,Starbucks,map_to_company,visible Starbucks brand; leave ownership/licensing detail for later,dairies,Canada,US_CANADA|FRANCE,1,starbucks,starbucks,first_off_brand_token_fallback,brand_entity_raw_fallback,fallback_unreviewed,Yogurt parfait,Starbucks,https://images.openfoodfacts.org/images/products/076/211/171/3049/front_en.3.400.jpg,762111713049,,,
