barcode,product_name,brands,primary_brand,query_category,observed_market_region_codes,countries,off_categories,raw_brand_tokens,current_primary_brand,proposed_primary_brand,primary_brand_would_change,detected_portfolio_brand_key,detected_portfolio_group,detection_source,detection_confidence,detection_reason
1001776768,,nestlé,nestle,snacks,FRANCE,en:france,"Botanas, Snacks dulces, Cacao y sus productos, Dulces, Dulces de chocolate",nestle,nestle,nestle,False,,,no_change,,no more-specific Top 9 portfolio brand detected
10137079,Tablette chocolat Nestle,nestlé,nestle,snacks,FRANCE,en:france,en:dark-chocolates,nestle,nestle,nestle,False,,,no_change,,no more-specific Top 9 portfolio brand detected
11117780,"Dark chocolate covered pretzels with peppermint pieces, peppermint",nestlé,nestle,snacks,FRANCE|UK_IE|US_CANADA,en:brazil|en:france|en:morocco|en:united-kingdom|en:united-states,"snacks, da:crackers",nestle,nestle,nestle,False,,,no_change,,no more-specific Top 9 portfolio brand detected
11217817,KitKat ball,nestlé,nestle,snacks,FRANCE,en:france,"Snacks, Snacks sucrés, Cacao et dérivés, Confiseries, Barres, Confiseries chocolatées, Barres chocolatées",nestle,nestle,kitkat,True,kitkat,Nestlé,top_company_portfolio_matrix_product_name,medium,current primary brand is parent/company token; portfolio brand appears in product name
11412069,"Code-barres inexistant et/ou fiche incomplète, obsolète ou en doublon",nestlé,nestle,snacks,FRANCE,en:france,"Aliments et boissons à base de végétaux, Boissons, Aliments d'origine végétale, Céréales et pommes de terre, Céréales et dérivés, Boissons instantanées",nestle,nestle,nestle,False,,,no_change,,no more-specific Top 9 portfolio brand detected
12112210,La lechera choco-avellana,nestle,nestle,snacks,FRANCE,en:france|en:mexico,"Snacks,Breakfasts,Spreads,Sweet snacks,Cocoa and its products,Sweet spreads,Chocolates,Milk chocolates,fr:Pâtes à tartiner,Hazelnut spreads,Chocolate spreads,Chocolates with hazelnuts,Cocoa and hazelnuts spreads,Milk chocolates with hazelnuts",nestle,nestle,la lechera,True,la lechera,Nestlé,top_company_portfolio_matrix_product_name,medium,current primary brand is parent/company token; portfolio brand appears in product name
1345058954226,Chocolat noir bio Nestlé,nestlé,nestle,snacks,FRANCE,en:france,"Snacks, Snacks sucrés, Cacao et dérivés, Chocolats, Chocolats noirs",nestle,nestle,nestle,False,,,no_change,,no more-specific Top 9 portfolio brand detected
15218957,les recettes de l atelier,nestlé,nestle,snacks,FRANCE,en:france,"Snacks, Snacks sucrés, Cacao et dérivés, Chocolats",nestle,nestle,nestle,False,,,no_change,,no more-specific Top 9 portfolio brand detected
17164102,after eight,nestlé,nestle,snacks,FRANCE,en:france,"Snacks, Snacks sucrés, Cacao et dérivés, Chocolats, Chocolats noirs, Chocolats fourrés, Chocolats noirs fourrés à la menthe",nestle,nestle,nestle,False,,,no_change,,no more-specific Top 9 portfolio brand detected
1761934,Tablette chocolat noir,nestlé,nestle,snacks,FRANCE,en:france,en:dark-chocolates,nestle,nestle,nestle,False,,,no_change,,no more-specific Top 9 portfolio brand detected
18000203,Kit kat pop choc,nestlé,nestle,snacks,FRANCE,en:france,"Snacks, Sweet snacks, Biscuits and cakes, Biscuits, Wafers, Stuffed wafers, Hazelnut cream stuffed wafers, en:bonbons",nestle,nestle,nestle,False,,,no_change,,no more-specific Top 9 portfolio brand detected
20,Nesquik moins de sucre,nestlé,nestle,snacks,FRANCE|DACH,en:france|en:germany,"Snacks, Snacks sucrés, Biscuits et gâteaux, Gâteaux, Quatre-quarts, Gâteaux au chocolat, Madeleines, Madeleines au chocolat",nestle,nestle,nesquik,True,nesquik,Nestlé,top_company_portfolio_matrix_product_name,medium,current primary brand is parent/company token; portfolio brand appears in product name
2000000125703,Kitkat au matcha,nestlé,nestle,snacks,FRANCE,en:france,"Snacks, Snacks sucrés, Biscuits et gâteaux, Gâteaux",nestle,nestle,kitkat,True,kitkat,Nestlé,top_company_portfolio_matrix_product_name,medium,current primary brand is parent/company token; portfolio brand appears in product name
202662017710,Smarties,nestlé,nestle,snacks,FRANCE,en:france,"Snacks, Snacks sucrés, Cacao et dérivés, Confiseries, Confiseries chocolatées, Bonbons de chocolat, Bonbons dragéifiés",nestle,nestle,smarties,True,smarties,Nestlé,top_company_portfolio_matrix_product_name,medium,current primary brand is parent/company token; portfolio brand appears in product name
23290643488,Clafoutis aux cerises,"la laitière,nestlé",la laitiere,snacks,FRANCE,en:france,"Snacks,Desserts,Snacks sucrés,Biscuits et gâteaux,Gâteaux,Clafoutis,Clafoutis aux fruits,Clafoutis aux cerises",la laitiere; nestle,la laitiere,la laitiere,False,,,no_change,,no more-specific Top 9 portfolio brand detected
28000010775,Bars,nestlé,nestle,snacks,FRANCE|US_CANADA,en:france|en:united-states,"Snacks, Sweet snacks, Cocoa and its products, Confectioneries, Chocolate candies",nestle,nestle,nestle,False,,,no_change,,no more-specific Top 9 portfolio brand detected
28000033279,DARK CHOCOLATE MORSELS,nestlé toll house,nestle,snacks,FRANCE|DACH|US_CANADA,en:france|en:germany|en:united-states,"Snacks, Sweet snacks, Cocoa and its products, Confectioneries, Chocolate candies, Baking decorations, en:chocolates",nestle toll house,nestle,toll house,True,nestle toll house,,top_company_portfolio_matrix_off_brands,high,current primary brand is parent/company token; another OFF brand token needs brand-level review
28000043964,Semi-Sweet Morsels,nestlé toll house,nestle,snacks,FRANCE|US_CANADA,en:france|en:united-states,"Snacks,Sweet snacks,Cocoa and its products,Confectioneries,Chocolate candies,Baking decorations",nestle toll house,nestle,toll house,True,nestle toll house,,top_company_portfolio_matrix_off_brands,high,current primary brand is parent/company token; another OFF brand token needs brand-level review
28000081409,Milk chocolate,nestlé,nestle,snacks,FRANCE|US_CANADA,en:france|en:united-states,Snacks,nestle,nestle,nestle,False,,,no_change,,no more-specific Top 9 portfolio brand detected
28000089009,Fudge bar in milk chocolate,nestlé,nestle,snacks,FRANCE|US_CANADA,en:france|en:united-states,"Snacks, Sweet snacks, Cocoa and its products, Confectioneries, Chocolate candies",nestle,nestle,nestle,False,,,no_change,,no more-specific Top 9 portfolio brand detected
28000131708,Crunch Creamy Milk Chocolate with Crisped Rice,nestle,nestle,snacks,FRANCE|US_CANADA,en:france|en:united-states,"Snacks, Sweet snacks, Cocoa and its products, Confectioneries, Chocolate candies",nestle,nestle,nestle,False,,,no_change,,no more-specific Top 9 portfolio brand detected
28000157852,Authentic Mexican Hot Chocolate Drink Tablets,nestlé abuelita,nestle,snacks,US_CANADA|FRANCE,en:canada|en:france|en:united-states,"Beverages, Snacks, Sweet snacks, Cocoa and its products, Dried products, Chocolates, Dried products to be rehydrated, Dark chocolates, Dehydrated beverages",nestle abuelita,nestle,abuelita,True,nestle abuelita,,top_company_portfolio_matrix_off_brands,high,current primary brand is parent/company token; another OFF brand token needs brand-level review
28000202033,"Nestle, butterfinger",nestlé,nestle,snacks,FRANCE|UK_IE|US_CANADA,en:france|en:ireland|en:united-states,"Snacks, Sweet snacks, Cocoa and its products, Confectioneries, Bars, Chocolate candies, Candies, Bars covered with chocolate",nestle,nestle,nestle,False,,,no_change,,no more-specific Top 9 portfolio brand detected
28000217303,BUTTER-SCOTCH MORSELS,nestlé toll house,nestle,snacks,FRANCE|DACH|US_CANADA,en:france|en:germany|en:united-states,"Snacks,Sweet snacks,Confectioneries,Baking decorations",nestle toll house,nestle,toll house,True,nestle toll house,,top_company_portfolio_matrix_off_brands,high,current primary brand is parent/company token; another OFF brand token needs brand-level review
28000231828,California raisins covered in chocolate,nestlé,nestle,snacks,FRANCE|US_CANADA,en:france|en:united-states,Snacks,nestle,nestle,nestle,False,,,no_change,,no more-specific Top 9 portfolio brand detected
28000268442,Bunches of crunchy milk chocolate,nestlé,nestle,snacks,FRANCE|US_CANADA,en:france|en:united-states,"Snacks, Sweet snacks, Cocoa and its products, Confectioneries, Chocolate candies, Candies",nestle,nestle,nestle,False,,,no_change,,no more-specific Top 9 portfolio brand detected
28000394257,Dark Chocolate Morsels,nestle toll house,nestle,snacks,FRANCE|US_CANADA,en:france|en:united-states,"Baking decorations, en:chocolate-candies",nestle toll house,nestle,toll house,True,nestle toll house,,top_company_portfolio_matrix_off_brands,high,current primary brand is parent/company token; another OFF brand token needs brand-level review
28000461997,Bunches of crunchy dark chocolate,nestlé,nestle,snacks,FRANCE|US_CANADA,en:france|en:united-states,"Snacks, Sweet snacks, Cocoa and its products, Confectioneries, Chocolate candies, Candies",nestle,nestle,nestle,False,,,no_change,,no more-specific Top 9 portfolio brand detected
28000469689,Bite-sized candy,nestlé,nestle,snacks,FRANCE|US_CANADA,en:france|en:united-states,"Snacks, Sweet snacks, Confectioneries",nestle,nestle,nestle,False,,,no_change,,no more-specific Top 9 portfolio brand detected
28000560683,Peanut butter cups skull,nestlé,nestle,snacks,FRANCE|US_CANADA,en:france|en:united-states,"Snacks, Sweet snacks, Confectioneries",nestle,nestle,nestle,False,,,no_change,,no more-specific Top 9 portfolio brand detected
28000688776,"Laffy taffy, candy, strawberry, strawberry",nestlé,nestle,snacks,FRANCE|US_CANADA,en:france|en:united-states,"Snacks, Sweet snacks, Confectioneries, Candies",nestle,nestle,nestle,False,,,no_change,,no more-specific Top 9 portfolio brand detected
28000778965,"Laffy taffy, taffy candy, sour apple, sour apple",nestlé,nestle,snacks,FRANCE|US_CANADA,en:france|en:united-states,"Snacks, Sweet snacks, Confectioneries, Candies",nestle,nestle,nestle,False,,,no_change,,no more-specific Top 9 portfolio brand detected
28000822057,Bars,nestlé,nestle,snacks,FRANCE|US_CANADA,en:france|en:united-states,"Snacks, Sweet snacks, Cocoa and its products, Confectioneries, Chocolate candies",nestle,nestle,nestle,False,,,no_change,,no more-specific Top 9 portfolio brand detected
28000867379,"Crispety, crunchety, peanut-buttery! bar",nestlé,nestle,snacks,FRANCE|US_CANADA,en:france|en:united-states,"Snacks, Sweet snacks, Confectioneries",nestle,nestle,nestle,False,,,no_change,,no more-specific Top 9 portfolio brand detected
28000922269,Candy,nestlé,nestle,snacks,FRANCE|US_CANADA,en:france|en:united-states,"Snacks, Sweet snacks, Confectioneries",nestle,nestle,nestle,False,,,no_change,,no more-specific Top 9 portfolio brand detected
28000966201,California raisins covered in chocolate,nestlé,nestle,snacks,FRANCE|US_CANADA,en:france|en:united-states,Snacks,nestle,nestle,nestle,False,,,no_change,,no more-specific Top 9 portfolio brand detected
3023290042830,Moelleux la laitière,nestlé,nestle,snacks,BENELUX|FRANCE,en:belgium|en:france|en:luxembourg,"Snacks, Snacks sucrés, Biscuits et gâteaux, Gâteaux, Gâteaux au chocolat",nestle,nestle,nestle,False,,,no_change,,no more-specific Top 9 portfolio brand detected
3023290208137,Clafoutis aux Abricots,"la laitière, nestlé",la laitiere,snacks,FRANCE|US_CANADA,en:france|en:united-states,"Snacks, Desserts, Snacks sucrés, Biscuits et gâteaux, Frais, Gâteaux, Clafoutis, Clafoutis aux abricots",la laitiere; nestle,la laitiere,la laitiere,False,,,no_change,,no more-specific Top 9 portfolio brand detected
3023290210321,Clafoutis aux Abricots,"nestlé, la laitière",nestle,snacks,FRANCE,en:france,"Snacks, Desserts, Snacks sucrés, Biscuits et gâteaux, Gâteaux, Clafoutis, Clafoutis aux abricots",nestle; la laitiere,nestle,la laitiere,True,la laitiere,,top_company_portfolio_matrix_off_brands,high,current primary brand is parent/company token; another OFF brand token needs brand-level review
3023290210338,La Laitiere Clafoutis aux cerises,"nestlé, la laitière",nestle,snacks,FRANCE,en:france,"Snacks, Desserts, Snacks sucrés, Biscuits et gâteaux, Gâteaux, Clafoutis, Clafoutis aux fruits, Clafoutis aux cerises",nestle; la laitiere,nestle,la laitiere,True,la laitiere,,top_company_portfolio_matrix_off_brands,high,current primary brand is parent/company token; another OFF brand token needs brand-level review
3023290419687,Clafoutis aux pommes façon Tatin,nestlé,nestle,snacks,FRANCE,en:france,"Snacks, Desserts, Snacks sucrés, Biscuits et gâteaux, Gâteaux, Clafoutis",nestle,nestle,nestle,False,,,no_change,,no more-specific Top 9 portfolio brand detected
3023290456538,Profiteroles au chocolat,nestlé,nestle,snacks,FRANCE,en:france,"Snacks,Desserts,Snacks sucrés,Biscuits et gâteaux,Desserts au chocolat,Pâtisseries,Réfrigérés,Profiteroles",nestle,nestle,nestle,False,,,no_change,,no more-specific Top 9 portfolio brand detected
3023290643488,Clafoutis aux cerises,"la laitière, nestlé",la laitiere,snacks,FRANCE,en:france,"snacks, desserts, sweet-snacks, biscuits-and-cakes, cakes, clafoutis, biscuits-et-gâteaux, fr:clafoutis-aux-cerises, fr:clafoutis-aux-fruits, fr:frais, gâteaux, snacks-sucrés, en:cherry-clafoutis",la laitiere; nestle,la laitiere,la laitiere,False,,,no_change,,no more-specific Top 9 portfolio brand detected
3023290719329,Clafoutis aux pommes façon tatin,"nestlé, la laitière",nestle,snacks,FRANCE,en:france,"Snacks, Desserts, Snacks sucrés, Biscuits et gâteaux, Gâteaux, Clafoutis, Pâtisseries, Clafoutis aux fruits, Clafoutis-aux-pommes",nestle; la laitiere,nestle,la laitiere,True,la laitiere,,top_company_portfolio_matrix_off_brands,high,current primary brand is parent/company token; another OFF brand token needs brand-level review
3023290798263,Far aux Pruneaux d'Agen,"nestlé, la laitière",nestle,snacks,FRANCE,en:france,"Snacks, Desserts, Snacks sucrés, Biscuits et gâteaux, Frais, Gâteaux, Gâteaux bretons, Fars",nestle; la laitiere,nestle,la laitiere,True,la laitiere,,top_company_portfolio_matrix_off_brands,high,current primary brand is parent/company token; another OFF brand token needs brand-level review
3025640081117,Chocolat Noir 80%,"nestlé, klaus",nestle,snacks,FRANCE,en:france,"Snacks, Snacks sucrés, Cacao et dérivés, Chocolats, Chocolats noirs",nestle; klaus,nestle,klaus,True,klaus,,top_company_portfolio_matrix_off_brands,high,current primary brand is parent/company token; another OFF brand token needs brand-level review
3033210001373,Buche glacee aux 3 chocolats,nestlé,nestle,snacks,FRANCE,en:france,"Snacks, Desserts, Snacks sucrés, Aliments festifs, Surgelés, Biscuits et gâteaux, Aliments et boissons de Noël, Desserts glacés, Gâteaux, Bûches de Noël, Bûches glacées",nestle,nestle,nestle,False,,,no_change,,no more-specific Top 9 portfolio brand detected
3033210001410,Délice de fruits rouges cœur de méringue,nestlé,nestle,snacks,FRANCE,en:france,"Snacks, Desserts, Snacks sucrés, Aliments festifs, Surgelés, Biscuits et gâteaux, Aliments et boissons de Noël, Desserts glacés, Gâteaux, Bûches de Noël, Bûches glacées",nestle,nestle,nestle,False,,,no_change,,no more-specific Top 9 portfolio brand detected
3033210006965,Glace smarties,nestlé,nestle,snacks,FRANCE,en:france,"Snacks, Snacks sucrés, Confiseries",nestle,nestle,smarties,True,smarties,Nestlé,top_company_portfolio_matrix_product_name,medium,current primary brand is parent/company token; portfolio brand appears in product name
3033210012256,Bûche de Noël glacée façon Dame Blanche 8/10 parts,nestlé,nestle,snacks,FRANCE,en:france,"Desserts, Festive foods, Frozen foods, Christmas foods and drinks, Frozen desserts, Yule log, Ice cream log, en:cakes",nestle,nestle,nestle,False,,,no_change,,no more-specific Top 9 portfolio brand detected
3033210810968,Buche glacée Douceur Melba,nestlé,nestle,snacks,FRANCE,en:france,"Snacks, Desserts, Snacks sucrés, Aliments festifs, Surgelés, Biscuits et gâteaux, Aliments et boissons de Noël, Desserts glacés, Gâteaux, Bûches de Noël, Bûches glacées",nestle,nestle,nestle,False,,,no_change,,no more-specific Top 9 portfolio brand detected
3033710000487,Chocolat au Lait Noisettes,nestlé,nestle,snacks,FRANCE,en:france,"Snacks, Snacks sucrés, Cacao et dérivés, Chocolats, Chocolats au lait, Chocolats aux noisettes, Chocolats au lait aux noisettes",nestle,nestle,nestle,False,,,no_change,,no more-specific Top 9 portfolio brand detected
3033710000760,Barre céréales au chocolat noir,nestlé,nestle,snacks,FRANCE,en:france,"Snacks, Sweet snacks, Bars, Cereal bars, en:chocolate-candies",nestle,nestle,nestle,False,,,no_change,,no more-specific Top 9 portfolio brand detected
3033710000821,SUNDY barre céréales et chocolat 36g,"nestlé, sundy",nestle,snacks,FRANCE,en:france,"Snacks, Snacks sucrés, Barres, Barres de céréales, Barres de céréales au chocolat",nestle; sundy,nestle,sundy,True,sundy,,top_company_portfolio_matrix_off_brands,high,current primary brand is parent/company token; another OFF brand token needs brand-level review
3033710001057,GALAK Chocolat Blanc,"nestlé, galak",nestle,snacks,FRANCE,en:france,"Snacks, Sweet snacks, Cocoa and its products, Chocolates, White chocolates, White chocolate bars, Confiseries, Confiseries chocolatées",nestle; galak,nestle,galak,True,galak,,top_company_portfolio_matrix_off_brands,high,current primary brand is parent/company token; another OFF brand token needs brand-level review
3033710001279,CRUNCH Lait Tablette 100g,"nestlé, crunch",nestle,snacks,BENELUX|FRANCE|DACH,en:belgium|en:france|en:morocco|en:switzerland,"Snacks,Snacks sucrés,Cacao et dérivés,Confiseries,Chocolats,Chocolats au lait,Chocolats au lait au riz, Confiseries chocolatées",nestle; crunch,nestle,crunch,True,crunch,,top_company_portfolio_matrix_off_brands,high,current primary brand is parent/company token; another OFF brand token needs brand-level review
3033710001286,Chocolat Au Lait,nestlé,nestle,snacks,FRANCE,en:france,"Snacks, Snacks sucrés, Cacao et dérivés, Chocolats, Chocolats au lait",nestle,nestle,nestle,False,,,no_change,,no more-specific Top 9 portfolio brand detected
3033710001347,Grand Chocolat noir Intense 70%,nestlé,nestle,snacks,FRANCE,en:france,"Snacks,Snacks sucrés,Cacao et dérivés,Chocolats,Chocolats noirs,Chocolat noir en tablette extra dégustation à 70% de cacao minimum",nestle,nestle,nestle,False,,,no_change,,no more-specific Top 9 portfolio brand detected
3033710001354,NESTLE LES RECETTES DE L'ATELIER - Carrés dégustation Chocolat noir 70% - 210g,"nestlé, les recettes de l'atelier, les recettes de l'atelier les carres",nestle,snacks,FRANCE,en:france,"Snacks,Snacks sucrés,Cacao et dérivés,Chocolats,Chocolats noirs,Chocolat noir en tablette extra dégustation à 70% de cacao minimum",nestle; les recettes de latelier; les recettes de latelier les carres,nestle,les recettes de latelier,True,les recettes de latelier,,top_company_portfolio_matrix_off_brands,high,current primary brand is parent/company token; another OFF brand token needs brand-level review
3033710002665,GALAK Chocolat Blanc Tablette 2x100g,"nestlé, galak",nestle,snacks,FRANCE,en:france,"Snacks, Sweet snacks, Cocoa and its products, Chocolates, White chocolates, Confiseries, Confiseries chocolatées",nestle; galak,nestle,galak,True,galak,,top_company_portfolio_matrix_off_brands,high,current primary brand is parent/company token; another OFF brand token needs brand-level review
3033710003020,Chocolat Noir Pâtissier Dessert Nestlé,nestlé,nestle,snacks,FRANCE,en:france,"Snacks,Snacks sucrés,Cacao et dérivés,Chocolats,Chocolats noirs",nestle,nestle,nestle,False,,,no_change,,no more-specific Top 9 portfolio brand detected
3033710003457,Grand Chocolat - Eclat noir - Fèves de cacao,nestlé,nestle,snacks,FRANCE,en:france,"Snacks, Snacks sucrés, Cacao et dérivés, Chocolats, Chocolats noirs, Chocolats noirs aux fèves de cacao, Chocolats suisses",nestle,nestle,nestle,False,,,no_change,,no more-specific Top 9 portfolio brand detected
3033710007264,P'tite Boisson Pommes Abricots,"nestlé, bébé nestlé, p'tite boisson, nestlé bébé",nestle,snacks,FRANCE,en:france,"Aliments et boissons à base de végétaux, Boissons, Boissons à base de végétaux, Aliments pour bébé, Boissons aux fruits, Jus et nectars, Nectars de fruits, Goûters et desserts pour bébé, Boissons pour bébé, Dès 4 mois, Dès 6 mois",nestle; bebe nestle; ptite boisson; nestle bebe,nestle,bebe nestle,True,bebe nestle,,top_company_portfolio_matrix_off_brands,high,current primary brand is parent/company token; another OFF brand token needs brand-level review
3033710007271,P'tite Boisson Pommes Framboises,"nestlé, bébé nestlé, nestlé bébé",nestle,snacks,FRANCE,en:france,"Aliments et boissons à base de végétaux, Boissons, Boissons à base de végétaux, Aliments pour bébé, Boissons aux fruits, Goûters et desserts pour bébé, Boissons pour bébé, Boissons sans sucre ajouté, Dès 6 mois",nestle; bebe nestle; nestle bebe,nestle,bebe nestle,True,bebe nestle,,top_company_portfolio_matrix_off_brands,high,current primary brand is parent/company token; another OFF brand token needs brand-level review
3033710007288,P'tite Boisson pomme peche 4/6 mois,"nestlé, bébé nestlé, nestlé bébé, p'tite boisson",nestle,snacks,FRANCE,en:france|en:mali,"Baby foods, Snacks and desserts for babies, Baby drinks, From 4 months, From 6 months, en:fruit-juices",nestle; bebe nestle; nestle bebe; ptite boisson,nestle,bebe nestle,True,bebe nestle,,top_company_portfolio_matrix_off_brands,high,current primary brand is parent/company token; another OFF brand token needs brand-level review
3033710007745,P'tite Boisson Verveine Pommes,nestlé,nestle,snacks,FRANCE,en:france,"Aliments pour bébé, Goûters et desserts pour bébé, Boissons pour bébé, Dès 4 mois",nestle,nestle,nestle,False,,,no_change,,no more-specific Top 9 portfolio brand detected
3033710007905,NESTLE P'TITE BOISSON - Cocktail de Fruits - 500ml - Dès 8 mois,"nestlé, p'tite boisson",nestle,snacks,FRANCE,en:france,"Boissons, Aliments pour bébé, Goûters et desserts pour bébé, Boissons pour bébé, Dès 8 mois",nestle; ptite boisson,nestle,ptite boisson,True,ptite boisson,,top_company_portfolio_matrix_off_brands,high,current primary brand is parent/company token; another OFF brand token needs brand-level review
3033710010288,NESTLE LES RECETTES DE L'ATELIER - Carrés dégustation Chocolat noir éclats cacao - 192g,"nestlé, les recettes de l'atelier",nestle,snacks,FRANCE|DACH,en:france|en:switzerland,"Snacks,Snacks sucrés,Cacao et dérivés,Chocolats,Chocolats noirs,Chocolat noir à moins de 70% de cacao en tablette,Chocolats noirs aux fèves de cacao",nestle; les recettes de latelier,nestle,les recettes de latelier,True,les recettes de latelier,,top_company_portfolio_matrix_off_brands,high,current primary brand is parent/company token; another OFF brand token needs brand-level review
3033710012794,"KITKAT Ball, Billes au chocolat au Lait,140g","nestlé, kit kat, kitkat",nestle,snacks,DACH|FRANCE,en:austria|en:france,"Snacks, Sweet snacks, en:chocolate-candies",nestle; kit kat; kitkat,nestle,kitkat,True,kitkat,Nestlé,top_company_portfolio_matrix_off_brands,high,current primary brand is parent/company token; portfolio brand appears in OFF brands field
3033710018871,Smarties,"nestlé,smarties",nestle,snacks,FRANCE,en:france,"Snacks,Sweet snacks,Cocoa and its products,Confectioneries,Chocolate candies,Bonbons,fr:Bonbons dragéifiés",nestle; smarties,nestle,smarties,True,smarties,Nestlé,top_company_portfolio_matrix_off_brands,high,current primary brand is parent/company token; portfolio brand appears in OFF brands field
3033710019397,"Grand Chocolat, éclat caramel pointe de sel",nestlé,nestle,snacks,FRANCE,en:france,"Snacks, Snacks sucrés, Cacao et dérivés, Chocolats, Chocolats noirs, Chocolats salés, Chocolats noirs salés, Chocolats au caramel, Chocolats noirs au caramel",nestle,nestle,nestle,False,,,no_change,,no more-specific Top 9 portfolio brand detected
3033710019526,"KITKAT Ball, Billes au chocolat au Lait, 250g","nestlé, kit kat ball, kitkat",nestle,snacks,FRANCE,en:france,"Snacks, Snacks sucrés, Cacao et dérivés, Confiseries, Confiseries chocolatées, Bonbons de chocolat",nestle; kit kat ball; kitkat,nestle,kitkat,True,kitkat,Nestlé,top_company_portfolio_matrix_off_brands,high,current primary brand is parent/company token; portfolio brand appears in OFF brands field
3033710032693,Chocolat Noir,nestlé,nestle,snacks,FRANCE,en:france,"Snacks, Snacks sucrés, Cacao et dérivés, Chocolats, Chocolats noirs",nestle,nestle,nestle,False,,,no_change,,no more-specific Top 9 portfolio brand detected
3033710042814,LION MINI Barres chocolatées - sachet 385g,"nestlé, lion mini",nestle,snacks,FRANCE,en:france,"Snacks, Snacks sucrés, Cacao et dérivés, Confiseries, Barres, Confiseries chocolatées, Barres chocolatées, Barres chocolatées biscuitées au caramel",nestle; lion mini,nestle,lion mini,True,lion mini,,top_company_portfolio_matrix_off_brands,high,current primary brand is parent/company token; another OFF brand token needs brand-level review
3033710044290,L'escargot lait,"nestlé, lanvin",nestle,snacks,FRANCE,en:france,"Snacks, Snacks sucrés, Cacao et dérivés, Confiseries, Confiseries chocolatées, Bonbons de chocolat, Bonbons de chocolat au lait, Bonbons de chocolat au praliné",nestle; lanvin,nestle,lanvin,True,lanvin,,top_company_portfolio_matrix_off_brands,high,current primary brand is parent/company token; another OFF brand token needs brand-level review
3033710062034,"Code-barres inexistant et/ou fiche incomplète, obsolète ou en doublon","nestlé,nesquik",nestle,snacks,FRANCE,en:france,"Aliments et boissons à base de végétaux, Aliments d'origine végétale, Petit-déjeuners, Céréales et pommes de terre, Céréales et dérivés, Céréales pour petit-déjeuner, Céréales au chocolat",nestle; nesquik,nestle,nesquik,True,nesquik,Nestlé,top_company_portfolio_matrix_off_brands,high,current primary brand is parent/company token; portfolio brand appears in OFF brands field
3033710070145,Lion,"nestlé, lion",nestle,snacks,FRANCE,en:france,"Boissons, Snacks, Petit-déjeuners, Snacks sucrés, Cacao et dérivés, Confiseries, Boissons chaudes, Cacaos et chocolats en poudre, Boissons instantanées, Chocolats en poudre, Boissons avec sucre ajouté",nestle; lion,nestle,lion,True,lion,Nestlé,top_company_portfolio_matrix_off_brands,high,current primary brand is parent/company token; portfolio brand appears in OFF brands field
3033710077809,P'tit goûter Poire / Fraise,nestlé,nestle,snacks,FRANCE,en:france,Baby fruit desserts,nestle,nestle,nestle,False,,,no_change,,no more-specific Top 9 portfolio brand detected
3033710646647,Baby Compote Pomme Mangue,nestlé,nestle,snacks,FRANCE,en:france,"Aliments pour bébé, Goûters et desserts pour bébé, Dès 8 mois, Desserts au fruit pour bébé",nestle,nestle,nestle,False,,,no_change,,no more-specific Top 9 portfolio brand detected
3033719991953,Galak,nestlé,nestle,snacks,FRANCE,en:france,en:white-chocolates,nestle,nestle,nestle,False,,,no_change,,no more-specific Top 9 portfolio brand detected
3069941258458,"KITKAT Ball, Chapelet Billes au chocolat au Lait, 5x30g","nestlé, kit kat ball, kitkat",nestle,snacks,FRANCE,en:france,"Snacks, Snacks sucrés, Cacao et dérivés, Confiseries, Barres, Confiseries chocolatées, Bonbons de chocolat, Barres chocolatées, Barres chocolatées biscuitées, Barre chocolatée biscuitée type KitKat",nestle; kit kat ball; kitkat,nestle,kitkat,True,kitkat,Nestlé,top_company_portfolio_matrix_off_brands,high,current primary brand is parent/company token; portfolio brand appears in OFF brands field
3069942320901,Menier Pâtissier Tablette,"nestlé, menier",nestle,snacks,FRANCE,en:france,"snacks, snacks-sucrés, cacao-et-dérivés, chocolats, chocolats-noirs, chocolat-noir-pâtissier-en-tablette-à-40%-de-cacao-minimum, en:cacao-et-derives, fr:chocolats, en:snacks-sucres, Confiseries, Confiseries chocolatées",nestle; menier,nestle,menier,True,menier,,top_company_portfolio_matrix_off_brands,high,current primary brand is parent/company token; another OFF brand token needs brand-level review
3069942320956,MENIER PATISSIER Chocolat Noir lot de 2 x 200g,"nestlé, menier",nestle,snacks,FRANCE,en:france,"snacks, snacks-sucrés, cacao-et-dérivés, chocolats, en:cacao-et-dérivés, fr:chocolats, en:snacks-sucrés, Confiseries, Confiseries chocolatées",nestle; menier,nestle,menier,True,menier,,top_company_portfolio_matrix_off_brands,high,current primary brand is parent/company token; another OFF brand token needs brand-level review
3154230065692,"Cookies, Pépites de Chocolat (15 Cookies)","nestlé, herta",nestle,snacks,BENELUX|FRANCE,en:belgium|en:france,"Snacks, Sweet snacks, Biscuits and cakes, Fresh foods, Biscuits, en:chocolate-biscuits",nestle; herta,nestle,herta,True,herta,Nestlé,top_company_portfolio_matrix_off_brands,high,current primary brand is parent/company token; portfolio brand appears in OFF brands field
31605533,Brownie au chocolat,nestlé,nestle,snacks,FRANCE,en:france,"Snacks, Snacks sucrés, Biscuits et gâteaux, Gâteaux, Aides culinaires, Préparations pour desserts, Aides à la pâtisserie, en:Baking Mixes, Préparations pour gâteaux, fr:Préparations pour Brownies",nestle,nestle,nestle,False,,,no_change,,no more-specific Top 9 portfolio brand detected
324030060309,Préparation pour fondant au chocolat,nestlé dessert,nestle,snacks,FRANCE,en:france,"Snacks, Snacks sucrés, Biscuits et gâteaux, Gâteaux, Aides culinaires, Aides à la pâtisserie, en:Baking Mixes, Préparations pour desserts, Préparations pour gâteaux",nestle dessert,nestle,dessert,True,nestle dessert,,top_company_portfolio_matrix_off_brands,high,current primary brand is parent/company token; another OFF brand token needs brand-level review
3274664088064,Barre Glacée Crunch,nestlé,nestle,snacks,FRANCE,en:france,"Snacks,Desserts,Snacks sucrés,Surgelés,Barres,Desserts glacés,Barres glacées",nestle,nestle,nestle,False,,,no_change,,no more-specific Top 9 portfolio brand detected
3274664099060,Buche glacé,nestlé,nestle,snacks,FRANCE,en:france,"Snacks, Desserts, Snacks sucrés, Aliments festifs, Surgelés, Biscuits et gâteaux, Aliments et boissons de Noël, Desserts glacés, Gâteaux, Bûches de Noël, Bûches glacées",nestle,nestle,nestle,False,,,no_change,,no more-specific Top 9 portfolio brand detected
3274664137540,Madeleine vanille,nestlé,nestle,snacks,FRANCE,en:france,en:madeleines,nestle,nestle,nestle,False,,,no_change,,no more-specific Top 9 portfolio brand detected
3274664173432,Glace Café gourmand,nestlé,nestle,snacks,FRANCE,en:france,"Snacks,Desserts,Snacks sucrés,Surgelés,Barres,Desserts glacés,Glaces et sorbets,Glaces,Desserts au café,Crèmes glacées,Crème glacée gourmande en bac",nestle,nestle,nestle,False,,,no_change,,no more-specific Top 9 portfolio brand detected
3274664222208,Bûche chocolat nougat de Montélimar,nestlé,nestle,snacks,FRANCE,en:france,"Snacks, Snacks sucrés, Confiseries, Confiseries de France, Nougats, Nougats de Montélimar",nestle,nestle,nestle,False,,,no_change,,no more-specific Top 9 portfolio brand detected
3274664261368,Extreme Framboise Brownie x6,"extrême,nestlé",extreme,snacks,FRANCE,en:france,"Snacks,Desserts,Snacks sucrés,Biscuits et gâteaux,Surgelés,Desserts glacés,Glaces et sorbets,Glaces,Cônes glacés",extreme; nestle,extreme,extreme,False,,,no_change,,no more-specific Top 9 portfolio brand detected
3274664988067,Barre crunch glacée,nestlé,nestle,snacks,FRANCE,en:france,Barres glacées,nestle,nestle,nestle,False,,,no_change,,no more-specific Top 9 portfolio brand detected
3387390320008,FITNESS CHOC Barres Céréale 6x23.5g,"fitness,nestlé",fitness,snacks,BENELUX|FRANCE|SOUTHERN_EUROPE,en:belgium|en:france|en:greece|en:italy|en:portugal|en:reunion,"Lanches comida,Lanches doces,Barras,Barras de cereais,Barras de cereais com chocolate",fitness; nestle,fitness,fitness,False,,,no_change,,no more-specific Top 9 portfolio brand detected
3387390320558,Chocolate Fitness,nestlé,nestle,snacks,BENELUX|NORDICS|FRANCE|SOUTHERN_EUROPE,en:belgium|en:finland|en:france|en:italy|en:portugal|en:spain,"Snacks, Snacks sucrés, Barres, Barres de céréales, Barres de céréales au chocolat",nestle,nestle,fitness,True,fitness,Nestlé,top_company_portfolio_matrix_product_name,medium,current primary brand is parent/company token; portfolio brand appears in product name
3387390325195,"Code-barres inexistant et/ou fiche incomplète, obsolète ou en doublon",nestlé,nestle,snacks,FRANCE,en:france,"Aliments et boissons à base de végétaux, Aliments d'origine végétale, Petit-déjeuners, Céréales et pommes de terre, Céréales et dérivés, Céréales pour petit-déjeuner, Céréales au chocolat",nestle,nestle,nestle,False,,,no_change,,no more-specific Top 9 portfolio brand detected
3387390325744,"Code-barres inexistant et/ou fiche incomplète, obsolète ou en doublon",nestlé,nestle,snacks,BENELUX|FRANCE|SOUTHERN_EUROPE,en:belgium|en:france|en:reunion|en:spain,"Botanas,Snacks dulces,Barritas,en:barres-de-céréales,en:barres-de-céréales-au-chocolat,en:snacks-sucrés",nestle,nestle,nestle,False,,,no_change,,no more-specific Top 9 portfolio brand detected
3387390325751,Golden grahams céréales et lait,nestlé,nestle,snacks,FRANCE|SOUTHERN_EUROPE,en:france|en:spain,"Botanas,Snacks dulces,Barritas,Barritas de cereales",nestle,nestle,nestle,False,,,no_change,,no more-specific Top 9 portfolio brand detected
3387390325768,,"nestlé, chocapic",nestle,snacks,FRANCE|SOUTHERN_EUROPE|DACH,en:france|en:portugal|en:spain|en:switzerland,"Lanches comida,Lanches doces,Barras,Barras de cereais,Barras de cereais com chocolate",nestle; chocapic,nestle,chocapic,True,chocapic,Nestlé,top_company_portfolio_matrix_off_brands,high,current primary brand is parent/company token; portfolio brand appears in OFF brands field
3387390326284,"NESTLE FITNESS Barres de Céréales Nature 6x23,5g","nestlé,fitness",nestle,snacks,BENELUX|FRANCE|SOUTHERN_EUROPE,en:belgium|en:france|en:italy|en:portugal,"Snacks,Snacks sucrés,Barres,Barres de céréales,Barres de céréales nature",nestle; fitness,nestle,fitness,True,fitness,Nestlé,top_company_portfolio_matrix_off_brands,high,current primary brand is parent/company token; portfolio brand appears in OFF brands field
3387390386172,Cookie crisp,nestlé,nestle,snacks,FRANCE,en:france,"Aliments et boissons à base de végétaux, Aliments d'origine végétale, Petit-déjeuners, Céréales et pommes de terre, Céréales et dérivés, Céréales pour petit-déjeuner",nestle,nestle,nestle,False,,,no_change,,no more-specific Top 9 portfolio brand detected
3387390406719,,"nesquik,nestlé",nesquik,snacks,BENELUX|FRANCE|SOUTHERN_EUROPE|DACH,en:belgium|en:france|en:netherlands|en:portugal|en:spain|en:switzerland,"Lanches comida,Lanches doces,Barras,Barras de cereais",nesquik; nestle,nesquik,nesquik,False,,,no_change,,no more-specific Top 9 portfolio brand detected
3387390406733,NESTLE GOLDEN GRAHAMS Barres de Céréales 6x25g,"nestlé, cereal partners, golden grahams",nestle,snacks,FRANCE|SOUTHERN_EUROPE,en:france|en:portugal,"Snacks, Snacks sucrés, Barres, Barres de céréales",nestle; cereal partners; golden grahams,nestle,cereal partners,True,cereal partners,,top_company_portfolio_matrix_off_brands,high,current primary brand is parent/company token; another OFF brand token needs brand-level review
3387390406849,Chocapic 🍫 strong In Chocolaté 🍫,"nestlé, chocapic",nestle,snacks,FRANCE|SOUTHERN_EUROPE,en:france|en:portugal,chocolate cereal bars,nestle; chocapic,nestle,chocapic,True,chocapic,Nestlé,top_company_portfolio_matrix_off_brands,high,current primary brand is parent/company token; portfolio brand appears in OFF brands field
34000253036,Kit Kat Chocolate Strawberry,"kit kat, the hershey company",kit kat,snacks,FRANCE|US_CANADA,en:france|en:united-states,"Snacks,Snacks sucrés,Cacao et dérivés,Confiseries,Barres,Confiseries chocolatées,Barre chocolatée biscuitée type KitKat",kit kat; the hershey company,kit kat,kitkat,True,kit kat,Nestlé,top_company_portfolio_matrix_off_brands,high,known portfolio brand appears in OFF brands field
3449420000073,Galak speculoos,nestlé,nestle,snacks,FRANCE,en:france,"Snacks, Snacks sucrés, Cacao et dérivés, Chocolats, Chocolats blancs, Chocolats blancs au speculoos",nestle,nestle,nestle,False,,,no_change,,no more-specific Top 9 portfolio brand detected
3544168523966,Chocolat blanc,nestlé,nestle,snacks,FRANCE,en:france,"Snacks, Snacks sucrés, Cacao et dérivés, Chocolats, Chocolats blancs",nestle,nestle,nestle,False,,,no_change,,no more-specific Top 9 portfolio brand detected
3576750032044,Crunch Snack,nestlé,nestle,snacks,FRANCE,en:france,"Snacks, Snacks sucrés, Cacao et dérivés, Confiseries, Barres, Confiseries chocolatées, Barres chocolatées",nestle,nestle,nestle,False,,,no_change,,no more-specific Top 9 portfolio brand detected
36561285,Cookies aux pépites de chocolat,nestlé dessert,nestle,snacks,FRANCE,en:france,"Snacks, Snacks sucrés, Biscuits et gâteaux, Biscuits, Biscuits au chocolat, Cookies, Cookies au chocolat",nestle dessert,nestle,dessert,True,nestle dessert,,top_company_portfolio_matrix_off_brands,high,current primary brand is parent/company token; another OFF brand token needs brand-level review
3760283650282,Brownie au chocolat,nestlé,nestle,snacks,FRANCE,en:france,"Snacks, Snacks sucrés, Biscuits et gâteaux, Gâteaux, Gâteaux au chocolat, Brownies",nestle,nestle,nestle,False,,,no_change,,no more-specific Top 9 portfolio brand detected
3800020401217,Barres au chocolat blanc,"nestlé, kitkat",nestle,snacks,FRANCE,en:france,"Snacks, Snacks sucrés, Cacao et dérivés, Confiseries, Confiseries chocolatées",nestle; kitkat,nestle,kitkat,True,kitkat,Nestlé,top_company_portfolio_matrix_off_brands,high,current primary brand is parent/company token; portfolio brand appears in OFF brands field
3800020401255,"KITKAT Blanc, 4 barres enrobage blanc, 8x41,5g","nestlé, kitkat",nestle,snacks,FRANCE,en:france,"Snacks, Snacks sucrés, Cacao et dérivés, Confiseries, Confiseries chocolatées",nestle; kitkat,nestle,kitkat,True,kitkat,Nestlé,top_company_portfolio_matrix_off_brands,high,current primary brand is parent/company token; portfolio brand appears in OFF brands field
3800020401279,KitKat Chunky Funky,"kitkat, nestlé",kitkat,snacks,FRANCE,en:france,"Snacks, Sweet snacks, Cocoa and its products, Confectioneries, Chocolate candies, Bars, Candy chocolate bars, en:chocolate-biscuity-bars",kitkat; nestle,kitkat,kitkat,False,,,no_change,,no more-specific Top 9 portfolio brand detected
3800020401286,KitKat CHUNKY Funky,"kitkat, nestlé",kitkat,snacks,FRANCE|DACH,en:france|en:germany,"Snacks, Sweet snacks, Cocoa and its products, Confectioneries, Chocolate candies, Bars, Candy chocolate bars, en:chocolate-biscuity-bars",kitkat; nestle,kitkat,kitkat,False,,,no_change,,no more-specific Top 9 portfolio brand detected
3800020401378,LION Ball 100g,"nestlé, lion",nestle,snacks,FRANCE,en:france,"Snacks, Snacks sucrés, Cacao et dérivés, Confiseries, Confiseries chocolatées",nestle; lion,nestle,lion,True,lion,Nestlé,top_company_portfolio_matrix_off_brands,high,current primary brand is parent/company token; portfolio brand appears in OFF brands field
3800020401699,KITKAT Tablette Saveur Cookie Dough 99g,"nestlé, kit kat",nestle,snacks,FRANCE,en:france,"Snacks, Snacks sucrés, Cacao et dérivés, Confiseries, Confiseries chocolatées",nestle; kit kat,nestle,kitkat,True,kit kat,Nestlé,top_company_portfolio_matrix_off_brands,high,current primary brand is parent/company token; portfolio brand appears in OFF brands field
3800020401798,Kit Kat,nestlé,nestle,snacks,FRANCE|SOUTHERN_EUROPE,en:france|en:spain,"Snacks,Snacks sucrés,Cacao et dérivés,Confiseries,Confiseries chocolatées,Barres,Barres chocolatées,Barres chocolatées biscuitées,Barre chocolatée biscuitée type KitKat",nestle,nestle,nestle,False,,,no_change,,no more-specific Top 9 portfolio brand detected
3800020403075,KITKAT Tablette chocolat au lait 99g,"nestlé, kit kat, kitkat",nestle,snacks,FRANCE,en:france,"Tablette de chocolat au lait, Confiseries, Confiseries chocolatées",nestle; kit kat; kitkat,nestle,kitkat,True,kitkat,Nestlé,top_company_portfolio_matrix_off_brands,high,current primary brand is parent/company token; portfolio brand appears in OFF brands field
3800020403433,KitKat Chunky Lotus Biscoff,"nestlé, biscoff, kitkat",nestle,snacks,FRANCE,en:france,"Snacks,Snacks sucrés,Cacao et dérivés,Confiseries,Barres,Biscuits et gâteaux,Confiseries chocolatées,Biscuits,Chocolats,en:bars-covered-with-chocolate,Chocolats au speculoos,Barres chocolatées biscuitées au caramel,Barres chocolatées biscuitées,Barre chocolatée biscuitée type KitKat",nestle; biscoff; kitkat,nestle,kitkat,True,kitkat,Nestlé,top_company_portfolio_matrix_off_brands,high,current primary brand is parent/company token; portfolio brand appears in OFF brands field
3800020403471,SMARTIES Chocolat blanc Sachet 250g,"nestlé, smarties",nestle,snacks,FRANCE,en:france,"Snacks, Sweet snacks, Cocoa and its products, Confectioneries, Chocolate candies, Bonbons, Candies, fr:bonbons-drageifies",nestle; smarties,nestle,smarties,True,smarties,Nestlé,top_company_portfolio_matrix_off_brands,high,current primary brand is parent/company token; portfolio brand appears in OFF brands field
3800020403594,KitKat Pops,"nestlé, kit kat pops, kitkat",nestle,snacks,FRANCE,en:france,"Snacks, Snacks sucrés, Cacao et dérivés, Confiseries, Surgelés, Confiseries chocolatées",nestle; kit kat pops; kitkat,nestle,kitkat,True,kitkat,Nestlé,top_company_portfolio_matrix_off_brands,high,current primary brand is parent/company token; portfolio brand appears in OFF brands field
3800020403631,,nestle,nestle,snacks,FRANCE|DACH,en:bulgaria|en:france|en:germany|en:morocco|en:switzerland,"Imbiss, Süßer Snack, Kekse und Kuchen, en:Biscuits and crackers, Kakao und Kakaoprodukte, Süßwaren, Kekse, Schokoladenkonfekt, Riegel, Schokoriegel, Schokoladenbiscuits",nestle,nestle,nestle,False,,,no_change,,no more-specific Top 9 portfolio brand detected
3800020403723,KitKat CHUNKY,nestlé,nestle,snacks,FRANCE,en:france,"Snacks, Sweet snacks, Cocoa and its products, Confectioneries, Bars, Chocolate candies, Bars-covered-with-chocolate, en:chocolate-biscuity-bars",nestle,nestle,kitkat,True,kitkat,Nestlé,top_company_portfolio_matrix_product_name,medium,current primary brand is parent/company token; portfolio brand appears in product name
3800020410110,Kit Kat Chunky,nestlé,nestle,snacks,FRANCE,en:france,"Snacks, Snacks sucrés, Cacao et dérivés, Confiseries, Barres, Confiseries chocolatées, Barres chocolatées, Barres chocolatées biscuitées, Barre chocolatée biscuitée type KitKat",nestle,nestle,nestle,False,,,no_change,,no more-specific Top 9 portfolio brand detected
3800020410905,KITKAT Mini Break Peanut Butter,"nestlé, kit kat mini break",nestle,snacks,FRANCE,en:france,"Snacks,Snacks sucrés,Cacao et dérivés,Confiseries,Barres,Confiseries chocolatées,Bonbons de chocolat,en:bars-covered-with-chocolate,Barre chocolatée biscuitée type KitKat",nestle; kit kat mini break,nestle,kit kat mini break,True,kit kat mini break,,top_company_portfolio_matrix_off_brands,high,current primary brand is parent/company token; another OFF brand token needs brand-level review
3800020410929,Kit Kat Chucky New York Cheesecake,nestlé,nestle,snacks,FRANCE,en:france,"Snacks, Snacks sucrés, Cacao et dérivés, Confiseries, Barres, Confiseries chocolatées, Barres chocolatées, Barres chocolatées biscuitées",nestle,nestle,nestle,False,,,no_change,,no more-specific Top 9 portfolio brand detected
3800020410998,Kit Kat Chunky Mix,nestlé,nestle,snacks,FRANCE,en:france,"Snacks,Snacks sucrés,Cacao et dérivés,Confiseries,Barres,Biscuits et gâteaux,Confiseries chocolatées,Biscuits,Biscuits au chocolat,en:bars-covered-with-chocolate,Barres chocolatées biscuitées,Barre chocolatée biscuitée type KitKat",nestle,nestle,nestle,False,,,no_change,,no more-specific Top 9 portfolio brand detected
3800020411162,Chunky Peanut Butter,"nestlé, kitkat - nestle",nestle,snacks,FRANCE|DACH|SOUTHERN_EUROPE,en:france|en:germany|en:spain,"Przekąski, Słodkie przekąski, Kakao i produkty na bazie kakao, Cukiernie, Cukierki czekoladowe, Batoniki, en:Candy chocolate bars, en:Chocolate biscuity bars, fr:Barre chocolatée biscuitée type KitKat",nestle; kitkat nestle,nestle,kitkat nestle,True,kitkat nestle,,top_company_portfolio_matrix_off_brands,high,current primary brand is parent/company token; another OFF brand token needs brand-level review
3800020411513,Kit Kat Chunky Hazelnut,nestlé,nestle,snacks,FRANCE,en:france,"Snacks,Snacks sucrés,Cacao et dérivés,Confiseries,Barres,Confiseries chocolatées,en:bars-covered-with-chocolate,Barres chocolatées biscuitées,Barre chocolatée biscuitée type KitKat",nestle,nestle,nestle,False,,,no_change,,no more-specific Top 9 portfolio brand detected
3800020412169,kit kat chunky,nestlé,nestle,snacks,FRANCE,en:france,"Snacks,Snacks sucrés,Cacao et dérivés,Confiseries,Barres,Confiseries chocolatées,en:bars-covered-with-chocolate,Barres chocolatées biscuitées,barre chocolatee biscuitee type kitkat",nestle,nestle,nestle,False,,,no_change,,no more-specific Top 9 portfolio brand detected
3800020415009,KitKat Chunky Peanut Butter,nestlé,nestle,snacks,FRANCE,en:france,Barre chocolatée biscuitée type KitKat,nestle,nestle,kitkat,True,kitkat,Nestlé,top_company_portfolio_matrix_product_name,medium,current primary brand is parent/company token; portfolio brand appears in product name
3800020415436,"KITKAT Singles Barre au chocolat au Lait, 10 x 15,2g","nestlé, kit kat singles",nestle,snacks,FRANCE|DACH,en:france|en:switzerland,"Snacks, Snacks sucrés, Cacao et dérivés, Confiseries, Barres, Confiseries chocolatées, Barres chocolatées, Barres chocolatées biscuitées",nestle; kit kat singles,nestle,kit kat singles,True,kit kat singles,,top_company_portfolio_matrix_off_brands,high,current primary brand is parent/company token; another OFF brand token needs brand-level review
3800020418338,"KITKAT Chunky Duo Barre au chocolat au lait, 64g, unitaire","nestlé, kit kat chunky, kitkat",nestle,snacks,FRANCE,en:france,"Snacks, Snacks sucrés, Cacao et dérivés, Confiseries, Barres, Confiseries chocolatées, Barres chocolatées, Barres chocolatées biscuitées, Barre chocolatée biscuitée type KitKat",nestle; kit kat chunky; kitkat,nestle,kitkat,True,kitkat,Nestlé,top_company_portfolio_matrix_off_brands,high,current primary brand is parent/company token; portfolio brand appears in OFF brands field
3800020418444,KITKAT Senses Choco Noisette,"nestlé, kit kat senses",nestle,snacks,FRANCE,en:france,"Snacks, Snacks sucrés, Cacao et dérivés, Confiseries, Barres, Confiseries chocolatées, Barres chocolatées",nestle; kit kat senses,nestle,kit kat senses,True,kit kat senses,,top_company_portfolio_matrix_off_brands,high,current primary brand is parent/company token; another OFF brand token needs brand-level review
3800020418451,KitKat senses,"nestlé, kitkat",nestle,snacks,BENELUX|FRANCE,en:belgium|en:france,"Snacks, Snacks sucrés, Cacao et dérivés, Confiseries, Barres, Confiseries chocolatées, Barres chocolatées",nestle; kitkat,nestle,kitkat,True,kitkat,Nestlé,top_company_portfolio_matrix_off_brands,high,current primary brand is parent/company token; portfolio brand appears in OFF brands field
3800020418604,KITKAT Chunky Peanut Butter Wrapper 42g,nestlé,nestle,snacks,FRANCE|SOUTHERN_EUROPE,en:france|en:spain,"Botanas, Snacks dulces, Cacao y sus productos, Dulces, Barritas, Dulces de chocolate, Barritas de chocolate, en:Chocolate biscuity bars",nestle,nestle,kitkat,True,kitkat,Nestlé,top_company_portfolio_matrix_product_name,medium,current primary brand is parent/company token; portfolio brand appears in product name
3800020418673,Kit Kat Senses,nestlé,nestle,snacks,FRANCE|DACH|SOUTHERN_EUROPE,en:france|en:germany|en:spain,"Imbiss, Süßer Snack, Kakao und Kakaoprodukte, Süßwaren, Schokoladenkonfekt, Riegel, Schokoriegel",nestle,nestle,nestle,False,,,no_change,,no more-specific Top 9 portfolio brand detected
3800020418697,Kit Kat chunky duo,nestlé,nestle,snacks,FRANCE|UK_IE,en:france|en:united-kingdom,"Snacks,Snacks sucrés,Biscuits et gâteaux,Barre chocolatée biscuitée type KitKat",nestle,nestle,nestle,False,,,no_change,,no more-specific Top 9 portfolio brand detected
3800020418819,KITKAT CHUNKY Peanut Butter 168g,"nestlé, kit kat chunky, kitkat",nestle,snacks,DACH|FRANCE|SOUTHERN_EUROPE,en:austria|en:france|en:germany|en:spain,"Snacks,Snacks sucrés,Biscuits et gâteaux,Biscuits sucrés & biscuits apéritifs,Cacao et dérivés,Confiseries,Biscuits,Confiseries chocolatées,Barres,Gaufrettes,Barres chocolatées,Barres chocolatées biscuitées,Barre chocolatée biscuitée type KitKat",nestle; kit kat chunky; kitkat,nestle,kitkat,True,kitkat,Nestlé,top_company_portfolio_matrix_off_brands,high,current primary brand is parent/company token; portfolio brand appears in OFF brands field
3800020418949,,"nestlé, kit kat",nestle,snacks,FRANCE,en:france,"Snacks,Snacks sucrés,Cacao et dérivés,Confiseries,Barres,Confiseries chocolatées,en:bars-covered-with-chocolate,Barre chocolatée biscuitée type KitKat",nestle; kit kat,nestle,kitkat,True,kit kat,Nestlé,top_company_portfolio_matrix_off_brands,high,current primary brand is parent/company token; portfolio brand appears in OFF brands field
3800020420003,KitKat chunky,nestlé,nestle,snacks,DACH|NORDICS|FRANCE|BENELUX|SOUTHERN_EUROPE,en:austria|en:denmark|en:france|en:germany|en:netherlands|en:spain|en:switzerland,"Snacks, Snacks sucrés, Biscuits et gâteaux, Biscuits sucrés & biscuits apéritifs, Cacao et dérivés, Confiseries, Biscuits, Confiseries chocolatées, Barres, Gaufrettes, Barres chocolatées, Barres chocolatées biscuitées",nestle,nestle,kitkat,True,kitkat,Nestlé,top_company_portfolio_matrix_product_name,medium,current primary brand is parent/company token; portfolio brand appears in product name
3800020423349,KitKat Chunky with milk,nestlé,nestle,snacks,FRANCE,en:france|en:slovakia,"Snacks,Sweet snacks,Cocoa and its products,Confectioneries,Bars,Chocolate candies,Bars-covered-with-chocolate,Chocolate biscuity bars",nestle,nestle,kitkat,True,kitkat,Nestlé,top_company_portfolio_matrix_product_name,medium,current primary brand is parent/company token; portfolio brand appears in product name
3800020423905,Nestlé Kit Kat Bites 104G Suklaakuorrutteinen Vohvelipatukka,nestlé,nestle,snacks,FRANCE,en:france,"Snacks,Snacks sucrés,Cacao et dérivés,Confiseries,Barres,Confiseries chocolatées,en:bars-covered-with-chocolate,Barres chocolatées biscuitées,Barre chocolatée biscuitée type KitKat",nestle,nestle,nestle,False,,,no_change,,no more-specific Top 9 portfolio brand detected
3800020423998,"KITKAT Mini Break Barres au chocolat au Lait, 104g","nestlé, kit kat mini break, kitkat",nestle,snacks,FRANCE,en:france,Barre chocolatée biscuitée type KitKat,nestle; kit kat mini break; kitkat,nestle,kitkat,True,kitkat,Nestlé,top_company_portfolio_matrix_off_brands,high,current primary brand is parent/company token; portfolio brand appears in OFF brands field
3800020429563,Kitkat singles,nestlé,nestle,snacks,FRANCE,en:france,"Snacks, Sweet snacks, Cocoa and its products, Confectioneries, Bars, Chocolate candies, Bars-covered-with-chocolate, en:chocolate-biscuity-bars",nestle,nestle,kitkat,True,kitkat,Nestlé,top_company_portfolio_matrix_product_name,medium,current primary brand is parent/company token; portfolio brand appears in product name
3800020430781,Kit Kat Chunky Double Caramel,nestlé,nestle,snacks,FRANCE,en:france,"Snacks, Snacks sucrés, Cacao et dérivés, Confiseries, Barres, Confiseries chocolatées, Barres chocolatées, Barres chocolatées biscuitées",nestle,nestle,nestle,False,,,no_change,,no more-specific Top 9 portfolio brand detected
3800020432099,Kitkat Bites Milk Chocolate Bag,nestlé,nestle,snacks,FRANCE,en:france,"Snacks, Snacks sucrés, Cacao et dérivés, Confiseries, Barres, Confiseries chocolatées, Barres chocolatées",nestle,nestle,kitkat,True,kitkat,Nestlé,top_company_portfolio_matrix_product_name,medium,current primary brand is parent/company token; portfolio brand appears in product name
3800020432259,CHUNKY,nestle kitkat,nestle,snacks,DACH|FRANCE|BENELUX|SOUTHERN_EUROPE,en:austria|en:france|en:germany|en:netherlands|en:spain|en:switzerland,"Imbiss,Süßer Snack,Kakao und Kakaoprodukte,Süßwaren,Riegel,Schokoriegel,fr:Barre chocolatée biscuitée type KitKat,Waffeln mit Schokoladenüberzug",nestle kitkat,nestle,kitkat,True,nestle kitkat,,top_company_portfolio_matrix_off_brands,high,current primary brand is parent/company token; another OFF brand token needs brand-level review
3800020433034,Kit Kat Mini Mix,nestlé,nestle,snacks,FRANCE,en:france,"Snacks, Snacks sucrés, Cacao et dérivés, Confiseries, Barres, Confiseries chocolatées, Barres chocolatées, Barres chocolatées biscuitées",nestle,nestle,nestle,False,,,no_change,,no more-specific Top 9 portfolio brand detected
3800020434345,Kitkat Pop Choc,nestlé,nestle,snacks,FRANCE,en:france,"Snacks, Snacks sucrés, Cacao et dérivés, Confiseries, Barres, Confiseries chocolatées, Barres chocolatées, Gaufrettes enrobées",nestle,nestle,kitkat,True,kitkat,Nestlé,top_company_portfolio_matrix_product_name,medium,current primary brand is parent/company token; portfolio brand appears in product name
3800020444580,LION POPS - Sachet billes 140g,"nestlé, lion, lion pop choc",nestle,snacks,BENELUX|FRANCE,en:belgium|en:france,"Snacks, Snacks sucrés, Cacao et dérivés, Confiseries, Barres, Confiseries chocolatées, Bonbons de chocolat",nestle; lion; lion pop choc,nestle,lion,True,lion,Nestlé,top_company_portfolio_matrix_off_brands,high,current primary brand is parent/company token; portfolio brand appears in OFF brands field
3800020453544,KIITKAT CHUNKY BLACK&WHITE (4x42g),"nestlé, kitkat",nestle,snacks,FRANCE|DACH,en:france|en:germany,"Snacks, Snacks sucrés, Cacao et dérivés, Confiseries, Confiseries chocolatées, Barres, Barres chocolatées",nestle; kitkat,nestle,kitkat,True,kitkat,Nestlé,top_company_portfolio_matrix_off_brands,high,current primary brand is parent/company token; portfolio brand appears in OFF brands field
3800020456224,KITKAT Chunky Barre au chocolat au Lait 40g,"nestlé, kit kat chunky, kitkat",nestle,snacks,FRANCE,en:france,"Snacks, Sweet snacks, Cocoa and its products, Confectioneries, Chocolate candies, Bars, Candy chocolate bars, Barres, Barres chocolatées biscuitées, Cacao et dérivés, Confiseries, Confiseries chocolatées, Snacks sucrés, Barre chocolatee biscuitee type kitkat, en:chocolate-biscuity-bars",nestle; kit kat chunky; kitkat,nestle,kitkat,True,kitkat,Nestlé,top_company_portfolio_matrix_off_brands,high,current primary brand is parent/company token; portfolio brand appears in OFF brands field
3800020456262,KitKat Chunky,"nestlé, kitkat",nestle,snacks,BENELUX|FRANCE,en:belgium|en:france,"Snacks, Snacks sucrés, Cacao et dérivés, Confiseries, Barres, Confiseries chocolatées, Barres chocolatées, Barres chocolatées biscuitées, Barre chocolatée biscuitée type KitKat",nestle; kitkat,nestle,kitkat,True,kitkat,Nestlé,top_company_portfolio_matrix_off_brands,high,current primary brand is parent/company token; portfolio brand appears in OFF brands field
3800020456293,Kit kat chunky,nestlé,nestle,snacks,FRANCE|SOUTHERN_EUROPE,en:bulgaria|en:france|en:singapore|en:spain,"Закуски, Сладки закуски, Какаови изделия, en:Confectioneries, Барчета, Шоколадови бонбони, Шоколадови барове, en:Chocolate biscuity bars",nestle,nestle,nestle,False,,,no_change,,no more-specific Top 9 portfolio brand detected
3800020472125,"KITKAT Mini Mix 240,9g","nestlé, kitkat",nestle,snacks,FRANCE,en:france,"Snacks,Snacks sucrés,Cacao et dérivés,Confiseries,Confiseries chocolatées,Barres,Bonbons de chocolat,Chocolats,Barres chocolatées,Barres chocolatées biscuitées,Barre chocolatée biscuitée type KitKat",nestle; kitkat,nestle,kitkat,True,kitkat,Nestlé,top_company_portfolio_matrix_off_brands,high,current primary brand is parent/company token; portfolio brand appears in OFF brands field
3800020472491,Smarties mini eggs,"smarties, nestlé",smarties,snacks,FRANCE,en:france,"Snacks,Sweet snacks,Cocoa and its products,Confectioneries,Festive foods,Chocolate candies,Bonbons,Easter food,Chocolate eggs,Easter eggs",smarties; nestle,smarties,smarties,False,,,no_change,,no more-specific Top 9 portfolio brand detected
3800020483961,KITKAT POPS Peanut* 200g. *Cacahuète,nestlé,nestle,snacks,FRANCE,en:france,"Snacks, Snacks sucrés, Cacao et dérivés, Confiseries, Confiseries chocolatées, Bonbons de chocolat",nestle,nestle,kitkat,True,kitkat,Nestlé,top_company_portfolio_matrix_product_name,medium,current primary brand is parent/company token; portfolio brand appears in product name
3800020483992,Gaufrette chocolat noisettes et éclats de cacao,"nestlé,kit kat pops,kitkat",nestle,snacks,FRANCE,en:bulgaria|en:france,bonbons,nestle; kit kat pops; kitkat,nestle,kitkat,True,kitkat,Nestlé,top_company_portfolio_matrix_off_brands,high,current primary brand is parent/company token; portfolio brand appears in OFF brands field
3800020486443,Мура лешник,nestlé,nestle,snacks,FRANCE,en:bulgaria|en:france,"Закуски, Сладки закуски, Какаови изделия, Бисквити и сладкиши, Бисквити, Шоколади, Вафли",nestle,nestle,nestle,False,,,no_change,,no more-specific Top 9 portfolio brand detected
3800020491409,KITKAT Tablette noisette 99g,kitkat nestle,kitkat,snacks,FRANCE,en:france,"Chocolats, Confiseries, Confiseries chocolatées",kitkat nestle,kitkat,kitkat,False,,,no_change,,no more-specific Top 9 portfolio brand detected
3800020491416,Tablette double chocolat,"kit kat,nestlé,nestlé kitkat",kit kat,snacks,FRANCE|DACH,en:france|en:germany,"Snacks,Snacks sucrés,Cacao et dérivés,Confiseries,Confiseries chocolatées,Chocolats,Chocolats au lait",kit kat; nestle; nestle kitkat,kit kat,kitkat,True,kit kat,Nestlé,top_company_portfolio_matrix_off_brands,high,known portfolio brand appears in OFF brands field
3800020492383,Kitkat pops noisettes & éclats de cacao,"nestlé, kit kat pops",nestle,snacks,FRANCE,en:france,"Snacks, Sweet snacks, Cocoa and its products, Confectioneries, Bars, Chocolate candies, Bars-covered-with-chocolate, Chocolate biscuity bars, fr:Barre chocolatée biscuitée type KitKat, en:bonbons",nestle; kit kat pops,nestle,kit kat pops,True,kit kat pops,,top_company_portfolio_matrix_off_brands,high,current primary brand is parent/company token; another OFF brand token needs brand-level review
3800020492468,KITKAT POPS Peanut* 110g. *Cacahuète,"nestlé, kit kat pops",nestle,snacks,FRANCE,en:france,"Snacks, Snacks sucrés, Cacao et dérivés, Confiseries, Barres, Confiseries chocolatées, Barres chocolatées, Barres chocolatées biscuitées, Barre chocolatée biscuitée type KitKat",nestle; kit kat pops,nestle,kit kat pops,True,kit kat pops,,top_company_portfolio_matrix_off_brands,high,current primary brand is parent/company token; another OFF brand token needs brand-level review
3800020492802,KITKAT Chunky crunchy double choc (4x42g),"nestlé, kit kat chunky",nestle,snacks,FRANCE,en:france,"Snacks, Sweet snacks, Cocoa and its products, Confectioneries, Chocolate candies, Chocolates, Milk chocolates, en:chocolate-biscuity-bars",nestle; kit kat chunky,nestle,kit kat chunky,True,kit kat chunky,,top_company_portfolio_matrix_off_brands,high,current primary brand is parent/company token; another OFF brand token needs brand-level review
3800020492871,KITKAT CHUNKY Barre au chocolat au Lait 9x40g,"nestlé, kitkat",nestle,snacks,FRANCE,en:france,"Snacks, Snacks sucrés, Cacao et dérivés, Confiseries, Confiseries chocolatées",nestle; kitkat,nestle,kitkat,True,kitkat,Nestlé,top_company_portfolio_matrix_off_brands,high,current primary brand is parent/company token; portfolio brand appears in OFF brands field
40052397,"KITKAT 4 Fingers Barre au Chocolat au Lait 41,5g, unitaire",nestlé,nestle,snacks,FRANCE|SOUTHERN_EUROPE,en:france|en:mexico|en:reunion|en:spain,"Snacks, Snacks sucrés, Cacao et dérivés, Confiseries, Barres, Confiseries chocolatées, Barres chocolatées, Barres chocolatées biscuitées, Barre chocolatée biscuitée type KitKat",nestle,nestle,kitkat,True,kitkat,Nestlé,top_company_portfolio_matrix_product_name,medium,current primary brand is parent/company token; portfolio brand appears in product name
40052410,KitKat,nestlé,nestle,snacks,FRANCE|SOUTHERN_EUROPE,en:france|en:italy,"snack, snack-dolci, cacao-e-i-suoi-derivati, dolci, barrette, biscotti-e-torte, confetti-al-cioccolato, biscotti, barrette-di-cioccolato, barrette-biscottate-al-cioccolato, fr:barres, en:barres-chocolatées, en:barres-chocolatées-biscuitées, fr:confiseries, en:confiseries-chocolatées, en:snacks-sucrés",nestle,nestle,kitkat,True,kitkat,Nestlé,top_company_portfolio_matrix_product_name,medium,current primary brand is parent/company token; portfolio brand appears in product name
40052465,Kit Kat,nestlé,nestle,snacks,FRANCE,en:france,"en:Snacks, en:Sweet snacks, en:Cocoa and its products, en:Confectioneries, en:Bars, en:Chocolate candies, en:Bars covered with chocolate, en:Chocolate biscuity bars, fr:Barre chocolatée biscuitée type KitKat",nestle,nestle,nestle,False,,,no_change,,no more-specific Top 9 portfolio brand detected
40052496,"KITKAT 4 Finger Barre au chocolat au Lait, 41,5g en lot de 3","nestlé, kit kat, kitkat",nestle,snacks,FRANCE,en:france,"Snacks, Snacks sucrés, Cacao et dérivés, Confiseries, Barres, Confiseries chocolatées, Barres chocolatées, Barres chocolatées biscuitées, Barre chocolatée biscuitée type KitKat",nestle; kit kat; kitkat,nestle,kitkat,True,kitkat,Nestlé,top_company_portfolio_matrix_off_brands,high,current primary brand is parent/company token; portfolio brand appears in OFF brands field
40052526,,"kitkat,nestlé",kitkat,snacks,FRANCE|DACH|SOUTHERN_EUROPE,en:france|en:germany|en:portugal|en:spain|en:switzerland,"Lanches comida,Lanches doces,Cacau e derivados,Confeitaria,Bombons de chocolate,Barras,Bombons,Barras de chocolate,en:Chocolate biscuity bars,en:Chocolate confectioneries filled with wafer",kitkat; nestle,kitkat,kitkat,False,,,no_change,,no more-specific Top 9 portfolio brand detected
4005500003816,SMARTIES Mini bonbons chocolatés Sachet,"nestlé, smarties mini",nestle,snacks,FRANCE,en:france,"Snacks, Snacks sucrés, Cacao et dérivés, Confiseries, Confiseries chocolatées, Bonbons de chocolat, Bonbons, Bonbons dragéifiés, Bonbons chocolates",nestle; smarties mini,nestle,smarties mini,True,smarties mini,,top_company_portfolio_matrix_off_brands,high,current primary brand is parent/company token; another OFF brand token needs brand-level review
4005500024361,Nestle Smarties Minis,nestlé,nestle,snacks,FRANCE,en:france,"Snacks, Snacks sucrés, Cacao et dérivés, Confiseries, Confiseries chocolatées, Bonbons de chocolat, Bonbons dragéifiés",nestle,nestle,smarties,True,smarties,Nestlé,top_company_portfolio_matrix_product_name,medium,current primary brand is parent/company token; portfolio brand appears in product name
4005500034636,Smarties Mini,nestlé,nestle,snacks,BENELUX|FRANCE,en:belgium|en:france,"Snacks, Sweet snacks, Cocoa and its products, Confectioneries, Chocolate candies, Bonbons, fr:bonbons-drageifies",nestle,nestle,smarties,True,smarties,Nestlé,top_company_portfolio_matrix_product_name,medium,current primary brand is parent/company token; portfolio brand appears in product name
4005500518716,"Bonbons de chocolat au lait SMARTIES mini Carton de 11,5kg","nestlé, smarties",nestle,snacks,FRANCE,en:france,"Snacks, Snacks sucrés, Cacao et dérivés, Confiseries, Confiseries chocolatées",nestle; smarties,nestle,smarties,True,smarties,Nestlé,top_company_portfolio_matrix_off_brands,high,current primary brand is parent/company token; portfolio brand appears in OFF brands field
4005500534600,,nestlé,nestle,snacks,FRANCE,en:france|en:greece,"snacks, sweet-snacks, cocoa-and-its-products, chocolates, white-chocolates, es:botanas, σοκολάτα",nestle,nestle,nestle,False,,,no_change,,no more-specific Top 9 portfolio brand detected
4005500567929,KitKat,"nestlé, kitkat",nestle,snacks,FRANCE,en:france,"Snacks, Snacks sucrés, Cacao et dérivés, Confiseries, Barres, Confiseries chocolatées, Barres chocolatées",nestle; kitkat,nestle,kitkat,True,kitkat,Nestlé,top_company_portfolio_matrix_off_brands,high,current primary brand is parent/company token; portfolio brand appears in OFF brands field
4005500569503,"KITKAT Mini Barre au chocolat au Lait, 350g","nestlé, kit kat mini, kitkat",nestle,snacks,FRANCE,en:france,"Snacks,Snacks sucrés,Cacao et dérivés,Confiseries,Barres,Confiseries chocolatées,en:bars-covered-with-chocolate,Barres chocolatées biscuitées,Barre chocolatée biscuitée type KitKat",nestle; kit kat mini; kitkat,nestle,kitkat,True,kitkat,Nestlé,top_company_portfolio_matrix_off_brands,high,current primary brand is parent/company token; portfolio brand appears in OFF brands field
40055626,Kit Kat - Gaufrette croustillante,nestlé,nestle,snacks,FRANCE,en:france,"Snacks, Snacks sucrés, Cacao et dérivés, Confiseries, Barres, Confiseries chocolatées, Barres chocolatées, Barres chocolatées biscuitées",nestle,nestle,nestle,False,,,no_change,,no more-specific Top 9 portfolio brand detected
40056470,SMARTIES,"nestlé, smarties",nestle,snacks,BENELUX|FRANCE|DACH,en:belgium|en:france|en:switzerland,"Snacks, Snacks sucrés, Cacao et dérivés, Confiseries, Confiseries chocolatées, Bonbons de chocolat, Bonbons, Bonbons dragéifiés",nestle; smarties,nestle,smarties,True,smarties,Nestlé,top_company_portfolio_matrix_off_brands,high,current primary brand is parent/company token; portfolio brand appears in OFF brands field
40057583,Lapin Kit Kat,"nestlé, kit kat",nestle,snacks,FRANCE|DACH,en:france|en:germany,"Snacks, Snacks sucrés, Cacao et dérivés, Aliments festifs, Chocolats, Moulages en chocolat, Chocolats au lait, Aliments de Pâques, Lapins en chocolat",nestle; kit kat,nestle,kitkat,True,kit kat,Nestlé,top_company_portfolio_matrix_off_brands,high,current primary brand is parent/company token; portfolio brand appears in OFF brands field
40057781,Smarties,nestlé,nestle,snacks,FRANCE,en:france,"Snacks, Snacks sucrés, Cacao et dérivés, Confiseries, Confiseries chocolatées, Bonbons de chocolat, Bonbons dragéifiés",nestle,nestle,smarties,True,smarties,Nestlé,top_company_portfolio_matrix_product_name,medium,current primary brand is parent/company token; portfolio brand appears in product name
4009233014910,Piccolinis Thunfisch,"nestlé,original wagner",nestle,snacks,DACH|BENELUX|FRANCE,en:austria|en:belgium|en:france|en:germany|en:netherlands,"Snacks,Frozen foods,Salty snacks,Appetizers,Pizzas pies and quiches,Frozen pizzas and pies,Mini appetizer pizzas",nestle; original wagner,nestle,original wagner,True,original wagner,,top_company_portfolio_matrix_off_brands,high,current primary brand is parent/company token; another OFF brand token needs brand-level review
4029679365025,PowerBar Ride Energy + Magnesium,"nestle, powerbar",nestle,snacks,FRANCE,en:france,"en:snacks, en:sweet-snacks, en:bars, en:dietary-supplements, fr:barres-energisantes",nestle; powerbar,nestle,powerbar,True,powerbar,,top_company_portfolio_matrix_off_brands,high,current primary brand is parent/company token; another OFF brand token needs brand-level review
40345116,KitKat,"nestlé, kit kat, kitkat",nestle,snacks,FRANCE|DACH|SOUTHERN_EUROPE,en:france|en:germany|en:spain|en:switzerland,"Imbiss, Süßer Snack, Kakao und Kakaoprodukte, Süßwaren, Schokoladenkonfekt, Riegel, Schokoriegel, Schokoladenbiscuits, fr:Barre chocolatée biscuitée type KitKat",nestle; kit kat; kitkat,nestle,kitkat,True,kitkat,Nestlé,top_company_portfolio_matrix_off_brands,high,current primary brand is parent/company token; portfolio brand appears in OFF brands field
40345123,Smarties,nestlé,nestle,snacks,FRANCE,en:france,"Snacks,Sweet snacks,Cocoa and its products,Confectioneries,Chocolate candies,Bonbons,fr:Bonbons dragéifiés",nestle,nestle,smarties,True,smarties,Nestlé,top_company_portfolio_matrix_product_name,medium,current primary brand is parent/company token; portfolio brand appears in product name
40345154,,nestlé,nestle,snacks,FRANCE|DACH|SOUTHERN_EUROPE,en:france|en:germany|en:spain,"Botanas,Snacks dulces,Galletas y pasteles,en:Biscuits and crackers,Cacao y sus productos,Dulces,Galletas,Dulces de chocolate,Barritas,Bombones,en:Wafers,Barritas de chocolate,en:Chocolate biscuity bars,en:Chocolate confectioneries filled with wafer",nestle,nestle,nestle,False,,,no_change,,no more-specific Top 9 portfolio brand detected
40345192,SMARTIES Hexatube 38g,nestlé,nestle,snacks,BENELUX|FRANCE|DACH|SOUTHERN_EUROPE,en:belgium|en:france|en:germany|en:italy|en:switzerland,"Snacks, Snacks sucrés, Cacao et dérivés, Confiseries, Confiseries chocolatées, Bonbons de chocolat, Bonbons dragéifiés",nestle,nestle,smarties,True,smarties,Nestlé,top_company_portfolio_matrix_product_name,medium,current primary brand is parent/company token; portfolio brand appears in product name
40345512,Smarties,nestlé,nestle,snacks,DACH|FRANCE,en:austria|en:france|en:germany|en:switzerland,"Imbiss, Süßer Snack, Süßwaren, Schokodragees, Schokolinsen",nestle,nestle,smarties,True,smarties,Nestlé,top_company_portfolio_matrix_product_name,medium,current primary brand is parent/company token; portfolio brand appears in product name
41007563,SMARTIES Lapin 85g,"nestlé, smarties",nestle,snacks,FRANCE|DACH,en:bulgaria|en:france|en:germany,"Закуски, Сладки закуски, Какаови изделия, en:Confectioneries, en:Festive foods, Шоколадови бонбони, en:Bonbons, Шоколади, en:Chocolate molds, en:Chocolate Sculptures, Великденска храна, en:Chocolate rabbits",nestle; smarties,nestle,smarties,True,smarties,Nestlé,top_company_portfolio_matrix_off_brands,high,current primary brand is parent/company token; portfolio brand appears in OFF brands field
4144939246,Galak,nestlé,nestle,snacks,FRANCE,en:france,en:white-chocolates,nestle,nestle,nestle,False,,,no_change,,no more-specific Top 9 portfolio brand detected
42353713,Kit kat ruby cocoa beans,"nestlé, kit kat",nestle,snacks,FRANCE,en:france,"Snacks,Snacks sucrés,Cacao et dérivés,Confiseries,Barres,Confiseries chocolatées,Barre chocolatée biscuitée type KitKat",nestle; kit kat,nestle,kitkat,True,kit kat,Nestlé,top_company_portfolio_matrix_off_brands,high,current primary brand is parent/company token; portfolio brand appears in OFF brands field
42353737,Kit Kat ruby cocoa beans,nestlé,nestle,snacks,FRANCE,en:france,"Snacks,Snacks sucrés,Cacao et dérivés,Confiseries,Barres,Confiseries chocolatées,en:bars-covered-with-chocolate,Barres chocolatées biscuitées,Barre chocolatée biscuitée type KitKat",nestle,nestle,nestle,False,,,no_change,,no more-specific Top 9 portfolio brand detected
42353768,"KITKAT aux fèves de cacao Ruby, 41,5g, unitaire","nestlé, kit kat",nestle,snacks,FRANCE|BENELUX,en:france|en:netherlands,"Snacks, Snacks sucrés, Cacao et dérivés, Confiseries, Barres, Confiseries chocolatées, Barres chocolatées, Barres chocolatées biscuitées, Barre chocolatée biscuitée type KitKat",nestle; kit kat,nestle,kitkat,True,kit kat,Nestlé,top_company_portfolio_matrix_off_brands,high,current primary brand is parent/company token; portfolio brand appears in OFF brands field
42353775,KitKat with ruby cocoa beans,nestlé,nestle,snacks,FRANCE|DACH,en:france|en:switzerland,"Snacks, Snacks sucrés, Cacao et dérivés, Confiseries, Barres, Confiseries chocolatées, Barres chocolatées",nestle,nestle,kitkat,True,kitkat,Nestlé,top_company_portfolio_matrix_product_name,medium,current primary brand is parent/company token; portfolio brand appears in product name
42370215,Lion 2 go,"nestlé, lion",nestle,snacks,FRANCE|DACH,en:france|en:germany,"Snacks, Snacks sucrés, Cacao et dérivés, Confiseries, Confiseries chocolatées, Barres, Barres chocolatées",nestle; lion,nestle,lion,True,lion,Nestlé,top_company_portfolio_matrix_off_brands,high,current primary brand is parent/company token; portfolio brand appears in OFF brands field
42370222,Lion 2 go,"nestlé, lion",nestle,snacks,FRANCE|NORDICS,en:france|en:norway,"Snacks, Sweet snacks, Bars, en:chocolate-candies",nestle; lion,nestle,lion,True,lion,Nestlé,top_company_portfolio_matrix_off_brands,high,current primary brand is parent/company token; portfolio brand appears in OFF brands field
42370307,SMARTIES Moulage Père Noel 85g,"smarties, nestlé",smarties,snacks,FRANCE,en:france,"Imbiss, Süßer Snack, Kakao und Kakaoprodukte, Schokoladen, Confiseries, Confiseries chocolatées",smarties; nestle,smarties,smarties,False,,,no_change,,no more-specific Top 9 portfolio brand detected
42370598,Green tea matcha,nestlé,nestle,snacks,FRANCE,en:france,candy chocolate bars,nestle,nestle,nestle,False,,,no_change,,no more-specific Top 9 portfolio brand detected
4237877,After Eight,"nestlé, after eight",nestle,snacks,FRANCE|DACH|UK_IE,en:france|en:germany|en:united-kingdom,"Snacks, Snacks sucrés, Cacao et dérivés, Chocolats, Chocolats noirs, Chocolats fourrés",nestle; after eight,nestle,after eight,True,after eight,,top_company_portfolio_matrix_off_brands,high,current primary brand is parent/company token; another OFF brand token needs brand-level review
42394792,KITKAT Moulage Père Noël 85g,"nestlé, kitkat",nestle,snacks,FRANCE|SOUTHERN_EUROPE,en:france|en:spain,"snacks, snacks-sucrés, cacao-et-dérivés, fr:chocolats, fr:moulages-en-chocolat, fr:sculptures-en-chocolat, pères-noël-en-chocolat, Confiseries, Confiseries chocolatées",nestle; kitkat,nestle,kitkat,True,kitkat,Nestlé,top_company_portfolio_matrix_off_brands,high,current primary brand is parent/company token; portfolio brand appears in OFF brands field
42395027,SMARTIES Hexatube Multipack 3x34g,"nestlé, smarties",nestle,snacks,FRANCE,en:france,"Snacks, Sweet snacks, Cocoa and its products, Confectioneries, Chocolate candies, fr:Bonbons dragéifiés, en:bonbons",nestle; smarties,nestle,smarties,True,smarties,Nestlé,top_company_portfolio_matrix_off_brands,high,current primary brand is parent/company token; portfolio brand appears in OFF brands field
42395034,SMARTIES Hexa Multipack 6x34g,"nestlé, smarties",nestle,snacks,FRANCE,en:france,"Snacks, Snacks sucrés, Cacao et dérivés, Confiseries, Confiseries chocolatées, Bonbons de chocolat, Bonbons, Bonbons dragéifiés",nestle; smarties,nestle,smarties,True,smarties,Nestlé,top_company_portfolio_matrix_off_brands,high,current primary brand is parent/company token; portfolio brand appears in OFF brands field
42395065,KITKAT Lapin 85G,"kitkat, nestlé",kitkat,snacks,FRANCE,en:france,"Snacks, Sweet snacks, Cocoa and its products, Confectioneries, Chocolate candies, fr:Festtagsessen, fr:Imbiss, fr:Kakao und Kakaoprodukte, fr:Osterschokoladen, fr:Schokoladen, fr:Schokoladenformteile, fr:Schokoladenhasen, fr:Süßer Snack, en:bonbons",kitkat; nestle,kitkat,kitkat,False,,,no_change,,no more-specific Top 9 portfolio brand detected
42420958,SMARTIES WHITE CHOCOLATE Hexatube 34g,"nestlé, smarties white chocolate",nestle,snacks,FRANCE,en:france,"Snacks, Snacks sucrés, Cacao et dérivés, Confiseries, Confiseries chocolatées",nestle; smarties white chocolate,nestle,smarties white chocolate,True,smarties white chocolate,,top_company_portfolio_matrix_off_brands,high,current primary brand is parent/company token; another OFF brand token needs brand-level review
4600680009674,KitKat saveur caramel cappuccino,nestlé,nestle,snacks,FRANCE|DACH,en:france|en:germany,"snacks, en:barre-chocolatée-biscuitée-type-kitkat, fr:barres, en:barres-chocolatées, en:barres-chocolatées-biscuitées, en:cacao-et-dérivés, fr:confiseries, en:confiseries-chocolatées, en:snacks-sucrés",nestle,nestle,kitkat,True,kitkat,Nestlé,top_company_portfolio_matrix_product_name,medium,current primary brand is parent/company token; portfolio brand appears in product name
4600680009681,Kit kat noix de coco,nestlé,nestle,snacks,FRANCE,en:france,Barre chocolatée biscuitée type KitKat,nestle,nestle,nestle,False,,,no_change,,no more-specific Top 9 portfolio brand detected
4600680013800,Kitkat dark,"nestlé, kit kat",nestle,snacks,FRANCE|DACH,en:france|en:germany|en:japan,"Snacks,Snacks sucrés,Cacao et dérivés,Confiseries,Barres,Confiseries chocolatées,Barre chocolatée biscuitée type KitKat",nestle; kit kat,nestle,kitkat,True,kit kat,Nestlé,top_company_portfolio_matrix_off_brands,high,current primary brand is parent/company token; portfolio brand appears in OFF brands field
4600680015002,Kit kat zebra dark & white,"nestlé, kit kat",nestle,snacks,FRANCE,en:france,"Snacks,Snacks sucrés,Cacao et dérivés,Confiseries,Barres,Confiseries chocolatées,en:bars-covered-with-chocolate,Barres chocolatées biscuitées,Barre chocolatée biscuitée type KitKat",nestle; kit kat,nestle,kitkat,True,kit kat,Nestlé,top_company_portfolio_matrix_off_brands,high,current primary brand is parent/company token; portfolio brand appears in OFF brands field
4606272019335,Nesquik,nestlé,nestle,snacks,FRANCE,en:france|en:serbia,Chocolate confectionery with dairy filling,nestle,nestle,nesquik,True,nesquik,Nestlé,top_company_portfolio_matrix_product_name,medium,current primary brand is parent/company token; portfolio brand appears in product name
4606272023257,BUITONI PICCOLINIS mini-pizzas surgelées 3 Formaggi 270g (9 pièces),"nestlé,buitoni",nestle,snacks,FRANCE,en:france,"Frozen foods,Pizzas pies and quiches,Frozen pizzas and pies,Mini appetizer pizzas",nestle; buitoni,nestle,buitoni,True,buitoni,Nestlé,top_company_portfolio_matrix_off_brands,high,current primary brand is parent/company token; portfolio brand appears in OFF brands field
4606272024070,nesquick,"nestlé, nesquik",nestle,snacks,FRANCE,en:france|en:russia,"Закуски, На завтрак, Сладкие закуски",nestle; nesquik,nestle,nesquik,True,nesquik,Nestlé,top_company_portfolio_matrix_off_brands,high,current primary brand is parent/company token; portfolio brand appears in OFF brands field
4722571,INCOA Les recettes de l'Atelier,nestlé,nestle,snacks,FRANCE,en:france,"Snacks, Snacks sucrés, Cacao et dérivés, Chocolats, Chocolats noirs",nestle,nestle,nestle,False,,,no_change,,no more-specific Top 9 portfolio brand detected
47453463,Smarties,nestlé,nestle,snacks,FRANCE,en:france,"Snacks, Snacks sucrés, Cacao et dérivés, Confiseries, Confiseries chocolatées, Bonbons de chocolat, Bonbons dragéifiés",nestle,nestle,smarties,True,smarties,Nestlé,top_company_portfolio_matrix_product_name,medium,current primary brand is parent/company token; portfolio brand appears in product name
4902201160476,Japanese Kit Kat Tamaruya Wasabi,"nestlé, kit kat",nestle,snacks,FRANCE,en:france|en:japan,"Snacks, Snacks sucrés, Cacao et dérivés, Confiseries, Barres, Confiseries chocolatées, Barres chocolatées, Barres chocolatées biscuitées, Barre chocolatée biscuitée type KitKat",nestle; kit kat,nestle,kitkat,True,kit kat,Nestlé,top_company_portfolio_matrix_off_brands,high,current primary brand is parent/company token; portfolio brand appears in OFF brands field
4902201160506,Kit Kat Shinshu Apple,nestlé,nestle,snacks,FRANCE,en:france,"Snacks, Snacks sucrés, Cacao et dérivés, Confiseries, Barres, Confiseries chocolatées, Barres chocolatées, Barres chocolatées biscuitées",nestle,nestle,nestle,False,,,no_change,,no more-specific Top 9 portfolio brand detected
4902201163460,Kit Kat Momiji Manju,nestlé,nestle,snacks,FRANCE,en:france,"Snacks, Snacks sucrés, Cacao et dérivés, Confiseries, Barres, Confiseries chocolatées, Barres chocolatées, Barres chocolatées biscuitées",nestle,nestle,nestle,False,,,no_change,,no more-specific Top 9 portfolio brand detected
4902201164979,Kit Kat Raspberry,nestlé,nestle,snacks,FRANCE,en:france,"Snacks, Snacks sucrés, Cacao et dérivés, Confiseries, Barres, Confiseries chocolatées, Barres chocolatées, Barres chocolatées biscuitées",nestle,nestle,nestle,False,,,no_change,,no more-specific Top 9 portfolio brand detected
4902201165471,Kit Kat Amaou Strawberry,nestlé,nestle,snacks,FRANCE,en:france,"Snacks, Snacks sucrés, Cacao et dérivés, Confiseries, Barres, Confiseries chocolatées, Barres chocolatées, Barres chocolatées biscuitées",nestle,nestle,nestle,False,,,no_change,,no more-specific Top 9 portfolio brand detected
4902201165914,KitKat Uji Matcha (thé vert),"nestlé, kitkat",nestle,snacks,FRANCE,en:france|en:japan,"Snacks, Snacks sucrés, Cacao et dérivés, Confiseries, Barres, Confiseries chocolatées, Barres chocolatées",nestle; kitkat,nestle,kitkat,True,kitkat,Nestlé,top_company_portfolio_matrix_off_brands,high,current primary brand is parent/company token; portfolio brand appears in OFF brands field
4902201165938,Sakura Matcha,nestlé,nestle,snacks,FRANCE,en:france|en:japan,"Snacks, Snacks sucrés, Confiseries",nestle,nestle,nestle,False,,,no_change,,no more-specific Top 9 portfolio brand detected
4902201168069,Nesurenihon Kit Kat Mini 14 Sheets ~ 12 Bags,nestlé,nestle,snacks,FRANCE,en:france,Barre chocolatée biscuitée type KitKat,nestle,nestle,nestle,False,,,no_change,,no more-specific Top 9 portfolio brand detected
4902201168687,Kit Kat Mini Matcha Strong Green Tea,nestlé,nestle,snacks,FRANCE,en:france|en:hong-kong,"Snacks,Snacks sucrés,Cacao et dérivés,Confiseries,Barres,Confiseries chocolatées,en:bars-covered-with-chocolate,Barres chocolatées biscuitées,Barre chocolatée biscuitée type KitKat",nestle,nestle,nestle,False,,,no_change,,no more-specific Top 9 portfolio brand detected
4902201171069,Kitkat au matcha,nestlé,nestle,snacks,FRANCE,en:france,"Snacks, Snacks sucrés, Biscuits et gâteaux, Biscuits",nestle,nestle,kitkat,True,kitkat,Nestlé,top_company_portfolio_matrix_product_name,medium,current primary brand is parent/company token; portfolio brand appears in product name
4902201172721,Kit Kat chestnut,nestlé,nestle,snacks,FRANCE,en:france|en:japan,"en:Snacks, en:Sweet snacks, en:Cocoa and its products, en:Confectioneries, en:Bars, en:Chocolate candies, チョコレートバー, en:Chocolate biscuity bars",nestle,nestle,nestle,False,,,no_change,,no more-specific Top 9 portfolio brand detected
4902201173384,Tokyo Banana Kitkat,nestlé,nestle,snacks,FRANCE,en:france,"Snacks, Snacks sucrés, Biscuits et gâteaux, Biscuits, Biscuits au chocolat",nestle,nestle,kitkat,True,kitkat,Nestlé,top_company_portfolio_matrix_product_name,medium,current primary brand is parent/company token; portfolio brand appears in product name
4902201174206,Kit Kat Premium peach mint,nestlé,nestle,snacks,FRANCE,en:france|en:japan,"en:Snacks, en:Sweet snacks, en:Cocoa and its products, en:Confectioneries, en:Bars, en:Chocolate candies, チョコレートバー, en:Chocolate biscuity bars",nestle,nestle,nestle,False,,,no_change,,no more-specific Top 9 portfolio brand detected
4902201174633,KitKat mini black,"nestlé, kitkat",nestle,snacks,FRANCE,en:france,Chocolats,nestle; kitkat,nestle,kitkat,True,kitkat,Nestlé,top_company_portfolio_matrix_off_brands,high,current primary brand is parent/company token; portfolio brand appears in OFF brands field
4902201174725,KitKat,"nestlé, kitkat",nestle,snacks,FRANCE,en:france,"Snacks, Snacks sucrés, Cacao et dérivés, Confiseries, Barres, Confiseries chocolatées, Barres chocolatées, Barres chocolatées biscuitées, Barre chocolatée biscuitée type KitKat",nestle; kitkat,nestle,kitkat,True,kitkat,Nestlé,top_company_portfolio_matrix_off_brands,high,current primary brand is parent/company token; portfolio brand appears in OFF brands field
4902201179492,Kit Kat white,nestlé,nestle,snacks,FRANCE,en:france,Barre chocolatée biscuitée type KitKat,nestle,nestle,nestle,False,,,no_change,,no more-specific Top 9 portfolio brand detected
4902201180115,Cheesecake,"nestlé, kitkat",nestle,snacks,FRANCE,en:france,"Snacks, Snacks sucrés, Cacao et dérivés, Confiseries, Barres, Biscuits et gâteaux, Confiseries chocolatées, Biscuits, Gaufrettes, Barres chocolatées, Gaufrettes fourrées, Barres chocolatées biscuitées, Barre chocolatée biscuitée type KitKat",nestle; kitkat,nestle,kitkat,True,kitkat,Nestlé,top_company_portfolio_matrix_off_brands,high,current primary brand is parent/company token; portfolio brand appears in OFF brands field
4902201181242,1ョコラオレンジ,"nestlé,kitkat",nestle,snacks,FRANCE,en:france,"Snacks,Snacks sucrés,Cacao et dérivés,Confiseries,Barres,Confiseries chocolatées,en:bars-covered-with-chocolate,Barres chocolatées biscuitées,Barre chocolatée biscuitée type KitKat",nestle; kitkat,nestle,kitkat,True,kitkat,Nestlé,top_company_portfolio_matrix_off_brands,high,current primary brand is parent/company token; portfolio brand appears in OFF brands field
4902201182270,Nestle MATCHA オトナの甘さ ビスケット練り込み 11枚入 写真はイメージです 1430,nestlé,nestle,snacks,FRANCE,en:france,Barre chocolatée biscuitée type KitKat,nestle,nestle,nestle,False,,,no_change,,no more-specific Top 9 portfolio brand detected
5000108170815,Galettes de riz Barbecue Paprika,nestlé,nestle,snacks,BENELUX|FRANCE,en:belgium|en:france,en:puffed-cereal-cakes,nestle,nestle,nestle,False,,,no_change,,no more-specific Top 9 portfolio brand detected
5000159474597,mars mini,nestlé,nestle,snacks,FRANCE,en:france,"Snacks,Snacks sucrés,Cacao et dérivés,Confiseries,Confiseries chocolatées,Barres,Barres chocolatées,Barres chocolatées au caramel",nestle,nestle,nestle,False,,,no_change,,no more-specific Top 9 portfolio brand detected
5000159501903,M&M's,"nestlé, mars",nestle,snacks,FRANCE,en:france,"Snacks, Snacks sucrés, Cacao et dérivés, Confiseries, Confiseries chocolatées, Bonbons de chocolat, Fruits à coques enrobés de chocolat, Cacahuètes au chocolat",nestle; mars,nestle,mars,True,mars,,top_company_portfolio_matrix_off_brands,high,current primary brand is parent/company token; another OFF brand token needs brand-level review
5000159507363,MilkyWay,"nestlé, mars chocolat france",nestle,snacks,BENELUX|FRANCE|DACH,en:belgium|en:france|en:germany,"Snacks, Snacks sucrés, Cacao et dérivés, Confiseries, Confiseries chocolatées, Barres, Barres chocolatées, Encas",nestle; mars chocolat france,nestle,mars chocolat france,True,mars chocolat france,,top_company_portfolio_matrix_off_brands,high,current primary brand is parent/company token; another OFF brand token needs brand-level review
5000189273573,Caramac Standard,nestlé,nestle,snacks,FRANCE,en:france,"Snacks, Sweet snacks, Cocoa and its products, Confectioneries, Bars, Chocolate candies, Bars covered with chocolate, Caramel chocolate bars",nestle,nestle,nestle,False,,,no_change,,no more-specific Top 9 portfolio brand detected
5000189327290,Quality Street,"nestlé, quality street",nestle,snacks,BENELUX|FRANCE|DACH,en:belgium|en:france|en:germany|en:morocco|en:netherlands,"Snacks, Snacks sucrés, Cacao et dérivés, Confiseries, Confiseries chocolatées, Bonbons de chocolat, Assortiments de bonbons de chocolat",nestle; quality street,nestle,quality street,True,quality street,Nestlé,top_company_portfolio_matrix_off_brands,high,current primary brand is parent/company token; portfolio brand appears in OFF brands field
5000189363069,After Eight,nestlé,nestle,snacks,FRANCE|DACH|SOUTHERN_EUROPE,en:france|en:germany|en:morocco|en:spain|en:switzerland,"Snacks, Sweet snacks, Cocoa and its products, Confectioneries, Chocolates, Dark chocolates, Filled chocolates, Filled dark chocolates",nestle,nestle,nestle,False,,,no_change,,no more-specific Top 9 portfolio brand detected
5000189974579,"KITKAT Mini Barre au chocolat au Lait, 200g",nestle,nestle,snacks,FRANCE|SOUTHERN_EUROPE,en:france|en:spain,"Botanas,Snacks dulces,Cacao y sus productos,Dulces,Dulces de chocolate,Barritas,Barritas de chocolate,en:Chocolate biscuity bars",nestle,nestle,kitkat,True,kitkat,Nestlé,top_company_portfolio_matrix_product_name,medium,current primary brand is parent/company token; portfolio brand appears in product name
5000189983281,After Eight Dark Chocolate Thins,"nestlé, after eight",nestle,snacks,FRANCE|DACH|SOUTHERN_EUROPE|BENELUX|NORDICS,en:france|en:germany|en:italy|en:netherlands|en:sweden,"Snacks, Sweet snacks, Cocoa and its products, Confectioneries, Festive foods, Chocolate candies, Christmas foods and drinks, Chocolates, Dark chocolates, Christmas chocolates, Filled chocolates, Dark chocolate filled with mint confectionery",nestle; after eight,nestle,after eight,True,after eight,,top_company_portfolio_matrix_off_brands,high,current primary brand is parent/company token; another OFF brand token needs brand-level review
5000426109733,Milkybar,nestlé,nestle,snacks,FRANCE|SOUTHERN_EUROPE,en:france|en:spain,"Botanas, Snacks dulces, Cacao y sus productos, Dulces, Barritas, Dulces de chocolate, Chocolates, Chocolates blancos, Barritas de chocolate",nestle,nestle,milkybar,True,milkybar,Nestlé,top_company_portfolio_matrix_product_name,medium,current primary brand is parent/company token; portfolio brand appears in product name
5000426112160,Quality Street Chokolade & Toffees,"nestlé, quality street",nestle,snacks,FRANCE|DACH,en:france|en:germany,"Snacks, Snacks sucrés, Cacao et dérivés, Confiseries, Confiseries chocolatées, Bonbons de chocolat, Assortiments de bonbons de chocolat",nestle; quality street,nestle,quality street,True,quality street,Nestlé,top_company_portfolio_matrix_off_brands,high,current primary brand is parent/company token; portfolio brand appears in OFF brands field
5000426122565,QUALITY STREET,"nestlé, quality street",nestle,snacks,FRANCE,en:france,"Snacks, Snacks sucrés, Cacao et dérivés, Confiseries, Confiseries chocolatées, Bonbons de chocolat, Assortiments de bonbons de chocolat",nestle; quality street,nestle,quality street,True,quality street,Nestlé,top_company_portfolio_matrix_off_brands,high,current primary brand is parent/company token; portfolio brand appears in OFF brands field
5000426171518,AFTER EIGHT Coffret 300g,"nestlé, after eight",nestle,snacks,BENELUX|FRANCE|UK_IE|SOUTHERN_EUROPE,en:belgium|en:france|en:ireland|en:morocco|en:spain|en:united-kingdom,"Snacks, Snacks sucrés, Cacao et dérivés, Confiseries, Chocolats, Chocolats noirs, Chocolats fourrés, Chocolats noirs fourrés à la menthe, Confiseries chocolatées",nestle; after eight,nestle,after eight,True,after eight,,top_company_portfolio_matrix_off_brands,high,current primary brand is parent/company token; another OFF brand token needs brand-level review
50249466,Smarties,nestlé,nestle,snacks,FRANCE|UK_IE,en:france|en:united-kingdom,"Snacks, Sweet snacks, Cocoa and its products, Confectioneries, Chocolate candies, Bonbons, Candies, fr:Bonbons dragéifiés",nestle,nestle,smarties,True,smarties,Nestlé,top_company_portfolio_matrix_product_name,medium,current primary brand is parent/company token; portfolio brand appears in product name
50251094,Kit Kat,nestlé,nestle,snacks,NORDICS|FRANCE|DACH,en:denmark|en:france|en:switzerland,"Snacks, Snacks sucrés, Cacao et dérivés, Confiseries, Barres, Confiseries chocolatées, Barres chocolatées, Barres chocolatées biscuitées, Barre chocolatée biscuitée type KitKat",nestle,nestle,nestle,False,,,no_change,,no more-specific Top 9 portfolio brand detected
50251100,Quality Street Chocolates & Toffees,"nestlé,quality street",nestle,snacks,FRANCE,en:bolivia|en:france|en:morocco,"Snacks,Sweet snacks,Cocoa and its products,Confectioneries,Chocolate candies,Bonbons,Assorted chocolate candies",nestle; quality street,nestle,quality street,True,quality street,Nestlé,top_company_portfolio_matrix_off_brands,high,current primary brand is parent/company token; portfolio brand appears in OFF brands field
50251162,Polo,nestlé,nestle,snacks,FRANCE|UK_IE,en:france|en:united-kingdom,"Snacks, Snacks sucrés, Confiseries, Bonbons",nestle,nestle,nestle,False,,,no_change,,no more-specific Top 9 portfolio brand detected
50251797,Polo Mint Sugarfree 34g,nestlé,nestle,snacks,FRANCE|UK_IE,en:france|en:united-kingdom,"Snacks,Sweet snacks,Confectioneries,Candies,Sugar-free-sweets",nestle,nestle,nestle,False,,,no_change,,no more-specific Top 9 portfolio brand detected
50426188,White Chocolate Medium Bar,nestlé,nestle,snacks,FRANCE,en:france,"Snacks, Sweet snacks, Cocoa and its products, Chocolates, White chocolates, White chocolate bars",nestle,nestle,nestle,False,,,no_change,,no more-specific Top 9 portfolio brand detected
50426362,Kit Kat Orange 2 Finger 20.7G,nestlé,nestle,snacks,FRANCE|SOUTHERN_EUROPE,en:france|en:spain,"Snacks,Snacks sucrés,Biscuits et gâteaux,Biscuits,Gaufrettes,Barre chocolatée biscuitée type KitKat",nestle,nestle,nestle,False,,,no_change,,no more-specific Top 9 portfolio brand detected
50426942,kitkat,nestlé,nestle,snacks,FRANCE|UK_IE,en:france|en:united-kingdom,"Snacks,Sweet snacks,Cocoa and its products,Confectioneries,Bars,Chocolate candies",nestle,nestle,kitkat,True,kitkat,Nestlé,top_company_portfolio_matrix_product_name,medium,current primary brand is parent/company token; portfolio brand appears in product name
51115678,mini oeufs en chocolat fourrés aux noisettes,"nestlé, perugina, baci",nestle,snacks,FRANCE,en:france,"Snacks, Snacks sucrés, Cacao et dérivés, Confiseries, Confiseries chocolatées, Bonbons de chocolat",nestle; perugina; baci,nestle,perugina,True,perugina,,top_company_portfolio_matrix_off_brands,high,current primary brand is parent/company token; another OFF brand token needs brand-level review
5350194008913,Kit Kat,nestlé,nestle,snacks,FRANCE,en:france,"Snacks,Snacks sucrés,Cacao et dérivés,Confiseries,Barres,Confiseries chocolatées,en:bars-covered-with-chocolate,Barres chocolatées biscuitées,Barre chocolatée biscuitée type KitKat",nestle,nestle,nestle,False,,,no_change,,no more-specific Top 9 portfolio brand detected
5365032910501,Praline,"nestlé, nestlé dessert",nestle,snacks,FRANCE,en:france,"Snacks, Snacks sucrés, Cacao et dérivés, Chocolats, Chocolats au lait, Chocolats fourrés, Chocolats fourrés au praliné, Chocolats au lait fourrés",nestle; nestle dessert,nestle,dessert,True,nestle dessert,,top_company_portfolio_matrix_off_brands,high,current primary brand is parent/company token; another OFF brand token needs brand-level review
5365036324809,Piccolinis Indiana,"nestlé,buitoni",nestle,snacks,FRANCE,en:france,"Snacks,Salty snacks,Appetizers,Frozen foods,Pizzas pies and quiches,Frozen pizzas and pies,Mini appetizer pizzas",nestle; buitoni,nestle,buitoni,True,buitoni,Nestlé,top_company_portfolio_matrix_off_brands,high,current primary brand is parent/company token; portfolio brand appears in OFF brands field
5400552703926,Galak,"nestlé, galak",nestle,snacks,FRANCE,en:france,"Snacks, Snacks sucrés, Cacao et dérivés, Chocolats, Chocolats blancs",nestle; galak,nestle,galak,True,galak,,top_company_portfolio_matrix_off_brands,high,current primary brand is parent/company token; another OFF brand token needs brand-level review
5410001627000,Galak Le chocolat blanc,"nestlé, galak",nestle,snacks,BENELUX|FRANCE,en:belgium|en:france,"Snacks, Snacks sucrés, Cacao et dérivés, Chocolats, Chocolats blancs",nestle; galak,nestle,galak,True,galak,,top_company_portfolio_matrix_off_brands,high,current primary brand is parent/company token; another OFF brand token needs brand-level review
5601001016301,Leite Condensado Cozido Nestle,nestlē,nestle,snacks,FRANCE,en:france|en:morocco,"Snacks, Snacks sucrés, Confiseries, Caramels",nestle,nestle,nestle,False,,,no_change,,no more-specific Top 9 portfolio brand detected
5634987858313,chocolat noir,nestlé,nestle,snacks,FRANCE,en:france,"Snacks, Snacks sucrés, Cacao et dérivés, Chocolats, Chocolats noirs",nestle,nestle,nestle,False,,,no_change,,no more-specific Top 9 portfolio brand detected
5900020008121,,nestlé,nestle,snacks,FRANCE,en:bulgaria|en:france,"Snacks,Sweet snacks,Bars,Cereal bars,pl:baton,Chocolate cereal bars",nestle,nestle,nestle,False,,,no_change,,no more-specific Top 9 portfolio brand detected
5900020010261,Fitness chocolat au lait,nestlé,nestle,snacks,FRANCE,en:france,"Snacks, Snacks sucrés, Barres, Barres de céréales, Barres de céréales au chocolat",nestle,nestle,fitness,True,fitness,Nestlé,top_company_portfolio_matrix_product_name,medium,current primary brand is parent/company token; portfolio brand appears in product name
5900020012012,Barres Fitness Chocolat Blanc,nestlé,nestle,snacks,FRANCE,en:france,"Snacks, Snacks sucrés, Barres, Barres de céréales, Barres de céréales au chocolat",nestle,nestle,fitness,True,fitness,Nestlé,top_company_portfolio_matrix_product_name,medium,current primary brand is parent/company token; portfolio brand appears in product name
5900020012579,NESQUIK Barres de Céréales 12x25g,"nestlé, general mills, nesquik",nestle,snacks,FRANCE,en:france,cereal bars,nestle; general mills; nesquik,nestle,nesquik,True,nesquik,Nestlé,top_company_portfolio_matrix_off_brands,high,current primary brand is parent/company token; portfolio brand appears in OFF brands field
5900020012593,NESQUIK Barres Céréales 25g (8+4 Offertes),"nestlé, nesquik",nestle,snacks,FRANCE,en:france,"Lanches comida,Lanches doces,Barras,Barras de cereais",nestle; nesquik,nestle,nesquik,True,nesquik,Nestlé,top_company_portfolio_matrix_off_brands,high,current primary brand is parent/company token; portfolio brand appears in OFF brands field
5900020012616,Chocapic Barres,"nestlé, chocapic",nestle,snacks,FRANCE,en:france,"Aliments et boissons à base de végétaux, Aliments d'origine végétale, Snacks, Petit-déjeuners, Céréales et pommes de terre, Snacks sucrés, Céréales et dérivés, Barres, Céréales pour petit-déjeuner, Barres de céréales",nestle; chocapic,nestle,chocapic,True,chocapic,Nestlé,top_company_portfolio_matrix_off_brands,high,current primary brand is parent/company token; portfolio brand appears in OFF brands field
5900020012654,Chocolate fitness,"nestlé, fitness",nestle,snacks,FRANCE|SOUTHERN_EUROPE,en:france|en:italy|en:portugal,"Lanches comida,Lanches doces,Barras,Barras de cereais,Barras de cereais com chocolate",nestle; fitness,nestle,fitness,True,fitness,Nestlé,top_company_portfolio_matrix_off_brands,high,current primary brand is parent/company token; portfolio brand appears in OFF brands field
5900020014245,Fitness Tiramisu,nestlé,nestle,snacks,BENELUX|FRANCE,en:belgium|en:france,"Snacks, Snacks sucrés, Barres, Barres de céréales",nestle,nestle,fitness,True,fitness,Nestlé,top_company_portfolio_matrix_product_name,medium,current primary brand is parent/company token; portfolio brand appears in product name
5900020015334,Muesli Chocolat,nestlé,nestle,snacks,FRANCE,en:france,"Snacks, Snacks sucrés, Barres, Barres de céréales, Barres de céréales au chocolat",nestle,nestle,nestle,False,,,no_change,,no more-specific Top 9 portfolio brand detected
5900020017437,NESTLE NESQUIK Maxi Choco Barres de Céréales 6x25g,"nestlé, nesquik",nestle,snacks,FRANCE|SOUTHERN_EUROPE,en:france|en:italy,"Snacks, Snacks sucrés, Barres, Barres de céréales, Barres de céréales au chocolat",nestle; nesquik,nestle,nesquik,True,nesquik,Nestlé,top_company_portfolio_matrix_off_brands,high,current primary brand is parent/company token; portfolio brand appears in OFF brands field
5900020018564,,nestlé,nestle,snacks,FRANCE,en:france,"Snacks, Snacks sucrés, Cacao et dérivés, Confiseries, Barres, Confiseries chocolatées, Barres de céréales, Barres chocolatées",nestle,nestle,nestle,False,,,no_change,,no more-specific Top 9 portfolio brand detected
5900020018571,Fitness Chocolat,nestlé,nestle,snacks,BENELUX|FRANCE,en:belgium|en:france,"Snacks, Snacks sucrés, Barres, Barres de céréales, Barres de céréales au chocolat",nestle,nestle,fitness,True,fitness,Nestlé,top_company_portfolio_matrix_product_name,medium,current primary brand is parent/company token; portfolio brand appears in product name
5900020019684,Nestlé Fitness 8X23.5G Suklaa Viljavälipalapatukka,nestlé,nestle,snacks,FRANCE|SOUTHERN_EUROPE,en:france|en:spain,"Botanas, Snacks dulces, Barritas, Barritas de cereales",nestle,nestle,fitness,True,fitness,Nestlé,top_company_portfolio_matrix_product_name,medium,current primary brand is parent/company token; portfolio brand appears in product name
5900020022370,Fitness crunchy caramel,"nestlé, fitness",nestle,snacks,FRANCE,en:france,"Snacks, Snacks sucrés, Barres, Barres de céréales",nestle; fitness,nestle,fitness,True,fitness,Nestlé,top_company_portfolio_matrix_off_brands,high,current primary brand is parent/company token; portfolio brand appears in OFF brands field
5900020023018,Cini Minis,nestlé,nestle,snacks,FRANCE,en:france,"Snacks, Snacks sucrés, Barres, Barres de céréales",nestle,nestle,cini minis,True,cini minis,Nestlé,top_company_portfolio_matrix_product_name,medium,current primary brand is parent/company token; portfolio brand appears in product name
5900020023025,Cini Minis Riegel,nestlé,nestle,snacks,FRANCE|DACH,en:france|en:germany|en:switzerland,"Snacks, Snacks sucrés, Barres, Barres de céréales",nestle,nestle,cini minis,True,cini minis,Nestlé,top_company_portfolio_matrix_product_name,medium,current primary brand is parent/company token; portfolio brand appears in product name
5900020023377,Barre de céréales Fitness Crunchy Caramel,nestlé,nestle,snacks,FRANCE,en:france,"Snack, Snack dolci, Barrette",nestle,nestle,fitness,True,fitness,Nestlé,top_company_portfolio_matrix_product_name,medium,current primary brand is parent/company token; portfolio brand appears in product name
5900020024169,NESTLE NESQUIK Delice Barres de Céréales 6x23g,"nestlé, nesquik",nestle,snacks,FRANCE,en:france,"Snacks, Snacks sucrés, Barres, Barres de céréales, Barres de céréales au chocolat",nestle; nesquik,nestle,nesquik,True,nesquik,Nestlé,top_company_portfolio_matrix_off_brands,high,current primary brand is parent/company token; portfolio brand appears in OFF brands field
5900020024206,Fitness chocolate e hazelnut,"nestlé, fitness, fitness délice",nestle,snacks,FRANCE,en:france|en:romania,"Snacks, Snacks sucrés, Barres, Barres de céréales, Barres de céréales au chocolat",nestle; fitness; fitness delice,nestle,fitness,True,fitness,Nestlé,top_company_portfolio_matrix_off_brands,high,current primary brand is parent/company token; portfolio brand appears in OFF brands field
5900020024213,Barre de céréales Fitness Delice Choco Noisette,"nestlé, fitness, fitness délice",nestle,snacks,FRANCE,en:france,"Snacks,Snacks sucrés,Barres,Barres de céréales,en:nuts-cereal-bars,en:cereal-bar-with-almonds-or-hazelnuts,Barres de céréales au chocolat,en:cereal-bar-with-hazelnuts,Barre céréalière aux noisettes",nestle; fitness; fitness delice,nestle,fitness,True,fitness,Nestlé,top_company_portfolio_matrix_off_brands,high,current primary brand is parent/company token; portfolio brand appears in OFF brands field
5900020024244,Barre de céréales Fitness Delice Chocolat blanc,nestlé,nestle,snacks,BENELUX|FRANCE,en:belgium|en:france,"Snacks, Snacks sucrés, Barres, Barres de céréales",nestle,nestle,fitness,True,fitness,Nestlé,top_company_portfolio_matrix_product_name,medium,current primary brand is parent/company token; portfolio brand appears in product name
5900020024343,Fitness Délice - Chocolat Noir,nestlé,nestle,snacks,FRANCE,en:france,"Snacks, Snacks sucrés, Barres, Barres de céréales, Barres de céréales au chocolat",nestle,nestle,fitness,True,fitness,Nestlé,top_company_portfolio_matrix_product_name,medium,current primary brand is parent/company token; portfolio brand appears in product name
5900020025050,Fitness Breakfast Cereal Bar - Chocolate,nestléfitness,nestlefitness,snacks,FRANCE,en:france|en:morocco,"Snacks, Sweet snacks, Bars, Cereal bars, Chocolate cereal bars",nestlefitness,nestlefitness,nestlefitness,False,,,no_change,,no more-specific Top 9 portfolio brand detected
5900020025104,Breakfast cereal bar,"nestlé, nesquik",nestle,snacks,FRANCE,en:france|en:morocco,"Snacks,Sweet snacks,Bars,Cereal bars",nestle; nesquik,nestle,nesquik,True,nesquik,Nestlé,top_company_portfolio_matrix_off_brands,high,current primary brand is parent/company token; portfolio brand appears in OFF brands field
5900020025210,Fitness,nestle,nestle,snacks,FRANCE|SOUTHERN_EUROPE,en:france|en:romania|en:spain,"Snacks, Snacks sucrés, Barres, Barres de céréales",nestle,nestle,fitness,True,fitness,Nestlé,top_company_portfolio_matrix_product_name,medium,current primary brand is parent/company token; portfolio brand appears in product name
5900020025395,Milk Chocolate Fitness,nestlé,nestle,snacks,FRANCE|SOUTHERN_EUROPE,en:france|en:greece|en:italy,"Snacks, Sweet snacks, Bars, Cereal bars, Chocolate cereal bars",nestle,nestle,fitness,True,fitness,Nestlé,top_company_portfolio_matrix_product_name,medium,current primary brand is parent/company token; portfolio brand appears in product name
5900020025401,FITNESS Délice barres de céréales chocolat au lait,nestlé,nestle,snacks,FRANCE,en:france|en:greece,"Snacks, Snacks sucrés, Barres, Barres de céréales, Barres de céréales au chocolat",nestle,nestle,fitness,True,fitness,Nestlé,top_company_portfolio_matrix_product_name,medium,current primary brand is parent/company token; portfolio brand appears in product name
5900020027184,NESQUIK Barres de Céréales 6 x 25g + 6 offertes,"nestlé, cereal partners",nestle,snacks,FRANCE,en:france,"Snacks, Snacks sucrés, Barres, Barres de céréales",nestle; cereal partners,nestle,cereal partners,True,cereal partners,,top_company_portfolio_matrix_off_brands,high,current primary brand is parent/company token; another OFF brand token needs brand-level review
5900020027207,Barre Chocapic,"nestlé, chocapic",nestle,snacks,FRANCE,en:france,"Snacks, Snacks sucrés, Cacao et dérivés, Confiseries, Barres, Confiseries chocolatées, Barres de céréales, Barres chocolatées, Barres de céréales au chocolat",nestle; chocapic,nestle,chocapic,True,chocapic,Nestlé,top_company_portfolio_matrix_off_brands,high,current primary brand is parent/company token; portfolio brand appears in OFF brands field
5900020027221,Barres céréales Golden Minis,nestlé,nestle,snacks,FRANCE,en:france,"Snacks, Snacks sucrés, Barres, Barres de céréales",nestle,nestle,nestle,False,,,no_change,,no more-specific Top 9 portfolio brand detected
5900020027245,Fitness Délice Chocolat au lait,nestlé,nestle,snacks,FRANCE,en:france,en:cereal-bars,nestle,nestle,fitness,True,fitness,Nestlé,top_company_portfolio_matrix_product_name,medium,current primary brand is parent/company token; portfolio brand appears in product name
5900020027610,Barres NESQUIK 25g X 24,"nestlé, nesquik",nestle,snacks,FRANCE,en:france,"Snacks, Snacks sucrés, Barres, Barres de céréales, Barres de céréales au chocolat",nestle; nesquik,nestle,nesquik,True,nesquik,Nestlé,top_company_portfolio_matrix_off_brands,high,current primary brand is parent/company token; portfolio brand appears in OFF brands field
5900020027757,"Code-barres inexistant et/ou fiche incomplète, obsolète ou en doublon",nestlé,nestle,snacks,FRANCE,en:france,"Snacks, Snacks sucrés, Barres, Barres de céréales",nestle,nestle,nestle,False,,,no_change,,no more-specific Top 9 portfolio brand detected
5900020027771,Chocapic,"nestlé, chocapic",nestle,snacks,FRANCE,en:france,"Snacks, Sweet snacks, Bars, Cereal bars, en:chocolate-cereals",nestle; chocapic,nestle,chocapic,True,chocapic,Nestlé,top_company_portfolio_matrix_off_brands,high,current primary brand is parent/company token; portfolio brand appears in OFF brands field
5900020028457,"Code-barres inexistant et/ou fiche incomplète, obsolète ou en doublon",nestlé,nestle,snacks,FRANCE|DACH,en:france|en:switzerland,"Snacks, Snacks sucrés, Cacao et dérivés, Confiseries, Barres, Confiseries chocolatées, Barres chocolatées",nestle,nestle,nestle,False,,,no_change,,no more-specific Top 9 portfolio brand detected
5900020028747,CHOCO CRUNCH BAR E-1B,nestlé,nestle,snacks,FRANCE,en:france,"Aliments et boissons à base de végétaux, Aliments d'origine végétale, Petit-déjeuners, Céréales et pommes de terre, Céréales et dérivés, Céréales pour petit-déjeuner",nestle,nestle,nestle,False,,,no_change,,no more-specific Top 9 portfolio brand detected
5900020028778,NESTLE CHOCAPIC Barres de Céréales 12x25g,"nestlé, chocapic",nestle,snacks,FRANCE,en:france,"Snacks, Snacks sucrés, Barres, Barres de céréales",nestle; chocapic,nestle,chocapic,True,chocapic,Nestlé,top_company_portfolio_matrix_off_brands,high,current primary brand is parent/company token; portfolio brand appears in OFF brands field
5900020029102,Clusters barre crunchy choco,nestlé,nestle,snacks,DACH|BENELUX|FRANCE,en:austria|en:belgium|en:france|en:germany|en:switzerland,"Snacks, Snacks sucrés, Barres",nestle,nestle,nestle,False,,,no_change,,no more-specific Top 9 portfolio brand detected
5900020029119,Clusters Caramel Choco,nestlé,nestle,snacks,DACH|BENELUX|FRANCE,en:austria|en:belgium|en:france|en:germany|en:switzerland,"Snacks, Snacks sucrés, Barres, Barres de céréales",nestle,nestle,nestle,False,,,no_change,,no more-specific Top 9 portfolio brand detected
5900020029126,CLUSTERS almonds seeds barres de céréales,nestlé,nestle,snacks,DACH|BENELUX|FRANCE,en:austria|en:belgium|en:france|en:germany|en:switzerland,"Snacks, Snacks sucrés, Barres, Barres de céréales, Barres de céréales aux fruits à coques, Barre céréalière aux amandes, en:cereal-bar-with-almonds-or-hazelnuts",nestle,nestle,nestle,False,,,no_change,,no more-specific Top 9 portfolio brand detected
5900020029133,Clusters crunchy choco,nestlé,nestle,snacks,DACH|BENELUX|FRANCE,en:austria|en:belgium|en:france|en:germany|en:switzerland,"Snacks, Snacks sucrés, Barres, Barres de céréales, Barres de céréales au chocolat",nestle,nestle,nestle,False,,,no_change,,no more-specific Top 9 portfolio brand detected
5900020029140,Clusters Caramel & Choco,nestlé,nestle,snacks,DACH|BENELUX|FRANCE,en:austria|en:belgium|en:france|en:germany|en:switzerland,"Snacks, Snacks sucrés, Barres, Barres de céréales, Barres de céréales au chocolat",nestle,nestle,nestle,False,,,no_change,,no more-specific Top 9 portfolio brand detected
5900020029454,Fitness breakfast cereal bar pêches et abricot,nestlé,nestle,snacks,BENELUX|FRANCE|SOUTHERN_EUROPE,en:belgium|en:france|en:italy,"Snacks, Sweet snacks, Bars, Cereal bars, Fruits cereal bars, Apricot cereal bars",nestle,nestle,fitness,True,fitness,Nestlé,top_company_portfolio_matrix_product_name,medium,current primary brand is parent/company token; portfolio brand appears in product name
5900020030566,Nestle Fitness Cereal Bars Red Berries X6,"fitness, nestlé",fitness,snacks,FRANCE|SOUTHERN_EUROPE,en:france|en:italy,"en:Snacks,en:Sweet snacks,en:Bars,en:Cereal bars,Μπαρες",fitness; nestle,fitness,fitness,False,,,no_change,,no more-specific Top 9 portfolio brand detected
5900020030573,Fitness,"nestlé, fitness",nestle,snacks,BENELUX|FRANCE,en:belgium|en:france,"Snacks, Snacks sucrés, Barres, Barres de céréales",nestle; fitness,nestle,fitness,True,fitness,Nestlé,top_company_portfolio_matrix_off_brands,high,current primary brand is parent/company token; portfolio brand appears in OFF brands field
5900020030733,Présentoir Barres CHOCAPIC 25gx24,"nestlé, chocapic",nestle,snacks,FRANCE,en:france,"Snacks, Snacks sucrés, Barres, Barres de céréales",nestle; chocapic,nestle,chocapic,True,chocapic,Nestlé,top_company_portfolio_matrix_off_brands,high,current primary brand is parent/company token; portfolio brand appears in OFF brands field
5900020031310,NESTLE NESQUIK Getreideriegel 4+2er Multipack (,"nestlé, nesquik, nestle nesquik",nestle,snacks,FRANCE|DACH,en:france|en:germany,"Imbiss, Süßer Snack, Riegel, Getreideriegel",nestle; nesquik; nestle nesquik,nestle,nesquik,True,nesquik,Nestlé,top_company_portfolio_matrix_off_brands,high,current primary brand is parent/company token; portfolio brand appears in OFF brands field
5900020031419,NESTLE NESQUIK Barres de Céréales (12+12) x 25g,"nestlé, nesquik",nestle,snacks,FRANCE,en:france,"Snacks, Snacks sucrés, Barres, Barres de céréales",nestle; nesquik,nestle,nesquik,True,nesquik,Nestlé,top_company_portfolio_matrix_off_brands,high,current primary brand is parent/company token; portfolio brand appears in OFF brands field
5900020031464,LION Céréales Barres (12x25g),"nestlé, lion",nestle,snacks,FRANCE,en:france,"Snacks,Snacks sucrés,Barres,Barres de céréales,Barres de céréales au chocolat",nestle; lion,nestle,lion,True,lion,Nestlé,top_company_portfolio_matrix_off_brands,high,current primary brand is parent/company token; portfolio brand appears in OFF brands field
5900020032386,Clusters crunchy choco,nestlé,nestle,snacks,FRANCE,en:france,"Snacks, Snacks sucrés, Barres, Barres de céréales, Barres de céréales au chocolat",nestle,nestle,nestle,False,,,no_change,,no more-specific Top 9 portfolio brand detected
5900020032409,Barre cereale caramel & choco,nestlé,nestle,snacks,FRANCE,en:france,"Snacks, Snacks sucrés, Barres, Barres de céréales",nestle,nestle,nestle,False,,,no_change,,no more-specific Top 9 portfolio brand detected
5900020033482,"NESTLE FITNESS Barres de Céréales Miel & Amandes 6x23,5g","nestlé, fitness",nestle,snacks,FRANCE,en:france,"Snacks, Snacks sucrés, Barres, Barres de céréales, en:Aliments d'origine végétale, en:Aliments et boissons à base de végétaux, en:Céréales et dérivés, en:Céréales et pommes de terre, en:Céréales pour petit-déjeuner, en:Petit-déjeuners",nestle; fitness,nestle,fitness,True,fitness,Nestlé,top_company_portfolio_matrix_off_brands,high,current primary brand is parent/company token; portfolio brand appears in OFF brands field
5900020033789,NESTLE LION Barres de Céréales (8+4)x25g,"nestlé, lion",nestle,snacks,FRANCE,en:france,"Snacks, Snacks sucrés, Barres, Barres de céréales, Barres de céréales au chocolat",nestle; lion,nestle,lion,True,lion,Nestlé,top_company_portfolio_matrix_off_brands,high,current primary brand is parent/company token; portfolio brand appears in OFF brands field
5900020035264,Chocapic,nestlé chocapic,nestle,snacks,FRANCE,en:france,"snacks, fr:barres, barres-de-céréales, barres-de-céréales-au-chocolat, snacks-sucrés, en:chocolate-cereals",nestle chocapic,nestle,chocapic,True,nestle chocapic,,top_company_portfolio_matrix_off_brands,high,current primary brand is parent/company token; another OFF brand token needs brand-level review
5900020036179,NESTLE CHEERIOS BIO Barres de céréales 4x22g,"nestlé, cheerios, cheerios bio, cheerios bio honey",nestle,snacks,FRANCE,en:france,cereal bars,nestle; cheerios; cheerios bio; cheerios bio honey,nestle,cheerios,True,cheerios,Nestlé,top_company_portfolio_matrix_off_brands,high,current primary brand is parent/company token; portfolio brand appears in OFF brands field
5900020036193,Barre céréales complètes,nestlé norge as,nestle,snacks,FRANCE,en:france,"snacks, fr:barres, barres-de-céréales, barres-de-céréales-au-chocolat, snacks-sucrés, en:cereal-bars",nestle norge as,nestle,norge as,True,nestle norge as,,top_company_portfolio_matrix_off_brands,high,current primary brand is parent/company token; another OFF brand token needs brand-level review
5900020036209,NESTLE NESQUIK Bio Barres de céréales 4X25g,"nesquik, nestlénesquik bio",nesquik,snacks,FRANCE,en:france,"Snacks, Snacks sucrés, Barres, Barres de céréales",nesquik; nestlenesquik bio,nesquik,nesquik,False,,,no_change,,no more-specific Top 9 portfolio brand detected
5900020036728,NESTLE LION Getreideriegel Multipack (,nestlé,nestle,snacks,FRANCE|DACH,en:france|en:germany,de:getreideriegel,nestle,nestle,lion,True,lion,Nestlé,top_company_portfolio_matrix_product_name,medium,current primary brand is parent/company token; portfolio brand appears in product name
5900020037213,NESTLE CHOCAPIC Cereal Barres boite 24x25g,"nestlé, chocapic",nestle,snacks,FRANCE,en:france,"Aliments et boissons à base de végétaux, Aliments d'origine végétale, Snacks, Céréales et pommes de terre, Snacks sucrés, Barres, Barres de céréales",nestle; chocapic,nestle,chocapic,True,chocapic,Nestlé,top_company_portfolio_matrix_off_brands,high,current primary brand is parent/company token; portfolio brand appears in OFF brands field
5900020037237,NESTLE NESQUIK Barres de Céréales 24 x 25g PRIX CHOC Display,"nestlé, nesquik",nestle,snacks,FRANCE,en:france,"Snacks, Snacks sucrés, Barres, Barres de céréales",nestle; nesquik,nestle,nesquik,True,nesquik,Nestlé,top_company_portfolio_matrix_off_brands,high,current primary brand is parent/company token; portfolio brand appears in OFF brands field
5900020040244,NESTLE CHOCAPIC Barres de Céréales 8x25g,"chocapic, nestlé",chocapic,snacks,FRANCE,en:france,"Snacks, Sweet snacks, Bars, Cereal bars, en:breakfast-cereals",chocapic; nestle,chocapic,chocapic,False,,,no_change,,no more-specific Top 9 portfolio brand detected
5900020040275,NESTLE NESQUIK Barres de Céréales 8x25g,"nestlé,nesquik",nestle,snacks,FRANCE,en:france,"Plant-based foods and beverages,Plant-based foods,Snacks,Breakfasts,Cereals and potatoes,Sweet snacks,Cereals and their products,Breakfast cereals,Bars,Cereal bars",nestle; nesquik,nestle,nesquik,True,nesquik,Nestlé,top_company_portfolio_matrix_off_brands,high,current primary brand is parent/company token; portfolio brand appears in OFF brands field
5900020044754,NESTLE NESQUIK Barres de Céréales Crunchy brownie 6x20g,"nestlé, nesquik crunchy brownie",nestle,snacks,FRANCE,en:france,"Snacks, Snacks sucrés, Barres, Barres de céréales",nestle; nesquik crunchy brownie,nestle,nesquik crunchy brownie,True,nesquik crunchy brownie,,top_company_portfolio_matrix_off_brands,high,current primary brand is parent/company token; another OFF brand token needs brand-level review
5900020046994,NESTLE GOLDEN GRAHAM Barres de Céréales 8x25g,"nestlé, golden grahams",nestle,snacks,FRANCE,en:france,"Snacks, Snacks sucrés, Barres, Barres de céréales",nestle; golden grahams,nestle,golden grahams,True,golden grahams,,top_company_portfolio_matrix_off_brands,high,current primary brand is parent/company token; another OFF brand token needs brand-level review
5900090017504,Princessa Coconut,nestlé,nestle,snacks,FRANCE|US_CANADA,en:france|en:united-states,wafers,nestle,nestle,nestle,False,,,no_change,,no more-specific Top 9 portfolio brand detected
5900862017886,Lion,"nestlé, lion",nestle,snacks,FRANCE,en:belarus|en:france|en:poland,"Przekąski, Słodkie przekąski, Kakao i produkty na bazie kakao, en:Confectioneries, Batoniki, Cukierki czekoladowe, en:Bars covered with chocolate, en:Chocolate biscuity bars",nestle; lion,nestle,lion,True,lion,Nestlé,top_company_portfolio_matrix_off_brands,high,current primary brand is parent/company token; portfolio brand appears in OFF brands field
5941017008106,Joe XXL,nestlé,nestle,snacks,FRANCE,en:france|en:romania,"Snacks, Snacks sucrés, Cacao et dérivés, Confiseries, Barres, Confiseries chocolatées, Barres chocolatées",nestle,nestle,nestle,False,,,no_change,,no more-specific Top 9 portfolio brand detected
5948643004700,Joe - Wafers With Hazelnut Cream / Napolitane Alune De Padure,nestlé,nestle,snacks,FRANCE,en:france,"Snacks, Snacks sucrés, Biscuits et gâteaux, Biscuits, Gaufrettes, Gaufrettes fourrées",nestle,nestle,nestle,False,,,no_change,,no more-specific Top 9 portfolio brand detected
59800000116,Milk Chocolate,nestle aero,nestle,snacks,US_CANADA|FRANCE,en:canada|en:france|en:united-states,"Snacks, Sweet snacks, Cocoa and its products, Confectioneries, Bars, Chocolate candies, Chocolates, Milk chocolates, Milk chocolate bar",nestle aero,nestle,aero,True,nestle aero,,top_company_portfolio_matrix_off_brands,high,current primary brand is parent/company token; another OFF brand token needs brand-level review
59800000215,Coffee Crisp,nestle,nestle,snacks,US_CANADA|FRANCE,en:canada|en:france,"Snacks, Sweet snacks, Biscuits and cakes, Biscuits and crackers, Cocoa and its products, Confectioneries, Biscuits, Chocolate candies, Wafers, Chocolate biscuits, Stuffed wafers, Chocolate stuffed wafers, en:chocolate-biscuity-bars",nestle,nestle,nestle,False,,,no_change,,no more-specific Top 9 portfolio brand detected
59800200806,Rolo,nestlé,nestle,snacks,US_CANADA|FRANCE,en:canada|en:france,"Snacks, Sweet snacks, Cocoa and its products, Chocolates",nestle,nestle,rolo,True,rolo,Nestlé,top_company_portfolio_matrix_product_name,medium,current primary brand is parent/company token; portfolio brand appears in product name
59800215909,Classic Turtles,nestlé,nestle,snacks,DACH|US_CANADA|FRANCE,en:austria|en:canada|en:france,"Snacks, Sweet snacks, Cocoa and its products, Confectioneries, Chocolate candies, Chocolates",nestle,nestle,nestle,False,,,no_change,,no more-specific Top 9 portfolio brand detected
59800482783,Turtles Minis,nestlé,nestle,snacks,US_CANADA|FRANCE,en:canada|en:france,"Snacks, Sweet snacks, Cocoa and its products, Confectioneries, Chocolate candies",nestle,nestle,nestle,False,,,no_change,,no more-specific Top 9 portfolio brand detected
59800490863,Aéro truffle,nestlé,nestle,snacks,FRANCE|SOUTHERN_EUROPE,en:france|en:spain,"Snacks, Snacks sucrés, Cacao et dérivés, Confiseries, Confiseries chocolatées, Bonbons de chocolat",nestle,nestle,aero,True,aero,Nestlé,top_company_portfolio_matrix_product_name,medium,current primary brand is parent/company token; portfolio brand appears in product name
59800499330,Aero Milk Chocolate Bar,nestlé,nestle,snacks,US_CANADA|FRANCE,en:canada|en:france,"Snacks, Sweet snacks, Cocoa and its products, Bars, Chocolates, Milk chocolates, Milk chocolate bar, en:chocolate-candies",nestle,nestle,aero,True,aero,Nestlé,top_company_portfolio_matrix_product_name,medium,current primary brand is parent/company token; portfolio brand appears in product name
59800501453,KIT KAT THÉ VERT,nestlé,nestle,snacks,FRANCE,en:france,"Snacks,Snacks sucrés,Cacao et dérivés,Confiseries,Barres,Confiseries chocolatées,en:bars-covered-with-chocolate,Barres chocolatées biscuitées,Barre chocolatée biscuitée type KitKat",nestle,nestle,nestle,False,,,no_change,,no more-specific Top 9 portfolio brand detected
59800501460,Kit Kat Mint Créme & Cookie Smash,nestlé,nestle,snacks,FRANCE,en:france,"Snacks, Snacks sucrés, Cacao et dérivés, Confiseries, Barres, Confiseries chocolatées, Barres chocolatées, Barres chocolatées biscuitées",nestle,nestle,nestle,False,,,no_change,,no more-specific Top 9 portfolio brand detected
59800504492,Turtles,nestlé,nestle,snacks,FRANCE,en:france,"Snacks, Snacks sucrés",nestle,nestle,nestle,False,,,no_change,,no more-specific Top 9 portfolio brand detected
59800505505,Kitkat,"nestlé, kit kat",nestle,snacks,FRANCE,en:france,Barre chocolatée biscuitée type KitKat,nestle; kit kat,nestle,kitkat,True,kit kat,Nestlé,top_company_portfolio_matrix_off_brands,high,current primary brand is parent/company token; portfolio brand appears in OFF brands field
59800511254,Classic KitKat,nestlé,nestle,snacks,US_CANADA|FRANCE,en:canada|en:france,"Snacks, Sweet snacks, Bars",nestle,nestle,kitkat,True,kitkat,Nestlé,top_company_portfolio_matrix_product_name,medium,current primary brand is parent/company token; portfolio brand appears in product name
59800511346,KitKat Gold,nestlé,nestle,snacks,US_CANADA|FRANCE,en:canada|en:france,"Snacks, Sweet snacks, Cocoa and its products, Confectioneries, Bars, Chocolate candies, Bars covered with chocolate, Chocolate biscuity bars, fr:Barre chocolatée biscuitée type KitKat",nestle,nestle,kitkat,True,kitkat,Nestlé,top_company_portfolio_matrix_product_name,medium,current primary brand is parent/company token; portfolio brand appears in product name
59800523110,Aero Peppermint,nestle,nestle,snacks,US_CANADA|FRANCE,en:canada|en:france,"Snacks, Sweet snacks, Cocoa and its products, Confectioneries, Bars, Chocolate candies, Chocolates, Milk chocolates, Milk chocolate bar",nestle,nestle,aero,True,aero,Nestlé,top_company_portfolio_matrix_product_name,medium,current primary brand is parent/company token; portfolio brand appears in product name
59800849326,Kit Kat Bar White,nestlé,nestle,snacks,FRANCE,en:france,"Snacks, Snacks sucrés, Cacao et dérivés, Confiseries, Barres, Confiseries chocolatées, Barres chocolatées, Barres chocolatées biscuitées",nestle,nestle,nestle,False,,,no_change,,no more-specific Top 9 portfolio brand detected
59800849388,Kit Kat Cookies & Cream,nestlé,nestle,snacks,FRANCE,en:france,"Snacks,Snacks sucrés,Cacao et dérivés,Confiseries,Barres,Confiseries chocolatées,en:bars-covered-with-chocolate,Barres chocolatées biscuitées,Barre chocolatée biscuitée type KitKat",nestle,nestle,nestle,False,,,no_change,,no more-specific Top 9 portfolio brand detected
59800850278,Kit Kat White & Milk,nestlé,nestle,snacks,FRANCE,en:france,Barre chocolatée biscuitée type KitKat,nestle,nestle,nestle,False,,,no_change,,no more-specific Top 9 portfolio brand detected
59800990158,Barre De Chocolat Aero (grand Format),nestlé,nestle,snacks,US_CANADA|FRANCE,en:canada|en:france,"Snacks, Snacks sucrés, Cacao et dérivés, Confiseries, Barres, Confiseries chocolatées, Barres chocolatées",nestle,nestle,aero,True,aero,Nestlé,top_company_portfolio_matrix_product_name,medium,current primary brand is parent/company token; portfolio brand appears in product name
5986034,CANDY COATED MILK CHOCOLATE,nestlé,nestle,snacks,US_CANADA|FRANCE,en:canada|en:france,"Snacks, Sweet snacks, Cocoa and its products, Confectioneries, Chocolate candies, en:candies",nestle,nestle,nestle,False,,,no_change,,no more-specific Top 9 portfolio brand detected
5987130,Kitkat chunky popcorn,nestlé,nestle,snacks,US_CANADA|FRANCE,en:canada|en:france,"Snacks, Sweet snacks, Bars",nestle,nestle,kitkat,True,kitkat,Nestlé,top_company_portfolio_matrix_product_name,medium,current primary brand is parent/company token; portfolio brand appears in product name
59926436,Lapin Crisp Kit Kat,"nestlé, kit kat",nestle,snacks,FRANCE,en:france,"Snacks, Snacks sucrés, Cacao et dérivés, Aliments festifs, Chocolats, Moulages en chocolat, Chocolats au lait, Aliments de Pâques, Lapins en chocolat",nestle; kit kat,nestle,kitkat,True,kit kat,Nestlé,top_company_portfolio_matrix_off_brands,high,current primary brand is parent/company token; portfolio brand appears in OFF brands field
59926450,Lapin en chocolat Klapperhase,"nestlé, smarties",nestle,snacks,FRANCE,en:france,"Snacks, Snacks sucrés, Cacao et dérivés, Aliments festifs, Chocolats, Moulages en chocolat, Aliments de Pâques, Lapins en chocolat",nestle; smarties,nestle,smarties,True,smarties,Nestlé,top_company_portfolio_matrix_off_brands,high,current primary brand is parent/company token; portfolio brand appears in OFF brands field
59939764,Père Noël,"nestlé, smarties",nestle,snacks,FRANCE,en:france,"Snacks, Snacks sucrés, Cacao et dérivés, Aliments festifs, Aliments et boissons de Noël, Chocolats, Moulages en chocolat",nestle; smarties,nestle,smarties,True,smarties,Nestlé,top_company_portfolio_matrix_off_brands,high,current primary brand is parent/company token; portfolio brand appears in OFF brands field
59945765,SMARTIES Lapin 175g,"smarties, nestlé",smarties,snacks,FRANCE,en:france,"Snacks, Snacks sucrés, Cacao et dérivés, Confiseries, Confiseries chocolatées",smarties; nestle,smarties,smarties,False,,,no_change,,no more-specific Top 9 portfolio brand detected
59947493,SMARTIES poussin 85g,"nestlé, smarties",nestle,snacks,FRANCE,en:france,"Snacks, Snacks sucrés, Cacao et dérivés, Confiseries, Aliments festifs, Confiseries chocolatées, Bonbons de chocolat, Chocolats, Chocolats au lait, Aliments de Pâques, Bonbons de chocolat au lait, Confiseries au chocolat dragéifiées",nestle; smarties,nestle,smarties,True,smarties,Nestlé,top_company_portfolio_matrix_off_brands,high,current primary brand is parent/company token; portfolio brand appears in OFF brands field
59947509,CRUNCH lapin 88g,"nestlé, crunch",nestle,snacks,FRANCE,en:france,"Snacks, Snacks sucrés, Cacao et dérivés, Confiseries, Confiseries chocolatées",nestle; crunch,nestle,crunch,True,crunch,,top_company_portfolio_matrix_off_brands,high,current primary brand is parent/company token; another OFF brand token needs brand-level review
59947516,KITKAT Lapin 175g,"kit kat, nestlé, kitkat",kit kat,snacks,FRANCE,en:france,"Snacks, Snacks sucrés, Cacao et dérivés, Confiseries, Confiseries chocolatées",kit kat; nestle; kitkat,kit kat,kitkat,True,kitkat,Nestlé,top_company_portfolio_matrix_off_brands,high,known portfolio brand appears in OFF brands field
59947530,Oeuf chocolat au lait,nestlé,nestle,snacks,FRANCE,en:france,"Snacks, Snacks sucrés, Cacao et dérivés, Aliments festifs, Chocolats, Moulages en chocolat, Aliments de Pâques, Oeufs en chocolat, Œufs de Pâques, Œufs en chocolat creux",nestle,nestle,nestle,False,,,no_change,,no more-specific Top 9 portfolio brand detected
59948902,CRUNCH moulage rennes 88g,"nestlé, crunch",nestle,snacks,FRANCE,en:france,"Snacks, Snacks sucrés, Cacao et dérivés, Confiseries, Confiseries chocolatées",nestle; crunch,nestle,crunch,True,crunch,,top_company_portfolio_matrix_off_brands,high,current primary brand is parent/company token; another OFF brand token needs brand-level review
59949305,Kitkat œuf géant,"kitkat, nestlé",kitkat,snacks,FRANCE,en:france,"Cocoa and its products, Festive foods, Easter food, Chocolate eggs, Easter eggs, en:chocolate-candies",kitkat; nestle,kitkat,kitkat,False,,,no_change,,no more-specific Top 9 portfolio brand detected
59968092,Lapin figurine chocolat au lait,"nestlé, smarties",nestle,snacks,FRANCE,en:france,"Snacks, Snacks sucrés, Cacao et dérivés, Confiseries, Confiseries chocolatées",nestle; smarties,nestle,smarties,True,smarties,Nestlé,top_company_portfolio_matrix_off_brands,high,current primary brand is parent/company token; portfolio brand appears in OFF brands field
59968320,CRUNCH œuf géant 175g,"nestlé, crunch",nestle,snacks,FRANCE,en:france,"Snacks, Snacks sucrés, Cacao et dérivés, Confiseries, Confiseries chocolatées",nestle; crunch,nestle,crunch,True,crunch,,top_company_portfolio_matrix_off_brands,high,current primary brand is parent/company token; another OFF brand token needs brand-level review
6000782327290,Quality Street,"nestlé, quality street",nestle,snacks,FRANCE,en:france,"Snacks, Snacks sucrés, Cacao et dérivés, Confiseries, Confiseries chocolatées, Bonbons de chocolat, Assortiments de bonbons de chocolat",nestle; quality street,nestle,quality street,True,quality street,Nestlé,top_company_portfolio_matrix_off_brands,high,current primary brand is parent/company token; portfolio brand appears in OFF brands field
6001068592708,Chocolate Log,nestlé,nestle,snacks,FRANCE,en:france|en:south-africa,"Snacks, Sweet snacks, Cocoa and its products, Confectioneries, Bars, Chocolate candies, Bars covered with chocolate",nestle,nestle,nestle,False,,,no_change,,no more-specific Top 9 portfolio brand detected
6001068643707,,nestlé,nestle,snacks,FRANCE,en:france,"Snacks,Sweet snacks,Cocoa and its products,Confectioneries,Chocolate candies,Bars,Candy chocolate bars,White chocolate bars",nestle,nestle,nestle,False,,,no_change,,no more-specific Top 9 portfolio brand detected
6294003532987,Nestle Kitkat 4 Fingers Chocolate,nestlé,nestle,snacks,FRANCE,en:france|en:morocco|en:united-arab-emirates,"Snacks, Sweet snacks, Cocoa and its products, Confectioneries, Bars, Chocolate candies, Bars covered with chocolate, Chocolate biscuity bars",nestle,nestle,kitkat,True,kitkat,Nestlé,top_company_portfolio_matrix_product_name,medium,current primary brand is parent/company token; portfolio brand appears in product name
6294003550196,kitkat,nestlé,nestle,snacks,FRANCE,en:france|en:morocco,"Snacks, Snacks sucrés, Cacao et dérivés, Confiseries, Barres, Confiseries chocolatées, Barres chocolatées, Barres chocolatées biscuitées",nestle,nestle,kitkat,True,kitkat,Nestlé,top_company_portfolio_matrix_product_name,medium,current primary brand is parent/company token; portfolio brand appears in product name
6294003568665,Kit Kat Mini Moments 12PCS,nestlé,nestle,snacks,FRANCE,en:france,"Snacks,Snacks sucrés,Cacao et dérivés,Confiseries,Barres,Confiseries chocolatées,en:bars-covered-with-chocolate,Barres chocolatées biscuitées,Barre chocolatée biscuitée type KitKat",nestle,nestle,nestle,False,,,no_change,,no more-specific Top 9 portfolio brand detected
6294003571030,Kit kat you,"nestlé, kit kat",nestle,snacks,FRANCE|SOUTHERN_EUROPE,en:france|en:spain,"Snacks, Snacks sucrés, Biscuits et gâteaux, Biscuits, Gaufrettes",nestle; kit kat,nestle,kitkat,True,kit kat,Nestlé,top_company_portfolio_matrix_off_brands,high,current primary brand is parent/company token; portfolio brand appears in OFF brands field
6294003582777,KitKat Sense mini desserts,"nestlé, kitkat",nestle,snacks,FRANCE,en:france,"Snacks, Snacks sucrés, Cacao et dérivés, Confiseries, Confiseries chocolatées, Bonbons de chocolat, Assortiments de bonbons de chocolat",nestle; kitkat,nestle,kitkat,True,kitkat,Nestlé,top_company_portfolio_matrix_off_brands,high,current primary brand is parent/company token; portfolio brand appears in OFF brands field
6353342,Blanc,nestle dessert,nestle,snacks,FRANCE,en:france,"Snacks, Snacks sucrés, Cacao et dérivés, Chocolats, Chocolats blancs",nestle dessert,nestle,dessert,True,nestle dessert,,top_company_portfolio_matrix_off_brands,high,current primary brand is parent/company token; another OFF brand token needs brand-level review
643435040700,Chocolat noir,nestlé dessert,nestle,snacks,FRANCE,en:france,"Snacks, Sweet snacks, Cocoa and its products, Chocolates, en:dark-chocolates",nestle dessert,nestle,dessert,True,nestle dessert,,top_company_portfolio_matrix_off_brands,high,current primary brand is parent/company token; another OFF brand token needs brand-level review
7004789983281,After Eight,nestlé,nestle,snacks,FRANCE|DACH,en:france|en:germany,en:chocolates,nestle,nestle,nestle,False,,,no_change,,no more-specific Top 9 portfolio brand detected
7303034065933,Cookies aux pépites de chocolat,nestlé,nestle,snacks,FRANCE,en:france,"Snacks, Snacks sucrés, Biscuits et gâteaux, Biscuits, Biscuits au chocolat, Cookies, Cookies au chocolat",nestle,nestle,nestle,False,,,no_change,,no more-specific Top 9 portfolio brand detected
7370793,Berry Crunch Flavour Bar,"nestlé,optifast",nestle,snacks,FRANCE,en:france,"Snacks, Desserts, Frozen foods, Sweet snacks, Frozen desserts, Ice creams and sorbets, Bars, Ice creams, Ice cream tubs, Coffee ice cream tubs, en:bodybuilding-supplements",nestle; optifast,nestle,optifast,True,optifast,,top_company_portfolio_matrix_off_brands,high,current primary brand is parent/company token; another OFF brand token needs brand-level review
7501073411173,chocolate Abuelita tableta,nestlé,nestle,snacks,FRANCE|SOUTHERN_EUROPE,en:france|en:spain,"Snacks, Snacks sucrés, Cacao et dérivés, Chocolats",nestle,nestle,nestle,False,,,no_change,,no more-specific Top 9 portfolio brand detected
75628536,Chocolat au lait des Alpes Suisses,nestlé,nestle,snacks,FRANCE|DACH,en:france|en:switzerland,"Snacks, Snacks sucrés, Cacao et dérivés, Chocolats, Chocolats au lait",nestle,nestle,nestle,False,,,no_change,,no more-specific Top 9 portfolio brand detected
7591016871089,Cocosette,nestlé,nestle,snacks,FRANCE,en:france,en:biscuits,nestle,nestle,nestle,False,,,no_change,,no more-specific Top 9 portfolio brand detected
7593894720442,Nuts,nestlé,nestle,snacks,FRANCE,en:france,"Snacks, Snacks sucrés, Cacao et dérivés, Confiseries, Barres, Confiseries chocolatées, Barres chocolatées",nestle,nestle,nestle,False,,,no_change,,no more-specific Top 9 portfolio brand detected
7593894761469,Galak Praliné,nestlé,nestle,snacks,FRANCE,en:france,"Snacks, Snacks sucrés, Cacao et dérivés, Chocolats, Chocolats blancs, Chocolats fourrés, Chocolats blancs fourrés",nestle,nestle,nestle,False,,,no_change,,no more-specific Top 9 portfolio brand detected
7610100033247,cuisine - Kakaopulver,"cailler,nestlé",cailler,snacks,FRANCE|DACH,en:france|en:germany|en:switzerland,"Imbiss, Süßer Snack, Kakao und Kakaoprodukte, Süßwaren, Kakao- und Schokoladenpulver, Kakaopulver, Beverages",cailler; nestle,cailler,cailler,False,,,no_change,,no more-specific Top 9 portfolio brand detected
7610100055553,Nesquik - Chocolat au lait fourré aux crème de lait,nestlé,nestle,snacks,FRANCE|SOUTHERN_EUROPE,en:france|en:spain,"Snacks, Snacks sucrés, Cacao et dérivés, Chocolats, Chocolats au lait",nestle,nestle,nesquik,True,nesquik,Nestlé,top_company_portfolio_matrix_product_name,medium,current primary brand is parent/company token; portfolio brand appears in product name
7613030612339,Super 8,nestlé,nestle,snacks,FRANCE,en:bolivia|en:chile|en:france,"Snacks, Sweet snacks, Cocoa and its products, Confectioneries, Chocolate candies, Bars, Candy chocolate bars, en:chocolate-biscuits",nestle,nestle,nestle,False,,,no_change,,no more-specific Top 9 portfolio brand detected
7613031079506,Cailler Napolitain,"nestlé, cailler",nestle,snacks,FRANCE|DACH,en:france|en:switzerland,"Snacks, Snacks sucrés, Cacao et dérivés, Chocolats, Assortiments de chocolats",nestle; cailler,nestle,cailler,True,cailler,Nestlé,top_company_portfolio_matrix_off_brands,high,current primary brand is parent/company token; portfolio brand appears in OFF brands field
7613031080366,,nestlé,nestle,snacks,FRANCE|DACH,en:france|en:germany|en:switzerland,"Snacks, Sweet snacks, Cocoa and its products, Chocolates, Dark chocolates",nestle,nestle,nestle,False,,,no_change,,no more-specific Top 9 portfolio brand detected
7613031081240,Chocolat au lait aux noisettes entières,"nestlé, cailler",nestle,snacks,FRANCE|DACH,en:france|en:switzerland,"Snacks, Snacks sucrés, Cacao et dérivés, Chocolats, Chocolats au lait, Chocolats aux noisettes, Chocolats au lait aux noisettes",nestle; cailler,nestle,cailler,True,cailler,Nestlé,top_company_portfolio_matrix_off_brands,high,current primary brand is parent/company token; portfolio brand appears in OFF brands field
7613031081363,CRÉMANT 400g MEGA FORMAT,"nestlé, cailler",nestle,snacks,FRANCE|DACH,en:france|en:germany|en:switzerland,"Snacks, Snacks sucrés, Cacao et dérivés, Chocolats, Chocolats noirs",nestle; cailler,nestle,cailler,True,cailler,Nestlé,top_company_portfolio_matrix_off_brands,high,current primary brand is parent/company token; portfolio brand appears in OFF brands field
7613031082100,Dessert chocolat au lait et praliné gianduja,"nestlé, cailler",nestle,snacks,FRANCE|DACH,en:france|en:germany|en:switzerland,"Snacks, Desserts, Sweet snacks, Cocoa and its products, Confectioneries, Chocolates, Milk chocolates, en:filled-milk-chocolates",nestle; cailler,nestle,cailler,True,cailler,Nestlé,top_company_portfolio_matrix_off_brands,high,current primary brand is parent/company token; portfolio brand appears in OFF brands field
7613031082193,Frigor Lait,"nestlé, cailler",nestle,snacks,FRANCE|DACH,en:france|en:switzerland,"Snacks, Snacks sucrés, Cacao et dérivés, Chocolats, Chocolats au lait, Chocolats fourrés",nestle; cailler,nestle,cailler,True,cailler,Nestlé,top_company_portfolio_matrix_off_brands,high,current primary brand is parent/company token; portfolio brand appears in OFF brands field
7613031085293,Chocomel,"cailler,jello,nestlé",cailler,snacks,FRANCE|DACH,en:france|en:germany|en:switzerland,"Snacks,Sweet snacks,Cocoa and its products,Chocolates,Milk chocolates,Chocolates with almonds,Milk chocolates with almonds",cailler; jello; nestle,cailler,jell o,True,jello,Kraft Heinz,top_company_portfolio_matrix_off_brands,high,known portfolio brand appears in OFF brands field
7613031085385,Chocolat au lait aux noisettes entières,"nestlé, cailler",nestle,snacks,FRANCE|DACH,en:france|en:germany|en:switzerland,"Snacks, Snacks sucrés, Cacao et dérivés, Chocolats, Chocolats au lait, Chocolats aux noisettes, Chocolats au lait aux noisettes",nestle; cailler,nestle,cailler,True,cailler,Nestlé,top_company_portfolio_matrix_off_brands,high,current primary brand is parent/company token; portfolio brand appears in OFF brands field
7613031098231,Branche cailler,"nestlé, cailler",nestle,snacks,FRANCE|DACH,en:france|en:switzerland,"Snacks, Snacks sucrés, Cacao et dérivés, Chocolats, Chocolats au lait, Chocolats aux noisettes, Chocolats au lait aux noisettes",nestle; cailler,nestle,cailler,True,cailler,Nestlé,top_company_portfolio_matrix_off_brands,high,current primary brand is parent/company token; portfolio brand appears in OFF brands field
7613031234929,Chocolat au lait aux noisettes entières,"nestlé, cailler",nestle,snacks,FRANCE|DACH,en:france|en:switzerland,"Snacks, Snacks sucrés, Cacao et dérivés, Chocolats, Chocolats au lait, Chocolats aux noisettes, Chocolats au lait aux noisettes",nestle; cailler,nestle,cailler,True,cailler,Nestlé,top_company_portfolio_matrix_off_brands,high,current primary brand is parent/company token; portfolio brand appears in OFF brands field
7613031247103,After Eight Mint & Orange,"nestlé, after eight",nestle,snacks,FRANCE|DACH,en:france|en:switzerland,"Snacks, Snacks sucrés, Cacao et dérivés, Chocolats",nestle; after eight,nestle,after eight,True,after eight,,top_company_portfolio_matrix_off_brands,high,current primary brand is parent/company token; another OFF brand token needs brand-level review
7613031471836,Mousse délicate fine coque de lait,nestlé,nestle,snacks,FRANCE,en:france,"Snacks, Snacks sucrés, Cacao et dérivés, Confiseries, Confiseries chocolatées, Bonbons de chocolat",nestle,nestle,nestle,False,,,no_change,,no more-specific Top 9 portfolio brand detected
7613031474950,Bombones De Chocolate,nestlé,nestle,snacks,FRANCE,en:france,"Snacks, Snacks sucrés, Cacao et dérivés, Confiseries, Confiseries chocolatées, Bonbons de chocolat",nestle,nestle,nestle,False,,,no_change,,no more-specific Top 9 portfolio brand detected
7613031483938,After Eight Extra dark Mint chocolate thins,"nestlé, after eight",nestle,snacks,FRANCE,en:france,"Snacks, Snacks sucrés, Cacao et dérivés, Confiseries, Chocolats, Chocolats noirs",nestle; after eight,nestle,after eight,True,after eight,,top_company_portfolio_matrix_off_brands,high,current primary brand is parent/company token; another OFF brand token needs brand-level review
7613031501397,Bombones surtidos,nestlé,nestle,snacks,FRANCE|SOUTHERN_EUROPE,en:france|en:spain,"Botanas, Snacks dulces, Cacao y sus productos, Dulces, Dulces de chocolate, Bombones",nestle,nestle,nestle,False,,,no_change,,no more-specific Top 9 portfolio brand detected
7613031552139,NESTLÉ NATURNES Purée bébé Pommes Coings -4x130g -Dès 4/6 mois,"nestlé, naturnes",nestle,snacks,FRANCE,en:france,"Aliments et boissons à base de végétaux, Aliments d'origine végétale, Aliments à base de fruits et de légumes, Desserts, Fruits et produits dérivés, Aliments pour bébé, Goûters et desserts pour bébé, Compotes, Dès 4 mois, Desserts au fruit pour bébé, Dès 6 mois, Compotes pour bébé",nestle; naturnes,nestle,naturnes,True,naturnes,,top_company_portfolio_matrix_off_brands,high,current primary brand is parent/company token; another OFF brand token needs brand-level review
7613031552160,NESTLÉ NATURNES Purée bébé Pommes Pruneaux -4x130g -Dès 4/6 mois,"nestlé, naturnes",nestle,snacks,FRANCE,en:france,"Aliments et boissons à base de végétaux, Aliments d'origine végétale, Aliments à base de fruits et de légumes, Desserts, Fruits et produits dérivés, Aliments pour bébé, Goûters et desserts pour bébé, Compotes, Dès 6 mois, Compotes pour bébé",nestle; naturnes,nestle,naturnes,True,naturnes,,top_company_portfolio_matrix_off_brands,high,current primary brand is parent/company token; another OFF brand token needs brand-level review
7613031552221,NESTLÉ NATURNES Purée bébé Pommes Bananes -4x130g -Dès 4/6 mois,"nestlé, naturnes",nestle,snacks,FRANCE,en:france,"Aliments et boissons à base de végétaux, Aliments d'origine végétale, Aliments à base de fruits et de légumes, Desserts, Fruits et produits dérivés, Aliments pour bébé, Goûters et desserts pour bébé, Compotes, Dès 6 mois, Compotes pour bébé",nestle; naturnes,nestle,naturnes,True,naturnes,,top_company_portfolio_matrix_off_brands,high,current primary brand is parent/company token; another OFF brand token needs brand-level review
7613031552252,NESTLÉ NATURNES Purée bébé Pommes Poires -4x130g -Dès 4/6 mois,"nestlé, naturnes",nestle,snacks,FRANCE,en:france,"Aliments et boissons à base de végétaux, Aliments d'origine végétale, Aliments à base de fruits et de légumes, Desserts, Fruits et produits dérivés, Aliments pour bébé, Goûters et desserts pour bébé, Compotes, Dès 6 mois, Compotes pour bébé",nestle; naturnes,nestle,naturnes,True,naturnes,,top_company_portfolio_matrix_off_brands,high,current primary brand is parent/company token; another OFF brand token needs brand-level review
7613031552283,NaturNes Poires,nestlé,nestle,snacks,FRANCE,en:france,"Aliments et boissons à base de végétaux, Aliments d'origine végétale, Aliments à base de fruits et de légumes, Desserts, Fruits et produits dérivés, Aliments pour bébé, Goûters et desserts pour bébé, Compotes, Dès 4 mois, Dès 6 mois, Compotes pour bébé",nestle,nestle,nestle,False,,,no_change,,no more-specific Top 9 portfolio brand detected
7613031552344,NESTLÉ NATURNES Purée bébé Fruits du Verger -4x130g -Dès 6 mois,"nestlé, naturnes",nestle,snacks,FRANCE,en:france,"Aliments et boissons à base de végétaux, Aliments d'origine végétale, Aliments à base de fruits et de légumes, Desserts, Fruits et produits dérivés, Aliments pour bébé, Goûters et desserts pour bébé, Compotes, Desserts au fruit pour bébé, Dès 6 mois, Compotes pour bébé",nestle; naturnes,nestle,naturnes,True,naturnes,,top_company_portfolio_matrix_off_brands,high,current primary brand is parent/company token; another OFF brand token needs brand-level review
7613031552375,NESTLÉ NATURNES Purée bébé Pommes Pêches -4x130g -Dès 4/6 mois,"nestlé, naturnes",nestle,snacks,FRANCE,en:france,"Aliments et boissons à base de végétaux, Aliments d'origine végétale, Aliments à base de fruits et de légumes, Desserts, Fruits et produits dérivés, Aliments pour bébé, Goûters et desserts pour bébé, Compotes, Dès 4 mois, Plats principaux pour bébé, Petits pots aux fruits sans banane pour bébé, Dès 6 mois, Compotes pour bébé",nestle; naturnes,nestle,naturnes,True,naturnes,,top_company_portfolio_matrix_off_brands,high,current primary brand is parent/company token; another OFF brand token needs brand-level review
7613031552436,NESTLÉ NATURNES Purée bébé Pommes Framboises -4x130g -Dès 6 mois,"nestlé, naturnes",nestle,snacks,FRANCE,en:france,"Aliments et boissons à base de végétaux, Aliments d'origine végétale, Aliments à base de fruits et de légumes, Desserts, Fruits et produits dérivés, Aliments pour bébé, Goûters et desserts pour bébé, Compotes, Dès 6 mois, Compotes pour bébé",nestle; naturnes,nestle,naturnes,True,naturnes,,top_company_portfolio_matrix_off_brands,high,current primary brand is parent/company token; another OFF brand token needs brand-level review
7613031552498,NESTLE NATURNES Purée bébé Fruits du soleil -4x130g -Dès 8 mois,"nestlé, naturnes",nestle,snacks,FRANCE,en:france,"Plant-based foods and beverages, Plant-based foods, Fruits and vegetables based foods, Desserts, Fruits based foods, Baby foods, Snacks and desserts for babies, Compotes, From 8 months, Baby fruit desserts, fr:Compotes pour bébé, en:from-6-months",nestle; naturnes,nestle,naturnes,True,naturnes,,top_company_portfolio_matrix_off_brands,high,current primary brand is parent/company token; another OFF brand token needs brand-level review
7613031553310,NESTLE NATURNES Purée bébé Pommes Fraises Myrtil-4x130g-Dès 6 mois,"nestlé, naturnes",nestle,snacks,FRANCE,en:france,"Aliments et boissons à base de végétaux, Aliments d'origine végétale, Aliments à base de fruits et de légumes, Desserts, Fruits et produits dérivés, Aliments pour bébé, Goûters et desserts pour bébé, Compotes, Dès 4 mois, Dès 6 mois, Compotes pour bébé",nestle; naturnes,nestle,naturnes,True,naturnes,,top_company_portfolio_matrix_off_brands,high,current primary brand is parent/company token; another OFF brand token needs brand-level review
7613031572007,Smarties Family Pack,nestlé,nestle,snacks,FRANCE|DACH,en:france|en:switzerland,"Snacks, Snacks sucrés, Cacao et dérivés, Confiseries, Confiseries chocolatées, Bonbons de chocolat, Bonbons, Bonbons dragéifiés",nestle,nestle,smarties,True,smarties,Nestlé,top_company_portfolio_matrix_product_name,medium,current primary brand is parent/company token; portfolio brand appears in product name
7613031572069,Yes Cacao,"nestlé, kochenmeister, yes",nestle,snacks,FRANCE|DACH,en:france|en:germany|en:switzerland,"Snacks, Desserts, Snacks sucrés, Biscuits et gâteaux, Gâteaux, Gâteaux au chocolat, Génoises en tranches fourrées",nestle; kochenmeister; yes,nestle,kochenmeister,True,kochenmeister,,top_company_portfolio_matrix_off_brands,high,current primary brand is parent/company token; another OFF brand token needs brand-level review
7613031627394,Smarties Weihnachtskugeln,"nestlé, smarties",nestle,snacks,FRANCE|DACH,en:france|en:germany,"Imbiss, Süßer Snack, Kakao und Kakaoprodukte, Festtagsessen, Weihnachtliches Essen und Getränke, Schokoladen, Weihnachtsschokolade",nestle; smarties,nestle,smarties,True,smarties,Nestlé,top_company_portfolio_matrix_off_brands,high,current primary brand is parent/company token; portfolio brand appears in OFF brands field
7613032021573,Galak - Spéculoos,"nestlé, galak",nestle,snacks,FRANCE,en:france,"Snacks, Snacks sucrés, Cacao et dérivés, Chocolats, Chocolats au lait, Chocolats blancs, Chocolats au speculoos, Chocolat au lait au speculoos",nestle; galak,nestle,galak,True,galak,,top_company_portfolio_matrix_off_brands,high,current primary brand is parent/company token; another OFF brand token needs brand-level review
7613032044145,Caja roja,nestlé,nestle,snacks,FRANCE|SOUTHERN_EUROPE,en:france|en:spain,"snacks, sweet-snacks, cocoa-and-its-products, confectioneries, chocolate-candies, bonbons, fr:assortiments-de-bonbons-de-chocolat",nestle,nestle,nestle,False,,,no_change,,no more-specific Top 9 portfolio brand detected
7613032195953,Smarties mini,nestlé,nestle,snacks,FRANCE|DACH,en:france|en:switzerland,"Snacks, Snacks sucrés, Cacao et dérivés, Confiseries, Confiseries chocolatées, Bonbons dragéifiés",nestle,nestle,smarties,True,smarties,Nestlé,top_company_portfolio_matrix_product_name,medium,current primary brand is parent/company token; portfolio brand appears in product name
7613032201074,Balaton,nestlé,nestle,snacks,FRANCE,en:france|en:hungary,Csokoládéval töltött ostya,nestle,nestle,nestle,False,,,no_change,,no more-specific Top 9 portfolio brand detected
7613032201098,BALATON® Ét,nestlé,nestle,snacks,FRANCE,en:france|en:hungary,"Snackek, Cukros ételek, en:Cocoa and its products, Cukrász áruk, Szeletek, Kekszek és sütemények, Csokoládés cukorka, Kekszek, Sütemények, Ostya, Csokoládés szelet, Töltött ostya",nestle,nestle,nestle,False,,,no_change,,no more-specific Top 9 portfolio brand detected
7613032230180,Smarties 3x38g Packung Nestlé,nestlé,nestle,snacks,FRANCE,en:france,"Snacks, Snacks sucrés, Cacao et dérivés, Confiseries, Confiseries chocolatées, Bonbons de chocolat, Bonbons dragéifiés",nestle,nestle,smarties,True,smarties,Nestlé,top_company_portfolio_matrix_product_name,medium,current primary brand is parent/company token; portfolio brand appears in product name
7613032310844,Kinder Biscuit,nestlé,nestle,snacks,FRANCE|DACH,en:france|en:switzerland,"Snacks, Snacks sucrés, Biscuits et gâteaux, Biscuits",nestle,nestle,nestle,False,,,no_change,,no more-specific Top 9 portfolio brand detected
7613032406172,Assortiment de 44 chocolat extra-fins,nestlé,nestle,snacks,FRANCE,en:france,"Snacks, Snacks sucrés, Cacao et dérivés, Confiseries, Confiseries chocolatées, Bonbons de chocolat, Assortiments de bonbons de chocolat",nestle,nestle,nestle,False,,,no_change,,no more-specific Top 9 portfolio brand detected
7613032413491,Crunch Snack,nestlé,nestle,snacks,FRANCE,en:france,"Snacks, Snacks sucrés, Cacao et dérivés, Confiseries, Barres, Biscuits et gâteaux, Confiseries chocolatées, Biscuits, Biscuits au chocolat, Barres chocolatées, Barres chocolatées biscuitées",nestle,nestle,nestle,False,,,no_change,,no more-specific Top 9 portfolio brand detected
7613032427313,Crunch snack,nestlé,nestle,snacks,FRANCE,en:france,"Snacks, Snacks sucrés, Cacao et dérivés, Confiseries, Barres, Confiseries chocolatées, Barres chocolatées",nestle,nestle,nestle,False,,,no_change,,no more-specific Top 9 portfolio brand detected
7613032458737,NESTLE P'tit Biscuit- Etui 180g - Dès 12 mois,"nestlé, p'tit biscuit",nestle,snacks,FRANCE,en:france,"Snacks, Sweet snacks, Baby foods, Biscuits and cakes, Snacks and desserts for babies, From 12 months old, Biscuits for babies, en:biscuits",nestle; ptit biscuit,nestle,ptit biscuit,True,ptit biscuit,,top_company_portfolio_matrix_off_brands,high,current primary brand is parent/company token; another OFF brand token needs brand-level review
7613032460488,Grand Chocolat Sublime 80%,nestlé,nestle,snacks,FRANCE,en:france,"Snacks, Snacks sucrés, Cacao et dérivés, Chocolats, Chocolats noirs",nestle,nestle,nestle,False,,,no_change,,no more-specific Top 9 portfolio brand detected
7613032462673,After Eight Menthe & Saveur Citron,"nestlé, after eight",nestle,snacks,FRANCE,en:france,"Snacks, Snacks sucrés, Cacao et dérivés, Confiseries, Chocolats",nestle; after eight,nestle,after eight,True,after eight,,top_company_portfolio_matrix_off_brands,high,current primary brand is parent/company token; another OFF brand token needs brand-level review
7613032471842,NESTLÉ DESSERT Caramel 170g,"nestlé, nestle dessert, tablettes",nestle,snacks,US_CANADA|FRANCE,en:canada|en:france,"Snacks, Sweet snacks, Cocoa and its products, Chocolates, Milk chocolates, Caramel chocolates, Milk chocolate bar, Milk chocolate with caramel, en:filled-milk-chocolates, Aides culinaires, Aides culinaires conservables",nestle; nestle dessert; tablettes,nestle,dessert,True,nestle dessert,,top_company_portfolio_matrix_off_brands,high,current primary brand is parent/company token; another OFF brand token needs brand-level review
7613032476328,Grand Chocolat - Fondant aux amandes (Lait),nestlé,nestle,snacks,FRANCE,en:france,"Snacks, Snacks sucrés, Cacao et dérivés, Chocolats, Chocolats au lait, Chocolats fourrés, Chocolats fourrés au praliné, Chocolats au lait extra fin, Chocolats au lait fourrés",nestle,nestle,nestle,False,,,no_change,,no more-specific Top 9 portfolio brand detected
7613032586577,Chocolat Quality Street,"nestlé, quality street",nestle,snacks,FRANCE,en:france,en:bonbons,nestle; quality street,nestle,quality street,True,quality street,Nestlé,top_company_portfolio_matrix_off_brands,high,current primary brand is parent/company token; portfolio brand appears in OFF brands field
7613032596101,"KITKAT Mini Barre au chocolat au Lait, 350g +10%, format promotionnel","nestlé, kit kat minis",nestle,snacks,FRANCE,en:france,"Snacks,Snacks sucrés,Cacao et dérivés,Confiseries,Barres,Confiseries chocolatées,en:bars-covered-with-chocolate,Barres chocolatées biscuitées,Barre chocolatée biscuitée type KitKat",nestle; kit kat minis,nestle,kit kat minis,True,kit kat minis,,top_company_portfolio_matrix_off_brands,high,current primary brand is parent/company token; another OFF brand token needs brand-level review
7613032603533,Nestle Smarties,nestlé,nestle,snacks,FRANCE,en:france,"Snacks, Sweet snacks, Cocoa and its products, Confectioneries, Chocolate candies, Bonbons, fr:Bonbons dragéifiés",nestle,nestle,smarties,True,smarties,Nestlé,top_company_portfolio_matrix_product_name,medium,current primary brand is parent/company token; portfolio brand appears in product name
7613032604189,Smarties,nestlé,nestle,snacks,FRANCE,en:france,"Snacks, Snacks sucrés, Cacao et dérivés, Confiseries, Confiseries chocolatées, Bonbons de chocolat, Bonbons dragéifiés",nestle,nestle,smarties,True,smarties,Nestlé,top_company_portfolio_matrix_product_name,medium,current primary brand is parent/company token; portfolio brand appears in product name
7613032625474,Lion,"nestlé, lion",nestle,snacks,NORDICS|FRANCE|DACH,en:denmark|en:france|en:germany,"Snacks, Sweet snacks, Cocoa and its products, Confectioneries, Chocolate candies, Bars, Candy chocolate bars, en:bonbons",nestle; lion,nestle,lion,True,lion,Nestlé,top_company_portfolio_matrix_off_brands,high,current primary brand is parent/company token; portfolio brand appears in OFF brands field
7613032628154,Barres Lion,"nestlé, lion",nestle,snacks,FRANCE,en:france,"Snacks,Snacks sucrés,Cacao et dérivés,Confiseries,Barres,Confiseries chocolatées,Barres chocolatées,Barres chocolatées au caramel,Barres chocolatées au lait et aux céréales,Barres chocolatées biscuitées",nestle; lion,nestle,lion,True,lion,Nestlé,top_company_portfolio_matrix_off_brands,high,current primary brand is parent/company token; portfolio brand appears in OFF brands field
7613032630379,Lion🦁 Chocolat🍫,"nestlé, lion",nestle,snacks,BENELUX|FRANCE,en:belgium|en:france,"Snacks, Snacks sucrés, Cacao et dérivés, Confiseries, Barres, Biscuits et gâteaux, Confiseries chocolatées, Barres chocolatées, Barres chocolatées biscuitées",nestle; lion,nestle,lion,True,lion,Nestlé,top_company_portfolio_matrix_off_brands,high,current primary brand is parent/company token; portfolio brand appears in OFF brands field
7613032630409,LION White barre chocolatée 42g,"nestlé, lion, lion white",nestle,snacks,FRANCE|DACH,en:france|en:germany,"snacks, snacks-sucrés, cacao-et-dérivés, confiseries, confiseries-chocolatées, barres, barres-chocolatées, de:imbiss, de:riegel, de:schokoladenkonfekt, de:schokoriegel, en:süßer-snack, en:süßwaren, de:getreideriegel, de:imbiss, de:riegel, süßer-snack",nestle; lion; lion white,nestle,lion,True,lion,Nestlé,top_company_portfolio_matrix_off_brands,high,current primary brand is parent/company token; portfolio brand appears in OFF brands field
7613032632830,Lion mini (+10% gratuit),nestlé,nestle,snacks,FRANCE,en:france,"Snacks, Snacks sucrés, Cacao et dérivés, Confiseries, Barres, Confiseries chocolatées, Barres chocolatées",nestle,nestle,lion,True,lion,Nestlé,top_company_portfolio_matrix_product_name,medium,current primary brand is parent/company token; portfolio brand appears in product name
7613032633066,Lion,nestlé,nestle,snacks,FRANCE,en:france,"Snacks, Snacks sucrés, Cacao et dérivés, Confiseries, Barres, Confiseries chocolatées, Barres chocolatées",nestle,nestle,lion,True,lion,Nestlé,top_company_portfolio_matrix_product_name,medium,current primary brand is parent/company token; portfolio brand appears in product name
7613032638801,LION MINI Barres chocolatées - sachet 350g,"nestlé, lion mini",nestle,snacks,FRANCE|SOUTHERN_EUROPE,en:france|en:spain,"Snacks, Snacks sucrés, Cacao et dérivés, Confiseries, Barres, Confiseries chocolatées, Barres chocolatées, Barres chocolatées biscuitées",nestle; lion mini,nestle,lion mini,True,lion mini,,top_company_portfolio_matrix_off_brands,high,current primary brand is parent/company token; another OFF brand token needs brand-level review
7613032649647,LION Barres chocolatées - 3x42g,"lion, nestlé",lion,snacks,FRANCE|BENELUX|SOUTHERN_EUROPE,en:france|en:netherlands|en:portugal,"Lanches comida,Lanches doces,Cacau e derivados,Confeitaria,Bombons de chocolate,Barras,Barras de chocolate,en:Chocolate biscuity bars",lion; nestle,lion,lion,False,,,no_change,,no more-specific Top 9 portfolio brand detected
7613032656058,Smarties mini (+10% gratuit),"nestlé, smarties",nestle,snacks,FRANCE,en:france,"Snacks, Snacks sucrés, Cacao et dérivés, Confiseries, Confiseries chocolatées, Bonbons de chocolat, Bonbons",nestle; smarties,nestle,smarties,True,smarties,Nestlé,top_company_portfolio_matrix_off_brands,high,current primary brand is parent/company token; portfolio brand appears in OFF brands field
7613032702373,Smarties,nestlé,nestle,snacks,BENELUX|FRANCE,en:belgium|en:france,"Snacks, Snacks sucrés, Cacao et dérivés, Confiseries, Confiseries chocolatées, Bonbons de chocolat, Bonbons, Bonbons dragéifiés",nestle,nestle,smarties,True,smarties,Nestlé,top_company_portfolio_matrix_product_name,medium,current primary brand is parent/company token; portfolio brand appears in product name
7613032702441,Grand Chocolat Lait - Caramel Pointe de Sel,nestlé,nestle,snacks,FRANCE,en:france,"Snacks, Snacks sucrés, Cacao et dérivés, Chocolats, Chocolats au lait",nestle,nestle,nestle,False,,,no_change,,no more-specific Top 9 portfolio brand detected
7613032705497,Smarties Mini,nestlé,nestle,snacks,BENELUX|FRANCE,en:belgium|en:france,"Botanas,Snacks dulces,Cacao y sus productos,Dulces,Dulces de chocolate,Bombones,fr:Bonbons dragéifiés",nestle,nestle,smarties,True,smarties,Nestlé,top_company_portfolio_matrix_product_name,medium,current primary brand is parent/company token; portfolio brand appears in product name
7613032789718,After Eight Édition Noël Chocolat Noir Cassis,"nestlé, after eight",nestle,snacks,FRANCE,en:france,"Snacks, Snacks sucrés, Confiseries, Aliments festifs, Aliments et boissons de Noël, Confiseries de Noël",nestle; after eight,nestle,after eight,True,after eight,,top_company_portfolio_matrix_off_brands,high,current primary brand is parent/company token; another OFF brand token needs brand-level review
7613032825621,Calendrier de l'Avent Smarties,"nestlé, smarties",nestle,snacks,FRANCE,en:france,"Snacks, Snacks sucrés, Cacao et dérivés, Aliments festifs, Aliments et boissons de Noël, Chocolats, Chocolats de Noël, Calendriers de l'avent, Calendriers de l'avent en chocolat",nestle; smarties,nestle,smarties,True,smarties,Nestlé,top_company_portfolio_matrix_off_brands,high,current primary brand is parent/company token; portfolio brand appears in OFF brands field
7613032866808,Assortiment Suisse Noir,nestlé,nestle,snacks,FRANCE,en:france,"Snacks, Snacks sucrés, Cacao et dérivés, Confiseries, Confiseries chocolatées, Bonbons de chocolat, Assortiments de bonbons de chocolat",nestle,nestle,nestle,False,,,no_change,,no more-specific Top 9 portfolio brand detected
7613032876395,Fins Plaisirs 72% de Cacao,nestlé,nestle,snacks,FRANCE,en:france,"Snacks, Snacks sucrés, Cacao et dérivés, Chocolats",nestle,nestle,nestle,False,,,no_change,,no more-specific Top 9 portfolio brand detected
7613032877057,Fins Plaisirs Caramel,nestlé,nestle,snacks,FRANCE,en:france,"Snacks, Snacks sucrés, Cacao et dérivés, Chocolats, Chocolats au lait, Sticks de chocolat",nestle,nestle,nestle,False,,,no_change,,no more-specific Top 9 portfolio brand detected
7613032877095,Fins Plaisirs Café,nestlé,nestle,snacks,FRANCE,en:france,"Snacks, Snacks sucrés, Cacao et dérivés, Confiseries, Biscuits et gâteaux, Gâteaux, Chocolats, Sticks de chocolat",nestle,nestle,nestle,False,,,no_change,,no more-specific Top 9 portfolio brand detected
7613032910501,NESTLÉ DESSERT Praliné 170g,nestlé,nestle,snacks,FRANCE,en:france,"Snacks, Snacks sucrés, Cacao et dérivés, Chocolats, Chocolat-pralin, Confiseries, Confiseries chocolatées",nestle,nestle,nestle,False,,,no_change,,no more-specific Top 9 portfolio brand detected
7613032917654,KitKat Dark,nestlé,nestle,snacks,FRANCE|SOUTHERN_EUROPE,en:france|en:italy,"Snack, Snack dolci, Cacao e i suoi derivati, Dolci, Barrette, Confetti al cioccolato, Barrette di cioccolato, Barrette biscottate al cioccolato",nestle,nestle,kitkat,True,kitkat,Nestlé,top_company_portfolio_matrix_product_name,medium,current primary brand is parent/company token; portfolio brand appears in product name
7613032934095,Grand Chocolat Nougat Lait,nestlé,nestle,snacks,FRANCE,en:france,"Snacks, Snacks sucrés, Cacao et dérivés, Confiseries, Chocolats, Chocolats au lait, Chocolats fourrés, Confiseries de France, Nougats, Nougats au chocolat, Chocolats au lait extra fin, Chocolats au lait fourrés, Chocolats fourrés au nougat",nestle,nestle,nestle,False,,,no_change,,no more-specific Top 9 portfolio brand detected
7613032935856,Grand Chocolat Pâte d'amande Noir,nestlé,nestle,snacks,FRANCE,en:france,"Snacks, Snacks sucrés, Cacao et dérivés, Chocolats, Chocolats noirs, Chocolats fourrés, Chocolats fourrés à la pâte d'amande",nestle,nestle,nestle,False,,,no_change,,no more-specific Top 9 portfolio brand detected
7613032936563,Fondant Caramel Pointe de sel,nestlé,nestle,snacks,FRANCE,en:france,"Snacks, Snacks sucrés, Cacao et dérivés, Chocolats, Chocolats au lait, Chocolats salés, Chocolats fourrés, Chocolats au lait salés, Chocolats au lait fourrés",nestle,nestle,nestle,False,,,no_change,,no more-specific Top 9 portfolio brand detected
7613032939694,Corbeille de fruits,nestlé,nestle,snacks,FRANCE,en:france,"Aliments et boissons à base de végétaux, Aliments d'origine végétale, Aliments à base de fruits et de légumes, Desserts, Fruits et produits dérivés, Aliments pour bébé, Goûters et desserts pour bébé, Compotes, Desserts au fruit pour bébé, Dès 6 mois, Compotes pour bébé",nestle,nestle,nestle,False,,,no_change,,no more-specific Top 9 portfolio brand detected
7613032940430,Pommes mangues,nestlé,nestle,snacks,FRANCE,en:france,"Aliments et boissons à base de végétaux, Aliments d'origine végétale, Aliments à base de fruits et de légumes, Desserts, Fruits et produits dérivés, Aliments pour bébé, Goûters et desserts pour bébé, Compotes, Dès 8 mois, Desserts au fruit pour bébé, Compotes pour bébé",nestle,nestle,nestle,False,,,no_change,,no more-specific Top 9 portfolio brand detected
7613033089640,P'tit Pot Les mini Pommes,nestlé,nestle,snacks,FRANCE,en:france,"Aliments pour bébé, Goûters et desserts pour bébé, Dès 4 mois, Desserts au fruit pour bébé, Dès 6 mois",nestle,nestle,nestle,False,,,no_change,,no more-specific Top 9 portfolio brand detected
7613033113697,Chocolat Noir dessert,"nestlé,nestlé dessert",nestle,snacks,BENELUX|FRANCE|DACH,en:belgium|en:france|en:switzerland,"Cocoa and its products,Chocolates,Dark chocolates,Dark chocolate bars for cooking",nestle; nestle dessert,nestle,dessert,True,nestle dessert,,top_company_portfolio_matrix_off_brands,high,current primary brand is parent/company token; another OFF brand token needs brand-level review
7613033117039,Corsé,"nestlé, nestlé dessert",nestle,snacks,FRANCE,en:france,"Snacks, Snacks sucrés, Cacao et dérivés, Chocolats, Chocolats noirs",nestle; nestle dessert,nestle,dessert,True,nestle dessert,,top_company_portfolio_matrix_off_brands,high,current primary brand is parent/company token; another OFF brand token needs brand-level review
7613033117077,Dessert Lait,"nestlé, nestlé dessert",nestle,snacks,FRANCE,en:france,"Snacks, Snacks sucrés, Cacao et dérivés, Chocolats, Chocolats au lait",nestle; nestle dessert,nestle,dessert,True,nestle dessert,,top_company_portfolio_matrix_off_brands,high,current primary brand is parent/company token; another OFF brand token needs brand-level review
7613033134272,"KITKAT Mini Barre au chocolat au Lait, 350g","nestlé, kit kat mini, kitkat",nestle,snacks,FRANCE,en:france,"Snacks,Snacks sucrés,Cacao et dérivés,Confiseries,Barres,Confiseries chocolatées,en:bars-covered-with-chocolate,Barres chocolatées biscuitées,Barre chocolatée biscuitée type KitKat",nestle; kit kat mini; kitkat,nestle,kitkat,True,kitkat,Nestlé,top_company_portfolio_matrix_off_brands,high,current primary brand is parent/company token; portfolio brand appears in OFF brands field
7613033134302,Kit Kat,nestlé,nestle,snacks,BENELUX|FRANCE,en:belgium|en:france,"Snacks,Snacks sucrés,Cacao et dérivés,Confiseries,Barres,Confiseries chocolatées,en:bars-covered-with-chocolate,Barres chocolatées biscuitées,Barre chocolatée biscuitée type KitKat",nestle,nestle,nestle,False,,,no_change,,no more-specific Top 9 portfolio brand detected
7613033135538,LION barre chocolatée Format Familial 11 x 42g,"nestlé, lion",nestle,snacks,FRANCE,en:france,"Snacks, Sweet snacks, Cocoa and its products, Confectioneries, Bars, Chocolate candies, Bars covered with chocolate",nestle; lion,nestle,lion,True,lion,Nestlé,top_company_portfolio_matrix_off_brands,high,current primary brand is parent/company token; portfolio brand appears in OFF brands field
7613033428289,Lion Peanut 2pack,nestlé,nestle,snacks,FRANCE,en:france|en:latvia,en:confectioneries,nestle,nestle,lion,True,lion,Nestlé,top_company_portfolio_matrix_product_name,medium,current primary brand is parent/company token; portfolio brand appears in product name
7613033458163,Yes Caramel,"nestlé, yes",nestle,snacks,FRANCE|DACH,en:france|en:germany,"Imbiss, Süßer Snack",nestle; yes,nestle,yes,True,yes,,top_company_portfolio_matrix_off_brands,high,current primary brand is parent/company token; another OFF brand token needs brand-level review
7613033458743,Yes Cacao,nestlé,nestle,snacks,FRANCE|DACH,en:france|en:germany|en:switzerland,"Snacks, Snacks sucrés, Biscuits et gâteaux, Gâteaux, Gâteaux au chocolat, Génoises en tranches fourrées",nestle,nestle,nestle,False,,,no_change,,no more-specific Top 9 portfolio brand detected
7613033474248,Cailler Souvenirs Vintage Luge 300 GR,"nestlé, cailler",nestle,snacks,FRANCE|DACH,en:france|en:switzerland,"Snacks, Snacks sucrés, Cacao et dérivés, Chocolats, Chocolats au lait",nestle; cailler,nestle,cailler,True,cailler,Nestlé,top_company_portfolio_matrix_off_brands,high,current primary brand is parent/company token; portfolio brand appears in OFF brands field
7613033487002,Milky Bar,nestlé,nestle,snacks,FRANCE,en:france,Chocolates,nestle,nestle,nestle,False,,,no_change,,no more-specific Top 9 portfolio brand detected
7613033490491,Chocolate con leche relleno de dulce de leche,nestlé,nestle,snacks,FRANCE|SOUTHERN_EUROPE,en:algeria|en:france|en:spain,"Botanas,Snacks dulces,Cacao y sus productos,Chocolates,Chocolates con leche",nestle,nestle,nestle,False,,,no_change,,no more-specific Top 9 portfolio brand detected
7613033510892,Chocolate Barra Nestlé Suiço Fruit & Nuts,nestlé,nestle,snacks,FRANCE,en:france,"Snacks, Snacks sucrés, Cacao et dérivés, Chocolats",nestle,nestle,nestle,False,,,no_change,,no more-specific Top 9 portfolio brand detected
7613033511356,,nestlé,nestle,snacks,FRANCE,en:france,"Snacks, Sweet snacks, Cocoa and its products, Chocolates, Milk chocolates, Chocolates with hazelnuts, Milk chocolates with hazelnuts",nestle,nestle,nestle,False,,,no_change,,no more-specific Top 9 portfolio brand detected
7613033511424,Nestle Swiss Bar Dark Chocolate,nestlé,nestle,snacks,NORDICS|FRANCE|SOUTHERN_EUROPE,en:denmark|en:france|en:greece|en:norway|en:spain|en:sweden,"Snacks, Snacks sucrés, Cacao et dérivés, Chocolats, Chocolats noirs",nestle,nestle,nestle,False,,,no_change,,no more-specific Top 9 portfolio brand detected
7613033538452,Smarties 4 Pack 152g,nestlé,nestle,snacks,FRANCE,en:france,"Snacks, Snacks sucrés, Cacao et dérivés, Confiseries, Confiseries chocolatées, Bonbons de chocolat, Bonbons dragéifiés",nestle,nestle,smarties,True,smarties,Nestlé,top_company_portfolio_matrix_product_name,medium,current primary brand is parent/company token; portfolio brand appears in product name
7613033560750,AFTER EIGHT Classique 800g,"nestlé, after eight",nestle,snacks,FRANCE,en:france,"Snacks, Sweet snacks, Cocoa and its products, Chocolates, Filled chocolates, en:filled-dark-chocolates",nestle; after eight,nestle,after eight,True,after eight,,top_company_portfolio_matrix_off_brands,high,current primary brand is parent/company token; another OFF brand token needs brand-level review
7613033590764,"Nestle aero, bubbles chocolate",nestlé,nestle,snacks,FRANCE|UK_IE|US_CANADA,en:france|en:united-kingdom|en:united-states,"Snacks, Sweet snacks, Cocoa and its products, Confectioneries, Chocolate candies",nestle,nestle,aero,True,aero,Nestlé,top_company_portfolio_matrix_product_name,medium,current primary brand is parent/company token; portfolio brand appears in product name
7613033604720,Kitkat Classic Mini Telefonhaus Spardose,nestlé,nestle,snacks,FRANCE,en:france,"Snacks, Snacks sucrés, Cacao et dérivés, Confiseries, Barres, Confiseries chocolatées, Barres chocolatées",nestle,nestle,kitkat,True,kitkat,Nestlé,top_company_portfolio_matrix_product_name,medium,current primary brand is parent/company token; portfolio brand appears in product name
7613033635618,Lait Amande Nougatine,nestlé,nestle,snacks,FRANCE,en:france,"Snacks, Snacks sucrés, Cacao et dérivés, Chocolats, Chocolats au lait, Chocolats aux amandes",nestle,nestle,nestle,False,,,no_change,,no more-specific Top 9 portfolio brand detected
7613033640896,NESTLE LES CARRES Dégustation Lait Caramel Pointe de Sel 200g,"nestlé, grand chocolat",nestle,snacks,FRANCE,en:france,"Snacks, Snacks sucrés, Cacao et dérivés, Confiseries, Chocolats, Chocolats au lait",nestle; grand chocolat,nestle,grand chocolat,True,grand chocolat,,top_company_portfolio_matrix_off_brands,high,current primary brand is parent/company token; another OFF brand token needs brand-level review
7613033650239,NESTLE NATURNES Compotes Bébé Fruits du Verger + Pommes Coings 8x130g,"nestlé, naturnes",nestle,snacks,FRANCE,en:france,"Aliments pour bébé, Goûters et desserts pour bébé, Dès 4 mois, Desserts au fruit pour bébé, Dès 6 mois",nestle; naturnes,nestle,naturnes,True,naturnes,,top_company_portfolio_matrix_off_brands,high,current primary brand is parent/company token; another OFF brand token needs brand-level review
7613033796487,Rowntrees Fruit Pastilles Tube,nestlé,nestle,snacks,FRANCE|UK_IE,en:france|en:united-kingdom,"Snacks, Sweet snacks, Confectioneries, Festive foods, Christmas foods and drinks, Christmas sweets, Fruit confectioneries, Candies",nestle,nestle,nestle,False,,,no_change,,no more-specific Top 9 portfolio brand detected
7613033796630,Milk Chocolate Giant Tube,nestlé,nestle,snacks,FRANCE|SOUTHERN_EUROPE,en:france|en:spain,"Botanas, Snacks dulces, Cacao y sus productos, Dulces, Dulces de chocolate, Bombones",nestle,nestle,nestle,False,,,no_change,,no more-specific Top 9 portfolio brand detected
7613033837708,Pequegalletas,nestlé,nestle,snacks,FRANCE|SOUTHERN_EUROPE,en:france|en:spain,"Botanas,Snacks dulces,Galletas y pasteles,en:Biscuits and crackers,Galletas",nestle,nestle,nestle,False,,,no_change,,no more-specific Top 9 portfolio brand detected
7613033908477,Grand Chocolat Éclat Noir aux Éclats de fève de Cacao Noir,"nestlé, nestlé grand chocolat",nestle,snacks,FRANCE,en:france,"Snacks, Snacks sucrés, Cacao et dérivés, Chocolats, Chocolats noirs, Chocolats noirs aux fèves de cacao",nestle; nestle grand chocolat,nestle,grand chocolat,True,nestle grand chocolat,,top_company_portfolio_matrix_off_brands,high,current primary brand is parent/company token; another OFF brand token needs brand-level review
7613033908507,Grand Chocolat Éclat Caramel Pointe de Sel Noir,nestlé,nestle,snacks,FRANCE,en:france,"Snacks, Snacks sucrés, Cacao et dérivés, Chocolats, Chocolats noirs",nestle,nestle,nestle,False,,,no_change,,no more-specific Top 9 portfolio brand detected
7613033909337,Grand Chocolat - Fondant aux amandes (Noir),nestlé,nestle,snacks,FRANCE,en:france,"Snacks, Snacks sucrés, Cacao et dérivés, Chocolats, Chocolats noirs, Chocolats fourrés, Chocolats fourrés au praliné, Chocolats noirs fourrés",nestle,nestle,nestle,False,,,no_change,,no more-specific Top 9 portfolio brand detected
7613033927072,Lait et noisettes entières,"nestlé, cailler",nestle,snacks,FRANCE|DACH,en:france|en:switzerland,"Snacks, Snacks sucrés, Cacao et dérivés, Chocolats, Chocolats au lait, Chocolats aux noisettes, Chocolats au lait aux noisettes, Chocolats suisses",nestle; cailler,nestle,cailler,True,cailler,Nestlé,top_company_portfolio_matrix_off_brands,high,current primary brand is parent/company token; portfolio brand appears in OFF brands field
7613033932724,Crème Croquante,nestlé,nestle,snacks,FRANCE|SOUTHERN_EUROPE,en:france|en:spain,"Botanas, Snacks dulces, Cacao y sus productos, Dulces, Dulces de chocolate, Bombones",nestle,nestle,nestle,False,,,no_change,,no more-specific Top 9 portfolio brand detected
7613033950940,Peanut Barre,"lion, nestlé",lion,snacks,FRANCE,en:france,"Snacks, Sweet snacks, Cocoa and its products, Confectioneries, Bars, Chocolate candies, Bars-covered-with-chocolate, en:chocolate-biscuity-bars",lion; nestle,lion,lion,False,,,no_change,,no more-specific Top 9 portfolio brand detected
7613033960307,"Bûche glacée framboisier, l’unité de 900",nestlé,nestle,snacks,FRANCE,en:france,"Snacks, Desserts, Snacks sucrés, Aliments festifs, Surgelés, Biscuits et gâteaux, Aliments et boissons de Noël, Desserts glacés, Gâteaux, Bûches de Noël, Bûches glacées",nestle,nestle,nestle,False,,,no_change,,no more-specific Top 9 portfolio brand detected
7613033989612,Grand chocolat noir 75%,nestlé,nestle,snacks,FRANCE,en:france,"Snacks, Snacks sucrés, Cacao et dérivés, Confiseries, Chocolats, Chocolats noirs",nestle,nestle,nestle,False,,,no_change,,no more-specific Top 9 portfolio brand detected
7613034033123,Grand Chocolat Noir 84%,nestlé,nestle,snacks,FRANCE,en:france,"Snacks, Snacks sucrés, Cacao et dérivés, Chocolats, Chocolats noirs",nestle,nestle,nestle,False,,,no_change,,no more-specific Top 9 portfolio brand detected
7613034033659,Grand Chocolat,nestlé,nestle,snacks,FRANCE,en:france,"Snacks, Snacks sucrés, Cacao et dérivés, Chocolats",nestle,nestle,nestle,False,,,no_change,,no more-specific Top 9 portfolio brand detected
7613034042323,Cailler Sublim 198 GR,"nestlé, cailler",nestle,snacks,FRANCE|SOUTHERN_EUROPE|DACH,en:france|en:italy|en:switzerland,"Snacks, Snacks sucrés, Cacao et dérivés, Confiseries, Confiseries chocolatées, Bonbons de chocolat, Assortiments de bonbons de chocolat",nestle; cailler,nestle,cailler,True,cailler,Nestlé,top_company_portfolio_matrix_off_brands,high,current primary brand is parent/company token; portfolio brand appears in OFF brands field
7613034060679,NESTLE DESSERT Préparation pour Moelleux au Chocolat 344g,nestlé,nestle,snacks,FRANCE,en:france,"Snacks, Snacks sucrés, Biscuits et gâteaux, Gâteaux, Aides culinaires, Aides à la pâtisserie, en:Baking Mixes, Préparations pour desserts, Préparations pour gâteaux, en:Shelf-stable baking mixes",nestle,nestle,nestle,False,,,no_change,,no more-specific Top 9 portfolio brand detected
7613034060709,NESTLE DESSERT Préparation pour Fondant au Chocolat 317g,"nestlé, nestlé dessert, préparations",nestle,snacks,FRANCE,en:france|en:reunion,"Snacks, Desserts, Snacks sucrés, Biscuits et gâteaux, Gâteaux, Aides culinaires, Desserts au chocolat, Aides à la pâtisserie, en:Baking Mixes, Préparations pour desserts, Préparations pour gâteaux, Aides culinaires conservables",nestle; nestle dessert; preparations,nestle,dessert,True,nestle dessert,,top_company_portfolio_matrix_off_brands,high,current primary brand is parent/company token; another OFF brand token needs brand-level review
7613034062864,NESTLE DESSERT Préparation pour Brownie au Chocolat 405g,"nestlé, nestle dessert, préparations",nestle,snacks,FRANCE,en:france|en:martinique,"Snacks, Desserts, Snacks sucrés, Biscuits et gâteaux, Gâteaux, Aides culinaires, Préparations pour desserts, Aides à la pâtisserie, en:Baking Mixes, Gâteaux au chocolat, Brownies, Préparations pour gâteaux, fr:Préparations pour Brownies, Aides culinaires conservables",nestle; nestle dessert; preparations,nestle,dessert,True,nestle dessert,,top_company_portfolio_matrix_off_brands,high,current primary brand is parent/company token; another OFF brand token needs brand-level review
7613034065933,NESTLE DESSERT Préparation pour Cookies au Chocolat 351g,"nestlé, nestle dessert, préparations",nestle,snacks,FRANCE,en:france|en:reunion,"Snacks, Desserts, Snacks sucrés, Biscuits et gâteaux, Biscuits, Gâteaux, Aides culinaires, Biscuits au chocolat, Aides à la pâtisserie, en:Baking Mixes, Préparations pour desserts, Préparations pour gâteaux, Aides culinaires conservables",nestle; nestle dessert; preparations,nestle,dessert,True,nestle dessert,,top_company_portfolio_matrix_off_brands,high,current primary brand is parent/company token; another OFF brand token needs brand-level review
7613034076496,LION Peanut Barres - 5x41g,"nestlé, lion peanut",nestle,snacks,FRANCE,en:france,"Snacks, Snacks sucrés, Cacao et dérivés, Confiseries, Barres, Confiseries chocolatées, Barres de céréales, Barres chocolatées",nestle; lion peanut,nestle,lion peanut,True,lion peanut,,top_company_portfolio_matrix_off_brands,high,current primary brand is parent/company token; another OFF brand token needs brand-level review
7613034099907,NESTLÉ NATURNES Purée bébé Pommes Abricots -4x130g -Dès 4/6 mois,"nestlé, naturnes, nestlé naturnes",nestle,snacks,FRANCE,en:france,"Aliments et boissons à base de végétaux, Aliments d'origine végétale, Aliments à base de fruits et de légumes, Desserts, Fruits et produits dérivés, Aliments pour bébé, Goûters et desserts pour bébé, Compotes, Compotes de pomme",nestle; naturnes; nestle naturnes,nestle,naturnes,True,naturnes,,top_company_portfolio_matrix_off_brands,high,current primary brand is parent/company token; another OFF brand token needs brand-level review
7613034121394,NESTLE GRAND CHOCOLAT Chocolat Noir Raisins Amandes Noisettes 200g,"nestlé, grand chocolat",nestle,snacks,FRANCE,en:france,"Snacks, Snacks sucrés, Cacao et dérivés, Confiseries, Confiseries chocolatées, Bonbons de chocolat, Chocolats, Chocolats noirs, Chocolats aux amandes, Chocolats aux noisettes, Chocolats noirs aux amandes, Chocolats noirs aux noisettes",nestle; grand chocolat,nestle,grand chocolat,True,grand chocolat,,top_company_portfolio_matrix_off_brands,high,current primary brand is parent/company token; another OFF brand token needs brand-level review
7613034121424,NESTLE GRAND CHOCOLAT Chocolat Noir Noisettes Entieres 200g,"nestlé, grand chocolat",nestle,snacks,FRANCE,en:france,"Snacks, Snacks sucrés, Cacao et dérivés, Chocolats, Chocolats noirs, Chocolats aux noisettes, Chocolats noirs aux noisettes",nestle; grand chocolat,nestle,grand chocolat,True,grand chocolat,,top_company_portfolio_matrix_off_brands,high,current primary brand is parent/company token; another OFF brand token needs brand-level review
7613034121653,NESTLE GRAND CHOCOLAT Chocolat au Lait Noisettes Entières 200g,"nestlé, grand chocolat",nestle,snacks,FRANCE,en:france,"Snacks, Snacks sucrés, Cacao et dérivés, Chocolats, Chocolats au lait, Chocolats aux noisettes, Chocolats au lait aux noisettes",nestle; grand chocolat,nestle,grand chocolat,True,grand chocolat,,top_company_portfolio_matrix_off_brands,high,current primary brand is parent/company token; another OFF brand token needs brand-level review
7613034129475,Biscuits aux pépites de chocolat,nestlé,nestle,snacks,FRANCE,en:france,"Snacks, Snacks sucrés, Aliments pour bébé, Biscuits et gâteaux, Biscuits, Goûters et desserts pour bébé, Biscuits au chocolat, Biscuits pour bébé, Dès 15 mois",nestle,nestle,nestle,False,,,no_change,,no more-specific Top 9 portfolio brand detected
7613034169051,AFTER EIGHT Calendrier de l'Avent adulte Big Ben 185g,"nestlé, after eight",nestle,snacks,FRANCE,en:france,"Snacks, Snacks sucrés, Cacao et dérivés, Aliments festifs, Aliments et boissons de Noël, Chocolats, Calendriers de l'avent, Assortiments de chocolats, Chocolats à la menthe",nestle; after eight,nestle,after eight,True,after eight,,top_company_portfolio_matrix_off_brands,high,current primary brand is parent/company token; another OFF brand token needs brand-level review
7613034185730,Quality Street,"nestlé, quality street",nestle,snacks,FRANCE,en:france,"Snacks, Snacks sucrés, Cacao et dérivés, Confiseries, Confiseries chocolatées, Bonbons de chocolat, Assortiments de bonbons de chocolat",nestle; quality street,nestle,quality street,True,quality street,Nestlé,top_company_portfolio_matrix_off_brands,high,current primary brand is parent/company token; portfolio brand appears in OFF brands field
7613034185853,QUALITY STREET Jarre 900g,"nestlé, quality street",nestle,snacks,FRANCE,en:france,"Snacks, Snacks sucrés, Cacao et dérivés, Confiseries, Confiseries chocolatées, Bonbons de chocolat, Assortiments de bonbons de chocolat",nestle; quality street,nestle,quality street,True,quality street,Nestlé,top_company_portfolio_matrix_off_brands,high,current primary brand is parent/company token; portfolio brand appears in OFF brands field
7613034235107,Cool Mint Matchmakers,"nestlé, quality street",nestle,snacks,FRANCE|UK_IE,en:france|en:united-kingdom,"Snacks, Sweet snacks, Confectioneries, fr:Bâtonnets chocolatés /menthe, en:chocolates",nestle; quality street,nestle,quality street,True,quality street,Nestlé,top_company_portfolio_matrix_off_brands,high,current primary brand is parent/company token; portfolio brand appears in OFF brands field
7613034235121,Zingy Orange Matchmakers,"nestlé, quality street",nestle,snacks,FRANCE|UK_IE,en:france|en:united-kingdom,"Snacks, Sweet snacks, fr:Batonnés chocolat orange",nestle; quality street,nestle,quality street,True,quality street,Nestlé,top_company_portfolio_matrix_off_brands,high,current primary brand is parent/company token; portfolio brand appears in OFF brands field
7613034240699,Medium Egg,"nestlé, smarties",nestle,snacks,FRANCE,en:france,"Snacks, Sweet snacks, Cocoa and its products, Confectioneries, Chocolate candies, Candies",nestle; smarties,nestle,smarties,True,smarties,Nestlé,top_company_portfolio_matrix_off_brands,high,current primary brand is parent/company token; portfolio brand appears in OFF brands field
7613034259301,Dairy Box Boxed Chocolates 180G,nestlé,nestle,snacks,FRANCE,en:france,"Snacks, Snacks sucrés, Cacao et dérivés, Chocolats",nestle,nestle,nestle,False,,,no_change,,no more-specific Top 9 portfolio brand detected
7613034260628,Chocolat praliné,"nestlé, cailler",nestle,snacks,FRANCE|DACH,en:france|en:switzerland,"Snacks, Snacks sucrés, Cacao et dérivés, Confiseries, Confiseries chocolatées, Bonbons de chocolat, Assortiments de bonbons de chocolat",nestle; cailler,nestle,cailler,True,cailler,Nestlé,top_company_portfolio_matrix_off_brands,high,current primary brand is parent/company token; portfolio brand appears in OFF brands field
7613034323392,SMARTIES Edition Noël Mini Boîtes 216g,"nestlé, smarties mini",nestle,snacks,BENELUX|FRANCE,en:belgium|en:france,"Snacks, Snacks sucrés, Cacao et dérivés, Confiseries, Confiseries chocolatées, Bonbons de chocolat",nestle; smarties mini,nestle,smarties mini,True,smarties mini,,top_company_portfolio_matrix_off_brands,high,current primary brand is parent/company token; another OFF brand token needs brand-level review
7613034330901,Grand Chocolat Pointe de 4 épices Noir,"nestlé, nestlé grand chocolat",nestle,snacks,FRANCE,en:france,"Snacks, Snacks sucrés, Cacao et dérivés, Chocolats, Chocolats noirs",nestle; nestle grand chocolat,nestle,grand chocolat,True,nestle grand chocolat,,top_company_portfolio_matrix_off_brands,high,current primary brand is parent/company token; another OFF brand token needs brand-level review
7613034333650,Caja roja Bombones surtidos,nestlé,nestle,snacks,FRANCE,en:france,"Snacks, Snacks sucrés, Cacao et dérivés, Confiseries, Confiseries chocolatées, Bonbons de chocolat",nestle,nestle,nestle,False,,,no_change,,no more-specific Top 9 portfolio brand detected
7613034371522,NESTLE DESSERT Préparation pour Cœurs Coulants au Chocolat 305g,"nestlé, nestlé dessert",nestle,snacks,FRANCE,en:france,"Snacks, Desserts, Snacks sucrés, Biscuits et gâteaux, Gâteaux, Aides culinaires, Aides à la pâtisserie, en:Baking Mixes, Gâteaux au chocolat, Préparations pour desserts, Préparations pour gâteaux, en:Shelf stable desserts",nestle; nestle dessert,nestle,dessert,True,nestle dessert,,top_company_portfolio_matrix_off_brands,high,current primary brand is parent/company token; another OFF brand token needs brand-level review
7613034389749,"NESTLE L'ATELIER Chocolat Noir Myrtilles, Amandes et Noisettes","nestlé, les recettes de l'atelier",nestle,snacks,FRANCE,en:france,"Snacks,Snacks sucrés,Cacao et dérivés,Chocolats,Chocolats noirs,Chocolats aux amandes,Chocolats aux noisettes,Chocolats noirs aux amandes",nestle; les recettes de latelier,nestle,les recettes de latelier,True,les recettes de latelier,,top_company_portfolio_matrix_off_brands,high,current primary brand is parent/company token; another OFF brand token needs brand-level review
7613034389787,"Chocolat Noir, Cranberries, Amandes","nestlé, les recettes de l'atelier",nestle,snacks,FRANCE,en:france,"Snacks,Snacks sucrés,Cacao et dérivés,Confiseries,Chocolats,Chocolats noirs,Chocolats aux amandes,Chocolats noirs aux amandes",nestle; les recettes de latelier,nestle,les recettes de latelier,True,les recettes de latelier,,top_company_portfolio_matrix_off_brands,high,current primary brand is parent/company token; another OFF brand token needs brand-level review
7613034389824,"NESTLE L'ATELIER Chocolat au Lait, Cranberries, Amandes et Noisettes","nestlé, les recettes de l'atelier",nestle,snacks,FRANCE,en:france,"Snacks, Snacks sucrés, Cacao et dérivés, Chocolats, Chocolats au lait",nestle; les recettes de latelier,nestle,les recettes de latelier,True,les recettes de latelier,,top_company_portfolio_matrix_off_brands,high,current primary brand is parent/company token; another OFF brand token needs brand-level review
7613034389954,"NESTLE L'ATELIER Chocolat au Lait, Raisins, Amandes et Noisettes","nestlé, les recettes de l'atelier",nestle,snacks,FRANCE,en:france,"Snacks,Snacks sucrés,Cacao et dérivés,Chocolats,Chocolats au lait,Chocolats aux amandes,Chocolat au lait aux fruits secs,Chocolats au lait aux noisettes",nestle; les recettes de latelier,nestle,les recettes de latelier,True,les recettes de latelier,,top_company_portfolio_matrix_off_brands,high,current primary brand is parent/company token; another OFF brand token needs brand-level review
7613034460851,"Grand Chocolat Carrés chocolat noir praliné, noisettes et amandes le paquet de 24 180 g",nestlé,nestle,snacks,FRANCE,en:france,"Snacks, Snacks sucrés, Cacao et dérivés, Chocolats, Chocolats noirs, Chocolats fourrés, Chocolats fourrés au praliné, Chocolats aux amandes, Chocolats aux noisettes, Chocolats noirs aux amandes, Chocolats noirs aux noisettes, Chocolats noirs fourrés",nestle,nestle,nestle,False,,,no_change,,no more-specific Top 9 portfolio brand detected
7613034460912,NESTLE L'ATELIER Ganache chocolat noir et orange,"nestlé, les recettes de l'atelier",nestle,snacks,FRANCE,en:france,"Snacks, Snacks sucrés, Cacao et dérivés, Chocolats, Chocolats noirs, Chocolats fourrés, Chocolats noirs fourrés",nestle; les recettes de latelier,nestle,les recettes de latelier,True,les recettes de latelier,,top_company_portfolio_matrix_off_brands,high,current primary brand is parent/company token; another OFF brand token needs brand-level review
7613034461292,Ganache chocolat au lait,nestlé,nestle,snacks,FRANCE,en:france,"Snacks, Snacks sucrés, Cacao et dérivés, Chocolats, Chocolats au lait, Chocolats fourrés, Chocolats au lait fourrés",nestle,nestle,nestle,False,,,no_change,,no more-specific Top 9 portfolio brand detected
7613034461483,NESTLE L'ATELIER Ganache chocolat noir 150g,"nestlé, les recettes de l'atelier",nestle,snacks,FRANCE,en:france,"Snacks, Snacks sucrés, Cacao et dérivés, Chocolats, Chocolats noirs",nestle; les recettes de latelier,nestle,les recettes de latelier,True,les recettes de latelier,,top_company_portfolio_matrix_off_brands,high,current primary brand is parent/company token; another OFF brand token needs brand-level review
7613034462985,Smarties 38Gr,nestlé,nestle,snacks,FRANCE,en:france,"Snacks, Snacks sucrés, Cacao et dérivés, Confiseries, Confiseries chocolatées, Bonbons de chocolat, Bonbons dragéifiés",nestle,nestle,smarties,True,smarties,Nestlé,top_company_portfolio_matrix_product_name,medium,current primary brand is parent/company token; portfolio brand appears in product name
7613034479105,Espresso - Chocolat noir de dégustation au café,nestlé,nestle,snacks,FRANCE,en:france,"Snacks, Snacks sucrés, Cacao et dérivés, Chocolats, Chocolats noirs, Chocolats noirs au café, Chocolats au café",nestle,nestle,nestle,False,,,no_change,,no more-specific Top 9 portfolio brand detected
7613034480996,Chocolat noir pour préparation pâtissière,"nestlé, nestlé dessert, tablettes",nestle,snacks,BENELUX|FRANCE|DACH,en:belgium|en:france|en:guadeloupe|en:martinique|en:switzerland,"Snacks,Snacks sucrés,Cacao et dérivés,Chocolats,Chocolats noirs, Confiseries, Confiseries chocolatées",nestle; nestle dessert; tablettes,nestle,dessert,True,nestle dessert,,top_company_portfolio_matrix_off_brands,high,current primary brand is parent/company token; another OFF brand token needs brand-level review
7613034493897,NESTLE DESSERT Noir 2X205g,"nestlé,nestlé dessert",nestle,snacks,FRANCE,en:france,"Snacks,Sweet snacks,Cocoa and its products,Chocolates,Dark chocolates,Dark chocolate bars for cooking, Confiseries, Confiseries chocolatées",nestle; nestle dessert,nestle,dessert,True,nestle dessert,,top_company_portfolio_matrix_off_brands,high,current primary brand is parent/company token; another OFF brand token needs brand-level review
7613034495013,NESTLE DESSERT Noir 3x205g,"nestlé,dessert,dessert noir,nestlé dessert",nestle,snacks,FRANCE,en:france,"Snacks,Sweet snacks,Cocoa and its products,Chocolates,Dark chocolates,Dark chocolate bars for cooking",nestle; dessert; dessert noir; nestle dessert,nestle,dessert,True,dessert,,top_company_portfolio_matrix_off_brands,high,current primary brand is parent/company token; another OFF brand token needs brand-level review
7613034498687,Smarties,"nestlé, smarties",nestle,snacks,FRANCE,en:france,"Snacks, Snacks sucrés, Cacao et dérivés, Chocolats, Moulages en chocolat, Chocolats au lait",nestle; smarties,nestle,smarties,True,smarties,Nestlé,top_company_portfolio_matrix_off_brands,high,current primary brand is parent/company token; portfolio brand appears in OFF brands field
7613034501455,LION MINI Barres chocolatées - sachet 1kg,"nestlé, lion",nestle,snacks,FRANCE,en:france,"Snacks, Snacks sucrés, Cacao et dérivés, Confiseries, Confiseries chocolatées",nestle; lion,nestle,lion,True,lion,Nestlé,top_company_portfolio_matrix_off_brands,high,current primary brand is parent/company token; portfolio brand appears in OFF brands field
7613034540836,"Cailler Schokolade, Chocolat Noir Myrtilles, Amand. ..","nestlé, cailler",nestle,snacks,FRANCE|DACH,en:france|en:switzerland,"Snacks, Snacks sucrés, Cacao et dérivés, Chocolats, Chocolats noirs, Chocolats aux amandes, Chocolats aux noisettes, Chocolats suisses",nestle; cailler,nestle,cailler,True,cailler,Nestlé,top_company_portfolio_matrix_off_brands,high,current primary brand is parent/company token; portfolio brand appears in OFF brands field
7613034541093,Les recettes de l'atelier,"nestlé, cailler",nestle,snacks,FRANCE|DACH,en:france|en:switzerland,"Imbiss, Süßer Snack, Kakao und Kakaoprodukte, Schokoladen, Milchschokoladen, Schokoladen mit Mandeln, Schokolade mit Haselnüssen, Milchschokolade mit Mandeln, Milchschokolade mit Haselnüssen, Schweizer Schokoladen",nestle; cailler,nestle,cailler,True,cailler,Nestlé,top_company_portfolio_matrix_off_brands,high,current primary brand is parent/company token; portfolio brand appears in OFF brands field
7613034543592,Chocolat noir,nestlé dessert,nestle,snacks,FRANCE,en:france,en:dark-chocolates,nestle dessert,nestle,dessert,True,nestle dessert,,top_company_portfolio_matrix_off_brands,high,current primary brand is parent/company token; another OFF brand token needs brand-level review
7613034553423,Assortiment La Branche Mini,"nestlé, cailler",nestle,snacks,FRANCE,en:france,"Snacks, Snacks sucrés, Cacao et dérivés, Confiseries, Barres, Confiseries chocolatées, Barres chocolatées",nestle; cailler,nestle,cailler,True,cailler,Nestlé,top_company_portfolio_matrix_off_brands,high,current primary brand is parent/company token; portfolio brand appears in OFF brands field
7613034553447,LA BRANCHE LAIT SUPRÊME,nestlé,nestle,snacks,FRANCE,en:france,"Snacks, Snacks sucrés, Cacao et dérivés, Chocolats",nestle,nestle,nestle,False,,,no_change,,no more-specific Top 9 portfolio brand detected
7613034578266,Extrafino,nestlé,nestle,snacks,FRANCE|SOUTHERN_EUROPE,en:france|en:spain,"Snacks, Snacks sucrés, Cacao et dérivés, Chocolats, Chocolats au lait",nestle,nestle,nestle,False,,,no_change,,no more-specific Top 9 portfolio brand detected
7613034599612,Peppermint Mint Chocolate Sharing Bar,"nestlé, aero, aero peppermint",nestle,snacks,FRANCE|UK_IE,en:france|en:united-kingdom,"Snacks, Sweet snacks, Cocoa and its products, Confectioneries, Bars, Chocolate candies, Bars covered with chocolate",nestle; aero; aero peppermint,nestle,aero,True,aero,Nestlé,top_company_portfolio_matrix_off_brands,high,current primary brand is parent/company token; portfolio brand appears in OFF brands field
7613034601902,LION Peanut Barres - 2 x 31g,"nestlé, lion",nestle,snacks,FRANCE,en:france,"Snacks, Snacks sucrés, Cacao et dérivés, Confiseries, Confiseries chocolatées",nestle; lion,nestle,lion,True,lion,Nestlé,top_company_portfolio_matrix_off_brands,high,current primary brand is parent/company token; portfolio brand appears in OFF brands field
7613034624031,Moelleux au chocolat,nestlé,nestle,snacks,FRANCE,en:france,"Snacks, Desserts, Snacks sucrés, Biscuits et gâteaux, Gâteaux, Gâteaux au chocolat",nestle,nestle,nestle,False,,,no_change,,no more-specific Top 9 portfolio brand detected
7613034624796,Muffins tout chocolat,"nestlé, nestlé dessert",nestle,snacks,FRANCE,en:france,"Snacks, Snacks sucrés, Biscuits et gâteaux, Gâteaux, Muffins, Gâteaux au chocolat, Muffins au chocolat",nestle; nestle dessert,nestle,dessert,True,nestle dessert,,top_company_portfolio_matrix_off_brands,high,current primary brand is parent/company token; another OFF brand token needs brand-level review
7613034624857,Fondant au chocolat,"nestlé, nestlé dessert",nestle,snacks,FRANCE,en:france,"Snacks, Snacks sucrés, Biscuits et gâteaux, Gâteaux, Aides culinaires, Aides à la pâtisserie, en:Baking Mixes, Préparations pour desserts, Préparations pour gâteaux",nestle; nestle dessert,nestle,dessert,True,nestle dessert,,top_company_portfolio_matrix_off_brands,high,current primary brand is parent/company token; another OFF brand token needs brand-level review
7613034624888,cookies,nestlé dessert,nestle,snacks,FRANCE,en:france,"Snacks, Snacks sucrés, Biscuits et gâteaux, Biscuits",nestle dessert,nestle,dessert,True,nestle dessert,,top_company_portfolio_matrix_off_brands,high,current primary brand is parent/company token; another OFF brand token needs brand-level review
7613034624918,Brownie au chocolat,"nestlé, nestlé dessert",nestle,snacks,FRANCE,en:france,"Snacks, Snacks sucrés, Biscuits et gâteaux, Gâteaux, Aides culinaires, Préparations pour desserts, Aides à la pâtisserie, en:Baking Mixes, Préparations pour gâteaux, fr:Préparations pour Brownies",nestle; nestle dessert,nestle,dessert,True,nestle dessert,,top_company_portfolio_matrix_off_brands,high,current primary brand is parent/company token; another OFF brand token needs brand-level review
7613034626691,Nestlé Dessert Praliné,"nestlé, nestlé dessert",nestle,snacks,FRANCE,en:france,"Snacks, Snacks sucrés, Cacao et dérivés, Chocolats, Chocolats au lait, Chocolats fourrés, Chocolats fourrés au praliné, Chocolats à la praline, Chocolats au lait fourrés, Chocolats au lait pralinés",nestle; nestle dessert,nestle,dessert,True,nestle dessert,,top_company_portfolio_matrix_off_brands,high,current primary brand is parent/company token; another OFF brand token needs brand-level review
7613034636270,Nestlé Biscuit,nestlé,nestle,snacks,BENELUX|FRANCE,en:belgium|en:france,"Snacks, Snacks sucrés, Aliments pour bébé, Biscuits et gâteaux, Biscuits, Goûters et desserts pour bébé, Biscuits pour bébé",nestle,nestle,nestle,False,,,no_change,,no more-specific Top 9 portfolio brand detected
7613034671103,Smarties Mini,nestlé,nestle,snacks,FRANCE|DACH,en:france|en:germany,"Snacks, Sweet snacks, Cocoa and its products, Confectioneries, Chocolate candies, Candies",nestle,nestle,smarties,True,smarties,Nestlé,top_company_portfolio_matrix_product_name,medium,current primary brand is parent/company token; portfolio brand appears in product name
7613034674708,Lion snack size,nestlé,nestle,snacks,FRANCE,en:france,"snacks, snacks-sucrés, cacao-et-dérivés, fr:confiseries, fr:barres, confiseries-chocolatées, barres-chocolatées, barres-chocolatées-au-caramel, barres-chocolatées-biscuitées-au-caramel",nestle,nestle,lion,True,lion,Nestlé,top_company_portfolio_matrix_product_name,medium,current primary brand is parent/company token; portfolio brand appears in product name
7613034674739,Lion Snacksize 6er Multipack,nestlé,nestle,snacks,FRANCE|DACH,en:france|en:germany,"Snacks, Snacks sucrés, Cacao et dérivés, Confiseries, Confiseries chocolatées",nestle,nestle,lion,True,lion,Nestlé,top_company_portfolio_matrix_product_name,medium,current primary brand is parent/company token; portfolio brand appears in product name
7613034696526,After Eight,"nestlé, after eight",nestle,snacks,FRANCE,en:croatia|en:france,"Snacks, Sweet snacks, Cocoa and its products, Chocolates, Dark chocolates, Filled chocolates",nestle; after eight,nestle,after eight,True,after eight,,top_company_portfolio_matrix_off_brands,high,current primary brand is parent/company token; another OFF brand token needs brand-level review
7613034717931,Chocolate para culinária 200g,nestlé,nestle,snacks,FRANCE|SOUTHERN_EUROPE,en:france|en:portugal,"Snacks, Sweet snacks, Cocoa and its products, Chocolates, en:dark-chocolates",nestle,nestle,nestle,False,,,no_change,,no more-specific Top 9 portfolio brand detected
7613034721051,SAHNE-NUSS Chocolate de Leche con Almendras Enteras,nestlé,nestle,snacks,FRANCE,en:france,"Snacks, Snacks dulces, Chocolates, Chocolates con leche, Chocolates con almendras",nestle,nestle,sahne nuss,True,sahne nuss,Nestlé,top_company_portfolio_matrix_product_name,medium,current primary brand is parent/company token; portfolio brand appears in product name
7613034754127,Bonbons smarties de chocolat au lait dragéïfiés,nestlé,nestle,snacks,FRANCE|DACH,en:france|en:switzerland,"Snacks, Snacks sucrés, Cacao et dérivés, Confiseries, Confiseries chocolatées, Bonbons de chocolat, Bonbons, Bonbons dragéifiés",nestle,nestle,smarties,True,smarties,Nestlé,top_company_portfolio_matrix_product_name,medium,current primary brand is parent/company token; portfolio brand appears in product name
7613034754424,Smarties,nestlé,nestle,snacks,FRANCE|SOUTHERN_EUROPE,en:france|en:italy,"Snack, Snack dolci, Dolci, fr:Bonbons dragéifiés",nestle,nestle,smarties,True,smarties,Nestlé,top_company_portfolio_matrix_product_name,medium,current primary brand is parent/company token; portfolio brand appears in product name
7613034765086,After Eight,"nestlé, after eight",nestle,snacks,FRANCE,en:france,"Snacks, Snacks sucrés, Cacao et dérivés, Chocolats, Chocolats fourrés, Chocolats à la menthe",nestle; after eight,nestle,after eight,True,after eight,,top_company_portfolio_matrix_off_brands,high,current primary brand is parent/company token; another OFF brand token needs brand-level review
7613034812803,P'tits Fruits Smoothie aux Fruits Pêche Pommes Bananes,nestlé,nestle,snacks,FRANCE,en:france,"Aliments pour bébé, Goûters et desserts pour bébé, Boissons pour bébé, Dès 12 mois",nestle,nestle,nestle,False,,,no_change,,no more-specific Top 9 portfolio brand detected
7613034822895,Mon 1er P'tit Biscuit,nestlé,nestle,snacks,FRANCE,en:france,"Aliments pour bébé, Goûters et desserts pour bébé, Biscuits pour bébé, Dès 10 mois",nestle,nestle,nestle,False,,,no_change,,no more-specific Top 9 portfolio brand detected
7613034872630,Yorkie,nestlé,nestle,snacks,FRANCE|UK_IE,en:france|en:ireland|en:united-kingdom,"Snacks, Sweet snacks, Cocoa and its products, Confectioneries, Bars, Chocolate candies, Bars covered with chocolate",nestle,nestle,nestle,False,,,no_change,,no more-specific Top 9 portfolio brand detected
7613034898326,Family de galleta recubiertas de chocolate con leche,nestlé,nestle,snacks,FRANCE|SOUTHERN_EUROPE,en:france|en:spain,"Botanas, Snacks dulces, Cacao y sus productos, Dulces, Barritas, Dulces de chocolate, Barritas de chocolate, en:Chocolate biscuity bars",nestle,nestle,nestle,False,,,no_change,,no more-specific Top 9 portfolio brand detected
7613034900289,Gâteau au Chocolat à Ma Façon,"nestlé, herta",nestle,snacks,FRANCE,en:france,"Snacks, Snacks sucrés, Biscuits et gâteaux, Gâteaux, Aides culinaires, Aides à la pâtisserie, en:Baking Mixes, Gâteaux au chocolat, Préparations pour desserts, Préparations pour gâteaux",nestle; herta,nestle,herta,True,herta,Nestlé,top_company_portfolio_matrix_off_brands,high,current primary brand is parent/company token; portfolio brand appears in OFF brands field
7613034908384,Turrón Dulce De Leche,nestlé,nestle,snacks,FRANCE,en:france,"Snacks, Snacks sucrés, Confiseries, Aliments festifs, Aliments et boissons de Noël, Confiseries de Noël, Touron",nestle,nestle,nestle,False,,,no_change,,no more-specific Top 9 portfolio brand detected
7613034917041,LION Barres chocolatées,"lion, nestlé",lion,snacks,BENELUX|NORDICS|FRANCE,en:belgium|en:denmark|en:france,"Plant-based foods and beverages, Plant-based foods, Snacks, Sweet snacks, Cocoa and its products, Confectioneries, Nuts and their products, Bars, Chocolate candies, Bars-covered-with-chocolate, Nut bars, Caramel chocolate cookie bars, Chocolate biscuity bars, Peanut bars, en:cereal-bars",lion; nestle,lion,lion,False,,,no_change,,no more-specific Top 9 portfolio brand detected
7613034919625,Aero Peppermint,nestlé,nestle,snacks,FRANCE|UK_IE,en:france|en:ireland|en:united-kingdom,"Snacks,Sweet snacks,Cocoa and its products,Confectioneries,Bars,Chocolate candies,Bars-covered-with-chocolate,Peppermint,Milk chocolate bar",nestle,nestle,aero,True,aero,Nestlé,top_company_portfolio_matrix_product_name,medium,current primary brand is parent/company token; portfolio brand appears in product name
7613034920348,Aero chocolate,nestlé,nestle,snacks,FRANCE,en:france,"Snacks, Sweet snacks, Cocoa and its products, Confectioneries, Chocolate candies, Chocolates, en:bars",nestle,nestle,aero,True,aero,Nestlé,top_company_portfolio_matrix_product_name,medium,current primary brand is parent/company token; portfolio brand appears in product name
7613034921765,Chocolat Noir Patissier,nestlé,nestle,snacks,FRANCE,en:france,"Snacks, Snacks sucrés, Cacao et dérivés, Chocolats, Chocolats noirs",nestle,nestle,nestle,False,,,no_change,,no more-specific Top 9 portfolio brand detected
7613034921796,Chocolat noir,nestlé,nestle,snacks,FRANCE,en:france|en:reunion,"Snacks, Snacks sucrés, Cacao et dérivés, Chocolats, Chocolats noirs",nestle,nestle,nestle,False,,,no_change,,no more-specific Top 9 portfolio brand detected
7613034930927,P'tits Fruits Pommes,nestlé,nestle,snacks,FRANCE,en:france,"Baby foods, Snacks and desserts for babies, From 4 months, Baby fruit desserts, From 6 months, en:apple-compotes",nestle,nestle,nestle,False,,,no_change,,no more-specific Top 9 portfolio brand detected
7613034931054,Compote Pommes Poires P'tits Fruits Nestlé 4 x 100G +,nestlé,nestle,snacks,FRANCE,en:france,"Aliments et boissons à base de végétaux, Aliments d'origine végétale, Aliments à base de fruits et de légumes, Desserts, Fruits et produits dérivés, Aliments pour bébé, Goûters et desserts pour bébé, Compotes, Compotes pour bébé",nestle,nestle,nestle,False,,,no_change,,no more-specific Top 9 portfolio brand detected
7613034944849,Delightfully Minty Dark Chocolate Thins,"nestlé, after eight",nestle,snacks,FRANCE|SOUTHERN_EUROPE,en:bulgaria|en:france|en:poland|en:portugal|en:spain,"Snacks,Snacks sucrés,Cacao et dérivés,Confiseries,Chocolats,Chocolats noirs,Chocolats fourrés,Chocolats noirs fourrés",nestle; after eight,nestle,after eight,True,after eight,,top_company_portfolio_matrix_off_brands,high,current primary brand is parent/company token; another OFF brand token needs brand-level review
7613034954244,Yes Black & White,nestlé,nestle,snacks,FRANCE,en:france,"Snacks, Snacks sucrés, Biscuits et gâteaux, Gâteaux, Gâteaux au chocolat, Génoises en tranches fourrées",nestle,nestle,nestle,False,,,no_change,,no more-specific Top 9 portfolio brand detected
7613034954459,Chunky Bar,nestlé,nestle,snacks,FRANCE|UK_IE,en:france|en:ireland|en:world,"Snacks,Snacks sucrés,Cacao et dérivés,Confiseries,Barres,Confiseries chocolatées,en:bars-covered-with-chocolate,Barres chocolatées biscuitées,Barre chocolatée biscuitée type KitKat",nestle,nestle,nestle,False,,,no_change,,no more-specific Top 9 portfolio brand detected
7613034955098,Nestle After Eight Classic,"nestlé, after eight",nestle,snacks,FRANCE|SOUTHERN_EUROPE,en:france|en:italy|en:romania,"Botanas, Snacks dulces, Cacao y sus productos, Chocolates, Chocolates negros, Chocolate relleno, en:Dark chocolate filled with mint confectionery, en:Filled dark chocolates",nestle; after eight,nestle,after eight,True,after eight,,top_company_portfolio_matrix_off_brands,high,current primary brand is parent/company token; another OFF brand token needs brand-level review
7613034955760,Oeuf géant smarties,nestlé,nestle,snacks,FRANCE,en:france,"Snacks, Snacks sucrés, Cacao et dérivés, Aliments festifs, Chocolats, Aliments de Pâques, Oeufs en chocolat, Œufs de Pâques, Oeufs de pâques en chocolate",nestle,nestle,smarties,True,smarties,Nestlé,top_company_portfolio_matrix_product_name,medium,current primary brand is parent/company token; portfolio brand appears in product name
7613034959287,Toffee Crisp,nestlé,nestle,snacks,FRANCE|UK_IE,en:france|en:ireland|en:united-kingdom,"Snacks, Sweet snacks, Cocoa and its products, Confectioneries, Bars, Chocolate candies, Bars covered with chocolate",nestle,nestle,nestle,False,,,no_change,,no more-specific Top 9 portfolio brand detected
7613034968340,Kit Kat Chunky,nestlé,nestle,snacks,FRANCE|UK_IE,en:france|en:united-kingdom,"Snacks, Sweet snacks, Cocoa and its products, Confectioneries, Bars, Chocolate candies, Bars covered with chocolate, Chocolate biscuity bars",nestle,nestle,nestle,False,,,no_change,,no more-specific Top 9 portfolio brand detected
7613034989253,Lion,nestlé,nestle,snacks,FRANCE|UK_IE,en:france|en:united-kingdom,"Lanches comida,Lanches doces,Biscoitos e Bolos,Biscoitos,Bolachas,en:Stuffed wafers,en:Caramel stuffed wafers",nestle,nestle,lion,True,lion,Nestlé,top_company_portfolio_matrix_product_name,medium,current primary brand is parent/company token; portfolio brand appears in product name
7613034990303,"Chocolat noir aux myrtilles confites, noisettes et amandes",nestlé,nestle,snacks,BENELUX|FRANCE,en:belgium|en:france,"Snacks, Snacks sucrés, Cacao et dérivés, Chocolats, Chocolats noirs, Chocolats aux amandes, Chocolats aux noisettes, Chocolats noirs aux amandes, Chocolats noirs aux noisettes",nestle,nestle,nestle,False,,,no_change,,no more-specific Top 9 portfolio brand detected
7613034991782,P'tit Dej Croissance saveur Madeleine Chocolat,"nestlé, nestlé bébé, bébé nestlé, p'tit dej, p'tit dej croissance",nestle,snacks,FRANCE,en:france,"Aliments pour bébé, Dès 12 mois, Céréales pour bébé",nestle; nestle bebe; bebe nestle; ptit dej; ptit dej croissance,nestle,bebe,True,nestle bebe,,top_company_portfolio_matrix_off_brands,high,current primary brand is parent/company token; another OFF brand token needs brand-level review
7613034992093,P'tit Dej Croissance saveur Biscuit Noisette,nestlé,nestle,snacks,FRANCE,en:france,"Aliments pour bébé, Dès 12 mois, Céréales pour bébé",nestle,nestle,nestle,False,,,no_change,,no more-specific Top 9 portfolio brand detected
7613034996039,Lion 2er,nestlé,nestle,snacks,FRANCE|DACH,en:france|en:germany,"Imbiss, Süßer Snack, Kakao und Kakaoprodukte, Süßwaren, Schokoladenkonfekt, Riegel, Schokoriegel",nestle,nestle,lion,True,lion,Nestlé,top_company_portfolio_matrix_product_name,medium,current primary brand is parent/company token; portfolio brand appears in product name
7613035003187,NESTLE L'ATELIER Chocolat Noir et Pâte d'amande,"nestlé, les recettes de l'atelier",nestle,snacks,FRANCE,en:france,"Snacks, Snacks sucrés, Cacao et dérivés, Chocolats, Chocolats noirs, Chocolats fourrés, Chocolats fourrés à la pâte d'amande, Chocolats noirs fourrés",nestle; les recettes de latelier,nestle,les recettes de latelier,True,les recettes de latelier,,top_company_portfolio_matrix_off_brands,high,current primary brand is parent/company token; another OFF brand token needs brand-level review
7613035003330,NESTLE L'ATELIER Chocolat au Lait et Nougat 150g,"nestlé, les recettes de l'atelier",nestle,snacks,FRANCE,en:france,"Snacks, Snacks sucrés, Cacao et dérivés, Chocolats, Chocolats au lait, Chocolats fourrés, Chocolats au lait fourrés, Barre de chocolat au lait avec nougat",nestle; les recettes de latelier,nestle,les recettes de latelier,True,les recettes de latelier,,top_company_portfolio_matrix_off_brands,high,current primary brand is parent/company token; another OFF brand token needs brand-level review
7613035006072,baby cereals maxi pack,nestlé,nestle,snacks,FRANCE,en:france,Baby/Peuter levensmiddelassortimenten,nestle,nestle,nestle,False,,,no_change,,no more-specific Top 9 portfolio brand detected
7613035008106,Barre chocolatée lion,nestlé,nestle,snacks,FRANCE,en:france|en:serbia,"Snacks, Snacks sucrés, Cacao et dérivés, Confiseries, Barres, Confiseries chocolatées, Barres chocolatées",nestle,nestle,lion,True,lion,Nestlé,top_company_portfolio_matrix_product_name,medium,current primary brand is parent/company token; portfolio brand appears in product name
7613035009134,P'tits Fruits pommes ananas,"nestlé, nestlé bébé, p'tits fruits, bébé nestlé",nestle,snacks,FRANCE,en:france,"Aliments et boissons à base de végétaux, Aliments d'origine végétale, Aliments à base de fruits et de légumes, Desserts, Fruits et produits dérivés, Aliments pour bébé, Goûters et desserts pour bébé, Compotes, Compotes de pomme, Dès 6 mois, Compotes pommes ananas, Compotes pour bébé",nestle; nestle bebe; ptits fruits; bebe nestle,nestle,bebe,True,nestle bebe,,top_company_portfolio_matrix_off_brands,high,current primary brand is parent/company token; another OFF brand token needs brand-level review
7613035009561,P'tits fruits pommes cassis,"nestlé, bébé nestlé, nestlé bébé, p'tits fruits",nestle,snacks,FRANCE,en:france,"Aliments et boissons à base de végétaux, Aliments d'origine végétale, Aliments à base de fruits et de légumes, Desserts, Fruits et produits dérivés, Aliments pour bébé, Goûters et desserts pour bébé, Compotes, Compotes de pomme, Dès 6 mois, Compotes pommes cassis, Compotes pour bébé",nestle; bebe nestle; nestle bebe; ptits fruits,nestle,bebe nestle,True,bebe nestle,,top_company_portfolio_matrix_off_brands,high,current primary brand is parent/company token; another OFF brand token needs brand-level review
7613035009592,P'tits fruits pommes oranges,"nestlé, bébé nestlé, nestlé bébé, p'tits fruits",nestle,snacks,FRANCE,en:france,"Aliments et boissons à base de végétaux, Aliments d'origine végétale, Aliments à base de fruits et de légumes, Desserts, Fruits et produits dérivés, Aliments pour bébé, Goûters et desserts pour bébé, Compotes, Dès 6 mois, Compotes pour bébé, Compotes pommes oranges",nestle; bebe nestle; nestle bebe; ptits fruits,nestle,bebe nestle,True,bebe nestle,,top_company_portfolio_matrix_off_brands,high,current primary brand is parent/company token; another OFF brand token needs brand-level review
7613035009622,P'tits Fruits Pommes Fraises,"nestlé, bébé nestlé, nestlé bébé, p'tits fruits",nestle,snacks,FRANCE,en:france,"Aliments et boissons à base de végétaux, Aliments d'origine végétale, Aliments à base de fruits et de légumes, Desserts, Fruits et produits dérivés, Aliments pour bébé, Goûters et desserts pour bébé, Compotes, Desserts au fruit pour bébé, Dès 6 mois",nestle; bebe nestle; nestle bebe; ptits fruits,nestle,bebe nestle,True,bebe nestle,,top_company_portfolio_matrix_off_brands,high,current primary brand is parent/company token; another OFF brand token needs brand-level review
7613035023406,Branches caramel salé,nestlé,nestle,snacks,FRANCE|DACH,en:france|en:switzerland,en:chocolate-candies,nestle,nestle,nestle,False,,,no_change,,no more-specific Top 9 portfolio brand detected
7613035024236,KitKat,nestlé,nestle,snacks,FRANCE,en:france,"Snacks, Snacks sucrés, Confiseries, Bonbons",nestle,nestle,kitkat,True,kitkat,Nestlé,top_company_portfolio_matrix_product_name,medium,current primary brand is parent/company token; portfolio brand appears in product name
7613035024267,Kit Kat,"nestlé, kit kat",nestle,snacks,FRANCE,en:france,"Snacks, Snacks sucrés, Cacao et dérivés, Confiseries, Barres, Confiseries chocolatées, Bonbons de chocolat, Barres chocolatées, Barres chocolatées biscuitées",nestle; kit kat,nestle,kitkat,True,kit kat,Nestlé,top_company_portfolio_matrix_off_brands,high,current primary brand is parent/company token; portfolio brand appears in OFF brands field
7613035028760,Kit Kat mini 517g,nestlé,nestle,snacks,FRANCE,en:france,"Snacks,Snacks sucrés,Cacao et dérivés,Confiseries,Barres,Confiseries chocolatées,en:bars-covered-with-chocolate,Barres chocolatées biscuitées,Barre chocolatée biscuitée type KitKat",nestle,nestle,nestle,False,,,no_change,,no more-specific Top 9 portfolio brand detected
7613035030640,NESTLE L'ATELIER Chocolat Noir Noisettes Entières Torréfiées,"nestlé, les recettes de l'atelier",nestle,snacks,FRANCE,en:france,"Snacks, Snacks sucrés, Cacao et dérivés, Chocolats, Chocolats noirs, Chocolats aux amandes, Chocolats aux noisettes, Chocolats noirs aux noisettes",nestle; les recettes de latelier,nestle,les recettes de latelier,True,les recettes de latelier,,top_company_portfolio_matrix_off_brands,high,current primary brand is parent/company token; another OFF brand token needs brand-level review
7613035030671,"NESTLE L'ATELIER Chocolat Noir Raisins, Amandes et Noisettes","nestlé, les recettes de l'atelier",nestle,snacks,FRANCE,en:france,"Snacks,Snacks sucrés,Cacao et dérivés,Chocolats,Chocolats noirs,Chocolats aux amandes,Chocolats noirs aux amandes",nestle; les recettes de latelier,nestle,les recettes de latelier,True,les recettes de latelier,,top_company_portfolio_matrix_off_brands,high,current primary brand is parent/company token; another OFF brand token needs brand-level review
7613035030701,NESTLE L'ATELIER Lait Noisettes Entières Torréfiées 195g,"nestlé, les recettes de l'atelier",nestle,snacks,FRANCE,en:france,"Snacks, Snacks sucrés, Cacao et dérivés, Chocolats, Chocolats au lait, Chocolats aux noisettes, Chocolats au lait aux noisettes",nestle; les recettes de latelier,nestle,les recettes de latelier,True,les recettes de latelier,,top_company_portfolio_matrix_off_brands,high,current primary brand is parent/company token; another OFF brand token needs brand-level review
7613035031814,"Les recettes de l'atelier cranberries, amandes, noisette",nestlé,nestle,snacks,FRANCE,en:france,"Snacks,Sweet snacks,Cocoa and its products,Chocolates,Milk chocolates",nestle,nestle,nestle,False,,,no_change,,no more-specific Top 9 portfolio brand detected
7613035032040,Recette de l'atelier,"nestlé, les recettes de l'atelier",nestle,snacks,FRANCE,en:france,"Snacks,Snacks sucrés,Cacao et dérivés,Chocolats,Chocolats au lait,Chocolats aux amandes,Chocolats aux noisettes,Chocolats au lait aux amandes,Chocolat au lait aux fruits secs,Chocolats au lait aux noisettes",nestle; les recettes de latelier,nestle,les recettes de latelier,True,les recettes de latelier,,top_company_portfolio_matrix_off_brands,high,current primary brand is parent/company token; another OFF brand token needs brand-level review
7613035032071,Chocolat noir Cranberries Amandes,"nestlé, les recettes de l'atelier",nestle,snacks,FRANCE,en:france,"Snacks,Snacks sucrés,Cacao et dérivés,Chocolats,Chocolats noirs,Chocolats noirs aux amandes",nestle; les recettes de latelier,nestle,les recettes de latelier,True,les recettes de latelier,,top_company_portfolio_matrix_off_brands,high,current primary brand is parent/company token; another OFF brand token needs brand-level review
7613035032101,"Les Recettes de l'Atelier - Chocolat Noir, Myrtilles, Amandes & Noisettes","nestlé, les recettes de l'atelier",nestle,snacks,FRANCE,en:france,"Snacks, Snacks sucrés, Cacao et dérivés, Chocolats, Chocolats noirs, Chocolats aux amandes, Chocolats noirs aux amandes",nestle; les recettes de latelier,nestle,les recettes de latelier,True,les recettes de latelier,,top_company_portfolio_matrix_off_brands,high,current primary brand is parent/company token; another OFF brand token needs brand-level review
7613035040342,Popcorn,"nestlé, cailler",nestle,snacks,FRANCE|DACH,en:france|en:switzerland,"Snacks, Snacks sucrés, Cacao et dérivés, Chocolats, Chocolats au lait, Chocolats aux céréales, Chocolats au lait aux céréales croustillantes",nestle; cailler,nestle,cailler,True,cailler,Nestlé,top_company_portfolio_matrix_off_brands,high,current primary brand is parent/company token; portfolio brand appears in OFF brands field
7613035040649,NESTLE DESSERT Noir 3 x 205g,"nestle dessert, nesle, tablettes",nestle,snacks,FRANCE,en:france,"Snacks, Sweet snacks, Cocoa and its products, Chocolates, Dark chocolates, Confiseries, Confiseries chocolatées",nestle dessert; nesle; tablettes,nestle,dessert,True,nestle dessert,,top_company_portfolio_matrix_off_brands,high,current primary brand is parent/company token; another OFF brand token needs brand-level review
7613035040670,NESTLE DESSERT Noir 2X205g,nestlé dessert,nestle,snacks,FRANCE,en:france,"Snacks,Sweet snacks,Cocoa and its products,Confectioneries,Chocolate candies,Chocolates,Dark chocolates,Dark chocolate bars for cooking",nestle dessert,nestle,dessert,True,nestle dessert,,top_company_portfolio_matrix_off_brands,high,current primary brand is parent/company token; another OFF brand token needs brand-level review
7613035040700,NESTLÉ DESSERT Noir,"nestlé,nestle dessert",nestle,snacks,FRANCE,en:france,"Snacks,Desserts,Sweet snacks,Cocoa and its products,Chocolates,Dark chocolates,Dark chocolate bars for cooking",nestle; nestle dessert,nestle,dessert,True,nestle dessert,,top_company_portfolio_matrix_off_brands,high,current primary brand is parent/company token; another OFF brand token needs brand-level review
7613035040762,NESTLE DESSERT Noir 3x205g,"nestlé,nestlé dessert, dessert",nestle,snacks,FRANCE,en:france,"Snacks,Desserts,Sweet snacks,Cocoa and its products,Chocolates,Dark chocolates,Dark chocolate bars for cooking, Confiseries, Confiseries chocolatées",nestle; nestle dessert; dessert,nestle,dessert,True,nestle dessert,,top_company_portfolio_matrix_off_brands,high,current primary brand is parent/company token; another OFF brand token needs brand-level review
7613035040793,NESTLÉ DESSERT Noir 2x205g,nestlé,nestle,snacks,US_CANADA|FRANCE|DACH,en:canada|en:france|en:germany,"Snacks, Desserts, Snacks sucrés, Cacao et dérivés, Chocolats, Chocolats noirs, Confiseries, Confiseries chocolatées",nestle,nestle,nestle,False,,,no_change,,no more-specific Top 9 portfolio brand detected
7613035040823,Nestlé dessert Noir,"nestlé, nestle dessert, tablettes",nestle,snacks,BENELUX|FRANCE|DACH,en:belgium|en:france|en:germany|en:reunion|en:switzerland,"Snacks, Desserts, Sweet snacks, Cocoa and its products, Chocolates, Dark chocolates, Dark chocolate bar, Dark chocolate bar for cooking with more than 40% cocoa, Confiseries, Confiseries chocolatées, Chocolats noirs pâtissiers en tablette",nestle; nestle dessert; tablettes,nestle,dessert,True,nestle dessert,,top_company_portfolio_matrix_off_brands,high,current primary brand is parent/company token; another OFF brand token needs brand-level review
7613035040885,Corsé,"nestlé,nestlé dessert",nestle,snacks,FRANCE,en:france,"Snacks,Sweet snacks,Cocoa and its products,Chocolates,Dark chocolates,Dark chocolate bars for cooking",nestle; nestle dessert,nestle,dessert,True,nestle dessert,,top_company_portfolio_matrix_off_brands,high,current primary brand is parent/company token; another OFF brand token needs brand-level review
7613035040915,Nestlé dessert corsé,"nestlé, nestlé dessert",nestle,snacks,FRANCE,en:france,"Snacks, Snacks sucrés, Cacao et dérivés, Chocolats, Chocolats noirs",nestle; nestle dessert,nestle,dessert,True,nestle dessert,,top_company_portfolio_matrix_off_brands,high,current primary brand is parent/company token; another OFF brand token needs brand-level review
7613035041059,Dessert Corsé,"nestlé,nestlé dessert",nestle,snacks,FRANCE,en:france,"Snacks,Sweet snacks,Cocoa and its products,Chocolates,Dark chocolates,Dark chocolate bars for cooking",nestle; nestle dessert,nestle,dessert,True,nestle dessert,,top_company_portfolio_matrix_off_brands,high,current primary brand is parent/company token; another OFF brand token needs brand-level review
7613035041721,"Les recettes de l'Atelier Cassis, Amandes & Noisettes","nestlé, les recettes de l'atelier",nestle,snacks,FRANCE,en:france,"Snacks, Snacks sucrés, Cacao et dérivés, Chocolats, Chocolats au lait, Chocolats aux amandes",nestle; les recettes de latelier,nestle,les recettes de latelier,True,les recettes de latelier,,top_company_portfolio_matrix_off_brands,high,current primary brand is parent/company token; another OFF brand token needs brand-level review
7613035050471,Cailler Caramel Salé,"nestlé, cailler",nestle,snacks,FRANCE|DACH,en:france|en:switzerland,"Snacks, Snacks sucrés, Cacao et dérivés, Confiseries, Chocolats, Chocolats au lait, Chocolats fourrés, Chocolats fourrés au praliné, Chocolats au lait fourrés, Chocolats au lait fourré au praliné",nestle; cailler,nestle,cailler,True,cailler,Nestlé,top_company_portfolio_matrix_off_brands,high,current primary brand is parent/company token; portfolio brand appears in OFF brands field
7613035052024,Aero,nestlé,nestle,snacks,FRANCE|UK_IE,en:france|en:ireland,"Imbiss,Süßer Snack",nestle,nestle,aero,True,aero,Nestlé,top_company_portfolio_matrix_product_name,medium,current primary brand is parent/company token; portfolio brand appears in product name
7613035058347,Aero Delightful Peppermint,nestlé,nestle,snacks,FRANCE|UK_IE,en:france|en:united-kingdom,"Snacks, Sweet snacks, Cocoa and its products, Confectioneries, Bars, Chocolate candies, Bars covered with chocolate",nestle,nestle,aero,True,aero,Nestlé,top_company_portfolio_matrix_product_name,medium,current primary brand is parent/company token; portfolio brand appears in product name
7613035061736,NESTLE DESSERT Noir 5x205 g - Lot SEB,"nestlé,nestlé dessert",nestle,snacks,FRANCE,en:france,"Snacks,Sweet snacks,Cocoa and its products,Chocolates,Dark chocolates,Dark chocolate bars for cooking, Confiseries, Confiseries chocolatées",nestle; nestle dessert,nestle,dessert,True,nestle dessert,,top_company_portfolio_matrix_off_brands,high,current primary brand is parent/company token; another OFF brand token needs brand-level review
7613035070950,Maxi format P'tits fruits 8x pommes ananas / 4x pommes cassis / 4x pommes oranges,"nestlé, bébé nestlé, nestlé bébé, p'tits fruits",nestle,snacks,FRANCE,en:france,"Aliments et boissons à base de végétaux, Aliments d'origine végétale, Aliments à base de fruits et de légumes, Desserts, Fruits et produits dérivés, Aliments pour bébé, Goûters et desserts pour bébé, Compotes, Dès 6 mois, Compotes pour bébé",nestle; bebe nestle; nestle bebe; ptits fruits,nestle,bebe nestle,True,bebe nestle,,top_company_portfolio_matrix_off_brands,high,current primary brand is parent/company token; another OFF brand token needs brand-level review
7613035078581,Chocolat Smarties,nestlé,nestle,snacks,FRANCE|DACH,en:france|en:switzerland,"Snacks, Snacks sucrés, Cacao et dérivés, Confiseries, Confiseries chocolatées, Bonbons de chocolat, Chocolats, Chocolats au lait, Bonbons dragéifiés",nestle,nestle,smarties,True,smarties,Nestlé,top_company_portfolio_matrix_product_name,medium,current primary brand is parent/company token; portfolio brand appears in product name
7613035097865,Barre chocolatée,"lion, nestlé",lion,snacks,FRANCE,en:france,"Snacks, Sweet snacks, Cocoa and its products, Confectioneries, Bars, Chocolate candies, Bars covered with chocolate, Caramel chocolate bars, Barres chocolatées",lion; nestle,lion,lion,False,,,no_change,,no more-specific Top 9 portfolio brand detected
7613035134423,Smarties 100% Bleu Edition givrée,nestlé,nestle,snacks,FRANCE,en:france,"Snacks, Snacks sucrés, Cacao et dérivés, Confiseries, Confiseries chocolatées, Bonbons de chocolat",nestle,nestle,smarties,True,smarties,Nestlé,top_company_portfolio_matrix_product_name,medium,current primary brand is parent/company token; portfolio brand appears in product name
7613035159860,Nestlé dessert chocolat noir,"nestlé dessert,nestlé",nestle,snacks,FRANCE,en:france|en:romania,"Snacks,Sweet snacks,Cocoa and its products,Chocolates,Dark chocolates,Dark chocolate bars for cooking",nestle dessert; nestle,nestle,dessert,True,nestle dessert,,top_company_portfolio_matrix_off_brands,high,current primary brand is parent/company token; another OFF brand token needs brand-level review
7613035178663,Chocolat au lait noisettes entières torréfiées,"nestlé, les recettes de l'atelier",nestle,snacks,FRANCE,en:france,"Snacks, Snacks sucrés, Cacao et dérivés, Chocolats, Chocolats au lait, Chocolats aux noisettes, Chocolats au lait aux noisettes",nestle; les recettes de latelier,nestle,les recettes de latelier,True,les recettes de latelier,,top_company_portfolio_matrix_off_brands,high,current primary brand is parent/company token; another OFF brand token needs brand-level review
7613035178694,Les Recettes de l'Atelier - Chocolat Noir Noisettes Entières Torréfiées,nestlé,nestle,snacks,FRANCE,en:france,"Snacks, Snacks sucrés, Cacao et dérivés, Chocolats, Chocolats noirs, Chocolats aux noisettes, Chocolats noirs aux noisettes",nestle,nestle,nestle,False,,,no_change,,no more-specific Top 9 portfolio brand detected
7613035178731,"Les Recettes de l'Atelier Raisins, Amandes & Noisettes Chocolat Noir (Offre Gourmande)","nestlé, les recettes de l'atelier",nestle,snacks,FRANCE,en:france,"Snacks, Snacks sucrés, Cacao et dérivés, Chocolats, Chocolats noirs, Chocolats aux amandes, Chocolats noirs aux amandes",nestle; les recettes de latelier,nestle,les recettes de latelier,True,les recettes de latelier,,top_company_portfolio_matrix_off_brands,high,current primary brand is parent/company token; another OFF brand token needs brand-level review
7613035178786,"Cassis, amandes et noisettes",nestlé,nestle,snacks,FRANCE,en:france,"Snacks, Snacks sucrés, Cacao et dérivés, Chocolats, Chocolats au lait",nestle,nestle,nestle,False,,,no_change,,no more-specific Top 9 portfolio brand detected
7613035184404,Nestle Walnut Whip 6pk,nestlé,nestle,snacks,FRANCE|UK_IE,en:france|en:united-kingdom,Confectioneries,nestle,nestle,nestle,False,,,no_change,,no more-specific Top 9 portfolio brand detected
7613035195660,Chocolate negro con arándanos azules almendras y avellanas,nestlé,nestle,snacks,FRANCE|SOUTHERN_EUROPE,en:france|en:spain,"Snacks, Snacks sucrés, Cacao et dérivés, Chocolats",nestle,nestle,nestle,False,,,no_change,,no more-specific Top 9 portfolio brand detected
7613035203976,Smarties Tube Boule Noel,nestlé,nestle,snacks,FRANCE|DACH,en:france|en:switzerland,"Snacks, Snacks sucrés, Cacao et dérivés, Confiseries, Confiseries chocolatées, Bonbons de chocolat, Bonbons dragéifiés",nestle,nestle,smarties,True,smarties,Nestlé,top_company_portfolio_matrix_product_name,medium,current primary brand is parent/company token; portfolio brand appears in product name
7613035207844,Smarties - Assortiment de bonbons de chocolat et de bonbons de chocolat dragéifiés,nestlé,nestle,snacks,FRANCE,en:france,"Snacks, Snacks sucrés, Cacao et dérivés, Confiseries, Aliments festifs, Confiseries chocolatées, Aliments et boissons de Noël, Bonbons de chocolat, Calendriers de l'avent, Assortiments de bonbons de chocolat",nestle,nestle,smarties,True,smarties,Nestlé,top_company_portfolio_matrix_product_name,medium,current primary brand is parent/company token; portfolio brand appears in product name
7613035219366,Kitkat Dark Chocolate 2 Finger,"nestlé, kitkat",nestle,snacks,FRANCE,en:france,"Snacks, Snacks sucrés, Cacao et dérivés, Confiseries, Barres, Confiseries chocolatées, Barres chocolatées",nestle; kitkat,nestle,kitkat,True,kitkat,Nestlé,top_company_portfolio_matrix_off_brands,high,current primary brand is parent/company token; portfolio brand appears in OFF brands field
7613035219465,kitkat dark,nestlé,nestle,snacks,FRANCE,en:france,"Snacks, Snacks sucrés, Cacao et dérivés, Confiseries, Barres, Confiseries chocolatées, Barres chocolatées",nestle,nestle,kitkat,True,kitkat,Nestlé,top_company_portfolio_matrix_product_name,medium,current primary brand is parent/company token; portfolio brand appears in product name
7613035219861,Kit Kat original,nestlé,nestle,snacks,FRANCE,en:france,"Snacks, Snacks sucrés, Cacao et dérivés, Confiseries, Barres, Confiseries chocolatées, Barres chocolatées, Barres chocolatées biscuitées",nestle,nestle,nestle,False,,,no_change,,no more-specific Top 9 portfolio brand detected
7613035220065,KitKat,nestle,nestle,snacks,FRANCE|UK_IE,en:france|en:united-kingdom,"Snacks, Sweet snacks, Cocoa and its products, Confectioneries, Bars, Chocolate candies, Bars covered with chocolate, Chocolate biscuity bars, fr:Barre chocolatée biscuitée type KitKat",nestle,nestle,kitkat,True,kitkat,Nestlé,top_company_portfolio_matrix_product_name,medium,current primary brand is parent/company token; portfolio brand appears in product name
7613035220126,KitKat,nestlé,nestle,snacks,FRANCE|UK_IE,en:france|en:united-kingdom,"Snacks,Sweet snacks,Cocoa and its products,Confectioneries,Chocolate candies,Bars,Chocolate biscuity bars",nestle,nestle,kitkat,True,kitkat,Nestlé,top_company_portfolio_matrix_product_name,medium,current primary brand is parent/company token; portfolio brand appears in product name
7613035220263,Kat 4 Finger Milk Chocolate Bar 4 Pack,nestlé,nestle,snacks,FRANCE|UK_IE,en:france|en:united-kingdom,en:chocolate-biscuity-bars,nestle,nestle,nestle,False,,,no_change,,no more-specific Top 9 portfolio brand detected
7613035220324,Kit Kat Dark,"nestlé, kit kat",nestle,snacks,FRANCE,en:france,Barre chocolatée biscuitée type KitKat,nestle; kit kat,nestle,kitkat,True,kit kat,Nestlé,top_company_portfolio_matrix_off_brands,high,current primary brand is parent/company token; portfolio brand appears in OFF brands field
7613035239562,"NESQUIK Poudre Cacaotée boîte 1,1kg","nestlé, nesquik",nestle,snacks,FRANCE,en:france|en:morocco,"de:schokoladen, en:instant-chocolate-powders, Cacaos en poudre",nestle; nesquik,nestle,nesquik,True,nesquik,Nestlé,top_company_portfolio_matrix_off_brands,high,current primary brand is parent/company token; portfolio brand appears in OFF brands field
7613035265271,Extrafino chocolate con leche,nestlé,nestle,snacks,FRANCE|SOUTHERN_EUROPE,en:france|en:morocco|en:spain,"Botanas,Snacks dulces,Cacao y sus productos,Chocolates,Chocolates con leche,en:Milk chocolate bar",nestle,nestle,nestle,False,,,no_change,,no more-specific Top 9 portfolio brand detected
7613035268388,Chocolate con Leche,nestlé extrafino,nestle,snacks,FRANCE|SOUTHERN_EUROPE,en:france|en:morocco|en:portugal|en:spain,"Lanches comida,Lanches doces,Cacau e derivados,Chocolates,Chocolates de leite,en:Milk chocolate bar",nestle extrafino,nestle,extrafino,True,nestle extrafino,,top_company_portfolio_matrix_off_brands,high,current primary brand is parent/company token; another OFF brand token needs brand-level review
7613035301887,Recettes de l'Atelier N°4 Noir Epicé,"nestlé, les recettes de l'atelier",nestle,snacks,FRANCE,en:france,"Snacks, Snacks sucrés, Cacao et dérivés, Chocolats, Chocolats noirs",nestle; les recettes de latelier,nestle,les recettes de latelier,True,les recettes de latelier,,top_company_portfolio_matrix_off_brands,high,current primary brand is parent/company token; another OFF brand token needs brand-level review
7613035301917,NESTLE L'ATELIER Chocolat noir 78% Floral,"nestlé, les recettes de l'atelier",nestle,snacks,FRANCE,en:france,"Snacks, Snacks sucrés, Cacao et dérivés, Chocolats, Chocolats noirs",nestle; les recettes de latelier,nestle,les recettes de latelier,True,les recettes de latelier,,top_company_portfolio_matrix_off_brands,high,current primary brand is parent/company token; another OFF brand token needs brand-level review
7613035302143,NESTLE L'ATELIER - Noir 70% - 100g,"nestlé, les recettes de l'atelier, nestle les recettes de l’atelier",nestle,snacks,FRANCE,en:france|en:french-guiana,"Snacks,Snacks sucrés,Cacao et dérivés,Chocolats,Chocolats noirs,Chocolat noir en tablette extra dégustation à 70% de cacao minimum",nestle; les recettes de latelier; nestle les recettes de latelier,nestle,les recettes de latelier,True,les recettes de latelier,,top_company_portfolio_matrix_off_brands,high,current primary brand is parent/company token; another OFF brand token needs brand-level review
7613035302181,,"nestlé, les recettes de l'atelier",nestle,snacks,FRANCE,en:france|en:martinique,"Snacks,Snacks sucrés,Cacao et dérivés,Chocolats,Chocolats noirs",nestle; les recettes de latelier,nestle,les recettes de latelier,True,les recettes de latelier,,top_company_portfolio_matrix_off_brands,high,current primary brand is parent/company token; another OFF brand token needs brand-level review
7613035302457,Les Recettes de l'Atelier N°8 Éclats de Caramel,"nestlé, les recettes de l'atelier",nestle,snacks,FRANCE,en:france,"Snacks, Snacks sucrés, Cacao et dérivés, Chocolats, Chocolats noirs, Chocolats au caramel, Chocolats noirs au caramel",nestle; les recettes de latelier,nestle,les recettes de latelier,True,les recettes de latelier,,top_company_portfolio_matrix_off_brands,high,current primary brand is parent/company token; another OFF brand token needs brand-level review
7613035302471,Les Recettes de l'Atelier - Chocolat noir de dégustation aux éclats de fèves de cacao caramélisés,"nestlé, les recettes de l'atelier",nestle,snacks,FRANCE,en:france,"Snacks, Snacks sucrés, Cacao et dérivés, Chocolats, Chocolats noirs, Chocolats noirs aux fèves de cacao",nestle; les recettes de latelier,nestle,les recettes de latelier,True,les recettes de latelier,,top_company_portfolio_matrix_off_brands,high,current primary brand is parent/company token; another OFF brand token needs brand-level review
7613035310506,Chocolate negro,nestlé,nestle,snacks,FRANCE|SOUTHERN_EUROPE,en:france|en:morocco|en:spain,"Botanas,Snacks dulces,Cacao y sus productos,Chocolates,Chocolates negros",nestle,nestle,nestle,False,,,no_change,,no more-specific Top 9 portfolio brand detected
7613035312050,Kit Kat Mini,"nestlé, kit kat",nestle,snacks,NORDICS|FRANCE,en:finland|en:france,"Snacks,Snacks sucrés,Cacao et dérivés,Confiseries,Barres,Confiseries chocolatées,en:bars-covered-with-chocolate,Barres chocolatées biscuitées,Barre chocolatée biscuitée type KitKat",nestle; kit kat,nestle,kitkat,True,kit kat,Nestlé,top_company_portfolio_matrix_off_brands,high,current primary brand is parent/company token; portfolio brand appears in OFF brands field
7613035317062,Quality Street Christmas Tin,"nestlé, quality street",nestle,snacks,FRANCE,en:france,"Snacks, Snacks sucrés, Cacao et dérivés, Confiseries, Aliments festifs, Confiseries chocolatées, Aliments et boissons de Noël, Bonbons de chocolat",nestle; quality street,nestle,quality street,True,quality street,Nestlé,top_company_portfolio_matrix_off_brands,high,current primary brand is parent/company token; portfolio brand appears in OFF brands field
7613035327313,Brique Lait & Céréales Biscuit Vanille P'tit Dej Nestlé 2 x 250ML +,nestlé,nestle,snacks,FRANCE,en:france,"Boissons, Aliments pour bébé, Boissons sans sucre ajouté, Céréales pour bébé",nestle,nestle,nestle,False,,,no_change,,no more-specific Top 9 portfolio brand detected
7613035345034,Galak - Biscuits,"nestlé, galak",nestle,snacks,FRANCE,en:france,"Snacks, Snacks sucrés, Biscuits et gâteaux, Biscuits, Biscuits au chocolat, Biscuits au chocolat blanc",nestle; galak,nestle,galak,True,galak,,top_company_portfolio_matrix_off_brands,high,current primary brand is parent/company token; another OFF brand token needs brand-level review
7613035365896,"KITKAT 4 Finger Barre au chocolat au Lait, 41,5g en lot de 6","nestlé, kit kat, kitkat",nestle,snacks,BENELUX|FRANCE,en:belgium|en:france,"Snacks,Snacks sucrés,Cacao et dérivés,Confiseries,Barres,Confiseries chocolatées,en:bars-covered-with-chocolate,Barres chocolatées biscuitées,Barre chocolatée biscuitée type KitKat",nestle; kit kat; kitkat,nestle,kitkat,True,kitkat,Nestlé,top_company_portfolio_matrix_off_brands,high,current primary brand is parent/company token; portfolio brand appears in OFF brands field
7613035366725,6 lapins au chocolat au lait,"nestlé, smarties",nestle,snacks,FRANCE,en:france,"Snacks, Snacks sucrés, Cacao et dérivés, Aliments festifs, Chocolats, Moulages en chocolat, Aliments de Pâques, Lapins en chocolat",nestle; smarties,nestle,smarties,True,smarties,Nestlé,top_company_portfolio_matrix_off_brands,high,current primary brand is parent/company token; portfolio brand appears in OFF brands field
7613035366749,Kit Kat x10,"nestlé,kit kat,kitkat",nestle,snacks,BENELUX|NORDICS|FRANCE|SOUTHERN_EUROPE|UK_IE,en:belgium|en:finland|en:france|en:spain|en:united-kingdom,"Botanas,Snacks dulces,Cacao y sus productos,Dulces,Dulces de chocolate,Barritas,Barritas de chocolate,en:Chocolate biscuity bars,fr:Barre chocolatée biscuitée type KitKat",nestle; kit kat; kitkat,nestle,kitkat,True,kitkat,Nestlé,top_company_portfolio_matrix_off_brands,high,current primary brand is parent/company token; portfolio brand appears in OFF brands field
7613035367852,NESTLE L'ATELIER Ganache chocolat au lait et caramel 150g,"nestlé, les recettes de l'atelier",nestle,snacks,FRANCE,en:france,"Snacks, Snacks sucrés, Cacao et dérivés, Chocolats, Chocolats au lait, Chocolats fourrés, Chocolats au lait fourrés, Tablettes de chocolat",nestle; les recettes de latelier,nestle,les recettes de latelier,True,les recettes de latelier,,top_company_portfolio_matrix_off_brands,high,current primary brand is parent/company token; another OFF brand token needs brand-level review
7613035395480,"KITKAT 4 Finger Barre au chocolat au Lait, 41,5g en lot de 20, format promotionnel","nestlé, kit kat",nestle,snacks,FRANCE,en:france,"Snacks, Snacks sucrés, Cacao et dérivés, Confiseries, Barres, Confiseries chocolatées, Barres chocolatées, Barres chocolatées biscuitées, Barre chocolatée biscuitée type KitKat",nestle; kit kat,nestle,kitkat,True,kit kat,Nestlé,top_company_portfolio_matrix_off_brands,high,current primary brand is parent/company token; portfolio brand appears in OFF brands field
7613035402577,Barre chocolaté,"nestlé, kitkat, smarties",nestle,snacks,FRANCE,en:france,"Snacks, Snacks sucrés, Cacao et dérivés, Confiseries, Barres, Confiseries chocolatées, Barres chocolatées",nestle; kitkat; smarties,nestle,smarties,True,smarties,Nestlé,top_company_portfolio_matrix_off_brands,high,current primary brand is parent/company token; portfolio brand appears in OFF brands field
7613035402638,Kit Kat Stirrer Vanilla,nestlé,nestle,snacks,FRANCE,en:france,"Snacks,Snacks sucrés,Cacao et dérivés,Confiseries,Barres,Confiseries chocolatées,en:bars-covered-with-chocolate,Barres chocolatées biscuitées,Barre chocolatée biscuitée type KitKat",nestle,nestle,nestle,False,,,no_change,,no more-specific Top 9 portfolio brand detected
7613035415140,Roundtrees Fruit Pastilles,"nestlé, starburst",nestle,snacks,FRANCE,en:france,en:candies,nestle; starburst,nestle,starburst,True,starburst,,top_company_portfolio_matrix_off_brands,high,current primary brand is parent/company token; another OFF brand token needs brand-level review
7613035417144,L'Ecorcé Chocolat noir 70%,"nestlé,cailler",nestle,snacks,FRANCE,en:france,"Snacks,Snacks sucrés,Cacao et dérivés,Chocolats,Chocolats noirs,Chocolat noir en tablette extra dégustation à 70% de cacao minimum",nestle; cailler,nestle,cailler,True,cailler,Nestlé,top_company_portfolio_matrix_off_brands,high,current primary brand is parent/company token; portfolio brand appears in OFF brands field
7613035421554,"KITKAT barre chocolatée 41,5g","nestlé, kit kat, kitkat",nestle,snacks,FRANCE,en:france,"Snacks,Snacks sucrés,Cacao et dérivés,Confiseries,Barres,Confiseries chocolatées,en:bars-covered-with-chocolate,Barres chocolatées biscuitées,Barre chocolatée biscuitée type KitKat",nestle; kit kat; kitkat,nestle,kitkat,True,kitkat,Nestlé,top_company_portfolio_matrix_off_brands,high,current primary brand is parent/company token; portfolio brand appears in OFF brands field
7613035448032,Les recettes de l'atelier - chocolat blond caramel - noisettes,"nestlé, les recettes de l'atelier",nestle,snacks,FRANCE,en:france,"Snacks, Snacks sucrés, Cacao et dérivés, Chocolats, Chocolats blancs, Chocolats aux amandes, Chocolats aux noisettes, Chocolats blancs aux noisettes",nestle; les recettes de latelier,nestle,les recettes de latelier,True,les recettes de latelier,,top_company_portfolio_matrix_off_brands,high,current primary brand is parent/company token; another OFF brand token needs brand-level review
7613035449015,Crunch,nestlé,nestle,snacks,FRANCE,en:france,"Snacks,Snacks sucrés,Cacao et dérivés,Chocolats,Chocolats au lait au riz",nestle,nestle,nestle,False,,,no_change,,no more-specific Top 9 portfolio brand detected
7613035449176,NESTLE DESSERT Lait 2 x170g,"nestlé, nestle dessert, tablettes",nestle,snacks,FRANCE,en:france,"snacks, en:cacao-et-dérivés, fr:chocolats, fr:chocolats-au-lait, en:snacks-sucrés, Confiseries, Confiseries chocolatées",nestle; nestle dessert; tablettes,nestle,dessert,True,nestle dessert,,top_company_portfolio_matrix_off_brands,high,current primary brand is parent/company token; another OFF brand token needs brand-level review
7613035463349,Arabesques exquises,"nestlé, lanvin",nestle,snacks,FRANCE,en:france,"Snacks, Snacks sucrés, Cacao et dérivés, Confiseries, Confiseries chocolatées, Bonbons de chocolat",nestle; lanvin,nestle,lanvin,True,lanvin,,top_company_portfolio_matrix_off_brands,high,current primary brand is parent/company token; another OFF brand token needs brand-level review
7613035465176,Chocolat au lait raisins amandes noisettes,"nestlé, les recettes de l'atelier",nestle,snacks,FRANCE,en:france,"Snacks, Snacks sucrés, Cacao et dérivés, Chocolats, Chocolats au lait",nestle; les recettes de latelier,nestle,les recettes de latelier,True,les recettes de latelier,,top_company_portfolio_matrix_off_brands,high,current primary brand is parent/company token; another OFF brand token needs brand-level review
7613035477087,After Eight Menthe & Orange,"nestlé, after eight",nestle,snacks,FRANCE,en:france,"Snacks, Snacks sucrés, Cacao et dérivés, Chocolats",nestle; after eight,nestle,after eight,True,after eight,,top_company_portfolio_matrix_off_brands,high,current primary brand is parent/company token; another OFF brand token needs brand-level review
7613035493490,NESTLE DESSERT Caramel 2x 170 g,"nestlé, nestle dessert",nestle,snacks,FRANCE,en:france,"Snacks, Snacks sucrés, Cacao et dérivés, Chocolats, Chocolats au lait, Confiseries, Confiseries chocolatées",nestle; nestle dessert,nestle,dessert,True,nestle dessert,,top_company_portfolio_matrix_off_brands,high,current primary brand is parent/company token; another OFF brand token needs brand-level review
7613035493599,NESTLE DESSERT Café 2x180G,"nestlé, nestle dessert, tablettes",nestle,snacks,FRANCE,en:france,"Snacks, Snacks sucrés, Cacao et dérivés, Chocolats, Chocolats blancs",nestle; nestle dessert; tablettes,nestle,dessert,True,nestle dessert,,top_company_portfolio_matrix_off_brands,high,current primary brand is parent/company token; another OFF brand token needs brand-level review
7613035493629,Chocolat blanc Dessert,"nestlé, nestlé dessert",nestle,snacks,FRANCE,en:france,"Snacks, Snacks sucrés, Cacao et dérivés, Chocolats, Chocolats blancs",nestle; nestle dessert,nestle,dessert,True,nestle dessert,,top_company_portfolio_matrix_off_brands,high,current primary brand is parent/company token; another OFF brand token needs brand-level review
7613035494275,NESTLE DESSERT Amande 2x 180g,"nestlé, nestle dessert, tablettes",nestle,snacks,FRANCE,en:france,"Snacks, Snacks sucrés, Cacao et dérivés, Chocolats, Chocolats blancs",nestle; nestle dessert; tablettes,nestle,dessert,True,nestle dessert,,top_company_portfolio_matrix_off_brands,high,current primary brand is parent/company token; another OFF brand token needs brand-level review
7613035494541,NESTLE DESSERT Praliné 2 x 170g,"nestlé dessert, tablettes",nestle,snacks,FRANCE,en:france,"Snacks, Snacks sucrés, Cacao et dérivés, Chocolats, Chocolats au lait, Chocolats fourrés, Chocolats fourrés au praliné, Chocolats au lait fourrés, Chocolats au lait fourré au praliné, Confiseries, Confiseries chocolatées",nestle dessert; tablettes,nestle,dessert,True,nestle dessert,,top_company_portfolio_matrix_off_brands,high,current primary brand is parent/company token; another OFF brand token needs brand-level review
7613035502369,LION White - Barres chocolatées 6x30g,"nestlé, lion white",nestle,snacks,DACH|FRANCE,en:austria|en:france,"snacks, snacks-sucrés, cacao-et-dérivés, confiseries, barres, confiseries-chocolatées, barres-chocolatées, barres-chocolatées-biscuitées, fr:barres, en:barres-chocolatées, en:cacao-et-dérivés, fr:confiseries, en:confiseries-chocolatées, en:snacks-sucrés",nestle; lion white,nestle,lion white,True,lion white,,top_company_portfolio_matrix_off_brands,high,current primary brand is parent/company token; another OFF brand token needs brand-level review
7613035509726,Nestle Kitkat 41.5G,nestlé,nestle,snacks,FRANCE,en:france,"Snacks, Snacks sucrés, Cacao et dérivés, Confiseries, Barres, Confiseries chocolatées, Barres chocolatées",nestle,nestle,kitkat,True,kitkat,Nestlé,top_company_portfolio_matrix_product_name,medium,current primary brand is parent/company token; portfolio brand appears in product name
7613035510104,Kit Kat Dark,nestlé,nestle,snacks,FRANCE|DACH,en:france|en:germany,"Imbiss, Süßer Snack, Kakao und Kakaoprodukte, Süßwaren, Schokoladenkonfekt, Riegel, Schokoriegel, Schokoladenbiscuits, fr:Barre chocolatée biscuitée type KitKat",nestle,nestle,nestle,False,,,no_change,,no more-specific Top 9 portfolio brand detected
7613035510128,KitKat Dark 70%,nestlé,nestle,snacks,FRANCE|SOUTHERN_EUROPE,en:france|en:italy|en:spain,"Snacks, Sweet snacks, Biscuits and cakes, Biscuits, Wafers, en:bars",nestle,nestle,kitkat,True,kitkat,Nestlé,top_company_portfolio_matrix_product_name,medium,current primary brand is parent/company token; portfolio brand appears in product name
7613035510579,Kitkat dark wafer ricoperto di cioccolato fondente,nestlé,nestle,snacks,FRANCE|SOUTHERN_EUROPE,en:france|en:italy|en:spain|en:en,"Botanas, Snacks dulces, Cacao y sus productos, Dulces, Barritas, Dulces de chocolate, Barritas de chocolate",nestle,nestle,kitkat,True,kitkat,Nestlé,top_company_portfolio_matrix_product_name,medium,current primary brand is parent/company token; portfolio brand appears in product name
7613035510999,Kit Kat White,nestlé,nestle,snacks,FRANCE|SOUTHERN_EUROPE,en:france|en:spain,"Snacks,Snacks sucrés,Cacao et dérivés,Confiseries,Barres,Confiseries chocolatées,en:bars-covered-with-chocolate,Barre chocolatée biscuitée type KitKat",nestle,nestle,nestle,False,,,no_change,,no more-specific Top 9 portfolio brand detected
7613035511033,KitKat white,nestlé,nestle,snacks,FRANCE,en:france,"Snacks,Snacks sucrés,Cacao et dérivés,Confiseries,Barres,Confiseries chocolatées,en:bars-covered-with-chocolate,Barres chocolatées biscuitées,Barre chocolatée biscuitée type KitKat",nestle,nestle,kitkat,True,kitkat,Nestlé,top_company_portfolio_matrix_product_name,medium,current primary brand is parent/company token; portfolio brand appears in product name
7613035512474,Kit Kat White,nestlé,nestle,snacks,DACH|FRANCE,en:austria|en:france,"Snacks,Snacks sucrés,Cacao et dérivés,Confiseries,Confiseries chocolatées,Barres,Barres chocolatées,Barres chocolatées biscuitées,Barre chocolatée biscuitée type KitKat",nestle,nestle,nestle,False,,,no_change,,no more-specific Top 9 portfolio brand detected
7613035544918,Smarties Adventshäuschen,nestlé,nestle,snacks,FRANCE,en:france,"Snacks, Snacks sucrés, Cacao et dérivés, Confiseries, Confiseries chocolatées, Bonbons de chocolat, Bonbons dragéifiés",nestle,nestle,smarties,True,smarties,Nestlé,top_company_portfolio_matrix_product_name,medium,current primary brand is parent/company token; portfolio brand appears in product name
7613035545144,Smarties Winterspab,nestlé,nestle,snacks,FRANCE,en:france,en:bonbons,nestle,nestle,smarties,True,smarties,Nestlé,top_company_portfolio_matrix_product_name,medium,current primary brand is parent/company token; portfolio brand appears in product name
7613035566187,Smarties Mini Pack,nestlé,nestle,snacks,FRANCE,en:france,"Snacks, Snacks sucrés, Cacao et dérivés, Confiseries, Confiseries chocolatées, Bonbons de chocolat",nestle,nestle,smarties,True,smarties,Nestlé,top_company_portfolio_matrix_product_name,medium,current primary brand is parent/company token; portfolio brand appears in product name
7613035587793,NESTLE DESSERT Lait,nestlé,nestle,snacks,US_CANADA|FRANCE,en:canada|en:france,"Snacks, Sweet snacks, Cocoa and its products, Confectioneries, Chocolate candies, Chocolates, Milk chocolates, Milk chocolate bar, en:filled-milk-chocolates",nestle,nestle,nestle,False,,,no_change,,no more-specific Top 9 portfolio brand detected
7613035587816,NESTLE DESSERT Lait 3 x 170g,"nestlé, nestle dessert, tablettes",nestle,snacks,FRANCE,en:france,"Snacks, Snacks sucrés, Cacao et dérivés, Chocolats, Chocolats noirs, Chocolats au lait, Chocolat noir en tablette extra dégustation à 70% de cacao minimum, Confiseries, Confiseries chocolatées",nestle; nestle dessert; tablettes,nestle,dessert,True,nestle dessert,,top_company_portfolio_matrix_off_brands,high,current primary brand is parent/company token; another OFF brand token needs brand-level review
7613035589988,Kit Kat Mix,nestlé,nestle,snacks,FRANCE,en:france,"Snacks, Snacks sucrés, Cacao et dérivés, Confiseries, Barres, Confiseries chocolatées, Barres chocolatées, Barres chocolatées biscuitées",nestle,nestle,nestle,False,,,no_change,,no more-specific Top 9 portfolio brand detected
7613035590076,Calendrier de l'avent,"nestlé, smarties",nestle,snacks,FRANCE,en:france,"Snacks, Snacks sucrés, Cacao et dérivés, Aliments festifs, Aliments et boissons de Noël, Chocolats, Calendriers de l'avent",nestle; smarties,nestle,smarties,True,smarties,Nestlé,top_company_portfolio_matrix_off_brands,high,current primary brand is parent/company token; portfolio brand appears in OFF brands field
7613035591974,Smarties,"nestlé, smarties",nestle,snacks,FRANCE,en:france,"Snacks, Snacks sucrés, Cacao et dérivés, Confiseries, Confiseries chocolatées, Bonbons de chocolat, Bonbons",nestle; smarties,nestle,smarties,True,smarties,Nestlé,top_company_portfolio_matrix_off_brands,high,current primary brand is parent/company token; portfolio brand appears in OFF brands field
7613035618176,Escargots,"nestlé, lanvin",nestle,snacks,FRANCE,en:france,"Snacks, Snacks sucrés, Cacao et dérivés, Confiseries, Confiseries chocolatées, Bonbons de chocolat",nestle; lanvin,nestle,lanvin,True,lanvin,,top_company_portfolio_matrix_off_brands,high,current primary brand is parent/company token; another OFF brand token needs brand-level review
7613035618237,L'Escargot Noir,"nestlé, lanvin",nestle,snacks,FRANCE,en:france,"Snacks,Snacks sucrés,Cacao et dérivés,Confiseries,Confiseries chocolatées,Bonbons de chocolat,Chocolats fourrés au praliné,Chocolats noirs",nestle; lanvin,nestle,lanvin,True,lanvin,,top_company_portfolio_matrix_off_brands,high,current primary brand is parent/company token; another OFF brand token needs brand-level review
7613035618268,L'Escargot Lait,"nestlé, lanvin",nestle,snacks,FRANCE,en:france,"Snacks, Snacks sucrés, Cacao et dérivés, Confiseries, Aliments festifs, Confiseries chocolatées, Aliments et boissons de Noël, Bonbons de chocolat, Bonbons de chocolat au lait",nestle; lanvin,nestle,lanvin,True,lanvin,,top_company_portfolio_matrix_off_brands,high,current primary brand is parent/company token; another OFF brand token needs brand-level review
7613035618299,L'Escargot Lait,"nestlé, lanvin",nestle,snacks,FRANCE,en:france,"Snacks,Sweet snacks,Cocoa and its products,Confectioneries,Chocolate candies,Bonbons,Milk chocolate candies",nestle; lanvin,nestle,lanvin,True,lanvin,,top_company_portfolio_matrix_off_brands,high,current primary brand is parent/company token; another OFF brand token needs brand-level review
7613035618350,L'escargot Blanc,"nestlé, lanvin",nestle,snacks,FRANCE,en:france,"Snacks, Snacks sucrés, Cacao et dérivés, Confiseries, Confiseries chocolatées, Bonbons de chocolat",nestle; lanvin,nestle,lanvin,True,lanvin,,top_company_portfolio_matrix_off_brands,high,current primary brand is parent/company token; another OFF brand token needs brand-level review
7613035620605,Collection farandole,"nestlé, lanvin",nestle,snacks,FRANCE,en:france,"Snacks, Snacks sucrés, Cacao et dérivés, Confiseries, Confiseries chocolatées, Bonbons de chocolat, Bonbons, Assortiments de bonbons de chocolat",nestle; lanvin,nestle,lanvin,True,lanvin,,top_company_portfolio_matrix_off_brands,high,current primary brand is parent/company token; another OFF brand token needs brand-level review
7613035621084,Lanvin Ass. col. carrousel,"nestlé, lanvin",nestle,snacks,FRANCE,en:france,"Snacks, Snacks sucrés, Cacao et dérivés, Confiseries, Confiseries chocolatées, Bonbons de chocolat, Assortiments de bonbons de chocolat",nestle; lanvin,nestle,lanvin,True,lanvin,,top_company_portfolio_matrix_off_brands,high,current primary brand is parent/company token; another OFF brand token needs brand-level review
7613035653290,NESTLE DESSERT Lait 2 x 170g,"nestlé, nestle dessert, tablettes",nestle,snacks,FRANCE,en:france,"Snacks, Snacks sucrés, Cacao et dérivés, Chocolats, Chocolats au lait, Confiseries, Confiseries chocolatées",nestle; nestle dessert; tablettes,nestle,dessert,True,nestle dessert,,top_company_portfolio_matrix_off_brands,high,current primary brand is parent/company token; another OFF brand token needs brand-level review
7613035672918,Femina NOIR,"nestlé, cailler",nestle,snacks,FRANCE|DACH,en:france|en:switzerland,"Snacks, Snacks sucrés, Cacao et dérivés, Confiseries, Confiseries chocolatées, Bonbons de chocolat, Assortiments de bonbons de chocolat",nestle; cailler,nestle,cailler,True,cailler,Nestlé,top_company_portfolio_matrix_off_brands,high,current primary brand is parent/company token; portfolio brand appears in OFF brands field
7613035723993,"Chocolat au lait Raisins, Amandes & Noisettes","nestlé, les recettes de l'atelier",nestle,snacks,BENELUX|FRANCE,en:belgium|en:france|en:netherlands,"Snacks, Snacks sucrés, Cacao et dérivés, Chocolats, Chocolats au lait",nestle; les recettes de latelier,nestle,les recettes de latelier,True,les recettes de latelier,,top_company_portfolio_matrix_off_brands,high,current primary brand is parent/company token; another OFF brand token needs brand-level review
7613035724358,L atelier,"nestlé, les recettes de l'atelier",nestle,snacks,FRANCE,en:france,"Snacks, Snacks sucrés, Cacao et dérivés, Chocolats, Chocolats au lait",nestle; les recettes de latelier,nestle,les recettes de latelier,True,les recettes de latelier,,top_company_portfolio_matrix_off_brands,high,current primary brand is parent/company token; another OFF brand token needs brand-level review
7613035724389,Les recettes de l'Atelier,"nestlé, les recettes de l'atelier",nestle,snacks,FRANCE,en:france,"Snacks, Snacks sucrés, Cacao et dérivés, Chocolats, Chocolats noirs",nestle; les recettes de latelier,nestle,les recettes de latelier,True,les recettes de latelier,,top_company_portfolio_matrix_off_brands,high,current primary brand is parent/company token; another OFF brand token needs brand-level review
7613035741157,Bûche glacée caramel beurre salée,nestlé,nestle,snacks,FRANCE,en:france,"Snacks, Desserts, Snacks sucrés, Aliments festifs, Surgelés, Biscuits et gâteaux, Aliments et boissons de Noël, Desserts glacés, Gâteaux, Bûches de Noël, Bûches glacées",nestle,nestle,nestle,False,,,no_change,,no more-specific Top 9 portfolio brand detected
7613035779204,Kit Kat Mocha,nestlé,nestle,snacks,FRANCE,en:france,"Snacks,Snacks sucrés,Cacao et dérivés,Confiseries,Barres,Confiseries chocolatées,en:bars-covered-with-chocolate,Barres chocolatées biscuitées,Barre chocolatée biscuitée type KitKat",nestle,nestle,nestle,False,,,no_change,,no more-specific Top 9 portfolio brand detected
7613035797154,Lapins pralinés,nestlé,nestle,snacks,FRANCE|DACH,en:france|en:switzerland,"Snacks, Sweet snacks, Cocoa and its products, Confectioneries, Chocolate candies, Bonbons, en:assorted-chocolate-candies",nestle,nestle,nestle,False,,,no_change,,no more-specific Top 9 portfolio brand detected
7613035808423,Smarties,nestlé,nestle,snacks,FRANCE,en:france,"Snacks, Snacks sucrés, Cacao et dérivés, Confiseries, Confiseries chocolatées, Bonbons de chocolat, Bonbons dragéifiés",nestle,nestle,smarties,True,smarties,Nestlé,top_company_portfolio_matrix_product_name,medium,current primary brand is parent/company token; portfolio brand appears in product name
7613035809031,Cipiripi,nestlé,nestle,snacks,FRANCE,en:france,en:chocolates,nestle,nestle,nestle,False,,,no_change,,no more-specific Top 9 portfolio brand detected
7613035810105,Smarties Mini Tablettes,nestlé,nestle,snacks,FRANCE,en:france,"Snacks, Snacks sucrés, Cacao et dérivés, Chocolats, Chocolats au lait",nestle,nestle,smarties,True,smarties,Nestlé,top_company_portfolio_matrix_product_name,medium,current primary brand is parent/company token; portfolio brand appears in product name
7613035810914,Smarties,nestlé,nestle,snacks,FRANCE,en:france,"Snacks, Snacks sucrés, Cacao et dérivés, Confiseries, Confiseries chocolatées, Bonbons de chocolat, Bonbons dragéifiés",nestle,nestle,smarties,True,smarties,Nestlé,top_company_portfolio_matrix_product_name,medium,current primary brand is parent/company token; portfolio brand appears in product name
7613035827806,L'escargot Lait,"nestlé, lanvin",nestle,snacks,FRANCE,en:france,"Snacks, Snacks sucrés, Cacao et dérivés, Confiseries, Confiseries chocolatées, Bonbons de chocolat, Bonbons de chocolat au lait",nestle; lanvin,nestle,lanvin,True,lanvin,,top_company_portfolio_matrix_off_brands,high,current primary brand is parent/company token; another OFF brand token needs brand-level review
7613035852655,NESTLE DESSERT préparation pour Cupcakes au chocolat 344g,"nestlé dessert, préparations",nestle,snacks,FRANCE,en:france,"Snacks, Snacks sucrés, Biscuits et gâteaux, Produits déshydratés, Gâteaux, Aides culinaires, Produits lyophilisés à reconstituer, Aides à la pâtisserie, en:Baking Mixes, Préparations pour desserts, Préparations pour gâteaux",nestle dessert; preparations,nestle,dessert,True,nestle dessert,,top_company_portfolio_matrix_off_brands,high,current primary brand is parent/company token; another OFF brand token needs brand-level review
7613035857032,Mini tablette,smarties nestle,smarties,snacks,FRANCE,en:france,"Snacks, Snacks sucrés, Cacao et dérivés, Confiseries, Confiseries chocolatées, Bonbons de chocolat, Chocolats, Bonbons dragéifiés",smarties nestle,smarties,smarties,False,,,no_change,,no more-specific Top 9 portfolio brand detected
7613035857636,"Chocolat noir raisins, amandes et noisettes","nestlé, les recettes de l'atelier",nestle,snacks,FRANCE,en:france,"Snacks, Snacks sucrés, Cacao et dérivés, Chocolats, Chocolats noirs",nestle; les recettes de latelier,nestle,les recettes de latelier,True,les recettes de latelier,,top_company_portfolio_matrix_off_brands,high,current primary brand is parent/company token; another OFF brand token needs brand-level review
7613035859098,NESTLÉ DESSERT 70% Absolu 170g,"nestlé,nestlé dessert",nestle,snacks,FRANCE,en:france|en:reunion,"Snacks,Desserts,Sweet snacks,Cocoa and its products,Chocolates,Dark chocolates,Dark chocolate bar with more than 70% cocoa,Dark chocolate bars for cooking",nestle; nestle dessert,nestle,dessert,True,nestle dessert,,top_company_portfolio_matrix_off_brands,high,current primary brand is parent/company token; another OFF brand token needs brand-level review
7613035860629,Les Recettes de l'Atelier Ganache Chocolat et Citron Vert,"nestlé, les recettes de l'atelier",nestle,snacks,FRANCE,en:france,"Snacks, Snacks sucrés, Cacao et dérivés, Chocolats, Chocolats noirs, Chocolats fourrés",nestle; les recettes de latelier,nestle,les recettes de latelier,True,les recettes de latelier,,top_company_portfolio_matrix_off_brands,high,current primary brand is parent/company token; another OFF brand token needs brand-level review
7613035861497,Recettes de l'atelier - Ganache chocolat & café,nestlé,nestle,snacks,FRANCE,en:france,"Snacks, Snacks sucrés, Cacao et dérivés, Chocolats, Chocolats noirs",nestle,nestle,nestle,False,,,no_change,,no more-specific Top 9 portfolio brand detected
7613035870109,Les recettes de l'atelier - recette n°5 Noir Acidulé,nestlé,nestle,snacks,FRANCE,en:france,"Snacks, Snacks sucrés, Cacao et dérivés, Chocolats, Chocolats noirs",nestle,nestle,nestle,False,,,no_change,,no more-specific Top 9 portfolio brand detected
7613035871045,Orange confite & eclats de fèves de cacao,"nestlé, les recettes de l'atelier",nestle,snacks,FRANCE,en:france,"Snacks, Snacks sucrés, Cacao et dérivés, Chocolats, Chocolats noirs",nestle; les recettes de latelier,nestle,les recettes de latelier,True,les recettes de latelier,,top_company_portfolio_matrix_off_brands,high,current primary brand is parent/company token; another OFF brand token needs brand-level review
7613035872189,Chocolate negro almendras & avellanas,"nestlé, les recettes de l'atelier",nestle,snacks,FRANCE,en:france,"Botanas, Snacks dulces, Cacao y sus productos, Chocolates, Chocolates negros, fr:Tablette de chocolat",nestle; les recettes de latelier,nestle,les recettes de latelier,True,les recettes de latelier,,top_company_portfolio_matrix_off_brands,high,current primary brand is parent/company token; another OFF brand token needs brand-level review
7613035878860,Postre lácteo con manzana y pera sin gluten bolsita desde meses,nestlé,nestle,snacks,FRANCE|SOUTHERN_EUROPE,en:france|en:spain,"Aliments pour bébé, Goûters et desserts pour bébé",nestle,nestle,nestle,False,,,no_change,,no more-specific Top 9 portfolio brand detected
7613035881280,Les Pralinés Onctueux - Assortiment de bonbons de chocolat noir et lait,"nestlé, lanvin",nestle,snacks,FRANCE,en:france,"Snacks, Snacks sucrés, Cacao et dérivés, Confiseries, Confiseries chocolatées, Bonbons de chocolat, Assortiments de bonbons de chocolat",nestle; lanvin,nestle,lanvin,True,lanvin,,top_company_portfolio_matrix_off_brands,high,current primary brand is parent/company token; another OFF brand token needs brand-level review
7613035887541,Les Recettes de l’Atelier N°6 Lait Corsé,"nestlé, les recettes de l'atelier",nestle,snacks,FRANCE,en:france,"Snacks,Snacks sucrés,Cacao et dérivés,Chocolats,Chocolats au lait",nestle; les recettes de latelier,nestle,les recettes de latelier,True,les recettes de latelier,,top_company_portfolio_matrix_off_brands,high,current primary brand is parent/company token; another OFF brand token needs brand-level review
7613035898646,NESTLÉ DESSERT Corsé 200g,"nestlé,nestlé dessert",nestle,snacks,FRANCE|DACH,en:france|en:germany|en:martinique|en:reunion,"Snacks,Sweet snacks,Cocoa and its products,Chocolates,Dark chocolates,Dark chocolate bars for cooking, Confiseries, Confiseries chocolatées, Aides culinaires, Aides culinaires conservables",nestle; nestle dessert,nestle,dessert,True,nestle dessert,,top_company_portfolio_matrix_off_brands,high,current primary brand is parent/company token; another OFF brand token needs brand-level review
7613035898677,NESTLÉ DESSERT Corsé 2x200g,"nestlé, nestlé dessert, tablettes",nestle,snacks,FRANCE,en:france,"Snacks, Snacks sucrés, Cacao et dérivés, Chocolats, Chocolats noirs, Confiseries, Confiseries chocolatées",nestle; nestle dessert; tablettes,nestle,dessert,True,nestle dessert,,top_company_portfolio_matrix_off_brands,high,current primary brand is parent/company token; another OFF brand token needs brand-level review
7613035898707,NESTLE DESSERT Corsé 3 x 200g,"nestlé, dessert corse, nestlé dessert, dessert",nestle,snacks,FRANCE,en:france,"Snacks, Snacks sucrés, Cacao et dérivés, Chocolats, Chocolats noirs, Confiseries, Confiseries chocolatées",nestle; dessert corse; nestle dessert; dessert,nestle,dessert corse,True,dessert corse,,top_company_portfolio_matrix_off_brands,high,current primary brand is parent/company token; another OFF brand token needs brand-level review
7613035919105,Crême glacée Palet breton,nestlé,nestle,snacks,FRANCE,en:france,"Snacks, Snacks sucrés, Biscuits et gâteaux, Biscuits, Biscuits sablés, Palets",nestle,nestle,nestle,False,,,no_change,,no more-specific Top 9 portfolio brand detected
7613035958425,NESTLE DESSERT Blanc 2 x 180g,"nestlé, nestle dessert, tablettes",nestle,snacks,FRANCE,en:france,"Snacks, Snacks sucrés, Cacao et dérivés, Chocolats, Chocolats blancs",nestle; nestle dessert; tablettes,nestle,dessert,True,nestle dessert,,top_company_portfolio_matrix_off_brands,high,current primary brand is parent/company token; another OFF brand token needs brand-level review
7613036032223,Orange confite éclats de fèves de cacao,"nestlé, les recettes de l'atelier",nestle,snacks,FRANCE,en:france,"Snacks, Snacks sucrés, Cacao et dérivés, Chocolats, Chocolats noirs, Chocolats noirs à l'orange",nestle; les recettes de latelier,nestle,les recettes de latelier,True,les recettes de latelier,,top_company_portfolio_matrix_off_brands,high,current primary brand is parent/company token; another OFF brand token needs brand-level review
7613036036658,Section praliné,"nestlé, cailler",nestle,snacks,FRANCE|DACH,en:france|en:switzerland,"Snacks, Snacks sucrés, Cacao et dérivés, Confiseries, Confiseries chocolatées, Bonbons de chocolat",nestle; cailler,nestle,cailler,True,cailler,Nestlé,top_company_portfolio_matrix_off_brands,high,current primary brand is parent/company token; portfolio brand appears in OFF brands field
7613036071079,AFTER EIGHT Edition limitée Noël,"nestlé,after eight",nestle,snacks,FRANCE,en:france,"Snacks,Snacks sucrés,Cacao et dérivés,Confiseries,Chocolats,Chocolats noirs,Chocolat noir menthe, Confiseries chocolatées",nestle; after eight,nestle,after eight,True,after eight,,top_company_portfolio_matrix_off_brands,high,current primary brand is parent/company token; another OFF brand token needs brand-level review
7613036078849,AFTER EIGHT Edition Noël Boîte Métal collector 400g,"nestlé, after eight",nestle,snacks,FRANCE,en:france,"Snacks, Snacks sucrés",nestle; after eight,nestle,after eight,True,after eight,,top_company_portfolio_matrix_off_brands,high,current primary brand is parent/company token; another OFF brand token needs brand-level review
7613036079440,NESTLE DESSERT Noir 2X205g,"nestlé, nestle dessert",nestle,snacks,FRANCE,en:france,"Snacks,Snacks sucrés,Cacao et dérivés,Chocolats,Chocolats noirs, Confiseries, Confiseries chocolatées",nestle; nestle dessert,nestle,dessert,True,nestle dessert,,top_company_portfolio_matrix_off_brands,high,current primary brand is parent/company token; another OFF brand token needs brand-level review
7613036080118,Rolo,nestlé,nestle,snacks,FRANCE,en:france,"Snacks,Sweet snacks,Cocoa and its products,Bonbons",nestle,nestle,rolo,True,rolo,Nestlé,top_company_portfolio_matrix_product_name,medium,current primary brand is parent/company token; portfolio brand appears in product name
7613036082129,Street Pouch Bag,nestlé,nestle,snacks,FRANCE|SOUTHERN_EUROPE,en:france|en:spain,"Snacks, Snacks sucrés, Cacao et dérivés, Confiseries, Confiseries chocolatées, Bonbons de chocolat",nestle,nestle,nestle,False,,,no_change,,no more-specific Top 9 portfolio brand detected
7613036090650,Dark Chocolate,nestlé,nestle,snacks,FRANCE,en:france|en:poland,wafers,nestle,nestle,nestle,False,,,no_change,,no more-specific Top 9 portfolio brand detected
7613036099325,KitKat orange,nestlé,nestle,snacks,FRANCE|UK_IE,en:france|en:united-kingdom,"Snacks, Sweet snacks, Biscuits and cakes, Biscuits, Wafers, Thin crunchy wafer biscuit with chocolate, en:chocolate-biscuity-bars",nestle,nestle,kitkat,True,kitkat,Nestlé,top_company_portfolio_matrix_product_name,medium,current primary brand is parent/company token; portfolio brand appears in product name
7613036099363,,nestlé,nestle,snacks,FRANCE|UK_IE,en:france|en:united-kingdom,"Snacks,Snacks sucrés,Cacao et dérivés,Confiseries,Barres,Confiseries chocolatées,en:bars-covered-with-chocolate,Barres chocolatées biscuitées,Barre chocolatée biscuitée type KitKat",nestle,nestle,nestle,False,,,no_change,,no more-specific Top 9 portfolio brand detected
7613036099387,Kitkat Dark Chocolate Biscuit Bar,nestlé,nestle,snacks,FRANCE|UK_IE,en:france|en:united-kingdom,"Snacks, Sweet snacks, Cocoa and its products, Confectioneries, Bars, Chocolate candies, Bars covered with chocolate, Chocolate biscuity bars",nestle,nestle,kitkat,True,kitkat,Nestlé,top_company_portfolio_matrix_product_name,medium,current primary brand is parent/company token; portfolio brand appears in product name
7613036099400,Kit Kat 2 Finger Milk Chocolate Biscuit Bars,nestlé,nestle,snacks,FRANCE|UK_IE,en:france|en:united-kingdom,"Snacks,Snacks sucrés,Cacao et dérivés,Confiseries,Barres,Confiseries chocolatées,en:bars-covered-with-chocolate,Barres chocolatées biscuitées,Barre chocolatée biscuitée type KitKat",nestle,nestle,nestle,False,,,no_change,,no more-specific Top 9 portfolio brand detected
7613036100670,P’tit gouter Miel,nestlé,nestle,snacks,FRANCE|SOUTHERN_EUROPE,en:france|en:spain,"Aliments pour bébé, Goûters et desserts pour bébé, Biscuits pour bébé",nestle,nestle,nestle,False,,,no_change,,no more-specific Top 9 portfolio brand detected
7613036106320,Nestle Biscuit Bio Apfel 10M 150 G,nestlé,nestle,snacks,BENELUX|FRANCE|DACH,en:belgium|en:france|en:switzerland,"Snacks, Snacks sucrés, Biscuits et gâteaux, Biscuits",nestle,nestle,nestle,False,,,no_change,,no more-specific Top 9 portfolio brand detected
7613036112499,Lion black white,nestlé,nestle,snacks,FRANCE|DACH,en:france|en:germany,"Snacks, Sweet snacks, Cocoa and its products, Confectioneries, Chocolate candies, Bars, Candy chocolate bars",nestle,nestle,lion,True,lion,Nestlé,top_company_portfolio_matrix_product_name,medium,current primary brand is parent/company token; portfolio brand appears in product name
7613036128483,Nestlé Laminas De Chocolata Negra 70% Cacau,nestlé,nestle,snacks,FRANCE|SOUTHERN_EUROPE,en:france|en:spain,"Snacks, Snacks sucrés, Cacao et dérivés, Chocolats, Chocolats noirs, Chocolats noirs extra fin",nestle,nestle,nestle,False,,,no_change,,no more-specific Top 9 portfolio brand detected
7613036135016,Kat 2 Finger Dark Chocolate Biscuit Bar 5+1 Pack,nestlé,nestle,snacks,FRANCE,en:france,"Snacks,Snacks sucrés,Cacao et dérivés,Confiseries,Barres,Confiseries chocolatées,en:bars-covered-with-chocolate,Barres chocolatées biscuitées,Barre chocolatée biscuitée type KitKat",nestle,nestle,nestle,False,,,no_change,,no more-specific Top 9 portfolio brand detected
7613036137850,Rolo,nestlé,nestle,snacks,BENELUX|FRANCE|DACH,en:belgium|en:france|en:germany|en:netherlands,"Snacks, Zoete snacks, Cacao en afgeleide producten, Zoetwaren, Chocoladesnoep, Pralines",nestle,nestle,rolo,True,rolo,Nestlé,top_company_portfolio_matrix_product_name,medium,current primary brand is parent/company token; portfolio brand appears in product name
7613036137898,Caja roja coulant,nestlé,nestle,snacks,FRANCE|SOUTHERN_EUROPE,en:france|en:spain,"Snacks, Snacks sucrés, Cacao et dérivés, Confiseries, Confiseries chocolatées, Bonbons de chocolat",nestle,nestle,nestle,False,,,no_change,,no more-specific Top 9 portfolio brand detected
7613036150576,Naturnes Pomme Bio,nestlé,nestle,snacks,FRANCE,en:france,"Aliments pour bébé, Goûters et desserts pour bébé, Plats principaux pour bébé, Petits pots aux fruits sans banane pour bébé",nestle,nestle,nestle,False,,,no_change,,no more-specific Top 9 portfolio brand detected
7613036155113,Caja roja,nestlé,nestle,snacks,FRANCE|SOUTHERN_EUROPE,en:france|en:spain,"Snacks, Snacks sucrés, Cacao et dérivés, Confiseries, Confiseries chocolatées, Bonbons de chocolat",nestle,nestle,nestle,False,,,no_change,,no more-specific Top 9 portfolio brand detected
7613036175296,"Lion, Black White",nestlé,nestle,snacks,DACH|FRANCE,en:austria|en:france,"Snacks, Snacks sucrés, Cacao et dérivés, Confiseries, Barres, Confiseries chocolatées, Barres chocolatées",nestle,nestle,lion,True,lion,Nestlé,top_company_portfolio_matrix_product_name,medium,current primary brand is parent/company token; portfolio brand appears in product name
7613036185349,Trencito,nestlé,nestle,snacks,FRANCE,en:france,"Imbiss,Süßer Snack,Kakao und Kakaoprodukte,Schokoladen",nestle,nestle,nestle,False,,,no_change,,no more-specific Top 9 portfolio brand detected
7613036193047,Matchmakers Cool Mint,"nestlé, quality street",nestle,snacks,FRANCE|UK_IE,en:france|en:united-kingdom,"Snacks,Sweet snacks,Cocoa and its products,Confectioneries,Bars,Chocolate candies,Chocolates,Milk chocolates",nestle; quality street,nestle,quality street,True,quality street,Nestlé,top_company_portfolio_matrix_off_brands,high,current primary brand is parent/company token; portfolio brand appears in OFF brands field
7613036193061,Quality Street Matchmakers Zingy Orange,"nestlé, quality street",nestle,snacks,FRANCE|UK_IE,en:france|en:united-kingdom,"Snacks, Sweet snacks, Cocoa and its products, Chocolates, Milk chocolates",nestle; quality street,nestle,quality street,True,quality street,Nestlé,top_company_portfolio_matrix_off_brands,high,current primary brand is parent/company token; portfolio brand appears in OFF brands field
7613036203999,L'Atelier nº3 negro floral,nestlé,nestle,snacks,FRANCE|SOUTHERN_EUROPE,en:france|en:spain,"Botanas, Snacks dulces, Cacao y sus productos, Chocolates, Chocolates negros",nestle,nestle,nestle,False,,,no_change,,no more-specific Top 9 portfolio brand detected
7613036208994,NESTLE L'ATELIER Noir Caramel 115g,"nestlé, les recettes de l'atelier",nestle,snacks,BENELUX|FRANCE,en:belgium|en:france|en:netherlands,"Imbiss,Süßer Snack,Kakao und Kakaoprodukte,Schokoladen,Bitterschokoladen,Karamel-Schokoladen,Dunkle Schokoladen mit Karamel",nestle; les recettes de latelier,nestle,les recettes de latelier,True,les recettes de latelier,,top_company_portfolio_matrix_off_brands,high,current primary brand is parent/company token; another OFF brand token needs brand-level review
7613036209021,NESTLE L'ATELIER Noir Amande 115g,"nestlé, les recettes de l'atelier",nestle,snacks,BENELUX|FRANCE,en:belgium|en:france,"Snacks,Snacks sucrés,Cacao et dérivés,Chocolats,Chocolats noirs,Chocolats aux amandes,Chocolats noirs aux amandes",nestle; les recettes de latelier,nestle,les recettes de latelier,True,les recettes de latelier,,top_company_portfolio_matrix_off_brands,high,current primary brand is parent/company token; another OFF brand token needs brand-level review
7613036209052,NESTLE L'ATELIER Noir Orange confite 115g,"nestlé, les recettes de l'atelier, nestlé dessert",nestle,snacks,BENELUX|FRANCE,en:belgium|en:france,"Snacks, Snacks sucrés, Cacao et dérivés, Confiseries, Chocolats, Chocolats noirs, Zeste d'orange confit, Chocolat noir à moins de 70% de cacao en tablette, Chocolats noirs à l'orange",nestle; les recettes de latelier; nestle dessert,nestle,les recettes de latelier,True,les recettes de latelier,,top_company_portfolio_matrix_off_brands,high,current primary brand is parent/company token; another OFF brand token needs brand-level review
7613036209434,Les recettes de l'atelier,"nestlé, les recettes de l'atelier",nestle,snacks,BENELUX|FRANCE,en:belgium|en:france|en:netherlands,"Snacks,Zoete snacks,Cacao en afgeleide producten,Chocoladeproducten,Pure chocolades,fr:Chocolats noir au citron",nestle; les recettes de latelier,nestle,les recettes de latelier,True,les recettes de latelier,,top_company_portfolio_matrix_off_brands,high,current primary brand is parent/company token; another OFF brand token needs brand-level review
7613036210768,NESTLE L'ATELIER Chocolat au Lait Amandes Citron,"nestlé, les recettes de l'atelier",nestle,snacks,FRANCE,en:france,"Snacks, Snacks sucrés, Cacao et dérivés, Chocolats, Chocolats au lait",nestle; les recettes de latelier,nestle,les recettes de latelier,True,les recettes de latelier,,top_company_portfolio_matrix_off_brands,high,current primary brand is parent/company token; another OFF brand token needs brand-level review
7613036219501,Lapins Smarties,nestlé,nestle,snacks,FRANCE,en:france,"Snacks, Snacks sucrés, Cacao et dérivés, Confiseries, Aliments festifs, Confiseries chocolatées, Bonbons de chocolat, Chocolats, Aliments de Pâques",nestle,nestle,smarties,True,smarties,Nestlé,top_company_portfolio_matrix_product_name,medium,current primary brand is parent/company token; portfolio brand appears in product name
7613036220309,Smarties,"nestlé, smarties",nestle,snacks,FRANCE,en:france,"Snacks, Snacks sucrés, Cacao et dérivés, Confiseries, Confiseries chocolatées, Bonbons de chocolat, Bonbons dragéifiés",nestle; smarties,nestle,smarties,True,smarties,Nestlé,top_company_portfolio_matrix_off_brands,high,current primary brand is parent/company token; portfolio brand appears in OFF brands field
7613036228329,Œufs de Pâques Smarties,nestlé,nestle,snacks,FRANCE,en:france,"Snacks, Snacks sucrés, Cacao et dérivés, Confiseries, Aliments festifs, Confiseries chocolatées, Bonbons de chocolat, Chocolats, Moulages en chocolat, Aliments de Pâques, Oeufs en chocolat, Œufs de Pâques",nestle,nestle,smarties,True,smarties,Nestlé,top_company_portfolio_matrix_product_name,medium,current primary brand is parent/company token; portfolio brand appears in product name
7613036228428,SMARTIES chicken,nestlé,nestle,snacks,FRANCE,en:france,en:bonbons,nestle,nestle,smarties,True,smarties,Nestlé,top_company_portfolio_matrix_product_name,medium,current primary brand is parent/company token; portfolio brand appears in product name
7613036236034,KITKAT Sachet d'oeufs 120g,"nestlé, kit kat, kitkat",nestle,snacks,FRANCE,en:france,"Snacks, Snacks sucrés, Cacao et dérivés, Confiseries, Aliments festifs, Confiseries chocolatées, Bonbons de chocolat, Chocolats, Moulages en chocolat, Aliments de Pâques, Oeufs en chocolat, Œufs de Pâques",nestle; kit kat; kitkat,nestle,kitkat,True,kitkat,Nestlé,top_company_portfolio_matrix_off_brands,high,current primary brand is parent/company token; portfolio brand appears in OFF brands field
7613036241755,Munchies,nestlé,nestle,snacks,FRANCE|UK_IE,en:france|en:united-kingdom,"Snacks,Sweet snacks,Cocoa and its products,Confectioneries,Chocolate candies",nestle,nestle,nestle,False,,,no_change,,no more-specific Top 9 portfolio brand detected
7613036243452,Milkybar,nestlé,nestle,snacks,FRANCE|UK_IE,en:france|en:ireland,"Snacks, Sweet snacks, Cocoa and its products, Chocolates, White chocolates",nestle,nestle,milkybar,True,milkybar,Nestlé,top_company_portfolio_matrix_product_name,medium,current primary brand is parent/company token; portfolio brand appears in product name
7613036245210,NESTLE DESSERT chocolat noir,nestlénestlé dessert,nestlenestle dessert,snacks,FRANCE,en:france,"Snacks,Desserts,Snacks sucrés,Cacao et dérivés,Chocolats,Desserts au chocolat,Chocolats noirs",nestlenestle dessert,nestlenestle dessert,nestlenestle dessert,False,,,no_change,,no more-specific Top 9 portfolio brand detected
7613036256698,NESTLE L'ATELIER - Noir Ganache noir sel - 144g,"nestlé, les recettes de l'atelier",nestle,snacks,BENELUX|FRANCE,en:belgium|en:france,"Snacks, Snacks sucrés, Cacao et dérivés, Chocolats, Chocolats noirs, Chocolats fourrés, Chocolats noirs fourrés",nestle; les recettes de latelier,nestle,les recettes de latelier,True,les recettes de latelier,,top_company_portfolio_matrix_off_brands,high,current primary brand is parent/company token; another OFF brand token needs brand-level review
7613036257169,CRUNCH SNACK Barre chocolatée - 33g,"nestlé, crunch",nestle,snacks,FRANCE|SOUTHERN_EUROPE,en:france|en:morocco|en:spain,"Snacks, Sweet snacks, Cocoa and its products, Confectioneries, Bars, Chocolate candies, Bars-covered-with-chocolate, en:candy-chocolate-bars",nestle; crunch,nestle,crunch,True,crunch,,top_company_portfolio_matrix_off_brands,high,current primary brand is parent/company token; another OFF brand token needs brand-level review
7613036257183,Snack,"nestlé, crunch",nestle,snacks,FRANCE|SOUTHERN_EUROPE,en:france|en:portugal,"Lanches comida,Lanches doces,Cacau e derivados,Confeitaria,Barras",nestle; crunch,nestle,crunch,True,crunch,,top_company_portfolio_matrix_off_brands,high,current primary brand is parent/company token; another OFF brand token needs brand-level review
7613036262095,AFTER EIGHT Fraise 400g,"nestlé, after eight",nestle,snacks,FRANCE|SOUTHERN_EUROPE,en:france|en:spain,"Snacks, Snacks sucrés, Cacao et dérivés, Chocolats, Chocolats noirs, Confiseries, Confiseries chocolatées",nestle; after eight,nestle,after eight,True,after eight,,top_company_portfolio_matrix_off_brands,high,current primary brand is parent/company token; another OFF brand token needs brand-level review
7613036274777,SMARTIES Tube 130g,"nestlé, smarties",nestle,snacks,FRANCE,en:france,"Snacks, Snacks sucrés, Cacao et dérivés, Confiseries, Confiseries chocolatées, Bonbons de chocolat, Bonbons dragéifiés",nestle; smarties,nestle,smarties,True,smarties,Nestlé,top_company_portfolio_matrix_off_brands,high,current primary brand is parent/company token; portfolio brand appears in OFF brands field
7613036274838,SMARTIES Bleu edition givrée papier 130g,"smarties, nestlé",smarties,snacks,FRANCE,en:france,"Snacks, Snacks sucrés, Cacao et dérivés, Confiseries, Confiseries chocolatées, Bonbons de chocolat, Bonbons, Bonbons dragéifiés",smarties; nestle,smarties,smarties,False,,,no_change,,no more-specific Top 9 portfolio brand detected
7613036274920,Smarties fun bag,nestlé,nestle,snacks,FRANCE,en:france,en:bonbons,nestle,nestle,smarties,True,smarties,Nestlé,top_company_portfolio_matrix_product_name,medium,current primary brand is parent/company token; portfolio brand appears in product name
7613036275446,,"nestlé, smarties",nestle,snacks,FRANCE|SOUTHERN_EUROPE,en:france|en:portugal,"Snacks, Sweet snacks, Cocoa and its products, Confectioneries, Chocolate candies, Bonbons, fr:Bonbons dragéifiés",nestle; smarties,nestle,smarties,True,smarties,Nestlé,top_company_portfolio_matrix_off_brands,high,current primary brand is parent/company token; portfolio brand appears in OFF brands field
7613036288217,Assorted chocolate chunk,nestlé,nestle,snacks,FRANCE,en:france,"Snacks,Sweet snacks,Cocoa and its products,Chocolates,Assorted chocolates",nestle,nestle,nestle,False,,,no_change,,no more-specific Top 9 portfolio brand detected
7613036312783,NESTLE P'TIT LAITAGE Vanille 4 x 100g,"nestlé, p'tit laitage",nestle,snacks,FRANCE,en:france,"Aliments pour bébé, Goûters et desserts pour bébé, Goûters et desserts pour",nestle; ptit laitage,nestle,ptit laitage,True,ptit laitage,,top_company_portfolio_matrix_off_brands,high,current primary brand is parent/company token; another OFF brand token needs brand-level review
7613036352086,Kitkat Éclats croustillants,nestlé,nestle,snacks,FRANCE,en:france,"Snacks, Snacks sucrés, Cacao et dérivés, Confiseries, Barres, Confiseries chocolatées, Barres chocolatées",nestle,nestle,kitkat,True,kitkat,Nestlé,top_company_portfolio_matrix_product_name,medium,current primary brand is parent/company token; portfolio brand appears in product name
7613036364539,Matchmakers Gingerbread Flavour,"nestlé, quality street",nestle,snacks,FRANCE|UK_IE,en:france|en:united-kingdom,"Snacks, Sweet snacks, Cocoa and its products, Chocolates, Milk chocolates",nestle; quality street,nestle,quality street,True,quality street,Nestlé,top_company_portfolio_matrix_off_brands,high,current primary brand is parent/company token; portfolio brand appears in OFF brands field
7613036395458,Les recettes de l'Atelier Citron confit & Amande,nestlé,nestle,snacks,FRANCE,en:france,"Snacks, Snacks sucrés, Cacao et dérivés, Chocolats, Chocolats au lait, Chocolats aux amandes, Chocolats au lait aux amandes",nestle,nestle,nestle,False,,,no_change,,no more-specific Top 9 portfolio brand detected
7613036410182,After Eight Bites,"nestlé, after eight",nestle,snacks,FRANCE|UK_IE,en:bolivia|en:france|en:united-kingdom,"Snacks, Sweet snacks, Cocoa and its products, Confectioneries, Chocolate candies, Bonbons, Chocolates, Dark chocolates, Filled chocolates, Dark chocolate filled with mint confectionery",nestle; after eight,nestle,after eight,True,after eight,,top_company_portfolio_matrix_off_brands,high,current primary brand is parent/company token; another OFF brand token needs brand-level review
7613036431651,NESTLÉ DESSERT 70% Absolu 3x170g,nestlé,nestle,snacks,FRANCE,en:france,"Snacks,Snacks sucrés,Cacao et dérivés,Chocolats,Chocolats noirs,Chocolat noir en tablette extra dégustation à 70% de cacao minimum, Confiseries, Confiseries chocolatées",nestle,nestle,nestle,False,,,no_change,,no more-specific Top 9 portfolio brand detected
7613036439497,Lion White - Snack Size,nestlé,nestle,snacks,FRANCE,en:france,"Snacks, Snacks sucrés, Cacao et dérivés, Confiseries, Barres, Confiseries chocolatées, Barres chocolatées, Barres chocolatées au caramel",nestle,nestle,lion,True,lion,Nestlé,top_company_portfolio_matrix_product_name,medium,current primary brand is parent/company token; portfolio brand appears in product name
7613036441018,Chocolate negro sin azúcares almendras,nestlé,nestle,snacks,FRANCE|SOUTHERN_EUROPE,en:algeria|en:france|en:spain,"Botanas, Snacks dulces, Cacao y sus productos, Chocolates, Chocolates con edulcorantes, Chocolates negros, Chocolates negros con edulcorantes, Chocolates con almendras, Chocolates negros con almendras",nestle,nestle,nestle,False,,,no_change,,no more-specific Top 9 portfolio brand detected
7613036448697,Chocolate con leche + chocolatinas de,nestlé,nestle,snacks,FRANCE|SOUTHERN_EUROPE,en:france|en:spain,"Snacks, Snacks sucrés, Cacao et dérivés, Chocolats, Chocolats au lait",nestle,nestle,nestle,False,,,no_change,,no more-specific Top 9 portfolio brand detected
7613036473019,Père Noël Smarties,nestlé,nestle,snacks,FRANCE,en:france,"Snacks, Snacks sucrés, Cacao et dérivés, Confiseries, Aliments festifs, Confiseries chocolatées, Aliments et boissons de Noël, Bonbons de chocolat, Assortiments de bonbons de chocolat",nestle,nestle,smarties,True,smarties,Nestlé,top_company_portfolio_matrix_product_name,medium,current primary brand is parent/company token; portfolio brand appears in product name
7613036473071,Calendrier de l'avent Smarties,nestlé,nestle,snacks,FRANCE|DACH,en:france|en:switzerland,"Snacks, Snacks sucrés, Cacao et dérivés, Confiseries, Aliments festifs, Confiseries chocolatées, Aliments et boissons de Noël, Bonbons de chocolat, Calendriers de l'avent",nestle,nestle,smarties,True,smarties,Nestlé,top_company_portfolio_matrix_product_name,medium,current primary brand is parent/company token; portfolio brand appears in product name
7613036482707,Chocolat pere noel Nestlé smarties,"nestlé, smarties",nestle,snacks,FRANCE,en:france,"Snacks, Snacks sucrés, Cacao et dérivés, Chocolats, Moulages en chocolat, Sculptures en chocolat, Pères Noël en chocolat",nestle; smarties,nestle,smarties,True,smarties,Nestlé,top_company_portfolio_matrix_off_brands,high,current primary brand is parent/company token; portfolio brand appears in OFF brands field
7613036485234,"KITKAT 4 Finger Barre au chocolat au Lait, 41,5g en lot de 30, format promotionnel","nestlé, kit kat",nestle,snacks,FRANCE,en:france,"Snacks, Snacks sucrés, Cacao et dérivés, Confiseries, Barres, Confiseries chocolatées, Barres chocolatées",nestle; kit kat,nestle,kitkat,True,kit kat,Nestlé,top_company_portfolio_matrix_off_brands,high,current primary brand is parent/company token; portfolio brand appears in OFF brands field
7613036503396,Smarties,"nestlé, smarties",nestle,snacks,FRANCE,en:france,"Snacks, Snacks sucrés, Cacao et dérivés, Confiseries, Confiseries chocolatées, Bonbons de chocolat, Bonbons dragéifiés",nestle; smarties,nestle,smarties,True,smarties,Nestlé,top_company_portfolio_matrix_off_brands,high,current primary brand is parent/company token; portfolio brand appears in OFF brands field
7613036520997,AFTER EIGHT Irish Coffee 400g,"nestlé, after eight",nestle,snacks,FRANCE,en:france,"Snacks, Sweet snacks, Cocoa and its products, Chocolates, Filled chocolates, Mint chocolate, en:dark-chocolates",nestle; after eight,nestle,after eight,True,after eight,,top_company_portfolio_matrix_off_brands,high,current primary brand is parent/company token; another OFF brand token needs brand-level review
7613036521055,AFTER EIGHT Orange 400g,"after eight, nestlé",after eight,snacks,FRANCE,en:france,"Snacks, Sweet snacks, Cocoa and its products, Confectioneries, Chocolate candies, Chocolates, en:filled-chocolates",after eight; nestle,after eight,after eight,False,,,no_change,,no more-specific Top 9 portfolio brand detected
7613036521208,Lion White Duo,nestlé,nestle,snacks,FRANCE|UK_IE,en:france|en:united-kingdom,"Snacks, Sweet snacks, Cocoa and its products, Confectioneries, Bars, Chocolate candies",nestle,nestle,lion,True,lion,Nestlé,top_company_portfolio_matrix_product_name,medium,current primary brand is parent/company token; portfolio brand appears in product name
7613036526937,L'escargot lait noir et blanc,"nestlé, lanvin",nestle,snacks,FRANCE,en:france,en:bonbons,nestle; lanvin,nestle,lanvin,True,lanvin,,top_company_portfolio_matrix_off_brands,high,current primary brand is parent/company token; another OFF brand token needs brand-level review
7613036544375,Kit Kat Ruby Cocoa Beans,nestlé,nestle,snacks,FRANCE|DACH,en:france|en:germany,"Snacks, Snacks sucrés, Cacao et dérivés, Confiseries, Confiseries chocolatées, Barres, Barres chocolatées, Barres chocolatées biscuitées, Barre chocolatée biscuitée type KitKat",nestle,nestle,nestle,False,,,no_change,,no more-specific Top 9 portfolio brand detected
7613036561808,Nut bars,"nestlé, yes!",nestle,snacks,BENELUX|FRANCE|SOUTHERN_EUROPE,en:belgium|en:france|en:spain,"Plantaardige levensmiddelen en dranken, Plantaardige levensmiddelen, Snacks, Zoete snacks, Noten en -producten, Repen, Notenrepen",nestle; yes,nestle,yes,True,yes,,top_company_portfolio_matrix_off_brands,high,current primary brand is parent/company token; another OFF brand token needs brand-level review
7613036562263,YES! Cranberries et Chocolat Noir,"nestlé, yes!",nestle,snacks,BENELUX|FRANCE,en:belgium|en:france,"Aliments et boissons à base de végétaux, Aliments d'origine végétale, Snacks, Snacks sucrés, Fruits à coques et dérivés, Barres, Barres de fruits à coques",nestle; yes,nestle,yes,True,yes,,top_company_portfolio_matrix_off_brands,high,current primary brand is parent/company token; another OFF brand token needs brand-level review
7613036568326,KITKAT Mini Break White 104g,"nestlé, kit kat mini break",nestle,snacks,FRANCE,en:france,"Snacks,Snacks sucrés,Cacao et dérivés,Confiseries,Confiseries chocolatées,Barres,Barre chocolatée biscuitée type KitKat",nestle; kit kat mini break,nestle,kit kat mini break,True,kit kat mini break,,top_company_portfolio_matrix_off_brands,high,current primary brand is parent/company token; another OFF brand token needs brand-level review
7613036574266,Chocolat noir - Amandes entieres torrefiees,nestlé,nestle,snacks,FRANCE,en:france,"Snacks, Snacks sucrés, Cacao et dérivés, Chocolats, Chocolats noirs",nestle,nestle,nestle,False,,,no_change,,no more-specific Top 9 portfolio brand detected
7613036579902,Dessert noir,nestlé,nestle,snacks,FRANCE,en:france,"Snacks, Snacks sucrés, Cacao et dérivés, Surgelés, Chocolats, Chocolats noirs",nestle,nestle,nestle,False,,,no_change,,no more-specific Top 9 portfolio brand detected
7613036580854,NESTLE DESSERT Chocolat Noir lot de 2x205g,"nestlé, nestlé dessert, tablettes",nestle,snacks,FRANCE,en:france,"Snacks, Snacks sucrés, Cacao et dérivés, Chocolats, Chocolats noirs",nestle; nestle dessert; tablettes,nestle,dessert,True,nestle dessert,,top_company_portfolio_matrix_off_brands,high,current primary brand is parent/company token; another OFF brand token needs brand-level review
7613036618427,KitKat Chunky Peanut Butter,nestlé,nestle,snacks,FRANCE,en:france,"Snacks, Snacks sucrés, Cacao et dérivés, Confiseries, Barres, Confiseries chocolatées, Barres chocolatées",nestle,nestle,kitkat,True,kitkat,Nestlé,top_company_portfolio_matrix_product_name,medium,current primary brand is parent/company token; portfolio brand appears in product name
7613036633741,"Street Christmas Chocolate, Toffee and Cremes Tub",nestlé,nestle,snacks,FRANCE|UK_IE,en:france|en:united-kingdom,"Snacks, Sweet snacks, Cocoa and its products, Confectioneries, Chocolate candies, Bonbons, Assorted chocolate candies",nestle,nestle,nestle,False,,,no_change,,no more-specific Top 9 portfolio brand detected
7613036682855,AFTER EIGHT chocolat menthe,"nestlé, after eight",nestle,snacks,FRANCE,en:france,"Snacks, Snacks sucrés, Cacao et dérivés, Chocolats",nestle; after eight,nestle,after eight,True,after eight,,top_company_portfolio_matrix_off_brands,high,current primary brand is parent/company token; another OFF brand token needs brand-level review
7613036683241,L’ATELIER,nestlé,nestle,snacks,FRANCE|UK_IE,en:france|en:united-kingdom,"Snacks, Sweet snacks, Cocoa and its products, Confectioneries, Bars, Chocolate candies, Bars-covered-with-chocolate, en:chocolates",nestle,nestle,nestle,False,,,no_change,,no more-specific Top 9 portfolio brand detected
7613036699198,Smarties mini,nestlé,nestle,snacks,FRANCE|DACH,en:france|en:germany,"Imbiss, Süßer Snack, Süßwaren, fr:Bonbons dragéifiés",nestle,nestle,smarties,True,smarties,Nestlé,top_company_portfolio_matrix_product_name,medium,current primary brand is parent/company token; portfolio brand appears in product name
7613036720502,Smarties mini eggs,nestlé,nestle,snacks,FRANCE,en:france,en:chocolate-candies,nestle,nestle,smarties,True,smarties,Nestlé,top_company_portfolio_matrix_product_name,medium,current primary brand is parent/company token; portfolio brand appears in product name
7613036723671,Dolca chocolate negro,nestlé dolca,nestle,snacks,FRANCE|SOUTHERN_EUROPE,en:algeria|en:france|en:morocco|en:spain,"Botanas,Snacks dulces,Cacao y sus productos,Chocolates,Chocolates negros,en:Cacao et dérivés,en:Chocolats,en:Chocolats noirs,en:Snacks sucrés",nestle dolca,nestle,dolca,True,nestle dolca,,top_company_portfolio_matrix_off_brands,high,current primary brand is parent/company token; another OFF brand token needs brand-level review
7613036731034,Chocolat noir myrtille,"nestlé, les recettes de l'atelier",nestle,snacks,FRANCE,en:france,"Snacks, Snacks sucrés, Cacao et dérivés, Chocolats, Chocolats noirs, Chocolats noirs extra fin",nestle; les recettes de latelier,nestle,les recettes de latelier,True,les recettes de latelier,,top_company_portfolio_matrix_off_brands,high,current primary brand is parent/company token; another OFF brand token needs brand-level review
7613036752138,Raw 70 % | Torréfaction douce | Équateur,nestlé,nestle,snacks,FRANCE,en:france,"Snacks,Snacks sucrés,Cacao et dérivés,Chocolats,Chocolats noirs,Chocolat noir en tablette extra dégustation à 70% de cacao minimum",nestle,nestle,nestle,False,,,no_change,,no more-specific Top 9 portfolio brand detected
7613036752169,Les recettes de l'atelier RAW 75%,"nestlé, les recettes de l'atelier",nestle,snacks,FRANCE,en:france,"Snacks,Snacks sucrés,Cacao et dérivés,Chocolats,Chocolats noirs",nestle; les recettes de latelier,nestle,les recettes de latelier,True,les recettes de latelier,,top_company_portfolio_matrix_off_brands,high,current primary brand is parent/company token; another OFF brand token needs brand-level review
7613036849593,Les recettes de l'atelier Ruby,"nestlé, les recettes de l'atelier",nestle,snacks,BENELUX|FRANCE,en:belgium|en:france,"Snacks, Snacks sucrés, Cacao et dérivés, Chocolats, Chocolats blancs",nestle; les recettes de latelier,nestle,les recettes de latelier,True,les recettes de latelier,,top_company_portfolio_matrix_off_brands,high,current primary brand is parent/company token; another OFF brand token needs brand-level review
7613036881265,Quality Street,"nestlé, quality street",nestle,snacks,BENELUX|US_CANADA|FRANCE,en:belgium|en:canada|en:france,"Snacks, Sweet snacks, Cocoa and its products, Confectioneries, Chocolate candies, Bonbons, Assorted chocolate candies",nestle; quality street,nestle,quality street,True,quality street,Nestlé,top_company_portfolio_matrix_off_brands,high,current primary brand is parent/company token; portfolio brand appears in OFF brands field
7613036886802,Naturnes bio,nestlé,nestle,snacks,FRANCE|SOUTHERN_EUROPE,en:france|en:spain,"Aliments pour bébé, Goûters et desserts pour bébé, Biscuits pour bébé",nestle,nestle,nestle,False,,,no_change,,no more-specific Top 9 portfolio brand detected
7613036912136,RECETTES DE L'ATELIER Bouchées de chocolat x 32,nestlé,nestle,snacks,FRANCE|US_CANADA,en:france|en:united-states,"Snacks, Snacks sucrés, Cacao et dérivés, Confiseries, Confiseries chocolatées, Bonbons de chocolat, Assortiments de bonbons de chocolat",nestle,nestle,nestle,False,,,no_change,,no more-specific Top 9 portfolio brand detected
7613036927260,"Pecan, banana & dark choc","nestlé, yes!",nestle,snacks,BENELUX|FRANCE|SOUTHERN_EUROPE,en:belgium|en:france|en:spain,"Aliments et boissons à base de végétaux, Aliments d'origine végétale, Snacks, Snacks sucrés, Fruits à coques et dérivés, Barres, Barres de fruits à coques, Barres de cacahuètes",nestle; yes,nestle,yes,True,yes,,top_company_portfolio_matrix_off_brands,high,current primary brand is parent/company token; another OFF brand token needs brand-level review
7613036930048,Nestlé la boîte rouge,nestlé,nestle,snacks,FRANCE,en:france,"Snacks, Snacks sucrés, Cacao et dérivés, Chocolats",nestle,nestle,nestle,False,,,no_change,,no more-specific Top 9 portfolio brand detected
7613036930079,La boîte rouge,nestlé,nestle,snacks,FRANCE,en:france,"Snacks, Snacks sucrés, Cacao et dérivés, Confiseries, Confiseries chocolatées, Bonbons de chocolat",nestle,nestle,nestle,False,,,no_change,,no more-specific Top 9 portfolio brand detected
7613036930109,NESTLE assortiment de chocolats 400g,nestlé,nestle,snacks,FRANCE,en:france,"Snacks, Snacks sucrés, Cacao et dérivés, Confiseries, Confiseries chocolatées, Bonbons de chocolat, Assortiments de bonbons de chocolat",nestle,nestle,nestle,False,,,no_change,,no more-specific Top 9 portfolio brand detected
7613036932943,Nesquik wafer,nestlé,nestle,snacks,BENELUX|FRANCE,en:belgium|en:france,"Snacks, Sweet snacks, Cocoa and its products, Confectioneries, Biscuits and cakes, Chocolate candies, Biscuits, Bonbons, Chocolate biscuits, Chocolate confectioneries filled with wafer",nestle,nestle,nesquik,True,nesquik,Nestlé,top_company_portfolio_matrix_product_name,medium,current primary brand is parent/company token; portfolio brand appears in product name
7613036938143,NESTLE DESSERT Pépites de chocolat noir 100g,"nestlé, nestle dessert, pépites",nestle,snacks,FRANCE,en:france,"Snacks, Desserts, Snacks sucrés, Cacao et dérivés, Chocolats, Chocolats noirs",nestle; nestle dessert; pepites,nestle,dessert,True,nestle dessert,,top_company_portfolio_matrix_off_brands,high,current primary brand is parent/company token; another OFF brand token needs brand-level review
7613036938174,NESTLE DESSERT Pépites de chocolat au lait 100g,"nestlé dessert, pépites",nestle,snacks,FRANCE,en:france,"Snacks, Snacks sucrés, Cacao et dérivés, Chocolats",nestle dessert; pepites,nestle,dessert,True,nestle dessert,,top_company_portfolio_matrix_off_brands,high,current primary brand is parent/company token; another OFF brand token needs brand-level review
7613036956406,Mini chocolat mix,nestlé,nestle,snacks,FRANCE,en:france,en:chocolates,nestle,nestle,nestle,False,,,no_change,,no more-specific Top 9 portfolio brand detected
7613036962759,"KITKAT Thé vert 3 x 41,5g","nestlé, kitkat",nestle,snacks,FRANCE,en:france,"Snacks, Snacks sucrés, Cacao et dérivés, Confiseries, Barres, Confiseries chocolatées, Barres chocolatées",nestle; kitkat,nestle,kitkat,True,kitkat,Nestlé,top_company_portfolio_matrix_off_brands,high,current primary brand is parent/company token; portfolio brand appears in OFF brands field
7613036986663,Chocolait Chips mit Spekulatius-Geschmack,nestlé,nestle,snacks,FRANCE|DACH,en:france|en:germany,"Imbiss, Salzige Snacks, Süßer Snack, Vorspeisen, Chips und Pommes Frites, Süßwaren, Chips",nestle,nestle,nestle,False,,,no_change,,no more-specific Top 9 portfolio brand detected
7613037005127,Les recettes de l’Atelier : les bouchées,nestlé,nestle,snacks,FRANCE|SOUTHERN_EUROPE,en:france|en:spain,"Snacks,Snacks sucrés,Cacao et dérivés,Confiseries,Confiseries chocolatées,Bonbons de chocolat,Assortiments de bonbons de chocolat",nestle,nestle,nestle,False,,,no_change,,no more-specific Top 9 portfolio brand detected
7613037011807,les gourmands noir & lait,"nestlé, lanvin",nestle,snacks,FRANCE,en:france,"Snacks, Sweet snacks, Cocoa and its products, Confectioneries, Chocolate candies, Bonbons, Assorted chocolate candies, en:chocolates",nestle; lanvin,nestle,lanvin,True,lanvin,,top_company_portfolio_matrix_off_brands,high,current primary brand is parent/company token; another OFF brand token needs brand-level review
7613037011869,LANVIN,nestlé,nestle,snacks,FRANCE,en:france,"Snacks, Snacks sucrés, Cacao et dérivés, Confiseries, Confiseries chocolatées, Bonbons de chocolat, Assortiments de bonbons de chocolat",nestle,nestle,nestle,False,,,no_change,,no more-specific Top 9 portfolio brand detected
7613037026122,Orange Smarties,nestlé,nestle,snacks,FRANCE,en:france,en:bonbons,nestle,nestle,smarties,True,smarties,Nestlé,top_company_portfolio_matrix_product_name,medium,current primary brand is parent/company token; portfolio brand appears in product name
7613037030440,NESTLÉ DESSERT Chocolat Noir Éclats de Noisettes 170g,"nestlé, dessert",nestle,snacks,FRANCE,en:france,"Snacks, Sweet snacks, Cocoa and its products, Chocolates, Dark chocolates, Chocolates with hazelnuts, Dark chocolates with hazelnuts, en:milk-chocolates, Confiseries, Confiseries chocolatées",nestle; dessert,nestle,dessert,True,dessert,,top_company_portfolio_matrix_off_brands,high,current primary brand is parent/company token; another OFF brand token needs brand-level review
7613037032994,Bonbons de chocolat noir fourrés au caramel salé,nestlé,nestle,snacks,FRANCE,en:france,"snacks, fr:bonbons-de-chocolat, en:cacao-et-dérivés, fr:confiseries, en:confiseries-chocolatées, en:snacks-sucrés",nestle,nestle,nestle,False,,,no_change,,no more-specific Top 9 portfolio brand detected
7613037033021,L'ATELIER bouchées praliné,nestlé,nestle,snacks,FRANCE|SOUTHERN_EUROPE,en:france|en:spain,"Snacks, Snacks sucrés, Cacao et dérivés, Confiseries, Confiseries chocolatées, Bonbons de chocolat",nestle,nestle,nestle,False,,,no_change,,no more-specific Top 9 portfolio brand detected
7613037033151,Les recettes de l'atelier les bouchées framboise intense,nestlé,nestle,snacks,BENELUX|FRANCE,en:belgium|en:france,"Snacks, Sweet snacks, Cocoa and its products, Confectioneries, Chocolate candies, Bonbons, Chocolates, en:dark-chocolates",nestle,nestle,nestle,False,,,no_change,,no more-specific Top 9 portfolio brand detected
7613037245325,Chunky White Chocolate,kitkat - nestle,kitkat,snacks,FRANCE|DACH,en:france|en:germany,"Snacks, Snacks sucrés, Cacao et dérivés, Confiseries, Confiseries chocolatées",kitkat nestle,kitkat,kitkat,False,,,no_change,,no more-specific Top 9 portfolio brand detected
7613037261905,Smarties Mermaid Edition,nestlé,nestle,snacks,FRANCE,en:france,en:chocolate-candies,nestle,nestle,smarties,True,smarties,Nestlé,top_company_portfolio_matrix_product_name,medium,current primary brand is parent/company token; portfolio brand appears in product name
7613037433074,KITKAT Éclats Croustillants Sachet de,"nestlé, kitkat",nestle,snacks,FRANCE,en:france,"en:chocolate-candies, Aides culinaires, Aides culinaires conservables",nestle; kitkat,nestle,kitkat,True,kitkat,Nestlé,top_company_portfolio_matrix_off_brands,high,current primary brand is parent/company token; portfolio brand appears in OFF brands field
7613037434026,LION Éclats Croustillants Sachet de,"nestlé, lion",nestle,snacks,FRANCE,en:france,"Snacks, Snacks sucrés, Cacao et dérivés, Confiseries, Confiseries chocolatées",nestle; lion,nestle,lion,True,lion,Nestlé,top_company_portfolio_matrix_off_brands,high,current primary brand is parent/company token; portfolio brand appears in OFF brands field
7613037677942,LES RECETTES DE L'ATELIER. Pâte d'amande CHOCOLAT NOIR PURE CHOCOLADE MET MARSEPEIN,"nestlé, les recettes de l'atelier",nestle,snacks,FRANCE,en:france,"Snacks, Sweet snacks, Cocoa and its products, Chocolates, Dark chocolates, Filled chocolates, Chocolates stuffed with almond paste, Extra fine dark chocolates, Filled dark chocolates",nestle; les recettes de latelier,nestle,les recettes de latelier,True,les recettes de latelier,,top_company_portfolio_matrix_off_brands,high,current primary brand is parent/company token; another OFF brand token needs brand-level review
7613037678031,Chocolat au lait au nougat,"nestlé, les recettes de l'atelier",nestle,snacks,FRANCE,en:france,"Snacks, Snacks sucrés, Cacao et dérivés, Chocolats, Chocolats au lait, Chocolats fourrés, Chocolats au lait fourrés",nestle; les recettes de latelier,nestle,les recettes de latelier,True,les recettes de latelier,,top_company_portfolio_matrix_off_brands,high,current primary brand is parent/company token; another OFF brand token needs brand-level review
7613037722482,NESTLE L'ATELIER - Lait Praliné - 143g,"nestlé, les recettes de l'atelier",nestle,snacks,FRANCE,en:france,"Snacks, Snacks sucrés, Cacao et dérivés, Surgelés, Chocolats, Chocolats au lait, Chocolats fourrés",nestle; les recettes de latelier,nestle,les recettes de latelier,True,les recettes de latelier,,top_company_portfolio_matrix_off_brands,high,current primary brand is parent/company token; another OFF brand token needs brand-level review
7613037737486,Chocolat noir ganache orange intense,nestlé,nestle,snacks,FRANCE,en:france,"Snacks, Snacks sucrés, Cacao et dérivés, Chocolats, Chocolats noirs, Chocolats fourrés, Chocolats noirs fourrés",nestle,nestle,nestle,False,,,no_change,,no more-specific Top 9 portfolio brand detected
7613037741391,Smarties,nestlé,nestle,snacks,FRANCE,en:france,en:bonbons,nestle,nestle,smarties,True,smarties,Nestlé,top_company_portfolio_matrix_product_name,medium,current primary brand is parent/company token; portfolio brand appears in product name
7613037768619,Chocolat au lait & pointe de sel ganache caramel,"nestlé, les recettes de l'atelier",nestle,snacks,BENELUX|FRANCE,en:belgium|en:france,"Snacks, Snacks sucrés, Cacao et dérivés, Chocolats, Chocolats au lait, Chocolats fourrés, Chocolats au caramel, Chocolats au lait fourrés, Chocolats au lait au caramel",nestle; les recettes de latelier,nestle,les recettes de latelier,True,les recettes de latelier,,top_company_portfolio_matrix_off_brands,high,current primary brand is parent/company token; another OFF brand token needs brand-level review
7613037772302,Chocolat au lait,nestlé,nestle,snacks,FRANCE,en:france,"Snacks, Snacks sucrés, Cacao et dérivés, Chocolats, Chocolats au lait",nestle,nestle,nestle,False,,,no_change,,no more-specific Top 9 portfolio brand detected
7613037805338,KITKAT Mini offre gourmande,"nestlé, kit kat mini",nestle,snacks,FRANCE,en:france,"Snacks, Snacks sucrés, Cacao et dérivés, Confiseries, Barres, Confiseries chocolatées, Barres chocolatées, Barres chocolatées biscuitées, Barre chocolatée biscuitée type KitKat",nestle; kit kat mini,nestle,kit kat mini,True,kit kat mini,,top_company_portfolio_matrix_off_brands,high,current primary brand is parent/company token; another OFF brand token needs brand-level review
7613037902822,"Oeuf de pâques noissettes, amandes et raisins secs",nestlé,nestle,snacks,FRANCE,en:france,"Snacks, Snacks sucrés, Cacao et dérivés, Aliments festifs, Chocolats, Chocolats au lait, Aliments de Pâques",nestle,nestle,nestle,False,,,no_change,,no more-specific Top 9 portfolio brand detected
7613037953220,Lion Bar,nestlé,nestle,snacks,FRANCE,en:france,"Snacks, Snacks sucrés, Barres",nestle,nestle,lion,True,lion,Nestlé,top_company_portfolio_matrix_product_name,medium,current primary brand is parent/company token; portfolio brand appears in product name
7613037964639,LION MINI Barres chocolatées - sachet 350g Offre gourmande,"nestlé, lion",nestle,snacks,FRANCE,en:france,"Snacks, Snacks sucrés, Barres, Cacao et dérivés, Confiseries, Confiseries chocolatées",nestle; lion,nestle,lion,True,lion,Nestlé,top_company_portfolio_matrix_off_brands,high,current primary brand is parent/company token; portfolio brand appears in OFF brands field
7613037984798,NESTLE L'ATELIER Tablette Chocolat lait raisins - 170g,"nestlé, les recettes de l'atelier",nestle,snacks,FRANCE,en:bulgaria|en:france,"Snacks, Sweet snacks, Cocoa and its products, Confectioneries, Chocolate candies, fr:Бадемови шоколади, fr:Закуски, fr:Какаови изделия, fr:Млечен шоколад, fr:Млечен шоколад с бадеми, fr:Сладки закуски, fr:Шоколади, en:milk-chocolates",nestle; les recettes de latelier,nestle,les recettes de latelier,True,les recettes de latelier,,top_company_portfolio_matrix_off_brands,high,current primary brand is parent/company token; another OFF brand token needs brand-level review
7613037984866,NESTLE L'ATELIER Tablette Chocolat lait cranberries amandes - 170g,"nestlé, les recettes de l'atelier",nestle,snacks,FRANCE,en:bulgaria|en:france,"Snacks,Snacks sucrés,Cacao et dérivés,Chocolats,Chocolats au lait,Chocolats aux amandes,Tablette de chocolat au lait,Chocolats au lait aux amandes, Confiseries, Confiseries chocolatées",nestle; les recettes de latelier,nestle,les recettes de latelier,True,les recettes de latelier,,top_company_portfolio_matrix_off_brands,high,current primary brand is parent/company token; another OFF brand token needs brand-level review
7613037984972,NESTLE L'ATELIER Tablette Chocolat noir cranberries amandes - 170g,"nestlé, les recettes de l'atelier",nestle,snacks,FRANCE,en:france,"Snacks, Sweet snacks, Cocoa and its products, Confectioneries, Chocolate candies, Chocolates, Dark chocolates, en:chocolates-with-almonds",nestle; les recettes de latelier,nestle,les recettes de latelier,True,les recettes de latelier,,top_company_portfolio_matrix_off_brands,high,current primary brand is parent/company token; another OFF brand token needs brand-level review
7613037985085,NESTLE L'ATELIER Tablette Chocolat noir myrtilles amandes - 170g,nestlé,nestle,snacks,FRANCE,en:france,"Snacks,Snacks sucrés,Cacao et dérivés,Confiseries,Confiseries chocolatées,Chocolats,Chocolats aux amandes,Cacao en afgeleide producten,Chocoladeproducten,Pure chocolades,Zoete snacks",nestle,nestle,nestle,False,,,no_change,,no more-specific Top 9 portfolio brand detected
7613037985924,L'ATELIER chocolat blond noisettes amandes,nestlé,nestle,snacks,FRANCE,en:france,"Snacks, Snacks sucrés, Cacao et dérivés, Chocolats, Chocolats blancs",nestle,nestle,nestle,False,,,no_change,,no more-specific Top 9 portfolio brand detected
7613037986938,NESTLE L'ATELIER Tablette Chocolat noir raisins - 170g,"nestlé, les recettes de l'atelier",nestle,snacks,FRANCE,en:france,"Snacks, Snacks sucrés, Cacao et dérivés, Chocolats, Chocolats noirs, Chocolats aux amandes, Chocolats aux noisettes, Chocolats aux raisins, Chocolats noirs aux amandes, Chocolats noirs aux noisettes, Chocolats noirs aux raisins, Confiseries, Confiseries chocolatées",nestle; les recettes de latelier,nestle,les recettes de latelier,True,les recettes de latelier,,top_company_portfolio_matrix_off_brands,high,current primary brand is parent/company token; another OFF brand token needs brand-level review
7613037987263,NESTLE L'ATELIERTablette Chocolat lait noisettes - 170g,"nestlé, les recettes de l'atelier",nestle,snacks,FRANCE,en:france,"Snacks, Sweet snacks, Cocoa and its products, Confectioneries, Chocolate candies, Chocolates, Milk chocolates, Chocolates with hazelnuts, Milk chocolates with hazelnuts, en:filled-milk-chocolates",nestle; les recettes de latelier,nestle,les recettes de latelier,True,les recettes de latelier,,top_company_portfolio_matrix_off_brands,high,current primary brand is parent/company token; another OFF brand token needs brand-level review
7613037987355,NESTLE L'ATELIER Tablette Chocolat noir noisettes - 170g,"nestlé, les recettes de l'atelier",nestle,snacks,FRANCE,en:france,"Snacks, Snacks sucrés, Cacao et dérivés, Chocolats, Chocolats noirs, Chocolats aux noisettes, Chocolats noirs aux noisettes, Confiseries, Confiseries chocolatées",nestle; les recettes de latelier,nestle,les recettes de latelier,True,les recettes de latelier,,top_company_portfolio_matrix_off_brands,high,current primary brand is parent/company token; another OFF brand token needs brand-level review
7613037988147,NESTLE L'ATELIER Tablette Chocolat noir amandes - 170g,"nestlé,les recettes de l'atelier",nestle,snacks,FRANCE,en:france,"Snacks,Snacks sucrés,Cacao et dérivés,Confiseries,Confiseries chocolatées,Bonbons de chocolat,Chocolats,Chocolats noirs,Chocolats aux amandes,Chocolats noirs aux amandes",nestle; les recettes de latelier,nestle,les recettes de latelier,True,les recettes de latelier,,top_company_portfolio_matrix_off_brands,high,current primary brand is parent/company token; another OFF brand token needs brand-level review
7613037988475,L'ATELIER chocolat noir pomme caramel,"nestlé, les recettes de l'atelier",nestle,snacks,FRANCE,en:france,"Snacks, Snacks sucrés, Cacao et dérivés, Chocolats, Chocolats noirs",nestle; les recettes de latelier,nestle,les recettes de latelier,True,les recettes de latelier,,top_company_portfolio_matrix_off_brands,high,current primary brand is parent/company token; another OFF brand token needs brand-level review
7613037989151,NESTLE L'ATELIER Noir Pistache Amande 115g,"nestlé, les recettes de l'atelier",nestle,snacks,FRANCE,en:france,"Snacks,Snacks sucrés,Cacao et dérivés,Chocolats,Chocolats noirs,Chocolats noirs aux amandes",nestle; les recettes de latelier,nestle,les recettes de latelier,True,les recettes de latelier,,top_company_portfolio_matrix_off_brands,high,current primary brand is parent/company token; another OFF brand token needs brand-level review
7613038007694,NESTLE L'ATELIER Tablette Chocolat lait muesli - 170g,"nestlé, les recettes de l'atelier",nestle,snacks,FRANCE,en:france,"Snacks,Snacks sucrés,Cacao et dérivés,Chocolats,Chocolats au lait,Chocolats fourrés,Chocolats aux céréales,Chocolats au lait fourrés, Confiseries, Confiseries chocolatées",nestle; les recettes de latelier,nestle,les recettes de latelier,True,les recettes de latelier,,top_company_portfolio_matrix_off_brands,high,current primary brand is parent/company token; another OFF brand token needs brand-level review
7613038008301,Chocolat Muesli & noisettes caramélisées,nestlé,nestle,snacks,FRANCE,en:france,"Snacks,Snacks sucrés,Cacao et dérivés,Chocolats,Chocolats noirs",nestle,nestle,nestle,False,,,no_change,,no more-specific Top 9 portfolio brand detected
7613038059341,L'escargot mini,"nestlé, lanvin",nestle,snacks,FRANCE,en:france,"Snacks, Snacks sucrés, Cacao et dérivés, Confiseries, Confiseries chocolatées, Bonbons de chocolat",nestle; lanvin,nestle,lanvin,True,lanvin,,top_company_portfolio_matrix_off_brands,high,current primary brand is parent/company token; another OFF brand token needs brand-level review
7613038193762,Pralinés noirs pétillants au Marc de champagne,"nestlé, cailler",nestle,snacks,FRANCE,en:france,"Snacks, Snacks sucrés, Cacao et dérivés, Confiseries, Confiseries chocolatées, Bonbons de chocolat",nestle; cailler,nestle,cailler,True,cailler,Nestlé,top_company_portfolio_matrix_off_brands,high,current primary brand is parent/company token; portfolio brand appears in OFF brands field
7613038316345,Lion barre chocolatée,"lion, nestlé",lion,snacks,FRANCE,en:france,"Snacks,Snacks sucrés,Cacao et dérivés,Confiseries,Confiseries chocolatées,Barres,Barres chocolatées",lion; nestle,lion,lion,False,,,no_change,,no more-specific Top 9 portfolio brand detected
7613038557359,Lanvin noir au chocolat pur beurre et cacao,nestlé,nestle,snacks,FRANCE,en:france,"Snacks, Snacks sucrés, Cacao et dérivés, Confiseries, Confiseries chocolatées, Bonbons de chocolat",nestle,nestle,nestle,False,,,no_change,,no more-specific Top 9 portfolio brand detected
7613038557632,Assortiment de chocolats au lait,nestlé,nestle,snacks,FRANCE,en:france,"Snacks, Snacks sucrés, Cacao et dérivés, Confiseries, Confiseries chocolatées, Bonbons de chocolat",nestle,nestle,nestle,False,,,no_change,,no more-specific Top 9 portfolio brand detected
7613038660141,Les recettes de l'atelier bio 70% chocolat noir,nestlé,nestle,snacks,FRANCE,en:france,"Snacks,Snacks sucrés,Cacao et dérivés,Chocolats,Chocolats noirs,Chocolat noir en tablette extra dégustation à 70% de cacao minimum",nestle,nestle,nestle,False,,,no_change,,no more-specific Top 9 portfolio brand detected
7613038679488,Lion,nestlé,nestle,snacks,FRANCE,en:france,"Snacks, Snacks sucrés, Cacao et dérivés, Confiseries, Barres, Confiseries chocolatées, Chocolats, Barres chocolatées",nestle,nestle,lion,True,lion,Nestlé,top_company_portfolio_matrix_product_name,medium,current primary brand is parent/company token; portfolio brand appears in product name
7613038713199,Kitkat gold caramel,"nestlé, kit kat",nestle,snacks,FRANCE,en:france,"Snacks,Snacks sucrés,Cacao et dérivés,Confiseries,Barres,Confiseries chocolatées,Barre chocolatée biscuitée type KitKat",nestle; kit kat,nestle,kitkat,True,kit kat,Nestlé,top_company_portfolio_matrix_off_brands,high,current primary brand is parent/company token; portfolio brand appears in OFF brands field
7613038757452,Les recettes de l'Atelier - Lait aux éclats d’amandes,nestlé,nestle,snacks,FRANCE,en:france,"Snacks, Snacks sucrés, Cacao et dérivés, Confiseries, Confiseries chocolatées, Bonbons de chocolat",nestle,nestle,nestle,False,,,no_change,,no more-specific Top 9 portfolio brand detected
7613038825113,Chocolat noir,nestlé,nestle,snacks,FRANCE,en:france,"Snacks, Snacks sucrés, Cacao et dérivés, Chocolats, Chocolats noirs",nestle,nestle,nestle,False,,,no_change,,no more-specific Top 9 portfolio brand detected
7613038954226,NESTLE DESSERT Noir Bio 170g,"nestlé,nestle dessert",nestle,snacks,FRANCE,en:france,"Snacks,Desserts,Sweet snacks,Cocoa and its products,Chocolates,Dark chocolates,Dark chocolate bars for cooking",nestle; nestle dessert,nestle,dessert,True,nestle dessert,,top_company_portfolio_matrix_off_brands,high,current primary brand is parent/company token; another OFF brand token needs brand-level review
7613038962269,Smarties,nestlé,nestle,snacks,FRANCE,en:france,"Snacks, Snacks sucrés, Cacao et dérivés, Confiseries, Confiseries chocolatées, Bonbons de chocolat",nestle,nestle,smarties,True,smarties,Nestlé,top_company_portfolio_matrix_product_name,medium,current primary brand is parent/company token; portfolio brand appears in product name
7613039078662,KITKAT au chocolat blanc,"nestlé, kitkat",nestle,snacks,FRANCE,en:france,"Snacks,Snacks sucrés,Cacao et dérivés,Confiseries,Barres,Confiseries chocolatées,en:bars-covered-with-chocolate,Barres chocolatées biscuitées,Barre chocolatée biscuitée type KitKat",nestle; kitkat,nestle,kitkat,True,kitkat,Nestlé,top_company_portfolio_matrix_off_brands,high,current primary brand is parent/company token; portfolio brand appears in OFF brands field
7613039079126,"KITKAT White barre au chocolat blanc, 8x41.5g","nestlé, kitkat",nestle,snacks,FRANCE,en:france,"Snacks, Snacks sucrés, Cacao et dérivés, Confiseries, Barres, Confiseries chocolatées, Barres chocolatées, Barres chocolatées biscuitées, Barre chocolatée biscuitée type KitKat",nestle; kitkat,nestle,kitkat,True,kitkat,Nestlé,top_company_portfolio_matrix_off_brands,high,current primary brand is parent/company token; portfolio brand appears in OFF brands field
7613039188644,NESTLE L'ATELIER Noir Noisettes grillées 115g,"nestlé, les recettes de l'atelier",nestle,snacks,FRANCE,en:france,"Snacks, Snacks sucrés, Cacao et dérivés, Surgelés, Chocolats, Chocolats noirs, Chocolats au lait, Chocolats aux noisettes, Chocolats noirs aux noisettes",nestle; les recettes de latelier,nestle,les recettes de latelier,True,les recettes de latelier,,top_company_portfolio_matrix_off_brands,high,current primary brand is parent/company token; another OFF brand token needs brand-level review
7613039459515,GALAK Renne 88g,"nestlé, galak",nestle,snacks,FRANCE,en:france|en:qatar,"Snacks, Snacks sucrés, Cacao et dérivés, Confiseries, Confiseries chocolatées",nestle; galak,nestle,galak,True,galak,,top_company_portfolio_matrix_off_brands,high,current primary brand is parent/company token; another OFF brand token needs brand-level review
7613039500309,Escargots chocolat noir,nestlé,nestle,snacks,FRANCE,en:france,"Snacks, Snacks sucrés, Cacao et dérivés, Confiseries, Confiseries chocolatées, Bonbons de chocolat",nestle,nestle,nestle,False,,,no_change,,no more-specific Top 9 portfolio brand detected
7613039500590,Escargots chocolat blanc,nestlé,nestle,snacks,FRANCE,en:france,"Snacks, Snacks sucrés, Confiseries",nestle,nestle,nestle,False,,,no_change,,no more-specific Top 9 portfolio brand detected
7613039502143,Escargots chocolat noir et lait,nestlé,nestle,snacks,FRANCE,en:france,"Snacks, Snacks sucrés, Cacao et dérivés, Confiseries, Confiseries chocolatées, Bonbons de chocolat",nestle,nestle,nestle,False,,,no_change,,no more-specific Top 9 portfolio brand detected
7613039502235,Escargots chocolat au lait,nestlé,nestle,snacks,FRANCE,en:france,"Snacks, Snacks sucrés, Cacao et dérivés, Confiseries, Confiseries chocolatées, Bonbons de chocolat, Bonbons, Bonbons de chocolat au lait",nestle,nestle,nestle,False,,,no_change,,no more-specific Top 9 portfolio brand detected
7613039609804,Mini escargots chocolat au lait,nestlé lanvin,nestle,snacks,FRANCE,en:france,"Snacks, Snacks sucrés, Cacao et dérivés, Confiseries, Confiseries chocolatées, Bonbons de chocolat, Bonbons de chocolat au lait",nestle lanvin,nestle,lanvin,True,nestle lanvin,,top_company_portfolio_matrix_off_brands,high,current primary brand is parent/company token; another OFF brand token needs brand-level review
7613039641927,After eight,nestlé,nestle,snacks,FRANCE,en:france,"Snacks, Snacks sucrés, Cacao et dérivés, Chocolats, Chocolats fourrés",nestle,nestle,nestle,False,,,no_change,,no more-specific Top 9 portfolio brand detected
7613039662823,CHOCAPIC Céréales (6x30g) MIX,"nestlé, chocapic",nestle,snacks,FRANCE,en:france,"Aliments et boissons à base de végétaux,Aliments d'origine végétale,Petit-déjeuners,Céréales et pommes de terre,Céréales et dérivés,Céréales pour petit-déjeuner,Céréales au chocolat,Céréales extrudées,Pétales de blé chocolatés,Céréales chocolatées pour petit déjeuner non fourrées mais enrichies en vitamines et minéraux, Snacks, Snacks sucrés, Barres, Barres de céréales",nestle; chocapic,nestle,chocapic,True,chocapic,Nestlé,top_company_portfolio_matrix_off_brands,high,current primary brand is parent/company token; portfolio brand appears in OFF brands field
7613039692363,Les bouchées,nestlé,nestle,snacks,FRANCE,en:france,"Snacks, Snacks sucrés, Cacao et dérivés, Confiseries, Confiseries chocolatées, Bonbons de chocolat",nestle,nestle,nestle,False,,,no_change,,no more-specific Top 9 portfolio brand detected
7613039769270,Smarties x3,nestlé,nestle,snacks,FRANCE,en:france,"Snacks, Sweet snacks, Cocoa and its products, Confectioneries, Chocolate candies, Bonbons, Bonbons-dragéifiés, Cacao-et-dérivés, Confiseries-chocolatées, Snacks-sucrés, fr:bonbons-drageifies",nestle,nestle,smarties,True,smarties,Nestlé,top_company_portfolio_matrix_product_name,medium,current primary brand is parent/company token; portfolio brand appears in product name
7613039800324,Smarties,nestlé,nestle,snacks,FRANCE,en:france,"Snacks, Snacks sucrés, Cacao et dérivés, Confiseries, Confiseries chocolatées, Bonbons de chocolat",nestle,nestle,smarties,True,smarties,Nestlé,top_company_portfolio_matrix_product_name,medium,current primary brand is parent/company token; portfolio brand appears in product name
7613039941614,NESTLE L'ATELIER BIO 80% 80g,"nestlé, les recettes de l'atelier",nestle,snacks,FRANCE,en:france,"Snacks, Snacks sucrés, Cacao et dérivés, Chocolats, Chocolats noirs, Chocolat noir en tablette extra dégustation à 70% de cacao minimum",nestle; les recettes de latelier,nestle,les recettes de latelier,True,les recettes de latelier,,top_company_portfolio_matrix_off_brands,high,current primary brand is parent/company token; another OFF brand token needs brand-level review
7613287055934,NESTLE L'ATELIER Tablette Chocolat lait caramel noisettes et amandes - 170g,"nestlé, les recettes de l'atelier",nestle,snacks,FRANCE,en:france,"Snacks, Snacks sucrés, Cacao et dérivés, Chocolats, Chocolats au lait, Chocolats aux amandes, Tablette de chocolat au lait, Confiseries, Confiseries chocolatées",nestle; les recettes de latelier,nestle,les recettes de latelier,True,les recettes de latelier,,top_company_portfolio_matrix_off_brands,high,current primary brand is parent/company token; another OFF brand token needs brand-level review
7613287081421,NESTLE L'ATELIER INCOA 70% 68g,"nestlé, les recettes de l'atelier incoa",nestle,snacks,FRANCE,en:france,"Snacks, Snacks sucrés, Cacao et dérivés, Chocolats, Chocolats noirs",nestle; les recettes de latelier incoa,nestle,les recettes de latelier incoa,True,les recettes de latelier incoa,,top_company_portfolio_matrix_off_brands,high,current primary brand is parent/company token; another OFF brand token needs brand-level review
7613287101778,SMARTIES Boite d'oeufs 122g,"nestlé, smarties",nestle,snacks,FRANCE,en:france,"Snacks, Sweet snacks, Cocoa and its products, Chocolates, Chocolate molds, en:easter-food, Confiseries, Confiseries chocolatées",nestle; smarties,nestle,smarties,True,smarties,Nestlé,top_company_portfolio_matrix_off_brands,high,current primary brand is parent/company token; portfolio brand appears in OFF brands field
7613287102058,KITKAT boite d'œuf 120g,"nestlé,kitkat",nestle,snacks,FRANCE,en:france,"Snacks,Sweet snacks,Cocoa and its products,Confectioneries,Chocolate candies",nestle; kitkat,nestle,kitkat,True,kitkat,Nestlé,top_company_portfolio_matrix_off_brands,high,current primary brand is parent/company token; portfolio brand appears in OFF brands field
7613287109514,Lion Snack Size,nestlé,nestle,snacks,DACH|FRANCE,en:austria|en:france|en:germany,"Imbiss, Süßer Snack, Kakao und Kakaoprodukte, Süßwaren, Schokoladenkonfekt, Riegel, Schokoriegel",nestle,nestle,lion,True,lion,Nestlé,top_company_portfolio_matrix_product_name,medium,current primary brand is parent/company token; portfolio brand appears in product name
7613287109583,LION MINI 234g,"nestlé, lion minis",nestle,snacks,FRANCE|DACH,en:france|en:germany,"snacks, snacks-sucrés, cacao-et-dérivés, confiseries, confiseries-chocolatées, barres, barres-chocolatées, de:imbiss, de:kakao-und-kakaoprodukte, de:schokoladenkonfekt, süßer-snack, süßwaren",nestle; lion minis,nestle,lion minis,True,lion minis,,top_company_portfolio_matrix_off_brands,high,current primary brand is parent/company token; another OFF brand token needs brand-level review
7613287115782,Smarties,nestlé,nestle,snacks,FRANCE,en:france,en:bonbons,nestle,nestle,smarties,True,smarties,Nestlé,top_company_portfolio_matrix_product_name,medium,current primary brand is parent/company token; portfolio brand appears in product name
7613287121783,SMARTIES MINI sachet 187g,"nestlé, smarties minis, smarties",nestle,snacks,FRANCE,en:france,"Snacks, Snacks sucrés, Cacao et dérivés, Confiseries, Confiseries chocolatées, Bonbons de chocolat",nestle; smarties minis; smarties,nestle,smarties,True,smarties,Nestlé,top_company_portfolio_matrix_off_brands,high,current primary brand is parent/company token; portfolio brand appears in OFF brands field
7613287121974,SMARTIES MINI sachet 315g,"nestlé, smarties, smarties minis",nestle,snacks,FRANCE|DACH,en:france|en:germany,"Snacks, Snacks sucrés, Cacao et dérivés, Confiseries, Confiseries chocolatées, Bonbons de chocolat, Bonbons dragéifiés",nestle; smarties; smarties minis,nestle,smarties,True,smarties,Nestlé,top_company_portfolio_matrix_off_brands,high,current primary brand is parent/company token; portfolio brand appears in OFF brands field
7613287136923,NESTLE L'ATELIER BIO Noir Raisin Noisettes 170g,"nestlé, les recettes de l'atelier",nestle,snacks,FRANCE,en:france,"Tablette de chocolat noir, en:dark-chocolates-with-hazelnuts",nestle; les recettes de latelier,nestle,les recettes de latelier,True,les recettes de latelier,,top_company_portfolio_matrix_off_brands,high,current primary brand is parent/company token; another OFF brand token needs brand-level review
7613287142917,NESTLE DESSERT BIO Corsé,"bio, nestle dessert",bio,snacks,FRANCE,en:france,"Snacks,Snacks sucrés,Cacao et dérivés,Chocolats,Chocolats noirs",bio; nestle dessert,bio,bio,False,,,no_change,,no more-specific Top 9 portfolio brand detected
7613287142948,NESTLE L'ATELIER BIO Lait Raisin Noisettes 170g,"nestlé, les recettes de l'atelier",nestle,snacks,FRANCE,en:france,"Snacks,Snacks sucrés,Cacao et dérivés,Chocolats,Chocolats au lait,Tablette de chocolat au lait,Chocolats au lait aux noisettes,Chocolat au lait aux fruits secs",nestle; les recettes de latelier,nestle,les recettes de latelier,True,les recettes de latelier,,top_company_portfolio_matrix_off_brands,high,current primary brand is parent/company token; another OFF brand token needs brand-level review
7613287148056,KITKAT 4 Finger Dark 41.5g,"nestlé, kit kat",nestle,snacks,FRANCE,en:france,"Snacks, Snacks sucrés, Cacao et dérivés, Confiseries, Barres, Confiseries chocolatées, Barres chocolatées, Barres chocolatées biscuitées, Barre chocolatée biscuitée type KitKat",nestle; kit kat,nestle,kitkat,True,kit kat,Nestlé,top_company_portfolio_matrix_off_brands,high,current primary brand is parent/company token; portfolio brand appears in OFF brands field
7613287148223,Barres au chocolat noir,"nestlé, kitkat",nestle,snacks,FRANCE|DACH,en:france|en:switzerland,"Snacks, Snacks sucrés, Cacao et dérivés, Confiseries, Barres, Confiseries chocolatées",nestle; kitkat,nestle,kitkat,True,kitkat,Nestlé,top_company_portfolio_matrix_off_brands,high,current primary brand is parent/company token; portfolio brand appears in OFF brands field
7613287148315,KitKat dark,"nestlé, kit kat",nestle,snacks,FRANCE,en:france,Barre chocolatée biscuitée type KitKat,nestle; kit kat,nestle,kitkat,True,kit kat,Nestlé,top_company_portfolio_matrix_off_brands,high,current primary brand is parent/company token; portfolio brand appears in OFF brands field
7613287160690,Lion - Coconut,nestlé,nestle,snacks,FRANCE|DACH,en:france|en:germany,candy chocolate bars,nestle,nestle,lion,True,lion,Nestlé,top_company_portfolio_matrix_product_name,medium,current primary brand is parent/company token; portfolio brand appears in product name
7613287188809,Lion caramel blond,nestlé,nestle,snacks,BENELUX|FRANCE|DACH,en:belgium|en:france|en:germany,"Imbiss, Süßer Snack, Süßwaren, Riegel, Kekse und Kuchen, Kekse, Knusprige Waffeln, Gefüllte Knusprige Waffeln, Knusprige Waffeln mit Karamellfüllung",nestle,nestle,lion,True,lion,Nestlé,top_company_portfolio_matrix_product_name,medium,current primary brand is parent/company token; portfolio brand appears in product name
7613287199577,Lion Peanut,nestlé,nestle,snacks,FRANCE|DACH,en:france|en:germany,"Imbiss, Süßer Snack, Kakao und Kakaoprodukte, Süßwaren, Riegel, Schokoladenkonfekt, en:bars-covered-with-chocolate",nestle,nestle,lion,True,lion,Nestlé,top_company_portfolio_matrix_product_name,medium,current primary brand is parent/company token; portfolio brand appears in product name
7613287214126,LANVIN Assortiment Lait 280g,"nestlé, lanvin",nestle,snacks,FRANCE,en:france,"Snacks, Snacks sucrés, Cacao et dérivés, Confiseries, Confiseries chocolatées, Bonbons de chocolat, Assortiments de bonbons de chocolat",nestle; lanvin,nestle,lanvin,True,lanvin,,top_company_portfolio_matrix_off_brands,high,current primary brand is parent/company token; another OFF brand token needs brand-level review
7613287214164,L’escargot,"nestlé, lanvin",nestle,snacks,FRANCE,en:france,"Snacks, Snacks sucrés, Cacao et dérivés, Confiseries, Confiseries chocolatées, Bonbons de chocolat",nestle; lanvin,nestle,lanvin,True,lanvin,,top_company_portfolio_matrix_off_brands,high,current primary brand is parent/company token; another OFF brand token needs brand-level review
7613287246264,Chocolate negro con avellanas enteras,nestlé,nestle,snacks,FRANCE|SOUTHERN_EUROPE,en:france|en:spain,"Botanas, Snacks dulces, Cacao y sus productos, Chocolates, Chocolates negros, Chocolates con avellanas, Chocolates negro con avellanas",nestle,nestle,nestle,False,,,no_change,,no more-specific Top 9 portfolio brand detected
7613287354280,Joe original,nestlé,nestle,snacks,FRANCE,en:france|en:romania,"Snacks, Sweet snacks, Bars, Biscuits and cakes, Biscuits, Chocolate biscuits, Wafers, Stuffed wafers, Chocolate stuffed wafers, en:chocolate-candies",nestle,nestle,nestle,False,,,no_change,,no more-specific Top 9 portfolio brand detected
7613287393395,SMARTIES MINI sachet 375g,"nestlé, smarties minis",nestle,snacks,FRANCE,en:france,"Snacks, Sweet snacks, Confectioneries, fr:Bonbons dragéifiés, en:bonbons",nestle; smarties minis,nestle,smarties minis,True,smarties minis,,top_company_portfolio_matrix_off_brands,high,current primary brand is parent/company token; another OFF brand token needs brand-level review
7613287394729,NESTLE NATURNES Pomme Coing 4x130g,"nestlé, naturnes",nestle,snacks,FRANCE,en:france,"Aliments et boissons à base de végétaux, Aliments d'origine végétale, Aliments à base de fruits et de légumes, Desserts, Fruits et produits dérivés, Aliments pour bébé, Goûters et desserts pour bébé, Compotes, Dès 6 mois, Compotes pour bébé",nestle; naturnes,nestle,naturnes,True,naturnes,,top_company_portfolio_matrix_off_brands,high,current primary brand is parent/company token; another OFF brand token needs brand-level review
7613287394774,NESTLE NATURNES Pomme Pêche 4x130g,"nestlé, naturnes",nestle,snacks,FRANCE,en:france,"Aliments et boissons à base de végétaux, Aliments d'origine végétale, Aliments à base de fruits et de légumes, Desserts, Fruits et produits dérivés, Aliments pour bébé, Goûters et desserts pour bébé, Compotes, Compotes pour bébé",nestle; naturnes,nestle,naturnes,True,naturnes,,top_company_portfolio_matrix_off_brands,high,current primary brand is parent/company token; another OFF brand token needs brand-level review
7613287398758,LANVIN Assortiment Noir 302g,"nestlé, lanvin",nestle,snacks,FRANCE,en:france,"Snacks, Snacks sucrés, Cacao et dérivés, Confiseries, Confiseries chocolatées, Bonbons de chocolat, Assortiments de bonbons de chocolat",nestle; lanvin,nestle,lanvin,True,lanvin,,top_company_portfolio_matrix_off_brands,high,current primary brand is parent/company token; another OFF brand token needs brand-level review
7613287399830,LION Céréales 6x40g MIX,"nestlé, lion",nestle,snacks,FRANCE,en:france,"Plant-based foods and beverages, Plant-based foods, Breakfasts, Cereals and potatoes, Cereals and their products, Breakfast cereals, Chocolate cereals, Cereals with caramel, extruded cereals, Snacks, Snacks sucrés, Barres, Barres de céréales",nestle; lion,nestle,lion,True,lion,Nestlé,top_company_portfolio_matrix_off_brands,high,current primary brand is parent/company token; portfolio brand appears in OFF brands field
7613287403216,SMARTIES MINI sachet 375g,"nestlé, smarties, smarties minis",nestle,snacks,FRANCE,en:france,"Snacks, Sweet snacks, Cocoa and its products, Confectioneries, Chocolate candies, Bonbons, Sugar coated chocolate confectioneries, fr:bonbons-drageifies",nestle; smarties; smarties minis,nestle,smarties,True,smarties,Nestlé,top_company_portfolio_matrix_off_brands,high,current primary brand is parent/company token; portfolio brand appears in OFF brands field
7613287407917,NESTLE LES RECETTES DE L'ATELIER Les Bouchées lait 400g,"nestlé, les recettes de l'atelier bouchees",nestle,snacks,FRANCE,en:france,"Snacks, Snacks sucrés, Cacao et dérivés, Confiseries, Confiseries chocolatées, Bonbons de chocolat, Assortiments de bonbons de chocolat",nestle; les recettes de latelier bouchees,nestle,les recettes de latelier bouchees,True,les recettes de latelier bouchees,,top_company_portfolio_matrix_off_brands,high,current primary brand is parent/company token; another OFF brand token needs brand-level review
7613287407948,NESTLE LES RECETTES DE L'ATELIER Les Bouchées noir 401g,"nestlé, les recettes de l'atelier bouchees",nestle,snacks,FRANCE,en:france,"Snacks, Snacks sucrés, Cacao et dérivés, Confiseries, Confiseries chocolatées, Bonbons de chocolat",nestle; les recettes de latelier bouchees,nestle,les recettes de latelier bouchees,True,les recettes de latelier bouchees,,top_company_portfolio_matrix_off_brands,high,current primary brand is parent/company token; another OFF brand token needs brand-level review
7613287420244,LANVIN Escargots Chocolat Noir mini 140g,"nestlé, l'escargot, lanvin",nestle,snacks,FRANCE,en:france,"Snacks,Snacks sucrés,Cacao et dérivés,Confiseries,Confiseries chocolatées,Bonbons de chocolat,Chocolats noirs,Chocolats fourrés au praliné",nestle; lescargot; lanvin,nestle,lescargot,True,lescargot,,top_company_portfolio_matrix_off_brands,high,current primary brand is parent/company token; another OFF brand token needs brand-level review
7613287481726,AFTER EIGHT Mojito 400g,"nestlé, after eight",nestle,snacks,FRANCE,en:france,"Snacks, Sweet snacks, Cocoa and its products, Frozen foods, Chocolates, Filled chocolates, en:confectioneries, Confiseries chocolatées",nestle; after eight,nestle,after eight,True,after eight,,top_company_portfolio_matrix_off_brands,high,current primary brand is parent/company token; another OFF brand token needs brand-level review
7613287523761,NESTLE L'ATELIER Les Bouchées Boite sapin lait et noir 162g,"nestlé, les recettes de l'atelier",nestle,snacks,FRANCE,en:france,"Snacks, Snacks sucrés, Cacao et dérivés, Confiseries, Confiseries chocolatées, Bonbons de chocolat, Assortiments de bonbons de chocolat",nestle; les recettes de latelier,nestle,les recettes de latelier,True,les recettes de latelier,,top_company_portfolio_matrix_off_brands,high,current primary brand is parent/company token; another OFF brand token needs brand-level review
7613287692337,Dark sublime gourmet collection,nestlé,nestle,snacks,FRANCE,en:france,"Snacks, Snacks sucrés, Cacao et dérivés, Confiseries, Confiseries chocolatées, Bonbons de chocolat, Assortiments de bonbons de chocolat",nestle,nestle,gourmet,True,gourmet,Nestlé,top_company_portfolio_matrix_product_name,medium,current primary brand is parent/company token; portfolio brand appears in product name
7613287697349,SMARTIES MINI - Sachet 500g,"nestlé, smarties",nestle,snacks,FRANCE|UK_IE,en:france|en:united-kingdom,"fr:bonbons-drageifies, Cacao et dérivés, Confiseries chocolatées, Aides culinaires, Aides culinaires conservables",nestle; smarties,nestle,smarties,True,smarties,Nestlé,top_company_portfolio_matrix_off_brands,high,current primary brand is parent/company token; portfolio brand appears in OFF brands field
7613287849847,,nestlé,nestle,snacks,DACH|FRANCE,en:austria|en:france,"Snacks,Snacks sucrés,Cacao et dérivés,Confiseries,Confiseries chocolatées,Barres,Barres chocolatées,Bonbons de chocolat",nestle,nestle,nestle,False,,,no_change,,no more-specific Top 9 portfolio brand detected
7613287858313,NESTLE LES RECETTES DE L'ATELIER Juste 3 Ingrédients 90% 80g,"nestlé, les recettes de l'atelier",nestle,snacks,FRANCE,en:france|en:reunion,"Snacks, Snacks sucrés, Cacao et dérivés, Chocolats, Chocolats noirs",nestle; les recettes de latelier,nestle,les recettes de latelier,True,les recettes de latelier,,top_company_portfolio_matrix_off_brands,high,current primary brand is parent/company token; another OFF brand token needs brand-level review
7613287910776,Lion Peanut,"nestlé, lion",nestle,snacks,FRANCE,en:egypt|en:france,"Snacks, Sweet snacks, Bars, Biscuits and cakes, Coated chocolate bar without biscuit, en:chocolate-candies",nestle; lion,nestle,lion,True,lion,Nestlé,top_company_portfolio_matrix_off_brands,high,current primary brand is parent/company token; portfolio brand appears in OFF brands field
7613287916037,NESTLE LES RECETTES DE L'ATELIER Lait Caramel 115g,"nestlé, les recettes de l'atelier",nestle,snacks,FRANCE,en:france,"Snacks, Snacks sucrés, Cacao et dérivés, Chocolats, Chocolats au lait, Chocolats au caramel, Chocolats au lait au caramel",nestle; les recettes de latelier,nestle,les recettes de latelier,True,les recettes de latelier,,top_company_portfolio_matrix_off_brands,high,current primary brand is parent/company token; another OFF brand token needs brand-level review
7613287916068,Les recettes de l atelier,"nestlé, les recettes de l'atelier",nestle,snacks,FRANCE,en:france,"Snacks, Snacks sucrés, Cacao et dérivés, Surgelés, Chocolats, Chocolats au lait, Chocolats aux amandes, Chocolats au lait aux amandes",nestle; les recettes de latelier,nestle,les recettes de latelier,True,les recettes de latelier,,top_company_portfolio_matrix_off_brands,high,current primary brand is parent/company token; another OFF brand token needs brand-level review
7614800109011,Petit Beurre Lait-Noisette,"cailler,kambly,nestlé",cailler,snacks,FRANCE|DACH,en:france|en:germany|en:switzerland,"Snacks,Sweet snacks,Biscuits and cakes,Biscuits and crackers,Biscuits,Chocolate biscuits,Milk chocolate biscuits,Biscuit with a chocolate bar covering,Biscuit with a milk chocolate bar covering",cailler; kambly; nestle,cailler,cailler,False,,,no_change,,no more-specific Top 9 portfolio brand detected
7622400928604,Daim,"nestlé, mondelez",nestle,snacks,FRANCE|DACH,en:france|en:germany,"Snacks,Snacks sucrés,Cacao et dérivés,Confiseries,Confiseries chocolatées,Bonbons de chocolat,Chocolats,Bonbons de chocolat au lait,Bonbon caramel",nestle; mondelez,nestle,nestle,False,,,no_change,,no more-specific Top 9 portfolio brand detected
7630030301711,Chocolat noir éclats de fèves de cacao,"nestlé, nespresso",nestle,snacks,FRANCE,en:france,"Snacks, Snacks sucrés, Cacao et dérivés, Chocolats, Chocolats noirs, Chocolats noirs aux fèves de cacao",nestle; nespresso,nestle,nespresso,True,nespresso,Nestlé,top_company_portfolio_matrix_off_brands,high,current primary brand is parent/company token; portfolio brand appears in OFF brands field
7630030301728,Chocolat noir (70% de cacao),"nestlé,nespresso",nestle,snacks,FRANCE|DACH,en:france|en:switzerland,"Snacks,Snacks sucrés,Cacao et dérivés,Chocolats,Chocolats noirs,Chocolat noir en tablette extra dégustation à 70% de cacao minimum",nestle; nespresso,nestle,nespresso,True,nespresso,Nestlé,top_company_portfolio_matrix_off_brands,high,current primary brand is parent/company token; portfolio brand appears in OFF brands field
7630428785147,Biscuit aux amandes,"colussi s.p.a. - nespresso - nestlé, nespresso",colussi s.p.a. - nespresso - nestle,snacks,FRANCE|DACH,en:france|en:germany,"Bis,biscuit",colussi s p a nespresso nestle; nespresso,colussi s p a nespresso nestle,nespresso,True,nespresso,Nestlé,top_company_portfolio_matrix_off_brands,high,known portfolio brand appears in OFF brands field
7630428785185,Amaretti,"colussi s.p.a. - nespresso - nestlé, nespresso amaretti",colussi s.p.a. - nespresso - nestle,snacks,FRANCE|DACH|SOUTHERN_EUROPE,en:france|en:germany|en:greece|en:italy,"Snacks, Sweet snacks, Biscuits and cakes, Biscuits, Amaretti",colussi s p a nespresso nestle; nespresso amaretti,colussi s p a nespresso nestle,colussi s p a nespresso nestle,False,,,no_change,,no more-specific Top 9 portfolio brand detected
7633038954446,Chocolat noir dessert,nestlé,nestle,snacks,FRANCE,en:france,en:dark-chocolates,nestle,nestle,nestle,False,,,no_change,,no more-specific Top 9 portfolio brand detected
7633039504435,Escargot chocolat,"nestlé, lanvin",nestle,snacks,FRANCE,en:france,"Snacks, Snacks sucrés, Cacao et dérivés, Confiseries, Confiseries chocolatées, Bonbons de chocolat",nestle; lanvin,nestle,lanvin,True,lanvin,,top_company_portfolio_matrix_off_brands,high,current primary brand is parent/company token; another OFF brand token needs brand-level review
7640151393700,Cantuccini,"nestlé, nespresso",nestle,snacks,FRANCE,en:france,"Aliments et boissons à base de végétaux, Aliments d'origine végétale, Snacks, Snacks sucrés, Biscuits et gâteaux, Biscuits",nestle; nespresso,nestle,nespresso,True,nespresso,Nestlé,top_company_portfolio_matrix_off_brands,high,current primary brand is parent/company token; portfolio brand appears in OFF brands field
7640156771138,"Financiers, Schokolade",nestlé,nestle,snacks,FRANCE|DACH,en:france|en:switzerland,"Snacks, Snacks sucrés, Biscuits et gâteaux, Gâteaux, Financiers",nestle,nestle,nestle,False,,,no_change,,no more-specific Top 9 portfolio brand detected
7702024034186,Cocosette Maxi Wafer,nestlé,nestle,snacks,FRANCE|SOUTHERN_EUROPE,en:france|en:spain,"Snacks, Snacks sucrés, Biscuits et gâteaux",nestle,nestle,nestle,False,,,no_change,,no more-specific Top 9 portfolio brand detected
7702024050834,Fitness Frutos Rojos,nestlé,nestle,snacks,FRANCE,en:colombia|en:france,"Botanas, Snacks dulces, Galletas y pasteles, Galletas, Galletas secas",nestle,nestle,fitness,True,fitness,Nestlé,top_company_portfolio_matrix_product_name,medium,current primary brand is parent/company token; portfolio brand appears in product name
7795611,after eight,nestlé,nestle,snacks,FRANCE,en:france,"Snacks, Sweet snacks, Cocoa and its products, Confectioneries, Chocolate candies, Sugar coated chocolate confectioneries",nestle,nestle,nestle,False,,,no_change,,no more-specific Top 9 portfolio brand detected
7802230070029,Chocolate Trencito,nestlé,nestle,snacks,FRANCE,en:france,"Cocoa and its products, Cocoa and chocolate powders, en:chocolates",nestle,nestle,nestle,False,,,no_change,,no more-specific Top 9 portfolio brand detected
7802230081162,Kuky,nestlé,nestle,snacks,FRANCE,en:france,Galletas de chocolate,nestle,nestle,nestle,False,,,no_change,,no more-specific Top 9 portfolio brand detected
7850790,noir absolu,nestlé,nestle,snacks,FRANCE,en:france,"Snacks, Snacks sucrés, Cacao et dérivés, Chocolats",nestle,nestle,nestle,False,,,no_change,,no more-specific Top 9 portfolio brand detected
7891000060421,Nesfit Gergelim,nestlé,nestle,snacks,FRANCE,en:brazil|en:france,Dry biscuits,nestle,nestle,nestle,False,,,no_change,,no more-specific Top 9 portfolio brand detected
79200183172,Pixy stix,nestlé,nestle,snacks,FRANCE|US_CANADA,en:france|en:united-states,"Snacks, Sweet snacks, Confectioneries",nestle,nestle,nestle,False,,,no_change,,no more-specific Top 9 portfolio brand detected
79200230401,Wonka Everlasting Gobstopper,nestlé,nestle,snacks,FRANCE|US_CANADA,en:france|en:united-states,"Snacks, Sweet snacks, Confectioneries, Candies",nestle,nestle,nestle,False,,,no_change,,no more-specific Top 9 portfolio brand detected
79200292676,"Cherry punch soft & chewy ropes candy, cherry punch",nestlé,nestle,snacks,FRANCE|US_CANADA,en:france|en:united-states,"Snacks, Sweet snacks, Confectioneries",nestle,nestle,nestle,False,,,no_change,,no more-specific Top 9 portfolio brand detected
79200370183,Chewy candy video box,nestlé,nestle,snacks,FRANCE|UK_IE|US_CANADA,en:france|en:united-kingdom|en:united-states,"Snacks, Sweet snacks, Confectioneries, Candies",nestle,nestle,nestle,False,,,no_change,,no more-specific Top 9 portfolio brand detected
79200370213,Nerds,nestlé,nestle,snacks,FRANCE|DACH|UK_IE,en:france|en:switzerland|en:united-kingdom,"Snacks, Sweet snacks, Cocoa and its products, Confectioneries, Chocolate candies, Bonbons, Candies",nestle,nestle,nestle,False,,,no_change,,no more-specific Top 9 portfolio brand detected
79200472146,Candy theater box,"nestlé, nestlé usa",nestle,snacks,FRANCE|UK_IE|US_CANADA,en:france|en:united-kingdom|en:united-states,"Snacks, Sweet snacks, Cocoa and its products, Confectioneries, Chocolate candies, Bonbons, Candies",nestle; nestle usa,nestle,usa,True,nestle usa,,top_company_portfolio_matrix_off_brands,high,current primary brand is parent/company token; another OFF brand token needs brand-level review
79200558338,Nerds Candy - Rainbow,"nestlé, nerds",nestle,snacks,FRANCE|DACH|UK_IE|US_CANADA,en:croatia|en:france|en:switzerland|en:united-kingdom|en:united-states,"Snacks,Sweet snacks,Confectioneries,Candies",nestle; nerds,nestle,nerds,True,nerds,,top_company_portfolio_matrix_off_brands,high,current primary brand is parent/company token; another OFF brand token needs brand-level review
79200715007,Rainbow Nerds,"nestlé, nestlé usa",nestle,snacks,FRANCE,en:france,en:candies,nestle; nestle usa,nestle,usa,True,nestle usa,,top_company_portfolio_matrix_off_brands,high,current primary brand is parent/company token; another OFF brand token needs brand-level review
79200928773,Mini Chewy Tangy Candy,nestlé,nestle,snacks,FRANCE|US_CANADA,en:france|en:united-states,"Snacks, Sweet snacks, Confectioneries, Candies",nestle,nestle,nestle,False,,,no_change,,no more-specific Top 9 portfolio brand detected
79200931599,Candy,nestlé,nestle,snacks,FRANCE|US_CANADA,en:france|en:united-states,"Snacks, Sweet snacks, Confectioneries",nestle,nestle,nestle,False,,,no_change,,no more-specific Top 9 portfolio brand detected
7933925,"Tiny, tangy crunchy candy nerds","nestlé, wild about nerds, wonka",nestle,snacks,FRANCE|US_CANADA,en:france|en:united-states,"Snacks, Sweet snacks, Confectioneries, Candies",nestle; wild about nerds; wonka,nestle,wild about nerds,True,wild about nerds,,top_company_portfolio_matrix_off_brands,high,current primary brand is parent/company token; another OFF brand token needs brand-level review
8000300012163,Il Panettone - Gâteau de Noël Panettone,"nestlé, motta",nestle,snacks,FRANCE,en:france,"Snacks, Desserts, Snacks sucrés, Surgelés, Desserts glacés, Viennoiseries, Brioches, Panettone",nestle; motta,nestle,motta,True,motta,,top_company_portfolio_matrix_off_brands,high,current primary brand is parent/company token; another OFF brand token needs brand-level review
8000300093087,Perugina Baci Tubo GR. 100,"nestlé, perugina",nestle,snacks,FRANCE,en:france,"Snacks, Snacks sucrés, Confiseries",nestle; perugina,nestle,perugina,True,perugina,,top_company_portfolio_matrix_off_brands,high,current primary brand is parent/company token; another OFF brand token needs brand-level review
8000300093124,Baci,"nestlé, perugina",nestle,snacks,FRANCE|SOUTHERN_EUROPE,en:france|en:italy,"Snacks, Sweet snacks, Confectioneries",nestle; perugina,nestle,perugina,True,perugina,,top_company_portfolio_matrix_off_brands,high,current primary brand is parent/company token; another OFF brand token needs brand-level review
8000300123494,Gran Soffice,"nestlé, motta",nestle,snacks,FRANCE,en:france,"Snack, Snack dolci, en:Sweet pastries and pies, Pasta sfoglia, Brioche",nestle; motta,nestle,motta,True,motta,,top_company_portfolio_matrix_off_brands,high,current primary brand is parent/company token; another OFF brand token needs brand-level review
8000300137965,18 marrons glacés,"nestlé, motta",nestle,snacks,FRANCE,en:france,"Aliments et boissons à base de végétaux, Aliments d'origine végétale, Snacks, Desserts, Snacks sucrés, Confiseries, Surgelés, Fruits à coques et dérivés, Desserts glacés, Confiseries de fruits à coques, Marrons glacés",nestle; motta,nestle,motta,True,motta,,top_company_portfolio_matrix_off_brands,high,current primary brand is parent/company token; another OFF brand token needs brand-level review
8000300139181,Baci Perugina Chocolates Hazelnut,"nestlé, perugina",nestle,snacks,FRANCE,en:france,"Snacks, Sweet snacks, Confectioneries",nestle; perugina,nestle,perugina,True,perugina,,top_company_portfolio_matrix_off_brands,high,current primary brand is parent/company token; another OFF brand token needs brand-level review
8000300164428,Il panettone,"nestlé, motta",nestle,snacks,FRANCE,en:france,"Snacks, Snacks sucrés, Viennoiseries, Brioches, Panettone",nestle; motta,nestle,motta,True,motta,,top_company_portfolio_matrix_off_brands,high,current primary brand is parent/company token; another OFF brand token needs brand-level review
8000300165609,Panettone,"nestlé, motta",nestle,snacks,FRANCE|DACH,en:france|en:switzerland,"Snacks, Desserts, Snacks sucrés, Surgelés, Biscuits et gâteaux, Desserts glacés, Gâteaux, Viennoiseries, Brioches, Panettone",nestle; motta,nestle,motta,True,motta,,top_company_portfolio_matrix_off_brands,high,current primary brand is parent/company token; another OFF brand token needs brand-level review
8000300185812,Nero Fondente Extra 70%,"nestlé,perugina",nestle,snacks,FRANCE|SOUTHERN_EUROPE,en:france|en:italy,"Snacks,Snacks sucrés,Cacao et dérivés,Chocolats,Chocolats noirs,Chocolat noir en tablette extra dégustation à 70% de cacao minimum",nestle; perugina,nestle,perugina,True,perugina,,top_company_portfolio_matrix_off_brands,high,current primary brand is parent/company token; another OFF brand token needs brand-level review
8000300194470,Fondente extra Arancia,"nestlé, perugina",nestle,snacks,FRANCE|SOUTHERN_EUROPE,en:france|en:italy,"Snack, Snack dolci, Cacao e i suoi derivati, Cioccolato, Cioccolato fondente, Cioccolato fondente con arancia",nestle; perugina,nestle,perugina,True,perugina,,top_company_portfolio_matrix_off_brands,high,current primary brand is parent/company token; another OFF brand token needs brand-level review
8000300223491,21 Marrons glacés,"nestlé, motta",nestle,snacks,FRANCE,en:france,"Aliments et boissons à base de végétaux, Aliments d'origine végétale, Snacks, Snacks sucrés, Confiseries, Surgelés, Fruits à coques et dérivés, Confiseries de fruits à coques, Marrons glacés",nestle; motta,nestle,motta,True,motta,,top_company_portfolio_matrix_off_brands,high,current primary brand is parent/company token; another OFF brand token needs brand-level review
8000300223514,12 Marrons glacés,"nestlé, motta",nestle,snacks,FRANCE,en:france,"Aliments et boissons à base de végétaux, Aliments d'origine végétale, Snacks, Snacks sucrés, Confiseries, Fruits à coques et dérivés, Confiseries de fruits à coques, Marrons glacés",nestle; motta,nestle,motta,True,motta,,top_company_portfolio_matrix_off_brands,high,current primary brand is parent/company token; another OFF brand token needs brand-level review
8000300223538,Marron glacé,"nestlé, motta",nestle,snacks,FRANCE,en:france,"Aliments et boissons à base de végétaux, Aliments d'origine végétale, Snacks, Snacks sucrés, Confiseries, Fruits à coques et dérivés, Confiseries de fruits à coques, Marrons glacés",nestle; motta,nestle,motta,True,motta,,top_company_portfolio_matrix_off_brands,high,current primary brand is parent/company token; another OFF brand token needs brand-level review
8000300223552,10 marrons glacés,"nestlé, motta",nestle,snacks,FRANCE,en:france,"Aliments et boissons à base de végétaux, Aliments d'origine végétale, Snacks, Snacks sucrés, Confiseries, Fruits à coques et dérivés, Confiseries de fruits à coques, Marrons glacés",nestle; motta,nestle,motta,True,motta,,top_company_portfolio_matrix_off_brands,high,current primary brand is parent/company token; another OFF brand token needs brand-level review
8000300228212,Marron glacés,"nestlé, motta",nestle,snacks,FRANCE,en:france,"Aliments et boissons à base de végétaux, Aliments d'origine végétale, Snacks, Snacks sucrés, Confiseries, Fruits à coques et dérivés, Confiseries de fruits à coques, Marrons glacés",nestle; motta,nestle,motta,True,motta,,top_company_portfolio_matrix_off_brands,high,current primary brand is parent/company token; another OFF brand token needs brand-level review
8000300231229,Tartufone - Dolce Noir,"nestlé, motta",nestle,snacks,FRANCE|SOUTHERN_EUROPE,en:france|en:italy,"Snack,Snack dolci,Biscotti e torte,en:Sweet pastries and pies,Torta,Pasta sfoglia,Torte al cioccolato,Dolci di Natale",nestle; motta,nestle,motta,True,motta,,top_company_portfolio_matrix_off_brands,high,current primary brand is parent/company token; another OFF brand token needs brand-level review
8000300248623,Kitkat Ball,"nestlé, kitkat",nestle,snacks,FRANCE,en:france,"Snacks, Sweet snacks, Bars, en:chocolate-candies",nestle; kitkat,nestle,kitkat,True,kitkat,Nestlé,top_company_portfolio_matrix_off_brands,high,current primary brand is parent/company token; portfolio brand appears in OFF brands field
8000300253320,CRUNCH Blanc Tablette 2x100g,"nestlé, crunch, crunch blanc",nestle,snacks,FRANCE,en:france|en:tunisia,"Snacks, Snacks sucrés, Cacao et dérivés, Chocolats, Chocolats blancs, Confiseries, Confiseries chocolatées",nestle; crunch; crunch blanc,nestle,crunch,True,crunch,,top_company_portfolio_matrix_off_brands,high,current primary brand is parent/company token; another OFF brand token needs brand-level review
8000300256307,Crunch - Chocolat au lait noisettes,"nestlé, crunch",nestle,snacks,FRANCE|US_CANADA,en:france|en:united-states,"Snacks, Snacks sucrés, Cacao et dérivés, Confiseries, Surgelés, Confiseries chocolatées, Chocolats, Chocolats au lait, Chocolats aux céréales, Chocolats aux noisettes, Chocolats au lait aux noisettes",nestle; crunch,nestle,crunch,True,crunch,,top_company_portfolio_matrix_off_brands,high,current primary brand is parent/company token; another OFF brand token needs brand-level review
8000300264388,,"nestlé, crunch",nestle,snacks,BENELUX|FRANCE|SOUTHERN_EUROPE|DACH,en:belgium|en:france|en:morocco|en:netherlands|en:portugal|en:spain|en:switzerland,"Lanches comida,Lanches doces,Cacau e derivados,Confeitaria,Chocolates,Chocolates de leite,Chocolates com cereais,en:Puffed cereal milk chocolates, Confiseries chocolatées",nestle; crunch,nestle,crunch,True,crunch,,top_company_portfolio_matrix_off_brands,high,current primary brand is parent/company token; another OFF brand token needs brand-level review
8000300265217,9 petits marrons glacés,"nestlé, motta",nestle,snacks,FRANCE,en:france,"Aliments et boissons à base de végétaux, Aliments d'origine végétale, Snacks, Snacks sucrés, Confiseries, Surgelés, Fruits à coques et dérivés, Confiseries de fruits à coques, Marrons glacés",nestle; motta,nestle,motta,True,motta,,top_company_portfolio_matrix_off_brands,high,current primary brand is parent/company token; another OFF brand token needs brand-level review
8000300280951,"KITKAT Ball, Billes au chocolat au Lait, 400g","nestlé, kitkat",nestle,snacks,FRANCE|SOUTHERN_EUROPE,en:france|en:spain,"Snacks, Snacks sucrés, Cacao et dérivés, Confiseries, Barres, Confiseries chocolatées, Bonbons de chocolat, Barres chocolatées",nestle; kitkat,nestle,kitkat,True,kitkat,Nestlé,top_company_portfolio_matrix_off_brands,high,current primary brand is parent/company token; portfolio brand appears in OFF brands field
8000300282320,Crunch,"nestlé, crunch",nestle,snacks,FRANCE,en:france,Chocolats au lait au riz,nestle; crunch,nestle,crunch,True,crunch,,top_company_portfolio_matrix_off_brands,high,current primary brand is parent/company token; another OFF brand token needs brand-level review
8000300287097,CRUNCH Noir Tablette 2x100g,"nestlé, crunch",nestle,snacks,FRANCE,en:france,"Snacks, Snacks sucrés, Cacao et dérivés, Chocolats, Chocolats noirs, Confiseries, Confiseries chocolatées",nestle; crunch,nestle,crunch,True,crunch,,top_company_portfolio_matrix_off_brands,high,current primary brand is parent/company token; another OFF brand token needs brand-level review
8000300288292,"KITKAT Ball, Billes au chocolat Blanc, 250g","nestlé, kitkat",nestle,snacks,FRANCE,en:france,"snacks, fr:barres, barres-chocolatées, barres-chocolatées-biscuitées, fr:bonbons-de-chocolat, cacao-et-dérivés, fr:confiseries, confiseries-chocolatées, snacks-sucrés, en:bonbons",nestle; kitkat,nestle,kitkat,True,kitkat,Nestlé,top_company_portfolio_matrix_off_brands,high,current primary brand is parent/company token; portfolio brand appears in OFF brands field
8000300289251,Kit kat ball,"nestlé, kitkat",nestle,snacks,FRANCE,en:france,"Snacks, Snacks sucrés",nestle; kitkat,nestle,kitkat,True,kitkat,Nestlé,top_company_portfolio_matrix_off_brands,high,current primary brand is parent/company token; portfolio brand appears in OFF brands field
8000300295153,Crunch,"nestlé, crunch",nestle,snacks,FRANCE,en:france,"Snacks,Snacks sucrés,Cacao et dérivés,Chocolats,Chocolats au lait au riz",nestle; crunch,nestle,crunch,True,crunch,,top_company_portfolio_matrix_off_brands,high,current primary brand is parent/company token; another OFF brand token needs brand-level review
8000300300154,Dark Truffles,nestlé,nestle,snacks,FRANCE,en:france|en:world,"Snacks, Snacks sucrés, Cacao et dérivés, Confiseries, Confiseries chocolatées, Bonbons de chocolat, Truffes en chocolat",nestle,nestle,nestle,False,,,no_change,,no more-specific Top 9 portfolio brand detected
8000300300178,Grand Chocolat La Truffe Noir Éclats de Fèves de Cacao,nestlé,nestle,snacks,FRANCE,en:france,"Snacks, Snacks sucrés, Cacao et dérivés, Confiseries, Confiseries chocolatées, Bonbons de chocolat, Truffes en chocolat",nestle,nestle,nestle,False,,,no_change,,no more-specific Top 9 portfolio brand detected
8000300300390,Crunch Noir,nestlé,nestle,snacks,FRANCE,en:france,"Snacks,Snacks sucrés,Cacao et dérivés,Chocolats,Chocolats noirs",nestle,nestle,nestle,False,,,no_change,,no more-specific Top 9 portfolio brand detected
8000300300420,La Truffe LAIT Fondant ultime,nestlé,nestle,snacks,FRANCE,en:france,"Snacks, Snacks sucrés, Cacao et dérivés, Confiseries, Confiseries chocolatées, Bonbons de chocolat, Truffes en chocolat",nestle,nestle,nestle,False,,,no_change,,no more-specific Top 9 portfolio brand detected
8000300300437,NESTLE DESSERT Truffes au chocolat Noir 250g,"nestlé, nestlé dessert, truffes",nestle,snacks,FRANCE,en:france,"Snacks, Snacks sucrés, Cacao et dérivés, Confiseries, Confiseries chocolatées, Bonbons de chocolat, Truffes en chocolat",nestle; nestle dessert; truffes,nestle,dessert,True,nestle dessert,,top_company_portfolio_matrix_off_brands,high,current primary brand is parent/company token; another OFF brand token needs brand-level review
8000300300444,NESTLE DESSERT Truffes au chocolat au Lait 250g,"nestlé, nestle dessert, truffes",nestle,snacks,FRANCE,en:france,"Snacks, Snacks sucrés, Cacao et dérivés, Confiseries, Confiseries chocolatées, Bonbons de chocolat, Truffes en chocolat",nestle; nestle dessert; truffes,nestle,dessert,True,nestle dessert,,top_company_portfolio_matrix_off_brands,high,current primary brand is parent/company token; another OFF brand token needs brand-level review
8000300303612,Pralinen Mit Haselnussfüllung - Baci Con Nocciola,"nestlé, perugina",nestle,snacks,FRANCE,en:france,"Snacks, Snacks sucrés, Confiseries",nestle; perugina,nestle,perugina,True,perugina,,top_company_portfolio_matrix_off_brands,high,current primary brand is parent/company token; another OFF brand token needs brand-level review
8000300312102,CRUNCH (lot de 2),"nestlé,crunch",nestle,snacks,FRANCE,en:france,"Snacks,Snacks sucrés,Cacao et dérivés,Confiseries,Confiseries chocolatées,Chocolats,Chocolats au lait,Chocolats aux céréales,Chocolats au lait aux céréales croustillantes,Chocolats au riz,Chocolats au lait au riz",nestle; crunch,nestle,crunch,True,crunch,,top_company_portfolio_matrix_off_brands,high,current primary brand is parent/company token; another OFF brand token needs brand-level review
8000300313994,Maxibon cookie,"maxibon,nestlé",maxibon,snacks,FRANCE|SOUTHERN_EUROPE,en:france|en:spain,"Botanas,Postres,Snacks dulces,Congelados,Galletas y pasteles,Postres helados,Galletas,Helados y sorbetes,Helado",maxibon; nestle,maxibon,maxibon,False,,,no_change,,no more-specific Top 9 portfolio brand detected
8000300315875,Perugina Baci Maxi Cuore Elegance GR. 129,"nestlé, perugina",nestle,snacks,FRANCE,en:france,"Snacks, Snacks sucrés, Confiseries",nestle; perugina,nestle,perugina,True,perugina,,top_company_portfolio_matrix_off_brands,high,current primary brand is parent/company token; another OFF brand token needs brand-level review
8000300323634,Tablette Baci Perugina Au Lait,"nestlé, perugina",nestle,snacks,FRANCE,en:france,"Snacks, Snacks sucrés, Confiseries",nestle; perugina,nestle,perugina,True,perugina,,top_company_portfolio_matrix_off_brands,high,current primary brand is parent/company token; another OFF brand token needs brand-level review
8000300324532,Milk Chocolate - Premium Chocolate,"nestlé, perugina",nestle,snacks,FRANCE,en:france,"Snacks, Snacks sucrés, Cacao et dérivés, Chocolats, Chocolats au lait, Chocolats au lait extra fin, Chocolats de dégustation",nestle; perugina,nestle,perugina,True,perugina,,top_company_portfolio_matrix_off_brands,high,current primary brand is parent/company token; another OFF brand token needs brand-level review
8000300324655,Baci,"nestlé, perugina",nestle,snacks,FRANCE|SOUTHERN_EUROPE,en:france|en:italy,"Snacks, Sweet snacks, Confectioneries, Candies, en:bonbons",nestle; perugina,nestle,perugina,True,perugina,,top_company_portfolio_matrix_off_brands,high,current primary brand is parent/company token; another OFF brand token needs brand-level review
8000300325362,Bacetti,"nestlé, perugina",nestle,snacks,FRANCE|SOUTHERN_EUROPE,en:france|en:spain,"Snacks, Sweet snacks, Cocoa and its products, Confectioneries, Chocolate candies, Bonbons",nestle; perugina,nestle,perugina,True,perugina,,top_company_portfolio_matrix_off_brands,high,current primary brand is parent/company token; another OFF brand token needs brand-level review
8000300330045,TOP CRUNCH - sachet billes 230g,"nestlé, crunch, crunch top",nestle,snacks,FRANCE,en:france,"Snacks, Snacks sucrés, Cacao et dérivés, Confiseries, Confiseries chocolatées, Bonbons de chocolat, Bonbons",nestle; crunch; crunch top,nestle,crunch,True,crunch,,top_company_portfolio_matrix_off_brands,high,current primary brand is parent/company token; another OFF brand token needs brand-level review
8000300330410,Truffes coeur fondant café,"nestlé, nestlé dessert",nestle,snacks,FRANCE,en:france,"Snacks,Sweet snacks,Cocoa and its products,Confectioneries,Chocolate candies,Bonbons,Chocolate truffles",nestle; nestle dessert,nestle,dessert,True,nestle dessert,,top_company_portfolio_matrix_off_brands,high,current primary brand is parent/company token; another OFF brand token needs brand-level review
8000300330434,La truffe au chocolat à 85 % de cacao,nestlé,nestle,snacks,FRANCE,en:france,"Snacks,Sweet snacks,Cocoa and its products,Confectioneries,Chocolate candies,Bonbons,Chocolate truffles",nestle,nestle,nestle,False,,,no_change,,no more-specific Top 9 portfolio brand detected
8000300335767,Baci Bianco armonioso,"nestlé, perugina",nestle,snacks,FRANCE|SOUTHERN_EUROPE,en:france|en:italy,"Snack, Snack dolci, Dolci",nestle; perugina,nestle,perugina,True,perugina,,top_company_portfolio_matrix_off_brands,high,current primary brand is parent/company token; another OFF brand token needs brand-level review
8000300337693,Baci Perugina Bijou Au Lait,"nestlé, perugina",nestle,snacks,FRANCE,en:france,"Snacks, Snacks sucrés, Confiseries",nestle; perugina,nestle,perugina,True,perugina,,top_company_portfolio_matrix_off_brands,high,current primary brand is parent/company token; another OFF brand token needs brand-level review
8000300342789,Baci® au Lait,"nestlé, perugina",nestle,snacks,FRANCE,en:france,"Snacks, Snacks sucrés, Cacao et dérivés, Confiseries, Confiseries chocolatées, Bonbons de chocolat",nestle; perugina,nestle,perugina,True,perugina,,top_company_portfolio_matrix_off_brands,high,current primary brand is parent/company token; another OFF brand token needs brand-level review
8000300345544,Perugina Baci Milk Chocolate Bag 143G,"nestlé, perugina",nestle,snacks,FRANCE,en:france,"Snacks, Snacks sucrés, Confiseries",nestle; perugina,nestle,perugina,True,perugina,,top_company_portfolio_matrix_off_brands,high,current primary brand is parent/company token; another OFF brand token needs brand-level review
8000300352603,Ovetti di cioccolato gusti assortiti sacchetto,"nestlé, perugina",nestle,snacks,FRANCE,en:france,"Snacks, Sweet snacks, Confectioneries",nestle; perugina,nestle,perugina,True,perugina,,top_company_portfolio_matrix_off_brands,high,current primary brand is parent/company token; another OFF brand token needs brand-level review
8000300353600,Bâtons Galak 40G,"nestlé, galak",nestle,snacks,BENELUX|FRANCE,en:belgium|en:france,"Snacks, Snacks sucrés",nestle; galak,nestle,galak,True,galak,,top_company_portfolio_matrix_off_brands,high,current primary brand is parent/company token; another OFF brand token needs brand-level review
8000300353624,Nestlé Bâtons Galak Spéculoos 36X40G,"nestlé, galak",nestle,snacks,FRANCE,en:france,"Snacks, Snacks sucrés",nestle; galak,nestle,galak,True,galak,,top_company_portfolio_matrix_off_brands,high,current primary brand is parent/company token; another OFF brand token needs brand-level review
8000300353662,Blanc-wit,"nestlé, galak",nestle,snacks,BENELUX|FRANCE,en:belgium|en:france,"Snacks, Snacks sucrés, Cacao et dérivés, Chocolats, Chocolats blancs",nestle; galak,nestle,galak,True,galak,,top_company_portfolio_matrix_off_brands,high,current primary brand is parent/company token; another OFF brand token needs brand-level review
8000300353891,chocolat blanc speculoos,"nestlé, galak",nestle,snacks,BENELUX|FRANCE,en:belgium|en:france,"Snacks, Snacks sucrés, Cacao et dérivés, Chocolats, Chocolats blancs, Chocolats blancs au speculoos",nestle; galak,nestle,galak,True,galak,,top_company_portfolio_matrix_off_brands,high,current primary brand is parent/company token; another OFF brand token needs brand-level review
8000300353952,Galak popri,"nestlé, galak",nestle,snacks,BENELUX|FRANCE,en:belgium|en:france,"Snacks, Snacks sucrés, Cacao et dérivés, Chocolats, Chocolats blancs",nestle; galak,nestle,galak,True,galak,,top_company_portfolio_matrix_off_brands,high,current primary brand is parent/company token; another OFF brand token needs brand-level review
8000300353976,Nestlé Paquets Galak Spéculoos 2X125G X20,"nestlé, galak",nestle,snacks,FRANCE,en:france,"Snacks, Snacks sucrés",nestle; galak,nestle,galak,True,galak,,top_company_portfolio_matrix_off_brands,high,current primary brand is parent/company token; another OFF brand token needs brand-level review
8000300353990,Nestlé Paquets Galak Popri 2X125G X20,"nestlé, galak",nestle,snacks,FRANCE,en:france,"Snacks, Snacks sucrés",nestle; galak,nestle,galak,True,galak,,top_company_portfolio_matrix_off_brands,high,current primary brand is parent/company token; another OFF brand token needs brand-level review
8000300354010,Galak,nestlé,nestle,snacks,BENELUX|FRANCE,en:belgium|en:france,"Snacks, Snacks sucrés, Cacao et dérivés, Chocolats, Chocolats blancs",nestle,nestle,nestle,False,,,no_change,,no more-specific Top 9 portfolio brand detected
8000300354454,Galak PopRi,"nestlé, galak",nestle,snacks,BENELUX|FRANCE,en:belgium|en:france,"Snacks, Snacks sucrés, Cacao et dérivés, Chocolats, Chocolats blancs",nestle; galak,nestle,galak,True,galak,,top_company_portfolio_matrix_off_brands,high,current primary brand is parent/company token; another OFF brand token needs brand-level review
8000300354553,Galak popri,"nestlé, galak",nestle,snacks,BENELUX|FRANCE,en:belgium|en:france,"Snacks, Snacks sucrés, Cacao et dérivés, Chocolats, Chocolats blancs, Chocolat blanc en tablette, Chocolats aux céréales",nestle; galak,nestle,galak,True,galak,,top_company_portfolio_matrix_off_brands,high,current primary brand is parent/company token; another OFF brand token needs brand-level review
8000300354676,Galak,"nestlé, galak",nestle,snacks,FRANCE,en:france,"Snacks, Snacks sucrés",nestle; galak,nestle,galak,True,galak,,top_company_portfolio_matrix_off_brands,high,current primary brand is parent/company token; another OFF brand token needs brand-level review
8000300355079,Maxibon Classic,"nestlé, froneri",nestle,snacks,FRANCE|DACH,en:france|en:switzerland,"Imbiss, Desserts, Süßer Snack, Tiefkühlprodukte, Riegel, Tiefkühl-Desserts, Speiseeis und Sorbets, Speiseeis, en:Chocolate coated ice cream, Eiskrem-Sandwiche",nestle; froneri,nestle,froneri,True,froneri,,top_company_portfolio_matrix_off_brands,high,current primary brand is parent/company token; another OFF brand token needs brand-level review
8000300357608,Bonbons de chocolat à la truffes éclats de fèves de cacao noir,"nestlé, lanvin",nestle,snacks,FRANCE,en:france,"Snacks, Snacks sucrés, Cacao et dérivés, Confiseries, Confiseries chocolatées, Bonbons de chocolat, Truffes en chocolat",nestle; lanvin,nestle,lanvin,True,lanvin,,top_company_portfolio_matrix_off_brands,high,current primary brand is parent/company token; another OFF brand token needs brand-level review
8000300359893,Fondente extra tavoletta di cioccolato fondente extra,"nestlé, perugina",nestle,snacks,FRANCE|SOUTHERN_EUROPE,en:france|en:italy,"Snacks, Snacks sucrés, Cacao et dérivés, Chocolats, Chocolats noirs",nestle; perugina,nestle,perugina,True,perugina,,top_company_portfolio_matrix_off_brands,high,current primary brand is parent/company token; another OFF brand token needs brand-level review
8000300359978,Cioccolato al latte cremoso,"nestlé, perugina",nestle,snacks,FRANCE|SOUTHERN_EUROPE,en:france|en:italy,"Snack, Snack dolci, Cacao e i suoi derivati, Cioccolato, Cioccolato al latte",nestle; perugina,nestle,perugina,True,perugina,,top_company_portfolio_matrix_off_brands,high,current primary brand is parent/company token; another OFF brand token needs brand-level review
8000300359992,Fondente extra tavoletta di cioccolato fondente extra,"nestlé, perugina",nestle,snacks,FRANCE,en:france,en:dark-chocolates,nestle; perugina,nestle,perugina,True,perugina,,top_company_portfolio_matrix_off_brands,high,current primary brand is parent/company token; another OFF brand token needs brand-level review
8000300360066,Perugina Baci Tube,"nestlé, perugina",nestle,snacks,FRANCE,en:france,"Snack, Snack dolci, Dolci",nestle; perugina,nestle,perugina,True,perugina,,top_company_portfolio_matrix_off_brands,high,current primary brand is parent/company token; another OFF brand token needs brand-level review
8000300360400,Inais - Latte Finissimo,"nestlé, perugina",nestle,snacks,FRANCE,en:france,"Snacks, Snacks sucrés, Cacao et dérivés, Chocolats, Chocolats au lait",nestle; perugina,nestle,perugina,True,perugina,,top_company_portfolio_matrix_off_brands,high,current primary brand is parent/company token; another OFF brand token needs brand-level review
8000300362541,Baci,"nestlé,perugina",nestle,snacks,FRANCE,en:france,"Snacks,Sweet snacks,Cocoa and its products,Confectioneries,Chocolate candies,Chocolates with hazelnuts",nestle; perugina,nestle,perugina,True,perugina,,top_company_portfolio_matrix_off_brands,high,current primary brand is parent/company token; another OFF brand token needs brand-level review
8000300362565,BACI,"nestlé, perugina",nestle,snacks,FRANCE,en:france,"Snack, Snack dolci, Dolci",nestle; perugina,nestle,perugina,True,perugina,,top_company_portfolio_matrix_off_brands,high,current primary brand is parent/company token; another OFF brand token needs brand-level review
8000300363104,Galak uovo di cioccolato bianco con sorpresa,"nestlé, galak",nestle,snacks,FRANCE,en:france,"Snacks, Snacks sucrés, Cacao et dérivés, Chocolats",nestle; galak,nestle,galak,True,galak,,top_company_portfolio_matrix_off_brands,high,current primary brand is parent/company token; another OFF brand token needs brand-level review
8000300365016,Fondente Extra Nocciole,"nestlé, perugina",nestle,snacks,FRANCE,en:france,"Snacks, Snacks sucrés, Cacao et dérivés, Chocolats, Chocolats noirs, Chocolats aux noisettes, Chocolats noirs aux noisettes",nestle; perugina,nestle,perugina,True,perugina,,top_company_portfolio_matrix_off_brands,high,current primary brand is parent/company token; another OFF brand token needs brand-level review
8000300365030,Latte Finissimo Nocciole,"nestlé, perugina",nestle,snacks,FRANCE,en:france,"Snacks, Snacks sucrés, Cacao et dérivés, Chocolats, Chocolats au lait, Chocolats aux noisettes, Chocolats au lait aux noisettes",nestle; perugina,nestle,perugina,True,perugina,,top_company_portfolio_matrix_off_brands,high,current primary brand is parent/company token; another OFF brand token needs brand-level review
8000300369830,Gran Blocco 50,"nestlé, perugina",nestle,snacks,FRANCE|SOUTHERN_EUROPE,en:france|en:italy,"Snacks, Sweet snacks, Cocoa and its products, Confectioneries, Chocolate candies, Bars, en:frozen-desserts",nestle; perugina,nestle,perugina,True,perugina,,top_company_portfolio_matrix_off_brands,high,current primary brand is parent/company token; another OFF brand token needs brand-level review
8000300370676,Baci,"nestlé, perugina",nestle,snacks,FRANCE,en:france,"Snacks, Snacks sucrés, Confiseries",nestle; perugina,nestle,perugina,True,perugina,,top_company_portfolio_matrix_off_brands,high,current primary brand is parent/company token; another OFF brand token needs brand-level review
8000300370690,Baci Classico fondente Luisa,"nestlé, perugina",nestle,snacks,FRANCE,en:france,"Snacks, Snacks sucrés, Cacao et dérivés, Confiseries, Confiseries chocolatées, Bonbons de chocolat",nestle; perugina,nestle,perugina,True,perugina,,top_company_portfolio_matrix_off_brands,high,current primary brand is parent/company token; another OFF brand token needs brand-level review
8000300370737,Milkybar galleta,nestlé,nestle,snacks,FRANCE,en:france,"Snacks, Snacks sucrés, Cacao et dérivés, Chocolats",nestle,nestle,milkybar,True,milkybar,Nestlé,top_company_portfolio_matrix_product_name,medium,current primary brand is parent/company token; portfolio brand appears in product name
8000300374865,Baci Perugina chocolat noir,"nestlé,perugina",nestle,snacks,FRANCE,en:france,"Snacks,Sweet snacks,Confectioneries",nestle; perugina,nestle,perugina,True,perugina,,top_company_portfolio_matrix_off_brands,high,current primary brand is parent/company token; another OFF brand token needs brand-level review
8000300375855,La Cremeria,"nestlé, motta",nestle,snacks,FRANCE|SOUTHERN_EUROPE,en:france|en:italy,"Snack, Dessert, Snack dolci, Dolci, Alimenti surgelati, Dessert surgelati, Gelati e sorbetti, Gelato",nestle; motta,nestle,motta,True,motta,,top_company_portfolio_matrix_off_brands,high,current primary brand is parent/company token; another OFF brand token needs brand-level review
8000300377026,P'TIT BISCUIT,nestlé,nestle,snacks,FRANCE,en:france,"Snacks, Snacks sucrés, Biscuits et gâteaux, Biscuits",nestle,nestle,nestle,False,,,no_change,,no more-specific Top 9 portfolio brand detected
8000300379327,Fondente extra nero 70% cacao,"nestlé,perugina",nestle,snacks,FRANCE|SOUTHERN_EUROPE,en:france|en:italy,"Snacks,Snacks sucrés,Cacao et dérivés,Chocolats,Chocolats noirs,Chocolat noir en tablette extra dégustation à 70% de cacao minimum",nestle; perugina,nestle,perugina,True,perugina,,top_company_portfolio_matrix_off_brands,high,current primary brand is parent/company token; another OFF brand token needs brand-level review
8000300379488,Fondente Extra Nero Cristalli allo Zenzero,"nestlé, perugina",nestle,snacks,FRANCE,en:france,"Snacks, Snacks sucrés, Cacao et dérivés, Chocolats, Chocolats noirs",nestle; perugina,nestle,perugina,True,perugina,,top_company_portfolio_matrix_off_brands,high,current primary brand is parent/company token; another OFF brand token needs brand-level review
8000300380064,Assortito cioccolatini assortiti ripieni al gianduia,"nestlé, perugina",nestle,snacks,FRANCE,en:france,"Snacks, Snacks sucrés, Confiseries",nestle; perugina,nestle,perugina,True,perugina,,top_company_portfolio_matrix_off_brands,high,current primary brand is parent/company token; another OFF brand token needs brand-level review
8000300380088,Baci,"nestlé, perugina",nestle,snacks,FRANCE,en:france,"Snacks, Snacks sucrés, Confiseries",nestle; perugina,nestle,perugina,True,perugina,,top_company_portfolio_matrix_off_brands,high,current primary brand is parent/company token; another OFF brand token needs brand-level review
8000300380101,Dessert - Truffes cœur fondant Noir absolu,nestlé,nestle,snacks,FRANCE,en:france,"Snacks, Snacks sucrés, Cacao et dérivés, Confiseries, Confiseries chocolatées, Bonbons de chocolat, Truffes en chocolat",nestle,nestle,nestle,False,,,no_change,,no more-specific Top 9 portfolio brand detected
8000300380415,Fondente Luisa Dark Chocolate 51% cacao,"nestlé, perugina",nestle,snacks,FRANCE,en:france,"Snacks, Sweet snacks, Cocoa and its products, Chocolates, Dark chocolates",nestle; perugina,nestle,perugina,True,perugina,,top_company_portfolio_matrix_off_brands,high,current primary brand is parent/company token; another OFF brand token needs brand-level review
8000300380439,Chocolate con leche y almendras,"nestlé, perugina",nestle,snacks,BENELUX|FRANCE,en:belgium|en:france,"Snacks, Snacks sucrés, Cacao et dérivés, Chocolats, Chocolats au lait, Chocolats aux amandes, Chocolats au lait aux amandes",nestle; perugina,nestle,perugina,True,perugina,,top_company_portfolio_matrix_off_brands,high,current primary brand is parent/company token; another OFF brand token needs brand-level review
8000300380453,Cioccolato al latte con nocciole,"nestlé, perugina",nestle,snacks,FRANCE|SOUTHERN_EUROPE,en:france|en:italy,"Snack, Snack dolci, Cacao e i suoi derivati, Cioccolato, Cioccolato al latte, Cioccolato alle nocciole",nestle; perugina,nestle,perugina,True,perugina,,top_company_portfolio_matrix_off_brands,high,current primary brand is parent/company token; another OFF brand token needs brand-level review
8000300380521,Dark Chocolate,"nestlé,perugina",nestle,snacks,FRANCE,en:france,"Snacks,Snacks sucrés,Cacao et dérivés,Surgelés,Chocolats,Chocolats noirs,Chocolat noir en tablette extra dégustation à 70% de cacao minimum",nestle; perugina,nestle,perugina,True,perugina,,top_company_portfolio_matrix_off_brands,high,current primary brand is parent/company token; another OFF brand token needs brand-level review
8000300382266,Baci clasico,"nestlé, perugina",nestle,snacks,FRANCE,en:france,"Snacks, Snacks sucrés, Cacao et dérivés, Confiseries, Confiseries chocolatées, Bonbons de chocolat",nestle; perugina,nestle,perugina,True,perugina,,top_company_portfolio_matrix_off_brands,high,current primary brand is parent/company token; another OFF brand token needs brand-level review
8000300382709,Baci,"nestlé, perugina",nestle,snacks,FRANCE,en:france,"Snacks, Snacks sucrés, Confiseries",nestle; perugina,nestle,perugina,True,perugina,,top_company_portfolio_matrix_off_brands,high,current primary brand is parent/company token; another OFF brand token needs brand-level review
8000300387605,Bianco cioccolatini ripieni al gianduia e nocciole tubo,"nestlé, perugina",nestle,snacks,FRANCE,en:france,"Snacks, Snacks sucrés, Confiseries",nestle; perugina,nestle,perugina,True,perugina,,top_company_portfolio_matrix_off_brands,high,current primary brand is parent/company token; another OFF brand token needs brand-level review
8000300387711,Baci Nestle peruggina,"nestlé, perugina",nestle,snacks,FRANCE,en:france,"Snacks, Sweet snacks, Cocoa and its products, Confectioneries, Chocolate candies, Bonbons",nestle; perugina,nestle,perugina,True,perugina,,top_company_portfolio_matrix_off_brands,high,current primary brand is parent/company token; another OFF brand token needs brand-level review
8000300387735,Baci,"nestlé, perugina",nestle,snacks,FRANCE,en:france,"Snacks, Snacks sucrés, Confiseries",nestle; perugina,nestle,perugina,True,perugina,,top_company_portfolio_matrix_off_brands,high,current primary brand is parent/company token; another OFF brand token needs brand-level review
8000300387834,Cioccolato al latte cappucino,"nestlé, perugina",nestle,snacks,FRANCE,en:france,"Snacks, Snacks sucrés, Cacao et dérivés, Chocolats, Chocolats au lait",nestle; perugina,nestle,perugina,True,perugina,,top_company_portfolio_matrix_off_brands,high,current primary brand is parent/company token; another OFF brand token needs brand-level review
8000300388572,L'atelier les truffes noisette,nestlé,nestle,snacks,FRANCE,en:france,"Snacks, Snacks sucrés, Cacao et dérivés, Confiseries, Confiseries chocolatées, Bonbons de chocolat, Truffes en chocolat",nestle,nestle,nestle,False,,,no_change,,no more-specific Top 9 portfolio brand detected
8000300388596,Truffes chocolat noir éclats de caramel,nestlé,nestle,snacks,FRANCE,en:france,"Snacks, Snacks sucrés, Cacao et dérivés, Confiseries, Confiseries chocolatées, Bonbons de chocolat, Truffes en chocolat",nestle,nestle,nestle,False,,,no_change,,no more-specific Top 9 portfolio brand detected
8000300388619,TRUFFES Chocolat noir Orange,nestlé,nestle,snacks,FRANCE,en:france,"Snacks, Snacks sucrés, Cacao et dérivés, Confiseries, Confiseries chocolatées, Bonbons de chocolat, Truffes en chocolat",nestle,nestle,nestle,False,,,no_change,,no more-specific Top 9 portfolio brand detected
8000300388633,Les fondants chocolat noir fèves de cacao,nestlé,nestle,snacks,FRANCE,en:france,"Snacks, Snacks sucrés, Cacao et dérivés, Confiseries, Confiseries chocolatées, Bonbons de chocolat, Truffes en chocolat",nestle,nestle,nestle,False,,,no_change,,no more-specific Top 9 portfolio brand detected
8000300388664,NESTLE DESSERT Truffes au chocolat Noir 70% 250g,"nestlé, nestle dessert",nestle,snacks,FRANCE,en:france,"Snacks, Snacks sucrés, Cacao et dérivés, Confiseries, Confiseries chocolatées, Bonbons de chocolat, Truffes en chocolat",nestle; nestle dessert,nestle,dessert,True,nestle dessert,,top_company_portfolio_matrix_off_brands,high,current primary brand is parent/company token; another OFF brand token needs brand-level review
8000300388688,Truffes au chocolat Noir à 85% de cacao,"nestlé, nestlé dessert",nestle,snacks,FRANCE,en:france,"Snacks, Snacks sucrés, Cacao et dérivés, Confiseries, Confiseries chocolatées, Bonbons de chocolat, Truffes en chocolat",nestle; nestle dessert,nestle,dessert,True,nestle dessert,,top_company_portfolio_matrix_off_brands,high,current primary brand is parent/company token; another OFF brand token needs brand-level review
8000300388701,NESTLE DESSERT Truffes au caramel 250G,"nestlé, nestle dessert, truffes",nestle,snacks,FRANCE,en:france,"Snacks, Snacks sucrés, Cacao et dérivés, Confiseries, Confiseries chocolatées, Bonbons de chocolat, Truffes en chocolat",nestle; nestle dessert; truffes,nestle,dessert,True,nestle dessert,,top_company_portfolio_matrix_off_brands,high,current primary brand is parent/company token; another OFF brand token needs brand-level review
8000300389043,Baci,"nestlé, perugina",nestle,snacks,FRANCE,en:france,"Snacks, Snacks sucrés, Cacao et dérivés, Confiseries, Confiseries chocolatées, Bonbons de chocolat",nestle; perugina,nestle,perugina,True,perugina,,top_company_portfolio_matrix_off_brands,high,current primary brand is parent/company token; another OFF brand token needs brand-level review
8000300389067,Baci Dark chocolate,"nestlé, perugina",nestle,snacks,FRANCE,en:australia|en:france,"Snacks, Sweet snacks, Cocoa and its products, Confectioneries, Chocolate candies, Bonbons, en:dark-chocolates",nestle; perugina,nestle,perugina,True,perugina,,top_company_portfolio_matrix_off_brands,high,current primary brand is parent/company token; another OFF brand token needs brand-level review
8000300389234,Nero Mini Cioccolatini Fondenti Extra 70%,"nestlé,perugina",nestle,snacks,FRANCE,en:france,"Snacks,Snacks sucrés,Cacao et dérivés,Chocolats,Chocolats noirs,Chocolat noir en tablette extra dégustation à 70% de cacao minimum",nestle; perugina,nestle,perugina,True,perugina,,top_company_portfolio_matrix_off_brands,high,current primary brand is parent/company token; another OFF brand token needs brand-level review
8000300392142,Cioccolato fondente gusto limone,"nestlé, perugina",nestle,snacks,FRANCE,en:france,"Snacks, Snacks sucrés, Cacao et dérivés, Chocolats, Chocolats noirs, Chocolats aromatisés, Chocolats noirs aromatisés",nestle; perugina,nestle,perugina,True,perugina,,top_company_portfolio_matrix_off_brands,high,current primary brand is parent/company token; another OFF brand token needs brand-level review
8000300392166,Arancia intensa,"nestlé, perugina",nestle,snacks,FRANCE,en:france,"Snacks, Snacks sucrés, Cacao et dérivés, Chocolats, Chocolats noirs, Chocolats noirs à l'orange",nestle; perugina,nestle,perugina,True,perugina,,top_company_portfolio_matrix_off_brands,high,current primary brand is parent/company token; another OFF brand token needs brand-level review
8000300393927,Easter Break,"nestlé, kitkat",nestle,snacks,FRANCE,en:france,"Snacks, Sweet snacks, Cocoa and its products, Chocolates, en:easter-food",nestle; kitkat,nestle,kitkat,True,kitkat,Nestlé,top_company_portfolio_matrix_off_brands,high,current primary brand is parent/company token; portfolio brand appears in OFF brands field
8000300393941,Easter break,"nestlé, kitkat",nestle,snacks,FRANCE,en:france,"Snacks, Snacks sucrés, Aliments festifs, Aliments de Pâques",nestle; kitkat,nestle,kitkat,True,kitkat,Nestlé,top_company_portfolio_matrix_off_brands,high,current primary brand is parent/company token; portfolio brand appears in OFF brands field
8000300394344,baci,"nestlé, perugina",nestle,snacks,FRANCE,en:france,"Snacks, Snacks sucrés, Confiseries",nestle; perugina,nestle,perugina,True,perugina,,top_company_portfolio_matrix_off_brands,high,current primary brand is parent/company token; another OFF brand token needs brand-level review
8000300395648,kikat easter break,"nestlé, kitkat",nestle,snacks,FRANCE,en:france,"Snacks, Snacks sucrés",nestle; kitkat,nestle,kitkat,True,kitkat,Nestlé,top_company_portfolio_matrix_off_brands,high,current primary brand is parent/company token; portfolio brand appears in OFF brands field
8000300395860,Kit Kat Easter Break,"nestlé, kitkat",nestle,snacks,FRANCE,en:france,"Snacks, Snacks sucrés",nestle; kitkat,nestle,kitkat,True,kitkat,Nestlé,top_company_portfolio_matrix_off_brands,high,current primary brand is parent/company token; portfolio brand appears in OFF brands field
8000300400793,Baci Perugina caramel,"nestlé, perugina",nestle,snacks,FRANCE,en:france,"Snacks, Sweet snacks, Confectioneries",nestle; perugina,nestle,perugina,True,perugina,,top_company_portfolio_matrix_off_brands,high,current primary brand is parent/company token; another OFF brand token needs brand-level review
8000300401004,"NESTLE L'ATELIER Lingots Lait Raisins Noisettes 157,5g","nestlé, les recettes de l'atelier bouchees",nestle,snacks,FRANCE,en:france,"Snacks,Snacks sucrés,Cacao et dérivés,Chocolats,Chocolats au lait aux noisettes,Chocolat au lait aux fruits secs",nestle; les recettes de latelier bouchees,nestle,les recettes de latelier bouchees,True,les recettes de latelier bouchees,,top_company_portfolio_matrix_off_brands,high,current primary brand is parent/company token; another OFF brand token needs brand-level review
8000300401196,KITKAT Multipack Père Noël 66g,"nestlé, kitkat",nestle,snacks,FRANCE,en:france,"Snacks, Snacks sucrés, Cacao et dérivés, Confiseries, Confiseries chocolatées, Bonbons de chocolat, Bonbons de chocolat au lait",nestle; kitkat,nestle,kitkat,True,kitkat,Nestlé,top_company_portfolio_matrix_off_brands,high,current primary brand is parent/company token; portfolio brand appears in OFF brands field
8000300401233,Kitkat,"nestlé, kitkat",nestle,snacks,FRANCE,en:france,"Snacks, Snacks sucrés",nestle; kitkat,nestle,kitkat,True,kitkat,Nestlé,top_company_portfolio_matrix_off_brands,high,current primary brand is parent/company token; portfolio brand appears in OFF brands field
8000300401240,Kit kat Christmas break,"nestlé, kitkat",nestle,snacks,FRANCE,en:france,"Snacks, Snacks sucrés, Cacao et dérivés, Confiseries, Barres, Confiseries chocolatées, Barres chocolatées, Barres chocolatées biscuitées",nestle; kitkat,nestle,kitkat,True,kitkat,Nestlé,top_company_portfolio_matrix_off_brands,high,current primary brand is parent/company token; portfolio brand appears in OFF brands field
8000300401530,KitKat Christmas break,"nestlé, kitkat",nestle,snacks,FRANCE,en:france,"Snacks, Snacks sucrés",nestle; kitkat,nestle,kitkat,True,kitkat,Nestlé,top_company_portfolio_matrix_off_brands,high,current primary brand is parent/company token; portfolio brand appears in OFF brands field
8000300401707,,"nestlé, kitkat",nestle,snacks,FRANCE,en:france,"Snacks, Snacks sucrés",nestle; kitkat,nestle,kitkat,True,kitkat,Nestlé,top_company_portfolio_matrix_off_brands,high,current primary brand is parent/company token; portfolio brand appears in OFF brands field
8000300401981,NESTLE DESSERT Truffes orange 250g,nestlé,nestle,snacks,FRANCE,en:france,"Snacks, Snacks sucrés, Cacao et dérivés, Confiseries, Confiseries chocolatées, Bonbons de chocolat, Truffes en chocolat",nestle,nestle,nestle,False,,,no_change,,no more-specific Top 9 portfolio brand detected
8000300402087,NESTLE DESSERT Truffes fèves de cacao 250g,nestle dessert,nestle,snacks,FRANCE,en:france,"Snacks, Snacks sucrés, Cacao et dérivés, Confiseries, Confiseries chocolatées, Bonbons de chocolat, Truffes en chocolat",nestle dessert,nestle,dessert,True,nestle dessert,,top_company_portfolio_matrix_off_brands,high,current primary brand is parent/company token; another OFF brand token needs brand-level review
8000300404425,KITKAT Mini oeufs 90g,"nestlé, kitkat",nestle,snacks,FRANCE,en:france,"Snacks, Snacks sucrés, Cacao et dérivés, Oeufs en chocolat",nestle; kitkat,nestle,kitkat,True,kitkat,Nestlé,top_company_portfolio_matrix_off_brands,high,current primary brand is parent/company token; portfolio brand appears in OFF brands field
8000300404463,AFTER EIGHT Mini oeufs 153g,"nestlé, after eight",nestle,snacks,FRANCE|SOUTHERN_EUROPE,en:france|en:italy,"Cocoa and its products, Festive foods, Frozen foods, Easter food, Chocolate eggs, Easter eggs, en:filled-chocolate-eggs",nestle; after eight,nestle,after eight,True,after eight,,top_company_portfolio_matrix_off_brands,high,current primary brand is parent/company token; another OFF brand token needs brand-level review
8000300404661,SMARTIES Sachet Mini œufs 81G,"null, nestlé, smarties",,snacks,FRANCE,en:france,"Snacks, Snacks sucrés, Cacao et dérivés, Confiseries, Confiseries chocolatées",null; nestle; smarties,,smarties,True,smarties,Nestlé,top_company_portfolio_matrix_off_brands,high,known portfolio brand appears in OFF brands field
8000300404722,O Maiss Christmas break Nestle KitKat * 3x SCORE D,"nestlé, kitkat",nestle,snacks,FRANCE,en:france,"Snacks, Sweet snacks, Bars, en:chocolate-candies",nestle; kitkat,nestle,kitkat,True,kitkat,Nestlé,top_company_portfolio_matrix_off_brands,high,current primary brand is parent/company token; portfolio brand appears in OFF brands field
8000300405118,KITKAT Lapin,"nestlé, kitkat",nestle,snacks,FRANCE,en:france,"Snacks, Snacks sucrés, Aliments festifs, Aliments de Pâques",nestle; kitkat,nestle,kitkat,True,kitkat,Nestlé,top_company_portfolio_matrix_off_brands,high,current primary brand is parent/company token; portfolio brand appears in OFF brands field
8000300407525,KitKat Ramadan Characters,"nestlé, kitkat",nestle,snacks,FRANCE,en:france,"Snacks, Snacks sucrés",nestle; kitkat,nestle,kitkat,True,kitkat,Nestlé,top_company_portfolio_matrix_off_brands,high,current primary brand is parent/company token; portfolio brand appears in OFF brands field
8000300407976,AFTER EIGHT Calendrier,"nestlé, after eight",nestle,snacks,FRANCE,en:france,"Snacks, Snacks sucrés, Cacao et dérivés, Aliments festifs, Aliments et boissons de Noël, Chocolats, Chocolats de Noël, Calendriers de l'avent, Assortiments de chocolats, Calendriers de l'avent en chocolat, Confiseries, Confiseries chocolatées",nestle; after eight,nestle,after eight,True,after eight,,top_company_portfolio_matrix_off_brands,high,current primary brand is parent/company token; another OFF brand token needs brand-level review
8000300407990,Kit Kat Festive Friends,"nestlé, kitkat",nestle,snacks,FRANCE,en:france,"Snacks, Snacks sucrés, Cacao et dérivés, Confiseries, Barres, Confiseries chocolatées, Barres chocolatées",nestle; kitkat,nestle,kitkat,True,kitkat,Nestlé,top_company_portfolio_matrix_off_brands,high,current primary brand is parent/company token; portfolio brand appears in OFF brands field
8000300408010,SMARTIES Mini figurines 65g,"nestlé,smarties",nestle,snacks,FRANCE|DACH,en:france|en:germany|fr:italien,"Snacks,Sweet snacks,Cocoa and its products,Confectioneries,Chocolate candies,fr:Dolci,fr:Snack dolci",nestle; smarties,nestle,smarties,True,smarties,Nestlé,top_company_portfolio_matrix_off_brands,high,current primary brand is parent/company token; portfolio brand appears in OFF brands field
8000300408737,KITKAT Mini figurines 65g,"nestlé, kitkat",nestle,snacks,FRANCE,en:france,"Snacks, Snacks sucrés, Cacao et dérivés, Confiseries, Barres, Confiseries chocolatées, Barres chocolatées, Barres chocolatées biscuitées, Barre chocolatée biscuitée type KitKat",nestle; kitkat,nestle,kitkat,True,kitkat,Nestlé,top_company_portfolio_matrix_off_brands,high,current primary brand is parent/company token; portfolio brand appears in OFF brands field
8000300408829,"GALAK Calendrier de l'Avent 196,8g","nestlé, galak",nestle,snacks,FRANCE,en:france,"Snacks, Snacks sucrés, Aliments festifs, Aliments et boissons de Noël, Calendriers de l'avent, en:Aliments et boissons de Noël, en:Calendriers de l'avent, Cacao et dérivés, Confiseries, Confiseries chocolatées",nestle; galak,nestle,galak,True,galak,,top_company_portfolio_matrix_off_brands,high,current primary brand is parent/company token; another OFF brand token needs brand-level review
8000300408942,GALAK Mini figurines 65g,"nestlé, galak",nestle,snacks,FRANCE,en:france,"Snacks, Snacks sucrés, Cacao et dérivés, Chocolats",nestle; galak,nestle,galak,True,galak,,top_company_portfolio_matrix_off_brands,high,current primary brand is parent/company token; another OFF brand token needs brand-level review
8000300410143,SMARTIES Calendrier de l'avent 223g,"smarties, nestlé",smarties,snacks,FRANCE,en:france,"Aliments festifs, Aliments et boissons de Noël, Calendriers de l'avent, Snacks, Snacks sucrés, Cacao et dérivés, Confiseries, Confiseries chocolatées",smarties; nestle,smarties,smarties,False,,,no_change,,no more-specific Top 9 portfolio brand detected
8000300410464,"KITKAT Calendrier de l'avent 209,6g","nestlé, kitkat",nestle,snacks,FRANCE,en:france|en:serbia,"Snacks, Snacks sucrés, Aliments festifs, Surgelés, Aliments et boissons de Noël, Calendriers de l'avent, Cacao et dérivés, Confiseries, Confiseries chocolatées",nestle; kitkat,nestle,kitkat,True,kitkat,Nestlé,top_company_portfolio_matrix_off_brands,high,current primary brand is parent/company token; portfolio brand appears in OFF brands field
8000300413915,"NESTLE LES RECETTES DE L'ATELIER - Lingots Chocolat noir myrtilles amandes noisettes - 152,6g","nestlé, les recettes de l'atelier",nestle,snacks,FRANCE,en:france,"Snacks, Snacks sucrés, Cacao et dérivés, Confiseries, Confiseries chocolatées, Chocolats, Chocolats noirs, Chocolats aux amandes, Chocolats noirs aux amandes",nestle; les recettes de latelier,nestle,les recettes de latelier,True,les recettes de latelier,,top_company_portfolio_matrix_off_brands,high,current primary brand is parent/company token; another OFF brand token needs brand-level review
8000300417265,Crema baci perugina,"nestlé, perugina",nestle,snacks,FRANCE,en:france,"Snacks, Snacks sucrés, Confiseries",nestle; perugina,nestle,perugina,True,perugina,,top_company_portfolio_matrix_off_brands,high,current primary brand is parent/company token; another OFF brand token needs brand-level review
8000300417548,Biscuits,"nestlé, nestlé p'tit, p'tit biscuit",nestle,snacks,FRANCE,en:france,"Snacks, Snacks sucrés, Surgelés, Aliments pour bébé, Biscuits et gâteaux, Biscuits, Goûters et desserts pour bébé, Biscuits pour bébé",nestle; nestle ptit; ptit biscuit,nestle,ptit,True,nestle ptit,,top_company_portfolio_matrix_off_brands,high,current primary brand is parent/company token; another OFF brand token needs brand-level review
8000300418750,Nestlé mini œufs lait,"nestlé, mini eggs",nestle,snacks,FRANCE,en:france,"Snacks, Sweet snacks, Cocoa and its products, Confectioneries, Chocolate candies, Bonbons, Chocolate eggs, Filled chocolate eggs, en:easter-eggs",nestle; mini eggs,nestle,mini eggs,True,mini eggs,,top_company_portfolio_matrix_off_brands,high,current primary brand is parent/company token; another OFF brand token needs brand-level review
8000300418774,Nestlé mini œufs noir,"nestlé, mini eggs",nestle,snacks,FRANCE,en:france,"Snacks, Sweet snacks, Cocoa and its products, Confectioneries, Chocolate candies, Bonbons, Chocolate eggs, en:chocolates",nestle; mini eggs,nestle,mini eggs,True,mini eggs,,top_company_portfolio_matrix_off_brands,high,current primary brand is parent/company token; another OFF brand token needs brand-level review
8000300423525,Galak mini figurines,"nestlé, galak",nestle,snacks,FRANCE,en:france,"Snacks, Snacks sucrés, Confiseries, Cacao et dérivés, Confiseries chocolatées, Chocolats",nestle; galak,nestle,galak,True,galak,,top_company_portfolio_matrix_off_brands,high,current primary brand is parent/company token; another OFF brand token needs brand-level review
8000300423853,KITKAT mini père noël 1kg,"nestlé, kitkat",nestle,snacks,FRANCE,en:france,"Snacks, Snacks sucrés, Cacao et dérivés, Confiseries, Confiseries chocolatées",nestle; kitkat,nestle,kitkat,True,kitkat,Nestlé,top_company_portfolio_matrix_off_brands,high,current primary brand is parent/company token; portfolio brand appears in OFF brands field
8000300424003,NESTLE L'ATELIER calendrier de l'avent 279g,"nestlé, les recettes de l'atelier",nestle,snacks,FRANCE,en:france,"Aliments festifs,Aliments et boissons de Noël,Calendriers de l'avent,chocolat,Bonbons de chocolat au lait",nestle; les recettes de latelier,nestle,les recettes de latelier,True,les recettes de latelier,,top_company_portfolio_matrix_off_brands,high,current primary brand is parent/company token; another OFF brand token needs brand-level review
8000300424010,KITKAT Mini figurines,"kitkat, nestlé",kitkat,snacks,FRANCE,en:france,"Snacks,Snacks sucrés,Cacao et dérivés,Confiseries,Confiseries chocolatées,Bonbons de chocolat au lait, Chocolats",kitkat; nestle,kitkat,kitkat,False,,,no_change,,no more-specific Top 9 portfolio brand detected
8000300424058,SMARTIES Mini figurines,"nestlé, smarties",nestle,snacks,FRANCE,en:france,"Snacks, Snacks sucrés, Cacao et dérivés, Confiseries, Confiseries chocolatées, Bonbons de chocolat, Chocolats",nestle; smarties,nestle,smarties,True,smarties,Nestlé,top_company_portfolio_matrix_off_brands,high,current primary brand is parent/company token; portfolio brand appears in OFF brands field
8000300424287,CRUNCH calendrier de l'Avent,"nestlé, crunch",nestle,snacks,FRANCE,en:france,"Aliments festifs, Aliments et boissons de Noël, Calendriers de l'avent, Snacks, Snacks sucrés, Cacao et dérivés, Confiseries, Confiseries chocolatées",nestle; crunch,nestle,crunch,True,crunch,,top_company_portfolio_matrix_off_brands,high,current primary brand is parent/company token; another OFF brand token needs brand-level review
8000300424300,CRUNCH mini figurines 144g,"nestle nutrition, nestlé, crunch",nestle,snacks,FRANCE|SOUTHERN_EUROPE,en:france|en:italy,"en:confectioneries, Cacao et dérivés, Confiseries chocolatées, Chocolats",nestle nutrition; nestle; crunch,nestle,nutrition,True,nestle nutrition,,top_company_portfolio_matrix_off_brands,high,current primary brand is parent/company token; another OFF brand token needs brand-level review
8000300424836,SMARTIES mini figurines 65g,"nestlé, smarties",nestle,snacks,FRANCE,en:france,"Snacks, Snacks sucrés, Cacao et dérivés, Confiseries, Confiseries chocolatées",nestle; smarties,nestle,smarties,True,smarties,Nestlé,top_company_portfolio_matrix_off_brands,high,current primary brand is parent/company token; portfolio brand appears in OFF brands field
8000300424850,KITKAT mini figurines 65g,"kit kat, nestlé, kitkat",kit kat,snacks,FRANCE|SOUTHERN_EUROPE,en:france|en:italy,"Snacks, Snacks sucrés, Cacao et dérivés, Confiseries, Confiseries chocolatées",kit kat; nestle; kitkat,kit kat,kitkat,True,kitkat,Nestlé,top_company_portfolio_matrix_off_brands,high,known portfolio brand appears in OFF brands field
8000300426175,SMARTIES Mini œufs 153g,"smarties, nestlé",smarties,snacks,FRANCE,en:france,"Cocoa and its products, Festive foods, Easter food, Chocolate eggs, Easter eggs, en:confectioneries, Confiseries chocolatées",smarties; nestle,smarties,smarties,False,,,no_change,,no more-specific Top 9 portfolio brand detected
8000300426212,CRUNCH Mini œufs 152g,"crunch, nestlé",crunch,snacks,FRANCE,en:france,Bonbons de chocolat au lait,crunch; nestle,crunch,crunch,False,,,no_change,,no more-specific Top 9 portfolio brand detected
8000300428599,GALAK mini figurines 65g,"nestlé, galak",nestle,snacks,FRANCE,en:france,"Snacks, Snacks sucrés, Cacao et dérivés, Confiseries, Confiseries chocolatées",nestle; galak,nestle,galak,True,galak,,top_company_portfolio_matrix_off_brands,high,current primary brand is parent/company token; another OFF brand token needs brand-level review
8000300435313,"KITKAT Ball, Billes au chocolat Blanc, 200g","nestlé, kit kat ball",nestle,snacks,FRANCE,en:france,"Snacks, Snacks sucrés, Cacao et dérivés, Confiseries, Confiseries chocolatées",nestle; kit kat ball,nestle,kit kat ball,True,kit kat ball,,top_company_portfolio_matrix_off_brands,high,current primary brand is parent/company token; another OFF brand token needs brand-level review
8000300435542,KITKAT BALL Chocolat blanc 100g,"nestlé, kit kat ball",nestle,snacks,FRANCE,en:france,"Snacks, Snacks sucrés, Cacao et dérivés, Confiseries, Confiseries chocolatées",nestle; kit kat ball,nestle,kit kat ball,True,kit kat ball,,top_company_portfolio_matrix_off_brands,high,current primary brand is parent/company token; another OFF brand token needs brand-level review
8000300435566,Billes chocolat au lait,"nestlé, kit kat ball",nestle,snacks,FRANCE,en:france,"Snacks, Snacks sucrés, Cacao et dérivés, Confiseries, Confiseries chocolatées",nestle; kit kat ball,nestle,kit kat ball,True,kit kat ball,,top_company_portfolio_matrix_off_brands,high,current primary brand is parent/company token; another OFF brand token needs brand-level review
8000300439670,KITKAT Mini Œufs 151g,"kitkat, nestlé, kit kat mini eggs",kitkat,snacks,FRANCE,en:france,"Œufs de Pâques,Bonbons de chocolat au lait",kitkat; nestle; kit kat mini eggs,kitkat,kitkat,False,,,no_change,,no more-specific Top 9 portfolio brand detected
8000300439755,Galak Mini Œufs 152 grs,"nestlé, galak mini eggs",nestle,snacks,FRANCE,en:france,"Snacks, Sweet snacks, Cocoa and its products, Confectioneries, Chocolate candies, en:easter-eggs",nestle; galak mini eggs,nestle,galak mini eggs,True,galak mini eggs,,top_company_portfolio_matrix_off_brands,high,current primary brand is parent/company token; another OFF brand token needs brand-level review
8000300440140,KitKat F1,"nestlé, kit kat icon",nestle,snacks,FRANCE,en:france,"Snacks, Snacks sucrés, Cacao et dérivés, Confiseries, Confiseries chocolatées",nestle; kit kat icon,nestle,kit kat icon,True,kit kat icon,,top_company_portfolio_matrix_off_brands,high,current primary brand is parent/company token; another OFF brand token needs brand-level review
8000300442977,Les recettes de l'atelier calendrier de l'avent,"nestlé, les recettes de l'atelier",nestle,snacks,FRANCE,en:france,"Snacks, Snacks sucrés, Cacao et dérivés, Confiseries, Confiseries chocolatées",nestle; les recettes de latelier,nestle,les recettes de latelier,True,les recettes de latelier,,top_company_portfolio_matrix_off_brands,high,current primary brand is parent/company token; another OFF brand token needs brand-level review
8000550501950,Galak,nestlé,nestle,snacks,FRANCE|SOUTHERN_EUROPE,en:france|en:italy,"Snack, Snack dolci, Cacao e i suoi derivati, Cioccolato, Cioccolati bianchi",nestle,nestle,nestle,False,,,no_change,,no more-specific Top 9 portfolio brand detected
8002270406584,Sanbitter Emozioni,"nestlé, san pellegrino",nestle,snacks,FRANCE|SOUTHERN_EUROPE,en:france|en:spain,"Boissons, Snacks, Snacks salés, Amuse-gueules",nestle; san pellegrino,nestle,san pellegrino,True,san pellegrino,Nestlé,top_company_portfolio_matrix_off_brands,high,current primary brand is parent/company token; portfolio brand appears in OFF brands field
8005420550922,Nesquik Schnitten,nestlé,nestle,snacks,DACH|FRANCE|SOUTHERN_EUROPE|UK_IE,en:austria|en:france|en:germany|en:spain|en:switzerland|en:united-kingdom,"Snacks, Sweet snacks, Biscuits and cakes, Confectioneries, Cakes, en:biscuits",nestle,nestle,nesquik,True,nesquik,Nestlé,top_company_portfolio_matrix_product_name,medium,current primary brand is parent/company token; portfolio brand appears in product name
8033629400588,Nesquik Snack Kakao,nestlé,nestle,snacks,FRANCE|DACH,en:france|en:germany,"Imbiss, Süßer Snack, Kekse und Kuchen, en:Biscuits and crackers, Kekse, Kuchen",nestle,nestle,nesquik,True,nesquik,Nestlé,top_company_portfolio_matrix_product_name,medium,current primary brand is parent/company token; portfolio brand appears in product name
8033629400700,Nestlé Nesquik Snack Cacao kakao,nestlé,nestle,snacks,FRANCE|DACH|SOUTHERN_EUROPE,en:france|en:germany|en:italy,"Snack, Dessert, Snack dolci, Biscotti e torte",nestle,nestle,nesquik,True,nesquik,Nestlé,top_company_portfolio_matrix_product_name,medium,current primary brand is parent/company token; portfolio brand appears in product name
8033629400717,Nesquick Snack,nestlé,nestle,snacks,FRANCE|DACH,en:france|en:germany,"Imbiss, Süßer Snack",nestle,nestle,nestle,False,,,no_change,,no more-specific Top 9 portfolio brand detected
8033629409857,Lindahls coco,nestlé,nestle,snacks,FRANCE,en:france,Sweet snacks,nestle,nestle,nestle,False,,,no_change,,no more-specific Top 9 portfolio brand detected
8033629409864,Lindahls pro +,nestlé lindahls pro,nestle,snacks,FRANCE|SOUTHERN_EUROPE,en:france|en:italy,barre au chocolat,nestle lindahls pro,nestle,lindahls pro,True,nestle lindahls pro,,top_company_portfolio_matrix_off_brands,high,current primary brand is parent/company token; another OFF brand token needs brand-level review
8131861540410,Extreme Mini,nestlé,nestle,snacks,FRANCE,en:france,"Snacks, Desserts, Snacks sucrés, Surgelés, Biscuits et gâteaux, Desserts glacés, Glaces et sorbets, Glaces, Cône pour glace",nestle,nestle,extreme,True,extreme,Nestlé,top_company_portfolio_matrix_product_name,medium,current primary brand is parent/company token; portfolio brand appears in product name
82267223,"Code-barres inexistant et/ou fiche incomplète, obsolète ou en doublon",nestlé,nestle,snacks,FRANCE,en:france,"Beverages and beverages preparations,Snacks,Sweet snacks,Cocoa and its products,Beverage preparations,Biscuits and cakes,Biscuits,Cocoa and chocolate powders,Instant beverages,Shortbread cookies,Chocolate powders,Shortbread cookie with cocoa",nestle,nestle,nestle,False,,,no_change,,no more-specific Top 9 portfolio brand detected
83053310030345,Kitkat ball,nestlé,nestle,snacks,FRANCE,en:france,"Snacks, Snacks sucrés, Cacao et dérivés, Confiseries, Barres, Confiseries chocolatées, Barres chocolatées, Barres chocolatées biscuitées, Barre chocolatée biscuitée type KitKat",nestle,nestle,kitkat,True,kitkat,Nestlé,top_company_portfolio_matrix_product_name,medium,current primary brand is parent/company token; portfolio brand appears in product name
83053310034886,Kup à partager,nestlé,nestle,snacks,FRANCE,en:france,"Snacks, Sweet snacks, Confectioneries",nestle,nestle,nestle,False,,,no_change,,no more-specific Top 9 portfolio brand detected
8410100012759,Animal Bar Milk Chocolate Bar,nestlé,nestle,snacks,FRANCE,en:france,"Snacks, Sweet snacks, Cocoa and its products, Chocolates, Milk chocolates",nestle,nestle,nestle,False,,,no_change,,no more-specific Top 9 portfolio brand detected
8410100025131,Cacao en polvo Nesquik,"nestlé, nesquik",nestle,snacks,FRANCE|SOUTHERN_EUROPE,en:andorra|en:france|en:spain,"Beverages and beverages preparations, Beverages, Snacks, Breakfasts, Sweet snacks, Cocoa and its products, Hot beverages, Beverage preparations, Cocoa and chocolate powders, Instant beverages, Instant chocolate powders, Sweetened beverages, en:cocoa-powders",nestle; nesquik,nestle,nesquik,True,nesquik,Nestlé,top_company_portfolio_matrix_off_brands,high,current primary brand is parent/company token; portfolio brand appears in OFF brands field
8410100030883,Chocolate negro sin azúcar,nestlé,nestle,snacks,FRANCE|SOUTHERN_EUROPE,en:france|en:spain,"Botanas, Snacks dulces, Cacao y sus productos, Chocolates, Chocolates con edulcorantes, Chocolates negros, Chocolates negros con edulcorantes",nestle,nestle,nestle,False,,,no_change,,no more-specific Top 9 portfolio brand detected
8410100030890,Chocolate con leche sin azúcares,nestlé,nestle,snacks,FRANCE|SOUTHERN_EUROPE,en:france|en:spain,"Botanas, Snacks dulces, Cacao y sus productos, Chocolates, Chocolates con edulcorantes, Chocolates con leche, en:Milk chocolates with sweeteners",nestle,nestle,nestle,False,,,no_change,,no more-specific Top 9 portfolio brand detected
8410100034348,Chocolate con leche extrafino pasión de almendras,nestlé,nestle,snacks,FRANCE|SOUTHERN_EUROPE,en:france|en:spain,"Botanas, Snacks dulces, Cacao y sus productos, Chocolates, Chocolates con almendras",nestle,nestle,nestle,False,,,no_change,,no more-specific Top 9 portfolio brand detected
8410100036601,Dolca Chocolate Con Leche,nestlé,nestle,snacks,FRANCE|SOUTHERN_EUROPE,en:france|en:spain,"Snacks, Snacks sucrés, Cacao et dérivés, Chocolats, Chocolats au lait",nestle,nestle,nestle,False,,,no_change,,no more-specific Top 9 portfolio brand detected
8410100071350,Pâte d'amande - Grand Chocolat noir,"nestlé, nestlé grand chocolat",nestle,snacks,FRANCE,en:france,"Snacks, Snacks sucrés, Cacao et dérivés, Chocolats, Chocolats noirs, Chocolats fourrés, Chocolats fourrés à la pâte d'amande, Chocolats noirs extra fin, Chocolats noirs fourrés, Chocolats noirs fourrés à la pâte d'amande",nestle; nestle grand chocolat,nestle,grand chocolat,True,nestle grand chocolat,,top_company_portfolio_matrix_off_brands,high,current primary brand is parent/company token; another OFF brand token needs brand-level review
8435257019307,Delicias Turrón La Lechera 2 Ud De,nestlé,nestle,snacks,FRANCE,en:france,"Snacks, Snacks sucrés, Confiseries, Aliments festifs, Aliments et boissons de Noël, Confiseries de Noël, Touron",nestle,nestle,la lechera,True,la lechera,Nestlé,top_company_portfolio_matrix_product_name,medium,current primary brand is parent/company token; portfolio brand appears in product name
8436575291604,Smarties pop up choco,nestlé,nestle,snacks,FRANCE,en:france,"Snacks, Sweet snacks, Confectioneries, en:ice-creams",nestle,nestle,smarties,True,smarties,Nestlé,top_company_portfolio_matrix_product_name,medium,current primary brand is parent/company token; portfolio brand appears in product name
8445290057198,NESTLE DESSERT Préparation pour Muffins Pepites Chocolat 279g,"nestlé, dessert",nestle,snacks,FRANCE,en:france,"Snacks, Snacks sucrés, Biscuits et gâteaux, Gâteaux, Aides culinaires, Pâtisseries, Aides à la pâtisserie, en:Baking Mixes, Gâteaux au chocolat, Préparations pour desserts, Préparations pour gâteaux",nestle; dessert,nestle,dessert,True,dessert,,top_company_portfolio_matrix_off_brands,high,current primary brand is parent/company token; another OFF brand token needs brand-level review
8445290117700,NESTLE P'TITE CEREALE 5 Céréales Saveur Biscuit 415g,"nestlé, p'tite cereale",nestle,snacks,FRANCE,en:france,en:cereals-for-babies,nestle; ptite cereale,nestle,ptite cereale,True,ptite cereale,,top_company_portfolio_matrix_off_brands,high,current primary brand is parent/company token; another OFF brand token needs brand-level review
8445290117731,P'TITE CEREALE Chocolat au lait saveur biscuit - Dès 12 mois,"nestlé, nesltle, p'tite cereale",nestle,snacks,FRANCE,en:france,"Baby foods, en:cereals-for-babies",nestle; nesltle; ptite cereale,nestle,nesltle,True,nesltle,,top_company_portfolio_matrix_off_brands,high,current primary brand is parent/company token; another OFF brand token needs brand-level review
8445290117823,P'TITE CEREALE 5 Céréales Saveur Noisette Biscuit-415g-Dès 12 mois,"nestlé, nestlé p'tite céréale, p'tite cereale",nestle,snacks,FRANCE,en:france,"Aliments pour bébé, Dès 12 mois, Céréales pour bébé",nestle; nestle ptite cereale; ptite cereale,nestle,ptite cereale,True,nestle ptite cereale,,top_company_portfolio_matrix_off_brands,high,current primary brand is parent/company token; another OFF brand token needs brand-level review
8445290146434,Quality Street,nestlé,nestle,snacks,BENELUX|FRANCE|UK_IE,en:belgium|en:france|en:morocco|en:united-kingdom,"Snacks,Sweet snacks,Cocoa and its products,Confectioneries,Chocolate candies,Bonbons,Assorted chocolate candies,Chocolate confectionery",nestle,nestle,quality street,True,quality street,Nestlé,top_company_portfolio_matrix_product_name,medium,current primary brand is parent/company token; portfolio brand appears in product name
8445290160324,Minis,nestlé,nestle,snacks,FRANCE,en:france,"Snacks, Snacks sucrés, Cacao et dérivés, Confiseries, Confiseries chocolatées",nestle,nestle,nestle,False,,,no_change,,no more-specific Top 9 portfolio brand detected
8445290188564,Dark chocolate 70% cocoa,nestlé,nestle,snacks,FRANCE,en:france,"Snacks, Snacks sucrés, Cacao et dérivés, Chocolats, Chocolats noirs",nestle,nestle,nestle,False,,,no_change,,no more-specific Top 9 portfolio brand detected
8445290188809,LANVIN Mini Escargots TRIO Lait Blanc Noir,"nestlé, lanvin l'escargot",nestle,snacks,FRANCE,en:france,"Snacks,Snacks sucrés,Cacao et dérivés,Confiseries,Confiseries chocolatées,Bonbons de chocolat,Chocolats fourrés au praliné,Chocolats noirs",nestle; lanvin lescargot,nestle,lanvin lescargot,True,lanvin lescargot,,top_company_portfolio_matrix_off_brands,high,current primary brand is parent/company token; another OFF brand token needs brand-level review
8445290191731,LANVIN L'escargot Lait Blanc Noir AMANDE,"nestlé, lanvin",nestle,snacks,FRANCE,en:france,"Snacks, Snacks sucrés, Cacao et dérivés, Confiseries, Confiseries chocolatées, Bonbons de chocolat",nestle; lanvin,nestle,lanvin,True,lanvin,,top_company_portfolio_matrix_off_brands,high,current primary brand is parent/company token; another OFF brand token needs brand-level review
8445290230317,NESTLE L'ATELIER LES BOUCHÉES chocolat au lait éclats de noisettes 262g,"nestlé, les recettes de l'atelier",nestle,snacks,FRANCE,en:france,"Snacks, Snacks sucrés, Cacao et dérivés, Confiseries, Confiseries chocolatées, Bonbons de chocolat, Chocolats",nestle; les recettes de latelier,nestle,les recettes de latelier,True,les recettes de latelier,,top_company_portfolio_matrix_off_brands,high,current primary brand is parent/company token; another OFF brand token needs brand-level review
8445290232403,NESTLE L'ATELIER LES BOUCHÉES Noir Éclats de fève de cacao 262g,"null, nestlé, les recettes de l'atelier",,snacks,FRANCE,en:france,"Snacks, Snacks sucrés, Cacao et dérivés, Confiseries, Confiseries chocolatées",null; nestle; les recettes de latelier,,,False,,,no_change,,no more-specific Top 9 portfolio brand detected
8445290232632,NESTLE L'ATELIER LES BOUCHÉES Noir caramel,"nestlé, les recettes de l'atelier bouchees",nestle,snacks,FRANCE,en:france,"Snacks, Sweet snacks, Cocoa and its products, Confectioneries, Chocolate candies, en:chocolates",nestle; les recettes de latelier bouchees,nestle,les recettes de latelier bouchees,True,les recettes de latelier bouchees,,top_company_portfolio_matrix_off_brands,high,current primary brand is parent/company token; another OFF brand token needs brand-level review
8445290238566,Lanvin l'escargot lait,"nestlé, lanvin",nestle,snacks,FRANCE,en:france,"Snacks, Snacks sucrés, Cacao et dérivés, Confiseries, Confiseries chocolatées, Bonbons de chocolat, Bonbons de chocolat au lait",nestle; lanvin,nestle,lanvin,True,lanvin,,top_company_portfolio_matrix_off_brands,high,current primary brand is parent/company token; another OFF brand token needs brand-level review
8445290244413,Lanvin l'escargot blanc,"nestlé, lanvin",nestle,snacks,FRANCE,en:france,"Snacks, Snacks sucrés, Cacao et dérivés, Confiseries, Confiseries chocolatées, Bonbons de chocolat",nestle; lanvin,nestle,lanvin,True,lanvin,,top_company_portfolio_matrix_off_brands,high,current primary brand is parent/company token; another OFF brand token needs brand-level review
8445290244475,Escargot de Lanvin,"nestlé, l'escargot, lanvin",nestle,snacks,FRANCE,en:france,"Snacks, Sweet snacks, Cocoa and its products, Confectioneries, Chocolate candies, Chocolates, Dark chocolates, Filled chocolates, Chocolate filled with praline, en:bonbons",nestle; lescargot; lanvin,nestle,lescargot,True,lescargot,,top_company_portfolio_matrix_off_brands,high,current primary brand is parent/company token; another OFF brand token needs brand-level review
8445290246370,Lanvin escargot lait cœur praliné amande,"nestlé, l'escargot, lanvin",nestle,snacks,FRANCE,en:france,"Snacks, Snacks sucrés, Cacao et dérivés, Confiseries, Confiseries chocolatées, Bonbons de chocolat, Bonbons de chocolat au lait",nestle; lescargot; lanvin,nestle,lescargot,True,lescargot,,top_company_portfolio_matrix_off_brands,high,current primary brand is parent/company token; another OFF brand token needs brand-level review
8445290248220,Lanvin l'escargot noir framboise,"nestlé, lanvin",nestle,snacks,FRANCE,en:france,"Snacks,Snacks sucrés,Cacao et dérivés,Confiseries,Surgelés,Confiseries chocolatées,Bonbons de chocolat,Chocolats noirs,Chocolats fourrés au praliné",nestle; lanvin,nestle,lanvin,True,lanvin,,top_company_portfolio_matrix_off_brands,high,current primary brand is parent/company token; another OFF brand token needs brand-level review
8445290252012,Nestle l'atelier les bouchées mix,"nestlé, les recettes de l'atelier",nestle,snacks,FRANCE,en:france,"Snacks, Snacks sucrés, Cacao et dérivés, Confiseries, Confiseries chocolatées, Bonbons de chocolat",nestle; les recettes de latelier,nestle,les recettes de latelier,True,les recettes de latelier,,top_company_portfolio_matrix_off_brands,high,current primary brand is parent/company token; another OFF brand token needs brand-level review
8445290253163,Lanvin l'escargot noir,"nestlé, l'escargot, lanvin",nestle,snacks,FRANCE,en:france,"Snacks,Snacks sucrés,Cacao et dérivés,Confiseries,Surgelés,Confiseries chocolatées,Bonbons de chocolat,Chocolats fourrés au praliné,Chocolats noirs",nestle; lescargot; lanvin,nestle,lescargot,True,lescargot,,top_company_portfolio_matrix_off_brands,high,current primary brand is parent/company token; another OFF brand token needs brand-level review
8445290254641,petit gourmand biscuit,nestlé,nestle,snacks,FRANCE,en:france,"Snacks, Snacks sucrés, Biscuits et gâteaux, Biscuits",nestle,nestle,nestle,False,,,no_change,,no more-specific Top 9 portfolio brand detected
8445290255594,Lanvin l'escargot lait,"nestlé, l'escargot, lanvin",nestle,snacks,FRANCE,en:france,"Snacks, Snacks sucrés, Cacao et dérivés, Confiseries, Confiseries chocolatées, Bonbons de chocolat",nestle; lescargot; lanvin,nestle,lescargot,True,lescargot,,top_company_portfolio_matrix_off_brands,high,current primary brand is parent/company token; another OFF brand token needs brand-level review
8445290265500,NESTLE NATURNES BIO Eco-poche Pomme - 1kg - Dès 4 mois,"nestlé, naturnes bio",nestle,snacks,FRANCE,en:france,fr:compotes-pour-bebe,nestle; naturnes bio,nestle,naturnes bio,True,naturnes bio,,top_company_portfolio_matrix_off_brands,high,current primary brand is parent/company token; another OFF brand token needs brand-level review
8445290287113,After eight cerise,"nestlé, after eight",nestle,snacks,FRANCE,en:france,"Snacks, Snacks sucrés, Cacao et dérivés, Confiseries, Confiseries chocolatées",nestle; after eight,nestle,after eight,True,after eight,,top_company_portfolio_matrix_off_brands,high,current primary brand is parent/company token; another OFF brand token needs brand-level review
8445290334510,Kit Kat vegan,"nestlé, kit kat, kitkat",nestle,snacks,FRANCE|DACH,en:france|en:germany,"Snacks, Snacks sucrés, Cacao et dérivés, Confiseries, Barres, Biscuits et gâteaux, Confiseries chocolatées, Biscuits, Gaufrettes, Barres chocolatées, Barres chocolatées biscuitées, Barre chocolatée biscuitée type KitKat",nestle; kit kat; kitkat,nestle,kitkat,True,kitkat,Nestlé,top_company_portfolio_matrix_off_brands,high,current primary brand is parent/company token; portfolio brand appears in OFF brands field
8445290437730,KITKAT Vegan Wrapper 41.5g,"nestlé, kitkat, kit kat",nestle,snacks,FRANCE,en:france,"Snacks, Snacks sucrés, Cacao et dérivés, Confiseries, Barres, Confiseries chocolatées, Barres chocolatées, Barres chocolatées biscuitées, Barre chocolatée biscuitée type KitKat",nestle; kitkat; kit kat,nestle,kitkat,True,kitkat,Nestlé,top_company_portfolio_matrix_off_brands,high,current primary brand is parent/company token; portfolio brand appears in OFF brands field
8445290470454,LION Brownie (5x30g),"nestlé,lion",nestle,snacks,FRANCE|DACH|BENELUX|SOUTHERN_EUROPE,en:france|en:germany|en:netherlands|en:spain,Barres chocolatées,nestle; lion,nestle,lion,True,lion,Nestlé,top_company_portfolio_matrix_off_brands,high,current primary brand is parent/company token; portfolio brand appears in OFF brands field
8445290504159,Crunch chasse aux œufs 120g,"nestlé, crunch",nestle,snacks,FRANCE,en:france,"Oeufs en chocolat,Œufs de Pâques, Snacks, Snacks sucrés, Confiseries, Confiseries chocolatées",nestle; crunch,nestle,crunch,True,crunch,,top_company_portfolio_matrix_off_brands,high,current primary brand is parent/company token; another OFF brand token needs brand-level review
8445290523587,KITKAT 4 Finger Barre au Chocolat au Lait Display 24x41.5g,"nestlé, kitkat",nestle,snacks,FRANCE,en:france,"Snacks,Snacks sucrés,Confiseries,Barres,Barre chocolatée biscuitée type KitKat",nestle; kitkat,nestle,kitkat,True,kitkat,Nestlé,top_company_portfolio_matrix_off_brands,high,current primary brand is parent/company token; portfolio brand appears in OFF brands field
8445290538154,KITKAT Noisette Marbré 41.5g,"kitkat, nestlé",kitkat,snacks,FRANCE,en:france,"sucre .farine de blé. beurre de cacao, Snacks, Snacks sucrés, Cacao et dérivés, Confiseries, Confiseries chocolatées, Barres, Barres chocolatées",kitkat; nestle,kitkat,kitkat,False,,,no_change,,no more-specific Top 9 portfolio brand detected
8445290538765,"KITKAT 4F Noisette Multipack 8x41,5g","nestlé, kitkat",nestle,snacks,FRANCE|SOUTHERN_EUROPE,en:france|en:spain,"Snacks, Sweet snacks, Cocoa and its products, Confectioneries, Chocolate candies, Bars, Candy chocolate bars, en:chocolate-biscuity-bars",nestle; kitkat,nestle,kitkat,True,kitkat,Nestlé,top_company_portfolio_matrix_off_brands,high,current primary brand is parent/company token; portfolio brand appears in OFF brands field
8445290538918,KITKAT 4 Finger white 41.5g,"nestlé, kit kat, kitkat",nestle,snacks,FRANCE,en:france,"Snacks, Snacks sucrés, Cacao et dérivés, Confiseries, Barres, Confiseries chocolatées, Barres chocolatées, Barres chocolatées biscuitées, Barre chocolatée biscuitée type KitKat, Barres chocolatées",nestle; kit kat; kitkat,nestle,kitkat,True,kitkat,Nestlé,top_company_portfolio_matrix_off_brands,high,current primary brand is parent/company token; portfolio brand appears in OFF brands field
8445290539267,NESTLE L'ATELIER Tablette Chocolat noir amandes croquantes - 100g,"nestlé, les recettes de l'atelier",nestle,snacks,FRANCE|SOUTHERN_EUROPE,en:france|en:spain,"Snacks, Sweet snacks, Cocoa and its products, Chocolates, Chocolates with almonds, en:dark-chocolates-with-almonds, Confiseries, Confiseries chocolatées",nestle; les recettes de latelier,nestle,les recettes de latelier,True,les recettes de latelier,,top_company_portfolio_matrix_off_brands,high,current primary brand is parent/company token; another OFF brand token needs brand-level review
8445290539298,NESTLE L'ATELIER Tablette Chocolat noir caramel pointe de sel- 100g,"nestlé, les recettes de l'atelier",nestle,snacks,FRANCE,en:france,"Snacks, Sweet snacks, Cocoa and its products, Confectioneries, Frozen foods, Chocolate candies, en:dark-chocolates",nestle; les recettes de latelier,nestle,les recettes de latelier,True,les recettes de latelier,,top_company_portfolio_matrix_off_brands,high,current primary brand is parent/company token; another OFF brand token needs brand-level review
8445290539922,NESTLE L'ATELIER Tablette Chocolat noir orange confite - 100g,"nestlé, les recettes de l'atelier",nestle,snacks,FRANCE,en:france,"Snacks, Snacks sucrés, Cacao et dérivés, Chocolats, Chocolats noirs, Chocolats noirs à l'orange, Confiseries, Confiseries chocolatées",nestle; les recettes de latelier,nestle,les recettes de latelier,True,les recettes de latelier,,top_company_portfolio_matrix_off_brands,high,current primary brand is parent/company token; another OFF brand token needs brand-level review
8445290539984,Chocolat au lait caramel pointe de sel,nestlé,nestle,snacks,FRANCE,en:france,"Snacks, Snacks sucrés, Cacao et dérivés, Chocolats, Chocolats au lait, Chocolats au caramel, Chocolats au lait au caramel",nestle,nestle,nestle,False,,,no_change,,no more-specific Top 9 portfolio brand detected
8445290540119,NESTLE L'ATELIER Tablette Chocolat lait amandes croquantes - 100g,"nestlé, les recettes de l'atelier",nestle,snacks,FRANCE,en:france,"Snacks, Snacks sucrés, Cacao et dérivés, Chocolats, Chocolats au lait, Chocolats aux amandes, Chocolats au lait aux amandes, Confiseries, Confiseries chocolatées",nestle; les recettes de latelier,nestle,les recettes de latelier,True,les recettes de latelier,,top_company_portfolio_matrix_off_brands,high,current primary brand is parent/company token; another OFF brand token needs brand-level review
8445290540874,NESTLE L'ATELIER Tablette Chocolat noir biscuit caramel amandes - 170g,"nestlé, les recettes de l'atelier",nestle,snacks,FRANCE|SOUTHERN_EUROPE,en:france|en:spain,"Snacks, Sweet snacks, Cocoa and its products, Confectioneries, Chocolate candies, en:dark-chocolates",nestle; les recettes de latelier,nestle,les recettes de latelier,True,les recettes de latelier,,top_company_portfolio_matrix_off_brands,high,current primary brand is parent/company token; another OFF brand token needs brand-level review
8445290540935,NESTLE L'ATELIER Tablette Chocolat lait biscuit noisettes - 170g,"nestlé, les recettes de l'atelier",nestle,snacks,FRANCE,en:france,"Snacks, Snacks sucrés, Cacao et dérivés, Chocolats, Chocolats au lait, Confiseries, Confiseries chocolatées",nestle; les recettes de latelier,nestle,les recettes de latelier,True,les recettes de latelier,,top_company_portfolio_matrix_off_brands,high,current primary brand is parent/company token; another OFF brand token needs brand-level review
8445290541024,NESTLE L'ATELIER Fèves de cacao grillées 100g,"nestlé, les recettes de l'atelier",nestle,snacks,FRANCE,en:france,"Chocolats noirs, Confiseries, Confiseries chocolatées",nestle; les recettes de latelier,nestle,les recettes de latelier,True,les recettes de latelier,,top_company_portfolio_matrix_off_brands,high,current primary brand is parent/company token; another OFF brand token needs brand-level review
8445290541994,"KITKAT 4F Noisette Multipack 4x41,5g","nestlé, kitkat",nestle,snacks,FRANCE,en:france,"Snacks, Snacks sucrés, Cacao et dérivés, Confiseries, Barres, Confiseries chocolatées, Barres chocolatées, Barres chocolatées biscuitées, Barre chocolatée biscuitée type KitKat, Barres chocolatées",nestle; kitkat,nestle,kitkat,True,kitkat,Nestlé,top_company_portfolio_matrix_off_brands,high,current primary brand is parent/company token; portfolio brand appears in OFF brands field
8445290552150,Kitkat White,nestlé,nestle,snacks,FRANCE|DACH,en:france|en:germany|en:morocco,"Snacks, Sweet snacks, Cocoa and its products, Confectioneries, Chocolate candies, Bars, Chocolates, Milk chocolates, Candy chocolate bars, Chocolate biscuity bars, en:biscuits",nestle,nestle,kitkat,True,kitkat,Nestlé,top_company_portfolio_matrix_product_name,medium,current primary brand is parent/company token; portfolio brand appears in product name
8445290656711,CRUNCH Billes Croustillantes 400g,"nestlé, crunch",nestle,snacks,FRANCE,en:france,"Snacks, Snacks sucrés, Cacao et dérivés, Confiseries, Confiseries chocolatées",nestle; crunch,nestle,crunch,True,crunch,,top_company_portfolio_matrix_off_brands,high,current primary brand is parent/company token; another OFF brand token needs brand-level review
8445290666369,Pate a cacahuètes,nestlé,nestle,snacks,FRANCE,en:france,"Aliments et boissons à base de végétaux, Aliments d'origine végétale, Snacks, Snacks sucrés, Fruits à coques et dérivés, Barres, Barres de fruits à coques, Barres de cacahuètes",nestle,nestle,nestle,False,,,no_change,,no more-specific Top 9 portfolio brand detected
8445290679253,NESTLE L'ATELIER Les Bouchées lait caramel 272g,"nestlé, les recettes de l'atelier",nestle,snacks,FRANCE,en:france,"Chocolats au lait fourrés, Confiseries, Confiseries chocolatées",nestle; les recettes de latelier,nestle,les recettes de latelier,True,les recettes de latelier,,top_company_portfolio_matrix_off_brands,high,current primary brand is parent/company token; another OFF brand token needs brand-level review
8445290682659,NESTLE L'ATELIER Les Bouchées MIX 265g,"nestlé, les recettes de l'atelier",nestle,snacks,FRANCE,en:france,"Snacks, Sweet snacks, Cocoa and its products, Chocolates, en:bonbons",nestle; les recettes de latelier,nestle,les recettes de latelier,True,les recettes de latelier,,top_company_portfolio_matrix_off_brands,high,current primary brand is parent/company token; another OFF brand token needs brand-level review
8445290712059,Lanvin,"nestlé, lanvin",nestle,snacks,FRANCE,en:france,"Snacks, Snacks sucrés, Cacao et dérivés, Confiseries, Confiseries chocolatées, Bonbons de chocolat",nestle; lanvin,nestle,lanvin,True,lanvin,,top_company_portfolio_matrix_off_brands,high,current primary brand is parent/company token; another OFF brand token needs brand-level review
8445290712080,Escargots praliné,"nestlé, lanvin",nestle,snacks,FRANCE,en:france,"Snacks, Snacks sucrés, Cacao et dérivés, Confiseries, Confiseries chocolatées, Bonbons de chocolat",nestle; lanvin,nestle,lanvin,True,lanvin,,top_company_portfolio_matrix_off_brands,high,current primary brand is parent/company token; another OFF brand token needs brand-level review
8445290770325,SMARTIES pochette cadeau 197G,"nestlé, smarties",nestle,snacks,FRANCE,en:france,"Snacks,Snacks sucrés,Cacao et dérivés,Confiseries,Confiseries chocolatées,Bonbons de chocolat",nestle; smarties,nestle,smarties,True,smarties,Nestlé,top_company_portfolio_matrix_off_brands,high,current primary brand is parent/company token; portfolio brand appears in OFF brands field
8445290780720,Lanvin - L'escargot cœur pralinés amande lait caramel,nestlé,nestle,snacks,FRANCE,en:france,en:bonbons,nestle,nestle,nestle,False,,,no_change,,no more-specific Top 9 portfolio brand detected
8445290898166,NESTLE L'ATELIER Tablette Chocolat Blanc Noisettes - 150g,"nestlé, les recettes de l'atelier",nestle,snacks,FRANCE,en:france,"Chocolat blanc en tablette aux noisettes, Confiseries, Confiseries chocolatées",nestle; les recettes de latelier,nestle,les recettes de latelier,True,les recettes de latelier,,top_company_portfolio_matrix_off_brands,high,current primary brand is parent/company token; another OFF brand token needs brand-level review
8445290898616,NESTLE L'ATELIERTablette Chocolat Blanc Cranberries & Amandes - 150g,"nestlé, les recettes de l'atelier",nestle,snacks,FRANCE,en:france,"Snacks, Snacks sucrés, Cacao et dérivés, Chocolats, Chocolats blancs, Confiseries, Confiseries chocolatées",nestle; les recettes de latelier,nestle,les recettes de latelier,True,les recettes de latelier,,top_company_portfolio_matrix_off_brands,high,current primary brand is parent/company token; another OFF brand token needs brand-level review
8445290907424,NESTLÉ DESSERT Blanc 170g,"nestlé, dessert",nestle,snacks,FRANCE,en:france,"Snacks,Snacks sucrés,Cacao et dérivés,Chocolats,Chocolats blancs, Aides culinaires, en:Baking Mixes, en:Shelf-stable baking mixes, Confiseries, Confiseries chocolatées",nestle; dessert,nestle,dessert,True,dessert,,top_company_portfolio_matrix_off_brands,high,current primary brand is parent/company token; another OFF brand token needs brand-level review
8445290975010,NESTLE L'ATELIER – Tablette Chocolat lait fondant noisette – 130g,"nestlé, les recettes de l'atelier",nestle,snacks,FRANCE|SOUTHERN_EUROPE,en:france|en:spain,"Snacks, Sweet snacks, Cocoa and its products, Confectioneries, Chocolate candies, en:milk-chocolates",nestle; les recettes de latelier,nestle,les recettes de latelier,True,les recettes de latelier,,top_company_portfolio_matrix_off_brands,high,current primary brand is parent/company token; another OFF brand token needs brand-level review
8445290975065,NESTLE L'ATELIER – Tablette Chocolat lait fondant caramel – 130g,"nestlé, les recettes de l'atelier",nestle,snacks,FRANCE,en:france,"Snacks, Snacks sucrés, Cacao et dérivés, Confiseries, Confiseries chocolatées",nestle; les recettes de latelier,nestle,les recettes de latelier,True,les recettes de latelier,,top_company_portfolio_matrix_off_brands,high,current primary brand is parent/company token; another OFF brand token needs brand-level review
8445290975096,NESTLE L'ATELIER – Tablette Chocolat blanc & lait fondant coco – 130g,"nestlé, les recettes de l'atelier",nestle,snacks,FRANCE,en:france,"Snacks, Sweet snacks, Cocoa and its products, Confectioneries, Chocolate candies, en:chocolates",nestle; les recettes de latelier,nestle,les recettes de latelier,True,les recettes de latelier,,top_company_portfolio_matrix_off_brands,high,current primary brand is parent/company token; another OFF brand token needs brand-level review
8445290975126,NESTLE L'ATELIER – Tablette Chocolat noir ganache – 130g,"nestlé, les recettes de l'atelier",nestle,snacks,FRANCE|SOUTHERN_EUROPE,en:france|en:spain,"Snacks, Sweet snacks, Cocoa and its products, Confectioneries, Chocolate candies, en:dark-chocolates",nestle; les recettes de latelier,nestle,les recettes de latelier,True,les recettes de latelier,,top_company_portfolio_matrix_off_brands,high,current primary brand is parent/company token; another OFF brand token needs brand-level review
8445290991867,NESTLÉ DESSERT 80% Puissant 170g,nestlé,nestle,snacks,FRANCE,en:france,Dark chocolate bars for cooking,nestle,nestle,nestle,False,,,no_change,,no more-specific Top 9 portfolio brand detected
8445291024304,NESTLE DESSERT Blanc 2x170g,"nestlé, dessert",nestle,snacks,FRANCE,en:france,"Chocolat blanc en tablette, Confiseries, Confiseries chocolatées",nestle; dessert,nestle,dessert,True,dessert,,top_company_portfolio_matrix_off_brands,high,current primary brand is parent/company token; another OFF brand token needs brand-level review
8445291033245,SNACK Barre chocolatée,"crunch, nestlé",crunch,snacks,FRANCE,en:france,"Snacks, Sweet snacks, Cocoa and its products, Confectioneries, Chocolate candies, Bars, Candy chocolate bars, en:chocolate-biscuity-bars",crunch; nestle,crunch,crunch,False,,,no_change,,no more-specific Top 9 portfolio brand detected
8445291033658,Nesquik Mini,nestlé,nestle,snacks,FRANCE,en:france,"Snacks, Sweet snacks, Confectioneries, en:chocolate-candies",nestle,nestle,nesquik,True,nesquik,Nestlé,top_company_portfolio_matrix_product_name,medium,current primary brand is parent/company token; portfolio brand appears in product name
8445291034273,CRUNCH SNACK Barres chocolatées - 3x30g,"nestlé, crunch",nestle,snacks,FRANCE,en:france,"Snacks, Snacks sucrés, Cacao et dérivés, Confiseries, Confiseries chocolatées",nestle; crunch,nestle,crunch,True,crunch,,top_company_portfolio_matrix_off_brands,high,current primary brand is parent/company token; another OFF brand token needs brand-level review
8445291079908,"KITKAT White barre au chocolat blanc 146,3g","nestlé, kitkat",nestle,snacks,FRANCE|SOUTHERN_EUROPE,en:france|en:spain,"Snacks, Snacks sucrés, Cacao et dérivés, Confiseries, Confiseries chocolatées",nestle; kitkat,nestle,kitkat,True,kitkat,Nestlé,top_company_portfolio_matrix_off_brands,high,current primary brand is parent/company token; portfolio brand appears in OFF brands field
8445291080041,KITKAT Mini white 252.7g,"nestlé, kitkat",nestle,snacks,FRANCE,en:france,"Snacks, Snacks sucrés, Cacao et dérivés, Confiseries, Confiseries chocolatées",nestle; kitkat,nestle,kitkat,True,kitkat,Nestlé,top_company_portfolio_matrix_off_brands,high,current primary brand is parent/company token; portfolio brand appears in OFF brands field
8445291081659,LES RECETTES DE L'ATELIER Les Bouchées Lait et Noir 186g,"nestlé, les recettes de l'atelier bouchees",nestle,snacks,FRANCE|SOUTHERN_EUROPE,en:france|en:spain,"Snacks, Snacks sucrés, Cacao et dérivés, Confiseries, Confiseries chocolatées",nestle; les recettes de latelier bouchees,nestle,les recettes de latelier bouchees,True,les recettes de latelier bouchees,,top_company_portfolio_matrix_off_brands,high,current primary brand is parent/company token; another OFF brand token needs brand-level review
8445291081680,LES RECETTES DE L'ATELIER Les Bouchées Lait et Noir 398g,"neslé, nestlé, les recettes de l'atelier bouchees",nesle,snacks,FRANCE,en:france,"Snacks, Sweet snacks, Cocoa and its products, Chocolates, en:assorted-chocolate-candies",nesle; nestle; les recettes de latelier bouchees,nesle,nesle,False,,,no_change,,no more-specific Top 9 portfolio brand detected
8445291082793,LES RECETTES DE L'ATELIER Les Bouchées Noir 187g,"nestlé, les recettes de l'atelier bouchees",nestle,snacks,FRANCE,en:france,"Snacks, Snacks sucrés, Cacao et dérivés, Confiseries, Confiseries chocolatées, Chocolats",nestle; les recettes de latelier bouchees,nestle,les recettes de latelier bouchees,True,les recettes de latelier bouchees,,top_company_portfolio_matrix_off_brands,high,current primary brand is parent/company token; another OFF brand token needs brand-level review
8445291083547,NESTLE La Boîte Rouge Marché de Noël Alsacien 385g,nestlé,nestle,snacks,FRANCE,en:france,"Snacks, Snacks sucrés, Cacao et dérivés, Confiseries, Confiseries chocolatées, Chocolats",nestle,nestle,nestle,False,,,no_change,,no more-specific Top 9 portfolio brand detected
8445291083721,NESTLE La Boîte Rouge Lait et Noir 198g,nestlé,nestle,snacks,FRANCE,en:france,"Snacks, Snacks sucrés, Cacao et dérivés, Confiseries, Confiseries chocolatées, Chocolats",nestle,nestle,nestle,False,,,no_change,,no more-specific Top 9 portfolio brand detected
8445291083769,NESTLE La Boîte Rouge Lait et Noir 398g,nestlé,nestle,snacks,FRANCE,en:france,"Snacks, Sweet snacks, Cocoa and its products, Chocolates, en:assorted-chocolate-candies",nestle,nestle,nestle,False,,,no_change,,no more-specific Top 9 portfolio brand detected
8445291094574,LANVIN l'Escargot Duo Lait Noir 362g,"nestlé, l'escargot, lanvin",nestle,snacks,FRANCE,en:france,"Snacks,Snacks sucrés,Cacao et dérivés,Confiseries,Confiseries chocolatées,Bonbons de chocolat,Chocolats fourrés au praliné",nestle; lescargot; lanvin,nestle,lescargot,True,lescargot,,top_company_portfolio_matrix_off_brands,high,current primary brand is parent/company token; another OFF brand token needs brand-level review
8445291094666,LANVIN l'Escargot Blanc 362g,"nestlé, l'escargot, lanvin",nestle,snacks,FRANCE,en:france,"Snacks, Snacks sucrés, Cacao et dérivés, Confiseries, Confiseries chocolatées",nestle; lescargot; lanvin,nestle,lescargot,True,lescargot,,top_company_portfolio_matrix_off_brands,high,current primary brand is parent/company token; another OFF brand token needs brand-level review
8445291094826,LANVIN l'Escargot Trio Lait Amande Caramel 362g,"nestlé, l'escargot, lanvin",nestle,snacks,FRANCE,en:france,"Snacks,Snacks sucrés,Cacao et dérivés,Confiseries,Confiseries chocolatées,Bonbons de chocolat, Chocolats",nestle; lescargot; lanvin,nestle,lescargot,True,lescargot,,top_company_portfolio_matrix_off_brands,high,current primary brand is parent/company token; another OFF brand token needs brand-level review
8445291096561,NESTLE DESSERT noir 80% Puissant 3x170g,"nestlé, dessert",nestle,snacks,FRANCE,en:france,"Snacks, Snacks sucrés, Cacao et dérivés, Confiseries, Confiseries chocolatées",nestle; dessert,nestle,dessert,True,dessert,,top_company_portfolio_matrix_off_brands,high,current primary brand is parent/company token; another OFF brand token needs brand-level review
8445291124561,LES RECETTES DE L'ATELIER Les Bouchées Noir 401g,"nestlé, les recettes de l'atelier bouchees",nestle,snacks,FRANCE,en:france,"Snacks, Snacks sucrés, Cacao et dérivés, Confiseries, Confiseries chocolatées, Chocolats",nestle; les recettes de latelier bouchees,nestle,les recettes de latelier bouchees,True,les recettes de latelier bouchees,,top_company_portfolio_matrix_off_brands,high,current primary brand is parent/company token; another OFF brand token needs brand-level review
8445291154193,Quality Street,nestlé,nestle,snacks,FRANCE|UK_IE,en:france|en:united-kingdom,Assortiments de bonbons de chocolat,nestle,nestle,quality street,True,quality street,Nestlé,top_company_portfolio_matrix_product_name,medium,current primary brand is parent/company token; portfolio brand appears in product name
8445291156753,LION Brownie 40g,"nestlé, lion",nestle,snacks,FRANCE,en:france,"Snacks, Snacks sucrés, Cacao et dérivés, Confiseries, Confiseries chocolatées",nestle; lion,nestle,lion,True,lion,Nestlé,top_company_portfolio_matrix_off_brands,high,current primary brand is parent/company token; portfolio brand appears in OFF brands field
8445291171213,GALAK calendrier de l'avent 85g,"nestlé, galak",nestle,snacks,FRANCE,en:france,"Snacks, Snacks sucrés, Cacao et dérivés, Confiseries, Confiseries chocolatées",nestle; galak,nestle,galak,True,galak,,top_company_portfolio_matrix_off_brands,high,current primary brand is parent/company token; another OFF brand token needs brand-level review
8445291171329,KITKAT calendrier de l'avent 85g,"nestlé, kitkat",nestle,snacks,FRANCE,en:france,"Snacks, Snacks sucrés, Cacao et dérivés, Confiseries, Confiseries chocolatées",nestle; kitkat,nestle,kitkat,True,kitkat,Nestlé,top_company_portfolio_matrix_off_brands,high,current primary brand is parent/company token; portfolio brand appears in OFF brands field
8445291219533,Lanvin assortiment lait,"nestlé, lanvin",nestle,snacks,FRANCE,en:france,"Snacks, Snacks sucrés, Cacao et dérivés, Confiseries, Confiseries chocolatées, Chocolats",nestle; lanvin,nestle,lanvin,True,lanvin,,top_company_portfolio_matrix_off_brands,high,current primary brand is parent/company token; another OFF brand token needs brand-level review
8445291219564,LANVIN Assortiment Noir 294g,"nestlé, lanvin",nestle,snacks,FRANCE,en:france,"Snacks, Snacks sucrés, Cacao et dérivés, Confiseries, Confiseries chocolatées, Chocolats",nestle; lanvin,nestle,lanvin,True,lanvin,,top_company_portfolio_matrix_off_brands,high,current primary brand is parent/company token; another OFF brand token needs brand-level review
8445291262980,Lanvin L’escargot Duo Or,nestlé,nestle,snacks,FRANCE,en:france,Bonbons de chocolat au lait,nestle,nestle,nestle,False,,,no_change,,no more-specific Top 9 portfolio brand detected
8445291271555,"LION WHITE Mini 237,6g","nestlé, lion white",nestle,snacks,FRANCE,en:france,"Snacks, Snacks sucrés, Cacao et dérivés, Confiseries, Confiseries chocolatées",nestle; lion white,nestle,lion white,True,lion white,,top_company_portfolio_matrix_off_brands,high,current primary brand is parent/company token; another OFF brand token needs brand-level review
8445291310841,,nestlé,nestle,snacks,FRANCE,en:france,"Snacks sucrés,Chocolats",nestle,nestle,nestle,False,,,no_change,,no more-specific Top 9 portfolio brand detected
8445291327559,"NESTLE 5 Asst Ctn Chocobox 2,426kg","kit kat, nestlé",kit kat,snacks,FRANCE,en:france,"Snacks, Snacks sucrés, Cacao et dérivés, Confiseries, Confiseries chocolatées",kit kat; nestle,kit kat,kitkat,True,kit kat,Nestlé,top_company_portfolio_matrix_off_brands,high,known portfolio brand appears in OFF brands field
8445291354524,KITKAT 4 Finger Barre au Chocolat au Lait Multipack 3x41.5g,"nestlé, kit kat",nestle,snacks,FRANCE,en:france,"Snacks, Snacks sucrés, Cacao et dérivés, Confiseries, Confiseries chocolatées",nestle; kit kat,nestle,kitkat,True,kit kat,Nestlé,top_company_portfolio_matrix_off_brands,high,current primary brand is parent/company token; portfolio brand appears in OFF brands field
8445291394995,nestle extrafin turron,nestlé,nestle,snacks,FRANCE,en:france,en:turron,nestle,nestle,nestle,False,,,no_change,,no more-specific Top 9 portfolio brand detected
8445291434653,Chocolat noir aux éclats de fèves de cacao,"nestlé, les recettes de l'atelier",nestle,snacks,FRANCE,en:france,"Snacks, Sweet snacks, Cocoa and its products, Confectioneries, Chocolate candies, en:dark-chocolates-with-cocoa-nibs",nestle; les recettes de latelier,nestle,les recettes de latelier,True,les recettes de latelier,,top_company_portfolio_matrix_off_brands,high,current primary brand is parent/company token; another OFF brand token needs brand-level review
8445291434738,NESTLE L'ATELIER Carrés dégustation Noir 70% 176g,"nestlé,les recettes de l'atelier",nestle,snacks,FRANCE,en:france,"Snacks, Sweet snacks, Cocoa and its products, Chocolates, Dark chocolates, en:chocolate-candies",nestle; les recettes de latelier,nestle,les recettes de latelier,True,les recettes de latelier,,top_company_portfolio_matrix_off_brands,high,current primary brand is parent/company token; another OFF brand token needs brand-level review
8445291448469,NESTLE DESSERT noir 80% 2x170g,"nestlé, dessert",nestle,snacks,FRANCE,en:france,"Snacks, Snacks sucrés, Cacao et dérivés, Confiseries, Confiseries chocolatées",nestle; dessert,nestle,dessert,True,dessert,,top_company_portfolio_matrix_off_brands,high,current primary brand is parent/company token; another OFF brand token needs brand-level review
8445291448667,NESTLE DESSERT Noir Absolu 70% 2x170g,"nestlé, dessert",nestle,snacks,FRANCE,en:france,"Snacks, Snacks sucrés, Cacao et dérivés, Confiseries, Confiseries chocolatées",nestle; dessert,nestle,dessert,True,dessert,,top_company_portfolio_matrix_off_brands,high,current primary brand is parent/company token; another OFF brand token needs brand-level review
8445291448735,NESTLÉ DESSERT Noir Éclats de Noisettes 2x170g,"nestlé, dessert",nestle,snacks,FRANCE,en:france,"Snacks, Snacks sucrés, Cacao et dérivés, Confiseries, Confiseries chocolatées",nestle; dessert,nestle,dessert,True,dessert,,top_company_portfolio_matrix_off_brands,high,current primary brand is parent/company token; another OFF brand token needs brand-level review
8445291492141,70% Noir intense Amandes Caramel,nestlé,nestle,snacks,FRANCE,en:france,"Snacks,Snacks sucrés,Cacao et dérivés,Confiseries,Confiseries chocolatées,Chocolats,Chocolats noirs,Chocolats aux amandes",nestle,nestle,nestle,False,,,no_change,,no more-specific Top 9 portfolio brand detected
8445291494664,KITKAT Lapin 3x17g,"kit kat, nestlé",kit kat,snacks,FRANCE,en:france,"Snacks, Snacks sucrés, Cacao et dérivés, Confiseries, Confiseries chocolatées, Chocolats",kit kat; nestle,kit kat,kitkat,True,kit kat,Nestlé,top_company_portfolio_matrix_off_brands,high,known portfolio brand appears in OFF brands field
8445291514997,,nestlé,nestle,snacks,FRANCE,en:france,en:bonbons,nestle,nestle,nestle,False,,,no_change,,no more-specific Top 9 portfolio brand detected
8445291540460,NESTLÉ DESSERT Lait Éclats d'Amandes 2x170g,"nestlé, dessert",nestle,snacks,FRANCE,en:france,"Snacks, Snacks sucrés, Cacao et dérivés, Confiseries, Confiseries chocolatées",nestle; dessert,nestle,dessert,True,dessert,,top_company_portfolio_matrix_off_brands,high,current primary brand is parent/company token; another OFF brand token needs brand-level review
8445291541801,NESTLÉ DESSERT Lait Éclats d'Amandes 170g,"nestlé, dessert",nestle,snacks,FRANCE,en:france,"Snacks, Snacks sucrés, Cacao et dérivés, Confiseries, Confiseries chocolatées",nestle; dessert,nestle,dessert,True,dessert,,top_company_portfolio_matrix_off_brands,high,current primary brand is parent/company token; another OFF brand token needs brand-level review
8445291578890,NESTLE DESSERT Barres noir 32g,"nestlé, dessert",nestle,snacks,FRANCE,en:france,"Snacks, Snacks sucrés, Cacao et dérivés, Confiseries, Confiseries chocolatées",nestle; dessert,nestle,dessert,True,dessert,,top_company_portfolio_matrix_off_brands,high,current primary brand is parent/company token; another OFF brand token needs brand-level review
8445291613874,CRUNCH Lait Mini Tablette 40g,"nestlé, crunch",nestle,snacks,FRANCE,en:france,"Snacks, Snacks sucrés, Cacao et dérivés, Confiseries, Confiseries chocolatées, Chocolats",nestle; crunch,nestle,crunch,True,crunch,,top_company_portfolio_matrix_off_brands,high,current primary brand is parent/company token; another OFF brand token needs brand-level review
8445291698925,LANVIN Escargots EDITION DE NOEL lait pain d'épices 329g,"nestlé, lanvin l'escargot",nestle,snacks,FRANCE,en:france,"Snacks, Viandes et dérivés, Snacks sucrés, Cacao et dérivés, Confiseries, Viandes, Confiseries chocolatées, Escargots",nestle; lanvin lescargot,nestle,lanvin lescargot,True,lanvin lescargot,,top_company_portfolio_matrix_off_brands,high,current primary brand is parent/company token; another OFF brand token needs brand-level review
8445291699205,LANVIN Escargots Lait Amande 164g,"lanvin, nestlé, lanvin l'escargot",lanvin,snacks,FRANCE,en:france,"Snacks, Snacks sucrés, Cacao et dérivés, Confiseries, Confiseries chocolatées",lanvin; nestle; lanvin lescargot,lanvin,lanvin,False,,,no_change,,no more-specific Top 9 portfolio brand detected
8445291699298,LANVIN l'escargot caramel 164G,"nestlé, lanvin l'escargot",nestle,snacks,FRANCE,en:france,"Snacks, Viandes et dérivés, Snacks sucrés, Cacao et dérivés, Confiseries, Viandes, Confiseries chocolatées, Escargots",nestle; lanvin lescargot,nestle,lanvin lescargot,True,lanvin lescargot,,top_company_portfolio_matrix_off_brands,high,current primary brand is parent/company token; another OFF brand token needs brand-level review
8445291699366,LANVIN l'escargot café 164g,"nestlé, lanvin l'escargot",nestle,snacks,FRANCE,en:france,"Snacks, Viandes et dérivés, Snacks sucrés, Cacao et dérivés, Confiseries, Viandes, Confiseries chocolatées, Escargots",nestle; lanvin lescargot,nestle,lanvin lescargot,True,lanvin lescargot,,top_company_portfolio_matrix_off_brands,high,current primary brand is parent/company token; another OFF brand token needs brand-level review
8445291699472,LANVIN Escargots lait 164g,"lanvin, nestlé, lanvin l'escargot",lanvin,snacks,FRANCE,en:france,"Bonbons de chocolat, Viandes et dérivés, Viandes, Escargots",lanvin; nestle; lanvin lescargot,lanvin,lanvin,False,,,no_change,,no more-specific Top 9 portfolio brand detected
8445291699724,LANVIN l'escargot noir 164G,"nestlé, lanvin l'escargot",nestle,snacks,FRANCE,en:france,"Snacks,Snacks sucrés,Cacao et dérivés,Confiseries,Confiseries chocolatées,Bonbons de chocolat,Chocolats,Chocolats fourrés,Chocolats fourrés au praliné, Viandes et dérivés, Viandes, Escargots",nestle; lanvin lescargot,nestle,lanvin lescargot,True,lanvin lescargot,,top_company_portfolio_matrix_off_brands,high,current primary brand is parent/company token; another OFF brand token needs brand-level review
8445291707979,LANVIN l'Escargot Plaisir d'offrir lait 296g,"nestlé, lanvin l'escargot",nestle,snacks,FRANCE,en:france,"Snacks, Viandes et dérivés, Snacks sucrés, Cacao et dérivés, Confiseries, Viandes, Confiseries chocolatées, Escargots",nestle; lanvin lescargot,nestle,lanvin lescargot,True,lanvin lescargot,,top_company_portfolio_matrix_off_brands,high,current primary brand is parent/company token; another OFF brand token needs brand-level review
8445291708129,LANVIN Escargots Plaisir d'offrir lait-noir-blanc 296g,"nestlé, lanvin l'escargot",nestle,snacks,FRANCE,en:france,"Snacks, Viandes et dérivés, Snacks sucrés, Cacao et dérivés, Confiseries, Viandes, Confiseries chocolatées, Escargots",nestle; lanvin lescargot,nestle,lanvin lescargot,True,lanvin lescargot,,top_company_portfolio_matrix_off_brands,high,current primary brand is parent/company token; another OFF brand token needs brand-level review
8445291726086,"LES RECETTES DE L'ATELIER Les Bouchées ""Edition Hiver"" grand assortiment 408g","nestlé, les recettes de l'atelier bouchees",nestle,snacks,FRANCE,en:france,"Snacks, Snacks sucrés, Cacao et dérivés, Confiseries, Confiseries chocolatées",nestle; les recettes de latelier bouchees,nestle,les recettes de latelier bouchees,True,les recettes de latelier bouchees,,top_company_portfolio_matrix_off_brands,high,current primary brand is parent/company token; another OFF brand token needs brand-level review
8445291726109,LES RECETTES DE L'ATELIER Les Bouchées Edition Collector 406g,"nestlé, les recettes de l'atelier bouchees",nestle,snacks,FRANCE,en:france,"Snacks, Snacks sucrés, Cacao et dérivés, Confiseries, Confiseries chocolatées",nestle; les recettes de latelier bouchees,nestle,les recettes de latelier bouchees,True,les recettes de latelier bouchees,,top_company_portfolio_matrix_off_brands,high,current primary brand is parent/company token; another OFF brand token needs brand-level review
8445291726246,LES RECETTES DE L'ATELIER Les Bouchées Lait 410g,"nestlé, les recettes de l'atelier bouchees",nestle,snacks,FRANCE,en:france,"Snacks, Snacks sucrés, Cacao et dérivés, Confiseries, Confiseries chocolatées",nestle; les recettes de latelier bouchees,nestle,les recettes de latelier bouchees,True,les recettes de latelier bouchees,,top_company_portfolio_matrix_off_brands,high,current primary brand is parent/company token; another OFF brand token needs brand-level review
8445291726277,"LES RECETTES DE L'ATELIER Les Bouchées ""Edition Hiver"" petit assortiment 190g","nestlé, les recettes de l'atelier bouchees",nestle,snacks,FRANCE,en:france,"Snacks, Snacks sucrés, Cacao et dérivés, Confiseries, Confiseries chocolatées",nestle; les recettes de latelier bouchees,nestle,les recettes de latelier bouchees,True,les recettes de latelier bouchees,,top_company_portfolio_matrix_off_brands,high,current primary brand is parent/company token; another OFF brand token needs brand-level review
8445291726307,LES RECETTES DE L'ATELIER Les Bouchées Lait 191g,"nestlé, les recettes de l'atelier bouchees",nestle,snacks,FRANCE,en:france,"Snacks, Snacks sucrés, Cacao et dérivés, Confiseries, Confiseries chocolatées",nestle; les recettes de latelier bouchees,nestle,les recettes de latelier bouchees,True,les recettes de latelier bouchees,,top_company_portfolio_matrix_off_brands,high,current primary brand is parent/company token; another OFF brand token needs brand-level review
8445291743564,LANVIN Escargots noisettes 329g,"nestlé, lanvin l'escargot",nestle,snacks,FRANCE,en:france,"Snacks, Viandes et dérivés, Snacks sucrés, Cacao et dérivés, Confiseries, Viandes, Confiseries chocolatées, Escargots",nestle; lanvin lescargot,nestle,lanvin lescargot,True,lanvin lescargot,,top_company_portfolio_matrix_off_brands,high,current primary brand is parent/company token; another OFF brand token needs brand-level review
8445291774995,CRUNCH Calendrier de l'avent 85g,"nestlé, crunch",nestle,snacks,FRANCE|SOUTHERN_EUROPE,en:france|en:spain,"Snacks, Snacks sucrés, Cacao et dérivés, Confiseries, Confiseries chocolatées",nestle; crunch,nestle,crunch,True,crunch,,top_company_portfolio_matrix_off_brands,high,current primary brand is parent/company token; another OFF brand token needs brand-level review
8445291775299,AFTER EIGHT Citron 400g,"after eight, nestlé",after eight,snacks,FRANCE,en:france,"Chocolate, Confiseries, Confiseries chocolatées",after eight; nestle,after eight,after eight,False,,,no_change,,no more-specific Top 9 portfolio brand detected
8445291784260,NESTLE DESSERT Truffes au chocolat Noir 250g,"nestlé, dessert truffles",nestle,snacks,FRANCE,en:france,"Snacks,Snacks sucrés,Cacao et dérivés,Confiseries,Confiseries chocolatées,Bonbons de chocolat,Truffes en chocolat, Aliments et boissons à base de végétaux, Aliments d'origine végétale, Aliments à base de fruits et de légumes, Aliments et boissons à base de légumes, Légumes et dérivés, Champignons et produits dérivés, Champignons, Truffes",nestle; dessert truffles,nestle,dessert truffles,True,dessert truffles,,top_company_portfolio_matrix_off_brands,high,current primary brand is parent/company token; another OFF brand token needs brand-level review
8445291784604,NESTLE DESSERT Truffes au chocolat Noir corsé 70% 250g,"nestlé, dessert truffles",nestle,snacks,FRANCE,en:france,"Plant-based foods and beverages, Plant-based foods, Fruits and vegetables based foods, Snacks, Vegetable-based foods and beverages, Sweet snacks, Vegetables based foods, Cocoa and its products, Confectioneries, Chocolate candies, Mushrooms and their products, Bonbons, Mushrooms, Truffles, en:chocolate-truffles",nestle; dessert truffles,nestle,dessert truffles,True,dessert truffles,,top_company_portfolio_matrix_off_brands,high,current primary brand is parent/company token; another OFF brand token needs brand-level review
8445291785038,NESTLE DESSERT Truffes au chocolat Lait 250g,"nestlé dessert, nestlé, dessert truffles",nestle,snacks,FRANCE,en:france,"Plant-based foods and beverages, Plant-based foods, Fruits and vegetables based foods, Snacks, Vegetable-based foods and beverages, Sweet snacks, Vegetables based foods, Cocoa and its products, Confectioneries, Chocolate candies, Mushrooms and their products, Mushrooms, Truffles, en:bonbons",nestle dessert; nestle; dessert truffles,nestle,dessert,True,nestle dessert,,top_company_portfolio_matrix_off_brands,high,current primary brand is parent/company token; another OFF brand token needs brand-level review
8445291785182,NESTLE DESSERT Truffes au chocolat Noir 85% 250g,"nestlé, dessert truffles",nestle,snacks,FRANCE,en:france,"Truffes en chocolat, Aliments et boissons à base de végétaux, Aliments d'origine végétale, Aliments à base de fruits et de légumes, Aliments et boissons à base de légumes, Légumes et dérivés, Champignons et produits dérivés, Champignons, Truffes",nestle; dessert truffles,nestle,dessert truffles,True,dessert truffles,,top_company_portfolio_matrix_off_brands,high,current primary brand is parent/company token; another OFF brand token needs brand-level review
8445291796683,,nestle,nestle,snacks,FRANCE,en:france,Barres chocolatées,nestle,nestle,nestle,False,,,no_change,,no more-specific Top 9 portfolio brand detected
8445291823631,LES RECETTES DE L'ATELIER Duo Praliné 266g,"nestle, les recettes de l'atelier bouchees",nestle,snacks,FRANCE,en:france,"Snacks, Snacks sucrés, Cacao et dérivés, Confiseries, Confiseries chocolatées",nestle; les recettes de latelier bouchees,nestle,les recettes de latelier bouchees,True,les recettes de latelier bouchees,,top_company_portfolio_matrix_off_brands,high,current primary brand is parent/company token; another OFF brand token needs brand-level review
8445291910256,SUPER 8 Oblea bañada cobertura sabor chocolate,nestlé,nestle,snacks,FRANCE,en:france,"Snacks, Galletas, Obleas, Obleas bañadas en chocolate",nestle,nestle,nestle,False,,,no_change,,no more-specific Top 9 portfolio brand detected
8445291965126,Kikat,"kit kat, nestlé",kit kat,snacks,FRANCE,en:france,"Snacks, Snacks sucrés, Cacao et dérivés, Confiseries, Confiseries chocolatées",kit kat; nestle,kit kat,kitkat,True,kit kat,Nestlé,top_company_portfolio_matrix_off_brands,high,known portfolio brand appears in OFF brands field
8445291968127,Quality street boîte métal 400g,"nestlé, quality street",nestle,snacks,FRANCE,en:france,"Snacks, Snacks sucrés, Cacao et dérivés, Confiseries, Confiseries chocolatées",nestle; quality street,nestle,quality street,True,quality street,Nestlé,top_company_portfolio_matrix_off_brands,high,current primary brand is parent/company token; portfolio brand appears in OFF brands field
8445292322300,NESTLÉ DESSERT Noir Doux 170g,"nestlé, dessert",nestle,snacks,FRANCE,en:france,"Snacks, Sweet snacks, Cocoa and its products, Confectioneries, Chocolate candies, en:dark-chocolates",nestle; dessert,nestle,dessert,True,dessert,,top_company_portfolio_matrix_off_brands,high,current primary brand is parent/company token; another OFF brand token needs brand-level review
8445292586146,NESTLE DESSERT Truffes au chocolat Noir corsé 70% 250g,"nestlé, dessert truffles",nestle,snacks,FRANCE,en:france,"Aliments et boissons à base de végétaux, Aliments d'origine végétale, Aliments à base de fruits et de légumes, Snacks, Aliments et boissons à base de légumes, Snacks sucrés, Légumes et dérivés, Cacao et dérivés, Confiseries, Confiseries chocolatées, Champignons et produits dérivés, Champignons, Truffes",nestle; dessert truffles,nestle,dessert truffles,True,dessert truffles,,top_company_portfolio_matrix_off_brands,high,current primary brand is parent/company token; another OFF brand token needs brand-level review
8445292586207,NESTLE DESSERT Truffes au chocolat Lait 250g,"nestlé, dessert truffles",nestle,snacks,FRANCE,en:france,"Aliments et boissons à base de végétaux, Aliments d'origine végétale, Aliments à base de fruits et de légumes, Snacks, Aliments et boissons à base de légumes, Snacks sucrés, Légumes et dérivés, Cacao et dérivés, Confiseries, Confiseries chocolatées, Champignons et produits dérivés, Champignons, Truffes",nestle; dessert truffles,nestle,dessert truffles,True,dessert truffles,,top_company_portfolio_matrix_off_brands,high,current primary brand is parent/company token; another OFF brand token needs brand-level review
84851680,crunch,nestlé,nestle,snacks,FRANCE,en:france,"Snacks, Snacks sucrés, Cacao et dérivés, Confiseries, Barres, Confiseries chocolatées, Barres chocolatées, Barres chocolatées biscuitées, Barre chocolatée biscuitée type KitKat",nestle,nestle,nestle,False,,,no_change,,no more-specific Top 9 portfolio brand detected
85906662,Kofila,"orion, zora, nestlé česko",orion,snacks,FRANCE,en:czech-republic|en:france|en:slovakia,"Snacks, Desserts, Sweet snacks, Cocoa and its products, Confectioneries, Chocolate candies, Bars, Candy chocolate bars, Coffee desserts, en:chocolates",orion; zora; nestle cesko,orion,orion,False,,,no_change,,no more-specific Top 9 portfolio brand detected
85917347,Margot s kokosem,"nestlé, orion",nestle,snacks,FRANCE,en:czech-republic|en:france,"Svačiny, Sladké svačiny, en:Cocoa and its products",nestle; orion,nestle,orion,True,orion,,top_company_portfolio_matrix_off_brands,high,current primary brand is parent/company token; another OFF brand token needs brand-level review
85921177,Lentilky,"nestlé, orion",nestle,snacks,FRANCE,en:czech-republic|en:france,"Svačiny, Sladké svačiny, en:Cocoa and its products, en:Confectioneries, en:Chocolate candies, en:Bonbons",nestle; orion,nestle,orion,True,orion,,top_company_portfolio_matrix_off_brands,high,current primary brand is parent/company token; another OFF brand token needs brand-level review
8593893007437,"Nesquik Cereal Riegel, Schoko",nestlé,nestle,snacks,FRANCE,en:france|en:romania,"Snacks, Sweet snacks, Cocoa and its products, Confectioneries, Bars, Chocolate candies",nestle,nestle,nesquik cereal,True,nesquik cereal,Nestlé,top_company_portfolio_matrix_product_name,medium,current primary brand is parent/company token; portfolio brand appears in product name
8593893007499,Baton Cini Minis 25G,nestlé,nestle,snacks,FRANCE,en:france|en:hungary|en:romania,"Snacks, Sweet snacks, Bars, Cereal bars",nestle,nestle,cini minis,True,cini minis,Nestlé,top_company_portfolio_matrix_product_name,medium,current primary brand is parent/company token; portfolio brand appears in product name
8593893110564,Hořká,"nestlé, orion",nestle,snacks,FRANCE,en:czech-republic|en:france,"Svačiny, Sladké svačiny, en:Cocoa and its products, Čokolády, Hořké čokolády",nestle; orion,nestle,orion,True,orion,,top_company_portfolio_matrix_off_brands,high,current primary brand is parent/company token; another OFF brand token needs brand-level review
8593893300040,Kočičí jazýčky,"nestlé, orion",nestle,snacks,FRANCE,en:czech-republic|en:france,"Svačiny, Sladké svačiny, en:Cocoa and its products, Čokolády",nestle; orion,nestle,orion,True,orion,,top_company_portfolio_matrix_off_brands,high,current primary brand is parent/company token; another OFF brand token needs brand-level review
8593893712553,Dessert Blanc,"nestlé, nestlé dessert",nestle,snacks,FRANCE,en:france,"Snacks, Snacks sucrés, Cacao et dérivés, Chocolats, Chocolats blancs",nestle; nestle dessert,nestle,dessert,True,nestle dessert,,top_company_portfolio_matrix_off_brands,high,current primary brand is parent/company token; another OFF brand token needs brand-level review
8593893713673,Studentská mléčná s chutí višní,"nestlé,orion",nestle,snacks,FRANCE,en:czech-republic|en:france,"Snacks,Snacks sucrés,Cacao et dérivés,Chocolats,Chocolats au lait",nestle; orion,nestle,orion,True,orion,,top_company_portfolio_matrix_off_brands,high,current primary brand is parent/company token; another OFF brand token needs brand-level review
8593893720442,"NUTS , Barre chocolatée de 42g, à l'unité","nestlé, nuts",nestle,snacks,FRANCE,en:france,"Snacks, Snacks sucrés, Cacao et dérivés, Confiseries, Barres, Confiseries chocolatées, Barres chocolatées",nestle; nuts,nestle,nuts,True,nuts,,top_company_portfolio_matrix_off_brands,high,current primary brand is parent/company token; another OFF brand token needs brand-level review
8593893720459,Nuts,nestlé,nestle,snacks,DACH|FRANCE,en:austria|en:france,en:confectioneries,nestle,nestle,nestle,False,,,no_change,,no more-specific Top 9 portfolio brand detected
8593893720589,Nuts Mini,nestlé,nestle,snacks,FRANCE,en:france,"Snacks, Sweet snacks, Cocoa and its products, Confectioneries, Chocolate candies, en:bars",nestle,nestle,nestle,False,,,no_change,,no more-specific Top 9 portfolio brand detected
8593893720626,NUTS MINI barre chocolatée Sachet 332g,"nestlé, nuts mini",nestle,snacks,FRANCE,en:france,"Snacks, Sweet snacks, Cocoa and its products, Confectioneries, Bars, Chocolate candies, Bars-covered-with-chocolate, en:bonbons",nestle; nuts mini,nestle,nuts mini,True,nuts mini,,top_company_portfolio_matrix_off_brands,high,current primary brand is parent/company token; another OFF brand token needs brand-level review
8593893720800,NUTS Barres chocolatées - 6x42g,"nestlé, nuts",nestle,snacks,FRANCE,en:france,"Snacks, Snacks sucrés, Cacao et dérivés, Confiseries, Barres, Confiseries chocolatées, Barres chocolatées, Barres chocolatées",nestle; nuts,nestle,nuts,True,nuts,,top_company_portfolio_matrix_off_brands,high,current primary brand is parent/company token; another OFF brand token needs brand-level review
8593893720817,Nuts,nestlé,nestle,snacks,FRANCE,en:france,"Snacks, Snacks sucrés, Cacao et dérivés, Confiseries, Barres, Confiseries chocolatées, Barres chocolatées",nestle,nestle,nestle,False,,,no_change,,no more-specific Top 9 portfolio brand detected
8593893726772,Lentilky,"nestlé, orion",nestle,snacks,FRANCE,en:czech-republic|en:france,"Svačiny, Sladké svačiny, en:Cocoa and its products, en:Confectioneries, en:Chocolate candies, en:Bonbons, en:Candies",nestle; orion,nestle,orion,True,orion,,top_company_portfolio_matrix_off_brands,high,current primary brand is parent/company token; another OFF brand token needs brand-level review
8593893729735,Studentská pečeť mléčná,"nestlé, orion",nestle,snacks,FRANCE,en:czech-republic|en:france,"Svačiny, Sladké svačiny, en:Cocoa and its products, Čokolády, Mléčné čokolády, en:Milk chocolate bar",nestle; orion,nestle,orion,True,orion,,top_company_portfolio_matrix_off_brands,high,current primary brand is parent/company token; another OFF brand token needs brand-level review
8593893730557,VEXTA,"nestlé, jojo",nestle,snacks,FRANCE,en:czech-republic|en:france,"Svačiny, Sladké svačiny, en:Confectioneries, en:Candies, en:Gummi candies",nestle; jojo,nestle,jojo,True,jojo,,top_company_portfolio_matrix_off_brands,high,current primary brand is parent/company token; another OFF brand token needs brand-level review
8593893732926,Aero,nestlé,nestle,snacks,FRANCE,en:france|en:poland,"Snacks, Sweet snacks, Cocoa and its products, Confectioneries, Bars, Chocolate candies, Chocolates, Milk chocolates, Bars covered with chocolate",nestle,nestle,aero,True,aero,Nestlé,top_company_portfolio_matrix_product_name,medium,current primary brand is parent/company token; portfolio brand appears in product name
8593893734586,NESTLE DESSERT Chocolat blanc Café 180g,"nestlé, nestlé dessert, tablettes",nestle,snacks,FRANCE,en:france,"Snacks, Snacks sucrés, Cacao et dérivés, Chocolats, Chocolats blancs, Chocolats aromatisés, Chocolats blancs aromatisés",nestle; nestle dessert; tablettes,nestle,dessert,True,nestle dessert,,top_company_portfolio_matrix_off_brands,high,current primary brand is parent/company token; another OFF brand token needs brand-level review
8593893737280,Bon Pari original,nestlé,nestle,snacks,FRANCE,en:czech-republic|en:france,"Svačiny,Sladké svačiny,Bonbóny",nestle,nestle,nestle,False,,,no_change,,no more-specific Top 9 portfolio brand detected
8593893742840,Studentská pečeť bílá,"nestlé, orion",nestle,snacks,FRANCE,en:czech-republic|en:france,"Svačiny, Sladké svačiny, en:Cocoa and its products, Čokolády, en:White chocolates",nestle; orion,nestle,orion,True,orion,,top_company_portfolio_matrix_off_brands,high,current primary brand is parent/company token; another OFF brand token needs brand-level review
8593893744035,Chocolat Café,"nestlé, nestlé dessert",nestle,snacks,FRANCE,en:france,"Snacks, Snacks sucrés, Cacao et dérivés, Chocolats, Chocolats blancs",nestle; nestle dessert,nestle,dessert,True,nestle dessert,,top_company_portfolio_matrix_off_brands,high,current primary brand is parent/company token; another OFF brand token needs brand-level review
8593893744486,Nuts,nestlé,nestle,snacks,FRANCE,en:czech-republic|en:france,"Snacks, Snacks sucrés, Cacao et dérivés, Confiseries, Barres, Confiseries chocolatées, Barres chocolatées",nestle,nestle,nestle,False,,,no_change,,no more-specific Top 9 portfolio brand detected
8593893746152,Studentská mléčno zimní,"nestlé, orion",nestle,snacks,FRANCE,en:czech-republic|en:france|en:slovakia,"Svačiny, Sladké svačiny, en:Cocoa and its products, Čokolády, Mléčné čokolády, en:White chocolates",nestle; orion,nestle,orion,True,orion,,top_company_portfolio_matrix_off_brands,high,current primary brand is parent/company token; another OFF brand token needs brand-level review
8593893748835,Jojo méčná čkoláda,"nestlé, orion",nestle,snacks,FRANCE,en:czech-republic|en:france,"Snacks, Sweet snacks, Cocoa and its products, Chocolates, Milk chocolates, en:candies",nestle; orion,nestle,orion,True,orion,,top_company_portfolio_matrix_off_brands,high,current primary brand is parent/company token; another OFF brand token needs brand-level review
8593893749566,Lentilky,nestlé,nestle,snacks,BENELUX|FRANCE,en:belgium|en:france|en:morocco,"Snacks, Sweet snacks, Cocoa and its products, Confectioneries, Chocolate candies, Bonbons, en:candies",nestle,nestle,nestle,False,,,no_change,,no more-specific Top 9 portfolio brand detected
8593893749702,NESTLE DESSERT Chocolat Blanc Amande,"nestlé, nestlé dessert, tablettes",nestle,snacks,FRANCE,en:france,"Snacks, Snacks sucrés, Cacao et dérivés, Chocolats, Chocolats blancs",nestle; nestle dessert; tablettes,nestle,dessert,True,nestle dessert,,top_company_portfolio_matrix_off_brands,high,current primary brand is parent/company token; another OFF brand token needs brand-level review
8593893750319,Hašlerky višeň,nestlé,nestle,snacks,FRANCE,en:czech-republic|en:france,en:candies,nestle,nestle,nestle,False,,,no_change,,no more-specific Top 9 portfolio brand detected
8593893753105,Tablete Choc Moments Nestle Negro 90g,nestlé,nestle,snacks,FRANCE|SOUTHERN_EUROPE,en:france|en:portugal,en:dark-chocolates,nestle,nestle,nestle,False,,,no_change,,no more-specific Top 9 portfolio brand detected
8593893755000,Mini Eggs,"nestlé, smarties",nestle,snacks,FRANCE,en:france,"Snacks, Snacks sucrés, Cacao et dérivés, Confiseries, Confiseries chocolatées, Bonbons de chocolat, Bonbons",nestle; smarties,nestle,smarties,True,smarties,Nestlé,top_company_portfolio_matrix_off_brands,high,current primary brand is parent/company token; portfolio brand appears in OFF brands field
8593893756212,Studentská Bílá čokoláda,"nestlé, orion",nestle,snacks,FRANCE,en:czech-republic|en:france,"Svačiny, Sladké svačiny, en:Cocoa and its products, Čokolády, en:White chocolates",nestle; orion,nestle,orion,True,orion,,top_company_portfolio_matrix_off_brands,high,current primary brand is parent/company token; another OFF brand token needs brand-level review
8593893757653,NESTLE DESSERT Blanc 180g,"nestlé, nestlé dessert, tablettes",nestle,snacks,US_CANADA|FRANCE,en:canada|en:france|en:tunisia,"Snacks, Desserts, Sweet snacks, Cocoa and its products, Chocolates, White chocolates",nestle; nestle dessert; tablettes,nestle,dessert,True,nestle dessert,,top_company_portfolio_matrix_off_brands,high,current primary brand is parent/company token; another OFF brand token needs brand-level review
8593893758582,Calendrier de l'avent,"nestlé, smarties",nestle,snacks,FRANCE,en:france,"Snacks, Snacks sucrés, Cacao et dérivés, Aliments festifs, Aliments et boissons de Noël, Chocolats, Calendriers de l'avent",nestle; smarties,nestle,smarties,True,smarties,Nestlé,top_company_portfolio_matrix_off_brands,high,current primary brand is parent/company token; portfolio brand appears in OFF brands field
8593893759244,Hašlerky,nestlé,nestle,snacks,FRANCE,en:france,"Snackek,Cukros ételek,Cukrász áruk,cs:bonbóny,cs:sladkosti,Cukorkák",nestle,nestle,nestle,False,,,no_change,,no more-specific Top 9 portfolio brand detected
8593893761469,Praliné,"nestlé, galak",nestle,snacks,BENELUX|FRANCE,en:belgium|en:france,"Snacks, Snacks sucrés, Cacao et dérivés, Chocolats, Chocolats blancs, Chocolats fourrés, Chocolats blancs fourrés",nestle; galak,nestle,galak,True,galak,,top_company_portfolio_matrix_off_brands,high,current primary brand is parent/company token; another OFF brand token needs brand-level review
8593893761568,GALAK PRALINE,nestlé,nestle,snacks,FRANCE,en:france,"Snacks, Snacks sucrés, Cacao et dérivés, Chocolats",nestle,nestle,nestle,False,,,no_change,,no more-specific Top 9 portfolio brand detected
8593893762787,Chocolat noir Kohler,"nestlé, kohler",nestle,snacks,FRANCE,en:france|en:guadeloupe|en:reunion,"Snacks, Snacks sucrés, Cacao et dérivés, Chocolats, Chocolats noirs",nestle; kohler,nestle,kohler,True,kohler,,top_company_portfolio_matrix_off_brands,high,current primary brand is parent/company token; another OFF brand token needs brand-level review
8593893762800,Chocolat au lait,nestlé,nestle,snacks,FRANCE,en:france|en:reunion,"Snacks, Snacks sucrés, Cacao et dérivés, Chocolats, Chocolats au lait",nestle,nestle,nestle,False,,,no_change,,no more-specific Top 9 portfolio brand detected
8593893762824,Chocolat au lait Amandes,nestlé,nestle,snacks,FRANCE,en:france,"Snacks, Snacks sucrés, Cacao et dérivés, Chocolats, Chocolats au lait, Chocolats aux amandes, Chocolats au lait aux amandes",nestle,nestle,nestle,False,,,no_change,,no more-specific Top 9 portfolio brand detected
8593893762848,Chocolat au lait noisettes,nestlé,nestle,snacks,FRANCE,en:france,"Snacks, Snacks sucrés, Cacao et dérivés, Chocolats, Chocolats au lait, Chocolats aux noisettes, Chocolats au lait aux noisettes, Tablettes de chocolat",nestle,nestle,nestle,False,,,no_change,,no more-specific Top 9 portfolio brand detected
8593893762862,Chocolat noir pâtissier,"nestlé, kohler",nestle,snacks,FRANCE,en:france|en:reunion,"Snacks, Snacks sucrés, Cacao et dérivés, Chocolats, Chocolats noirs",nestle; kohler,nestle,kohler,True,kohler,,top_company_portfolio_matrix_off_brands,high,current primary brand is parent/company token; another OFF brand token needs brand-level review
8593893762886,Chocolat noir 170g,"nestlé, kohler",nestle,snacks,FRANCE,en:france,"Snacks, Snacks sucrés, Cacao et dérivés, Chocolats, Chocolats noirs",nestle; kohler,nestle,kohler,True,kohler,,top_company_portfolio_matrix_off_brands,high,current primary brand is parent/company token; another OFF brand token needs brand-level review
8593893769816,Randoms juicers,nestlé,nestle,snacks,FRANCE|UK_IE,en:france|en:united-kingdom,"Sweeties,Candies",nestle,nestle,nestle,False,,,no_change,,no more-specific Top 9 portfolio brand detected
8593893782181,Extrafino,nestlé,nestle,snacks,FRANCE,en:france,"Snacks, Snacks sucrés, Cacao et dérivés, Chocolats, Chocolats au lait",nestle,nestle,nestle,False,,,no_change,,no more-specific Top 9 portfolio brand detected
8596062,noir corsé,nestlé,nestle,snacks,FRANCE,en:france,"Snacks, Snacks sucrés, Cacao et dérivés, Chocolats, Chocolats noirs, Chocolat noir en tablette extra dégustation à 70% de cacao minimum",nestle,nestle,nestle,False,,,no_change,,no more-specific Top 9 portfolio brand detected
8690632017860,crunch original t10,nestle,nestle,snacks,FRANCE,en:france,"Snacks, Snacks sucrés, Cacao et dérivés, Confiseries, Confiseries chocolatées",nestle,nestle,nestle,False,,,no_change,,no more-specific Top 9 portfolio brand detected
8690632049168,Gofret,nestle,nestle,snacks,FRANCE|DACH,en:france|en:germany|en:turkey,en:chocolate-biscuity-bars,nestle,nestle,nestle,False,,,no_change,,no more-specific Top 9 portfolio brand detected
8690632151151,gauffre chocolat au lait,nestlé,nestle,snacks,FRANCE,en:france,wafers,nestle,nestle,nestle,False,,,no_change,,no more-specific Top 9 portfolio brand detected
8690632711515,damak baklava,nestlé,nestle,snacks,FRANCE,en:france,Baklava,nestle,nestle,damak,True,damak,Nestlé,top_company_portfolio_matrix_product_name,medium,current primary brand is parent/company token; portfolio brand appears in product name
8690632994055,,nestlé,nestle,snacks,FRANCE|BENELUX,en:france|en:netherlands,"Chocolade, en:chocolate-candies",nestle,nestle,nestle,False,,,no_change,,no more-specific Top 9 portfolio brand detected
8690632994802,,"nestlé,damak",nestle,snacks,FRANCE|BENELUX,en:france|en:netherlands,"Snacks,Sweet snacks,Cocoa and its products,Chocolates,White chocolates,nl:chocolade",nestle; damak,nestle,damak,True,damak,Nestlé,top_company_portfolio_matrix_off_brands,high,current primary brand is parent/company token; portfolio brand appears in OFF brands field
8711197830814,Smarties,nestlé,nestle,snacks,FRANCE,en:france,"Snacks, Snacks sucrés, Cacao et dérivés, Confiseries, Confiseries chocolatées, Bonbons de chocolat",nestle,nestle,smarties,True,smarties,Nestlé,top_company_portfolio_matrix_product_name,medium,current primary brand is parent/company token; portfolio brand appears in product name
8717405008433,Caramel,"nestlé, conditorei coppenrath & wiese",nestle,snacks,FRANCE|UK_IE,en:france|en:united-kingdom,"Snacks, Sweet snacks, Confectioneries, Caramels",nestle; conditorei coppenrath and wiese,nestle,conditorei coppenrath and wiese,True,conditorei coppenrath and wiese,,top_company_portfolio_matrix_off_brands,high,current primary brand is parent/company token; another OFF brand token needs brand-level review
8901058856125,Kit Kat,nestlé,nestle,snacks,FRANCE,en:france,"Snacks,Snacks sucrés,Cacao et dérivés,Confiseries,Confiseries chocolatées,Barres,Barres chocolatées,Barres chocolatées biscuitées,Barre chocolatée biscuitée type KitKat",nestle,nestle,nestle,False,,,no_change,,no more-specific Top 9 portfolio brand detected
8936195060067,Smartises,nestlé,nestle,snacks,FRANCE,en:france,en:chocolate-candies,nestle,nestle,nestle,False,,,no_change,,no more-specific Top 9 portfolio brand detected
9002100023874,,"nestlé, nesquik",nestle,snacks,DACH|FRANCE,en:austria|en:france|en:germany|en:hungary,"Grickalice, Slatki zalogaji, Konditorski proizvodi, Sirup, Choco syrup",nestle; nesquik,nestle,nesquik,True,nesquik,Nestlé,top_company_portfolio_matrix_off_brands,high,current primary brand is parent/company token; portfolio brand appears in OFF brands field
9002100033521,"Flan Pâtissier ou Crème Pâtissière NESTLE Docello Étui de 1,2 kg pour 50 portions","nestlé, docello",nestle,snacks,FRANCE,en:france,"Produits déshydratés,Aides culinaires,Produits lyophilisés à reconstituer,Préparations pour desserts,Pâtisseries,Flans pâtissiers,Préparations pour desserts lactés",nestle; docello,nestle,docello,True,docello,,top_company_portfolio_matrix_off_brands,high,current primary brand is parent/company token; another OFF brand token needs brand-level review
9002100035051,Mousse Blanche NESTLE Docello Étui de 1 kg pour 97 portions,"nestlé, docello",nestle,snacks,FRANCE,en:france,"Snacks, Snacks sucrés, Biscuits et gâteaux, Gâteaux, Gâteau moelleux fourré aux fruits",nestle; docello,nestle,docello,True,docello,,top_company_portfolio_matrix_off_brands,high,current primary brand is parent/company token; another OFF brand token needs brand-level review
9002100045654,Mousse au Chocolat Blanc NESTLÉ Docello Etui de 1kg pour 85 portions,"nestlé, docello",nestle,snacks,FRANCE,en:france,"Desserts, Desserts au chocolat, Mousses au chocolat, Snacks, Snacks sucrés, Biscuits et gâteaux, Gâteaux, Gâteau moelleux fourré aux fruits, Aides culinaires, Préparations pour desserts",nestle; docello,nestle,docello,True,docello,,top_company_portfolio_matrix_off_brands,high,current primary brand is parent/company token; another OFF brand token needs brand-level review
9280420430781,Kit Kat Chunky Double Caramel,nestlé,nestle,snacks,FRANCE,en:france,"Snacks, Snacks sucrés, Cacao et dérivés, Confiseries, Barres, Confiseries chocolatées, Barres chocolatées, Barres chocolatées biscuitées",nestle,nestle,nestle,False,,,no_change,,no more-specific Top 9 portfolio brand detected
9300605021648,Nestle Cereal Bars Milo,"nestlé, milo",nestle,snacks,FRANCE,en:australia|en:france|en:new-zealand,"Snacks,Sweet snacks,Cocoa and its products,Confectioneries,Bars,Chocolate candies,Cereal bars,Bars-covered-with-chocolate",nestle; milo,nestle,milo,True,milo,Nestlé,top_company_portfolio_matrix_off_brands,high,current primary brand is parent/company token; portfolio brand appears in OFF brands field
9300605021655,Dipped Snack Bar with White Choc,nestlé milo,nestle,snacks,FRANCE,en:france,"Snacks, Sweet snacks, Bars, Cereal bars, fr:BARRE VITAMINÉE",nestle milo,nestle,milo,True,nestle milo,,top_company_portfolio_matrix_off_brands,high,current primary brand is parent/company token; another OFF brand token needs brand-level review
9300605094666,KitKat Chunky Gooey Caramel,nestlé,nestle,snacks,FRANCE,en:australia|en:france,"Snacks, Sweet snacks, Cocoa and its products, Confectioneries, Bars, Chocolate candies, Bars covered with chocolate",nestle,nestle,kitkat,True,kitkat,Nestlé,top_company_portfolio_matrix_product_name,medium,current primary brand is parent/company token; portfolio brand appears in product name
9300605117518,Kit Kat Dark,nestlé,nestle,snacks,FRANCE,en:france,"Snacks, Snacks sucrés, Cacao et dérivés, Confiseries, Barres, Confiseries chocolatées, Barres chocolatées, Barres chocolatées biscuitées, Barre chocolatée biscuitée type KitKat",nestle,nestle,nestle,False,,,no_change,,no more-specific Top 9 portfolio brand detected
9300605120686,Nesquik Chocolate Milk Flavouring,nestlé,nestle,snacks,FRANCE,en:australia|en:france|en:mauritius|en:new-zealand,"Beverages and beverages preparations,Beverages,Snacks,Sweet snacks,Cocoa and its products,Beverage preparations,Chocolates,Cocoa and chocolate powders,Instant beverages,Chocolate powders",nestle,nestle,nesquik,True,nesquik,Nestlé,top_company_portfolio_matrix_product_name,medium,current primary brand is parent/company token; portfolio brand appears in product name
9300605122994,KitKat Gold,nestlé,nestle,snacks,FRANCE,en:australia|en:france,"Snacks, Sweet snacks, Cocoa and its products, Confectioneries, Bars, Chocolate candies, Bars covered with chocolate",nestle,nestle,kitkat,True,kitkat,Nestlé,top_company_portfolio_matrix_product_name,medium,current primary brand is parent/company token; portfolio brand appears in product name
9300605247970,Kit Kat King Size,nestlé,nestle,snacks,FRANCE,en:france|en:new-zealand,"Snacks,Snacks sucrés,Cacao et dérivés,Confiseries,Barres,Confiseries chocolatées,en:bars-covered-with-chocolate,Barres chocolatées biscuitées,Barre chocolatée biscuitée type KitKat",nestle,nestle,nestle,False,,,no_change,,no more-specific Top 9 portfolio brand detected
9310060407154,Chewy choc chip,"nestlé, uncle tobys",nestle,snacks,FRANCE,en:australia|en:france,"Snacks, Sweet snacks, Bars, Cereal bars",nestle; uncle tobys,nestle,uncle tobys,True,uncle tobys,,top_company_portfolio_matrix_off_brands,high,current primary brand is parent/company token; another OFF brand token needs brand-level review
93600101,Peppermint Crisp Bar,nestlé,nestle,snacks,FRANCE,en:australia|en:france,"Snacks, Sweet snacks, Cocoa and its products, Confectioneries, Bars, Chocolate candies, Bars covered with chocolate",nestle,nestle,nestle,False,,,no_change,,no more-specific Top 9 portfolio brand detected
9453463,Smarties,nestlé,nestle,snacks,FRANCE,en:france,"Snacks, Snacks sucrés, Cacao et dérivés, Confiseries, Confiseries chocolatées",nestle,nestle,smarties,True,smarties,Nestlé,top_company_portfolio_matrix_product_name,medium,current primary brand is parent/company token; portfolio brand appears in product name
95506500,Kit Kat,nestle,nestle,snacks,FRANCE,en:france,"Snacks, Sweet snacks, Cocoa and its products, Confectioneries, Chocolate candies, Bars, Candy chocolate bars, Chocolate biscuity bars, fr:Barre chocolatée biscuitée type KitKat, en:wafers",nestle,nestle,nestle,False,,,no_change,,no more-specific Top 9 portfolio brand detected
9556001027252,Kit Kat Wafer Chocolate Flavour,"nestlé,kitkat,คิทแคท,เนสเล่",nestle,snacks,FRANCE,en:france|en:thailand,"Snacks, Sweet snacks, Cocoa and its products, Confectioneries, Chocolate candies, Bars, Candy chocolate bars, en:wafers",nestle; kitkat,nestle,kitkat,True,kitkat,Nestlé,top_company_portfolio_matrix_off_brands,high,current primary brand is parent/company token; portfolio brand appears in OFF brands field
9556001198839,Kit Kat Chunky 36g,nestle,nestle,snacks,FRANCE,en:france|en:thailand,"Snacks,Snacks sucrés,Cacao et dérivés,Confiseries,Barres,Confiseries chocolatées,en:bars-covered-with-chocolate,Barres chocolatées biscuitées,Barre chocolatée biscuitée type KitKat",nestle,nestle,nestle,False,,,no_change,,no more-specific Top 9 portfolio brand detected
9556001216144,Kit Kat Chunky Cookies & Cream,nestlé,nestle,snacks,FRANCE,en:france,"Snacks, Snacks sucrés, Cacao et dérivés, Confiseries, Barres, Confiseries chocolatées, Barres chocolatées, Barres chocolatées biscuitées",nestle,nestle,nestle,False,,,no_change,,no more-specific Top 9 portfolio brand detected
9556001227539,Kitkat Green Tea,"nestlé, kitkat, คิทแคท, เนสเล่",nestle,snacks,FRANCE,en:france|en:malaysia|en:thailand,"Snacks, Sweet snacks, Cocoa and its products, Confectioneries, Bars, Biscuits and cakes, Chocolate candies, Biscuits, Wafers, Bars covered with chocolate",nestle; kitkat,nestle,kitkat,True,kitkat,Nestlé,top_company_portfolio_matrix_off_brands,high,current primary brand is parent/company token; portfolio brand appears in OFF brands field
9556001233349,Kit Kat Chunky Peanut Butter,nestlé,nestle,snacks,FRANCE,en:france,"Snacks, Snacks sucrés, Cacao et dérivés, Confiseries, Barres, Confiseries chocolatées, Barres chocolatées, Barres chocolatées biscuitées",nestle,nestle,nestle,False,,,no_change,,no more-specific Top 9 portfolio brand detected
