matched_top9_company_group,matched_top9_brand,matched_brand_key,candidate_orphan_brand,candidate_orphan_brand_key,current_company_owner,proposed_company_owner_candidates,query_category,primary_country,observed_market_region_codes,match_rule,product_count,example_product_names,example_off_brands_raw,example_barcodes,example_image_urls,suggested_action,review_decision,review_note,final_company_owner,apply_to_mapping,apply_to_mapping_bool,review_decision_clean,target_company_owner,target_normalized_brand,target_primary_brand_db,target_brand_key,target_company_key,product_count_num,applied_by_script
PepsiCo,Lay's,lay s,Lay’s,lays,Other / not mapped to a company,PepsiCo,snacks,United States,US_CANADA,brand_prefix_concatenated_review,410,"Lays wavy | Original Wavy Potato Chips | Sour Cream & Onion Potato Chips | Barbecue Flavored Potato Chips, Barbecue | Sour Cream & Onion Flavored Potato Chips, Sour Cream & Onion","Lay's | LAY'S | Lays | Lay's, Lays | Lay's,Fritolay",16543447 | 185004690652 | 28400001748 | 28400002714 | 28400002752,https://images.openfoodfacts.org/images/products/000/001/654/3447/front_en.3.400.jpg | https://images.openfoodfacts.org/images/products/018/500/469/0652/front_en.3.400.jpg | https://images.openfoodfacts.org/images/products/002/840/000/1748/front_en.29.400.jpg,review_prefix_candidate,approve proposed,Lay's spelling/combined-brand variant.,PepsiCo,True,True,approve proposed,PepsiCo,Lay’s,Lay’s,lays,pepsico,410,True
PepsiCo,Lay's,lay s,Lay’s,lays,Other / not mapped to a company,PepsiCo,snacks,France,FRANCE,brand_prefix_concatenated_review,343,Chips tomate paprika | Chips méditerranéennes | Chips Saveur Barbecue | Chips lays | Chips nature allégée,"Lay's | Lays | Lay's, Lays, PepsiCo | Lays, lai's, lay's | Lay's, Lays",1002107806 | 1257384009757 | 131340174653 | 13173951 | 1356658935935,https://images.openfoodfacts.org/images/products/000/100/210/7806/front_fr.3.400.jpg | https://images.openfoodfacts.org/images/products/125/738/400/9757/front_fr.3.400.jpg | https://images.openfoodfacts.org/images/products/013/134/017/4653/front_fr.3.400.jpg,review_prefix_candidate,approve proposed,Lay's spelling/combined-brand variant.,PepsiCo,True,True,approve proposed,PepsiCo,Lay’s,Lay’s,lays,pepsico,343,True
Hershey,Reese's,reese s,Reese's,reeses,Other / not mapped to a company,The Hershey Company,snacks,United States,US_CANADA,brand_prefix_concatenated_review,136,"Easter chocolate candy peanut butter egg | King Size Milk Chocolate Peanut Butter Cups | Box pc peanut butter creme egg milk chocolate easter eggs candy | Creamy Peanut Butter, Caramel, Peanuts And Pecans Wrapped In Milk Chocolate Clusters, Creamy Peanut Butter, Caramel | Reese'S, Mini Sticks, Mini Crispy Wafers, Milk Chocolate, Peanut Butter, Milk Chocolate, Peanut Butter",Reese's | Reese’s | reeses | REESE'S | Reeses,34000004751 | 34000004805 | 34000012633 | 34000016075 | 34000093717,https://images.openfoodfacts.org/images/products/003/400/000/4751/front_en.3.400.jpg | https://images.openfoodfacts.org/images/products/003/400/000/4805/front_en.4.400.jpg | https://images.openfoodfacts.org/images/products/003/400/001/2633/front_en.4.400.jpg,review_prefix_candidate,approve proposed,Reese's spelling/combined-brand variant.,The Hershey Company,True,True,approve proposed,The Hershey Company,Reese's,Reese's,reeses,the hershey company,136,True
Nestlé,Essentia,essentia,essential everyday,essential everyday,Other / not mapped to a company,Nestlé,snacks,United States,US_CANADA,brand_prefix_concatenated_review,78,"Chewy chocolate chip granola bars | Oats & Honey Crunchy Granola Bars | Crunchy peanut butter granola bars, crunchy peanut butter | Fruit & Grain Bars | Blueberry frosted toaster pastries, blueberry","Essential Everyday | Essential everyday | Essential Everyday, Supervalu Inc.",41303001288 | 41303001349 | 41303001356 | 41303001400 | 41303001448,https://images.openfoodfacts.org/images/products/004/130/300/1288/front_en.4.400.jpg | https://images.openfoodfacts.org/images/products/004/130/300/1349/front_en.8.400.jpg | https://images.openfoodfacts.org/images/products/004/130/300/1400/front_en.5.400.jpg,review_prefix_candidate,reject prefix match / keep Other,False prefix: Essential Everyday/Essential brands are not Nestlé Essentia.,Other / not mapped to a company,False,False,reject prefix match / keep Other,Other / not mapped to a company,Essentia,essential everyday,essential everyday,other not mapped to a company,78,False
Coca-Cola,Monster Energy,monster energy,monster energy company,monster energy company,Other / not mapped to a company,Monster Beverage Corp (Coca-Cola 20% stake / exclusive distrib),beverages,United States,US_CANADA,brand_prefix_with_separator,57,"Original Lemonade | Mango Lemonade | Hubert's, Raspberry Lemonade, Raspberry | Peace Tea, Caddy Shack, Ice Tea + Lemonade | Peace Tea, Sweet Lemon Tea, Lemon","Monster Energy Company, Hubert's Lemonade | Monster Energy Company",70847000532 | 70847000570 | 70847000617 | 70847003670 | 70847004028,https://images.openfoodfacts.org/images/products/007/084/700/0532/front_en.5.400.jpg | https://images.openfoodfacts.org/images/products/007/084/700/4400/front_en.5.400.jpg | https://images.openfoodfacts.org/images/products/007/084/701/3426/front_en.6.400.jpg,review_prefix_candidate,approve proposed,Monster Energy Company string; keep scoped proposed owner.,Monster Beverage Corp (Coca-Cola 20% stake / exclusive distrib),True,True,approve proposed,Monster Beverage Corp (Coca-Cola 20% stake / exclusive distrib),Monster Energy,monster energy company,monster energy company,monster beverage corp coca cola 20 stake exclusive distrib,57,True
Nestlé,Essentia,essentia,essential everyday,essential everyday,Other / not mapped to a company,Nestlé,dairies,United States,US_CANADA,brand_prefix_concatenated_review,50,"Greek nonfat vanilla yogurt | CREAM CHEESE | Chive & onion | Essential everyday, mild cheddar cheese | Mexican Style Cheddar Jack Cheese","Essential everyday | Essential Everyday | Essential Everyday,Supervalu Inc. | Essential Everyday, Supervalu Inc.",14502042 | 41303006191 | 41303006269 | 41303007891 | 41303007914,https://images.openfoodfacts.org/images/products/000/001/450/2042/front_en.3.400.jpg | https://images.openfoodfacts.org/images/products/004/130/300/6191/front_en.10.400.jpg | https://images.openfoodfacts.org/images/products/004/130/300/6269/front_en.6.400.jpg,review_prefix_candidate,reject prefix match / keep Other,False prefix: Essential Everyday/Essential brands are not Nestlé Essentia.,Other / not mapped to a company,False,False,reject prefix match / keep Other,Other / not mapped to a company,Essentia,essential everyday,essential everyday,other not mapped to a company,50,False
Nestlé,Essentia,essentia,essential everyday,essential everyday,Other / not mapped to a company,Nestlé,beverages,United States,US_CANADA,brand_prefix_concatenated_review,49,"100% tomato juice from concentrate with added ingredients | Tomato Juice | 100% vegetable juice from concentrate, vegetable | Light Flavored Juice Cocktail, Cranberry | Cranberry raspberry flavored juice cocktail blend","Essential Everyday, Supervalu Inc. | Essential Everyday | Essential Everyday,Supervalu Inc. | Essential Everyday, Supervalu | Essential everyday",41303002582 | 41303002599 | 41303002629 | 41303002834 | 41303002858,https://images.openfoodfacts.org/images/products/004/130/300/2599/front_en.6.400.jpg | https://images.openfoodfacts.org/images/products/004/130/300/2834/front_en.5.400.jpg | https://images.openfoodfacts.org/images/products/004/130/300/3022/front_en.8.400.jpg,review_prefix_candidate,reject prefix match / keep Other,False prefix: Essential Everyday/Essential brands are not Nestlé Essentia.,Other / not mapped to a company,False,False,reject prefix match / keep Other,Other / not mapped to a company,Essentia,essential everyday,essential everyday,other not mapped to a company,49,False
Mondelez,Clif,clif,clif bar and company,clif bar and company,Other / not mapped to a company,Mondelez International,snacks,United States,US_CANADA,brand_prefix_with_separator,47,"Peanut butter fruit + nut bar, peanut butter | Berry almond fruit + nut bar, berry almond | Cashew fruit + nut bar, cashew | Dark chocolate almond coconut fruit + nut bar, dark chocolate almond coconut | White chocolate macadamia nutrition bar",Clif Bar And Company | Clif Bar & Company,722252014191 | 722252014207 | 722252014214 | 722252014221 | 722252100672,https://images.openfoodfacts.org/images/products/072/225/210/0672/front_en.5.400.jpg | https://images.openfoodfacts.org/images/products/072/225/216/1055/front_en.8.400.jpg | https://images.openfoodfacts.org/images/products/072/225/220/0693/front_en.5.400.jpg,review_prefix_candidate,approve proposed,Clif/Clif Bar variant.,Mondelēz International,True,True,approve proposed,Mondelēz International,Clif,clif bar and company,clif bar and company,mondelez international,47,True
PepsiCo,Lay's,lay s,Lay’s,lays,Other / not mapped to a company,PepsiCo,snacks,Belgium,BENELUX|FRANCE,brand_prefix_concatenated_review,38,Chips natures | Saveur Poulet Rôti | Cuites au four nature | Chips paysannes nature | Chips à l'ancienne nature,"Lays | Lay's, Lays, PepsiCo | Lay’s | Lay's | Lay's, Lays",3168930000877 | 3168930001591 | 3168930002987 | 3168930003823 | 3168930003830,https://images.openfoodfacts.org/images/products/316/893/000/0877/front_en.73.400.jpg | https://images.openfoodfacts.org/images/products/316/893/000/1591/front_fr.53.400.jpg | https://images.openfoodfacts.org/images/products/316/893/000/2987/front_en.134.400.jpg,review_prefix_candidate,approve proposed,Lay's spelling/combined-brand variant.,PepsiCo,True,True,approve proposed,PepsiCo,Lay’s,Lay’s,lays,pepsico,38,True
Nestlé,Essentia,essentia,essential everyday,essential everyday,Other / not mapped to a company,Nestlé,cereals,United States,US_CANADA,brand_prefix_concatenated_review,24,"Granola With Raisins & Almonds | Cinni - mini crunch cereal | Lightly Sweetened Whole Grain Wheat Cereal | Fruit Flavored Multi-Grain Sweetened Cereal | Essential everyday, crunchy rice squares, oven toasted rice cereal","Essential Everyday | Essential Everyday, Supervalu Inc. | Essential everyday",41303001516 | 41303001622 | 41303001653 | 41303001721 | 41303001912,https://images.openfoodfacts.org/images/products/004/130/300/1516/front_en.5.400.jpg | https://images.openfoodfacts.org/images/products/004/130/300/1622/front_en.5.400.jpg | https://images.openfoodfacts.org/images/products/004/130/300/1653/front_en.5.400.jpg,review_prefix_candidate,reject prefix match / keep Other,False prefix: Essential Everyday/Essential brands are not Nestlé Essentia.,Other / not mapped to a company,False,False,reject prefix match / keep Other,Other / not mapped to a company,Essentia,essential everyday,essential everyday,other not mapped to a company,24,False
Kraft Heinz,Wyler's,wyler s,wylers light,wylers light,Other / not mapped to a company,Kraft Heinz,beverages,United States,US_CANADA,brand_prefix_concatenated_review,24,Soft drink mix | Low calorie soft drink mix | Light strawberry lemonade | Low Calorie Drink Mix | Light sugar free half half iced tea with lemonade,"Wyler's Light | Wyler's Light, The Jel Sert Company | Wyler's Light, The Jel Sert Co.",52392351338 | 72392347841 | 72392351015 | 72392351022 | 72392351060,https://images.openfoodfacts.org/images/products/007/239/235/1015/front_en.5.400.jpg | https://images.openfoodfacts.org/images/products/007/239/235/1022/front_en.5.400.jpg | https://images.openfoodfacts.org/images/products/007/239/235/1091/front_en.5.400.jpg,review_prefix_candidate,approve proposed,Wyler's variant/company string.,Kraft Heinz,True,True,approve proposed,Kraft Heinz,Wyler's,wylers light,wylers light,kraft heinz,24,True
Nestlé,Essentia,essentia,essential waitrose,essential waitrose,Other / not mapped to a company,Nestlé,dairies,United Kingdom,UK_IE,brand_prefix_concatenated_review,23,Semi skimmed milk | Skimmed Milk | Waitrose semi-skimmed milk | English Mature Sliced Cheddar Slices | Low fat natural cottage cheese made from pasteurised milk,"Essential Waitrose | Essential Waitrose, Waitrose | Essential Waitrose,Waitrose | essential waitrose | ESSENTIAL WAITROSE",4210153 | 5000169015278 | 5000169015285 | 5000169015308 | 5000169026021,https://images.openfoodfacts.org/images/products/500/016/901/5278/front_en.10.400.jpg | https://images.openfoodfacts.org/images/products/500/016/901/5285/front_en.3.400.jpg | https://images.openfoodfacts.org/images/products/500/016/901/5308/front_en.5.400.jpg,review_prefix_candidate,reject prefix match / map to Waitrose,"False prefix: Essential Waitrose is Waitrose private-label, not Nestlé Essentia.",Waitrose,True,False,reject prefix match / map to Waitrose,Waitrose,Essentia,essential waitrose,essential waitrose,waitrose,23,False
Danone,Blédina,bledina,Blédina,bledina,Other / not mapped to a company,Danone,dairies,France,FRANCE,exact_brand_match,22,Blédilait Croissance | Blédîner Semoule vanille et fleur d'oranger | BLEDINA BLEDINER BRIQUES Carottes petits pois 2X250 ML Dès 12 mois | BLEDINA BLEDINER BRIQUES Epinards 2x250ml Dès 6 mois | Blédi'Délice chocolat,"blédina | Blédina | BLEDINA, Blédiner | Blédina, Danone | Blédilait, Blédina, Danone",3041090002304 | 3041090005343 | 3041090013812 | 3041090013836 | 3041090016806,https://images.openfoodfacts.org/images/products/304/109/000/2304/front_fr.9.400.jpg | https://images.openfoodfacts.org/images/products/304/109/001/3812/front_fr.5.400.jpg | https://images.openfoodfacts.org/images/products/304/109/001/3836/front_fr.14.400.jpg,review_prefix_candidate,approve proposed,Blédina variant/company string.,Danone,True,True,approve proposed,Danone,Blédina,Blédina,bledina,danone,22,True
Mondelez,Chips Ahoy!,chips ahoy,Chips Ahoy!,chips ahoy,Other / not mapped to a company,Mondelez International,snacks,United States,US_CANADA,exact_brand_match,18,"Minis | Reese’s Cookies | Chunky | Chips Ahoy! Chewy | Chips Ahoy!, Soft Chunky Original Cookies, Original",Chips Ahoy! | Chips Ahoy | Chips ahoy,44000006792 | 44000024567 | 44000029548 | 44000033392 | 44000044664,https://images.openfoodfacts.org/images/products/004/400/000/6792/front_en.36.400.jpg | https://images.openfoodfacts.org/images/products/004/400/002/4567/front_en.6.400.jpg | https://images.openfoodfacts.org/images/products/004/400/002/9548/front_en.11.400.jpg,review_prefix_candidate,approve proposed,Chips Ahoy! variant/company string.,Mondelēz International,True,True,approve proposed,Mondelēz International,Chips Ahoy!,Chips Ahoy!,chips ahoy,mondelez international,18,True
Mondelez,Milka,milka,milkana,milkana,Other / not mapped to a company,Mondelez International,dairies,France,FRANCE,brand_prefix_concatenated_review,18,So good! - saveur fraise | So Good banana flavour | Stick au fromage | Pocket banane saveur vanille | Spécialité fromagère au gouda (21% M.G.),"Milkana, Savencia",3451790012624 | 3451790012631 | 3451790016226 | 3451790016769 | 3451790167492,https://images.openfoodfacts.org/images/products/345/179/001/2624/front_fr.14.400.jpg | https://images.openfoodfacts.org/images/products/345/179/001/2631/front_fr.9.400.jpg | https://images.openfoodfacts.org/images/products/345/179/001/6226/front_fr.3.400.jpg,review_prefix_candidate,reject prefix match / keep Other,False prefix: Milkana/Milkadamia/Milkaut are not Milka.,Other / not mapped to a company,False,False,reject prefix match / keep Other,Other / not mapped to a company,Milka,milkana,milkana,other not mapped to a company,18,False
Hershey,Reese's,reese s,Reese's,reeses,Other / not mapped to a company,The Hershey Company,snacks,France,FRANCE|US_CANADA,brand_prefix_concatenated_review,18,Reese's Puffs Treats | Snack mix | Popped snack mix | PEANUT BUTTER CUPS HILL CHOCOLATE & PEANUT BUTTER | Milk chocolate peanut butter cups,Reese's | Reese s,16000144811 | 34000210787 | 34000214662 | 34000402113 | 34000402212,https://images.openfoodfacts.org/images/products/001/600/014/4811/front_en.32.400.jpg | https://images.openfoodfacts.org/images/products/003/400/021/0787/front_fr.4.400.jpg | https://images.openfoodfacts.org/images/products/003/400/021/4662/front_en.13.400.jpg,review_prefix_candidate,approve proposed,Reese's spelling/combined-brand variant.,The Hershey Company,True,True,approve proposed,The Hershey Company,Reese's,Reese's,reeses,the hershey company,18,True
Danone,Dannon,dannon,dannon light fit,dannon light fit,Other / not mapped to a company,Danone,dairies,United States,US_CANADA,brand_prefix_with_separator,17,light+fit peach | Original vanilla | Greek toasted marshmallow | Greek strawberry cheesecake | key lime pie,Dannon Light + Fit | DANNON LIGHT + FIT | Dannon LIGHT + FIT | Dannon Light+Fit,36632013088 | 36632013095 | 36632013293 | 36632024947 | 36632024954,https://images.openfoodfacts.org/images/products/003/663/201/3088/front_en.7.400.jpg | https://images.openfoodfacts.org/images/products/003/663/201/3095/front_en.5.400.jpg | https://images.openfoodfacts.org/images/products/003/663/201/3293/front_en.17.400.jpg,review_prefix_candidate,approve proposed,Dannon variant/company string.,Danone,True,True,approve proposed,Danone,Dannon,dannon light fit,dannon light fit,danone,17,True
Nestlé,Gourmet,gourmet,gourmet select,gourmet select,Other / not mapped to a company,Nestle,snacks,United States,US_CANADA,brand_prefix_with_separator,17,"Gourmet select, holiday popcorn tin | Gourmet select, holiday popcorn, caramel, cheese & butter | Gourmet select, premium air popped popcorn, white cheddar | Gourmet select, pretzel chips, chcolate | Gourmet select, dipped pretzel chips, white chocolate","Gourmet Select, Gourmet Gift Concepts | Gourmet Select",811627020094 | 811627020117 | 811627020377 | 811627020407 | 811627020414,,review_prefix_candidate,reject prefix match / keep Other,False/generic prefix: Gourmet* here is not Nestlé Gourmet.,Other / not mapped to a company,False,False,reject prefix match / keep Other,Other / not mapped to a company,Gourmet,gourmet select,gourmet select,other not mapped to a company,17,False
Nestlé,Fitness,fitness,Fitness,fitness,Other / not mapped to a company,Cereal Partners Worldwide,cereals,France,FRANCE,exact_brand_match,16,Fitness Croquant d'Avoine - Pépites croustillantes d'avoine au bon goût de miel | Fitness Croquant d'avoine | Fitness Bio | Fitness nutritious energy CHOCOLATE | Nestle fitness honey and almond,"Nestlé, Fitness | Fitness",2000000064050 | 35033141 | 4390834479483 | 5900020020932 | 7613032309459,https://images.openfoodfacts.org/images/products/200/000/006/4050/front_fr.6.400.jpg | https://images.openfoodfacts.org/images/products/000/003/503/3141/front_fr.4.400.jpg | https://images.openfoodfacts.org/images/products/439/083/447/9483/front_fr.3.400.jpg,review_prefix_candidate,map to Cereal Partners Worldwide,Fitness cereal/snack-cereal line in Europe; route to CPW for launch.,Cereal Partners Worldwide,True,True,map to Cereal Partners Worldwide,Cereal Partners Worldwide,Fitness,Fitness,fitness,cereal partners worldwide,16,True
PepsiCo,Lay's,lay s,Lay’s,lays,Other / not mapped to a company,PepsiCo,snacks,France,FRANCE|SOUTHERN_EUROPE,brand_prefix_concatenated_review,16,Lay's Paysanne saveur fromage frais ail de Garonne et fines herbes | Horno Al punto de sal | Patatas fritas Cheese & Onion bolsa 170 g | Al punto de sal | Lay's Campesina 133GR,"Lay's, Lays | Lay's | Lay´s | Lay's,PepsiCo",3168930167952 | 8410199002402 | 8410199006172 | 8410199006882 | 8410199008299,https://images.openfoodfacts.org/images/products/316/893/016/7952/front_fr.44.400.jpg | https://images.openfoodfacts.org/images/products/841/019/900/2402/front_es.140.400.jpg | https://images.openfoodfacts.org/images/products/841/019/900/6172/front_es.29.400.jpg,review_prefix_candidate,approve proposed,Lay's spelling/combined-brand variant.,PepsiCo,True,True,approve proposed,PepsiCo,Lay’s,Lay’s,lays,pepsico,16,True
Hershey,Reese's,reese s,Reese's,reeses,Other / not mapped to a company,The Hershey Company,snacks,France,FRANCE,brand_prefix_concatenated_review,16,Reese's Sticks | Reese's Nutrageous | Reese’s Nutrageous | resses | BIG CUP 2 MILK CHOCOLATE & PEANUT BUTTER CUPS,Reese's | Reese’s,3144550003160 | 34000000050 | 34000109395 | 340001094180 | 34000151271,https://images.openfoodfacts.org/images/products/314/455/000/3160/front_fr.10.400.jpg | https://images.openfoodfacts.org/images/products/003/400/000/0050/front_fr.28.400.jpg | https://images.openfoodfacts.org/images/products/003/400/010/9395/front_fr.45.400.jpg,review_prefix_candidate,approve proposed,Reese's spelling/combined-brand variant.,The Hershey Company,True,True,approve proposed,The Hershey Company,Reese's,Reese's,reeses,the hershey company,16,True
Nestlé,Vitaflo,vitaflo,vitaflor,vitaflor,Other / not mapped to a company,Nestlé,beverages,France,FRANCE,brand_prefix_concatenated_review,16,Camomille romaine | Camomille | Thé sauge | Vitaflor Sève De Bouleau 250ML | Tisane minceur détox goût naturel gingembre doux,"Vitaflor | Vitaflor, Vitaflor Bio",3175681003767 | 3175681003774 | 3175681004368 | 3175681068131 | 3175681082311,https://images.openfoodfacts.org/images/products/317/568/100/3767/front_fr.4.400.jpg | https://images.openfoodfacts.org/images/products/317/568/100/3774/front_fr.4.400.jpg | https://images.openfoodfacts.org/images/products/317/568/100/4368/front_fr.3.400.jpg,review_prefix_candidate,reject prefix match / keep Other,False prefix: Vitaflor is not Vitaflo.,Other / not mapped to a company,False,False,reject prefix match / keep Other,Other / not mapped to a company,Vitaflo,vitaflor,vitaflor,other not mapped to a company,16,False
PepsiCo,Pepsi,pepsi,pepsico,pepsico,Other / not mapped to a company,PepsiCo,beverages,France,FRANCE,brand_prefix_concatenated_review,14,"Pitch black soda | Rockstar kiwi watermelon | 7up | 7UP saveur mojito citron vert & menthe 1,5 L | Seven Up","Pepsico | Pepsico, Rockstar | PepsiCo | Pepsico, Seven up | pepsico",12000547409 | 3168930168881 | 3502110005694 | 3502110006271 | 4060800107008,https://images.openfoodfacts.org/images/products/001/200/054/7409/front_fr.10.400.jpg | https://images.openfoodfacts.org/images/products/316/893/016/8881/front_fr.42.400.jpg | https://images.openfoodfacts.org/images/products/350/211/000/5694/front_fr.15.400.jpg,review_prefix_candidate,approve proposed,Pepsi variant/company string.,PepsiCo,True,True,approve proposed,PepsiCo,Pepsi,pepsico,pepsico,pepsico,14,True
Nestlé,Fitness,fitness,Fitness,fitness,Other / not mapped to a company,Cereal Partners Worldwide,snacks,France,FRANCE,exact_brand_match,13,Granola bar | Fitness chocolat au lait | Barres Fitness Chocolat Blanc | Fitness crunchy caramel | Barre de céréales Fitness Crunchy Caramel,"Fitness, Hema | Nestlé | Nestlé, Fitness | Nestlé, Fitness, Fitness Délice | Fitness",2011570499994 | 5900020010261 | 5900020012012 | 5900020022370 | 5900020023377,https://images.openfoodfacts.org/images/products/201/157/049/9994/front_fr.10.400.jpg | https://images.openfoodfacts.org/images/products/590/002/001/0261/front_fr.9.400.jpg | https://images.openfoodfacts.org/images/products/590/002/001/2012/front_fr.7.400.jpg,review_prefix_candidate,map to Cereal Partners Worldwide,Fitness cereal/snack-cereal line in Europe; route to CPW for launch.,Cereal Partners Worldwide,True,True,map to Cereal Partners Worldwide,Cereal Partners Worldwide,Fitness,Fitness,fitness,cereal partners worldwide,13,True
Nestlé,Bakers,bakers,bakers corner,bakers corner,Other / not mapped to a company,Nestlé,snacks,United States,US_CANADA,brand_prefix_with_separator,12,Semi-Sweet Chocolate Baking Bar | Giant Marshmallows | Marshmallows | Mini Marshmallows | Semi-Sweet Chocolate Morsels,"Baker's Corner | Bakers corner | Baker's Corner, Aldi",4061459663495 | 4061459663549 | 4099100071856 | 4099100093216 | 4099100093223,https://images.openfoodfacts.org/images/products/406/145/966/3495/front_en.3.400.jpg | https://images.openfoodfacts.org/images/products/406/145/966/3549/front_en.12.400.jpg | https://images.openfoodfacts.org/images/products/409/910/007/1856/front_en.5.400.jpg,review_prefix_candidate,reject prefix match / keep Other,False/generic/private-label prefix: Baker(s)* here is not Nestlé Bakers.,Other / not mapped to a company,False,False,reject prefix match / keep Other,Other / not mapped to a company,Bakers,bakers corner,bakers corner,other not mapped to a company,12,False
Nestlé,Gourmet,gourmet,gourmet in love,gourmet in love,Other / not mapped to a company,Nestle,beverages,France,FRANCE,brand_prefix_with_separator,11,"Le thé Blanc | Café Saveur Noisette 125 g - Cafés Aromatisés - Gourmet In Love | Le Cacao , 200g | Le thé vert menthe | Le thé noir saveur figue, orange et miel",Gourmet in Love | Gourmet In Love | Gourmet in love,3662051000162 | 3662051000797 | 3662051000957 | 3662051003484 | 3662051003507,https://images.openfoodfacts.org/images/products/366/205/100/0162/front_fr.4.400.jpg | https://images.openfoodfacts.org/images/products/366/205/100/0797/front_fr.4.400.jpg | https://images.openfoodfacts.org/images/products/366/205/100/0957/front_fr.4.400.jpg,review_prefix_candidate,reject prefix match / keep Other,False/generic prefix: Gourmet* here is not Nestlé Gourmet.,Other / not mapped to a company,False,False,reject prefix match / keep Other,Other / not mapped to a company,Gourmet,gourmet in love,gourmet in love,other not mapped to a company,11,False
PepsiCo,Lay's,lay s,Lay’s,lays,Other / not mapped to a company,PepsiCo,snacks,United Kingdom,UK_IE,brand_prefix_concatenated_review,11,Karbowane chipsy | Lays | Lays Maxx | Cheese flavoured | Tomato lays,"Lay's | Lay's, Lays | Lay's, | Lays | Lay’s",5900259096746 | 5900259096777 | 5900259096869 | 5900259098191 | 5900259098269,https://images.openfoodfacts.org/images/products/590/025/909/6746/front_en.3.400.jpg | https://images.openfoodfacts.org/images/products/590/025/909/6777/front_en.3.400.jpg | https://images.openfoodfacts.org/images/products/590/025/909/6869/front_en.5.400.jpg,review_prefix_candidate,approve proposed,Lay's spelling/combined-brand variant.,PepsiCo,True,True,approve proposed,PepsiCo,Lay’s,Lay’s,lays,pepsico,11,True
Danone,Blédina,bledina,Blédina,bledina,Other / not mapped to a company,Danone,snacks,France,FRANCE,exact_brand_match,10,Bledina mon premier boudoir | Mon premier petit beurre pépites de chocolat | BLEDINA Mon Premier Petit Beurre 133g dès 12 mois | BLEDINA Les recoltes Bio Mon 1er Biscuit Vanille 150 g dès 12 mois | Mon premier biscuit,"Autres secs, Blédina, Blédiscuit, Danone | Autres secs, Blédina | Autres secs, Blédina, Danone | Blédina, Les recoltes bio | Bledina, Danone, Les recoltes bio",3041090010866 | 3041091200594 | 3041091200600 | 3041091346667 | 3041091346674,https://images.openfoodfacts.org/images/products/304/109/001/0866/front_fr.52.400.jpg | https://images.openfoodfacts.org/images/products/304/109/120/0594/front_fr.41.400.jpg | https://images.openfoodfacts.org/images/products/304/109/120/0600/front_en.33.400.jpg,review_prefix_candidate,approve proposed,Blédina variant/company string.,Danone,True,True,approve proposed,Danone,Blédina,Blédina,bledina,danone,10,True
Nestlé,Essentia,essentia,essential waitrose,essential waitrose,Other / not mapped to a company,Nestlé,snacks,United Kingdom,UK_IE,brand_prefix_concatenated_review,10,Cream Crackers | Fruit shortcake biscuits | Ginger Nuts | Malted milk biscuits | Rich tea biscuits,Essential Waitrose,5000169016671 | 5000169032534 | 5000169068830 | 5000169072646 | 5000169208564,https://images.openfoodfacts.org/images/products/500/016/901/6671/front_en.10.400.jpg | https://images.openfoodfacts.org/images/products/500/016/903/2534/front_en.11.400.jpg | https://images.openfoodfacts.org/images/products/500/016/906/8830/front_en.10.400.jpg,review_prefix_candidate,reject prefix match / map to Waitrose,"False prefix: Essential Waitrose is Waitrose private-label, not Nestlé Essentia.",Waitrose,True,False,reject prefix match / map to Waitrose,Waitrose,Essentia,essential waitrose,essential waitrose,waitrose,10,False
Nestlé,Gourmet,gourmet,gourmet finest cuisine,gourmet finest cuisine,Other / not mapped to a company,Nestle,snacks,France,FRANCE,brand_prefix_with_separator,10,Cheesecake Caramel salé | Briós X-mas Star | Pralines belges | Biscuits croustillants de Pâques | Sable de noel,"Gourmet Finest Cuisine,Aldi | Gourmet Finest Cuisine",2006050142941 | 4061464065208 | 4068261018369 | 4068262076108 | 4068262081461,https://images.openfoodfacts.org/images/products/200/605/014/2941/front_fr.3.400.jpg | https://images.openfoodfacts.org/images/products/406/146/406/5208/front_hu.8.400.jpg | https://images.openfoodfacts.org/images/products/406/826/101/8369/front_fr.5.400.jpg,review_prefix_candidate,reject prefix match / keep Other,False/generic prefix: Gourmet* here is not Nestlé Gourmet.,Other / not mapped to a company,False,False,reject prefix match / keep Other,Other / not mapped to a company,Gourmet,gourmet finest cuisine,gourmet finest cuisine,other not mapped to a company,10,False
PepsiCo,Lay's,lay s,Lay’s,lays,Other / not mapped to a company,PepsiCo,snacks,France,FRANCE|DACH,brand_prefix_concatenated_review,10,Chips paysannes | Chips paysannes nature format familial | Lay's saveur poulet rôti maxi format | Chips recette paysanne nature | Chips saveur poulet rôti,Lay's,3168930009030 | 3168930009054 | 3168930009641 | 3168930168133 | 3168930175261,https://images.openfoodfacts.org/images/products/316/893/000/9030/front_en.100.400.jpg | https://images.openfoodfacts.org/images/products/316/893/000/9054/front_en.62.400.jpg | https://images.openfoodfacts.org/images/products/316/893/000/9641/front_fr.10.400.jpg,review_prefix_candidate,approve proposed,Lay's spelling/combined-brand variant.,PepsiCo,True,True,approve proposed,PepsiCo,Lay’s,Lay’s,lays,pepsico,10,True
Coca-Cola,Coca-Cola,coca cola,coca cola company,coca cola company,Other / not mapped to a company,The Coca-Cola Company,beverages,France,FRANCE,brand_prefix_with_separator,9,Thé glacé bio pêche romarin | Sparletta South African Stoney Ginger Beer | Fine bulles - Pomme-citron & gentiane | Coca-Cola zéro sucres | hawai ananas 1.3l,"Coca-Cola Company, Honest | Coca-Cola Company | Coca Cola Company, Finley | coca cola company",54008380 | 5449000106421 | 5449000109538 | 5449000185358 | 5449000259189,https://images.openfoodfacts.org/images/products/000/005/400/8380/front_fr.26.400.jpg | https://images.openfoodfacts.org/images/products/544/900/010/6421/front_fr.7.400.jpg | https://images.openfoodfacts.org/images/products/544/900/010/9538/front_fr.15.400.jpg,review_prefix_candidate,approve proposed,Coca-Cola variant/company string.,The Coca-Cola Company,True,True,approve proposed,The Coca-Cola Company,Coca-Cola,coca cola company,coca cola company,the coca cola company,9,True
Nestlé,Milo,milo,milos,milos,Other / not mapped to a company,Nestlé,beverages,United States,US_CANADA,brand_prefix_concatenated_review,9,Famous Sweet Tea | Zero Sugar Sweet Tea | Decaf Sweet Tea | Lemonade | Extra Sweet Tea,MILO'S | Milo's | Milo’s,91475041896 | 91475630045 | 91475630069 | 91475750002 | 91475850009,https://images.openfoodfacts.org/images/products/009/147/504/1896/front_en.43.400.jpg | https://images.openfoodfacts.org/images/products/009/147/563/0045/front_en.9.400.jpg | https://images.openfoodfacts.org/images/products/009/147/563/0069/front_en.16.400.jpg,review_prefix_candidate,reject prefix match / keep Other,False prefix: Milos is not Milo.,Other / not mapped to a company,False,False,reject prefix match / keep Other,Other / not mapped to a company,Milo,milos,milos,other not mapped to a company,9,False
Hershey,Reese's,reese s,Reese's,reeses,Other / not mapped to a company,The Hershey Company,cereals,United States,US_CANADA,brand_prefix_concatenated_review,9,Reeses puffs bunnies cereal | Reese’s puffs | Reese puffs cereal | Sweet & crunchy corn puffs | Peanut Butter Sweet & Crunchy Corn Puffs,"Reese's, General Mills | Reese's | REESE'S",16000127388 | 16000163980 | 16000171756 | 16000288874 | 16000452886,https://images.openfoodfacts.org/images/products/001/600/012/7388/front_en.4.400.jpg | https://images.openfoodfacts.org/images/products/001/600/016/3980/front_en.10.400.jpg | https://images.openfoodfacts.org/images/products/001/600/017/1756/front_en.3.400.jpg,review_prefix_candidate,approve proposed,Reese's spelling/combined-brand variant.,The Hershey Company,True,True,approve proposed,The Hershey Company,Reese's,Reese's,reeses,the hershey company,9,True
Hershey,Reese's,reese s,Reese's,reeses,Other / not mapped to a company,The Hershey Company,snacks,United Kingdom,UK_IE,brand_prefix_concatenated_review,9,Dipped Pretzels | Reese’s Pieces Egg | Peanut Butter Bar | Peanut Butter Trees Milk Chocolate & Peanut Butter | Peanut Butter Cups,"Reese’s | Reese's | Reeses | Reese's,Hershey's,OhHenry!",34000217595 | 34000431540 | 34000443659 | 34000473700 | 34000939572,https://images.openfoodfacts.org/images/products/003/400/021/7595/front_en.5.400.jpg | https://images.openfoodfacts.org/images/products/003/400/043/1540/front_en.3.400.jpg | https://images.openfoodfacts.org/images/products/003/400/044/3659/front_en.24.400.jpg,review_prefix_candidate,approve proposed,Reese's spelling/combined-brand variant.,The Hershey Company,True,True,approve proposed,The Hershey Company,Reese's,Reese's,reeses,the hershey company,9,True
Mondelez,Chips Ahoy!,chips ahoy,Chips Ahoy!,chips ahoy,Other / not mapped to a company,Mondelez International,snacks,France,FRANCE|SOUTHERN_EUROPE,exact_brand_match,8,Extra tiernas galletas con pepitas de chocolate | Cookies | Extra chocolate | Original | Mini,"Chips Ahoy! | chips ahoy | Chips Ahoy | Chips Ahoy!,Mondelez",7622210402028 | 7622210497536 | 7622210604873 | 8410000002904 | 8410000802771,https://images.openfoodfacts.org/images/products/762/221/040/2028/front_fr.16.400.jpg | https://images.openfoodfacts.org/images/products/762/221/049/7536/front_fr.4.400.jpg | https://images.openfoodfacts.org/images/products/762/221/060/4873/front_fr.15.400.jpg,review_prefix_candidate,approve proposed,Chips Ahoy! variant/company string.,Mondelēz International,True,True,approve proposed,Mondelēz International,Chips Ahoy!,Chips Ahoy!,chips ahoy,mondelez international,8,True
Nestlé,La Vie,la vie,la vie de chateau,la vie de chateau,Other / not mapped to a company,Nestlé,dairies,France,FRANCE,brand_prefix_with_separator,8,Emmental Français | Emmental Bio | Comté 32 % | Bleu Doux 26 % | Cantal AOP Jeune,"La vie de château | La Vie de Château | La Vie De Chateau | La vie de chateau | La Vie de Château, Myrtis",2000000037076 | 3492842517001 | 3492843339008 | 3492843340004 | 3492843556009,https://images.openfoodfacts.org/images/products/200/000/003/7076/front_fr.8.400.jpg | https://images.openfoodfacts.org/images/products/349/284/251/7001/front_fr.4.400.jpg | https://images.openfoodfacts.org/images/products/349/284/333/9008/front_fr.17.400.jpg,review_prefix_candidate,reject prefix match / keep Other,False prefix: La Vie de Château is not Nestlé La Vie.,Other / not mapped to a company,False,False,reject prefix match / keep Other,Other / not mapped to a company,La Vie,la vie de chateau,la vie de chateau,other not mapped to a company,8,False
Nestlé,Orgain,orgain,orgain inc,orgain inc,Other / not mapped to a company,Nestlé,beverages,United States,US_CANADA,brand_prefix_with_separator,8,"Organic nutrition shake chocolate kids | Orgain Kids Protein | Strawberries & Cream All-In-One Nutritional Shake | Orgain, organic hydration powder | Orgain, Organic Hydration Powder, Orange",Orgain Inc.,851770003001 | 851770003018 | 851770003063 | 851770003452 | 851770003490,https://images.openfoodfacts.org/images/products/085/177/000/3001/front_en.10.400.jpg | https://images.openfoodfacts.org/images/products/085/177/000/3018/front_en.5.400.jpg | https://images.openfoodfacts.org/images/products/085/177/000/3063/front_en.5.400.jpg,review_prefix_candidate,approve proposed,Orgain variant/company string.,Nestlé,True,True,approve proposed,Nestlé,Orgain,orgain inc,orgain inc,nestle,8,True
Nestlé,Bakers,bakers,bakers treat,bakers treat,Other / not mapped to a company,Nestlé,snacks,United States,US_CANADA,brand_prefix_with_separator,7,Peanut Butter Wafers | Confetti Cake Mini Muffins | mini muffins chocolate chip | Mini Muffins Chocolate Chip | Mini muffins maple 5 packs of 20 muffins,Baker's Treat | Baker’s treat,4099100027075 | 4099100052527 | 4099100239164 | 4099100306309 | 4099100347692,https://images.openfoodfacts.org/images/products/409/910/002/7075/front_en.19.400.jpg | https://images.openfoodfacts.org/images/products/409/910/005/2527/front_en.13.400.jpg | https://images.openfoodfacts.org/images/products/409/910/023/9164/front_en.12.400.jpg,review_prefix_candidate,reject prefix match / keep Other,False/generic/private-label prefix: Baker(s)* here is not Nestlé Bakers.,Other / not mapped to a company,False,False,reject prefix match / keep Other,Other / not mapped to a company,Bakers,bakers treat,bakers treat,other not mapped to a company,7,False
Nestlé,Beyond,beyond,beyond good,beyond good,Other / not mapped to a company,Nestlé,snacks,United States,US_CANADA,brand_prefix_with_separator,7,Salted Caramel | Pure Dark 92% Cocoa Madagascar Chocolate Melts | Hazelnut | PURE DARK 60% COCOA UGANDA CHOCOLATE MELTS | Dark chocolate with sea salt and nibs,Beyond Good | BEYOND GOOD | Beyond good,898575001153 | 898575003010 | 898575003058 | 898575003195 | 898575003768,https://images.openfoodfacts.org/images/products/089/857/500/1153/front_en.4.400.jpg | https://images.openfoodfacts.org/images/products/089/857/500/3010/front_en.3.400.jpg | https://images.openfoodfacts.org/images/products/089/857/500/3058/front_en.19.400.jpg,review_prefix_candidate,reject prefix match / keep Other,False prefix: Beyond* here is not a Nestlé brand in this context.,Other / not mapped to a company,False,False,reject prefix match / keep Other,Other / not mapped to a company,Beyond,beyond good,beyond good,other not mapped to a company,7,False
Nestlé,Fitness,fitness,Fitness,fitness,Other / not mapped to a company,Cereal Partners Worldwide,snacks,France,FRANCE|SOUTHERN_EUROPE,exact_brand_match,7,Nestlé Fitness Cereal Bar Strawberry | fitness | Chocolate fitness | Nestlé Fitness 8X23.5G Suklaa Viljavälipalapatukka | Fitness,"Fitness | fitness | Nestlé, Fitness | Nestlé | Nestle",3387390320350 | 3387390320374 | 5900020012654 | 5900020019684 | 5900020025210,https://images.openfoodfacts.org/images/products/338/739/032/0350/front_fr.12.400.jpg | https://images.openfoodfacts.org/images/products/338/739/032/0374/front_en.6.400.jpg | https://images.openfoodfacts.org/images/products/590/002/001/2654/front_it.18.400.jpg,review_prefix_candidate,map to Cereal Partners Worldwide,Fitness cereal/snack-cereal line in Europe; route to CPW for launch.,Cereal Partners Worldwide,True,True,map to Cereal Partners Worldwide,Cereal Partners Worldwide,Fitness,Fitness,fitness,cereal partners worldwide,7,True
Nestlé,Mövenpick,movenpick,Mövenpick,movenpick,Other / not mapped to a company,Froneri,dairies,France,FRANCE|DACH,exact_brand_match,7,Feinjoghurt - Kirsche | Rahmjoghurt diverse Sorten | Iced Coffee - Cappuccino | Pudding - Bourbon-Vanille mit Schokostückchen | Mango-Vanille,"Mövenpick, Privatmolkerei Bauer | Mövenpick,Privatmolkerei Bauer | Bauer, Mövenpick | Mövenpick",4002334107635 | 4002334107642 | 4002334110321 | 4002334111601 | 4002334117498,https://images.openfoodfacts.org/images/products/400/233/410/7635/front_de.95.400.jpg | https://images.openfoodfacts.org/images/products/400/233/410/7642/front_de.24.400.jpg | https://images.openfoodfacts.org/images/products/400/233/411/0321/front_de.36.400.jpg,review_prefix_candidate,approve proposed,Mövenpick ice cream/frozen brand proposal.,Froneri,True,True,approve proposed,Froneri,Mövenpick,Mövenpick,movenpick,froneri,7,True
PepsiCo,Walkers,walkers,walkers shortbread ltd,walkers shortbread ltd,Other / not mapped to a company,PepsiCo,snacks,United States,US_CANADA,brand_prefix_with_separator,7,"Walkers, Pure Butter Shortbread Rounds | Walkers pure butter shortbread rounds traditional | Walkers, Thick & Crunchy Oatcakes | Walkers, Pure Butter Shortbread Assortment | Walkers, Festive Shapes Pure Butter Shortbread",Walkers Shortbread Ltd.,39047001077 | 39047001480 | 39047002067 | 39047013902 | 39047015432,https://images.openfoodfacts.org/images/products/003/904/700/1480/front_en.5.400.jpg,review_prefix_candidate,reject prefix match / keep Other,False prefix: Walkers Shortbread is not PepsiCo Walkers crisps.,Other / not mapped to a company,False,False,reject prefix match / keep Other,Other / not mapped to a company,Walkers,walkers shortbread ltd,walkers shortbread ltd,other not mapped to a company,7,False
Mondelez,Cadbury,cadbury,cadburys,cadburys,Other / not mapped to a company,Mondelez International,snacks,United Kingdom,UK_IE,brand_prefix_concatenated_review,6,Fudge | Mini snow balls chocolate imp | Delights salted caramel bar | crunchie 7 BARS | Freddo,Cadbury’s | cadburys | Cadburys | Cadbury's,57030616 | 7622201674069 | 7622201700416 | 7622202229190 | 7622202260834,https://images.openfoodfacts.org/images/products/000/005/703/0616/front_en.16.400.jpg | https://images.openfoodfacts.org/images/products/762/220/167/4069/front_en.3.400.jpg | https://images.openfoodfacts.org/images/products/762/220/170/0416/front_en.3.400.jpg,review_prefix_candidate,map to Mondelēz International,Cadbury is market-scoped; non-US rows route to Mondelēz for launch.,Mondelēz International,True,True,map to Mondelēz International,Mondelēz International,Cadbury,cadburys,cadburys,mondelez international,6,True
Nestlé,Chef,chef,chef robert irvines,chef robert irvines,Other / not mapped to a company,Nestlé,snacks,United States,US_CANADA,brand_prefix_with_separator,6,"FIT CRUNCH Chocolate Chip Cookie Dough High Protein Baked Bar | Peanut Butter Blast Loaded Cookie | fit crunch, whey protein baked bar, cookies and cream | Protein Bar, Fit Crunch | Fit Crunch, Whey Protein Baked Bar, Peanut Butter",Chef Robert Irvine's,817719020386 | 817719022045 | 839138002538 | 839138002552 | 839138002620,https://images.openfoodfacts.org/images/products/081/771/902/0386/front_en.44.400.jpg | https://images.openfoodfacts.org/images/products/081/771/902/2045/front_en.6.400.jpg | https://images.openfoodfacts.org/images/products/083/913/800/2620/front_en.7.400.jpg,review_prefix_candidate,reject prefix match / keep Other,False/generic prefix: Chef* here is not Nestlé Chef.,Other / not mapped to a company,False,False,reject prefix match / keep Other,Other / not mapped to a company,Chef,chef robert irvines,chef robert irvines,other not mapped to a company,6,False
Nestlé,Essentia,essentia,essential waitrose,essential waitrose,Other / not mapped to a company,Nestlé,cereals,United Kingdom,UK_IE,brand_prefix_concatenated_review,6,Fruit and Nut Muesli | Porridge oats with wheatbran | High Fibre Bran Sticks | Multi Grain Hoops | high fibre bran sticks,"Essential Waitrose | Essential waitrose,Waitrose | Essential waitrose | Essential Waitrose,Waitrose",5000169043240 | 5000169049099 | 5000169569740 | 5000169579336 | 5000169632710,https://images.openfoodfacts.org/images/products/500/016/904/3240/front_en.5.400.jpg | https://images.openfoodfacts.org/images/products/500/016/904/9099/front_fr.4.400.jpg | https://images.openfoodfacts.org/images/products/500/016/956/9740/front_en.23.400.jpg,review_prefix_candidate,reject prefix match / map to Waitrose,"False prefix: Essential Waitrose is Waitrose private-label, not Nestlé Essentia.",Waitrose,True,False,reject prefix match / map to Waitrose,Waitrose,Essentia,essential waitrose,essential waitrose,waitrose,6,False
Nestlé,Essentia,essentia,essential waitrose and partners,essential waitrose and partners,Other / not mapped to a company,Nestlé,dairies,United Kingdom,UK_IE,brand_prefix_concatenated_review,6,Essential Waitrose Semi-skimmed Milk 1.7% Fat 4 Pints | GREEK FETA | Cheesy Slices | 30% Reduced Fat Italian Mozzarella | Sliced Mozzarella,Essential waitrose & partners | ESSENTIAL WAITROSE & PARTNERS | Essential Waitrose & Partners,5000169015322 | 5000169157428 | 5000169225356 | 5000169567722 | 5000169577868,https://images.openfoodfacts.org/images/products/500/016/901/5322/front_en.18.400.jpg | https://images.openfoodfacts.org/images/products/500/016/915/7428/front_en.17.400.jpg | https://images.openfoodfacts.org/images/products/500/016/922/5356/front_en.3.400.jpg,review_prefix_candidate,reject prefix match / map to Waitrose,"False prefix: Essential Waitrose is Waitrose private-label, not Nestlé Essentia.",Waitrose,True,False,reject prefix match / map to Waitrose,Waitrose,Essentia,essential waitrose and partners,essential waitrose and partners,waitrose,6,False
Nestlé,Hépar,hepar,Hépar,hepar,Other / not mapped to a company,Nestlé,beverages,Belgium,BENELUX|FRANCE,exact_brand_match,6,Hépar | Eau minérale naturelle (6 x 1 L) Hépar | Hépar /Eau minéral naturel /mini dose | hepar | HEPAR,"Hépar | Nestlé,Hépar,Nestlé Waters | Hepar | hepar,Nestlé",3048431004041 | 3048431064045 | 3179732370761 | 7613035974685 | 7613035974692,https://images.openfoodfacts.org/images/products/304/843/100/4041/front_fr.4.400.jpg | https://images.openfoodfacts.org/images/products/304/843/106/4045/front_fr.8.400.jpg | https://images.openfoodfacts.org/images/products/317/973/237/0761/front_fr.8.400.jpg,review_prefix_candidate,approve proposed,Hépar variant/company string.,Nestlé,True,True,approve proposed,Nestlé,Hépar,Hépar,hepar,nestle,6,True
Nestlé,Hépar,hepar,Hépar,hepar,Other / not mapped to a company,Nestlé,beverages,France,FRANCE,exact_brand_match,6,Hépar | Eau Minérale Hépar - 1L | Eau minérale naturelle | eau minérale naturelle hepar,Hépar | Hepar,13093556 | 3179732370754 | 4613444484129 | 7613035010536 | 8314789,https://images.openfoodfacts.org/images/products/000/001/309/3556/front_fr.4.400.jpg | https://images.openfoodfacts.org/images/products/317/973/237/0754/front_fr.39.400.jpg | https://images.openfoodfacts.org/images/products/461/344/448/4129/front_fr.4.400.jpg,review_prefix_candidate,approve proposed,Hépar variant/company string.,Nestlé,True,True,approve proposed,Nestlé,Hépar,Hépar,hepar,nestle,6,True
Nestlé,Impact,impact,impact confections inc,impact confections inc,Other / not mapped to a company,Nestlé,snacks,United States,US_CANADA,brand_prefix_with_separator,6,"5 assorted flavors extreme sour hard candy | Warheads, Sour Jelly Beans Candy, Sour | Assorted Sour Jelly Beans, Orange, Watermelon | galactic | Candy Corn Flavored Taffy",Impact Confections Inc. | Impact Confections Inc,32134233252 | 32134235034 | 32134235072 | 32134239186 | 74013515035,https://images.openfoodfacts.org/images/products/003/213/423/5072/front_en.6.400.jpg | https://images.openfoodfacts.org/images/products/003/213/423/9186/front_en.3.400.jpg,review_prefix_candidate,reject prefix match / keep Other,False prefix: Impact* here is not Nestlé Impact.,Other / not mapped to a company,False,False,reject prefix match / keep Other,Other / not mapped to a company,Impact,impact confections inc,impact confections inc,other not mapped to a company,6,False
Mondelez,Milka,milka,milkana,milkana,Other / not mapped to a company,Mondelez International,dairies,France,FRANCE|DACH,brand_prefix_concatenated_review,6,Käse Milkana Sahne | Käse Vielfalt | Sahnig mit Allgäuer Milch laktosfrei | Milkana mit Gouda - Streichkäse | Milkana mit Gouda Leicht,"Milkana,Savencia | Milkana, Savencia | Milkana",4000400076557 | 4000400076564 | 4045357008190 | 4045357069474 | 4045357069481,https://images.openfoodfacts.org/images/products/400/040/007/6557/front_de.27.400.jpg | https://images.openfoodfacts.org/images/products/400/040/007/6564/front_en.16.400.jpg | https://images.openfoodfacts.org/images/products/404/535/700/8190/front_de.26.400.jpg,review_prefix_candidate,reject prefix match / keep Other,False prefix: Milkana/Milkadamia/Milkaut are not Milka.,Other / not mapped to a company,False,False,reject prefix match / keep Other,Other / not mapped to a company,Milka,milkana,milkana,other not mapped to a company,6,False
Nestlé,Munch,munch,munchies,munchies,Other / not mapped to a company,Nestlé,snacks,United States,US_CANADA,brand_prefix_concatenated_review,6,"Cheese Fix Flavored Snack Mix, Nacho Cheese, Crunchy Cheese, Harvest Cheddar | Real Peanut Butter Sandwich Crackers | Real Peanut Butter on a Baked Golden Toast Cracker | Flamin' Hot Snack Mix | Snack Mix Flamin' Hot Flavored",Munchies,28400002813 | 28400026734 | 28400026864 | 28400035729 | 28400084055,https://images.openfoodfacts.org/images/products/002/840/002/6734/front_en.6.400.jpg | https://images.openfoodfacts.org/images/products/002/840/002/6864/front_en.30.400.jpg | https://images.openfoodfacts.org/images/products/002/840/003/5729/front_en.30.400.jpg,review_prefix_candidate,approve proposed,Munch variant/company string.,Nestlé,True,True,approve proposed,Nestlé,Munch,munchies,munchies,nestle,6,True
PepsiCo,Pepsi,pepsi,pepsi cola,pepsi cola,Other / not mapped to a company,PepsiCo,beverages,United States,US_CANADA,brand_prefix_with_separator,6,"Vanilla Real Sugar Cola, Vanilla | Throwback Natural Sugar Cola | Real Sugar Cola | Wild Cherry Real Sugar Cola, Wild Cherry | 7 up",Pepsi-cola | Pepsi-Cola,12000006319 | 12000031076 | 12000130656 | 1261402 | 4803925151125,https://images.openfoodfacts.org/images/products/480/392/515/1125/front_en.3.400.jpg | https://images.openfoodfacts.org/images/products/622/300/136/6638/front_en.3.400.jpg,review_prefix_candidate,approve proposed,Pepsi variant/company string.,PepsiCo,True,True,approve proposed,PepsiCo,Pepsi,pepsi cola,pepsi cola,pepsico,6,True
Nestlé,Sanpellegrino,sanpellegrino,sanpellegrino usa inc,sanpellegrino usa inc,Other / not mapped to a company,Nestlé,beverages,United States,US_CANADA,brand_prefix_with_separator,6,"Sparkling blood orange beverage with 13% orange juice and 3% blood orange juice from concentrate, aranciata rossa | Panna Water | Sparkling natural mineral water | Sparkling beverage | Italian sparkling citrus beverage",Sanpellegrino Usa Inc.,41508300513 | 41508400152 | 41508734660 | 41508806213 | 41508806237,https://images.openfoodfacts.org/images/products/004/150/840/0152/front_en.9.400.jpg,review_prefix_candidate,approve proposed,Sanpellegrino variant/company string.,Nestlé,True,True,approve proposed,Nestlé,Sanpellegrino,sanpellegrino usa inc,sanpellegrino usa inc,nestle,6,True
Danone,Blédina,bledina,Blédina,bledina,Other / not mapped to a company,Danone,beverages,France,FRANCE,exact_brand_match,5,2X25CL Bledi'dej Vanille Bledina | Bledi'dej - Céréales au lait de suite cacao | Mini Boisson Pommes Raisins | MINI BIB Pomme banane | Blédina Blédilait Ar 2,"Bledina | Blédina | Bledina, Blédina",3041090000256 | 3041090000263 | 3041090010781 | 3041090010811 | 3041091006585,https://images.openfoodfacts.org/images/products/304/109/000/0256/front_fr.14.400.jpg | https://images.openfoodfacts.org/images/products/304/109/000/0263/front_fr.7.400.jpg | https://images.openfoodfacts.org/images/products/304/109/001/0781/front_fr.13.400.jpg,review_prefix_candidate,approve proposed,Blédina variant/company string.,Danone,True,True,approve proposed,Danone,Blédina,Blédina,bledina,danone,5,True
Nestlé,Chef,chef,chefs cut,chefs cut,Other / not mapped to a company,Nestlé,snacks,United States,US_CANADA,brand_prefix_concatenated_review,5,Real Turkey Jerky | Real Chicken Jerky | Real Steak Jerky | Real Bacon Jerky | Real Jerky Made With Uncured Bacon,Chef's Cut,793573083159 | 793573232298 | 793573934857 | 858959005313 | 858959005320,,review_prefix_candidate,reject prefix match / keep Other,False/generic prefix: Chef* here is not Nestlé Chef.,Other / not mapped to a company,False,False,reject prefix match / keep Other,Other / not mapped to a company,Chef,chefs cut,chefs cut,other not mapped to a company,5,False
Mondelez,Clif,clif,clif kid,clif kid,Other / not mapped to a company,Mondelez International,snacks,United States,US_CANADA,brand_prefix_with_separator,5,"ZBar Chocolate Chip | ZBar Protein Team Pack | ZBAR Chocolate Brownie | Chocolate mint whole grain protein snack bars, chocolate mint | ZBAR",Clif Kid | CLIF KID | CLIF Kid,53445889 | 722252069412 | 722252192233 | 722252354037 | 722252702067,https://images.openfoodfacts.org/images/products/000/005/344/5889/front_en.3.400.jpg | https://images.openfoodfacts.org/images/products/072/225/206/9412/front_en.3.400.jpg | https://images.openfoodfacts.org/images/products/072/225/219/2233/front_en.15.400.jpg,review_prefix_candidate,approve proposed,Clif/Clif Bar variant.,Mondelēz International,True,True,approve proposed,Mondelēz International,Clif,clif kid,clif kid,mondelez international,5,True
Nestlé,Essentia,essentia,essential waitrose,essential waitrose,Other / not mapped to a company,Nestlé,beverages,United Kingdom,UK_IE,brand_prefix_concatenated_review,5,Unsweetened Soya | Rich roast coffee | Original blend tea bag | Decaf Teabags | Cranberry juice drink,Essential Waitrose,5000169003756 | 5000169042021 | 5000169289587 | 5000169289600 | 5000169580042,https://images.openfoodfacts.org/images/products/500/016/900/3756/front_en.47.400.jpg | https://images.openfoodfacts.org/images/products/500/016/904/2021/front_en.3.400.jpg | https://images.openfoodfacts.org/images/products/500/016/928/9587/front_en.3.400.jpg,review_prefix_candidate,reject prefix match / map to Waitrose,"False prefix: Essential Waitrose is Waitrose private-label, not Nestlé Essentia.",Waitrose,True,False,reject prefix match / map to Waitrose,Waitrose,Essentia,essential waitrose,essential waitrose,waitrose,5,False
PepsiCo,Gatorade,gatorade,gatorade zero,gatorade zero,Other / not mapped to a company,PepsiCo,beverages,United States,US_CANADA,brand_prefix_with_separator,5,Zero Gatorate Glacier Cherry | Glacier Cherry | Orange | Gatorade | Watermelon splash,Gatorade Zero | Gatorade zero,52000042146 | 52000043198 | 52000043389 | 52000043594 | 52000055047,https://images.openfoodfacts.org/images/products/005/200/004/2146/front_en.44.400.jpg | https://images.openfoodfacts.org/images/products/005/200/004/3198/front_en.25.400.jpg | https://images.openfoodfacts.org/images/products/005/200/004/3389/front_en.3.400.jpg,review_prefix_candidate,approve proposed,Gatorade variant/company string.,PepsiCo,True,True,approve proposed,PepsiCo,Gatorade,gatorade zero,gatorade zero,pepsico,5,True
Nestlé,Gourmet,gourmet,gourmet du village,gourmet du village,Other / not mapped to a company,Nestle,beverages,United States,US_CANADA,brand_prefix_with_separator,5,"Lemonade | Gourmet du village, lemonade drink mix, raspberry | Gourmet du village, lemonade, meyer lemon | Hot chocolate mix",Gourmet Du Village,772291021094 | 772291021155 | 772291023036 | 772291023807 | 772291023852,,review_prefix_candidate,reject prefix match / keep Other,False/generic prefix: Gourmet* here is not Nestlé Gourmet.,Other / not mapped to a company,False,False,reject prefix match / keep Other,Other / not mapped to a company,Gourmet,gourmet du village,gourmet du village,other not mapped to a company,5,False
Nestlé,Gourmet,gourmet,gourmet du village,gourmet du village,Other / not mapped to a company,Nestle,snacks,United States,US_CANADA,brand_prefix_with_separator,5,"Gourmet du village, hot chocolate mix, double truffle | Moose droppings chocolate covered almonds | Elf Droppings Jelly Beans | Double Truffle Hot Chocolate Mix | Coal Candy",Gourmet Du Village,772291021766 | 772291021971 | 772291022015 | 772291023753 | 772291024439,,review_prefix_candidate,reject prefix match / keep Other,False/generic prefix: Gourmet* here is not Nestlé Gourmet.,Other / not mapped to a company,False,False,reject prefix match / keep Other,Other / not mapped to a company,Gourmet,gourmet du village,gourmet du village,other not mapped to a company,5,False
Nestlé,Gourmet,gourmet,gourmet fields,gourmet fields,Other / not mapped to a company,Nestle,snacks,France,FRANCE,brand_prefix_with_separator,5,Gourmet fiels | Organic Chocolate 82% | Organic chocolate with coffee beans 70% | Organic Chocolate with Coffee Beans | Organic Chocolate With Pink salt 70%,Gourmet Fields,7443015120036 | 7443015120050 | 7443015120135 | 7443015120210 | 7443015120678,https://images.openfoodfacts.org/images/products/744/301/512/0036/front_fr.8.400.jpg | https://images.openfoodfacts.org/images/products/744/301/512/0050/front_fr.4.400.jpg | https://images.openfoodfacts.org/images/products/744/301/512/0135/front_fr.4.400.jpg,review_prefix_candidate,reject prefix match / keep Other,False/generic prefix: Gourmet* here is not Nestlé Gourmet.,Other / not mapped to a company,False,False,reject prefix match / keep Other,Other / not mapped to a company,Gourmet,gourmet fields,gourmet fields,other not mapped to a company,5,False
PepsiCo,Lay's,lay s,Lay’s,lays,Other / not mapped to a company,PepsiCo,snacks,Germany,DACH|US_CANADA,brand_prefix_concatenated_review,5,Barbecue Flavored Potato Chips | LAY'S® STAX® Bacon & Cheddar Potato Skins | Чипсы Lays Рифлёные Гребешки | Чипсы Lays Камамбер с грушей смотка,Lay's | Lays | Lay‘s,28400008617 | 28400092500 | 4690388124281 | 4690388124304 | 8710398517845,https://images.openfoodfacts.org/images/products/002/840/000/8617/front_en.122.400.jpg | https://images.openfoodfacts.org/images/products/002/840/009/2500/front_en.26.400.jpg | https://images.openfoodfacts.org/images/products/469/038/812/4281/front_en.4.400.jpg,review_prefix_candidate,approve proposed,Lay's spelling/combined-brand variant.,PepsiCo,True,True,approve proposed,PepsiCo,Lay’s,Lay’s,lays,pepsico,5,True
Nestlé,Milo,milo,milos tea company inc,milos tea company inc,Other / not mapped to a company,Nestlé,beverages,United States,US_CANADA,brand_prefix_concatenated_review,5,"Milo's, Sweet Tea | Milo's Cafe Style, Organic Light Sweet Tea | Organic green citrus tea | Famous Unsweet Tea | Famous Sweet Tea",Milo's Tea Company Inc.,91475159102 | 91475159201 | 91475159300 | 91475407999 | 91475930978,https://images.openfoodfacts.org/images/products/009/147/540/7999/front_en.9.400.jpg | https://images.openfoodfacts.org/images/products/009/147/593/0978/front_en.6.400.jpg,review_prefix_candidate,approve proposed,Prefix match appears to be a true brand variant; accepted for launch.,Nestlé,True,True,approve proposed,Nestlé,Milo,milos tea company inc,milos tea company inc,nestle,5,True
Nestlé,Munch,munch,munchos,munchos,Other / not mapped to a company,Nestlé,snacks,United States,US_CANADA,brand_prefix_concatenated_review,5,"Potato Crisps, Flamin' Hot | Potato Crisps, Potato | Munchos, Potato Crisps, Flamin' Hot, Flamin' Hot | Potato Crisps",Munchos,28400261838 | 28400300605 | 28400600064 | 28400608893 | 28400705684,https://images.openfoodfacts.org/images/products/002/840/070/5684/front_en.18.400.jpg,review_prefix_candidate,approve proposed,Munch variant/company string.,Nestlé,True,True,approve proposed,Nestlé,Munch,munchos,munchos,nestle,5,True
Nestlé,Nestlé Pure Life,nestle pure life,Nestlé Pure Life,nestle pure life,Other / not mapped to a company,Nestlé,beverages,United States,US_CANADA,exact_brand_match,5,Still water Beverage with Potassium - Orange Flavored | Pure Life Plus active with Potassium (orange flavor) Enhanced Water | Nestle pure life revive | Pure life | Purified Drinking water,"Nestle Pure Life,nestle waters, Nestlé | Nestle,nestle pure life | nestle pure life,Nestle | nestle pure life,nestle | Nestlé,nestle pure life,Pure Life",68274311628 | 68274311666 | 68274347368 | 68274669316 | 68274934711,https://images.openfoodfacts.org/images/products/006/827/431/1628/front_en.9.400.jpg | https://images.openfoodfacts.org/images/products/006/827/434/7368/front_en.7.400.jpg | https://images.openfoodfacts.org/images/products/006/827/466/9316/front_en.10.400.jpg,review_prefix_candidate,approve proposed,Nestlé Pure Life variant/company string.,Nestlé,True,True,approve proposed,Nestlé,Nestlé Pure Life,Nestlé Pure Life,nestle pure life,nestle,5,True
PepsiCo,Pepsi,pepsi,pepsico,pepsico,Other / not mapped to a company,PepsiCo,snacks,France,FRANCE,brand_prefix_concatenated_review,5,"Nacho cheese | Doritos | Cheetos Original Gout Fromager | Snack a Jacks Reiswaffeln,Caramel Flavour | Doritos pure paprika flavour",Pepsico | PEPSICO | PepsiCo,3168930002208 | 3168930174301 | 3168930177791 | 8710398508072 | 8710398522191,https://images.openfoodfacts.org/images/products/316/893/017/4301/front_fr.3.400.jpg | https://images.openfoodfacts.org/images/products/316/893/017/7791/front_en.20.400.jpg | https://images.openfoodfacts.org/images/products/871/039/850/8072/front_fr.11.400.jpg,review_prefix_candidate,approve proposed,Pepsi variant/company string.,PepsiCo,True,True,approve proposed,PepsiCo,Pepsi,pepsico,pepsico,pepsico,5,True
Nestlé,Smarties,smarties,smarties candy company,smarties candy company,Other / not mapped to a company,Smarties Candy Company (US),snacks,United States,US_CANADA,brand_prefix_with_separator,5,Candy rolls | Candies value | Lollipops | Mega candy rolls,Smarties Candy Company,11206002668 | 11206004860 | 11206459004 | 11206512129 | 11206519005,https://images.openfoodfacts.org/images/products/001/120/600/4860/front_en.5.400.jpg,review_prefix_candidate,approve proposed,Smarties variant/company string.,Smarties Candy Company (US),True,True,approve proposed,Smarties Candy Company (US),Smarties,smarties candy company,smarties candy company,smarties candy company us,5,True
Danone,Alpro,alpro,alprose,alprose,Other / not mapped to a company,Danone,snacks,France,FRANCE,brand_prefix_concatenated_review,4,Chocolate Alprose Oscuro | Chocolat noir | Chocolat noir aux amandes,Alprose,7610209051692 | 7610209053979 | 7610209053993 | 7610209060342,https://images.openfoodfacts.org/images/products/761/020/905/1692/front_fr.4.400.jpg | https://images.openfoodfacts.org/images/products/761/020/905/3979/front_fr.4.400.jpg | https://images.openfoodfacts.org/images/products/761/020/905/3993/front_fr.11.400.jpg,review_prefix_candidate,approve proposed,Alpro variant/company string.,Danone,True,True,approve proposed,Danone,Alpro,alprose,alprose,danone,4,True
Danone,Blédina,bledina,Blédina,bledina,Other / not mapped to a company,Danone,cereals,France,FRANCE,exact_brand_match,4,Blédine Cacao | BLEDINA LES RECOLTES BIO Muesli Nature 180g Dès 6 Mois | Mini matin céréales complètes au miel | Céréales complètes au Cacao,"Blédina, Blédine, Danone | Blédina, Les recoltes bio | BLÉDINA",3041090000423 | 3041091568786 | 3041091821393 | 3041091821584,https://images.openfoodfacts.org/images/products/304/109/000/0423/front_fr.16.400.jpg | https://images.openfoodfacts.org/images/products/304/109/156/8786/front_en.4.400.jpg | https://images.openfoodfacts.org/images/products/304/109/182/1393/front_fr.18.400.jpg,review_prefix_candidate,approve proposed,Blédina variant/company string.,Danone,True,True,approve proposed,Danone,Blédina,Blédina,bledina,danone,4,True
Nestlé,Chef,chef,chef select to go,chef select to go,Other / not mapped to a company,Nestlé,beverages,France,FRANCE,brand_prefix_with_separator,4,"Smoothie Pêche, Raisin, & Framboises | Smoothie pomme et framboise | Smoothie cerise et banane | Smoothie Mangue, Ananas, Orange,",Chef Select TO GO | Chef select to go | Chef Select to go,20208622 | 20524746 | 20524753 | 20524760,https://images.openfoodfacts.org/images/products/000/002/020/8622/front_fr.4.400.jpg | https://images.openfoodfacts.org/images/products/000/002/052/4746/front_fr.4.400.jpg | https://images.openfoodfacts.org/images/products/000/002/052/4753/front_fr.13.400.jpg,review_prefix_candidate,reject prefix match / keep Other,False/generic prefix: Chef* here is not Nestlé Chef.,Other / not mapped to a company,False,False,reject prefix match / keep Other,Other / not mapped to a company,Chef,chef select to go,chef select to go,other not mapped to a company,4,False
Mondelez,Chips Ahoy!,chips ahoy,Chips Ahoy!,chips ahoy,Other / not mapped to a company,Mondelez International,snacks,Bolivia,FRANCE|US_CANADA,exact_brand_match,4,Cookies with Reese's Peanut Butter Cups | Chips Ahoy! Chunky | Chips Ahoy! Peanut Butter | Chips Ahoy! Thins Double Chocolate,"Chips Ahoy! | Chips Ahoy!, Nabisco",44000029913 | 44000042035 | 44000044671 | 44000050108,https://images.openfoodfacts.org/images/products/004/400/002/9913/front_en.25.400.jpg | https://images.openfoodfacts.org/images/products/004/400/004/2035/front_en.11.400.jpg | https://images.openfoodfacts.org/images/products/004/400/004/4671/front_en.11.400.jpg,review_prefix_candidate,approve proposed,Chips Ahoy! variant/company string.,Mondelēz International,True,True,approve proposed,Mondelēz International,Chips Ahoy!,Chips Ahoy!,chips ahoy,mondelez international,4,True
Mondelez,Chips Ahoy!,chips ahoy,Chips Ahoy!,chips ahoy,Other / not mapped to a company,Mondelez International,snacks,France,FRANCE|US_CANADA,exact_brand_match,4,Chips Ahoy! Minis Cookies | Mini Chips Ahoy! | Real Chocolate Chip Cookies,Chips Ahoy!,44000007133 | 44000020071 | 44000032258 | 44000033385,https://images.openfoodfacts.org/images/products/004/400/000/7133/front_en.41.400.jpg | https://images.openfoodfacts.org/images/products/004/400/002/0071/front_en.46.400.jpg | https://images.openfoodfacts.org/images/products/004/400/003/2258/front_en.24.400.jpg,review_prefix_candidate,approve proposed,Chips Ahoy! variant/company string.,Mondelēz International,True,True,approve proposed,Mondelēz International,Chips Ahoy!,Chips Ahoy!,chips ahoy,mondelez international,4,True
Mondelez,Clif,clif,cliff bar,cliff bar,Other / not mapped to a company,Mondelez International,snacks,United States,US_CANADA,brand_prefix_concatenated_review,4,"Mini Peanut Butter Bar | Crunchy peanut butter energy bars, crunchy peanut butter | Chocolate chip energy bars, chocolate chip | White Chocolate Macadamia Nut",Cliff Bar,22901778611 | 722252165237 | 722252165244 | 8582872660763,https://images.openfoodfacts.org/images/products/002/290/177/8611/front_en.3.400.jpg | https://images.openfoodfacts.org/images/products/072/225/216/5237/front_en.5.400.jpg | https://images.openfoodfacts.org/images/products/072/225/216/5244/front_en.6.400.jpg,review_prefix_candidate,approve proposed,Clif/Clif Bar variant.,Mondelēz International,True,True,approve proposed,Mondelēz International,Clif,cliff bar,cliff bar,mondelez international,4,True
Coca-Cola,Coca-Cola,coca cola,coca cola company,coca cola company,Other / not mapped to a company,The Coca-Cola Company,beverages,France,FRANCE|DACH,brand_prefix_with_separator,4,Minute Maid Pommes | mezzo mix | Thé glacé bio | Mezzo Mix Zero,"Coca Cola Company | Coca-Cola Company | Coca-Cola Company, Honest",3292090941692 | 5000112547221 | 54008373 | 5449000210371,https://images.openfoodfacts.org/images/products/329/209/094/1692/front_fr.4.400.jpg | https://images.openfoodfacts.org/images/products/500/011/254/7221/front_en.24.400.jpg | https://images.openfoodfacts.org/images/products/000/005/400/8373/front_fr.26.400.jpg,review_prefix_candidate,approve proposed,Coca-Cola variant/company string.,The Coca-Cola Company,True,True,approve proposed,The Coca-Cola Company,Coca-Cola,coca cola company,coca cola company,the coca cola company,4,True
Coca-Cola,Coca-Cola,coca cola,coca cola company,coca cola company,Other / not mapped to a company,The Coca-Cola Company,beverages,United States,US_CANADA,brand_prefix_with_separator,4,Unsweetened black iced tea drink | Aha Sparkling Water | Coca-Cola | Hawaii Tropical,"Coca-Cola Company | Coca-Cola Company,Coca-Cola",49000074185 | 49000532470 | 4978903 | 5000112659948,https://images.openfoodfacts.org/images/products/004/900/007/4185/front_en.11.400.jpg | https://images.openfoodfacts.org/images/products/004/900/053/2470/front_en.3.400.jpg | https://images.openfoodfacts.org/images/products/000/000/497/8903/front_en.12.400.jpg,review_prefix_candidate,approve proposed,Coca-Cola variant/company string.,The Coca-Cola Company,True,True,approve proposed,The Coca-Cola Company,Coca-Cola,coca cola company,coca cola company,the coca cola company,4,True
Nestlé,Essentia,essentia,essential waitrose,essential waitrose,Other / not mapped to a company,Nestlé,dairies,France,FRANCE,brand_prefix_concatenated_review,4,Italian mozarella | cheddar cheese made with pasteurised milk | Red leicester | Red Leicester,"Essential Waitrose, Waitrose | Essential Waitrose",5000169135600 | 5000169342794 | 5000169375396 | 5000169375402,https://images.openfoodfacts.org/images/products/500/016/913/5600/front_fr.4.400.jpg | https://images.openfoodfacts.org/images/products/500/016/934/2794/front_en.19.400.jpg | https://images.openfoodfacts.org/images/products/500/016/937/5396/front_en.3.400.jpg,review_prefix_candidate,reject prefix match / map to Waitrose,"False prefix: Essential Waitrose is Waitrose private-label, not Nestlé Essentia.",Waitrose,True,False,reject prefix match / map to Waitrose,Waitrose,Essentia,essential waitrose,essential waitrose,waitrose,4,False
Nestlé,Fitness,fitness,Fitness,fitness,Other / not mapped to a company,Nestlé,snacks,Belgium,BENELUX|FRANCE,exact_brand_match,4,Fitness Tiramisu | Fitness Chocolat | Barre de céréales Fitness Delice Chocolat blanc | Fitness,"Nestlé | Nestlé, Fitness",5900020014245 | 5900020018571 | 5900020024244 | 5900020030573,https://images.openfoodfacts.org/images/products/590/002/001/4245/front_fr.3.400.jpg | https://images.openfoodfacts.org/images/products/590/002/001/8571/front_fr.19.400.jpg | https://images.openfoodfacts.org/images/products/590/002/002/4244/front_fr.15.400.jpg,review_prefix_candidate,map to Cereal Partners Worldwide,Fitness cereal/snack-cereal line in Europe; route to CPW for launch.,Cereal Partners Worldwide,True,True,map to Cereal Partners Worldwide,Cereal Partners Worldwide,Fitness,Fitness,fitness,cereal partners worldwide,4,True
Nestlé,Gourmet,gourmet,gourmet basics,gourmet basics,Other / not mapped to a company,Nestle,snacks,United States,US_CANADA,brand_prefix_with_separator,4,"Smart Fries - Classic Sea Salt | Gourmet basics, popcorn, just salt | Popcorn | Drizzilicious Cocoa Drizzled Popcorn",Gourmet Basics,853762002498 | 853762002733 | 853762002764 | 857900005518,https://images.openfoodfacts.org/images/products/085/376/200/2498/front_en.9.400.jpg | https://images.openfoodfacts.org/images/products/085/790/000/5518/front_en.4.400.jpg,review_prefix_candidate,reject prefix match / keep Other,False/generic prefix: Gourmet* here is not Nestlé Gourmet.,Other / not mapped to a company,False,False,reject prefix match / keep Other,Other / not mapped to a company,Gourmet,gourmet basics,gourmet basics,other not mapped to a company,4,False
Nestlé,Gourmet,gourmet,gourmet dalsace,gourmet dalsace,Other / not mapped to a company,Nestle,snacks,France,FRANCE,brand_prefix_with_separator,4,35 Pains au Chocolat Surgelés | Pains au chocolat | Chaussons aux pommes,Gourmet d’Alsace | Gourmet d'Alsace | Gourmet D’alsace,3267060025320 | 3267060025719 | 3267060296256 | 55082532,https://images.openfoodfacts.org/images/products/326/706/002/5320/front_fr.10.400.jpg | https://images.openfoodfacts.org/images/products/326/706/002/5719/front_fr.9.400.jpg | https://images.openfoodfacts.org/images/products/326/706/029/6256/front_fr.4.400.jpg,review_prefix_candidate,reject prefix match / keep Other,False/generic prefix: Gourmet* here is not Nestlé Gourmet.,Other / not mapped to a company,False,False,reject prefix match / keep Other,Other / not mapped to a company,Gourmet,gourmet dalsace,gourmet dalsace,other not mapped to a company,4,False
Nestlé,Gourmet,gourmet,gourmet treats,gourmet treats,Other / not mapped to a company,Nestle,snacks,United States,US_CANADA,brand_prefix_with_separator,4,"Gourmet treats, caramel 'n' chocolate chip cookie | Gourmet treats, chocolate chip cookie | Gourmet treats, cookie, oatmeal raisin | Vegan Double Chocolate Cookie",Gourmet Treats,653248031550 | 653248031604 | 653248036197 | 653248142508,,review_prefix_candidate,reject prefix match / keep Other,False/generic prefix: Gourmet* here is not Nestlé Gourmet.,Other / not mapped to a company,False,False,reject prefix match / keep Other,Other / not mapped to a company,Gourmet,gourmet treats,gourmet treats,other not mapped to a company,4,False
Nestlé,La Vie,la vie,la vie en herbes,la vie en herbes,Other / not mapped to a company,Nestlé,beverages,France,FRANCE,brand_prefix_with_separator,4,Thym Bio | Après repas | Douceurs du soir | Matins forme,La Vie en Herbes,3374010110460 | 3374010130123 | 3374010130130 | 3374010130161,https://images.openfoodfacts.org/images/products/337/401/011/0460/front_fr.13.400.jpg | https://images.openfoodfacts.org/images/products/337/401/013/0123/front_fr.9.400.jpg | https://images.openfoodfacts.org/images/products/337/401/013/0130/front_fr.9.400.jpg,review_prefix_candidate,approve proposed,Prefix match appears to be a true brand variant; accepted for launch.,Nestlé,True,True,approve proposed,Nestlé,La Vie,la vie en herbes,la vie en herbes,nestle,4,True
Mondelez,Milka,milka,milkana,milkana,Other / not mapped to a company,Mondelez International,dairies,Belgium,BENELUX|FRANCE,brand_prefix_concatenated_review,4,Speciality Cheese Plain | Milkana | Emmental,"Milkana, Savencia",3451790167379 | 5413362342605 | 5413362342704 | 5413362343008,https://images.openfoodfacts.org/images/products/345/179/016/7379/front_fr.9.400.jpg | https://images.openfoodfacts.org/images/products/541/336/234/2605/front_fr.14.400.jpg | https://images.openfoodfacts.org/images/products/541/336/234/2704/front_fr.4.400.jpg,review_prefix_candidate,reject prefix match / keep Other,False prefix: Milkana/Milkadamia/Milkaut are not Milka.,Other / not mapped to a company,False,False,reject prefix match / keep Other,Other / not mapped to a company,Milka,milkana,milkana,other not mapped to a company,4,False
Nestlé,Munch,munch,munchee,munchee,Other / not mapped to a company,Nestlé,snacks,France,FRANCE,brand_prefix_concatenated_review,4,Marie Biscuit | Munchee HawaíaT Cookíes200g | Tikiri marie | SUPER CREAM CRACKER Munchee 190g,Munchee | munchee,8888101050801 | 8888101080402 | 8888101280208 | 8888101430337,https://images.openfoodfacts.org/images/products/888/810/105/0801/front_fr.4.400.jpg | https://images.openfoodfacts.org/images/products/888/810/108/0402/front_fr.14.400.jpg | https://images.openfoodfacts.org/images/products/888/810/128/0208/front_fr.12.400.jpg,review_prefix_candidate,approve proposed,Munch variant/company string.,Nestlé,True,True,approve proposed,Nestlé,Munch,munchee,munchee,nestle,4,True
Nestlé,Mövenpick,movenpick,Mövenpick,movenpick,Other / not mapped to a company,Froneri,beverages,France,FRANCE|DACH,exact_brand_match,4,"Kaffee, Der Himmlische cafea | Kaffee Crema Intensa Gusto Italiano | Mövenpick-Kaffeebohnen | Kaffee Mövenpick","J. J. DARBOVEN GmbH & Co. KG, Mövenpick | Mövenpick | Der Himmlische, Mövenpick",4006581001753 | 4006581017815 | 7610072023086 | 7610072118096,https://images.openfoodfacts.org/images/products/400/658/100/1753/front_de.32.400.jpg | https://images.openfoodfacts.org/images/products/400/658/101/7815/front_en.13.400.jpg | https://images.openfoodfacts.org/images/products/761/007/202/3086/front_de.9.400.jpg,review_prefix_candidate,approve proposed,Mövenpick ice cream/frozen brand proposal.,Froneri,True,True,approve proposed,Froneri,Mövenpick,Mövenpick,movenpick,froneri,4,True
Danone,Oikos,oikos,oikos pro,oikos pro,Other / not mapped to a company,Danone,dairies,United States,US_CANADA,brand_prefix_with_separator,4,"Strawberry Flavored Nonfat Yogurt | Mixed Berry Flavored Greek Yogurt | Strawberry-Banana | YOGHURT GRIEGO SABORIZADO, DESLACTOSADO, BAJO EN GRASA, ADICIONADO CON VITAMINA D",Oikos Pro | OIKOS PRO,36632042668 | 36632042675 | 73637592 | 7506443108974,https://images.openfoodfacts.org/images/products/003/663/204/2668/front_en.83.400.jpg | https://images.openfoodfacts.org/images/products/003/663/204/2675/front_en.87.400.jpg | https://images.openfoodfacts.org/images/products/000/007/363/7592/front_en.3.400.jpg,review_prefix_candidate,approve proposed,Oikos variant/company string.,Danone,True,True,approve proposed,Danone,Oikos,oikos pro,oikos pro,danone,4,True
PepsiCo,Pepsi,pepsi,pepsi max,pepsi max,Other / not mapped to a company,PepsiCo,beverages,United States,US_CANADA,brand_prefix_with_separator,4,"Zero Calorie Cola | Cherry Blast Zero Calorie Cola, Cherry Blast | Cease Fire Zero Calorie Cola, Cease Fire",Pepsi max,12000023651 | 12000141034 | 12000366024 | 12000585814,,review_prefix_candidate,approve proposed,Pepsi variant/company string.,PepsiCo,True,True,approve proposed,PepsiCo,Pepsi,pepsi max,pepsi max,pepsico,4,True
PepsiCo,Pepsi,pepsi,pepsico,pepsico,Other / not mapped to a company,PepsiCo,beverages,United States,US_CANADA,brand_prefix_concatenated_review,4,Man Dew Maui Burst - (20 OZ) | Mountain Dew Code Red | MTN Dew | Mountain Dew,PepsiCo | Pepsico,12000212888 | 1222403 | 1223305 | 14842764,https://images.openfoodfacts.org/images/products/001/200/021/2888/front_en.11.400.jpg | https://images.openfoodfacts.org/images/products/000/000/122/2403/front_en.10.400.jpg | https://images.openfoodfacts.org/images/products/000/000/122/3305/front_en.17.400.jpg,review_prefix_candidate,approve proposed,Pepsi variant/company string.,PepsiCo,True,True,approve proposed,PepsiCo,Pepsi,pepsico,pepsico,pepsico,4,True
PepsiCo,7UP,7up,7UP,7up,Other / not mapped to a company,PepsiCo,beverages,France,FRANCE|US_CANADA,exact_brand_match,3,"7up, free, soft drink, mojito | Diet up | 7 UP","7up, Seven Up | 7Up | 7UP",4060800171092 | 78000000757 | 7803802,https://images.openfoodfacts.org/images/products/007/800/000/0757/front_en.7.400.jpg | https://images.openfoodfacts.org/images/products/000/000/780/3802/front_fr.36.400.jpg,review_prefix_candidate,approve proposed,7UP routing follows proposed region-specific owner.,PepsiCo,True,True,approve proposed,PepsiCo,7UP,7UP,7up,pepsico,3,True
Danone,Alpro,alpro,alprose,alprose,Other / not mapped to a company,Danone,snacks,United States,US_CANADA,brand_prefix_concatenated_review,3,"Alprose, finest swiss chocolate, almonds | Alprose, white chocolate | Alprose, deluxe white chocolate wth hazelnut praline",Alprose,712963000095 | 712963000231 | 712963000262,,review_prefix_candidate,approve proposed,Alpro variant/company string.,Danone,True,True,approve proposed,Danone,Alpro,alprose,alprose,danone,3,True
Nestlé,Bakers,bakers,bakers and chefs,bakers and chefs,Other / not mapped to a company,Nestlé,dairies,United States,US_CANADA,brand_prefix_with_separator,3,"Small Curd Cottage Cheese | Pasteurized process american cheese slices | Shredded monterey jack, cheddar, queso quesadilla and asadero cheese",Bakers & Chefs,605388331045 | 681131891028 | 78742134383,,review_prefix_candidate,reject prefix match / keep Other,False/generic/private-label prefix: Baker(s)* here is not Nestlé Bakers.,Other / not mapped to a company,False,False,reject prefix match / keep Other,Other / not mapped to a company,Bakers,bakers and chefs,bakers and chefs,other not mapped to a company,3,False
Nestlé,Bakers,bakers,bakers corner,bakers corner,Other / not mapped to a company,Nestlé,dairies,United States,US_CANADA,brand_prefix_with_separator,3,Milk | Evaporated Milk | Sweetened Condensed Milk,Bakers Corner | Baker's Corner,4099100151299 | 4099100184617 | 4099100222975,https://images.openfoodfacts.org/images/products/409/910/015/1299/front_en.27.400.jpg | https://images.openfoodfacts.org/images/products/409/910/018/4617/front_en.3.400.jpg | https://images.openfoodfacts.org/images/products/409/910/022/2975/front_en.3.400.jpg,review_prefix_candidate,reject prefix match / keep Other,False/generic/private-label prefix: Baker(s)* here is not Nestlé Bakers.,Other / not mapped to a company,False,False,reject prefix match / keep Other,Other / not mapped to a company,Bakers,bakers corner,bakers corner,other not mapped to a company,3,False
Nestlé,Beyond,beyond,beyond better foods llc,beyond better foods llc,Other / not mapped to a company,Nestlé,snacks,United States,US_CANADA,brand_prefix_with_separator,3,Roasted broad bean crisps | Sriracha roasted broad bean crisps,Beyond Better Foods Llc,852109004300 | 852109004331 | 852109004348,,review_prefix_candidate,reject prefix match / keep Other,False prefix: Beyond* here is not a Nestlé brand in this context.,Other / not mapped to a company,False,False,reject prefix match / keep Other,Other / not mapped to a company,Beyond,beyond better foods llc,beyond better foods llc,other not mapped to a company,3,False
Nestlé,Beyond,beyond,beyond good,beyond good,Other / not mapped to a company,Nestlé,snacks,France,FRANCE|US_CANADA,brand_prefix_with_separator,3,PURE DARK 70% COCOA | Organic Sea Salt & Nibs Dark Chocolate Bar 63% Cocoa | Organic Pure Dark Chocolate Bar 92% Cocoa,"BEYOND GOOD | Beyond Good, Madecasse | Beyond Good,Madecasse Llc",898575001337 | 898575001368 | 898575001696,https://images.openfoodfacts.org/images/products/089/857/500/1337/front_en.23.400.jpg | https://images.openfoodfacts.org/images/products/089/857/500/1368/front_en.13.400.jpg | https://images.openfoodfacts.org/images/products/089/857/500/1696/front_en.13.400.jpg,review_prefix_candidate,reject prefix match / keep Other,False prefix: Beyond* here is not a Nestlé brand in this context.,Other / not mapped to a company,False,False,reject prefix match / keep Other,Other / not mapped to a company,Beyond,beyond good,beyond good,other not mapped to a company,3,False
Nestlé,Boost,boost,booster,booster,Other / not mapped to a company,Nestlé,beverages,France,FRANCE,brand_prefix_concatenated_review,3,Testorine booster | Booster Zero | Booster Classic,Booster,3525722019958 | 4055400007483 | 4055400007506,https://images.openfoodfacts.org/images/products/352/572/201/9958/front_fr.4.400.jpg | https://images.openfoodfacts.org/images/products/405/540/000/7506/front_fr.62.400.jpg,review_prefix_candidate,approve proposed,Boost variant/company string.,Nestlé,True,True,approve proposed,Nestlé,Boost,booster,booster,nestle,3,True
Nestlé,Boost,boost,booster,booster,Other / not mapped to a company,Nestlé,beverages,France,FRANCE|DACH,brand_prefix_concatenated_review,3,Booster energy drink | Booster Absolute Zero | Booster Exotic Energy Drink,"Booster | Booster, Veritas Vertriebsges.",4044703011532 | 4311596490202 | 4311596490363,https://images.openfoodfacts.org/images/products/404/470/301/1532/front_fr.9.400.jpg | https://images.openfoodfacts.org/images/products/431/159/649/0202/front_fr.15.400.jpg | https://images.openfoodfacts.org/images/products/431/159/649/0363/front_de.16.400.jpg,review_prefix_candidate,approve proposed,Boost variant/company string.,Nestlé,True,True,approve proposed,Nestlé,Boost,booster,booster,nestle,3,True
Nestlé,Cheerios,cheerios,Cheerios,cheerios,Other / not mapped to a company,Cereal Partners Worldwide,cereals,France,FRANCE|US_CANADA,exact_brand_match,3,Cheerios Cereal Singlepak | Honey Nut Cheerios Cereal Singlepak | General Mills Cheerios Apple Cinnamon Cereal,"Cheerios | Cheerios, General Mills",16000119451 | 16000119604 | 16000275188,https://images.openfoodfacts.org/images/products/001/600/011/9451/front_en.8.400.jpg | https://images.openfoodfacts.org/images/products/001/600/011/9604/front_en.11.400.jpg,review_prefix_candidate,map to Cereal Partners Worldwide,Cheerios Europe/non-US MVP routing.,Cereal Partners Worldwide,True,True,map to Cereal Partners Worldwide,Cereal Partners Worldwide,Cheerios,Cheerios,cheerios,cereal partners worldwide,3,True
Nestlé,Chef,chef,chef pierre,chef pierre,Other / not mapped to a company,Nestlé,snacks,United States,US_CANADA,brand_prefix_with_separator,3,BLUEBERRY MUFFIN | Blueberry Muffin | Blueberry muffin,Chef Pierre,32100086257 | 32100086660 | 32100413220,https://images.openfoodfacts.org/images/products/003/210/008/6257/front_en.8.400.jpg | https://images.openfoodfacts.org/images/products/003/210/008/6660/front_en.3.400.jpg | https://images.openfoodfacts.org/images/products/003/210/041/3220/front_en.7.400.jpg,review_prefix_candidate,reject prefix match / keep Other,False/generic prefix: Chef* here is not Nestlé Chef.,Other / not mapped to a company,False,False,reject prefix match / keep Other,Other / not mapped to a company,Chef,chef pierre,chef pierre,other not mapped to a company,3,False
Nestlé,Chef,chef,chef robert irvines fit crunch,chef robert irvines fit crunch,Other / not mapped to a company,Nestlé,snacks,United States,US_CANADA,brand_prefix_with_separator,3,Caramel Peanut High Protein Baked Bar | Mint Chocolate Chip Protein Bar | Chocolate Chip Cookie Dough,Chef Robert Irvine's FIT CRUNCH | Chef Robert Irvine's Fit Crunch,817719020447 | 817719021659 | 839138002545,https://images.openfoodfacts.org/images/products/081/771/902/0447/front_en.8.400.jpg | https://images.openfoodfacts.org/images/products/081/771/902/1659/front_en.8.400.jpg | https://images.openfoodfacts.org/images/products/083/913/800/2545/front_en.14.400.jpg,review_prefix_candidate,reject prefix match / keep Other,False/generic prefix: Chef* here is not Nestlé Chef.,Other / not mapped to a company,False,False,reject prefix match / keep Other,Other / not mapped to a company,Chef,chef robert irvines fit crunch,chef robert irvines fit crunch,other not mapped to a company,3,False
Nestlé,Chef,chef,chef select to go,chef select to go,Other / not mapped to a company,Nestlé,beverages,France,FRANCE|DACH,brand_prefix_with_separator,3,"Frullato ananas banana cocco mango | smoothie kiwi, ananas & citron vert | Smoothie pomme, pêche, abricot",Chef Select To Go | Chef select to go | Chef Select to go,20208646 | 20941215 | 20941222,https://images.openfoodfacts.org/images/products/000/002/020/8646/front_fr.76.400.jpg | https://images.openfoodfacts.org/images/products/000/002/094/1215/front_fr.64.400.jpg | https://images.openfoodfacts.org/images/products/000/002/094/1222/front_fr.52.400.jpg,review_prefix_candidate,reject prefix match / keep Other,False/generic prefix: Chef* here is not Nestlé Chef.,Other / not mapped to a company,False,False,reject prefix match / keep Other,Other / not mapped to a company,Chef,chef select to go,chef select to go,other not mapped to a company,3,False
Nestlé,Chef,chef,chef to go select,chef to go select,Other / not mapped to a company,Nestlé,snacks,France,FRANCE,brand_prefix_with_separator,3,Flan pâtissier | Tarte aux poires façon amandine,Chef to go select | Chef To Go Select,20232917 | 20713737 | 20713751,https://images.openfoodfacts.org/images/products/000/002/023/2917/front_fr.4.400.jpg | https://images.openfoodfacts.org/images/products/000/002/071/3737/front_fr.4.400.jpg | https://images.openfoodfacts.org/images/products/000/002/071/3751/front_fr.4.400.jpg,review_prefix_candidate,reject prefix match / keep Other,False/generic prefix: Chef* here is not Nestlé Chef.,Other / not mapped to a company,False,False,reject prefix match / keep Other,Other / not mapped to a company,Chef,chef to go select,chef to go select,other not mapped to a company,3,False
Mondelez,Chips Ahoy!,chips ahoy,Chips Ahoy!,chips ahoy,Other / not mapped to a company,Mondelez International,snacks,Bolivia,US_CANADA,exact_brand_match,3,Chips Ahoy! Reduced Fat | Chewy | Chips Ahoy! Thins Cinnamon Sugar,"Chips Ahoy!,Nabisco",44000032203 | 44000032234 | 44000049140,https://images.openfoodfacts.org/images/products/004/400/003/2203/front_en.18.400.jpg | https://images.openfoodfacts.org/images/products/004/400/003/2234/front_en.43.400.jpg,review_prefix_candidate,approve proposed,Chips Ahoy! variant/company string.,Mondelēz International,True,True,approve proposed,Mondelēz International,Chips Ahoy!,Chips Ahoy!,chips ahoy,mondelez international,3,True
Coca-Cola,Coca-Cola,coca cola,coca cola zero,coca cola zero,Other / not mapped to a company,The Coca-Cola Company,beverages,France,FRANCE,brand_prefix_with_separator,3,Coca cola zero | Coca cola,Coca cola zero | Coca Cola Zero,12277728 | 5000112624632 | 5449000319234,https://images.openfoodfacts.org/images/products/000/001/227/7728/front_fr.3.400.jpg | https://images.openfoodfacts.org/images/products/500/011/262/4632/front_fr.4.400.jpg | https://images.openfoodfacts.org/images/products/544/900/031/9234/front_fr.3.400.jpg,review_prefix_candidate,approve proposed,Coca-Cola variant/company string.,The Coca-Cola Company,True,True,approve proposed,The Coca-Cola Company,Coca-Cola,coca cola zero,coca cola zero,the coca cola company,3,True
Coca-Cola,Dr Pepper,dr pepper,Dr Pepper,dr pepper,Other / not mapped to a company,The Coca-Cola Company,beverages,France,FRANCE|US_CANADA,exact_brand_match,3,Fruit juicy red | Root beer | Diet Dr Pepper,Dr Pepper,78000004083 | 78000052169 | 78000083316,https://images.openfoodfacts.org/images/products/007/800/000/4083/front_en.8.400.jpg | https://images.openfoodfacts.org/images/products/007/800/005/2169/front_en.10.400.jpg | https://images.openfoodfacts.org/images/products/007/800/008/3316/front_en.11.400.jpg,review_prefix_candidate,approve proposed,Dr Pepper routing follows proposed region-specific owner.,The Coca-Cola Company,True,True,approve proposed,The Coca-Cola Company,Dr Pepper,Dr Pepper,dr pepper,the coca cola company,3,True
Danone,Evian,evian,evian infused,evian infused,Other / not mapped to a company,Danone,beverages,France,FRANCE,brand_prefix_with_separator,3,Evian infused kusmi tea thé blanc aromatisé pêche et violette | Infused - Kusmi tea | Evian infused kusmi tea,Evian infused,3068320118154 | 3068320118178 | 3068320118888,https://images.openfoodfacts.org/images/products/306/832/011/8154/front_fr.10.400.jpg | https://images.openfoodfacts.org/images/products/306/832/011/8178/front_fr.10.400.jpg | https://images.openfoodfacts.org/images/products/306/832/011/8888/front_fr.10.400.jpg,review_prefix_candidate,approve proposed,Evian variant/company string.,Danone,True,True,approve proposed,Danone,Evian,evian infused,evian infused,danone,3,True
Nestlé,Fitness,fitness,Fitness,fitness,Other / not mapped to a company,Nestlé,snacks,Belgium,BENELUX|FRANCE|SOUTHERN_EUROPE,exact_brand_match,3,"FITNESS CHOC Barres Céréale 6x23.5g | NESTLE FITNESS Barres de Céréales Nature 6x23,5g | Fitness breakfast cereal bar pêches et abricot","Fitness,Nestlé | Nestlé,Fitness | Nestlé",3387390320008 | 3387390326284 | 5900020029454,https://images.openfoodfacts.org/images/products/338/739/032/0008/front_fr.219.400.jpg | https://images.openfoodfacts.org/images/products/338/739/032/6284/front_fr.71.400.jpg | https://images.openfoodfacts.org/images/products/590/002/002/9454/front_en.6.400.jpg,review_prefix_candidate,map to Cereal Partners Worldwide,Fitness cereal/snack-cereal line in Europe; route to CPW for launch.,Cereal Partners Worldwide,True,True,map to Cereal Partners Worldwide,Cereal Partners Worldwide,Fitness,Fitness,fitness,cereal partners worldwide,3,True
Nestlé,Gourmet,gourmet,gourmet gift concepts,gourmet gift concepts,Other / not mapped to a company,Nestle,snacks,United States,US_CANADA,brand_prefix_with_separator,3,Holiday Snack Tin | Holiday Popcorn Tin,Gourmet Gift Concepts,811627020179 | 811627020193 | 811627020926,,review_prefix_candidate,reject prefix match / keep Other,False/generic prefix: Gourmet* here is not Nestlé Gourmet.,Other / not mapped to a company,False,False,reject prefix match / keep Other,Other / not mapped to a company,Gourmet,gourmet gift concepts,gourmet gift concepts,other not mapped to a company,3,False
Nestlé,Gourmet,gourmet,gourmet guru,gourmet guru,Other / not mapped to a company,Nestle,dairies,United States,US_CANADA,brand_prefix_with_separator,3,"Sky Top Farms, Heavy Whipping Cream | Organic Provolone Cheese | 100% Organic Muenster Cheese",Gourmet Guru,824574003171 | 824574005113 | 824574005120,,review_prefix_candidate,reject prefix match / keep Other,False/generic prefix: Gourmet* here is not Nestlé Gourmet.,Other / not mapped to a company,False,False,reject prefix match / keep Other,Other / not mapped to a company,Gourmet,gourmet guru,gourmet guru,other not mapped to a company,3,False
Nestlé,Gourmet,gourmet,gourmet village,gourmet village,Other / not mapped to a company,Nestle,beverages,United States,US_CANADA,brand_prefix_with_separator,3,Apple cider mix | Hot Chocolate Mix | Hot chocolate mix,Gourmet Village,772291008040 | 772291019749 | 772291021803,,review_prefix_candidate,reject prefix match / keep Other,False/generic prefix: Gourmet* here is not Nestlé Gourmet.,Other / not mapped to a company,False,False,reject prefix match / keep Other,Other / not mapped to a company,Gourmet,gourmet village,gourmet village,other not mapped to a company,3,False
PepsiCo,Lay's,lay s,Lay’s,lays,Other / not mapped to a company,PepsiCo,snacks,Belgium,BENELUX|FRANCE|DACH,brand_prefix_concatenated_review,3,Sticks Chips | Pickles Flavour | Lay's Naturel 20-pack,lays | Lay's,8710398512130 | 8710398601681 | 8710398604606,https://images.openfoodfacts.org/images/products/871/039/851/2130/front_fr.29.400.jpg | https://images.openfoodfacts.org/images/products/871/039/860/1681/front_en.52.400.jpg | https://images.openfoodfacts.org/images/products/871/039/860/4606/front_nl.38.400.jpg,review_prefix_candidate,approve proposed,Lay's spelling/combined-brand variant.,PepsiCo,True,True,approve proposed,PepsiCo,Lay’s,Lay’s,lays,pepsico,3,True
PepsiCo,Lay's,lay s,Lay’s,lays,Other / not mapped to a company,PepsiCo,snacks,Canada,US_CANADA,brand_prefix_concatenated_review,3,Potato Chips | Oven Baked Original Potato Chips | Lay's Potato Chips,Lay's,60410050910 | 60410061039 | 8901491101844,https://images.openfoodfacts.org/images/products/006/041/005/0910/front_en.27.400.jpg | https://images.openfoodfacts.org/images/products/006/041/006/1039/front_fr.3.400.jpg | https://images.openfoodfacts.org/images/products/890/149/110/1844/front_en.32.400.jpg,review_prefix_candidate,approve proposed,Lay's spelling/combined-brand variant.,PepsiCo,True,True,approve proposed,PepsiCo,Lay’s,Lay’s,lays,pepsico,3,True
PepsiCo,Lay's,lay s,Lay’s,lays,Other / not mapped to a company,PepsiCo,snacks,Lithuania,UK_IE,brand_prefix_concatenated_review,3,Potato chips | Barbecue Rib Crisps,Lay's,5900259098245 | 5900259128843 | 5900259130686,https://images.openfoodfacts.org/images/products/590/025/909/8245/front_en.3.400.jpg | https://images.openfoodfacts.org/images/products/590/025/912/8843/front_en.53.400.jpg | https://images.openfoodfacts.org/images/products/590/025/913/0686/front_en.15.400.jpg,review_prefix_candidate,approve proposed,Lay's spelling/combined-brand variant.,PepsiCo,True,True,approve proposed,PepsiCo,Lay’s,Lay’s,lays,pepsico,3,True
PepsiCo,Lay's,lay s,Lay’s,lays,Other / not mapped to a company,PepsiCo,snacks,Poland,UK_IE,brand_prefix_concatenated_review,3,Spicy Paprika flavoured | Lays Papryka | Crisps Paprica,Lay's | Lays,5900259099419 | 5900259133311 | 5900259133335,https://images.openfoodfacts.org/images/products/590/025/909/9419/front_pl.17.400.jpg | https://images.openfoodfacts.org/images/products/590/025/913/3311/front_en.26.400.jpg | https://images.openfoodfacts.org/images/products/590/025/913/3335/front_ro.4.400.jpg,review_prefix_candidate,approve proposed,Lay's spelling/combined-brand variant.,PepsiCo,True,True,approve proposed,PepsiCo,Lay’s,Lay’s,lays,pepsico,3,True
Coca-Cola,Monster Energy,monster energy,monster energy company,monster energy company,Other / not mapped to a company,Monster Beverage Corp,beverages,France,FRANCE,brand_prefix_with_separator,3,Monster Energy (JP) | £1.35 | Monster Energy Ultra Rosa,"Monster Energy Company | Monster Energy Company, Monster EnergyMonster",4897036692288 | 5060517885304 | 70847034643,https://images.openfoodfacts.org/images/products/489/703/669/2288/front_en.9.400.jpg | https://images.openfoodfacts.org/images/products/506/051/788/5304/front_fr.4.400.jpg | https://images.openfoodfacts.org/images/products/007/084/703/4643/front_en.18.400.jpg,review_prefix_candidate,approve proposed,Monster Energy Company string; keep scoped proposed owner.,Monster Beverage Corp,True,True,approve proposed,Monster Beverage Corp,Monster Energy,monster energy company,monster energy company,monster beverage corp,3,True
Nestlé,Munch,munch,munch bunch,munch bunch,Other / not mapped to a company,Nestlé,dairies,United Kingdom,UK_IE,brand_prefix_with_separator,3,squashums | Munch Bunch Squashums Yogurt Drinks Strawberry | Squashums Yogurt Strawberry & Peach,"Munch Bunch, Nestlé | Munch Bunch,Squashums,Nestlé | Munch Bunch,Nestle,Squashums",3023290078976 | 3023291111139 | 50250493,https://images.openfoodfacts.org/images/products/302/329/007/8976/front_en.3.400.jpg | https://images.openfoodfacts.org/images/products/302/329/111/1139/front_en.4.400.jpg | https://images.openfoodfacts.org/images/products/000/005/025/0493/front_en.21.400.jpg,review_prefix_candidate,approve proposed,Munch variant/company string.,Nestlé,True,True,approve proposed,Nestlé,Munch,munch bunch,munch bunch,nestle,3,True
Nestlé,Nescafé,nescafe,nescafe gold,nescafe gold,Other / not mapped to a company,Nestle,beverages,United Kingdom,UK_IE,brand_prefix_with_separator,3,Latte | Nescafe Double Choc Mocha | Aero Golden Honeycomb Mocha,Nescafé Gold | Nescafe Gold,7613287074638 | 8445290161147 | 8445290745323,https://images.openfoodfacts.org/images/products/761/328/707/4638/front_en.3.400.jpg | https://images.openfoodfacts.org/images/products/844/529/016/1147/front_en.8.400.jpg | https://images.openfoodfacts.org/images/products/844/529/074/5323/front_en.3.400.jpg,review_prefix_candidate,approve proposed,Nescafé variant/company string.,Nestlé,True,True,approve proposed,Nestlé,Nescafé,nescafe gold,nescafe gold,nestle,3,True
Danone,Oikos,oikos,oikos triple zero,oikos triple zero,Other / not mapped to a company,Danone,dairies,United States,US_CANADA,brand_prefix_with_separator,3,BLENDED GREEK YOGURT | Wild berry Greek yogurt cup,OIKOS TRIPLE ZERO | Oikos triple zero,36632019622 | 36632020161 | 3667019,https://images.openfoodfacts.org/images/products/003/663/201/9622/front_en.138.400.jpg | https://images.openfoodfacts.org/images/products/003/663/202/0161/front_en.24.400.jpg | https://images.openfoodfacts.org/images/products/000/000/366/7019/front_en.8.400.jpg,review_prefix_candidate,approve proposed,Oikos variant/company string.,Danone,True,True,approve proposed,Danone,Oikos,oikos triple zero,oikos triple zero,danone,3,True
PepsiCo,Pepsi,pepsi,pepsi max,pepsi max,Other / not mapped to a company,PepsiCo,beverages,United Kingdom,UK_IE,brand_prefix_with_separator,3,"Carbonated Low Calorie Cola Flavoured Soft Drink | Pepsi Max Caffeine Free | Captain Morgan spiced rum with Pepsi Max drink, 5,0%",Pepsi Max,4060800130754 | 4060800309167 | 5000281078236,https://images.openfoodfacts.org/images/products/406/080/013/0754/front_en.13.400.jpg | https://images.openfoodfacts.org/images/products/406/080/030/9167/front_en.3.400.jpg | https://images.openfoodfacts.org/images/products/500/028/107/8236/front_nb.3.400.jpg,review_prefix_candidate,approve proposed,Pepsi variant/company string.,PepsiCo,True,True,approve proposed,PepsiCo,Pepsi,pepsi max,pepsi max,pepsico,3,True
PepsiCo,Pepsi,pepsi,pepsico,pepsico,Other / not mapped to a company,PepsiCo,beverages,France,FRANCE|DACH,brand_prefix_concatenated_review,3,Pepsi Max Cherry | Rockstar Energy BerryBlast | Pepsi Dose,"Pepsico | PepsiCo, Rockstar, Rockstar; PepsiCo",4060800159700 | 4060800200563 | 4062139003051,https://images.openfoodfacts.org/images/products/406/080/015/9700/front_de.23.400.jpg | https://images.openfoodfacts.org/images/products/406/080/020/0563/front_fr.3.400.jpg | https://images.openfoodfacts.org/images/products/406/213/900/3051/front_fr.13.400.jpg,review_prefix_candidate,approve proposed,Pepsi variant/company string.,PepsiCo,True,True,approve proposed,PepsiCo,Pepsi,pepsico,pepsico,pepsico,3,True
PepsiCo,Pepsi,pepsi,pepsico,pepsico,Other / not mapped to a company,PepsiCo,beverages,United Kingdom,UK_IE,brand_prefix_concatenated_review,3,Max | Pepsi Electric | Pepsi cream soda 500ml,PepsiCo,4060800171467 | 4062139016570 | 4062139018383,https://images.openfoodfacts.org/images/products/406/080/017/1467/front_en.17.400.jpg | https://images.openfoodfacts.org/images/products/406/213/901/6570/front_en.3.400.jpg | https://images.openfoodfacts.org/images/products/406/213/901/8383/front_en.28.400.jpg,review_prefix_candidate,approve proposed,Pepsi variant/company string.,PepsiCo,True,True,approve proposed,PepsiCo,Pepsi,pepsico,pepsico,pepsico,3,True
Hershey,Reese's,reese s,Reese's,reeses,Other / not mapped to a company,The Hershey Company,snacks,France,FRANCE|DACH,brand_prefix_concatenated_review,3,Nut Bar | Peanut Butter Cups - Minis - Unwrapped,Reese’s | Reese's,34000109197 | 34000702459 | 34000939848,https://images.openfoodfacts.org/images/products/003/400/010/9197/front_fr.7.400.jpg | https://images.openfoodfacts.org/images/products/003/400/070/2459/front_fr.13.400.jpg | https://images.openfoodfacts.org/images/products/003/400/093/9848/front_en.64.400.jpg,review_prefix_candidate,approve proposed,Reese's spelling/combined-brand variant.,The Hershey Company,True,True,approve proposed,The Hershey Company,Reese's,Reese's,reeses,the hershey company,3,True
PepsiCo,Schweppes,schweppes,Schweppes,schweppes,Other / not mapped to a company,Suntory Beverage & Food,beverages,Germany,DACH|US_CANADA,exact_brand_match,3,Wild Berry | Bitter Lemon | Indian Tonic,"Schweppes | Schweppeses, Schweppes",4000140721137 | 5902860411222 | 7610238067442,,review_prefix_candidate,approve proposed,Schweppes is region-scoped; keep proposal for launch.,Suntory Beverage & Food,True,True,approve proposed,Suntory Beverage & Food,Schweppes,Schweppes,schweppes,suntory beverage and food,3,True
PepsiCo,Walkers,walkers,walkers max,walkers max,Other / not mapped to a company,PepsiCo,snacks,United Kingdom,UK_IE,brand_prefix_with_separator,3,pizza hut pepperoni feast crisps | Flamin' Hot Or Not? | Jalapeño & Cheese,walkers Max | Walkers Max | Walkers MAX,5000328022550 | 5000328035338 | 5000328039718,https://images.openfoodfacts.org/images/products/500/032/802/2550/front_en.16.400.jpg | https://images.openfoodfacts.org/images/products/500/032/803/5338/front_en.3.400.jpg | https://images.openfoodfacts.org/images/products/500/032/803/9718/front_en.11.400.jpg,review_prefix_candidate,approve proposed,Walkers crisps/snacks variant.,PepsiCo,True,True,approve proposed,PepsiCo,Walkers,walkers max,walkers max,pepsico,3,True
Kraft Heinz,Wyler's,wyler s,Wyler's,wylers,Other / not mapped to a company,Kraft Heinz,beverages,United States,US_CANADA,brand_prefix_concatenated_review,3,"Zero Sugar Island Punch | Wyler's, sweetened iced tea mix | Wyler's Light Peach Iced Tea",Wyler's,72392344338 | 72392368617 | 772312349183,https://images.openfoodfacts.org/images/products/007/239/234/4338/front_en.3.400.jpg | https://images.openfoodfacts.org/images/products/077/231/234/9183/front_en.3.400.jpg,review_prefix_candidate,approve proposed,Wyler's variant/company string.,Kraft Heinz,True,True,approve proposed,Kraft Heinz,Wyler's,Wyler's,wylers,kraft heinz,3,True
PepsiCo,7UP,7up,7UP,7up,Other / not mapped to a company,PepsiCo,beverages,Canada,US_CANADA|FRANCE,exact_brand_match,2,7up,7up | 7 up,65400000968 | 6541539,https://images.openfoodfacts.org/images/products/006/540/000/0968/front_en.19.400.jpg | https://images.openfoodfacts.org/images/products/000/000/654/1539/front_fr.31.400.jpg,review_prefix_candidate,approve proposed,7UP routing follows proposed region-specific owner.,PepsiCo,True,True,approve proposed,PepsiCo,7UP,7UP,7up,pepsico,2,True
Nestlé,Bakers,bakers,bakers harvest,bakers harvest,Other / not mapped to a company,Nestlé,snacks,United States,US_CANADA,brand_prefix_with_separator,2,Original Style Saltines Crackers | Thin Wheat Crackers,Baker's Harvest,23300400561 | 23300401681,https://images.openfoodfacts.org/images/products/002/330/040/0561/front_en.6.400.jpg | https://images.openfoodfacts.org/images/products/002/330/040/1681/front_en.6.400.jpg,review_prefix_candidate,reject prefix match / keep Other,False/generic/private-label prefix: Baker(s)* here is not Nestlé Bakers.,Other / not mapped to a company,False,False,reject prefix match / keep Other,Other / not mapped to a company,Bakers,bakers harvest,bakers harvest,other not mapped to a company,2,False
Kraft Heinz,Capri Sun,capri sun,Capri Sun,capri sun,Other / not mapped to a company,Capri Sun Group / Coca-Cola Europacific Partners,beverages,France,FRANCE|US_CANADA,exact_brand_match,2,Splash Cooler | CapriSun Super V Fruit & Vegetable Juice Drink,Caprisun | CapriSun,87684000977 | 87684004166,https://images.openfoodfacts.org/images/products/008/768/400/0977/front_en.19.400.jpg | https://images.openfoodfacts.org/images/products/008/768/400/4166/front_en.3.400.jpg,review_prefix_candidate,approve proposed,Capri Sun scoped/partnered owner proposal.,Capri Sun Group / Coca-Cola Europacific Partners,True,True,approve proposed,Capri Sun Group / Coca-Cola Europacific Partners,Capri Sun,Capri Sun,capri sun,capri sun group coca cola europacific partners,2,True
Kraft Heinz,Capri Sun,capri sun,Capri Sun,capri sun,Other / not mapped to a company,Capri Sun Group / Coca-Cola Europacific Partners,beverages,Germany,DACH|US_CANADA,exact_brand_match,2,PACIFIC COOLER Mixed Fruit Flavored Juice from Concentrate | Fruit Punch,CAPRiSUN | Capri Sun,87684000953 | 87684001073,https://images.openfoodfacts.org/images/products/008/768/400/0953/front_en.16.400.jpg | https://images.openfoodfacts.org/images/products/008/768/400/1073/front_en.44.400.jpg,review_prefix_candidate,approve proposed,Capri Sun scoped/partnered owner proposal.,Capri Sun Group / Coca-Cola Europacific Partners,True,True,approve proposed,Capri Sun Group / Coca-Cola Europacific Partners,Capri Sun,Capri Sun,capri sun,capri sun group coca cola europacific partners,2,True
Nestlé,Cheerios,cheerios,Cheerios,cheerios,Other / not mapped to a company,General Mills,cereals,Canada,US_CANADA|FRANCE,exact_brand_match,2,Cheerios | Cheerios au miel et aux noix,"Cheerios | Cheerios, General Mills",65633134652 | 65633279575,https://images.openfoodfacts.org/images/products/006/563/313/4652/front_fr.25.400.jpg | https://images.openfoodfacts.org/images/products/006/563/327/9575/front_fr.32.400.jpg,review_prefix_candidate,map to General Mills,Cheerios US/Canada routing.,General Mills,True,True,map to General Mills,General Mills,Cheerios,Cheerios,cheerios,general mills,2,True
Nestlé,Cheerios,cheerios,Cheerios,cheerios,Other / not mapped to a company,Nestlé,cereals,Bolivia,FRANCE|US_CANADA,exact_brand_match,2,Cheerios Oat Crunch Cinnamon | Multi Grain Cheerios,"Cheerios, General Mills | Cheerios",16000160712 | 16000487697,https://images.openfoodfacts.org/images/products/001/600/016/0712/front_en.4.400.jpg | https://images.openfoodfacts.org/images/products/001/600/048/7697/front_en.38.400.jpg,review_prefix_candidate,map to Cereal Partners Worldwide,Cheerios Europe/non-US MVP routing.,Cereal Partners Worldwide,True,True,map to Cereal Partners Worldwide,Cereal Partners Worldwide,Cheerios,Cheerios,cheerios,cereal partners worldwide,2,True
Nestlé,Chef,chef,chef mj,chef mj,Other / not mapped to a company,Nestlé,snacks,United States,US_CANADA,brand_prefix_with_separator,2,"Cream Cheese, Bacon And Jalapeno Coated With Corn Tortilla Chips | Tortilla Chips Bites",Chef Mj,762574000649 | 762574000687,,review_prefix_candidate,reject prefix match / keep Other,False/generic prefix: Chef* here is not Nestlé Chef.,Other / not mapped to a company,False,False,reject prefix match / keep Other,Other / not mapped to a company,Chef,chef mj,chef mj,other not mapped to a company,2,False
Nestlé,Chef,chef,chef select,chef select,Other / not mapped to a company,Nestlé,beverages,Belgium,BENELUX|UK_IE,brand_prefix_with_separator,2,"Apple, Mango, Spinach & Avocado Smoothie | Ginger Shot",Chef Select,4056489217435 | 4056489373964,https://images.openfoodfacts.org/images/products/405/648/921/7435/front_en.30.400.jpg | https://images.openfoodfacts.org/images/products/405/648/937/3964/front_pl.12.400.jpg,review_prefix_candidate,reject prefix match / keep Other,False/generic prefix: Chef* here is not Nestlé Chef.,Other / not mapped to a company,False,False,reject prefix match / keep Other,Other / not mapped to a company,Chef,chef select,chef select,other not mapped to a company,2,False
Nestlé,Chef,chef,chef select,chef select,Other / not mapped to a company,Nestlé,beverages,France,FRANCE,brand_prefix_with_separator,2,Paradiso Sauerkirsch Nektar | Green shot,"Chef select, RSG | Chef Select",20611422 | 4056489679721,https://images.openfoodfacts.org/images/products/000/002/061/1422/front_fr.10.400.jpg | https://images.openfoodfacts.org/images/products/405/648/967/9721/front_fr.13.400.jpg,review_prefix_candidate,reject prefix match / keep Other,False/generic prefix: Chef* here is not Nestlé Chef.,Other / not mapped to a company,False,False,reject prefix match / keep Other,Other / not mapped to a company,Chef,chef select,chef select,other not mapped to a company,2,False
Nestlé,Chef,chef,chef select to go,chef select to go,Other / not mapped to a company,Nestlé,beverages,Belgium,BENELUX|FRANCE,brand_prefix_with_separator,2,"Orange Fraise | Smoothie pomme, raisin, fraise, cassis, mûre",CHEF SELECT TO GO | Chef Select to go,20663599 | 20803902,https://images.openfoodfacts.org/images/products/000/002/066/3599/front_fr.4.400.jpg | https://images.openfoodfacts.org/images/products/000/002/080/3902/front_fr.131.400.jpg,review_prefix_candidate,reject prefix match / keep Other,False/generic prefix: Chef* here is not Nestlé Chef.,Other / not mapped to a company,False,False,reject prefix match / keep Other,Other / not mapped to a company,Chef,chef select to go,chef select to go,other not mapped to a company,2,False
Nestlé,Chef,chef,chef to go select,chef to go select,Other / not mapped to a company,Nestlé,beverages,France,FRANCE,brand_prefix_with_separator,2,Smoothie | Jus de fruits Orange & Fraise,Chef to go select | CHEF TO GO SELECT,17557696 | 20977320,https://images.openfoodfacts.org/images/products/000/001/755/7696/front_fr.4.400.jpg | https://images.openfoodfacts.org/images/products/000/002/097/7320/front_en.6.400.jpg,review_prefix_candidate,reject prefix match / keep Other,False/generic prefix: Chef* here is not Nestlé Chef.,Other / not mapped to a company,False,False,reject prefix match / keep Other,Other / not mapped to a company,Chef,chef to go select,chef to go select,other not mapped to a company,2,False
Mondelez,Chips Ahoy!,chips ahoy,Chips Ahoy!,chips ahoy,Other / not mapped to a company,Mondelez International,snacks,France,FRANCE,exact_brand_match,2,Original Cookies | Brownie chocolate intenso,Chips Ahoy! | Chips Ahoy,66721006684 | 7622210968746,https://images.openfoodfacts.org/images/products/006/672/100/6684/front_en.21.400.jpg | https://images.openfoodfacts.org/images/products/762/221/096/8746/front_fr.21.400.jpg,review_prefix_candidate,approve proposed,Chips Ahoy! variant/company string.,Mondelēz International,True,True,approve proposed,Mondelēz International,Chips Ahoy!,Chips Ahoy!,chips ahoy,mondelez international,2,True
Mondelez,Clif,clif,cliff,cliff,Other / not mapped to a company,Mondelez International,cereals,United States,US_CANADA,brand_prefix_concatenated_review,2,"White chocolate macadamia nut energy granola, white chocolate macadamia nut | Blueberry crisp energy granola, blueberry crisp",Cliff,722252922014 | 722252922052,https://images.openfoodfacts.org/images/products/072/225/292/2014/front_en.3.400.jpg | https://images.openfoodfacts.org/images/products/072/225/292/2052/front_en.3.400.jpg,review_prefix_candidate,approve proposed,Clif/Clif Bar variant.,Mondelēz International,True,True,approve proposed,Mondelēz International,Clif,cliff,cliff,mondelez international,2,True
Coca-Cola,Coca-Cola,coca cola,coca cola company,coca cola company,Other / not mapped to a company,The Coca-Cola Company,beverages,Belgium,BENELUX|FRANCE|DACH,brand_prefix_with_separator,2,Fanta orange | 3CL CAN TUTTI FRUTTI FANTA,Coca-Cola Company,5449000287038 | 5449000334534,https://images.openfoodfacts.org/images/products/544/900/028/7038/front_nl.24.400.jpg | https://images.openfoodfacts.org/images/products/544/900/033/4534/front_it.20.400.jpg,review_prefix_candidate,approve proposed,Coca-Cola variant/company string.,The Coca-Cola Company,True,True,approve proposed,The Coca-Cola Company,Coca-Cola,coca cola company,coca cola company,the coca cola company,2,True
Coca-Cola,Coca-Cola,coca cola,coca cola europacific partners norge as,coca cola europacific partners norge as,Other / not mapped to a company,The Coca-Cola Company,beverages,France,FRANCE,brand_prefix_with_separator,2,Powerade Citrus Lime Ion4 Pet | Coca Cola,Coca-cola europacific partners norge as,50112814 | 5449000187185,https://images.openfoodfacts.org/images/products/000/005/011/2814/front_fr.19.400.jpg | https://images.openfoodfacts.org/images/products/544/900/018/7185/front_fr.11.400.jpg,review_prefix_candidate,approve proposed,Coca-Cola variant/company string.,The Coca-Cola Company,True,True,approve proposed,The Coca-Cola Company,Coca-Cola,coca cola europacific partners norge as,coca cola europacific partners norge as,the coca cola company,2,True
Coca-Cola,Coca-Cola,coca cola,coca cola european partners norge a,coca cola european partners norge a,Other / not mapped to a company,The Coca-Cola Company,beverages,France,FRANCE|NORDICS,brand_prefix_with_separator,2,"Sprite | Coca-Cola Classic 0,33l",COCA-COLA EUROPEAN PARTNERS NORGE A,5000112634136 | 54490703,https://images.openfoodfacts.org/images/products/500/011/263/4136/front_nb.40.400.jpg | https://images.openfoodfacts.org/images/products/000/005/449/0703/front_en.49.400.jpg,review_prefix_candidate,approve proposed,Coca-Cola variant/company string.,The Coca-Cola Company,True,True,approve proposed,The Coca-Cola Company,Coca-Cola,coca cola european partners norge a,coca cola european partners norge a,the coca cola company,2,True
Coca-Cola,Coca-Cola,coca cola,cocacola,cocacola,Other / not mapped to a company,The Coca-Cola Company,beverages,France,FRANCE,brand_prefix_concatenated_review,2,Coca Cola Life | Sprite,Cocacola,5449000052384 | 88009190632,https://images.openfoodfacts.org/images/products/544/900/005/2384/front_fr.4.400.jpg | https://images.openfoodfacts.org/images/products/008/800/919/0632/front_fr.10.400.jpg,review_prefix_candidate,approve proposed,Coca-Cola variant/company string.,The Coca-Cola Company,True,True,approve proposed,The Coca-Cola Company,Coca-Cola,cocacola,cocacola,the coca cola company,2,True
Danone,Dannon,dannon,dannon light and fit,dannon light and fit,Other / not mapped to a company,Danone,dairies,United States,US_CANADA,brand_prefix_with_separator,2,Greek Brownie Sundae | Yogurt,Dannon Light & Fit | Dannon light and fit,36632024961 | 36632037329,https://images.openfoodfacts.org/images/products/003/663/202/4961/front_en.144.400.jpg | https://images.openfoodfacts.org/images/products/003/663/203/7329/front_en.24.400.jpg,review_prefix_candidate,approve proposed,Dannon variant/company string.,Danone,True,True,approve proposed,Danone,Dannon,dannon light and fit,dannon light and fit,danone,2,True
Danone,Danone,danone,danonedanette,danonedanette,Other / not mapped to a company,Danone,dairies,France,FRANCE,brand_prefix_concatenated_review,2,Danette Yogurt Vanilla,DanoneDanette,3033491432989 | 56800911862,https://images.openfoodfacts.org/images/products/303/349/143/2989/front_en.33.400.jpg | https://images.openfoodfacts.org/images/products/005/680/091/1862/front_fr.3.400.jpg,review_prefix_candidate,approve proposed,Danone variant/company string.,Danone,True,True,approve proposed,Danone,Danone,danonedanette,danonedanette,danone,2,True
Coca-Cola,Diet Coke,diet coke,diet coke plus,diet coke plus,Other / not mapped to a company,The Coca-Cola Company,beverages,United States,US_CANADA,brand_prefix_with_separator,2,Diet Cola,Diet coke plus,49000048087 | 4909806,,review_prefix_candidate,approve proposed,Diet Coke variant/company string.,The Coca-Cola Company,True,True,approve proposed,The Coca-Cola Company,Diet Coke,diet coke plus,diet coke plus,the coca cola company,2,True
Nestlé,Essentia,essentia,essential living foods,essential living foods,Other / not mapped to a company,Nestlé,beverages,United States,US_CANADA,brand_prefix_concatenated_review,2,"Essential living foods, organic wild protein smoothie mix, creamy coconut + greens | Essential living foods, coco gogo energy elixir chocolate drink mix",Essential Living Foods,812986015769 | 812986016452,,review_prefix_candidate,reject prefix match / keep Other,False prefix: essential* is not Essentia unless explicitly Essentia.,Other / not mapped to a company,False,False,reject prefix match / keep Other,Other / not mapped to a company,Essentia,essential living foods,essential living foods,other not mapped to a company,2,False
Nestlé,Essentia,essentia,essential waitrose and partners,essential waitrose and partners,Other / not mapped to a company,Nestlé,beverages,United Kingdom,UK_IE,brand_prefix_concatenated_review,2,Coconut Milk | Reduced Fat Coconut Milk,Essential Waitrose & Partners,5000169119990 | 5000169120002,https://images.openfoodfacts.org/images/products/500/016/911/9990/front_en.3.400.jpg | https://images.openfoodfacts.org/images/products/500/016/912/0002/front_en.39.400.jpg,review_prefix_candidate,reject prefix match / map to Waitrose,"False prefix: Essential Waitrose is Waitrose private-label, not Nestlé Essentia.",Waitrose,True,False,reject prefix match / map to Waitrose,Waitrose,Essentia,essential waitrose and partners,essential waitrose and partners,waitrose,2,False
Nestlé,Fitness,fitness,Fitness,fitness,Other / not mapped to a company,Cereal Partners Worldwide,cereals,France,FRANCE|DACH,exact_brand_match,2,FLAKES CHOCOLATE | NESTLE FITNESS JOGHURT Cerealien,"Fitness | Nestlé, Fitness, Nestle fitness & yoghurt",20369743 | 7613031517817,https://images.openfoodfacts.org/images/products/000/002/036/9743/front_de.16.400.jpg | https://images.openfoodfacts.org/images/products/761/303/151/7817/front_en.59.400.jpg,review_prefix_candidate,map to Cereal Partners Worldwide,Fitness cereal/snack-cereal line in Europe; route to CPW for launch.,Cereal Partners Worldwide,True,True,map to Cereal Partners Worldwide,Cereal Partners Worldwide,Fitness,Fitness,fitness,cereal partners worldwide,2,True
Nestlé,Fitness,fitness,Fitness,fitness,Other / not mapped to a company,Cereal Partners Worldwide,cereals,France,FRANCE|SOUTHERN_EUROPE,exact_brand_match,2,Cereales de desayuno con avena integral y más,"Fitness | Nestlé, Fitness",7613032540692 | 7613035758834,https://images.openfoodfacts.org/images/products/761/303/254/0692/front_en.3.400.jpg | https://images.openfoodfacts.org/images/products/761/303/575/8834/front_en.36.400.jpg,review_prefix_candidate,map to Cereal Partners Worldwide,Fitness cereal/snack-cereal line in Europe; route to CPW for launch.,Cereal Partners Worldwide,True,True,map to Cereal Partners Worldwide,Cereal Partners Worldwide,Fitness,Fitness,fitness,cereal partners worldwide,2,True
Nestlé,Fitness,fitness,Fitness,fitness,Other / not mapped to a company,Nestlé,cereals,Belgium,BENELUX|FRANCE|DACH,exact_brand_match,2,NESTLE FITNESS Chocolat Noir Céréales 375g | Fitness Delice Céréales croustillantes avec un coeur aux fruits rouges,"Nestlé, Fitness, Fitness dark chocolate | Nestlé, Fitness",7613031443338 | 7613035449596,https://images.openfoodfacts.org/images/products/761/303/144/3338/front_fr.148.400.jpg | https://images.openfoodfacts.org/images/products/761/303/544/9596/front_fr.9.400.jpg,review_prefix_candidate,map to Cereal Partners Worldwide,Fitness cereal/snack-cereal line in Europe; route to CPW for launch.,Cereal Partners Worldwide,True,True,map to Cereal Partners Worldwide,Cereal Partners Worldwide,Fitness,Fitness,fitness,cereal partners worldwide,2,True
Nestlé,Fitness,fitness,Fitness,fitness,Other / not mapped to a company,Nestlé,cereals,Belgium,BENELUX|FRANCE|SOUTHERN_EUROPE,exact_brand_match,2,Original Nature | Bio Avoine,"Nestlé,Fitness | Nestlé, Fitness",3387390325911 | 7613037353228,https://images.openfoodfacts.org/images/products/338/739/032/5911/front_en.101.400.jpg | https://images.openfoodfacts.org/images/products/761/303/735/3228/front_fr.32.400.jpg,review_prefix_candidate,map to Cereal Partners Worldwide,Fitness cereal/snack-cereal line in Europe; route to CPW for launch.,Cereal Partners Worldwide,True,True,map to Cereal Partners Worldwide,Cereal Partners Worldwide,Fitness,Fitness,fitness,cereal partners worldwide,2,True
Nestlé,Fitness,fitness,fitnessboutique,fitnessboutique,Other / not mapped to a company,Cereal Partners Worldwide,dairies,France,FRANCE,brand_prefix_concatenated_review,2,Whey harder | X whey native,Fitnessboutique,3662072011314 | 3662072016364,https://images.openfoodfacts.org/images/products/366/207/201/1314/front_fr.4.400.jpg | https://images.openfoodfacts.org/images/products/366/207/201/6364/front_fr.4.400.jpg,review_prefix_candidate,map to Cereal Partners Worldwide,Fitness cereal/snack-cereal line in Europe; route to CPW for launch.,Cereal Partners Worldwide,True,True,map to Cereal Partners Worldwide,Cereal Partners Worldwide,Fitness,fitnessboutique,fitnessboutique,cereal partners worldwide,2,True
Nestlé,Gourmet,gourmet,gourmet finest cuisine,gourmet finest cuisine,Other / not mapped to a company,Nestle,beverages,France,FRANCE,brand_prefix_with_separator,2,Thé et infusions,"Gourmet Finest Cuisine,Aldi | Gourmet Finest Cuisine, Aldi",2006050146055 | 2006050196326,https://images.openfoodfacts.org/images/products/200/605/014/6055/front_fr.3.400.jpg | https://images.openfoodfacts.org/images/products/200/605/019/6326/front_en.3.400.jpg,review_prefix_candidate,reject prefix match / keep Other,False/generic prefix: Gourmet* here is not Nestlé Gourmet.,Other / not mapped to a company,False,False,reject prefix match / keep Other,Other / not mapped to a company,Gourmet,gourmet finest cuisine,gourmet finest cuisine,other not mapped to a company,2,False
Nestlé,Gourmet,gourmet,gourmet finest cuisine,gourmet finest cuisine,Other / not mapped to a company,Nestle,dairies,France,FRANCE,brand_prefix_with_separator,2,Pecorino Romano | Dessert tiramisu et pépites de chocolat,"Gourmet Finest Cuisine,Aldi",4047247113236 | 4068262093532,https://images.openfoodfacts.org/images/products/404/724/711/3236/front_fr.4.400.jpg | https://images.openfoodfacts.org/images/products/406/826/209/3532/front_fr.3.400.jpg,review_prefix_candidate,reject prefix match / keep Other,False/generic prefix: Gourmet* here is not Nestlé Gourmet.,Other / not mapped to a company,False,False,reject prefix match / keep Other,Other / not mapped to a company,Gourmet,gourmet finest cuisine,gourmet finest cuisine,other not mapped to a company,2,False
Nestlé,Gourmet,gourmet,gourmet international,gourmet international,Other / not mapped to a company,Nestle,snacks,United States,US_CANADA,brand_prefix_with_separator,2,"Grasovka, Vodka Of Poland Filled In Chocolate, Bisongrass Vodka | Mozart Chocolade Praline - Nougat",Gourmet International,816095010745 | 816095014040,,review_prefix_candidate,reject prefix match / keep Other,False/generic prefix: Gourmet* here is not Nestlé Gourmet.,Other / not mapped to a company,False,False,reject prefix match / keep Other,Other / not mapped to a company,Gourmet,gourmet international,gourmet international,other not mapped to a company,2,False
Nestlé,Gourmet,gourmet,gourmet village,gourmet village,Other / not mapped to a company,Nestle,snacks,United States,US_CANADA,brand_prefix_with_separator,2,"Bah humbug | Gourmet village, naughty or nice flavored candy, cherry",Gourmet Village,772291022008 | 772291022046,,review_prefix_candidate,reject prefix match / keep Other,False/generic prefix: Gourmet* here is not Nestlé Gourmet.,Other / not mapped to a company,False,False,reject prefix match / keep Other,Other / not mapped to a company,Gourmet,gourmet village,gourmet village,other not mapped to a company,2,False
Nestlé,Häagen-Dazs,haagen dazs,Häagen-Dazs,haagen dazs,Other / not mapped to a company,Froneri,dairies,United States,US_CANADA,exact_brand_match,2,Cultured Creme | irish cream brownie ice cream,Haagen dazs | Häagen-Dazs,70470200156 | 74570208647,https://images.openfoodfacts.org/images/products/007/047/020/0156/front_en.4.400.jpg | https://images.openfoodfacts.org/images/products/007/457/020/8647/front_en.32.400.jpg,review_prefix_candidate,approve proposed,Exact brand match.,Froneri,True,True,approve proposed,Froneri,Häagen-Dazs,Häagen-Dazs,haagen dazs,froneri,2,True
Nestlé,Hépar,hepar,Hépar,hepar,Other / not mapped to a company,Nestlé,beverages,France,FRANCE|DACH,exact_brand_match,2,Hépar | HEPAR eau minérale naturelle 50cl,Hépar,7613035010529 | 7613035024021,https://images.openfoodfacts.org/images/products/761/303/501/0529/front_fr.23.400.jpg | https://images.openfoodfacts.org/images/products/761/303/502/4021/front_fr.48.400.jpg,review_prefix_candidate,approve proposed,Hépar variant/company string.,Nestlé,True,True,approve proposed,Nestlé,Hépar,Hépar,hepar,nestle,2,True
Nestlé,La Vie,la vie,laviel confiserie thermale,laviel confiserie thermale,Other / not mapped to a company,Nestlé,snacks,France,FRANCE,brand_prefix_concatenated_review,2,Violette d'Auvergne | Framboise Fourrée d'Auvergne,Laviel - Confiserie Thermale,3442370411432 | 3442370611320,https://images.openfoodfacts.org/images/products/344/237/041/1432/front_fr.4.400.jpg | https://images.openfoodfacts.org/images/products/344/237/061/1320/front_fr.5.400.jpg,review_prefix_candidate,reject prefix match / keep Other,False prefix: Laviel is not Nestlé La Vie.,Other / not mapped to a company,False,False,reject prefix match / keep Other,Other / not mapped to a company,La Vie,laviel confiserie thermale,laviel confiserie thermale,other not mapped to a company,2,False
PepsiCo,Lay's,lay s,Lay’s,lays,Other / not mapped to a company,PepsiCo,snacks,Bulgaria,FRANCE,brand_prefix_concatenated_review,2,Картофен чипс с вкус на кашкавал | Картофен чипс с вкус на паприка,Lay's,5941000025615 | 5941000025622,https://images.openfoodfacts.org/images/products/594/100/002/5615/front_bg.34.400.jpg | https://images.openfoodfacts.org/images/products/594/100/002/5622/front_en.116.400.jpg,review_prefix_candidate,approve proposed,Lay's spelling/combined-brand variant.,PepsiCo,True,True,approve proposed,PepsiCo,Lay’s,Lay’s,lays,pepsico,2,True
PepsiCo,Lay's,lay s,Lay’s,lays,Other / not mapped to a company,PepsiCo,snacks,Canada,US_CANADA|FRANCE,brand_prefix_concatenated_review,2,"Lay's Recette paysanne nature 6 x 27,5 g | Lay's Recette paysanne nature","Lay's, Lays",3168930008002 | 3168930009993,https://images.openfoodfacts.org/images/products/316/893/000/8002/front_fr.24.400.jpg | https://images.openfoodfacts.org/images/products/316/893/000/9993/front_fr.33.400.jpg,review_prefix_candidate,approve proposed,Lay's spelling/combined-brand variant.,PepsiCo,True,True,approve proposed,PepsiCo,Lay’s,Lay’s,lays,pepsico,2,True
PepsiCo,Lay's,lay s,Lay’s,lays,Other / not mapped to a company,PepsiCo,snacks,India,US_CANADA,brand_prefix_concatenated_review,2,India’s Magic Masala 30 | Lays,Lay's,8901491001069 | 8901491503044,https://images.openfoodfacts.org/images/products/890/149/100/1069/front_en.3.400.jpg | https://images.openfoodfacts.org/images/products/890/149/150/3044/front_en.3.400.jpg,review_prefix_candidate,approve proposed,Lay's spelling/combined-brand variant.,PepsiCo,True,True,approve proposed,PepsiCo,Lay’s,Lay’s,lays,pepsico,2,True
Nestlé,Maggi,maggi,maggie lyon,maggie lyon,Other / not mapped to a company,Nestle,snacks,United States,US_CANADA,brand_prefix_concatenated_review,2,Vegan Gummi Peach Tea | Candy Corn,Maggie Lyon,128510552416400499 | 85986209000499,https://images.openfoodfacts.org/images/products/128/510/552/416400499/front_en.3.400.jpg | https://images.openfoodfacts.org/images/products/859/862/090/00499/front_en.3.400.jpg,review_prefix_candidate,approve proposed,Prefix match appears to be a true brand variant; accepted for launch.,Nestlé,True,True,approve proposed,Nestlé,Maggi,maggie lyon,maggie lyon,nestle,2,True
Nestlé,Nescafé,nescafe,nescafe azera,nescafe azera,Other / not mapped to a company,Nestle,beverages,Ireland,UK_IE,brand_prefix_with_separator,2,Decaff Americano | Americano Intense Instant Coffee with Finely Ground Beans,Nescafé Azera,8445290044853 | 8445290044877,https://images.openfoodfacts.org/images/products/844/529/004/4853/front_en.3.400.jpg | https://images.openfoodfacts.org/images/products/844/529/004/4877/front_en.30.400.jpg,review_prefix_candidate,approve proposed,Nescafé variant/company string.,Nestlé,True,True,approve proposed,Nestlé,Nescafé,nescafe azera,nescafe azera,nestle,2,True
PepsiCo,Pepsi,pepsi,pepsi co,pepsi co,Other / not mapped to a company,PepsiCo,beverages,United States,US_CANADA,brand_prefix_with_separator,2,Mountain Dew Voodew 5 - (2023) | Mtn Dew: Blackberry Citrus - (20 oz),"Pepsi Co | Pepsi co, Mtn Dew",12000230004 | 12000230400,https://images.openfoodfacts.org/images/products/001/200/023/0004/front_en.3.400.jpg | https://images.openfoodfacts.org/images/products/001/200/023/0400/front_en.3.400.jpg,review_prefix_candidate,approve proposed,Pepsi variant/company string.,PepsiCo,True,True,approve proposed,PepsiCo,Pepsi,pepsi co,pepsi co,pepsico,2,True
PepsiCo,Pepsi,pepsi,pepsi cola,pepsi cola,Other / not mapped to a company,PepsiCo,beverages,France,FRANCE,brand_prefix_with_separator,2,Pepsi-Cola Soda Shop | PEPSI ZERO SLEEK CAN 330MLX6,Pepsi-Cola | Pepsi Cola,12000030673 | 3168930175957,https://images.openfoodfacts.org/images/products/001/200/003/0673/front_en.19.400.jpg | https://images.openfoodfacts.org/images/products/316/893/017/5957/front_fr.18.400.jpg,review_prefix_candidate,approve proposed,Pepsi variant/company string.,PepsiCo,True,True,approve proposed,PepsiCo,Pepsi,pepsi cola,pepsi cola,pepsico,2,True
PepsiCo,Pepsi,pepsi,pepsico inc,pepsico inc,Other / not mapped to a company,PepsiCo,beverages,France,FRANCE,brand_prefix_concatenated_review,2,Mirinda Gout Fraise | Mirínda,PepsiCo Inc.,3168930176862 | 6111252420400,https://images.openfoodfacts.org/images/products/316/893/017/6862/front_en.3.400.jpg | https://images.openfoodfacts.org/images/products/611/125/242/0400/front_fr.16.400.jpg,review_prefix_candidate,approve proposed,Pepsi variant/company string.,PepsiCo,True,True,approve proposed,PepsiCo,Pepsi,pepsico inc,pepsico inc,pepsico,2,True
Nestlé,Perrier,perrier,perrier jouet,perrier jouet,Other / not mapped to a company,Nestle,beverages,United Kingdom,UK_IE,brand_prefix_with_separator,2,Grand Brut,Perrier-Jouët,3113880105110 | 3113880115119,https://images.openfoodfacts.org/images/products/311/388/010/5110/front_fr.4.400.jpg | https://images.openfoodfacts.org/images/products/311/388/011/5119/front_fr.8.400.jpg,review_prefix_candidate,reject prefix match / keep Other,False prefix: Perrier-Jouët is not Perrier water.,Other / not mapped to a company,False,False,reject prefix match / keep Other,Other / not mapped to a company,Perrier,perrier jouet,perrier jouet,other not mapped to a company,2,False
Hershey,Reese's,reese s,Reese's,reeses,Other / not mapped to a company,The Hershey Company,cereals,France,FRANCE|SOUTHERN_EUROPE|US_CANADA,brand_prefix_concatenated_review,2,Reese's Puffs | Reese's Puffs Cereal,Reese's,16000122222 | 16000127258,https://images.openfoodfacts.org/images/products/001/600/012/2222/front_en.68.400.jpg,review_prefix_candidate,approve proposed,Reese's spelling/combined-brand variant.,The Hershey Company,True,True,approve proposed,The Hershey Company,Reese's,Reese's,reeses,the hershey company,2,True
Hershey,Reese's,reese s,Reese's,reeses,Other / not mapped to a company,The Hershey Company,snacks,France,FRANCE|DACH|US_CANADA,brand_prefix_concatenated_review,2,Peanut butter candy | 2 Peanut Butter Cups,"GRAZA, Reese s | Reese's",3424801 | 3444009,https://images.openfoodfacts.org/images/products/000/000/342/4801/front_en.60.400.jpg | https://images.openfoodfacts.org/images/products/000/000/344/4009/front_en.142.400.jpg,review_prefix_candidate,approve proposed,Reese's spelling/combined-brand variant.,The Hershey Company,True,True,approve proposed,The Hershey Company,Reese's,Reese's,reeses,the hershey company,2,True
Hershey,Reese's,reese s,reeses pieces,reeses pieces,Other / not mapped to a company,The Hershey Company,snacks,United States,US_CANADA,brand_prefix_concatenated_review,2,Peanut Butter Candy In A Crunchy Shell,Reese's pieces,34000114580 | 34000116508,,review_prefix_candidate,approve proposed,Reese's spelling/combined-brand variant.,The Hershey Company,True,True,approve proposed,The Hershey Company,Reese's,reeses pieces,reeses pieces,the hershey company,2,True
Mondelez,Ritz,ritz,ritz bakery,ritz bakery,Other / not mapped to a company,Mondelez International,snacks,United Kingdom,UK_IE,brand_prefix_with_separator,2,the ORIGINAL CRACKER | The Original Cracker,RITZ BAKERY | Ritz Bakery,7622201386597 | 7622210928429,https://images.openfoodfacts.org/images/products/762/220/138/6597/front_en.31.400.jpg | https://images.openfoodfacts.org/images/products/762/221/092/8429/front_en.3.400.jpg,review_prefix_candidate,approve proposed,Ritz variant/company string.,Mondelēz International,True,True,approve proposed,Mondelēz International,Ritz,ritz bakery,ritz bakery,mondelez international,2,True
PepsiCo,Schweppes,schweppes,Schweppes,schweppes,Other / not mapped to a company,Keurig Dr Pepper,beverages,Canada,US_CANADA|FRANCE,exact_brand_match,2,Ginger Ale | Tonic Water - mini,Schweppes,16600010240 | 1661238,https://images.openfoodfacts.org/images/products/001/660/001/0240/front_en.11.400.jpg | https://images.openfoodfacts.org/images/products/000/000/166/1238/front_en.8.400.jpg,review_prefix_candidate,approve proposed,Schweppes is region-scoped; keep proposal for launch.,Keurig Dr Pepper,True,True,approve proposed,Keurig Dr Pepper,Schweppes,Schweppes,schweppes,keurig dr pepper,2,True
Mondelez,Triscuit,triscuit,triscuits,triscuits,Other / not mapped to a company,Mondelez International,snacks,United States,US_CANADA,brand_prefix_concatenated_review,2,rosemary & olive oil | garden herb,triscuits,44000051013 | 44000051662,https://images.openfoodfacts.org/images/products/004/400/005/1013/front_en.30.400.jpg | https://images.openfoodfacts.org/images/products/004/400/005/1662/front_en.8.400.jpg,review_prefix_candidate,approve proposed,Prefix match appears to be a true brand variant; accepted for launch.,Mondelēz International,True,True,approve proposed,Mondelēz International,Triscuit,triscuits,triscuits,mondelez international,2,True
PepsiCo,Walkers,walkers,walkers sensations,walkers sensations,Other / not mapped to a company,PepsiCo,snacks,United Kingdom,UK_IE,brand_prefix_with_separator,2,king prawn cocktail flavour potato crisps | Honey Glased Roast Ham Crisps,walkers sensations | Walkers Sensations,5000328021454 | 5000328030838,https://images.openfoodfacts.org/images/products/500/032/802/1454/front_en.18.400.jpg | https://images.openfoodfacts.org/images/products/500/032/803/0838/front_en.12.400.jpg,review_prefix_candidate,approve proposed,Walkers crisps/snacks variant.,PepsiCo,True,True,approve proposed,PepsiCo,Walkers,walkers sensations,walkers sensations,pepsico,2,True
PepsiCo,7UP,7up,7UP,7up,Other / not mapped to a company,PepsiCo,beverages,France,FRANCE|SOUTHERN_EUROPE|US_CANADA,exact_brand_match,1,"7up, free, flavoured soft drink with sweeteners, lemon and lime",7up,87170726,https://images.openfoodfacts.org/images/products/000/008/717/0726/front_en.8.400.jpg,review_prefix_candidate,approve proposed,7UP routing follows proposed region-specific owner.,PepsiCo,True,True,approve proposed,PepsiCo,7UP,7UP,7up,pepsico,1,True
Danone,Activia,activia,activia gut health,activia gut health,Other / not mapped to a company,Danone,dairies,United Kingdom,UK_IE,brand_prefix_with_separator,1,Yoghurt With Walnut & Oats,Activia Gut Health,5060360507309,https://images.openfoodfacts.org/images/products/506/036/050/7309/front_en.3.400.jpg,review_prefix_candidate,approve proposed,Prefix match appears to be a true brand variant; accepted for launch.,Danone,True,True,approve proposed,Danone,Activia,activia gut health,activia gut health,danone,1,True
Nestlé,Aero,aero,aeroshot,aeroshot,Other / not mapped to a company,Nestlé,snacks,France,FRANCE,brand_prefix_concatenated_review,1,Aeroshot Chocolate,Aeroshot,855461003479,https://images.openfoodfacts.org/images/products/085/546/100/3479/front_fr.11.400.jpg,review_prefix_candidate,approve proposed,Prefix match appears to be a true brand variant; accepted for launch.,Nestlé,True,True,approve proposed,Nestlé,Aero,aeroshot,aeroshot,nestle,1,True
Danone,Alpro,alpro,alprose,alprose,Other / not mapped to a company,Danone,snacks,France,FRANCE|DACH,brand_prefix_concatenated_review,1,Alprose SWSS PRM MLK HZL 100GM,Alprose,7610209051647,https://images.openfoodfacts.org/images/products/761/020/905/1647/front_fr.9.400.jpg,review_prefix_candidate,approve proposed,Alpro variant/company string.,Danone,True,True,approve proposed,Danone,Alpro,alprose,alprose,danone,1,True
Nestlé,Bakers,bakers,bakers and chefs,bakers and chefs,Other / not mapped to a company,Nestlé,snacks,United States,US_CANADA,brand_prefix_with_separator,1,Hard Candy,Bakers & Chefs,78742035673,,review_prefix_candidate,reject prefix match / keep Other,False/generic/private-label prefix: Baker(s)* here is not Nestlé Bakers.,Other / not mapped to a company,False,False,reject prefix match / keep Other,Other / not mapped to a company,Bakers,bakers and chefs,bakers and chefs,other not mapped to a company,1,False
Nestlé,Bakers,bakers,bakers best,bakers best,Other / not mapped to a company,Nestlé,snacks,United States,US_CANADA,brand_prefix_with_separator,1,Bakers best baked soft pretzels,Bakers Best,26129062507,https://images.openfoodfacts.org/images/products/002/612/906/2507/front_en.18.400.jpg,review_prefix_candidate,reject prefix match / keep Other,False/generic/private-label prefix: Baker(s)* here is not Nestlé Bakers.,Other / not mapped to a company,False,False,reject prefix match / keep Other,Other / not mapped to a company,Bakers,bakers best,bakers best,other not mapped to a company,1,False
Nestlé,Bakers,bakers,bakers dream,bakers dream,Other / not mapped to a company,Nestlé,cereals,United States,US_CANADA,brand_prefix_with_separator,1,Granola,Bakers dream,11150980906,https://images.openfoodfacts.org/images/products/001/115/098/0906/front_en.6.400.jpg,review_prefix_candidate,reject prefix match / keep Other,False/generic/private-label prefix: Baker(s)* here is not Nestlé Bakers.,Other / not mapped to a company,False,False,reject prefix match / keep Other,Other / not mapped to a company,Bakers,bakers dream,bakers dream,other not mapped to a company,1,False
Nestlé,Bakers,bakers,bakers golden dairy,bakers golden dairy,Other / not mapped to a company,Nestlé,dairies,United States,US_CANADA,brand_prefix_with_separator,1,Baker's Golden Dairy - S'mores Milk,Baker's Golden Dairy,728028316667,https://images.openfoodfacts.org/images/products/072/802/831/6667/front_en.3.400.jpg,review_prefix_candidate,reject prefix match / keep Other,False/generic/private-label prefix: Baker(s)* here is not Nestlé Bakers.,Other / not mapped to a company,False,False,reject prefix match / keep Other,Other / not mapped to a company,Bakers,bakers golden dairy,bakers golden dairy,other not mapped to a company,1,False
Nestlé,Bakers,bakers,bakers life,bakers life,Other / not mapped to a company,Nestlé,snacks,United States,US_CANADA,brand_prefix_with_separator,1,Croissant,Bakers Life,10102118,,review_prefix_candidate,reject prefix match / keep Other,False/generic/private-label prefix: Baker(s)* here is not Nestlé Bakers.,Other / not mapped to a company,False,False,reject prefix match / keep Other,Other / not mapped to a company,Bakers,bakers life,bakers life,other not mapped to a company,1,False
Nestlé,Bakers,bakers,bakers select,bakers select,Other / not mapped to a company,Nestlé,snacks,United States,US_CANADA,brand_prefix_with_separator,1,Chocolate Cream Cakes,Bakers select,639277976994,https://images.openfoodfacts.org/images/products/063/927/797/6994/front_en.6.400.jpg,review_prefix_candidate,reject prefix match / keep Other,False/generic/private-label prefix: Baker(s)* here is not Nestlé Bakers.,Other / not mapped to a company,False,False,reject prefix match / keep Other,Other / not mapped to a company,Bakers,bakers select,bakers select,other not mapped to a company,1,False
Nestlé,Bakers,bakers,bakers selection,bakers selection,Other / not mapped to a company,Nestlé,snacks,Canada,US_CANADA|FRANCE,brand_prefix_with_separator,1,Muffins Bleuets,"Baker's Selection, Metro",59749906449,https://images.openfoodfacts.org/images/products/005/974/990/6449/front_fr.4.400.jpg,review_prefix_candidate,reject prefix match / keep Other,False/generic/private-label prefix: Baker(s)* here is not Nestlé Bakers.,Other / not mapped to a company,False,False,reject prefix match / keep Other,Other / not mapped to a company,Bakers,bakers selection,bakers selection,other not mapped to a company,1,False
Nestlé,Bakers,bakers,bakers selection,bakers selection,Other / not mapped to a company,Nestlé,snacks,United Kingdom,UK_IE,brand_prefix_with_separator,1,Shortbread Fingers,Bakers Selection,4088600107998,https://images.openfoodfacts.org/images/products/408/860/010/7998/front_en.13.400.jpg,review_prefix_candidate,reject prefix match / keep Other,False/generic/private-label prefix: Baker(s)* here is not Nestlé Bakers.,Other / not mapped to a company,False,False,reject prefix match / keep Other,Other / not mapped to a company,Bakers,bakers selection,bakers selection,other not mapped to a company,1,False
Nestlé,Bakers,bakers,bakers selection du boulanger,bakers selection du boulanger,Other / not mapped to a company,Nestlé,snacks,France,FRANCE,brand_prefix_with_separator,1,Muffins pépites de chocolat,Baker’s Selection Du Boulanger,59749906395,https://images.openfoodfacts.org/images/products/005/974/990/6395/front_fr.4.400.jpg,review_prefix_candidate,reject prefix match / keep Other,False/generic/private-label prefix: Baker(s)* here is not Nestlé Bakers.,Other / not mapped to a company,False,False,reject prefix match / keep Other,Other / not mapped to a company,Bakers,bakers selection du boulanger,bakers selection du boulanger,other not mapped to a company,1,False
Nestlé,Bakers,bakers,bakersource,bakersource,Other / not mapped to a company,Nestlé,snacks,United States,US_CANADA,brand_prefix_concatenated_review,1,Blueberry muffin,Bakersource,74865012249,https://images.openfoodfacts.org/images/products/007/486/501/2249/front_en.3.400.jpg,review_prefix_candidate,reject prefix match / keep Other,False/generic/private-label prefix: Baker(s)* here is not Nestlé Bakers.,Other / not mapped to a company,False,False,reject prefix match / keep Other,Other / not mapped to a company,Bakers,bakersource,bakersource,other not mapped to a company,1,False
Mondelez,Belvita,belvita,belvita breakfast,belvita breakfast,Other / not mapped to a company,Mondelez International,snacks,Australia,FRANCE|DACH,brand_prefix_with_separator,1,Chocolate,belVita Breakfast,9300650011427,https://images.openfoodfacts.org/images/products/930/065/001/1427/front_en.36.400.jpg,review_prefix_candidate,approve proposed,Prefix match appears to be a true brand variant; accepted for launch.,Mondelēz International,True,True,approve proposed,Mondelēz International,Belvita,belvita breakfast,belvita breakfast,mondelez international,1,True
Mondelez,Belvita,belvita,belvita breakfast,belvita breakfast,Other / not mapped to a company,Mondelez International,snacks,Portugal,SOUTHERN_EUROPE|UK_IE,brand_prefix_with_separator,1,Choc Chips,belVita BREAKFAST,7622210689382,https://images.openfoodfacts.org/images/products/762/221/068/9382/front_en.3.400.jpg,review_prefix_candidate,approve proposed,Prefix match appears to be a true brand variant; accepted for launch.,Mondelēz International,True,True,approve proposed,Mondelēz International,Belvita,belvita breakfast,belvita breakfast,mondelez international,1,True
Mondelez,Belvita,belvita,belvita crunchy,belvita crunchy,Other / not mapped to a company,Mondelez International,snacks,United States,US_CANADA,brand_prefix_with_separator,1,Breakfast Biscuits,belVita CRUNCHY,44000031947,https://images.openfoodfacts.org/images/products/004/400/003/1947/front_en.19.400.jpg,review_prefix_candidate,approve proposed,Prefix match appears to be a true brand variant; accepted for launch.,Mondelēz International,True,True,approve proposed,Mondelēz International,Belvita,belvita crunchy,belvita crunchy,mondelez international,1,True
Nestlé,Beyond,beyond,beyond meat,beyond meat,Other / not mapped to a company,Nestlé,snacks,United States,US_CANADA,brand_prefix_with_separator,1,Beyond Jerky Original,Beyond Meat,840257200019,https://images.openfoodfacts.org/images/products/084/025/720/0019/front_en.3.400.jpg,review_prefix_candidate,reject prefix match / keep Other,False prefix: Beyond* here is not a Nestlé brand in this context.,Other / not mapped to a company,False,False,reject prefix match / keep Other,Other / not mapped to a company,Beyond,beyond meat,beyond meat,other not mapped to a company,1,False
Nestlé,Beyond,beyond,beyond oats,beyond oats,Other / not mapped to a company,Nestlé,cereals,United States,US_CANADA,brand_prefix_with_separator,1,Organic Overnight Oats Mix,Beyond Oats,785249546075,https://images.openfoodfacts.org/images/products/078/524/954/6075/front_en.3.400.jpg,review_prefix_candidate,reject prefix match / keep Other,False prefix: Beyond* here is not a Nestlé brand in this context.,Other / not mapped to a company,False,False,reject prefix match / keep Other,Other / not mapped to a company,Beyond,beyond oats,beyond oats,other not mapped to a company,1,False
Nestlé,Beyond,beyond,beyond raw,beyond raw,Other / not mapped to a company,Nestlé,beverages,United States,US_CANADA,brand_prefix_with_separator,1,Beyond Raw Lit,Beyond Raw,48107188382,https://images.openfoodfacts.org/images/products/004/810/718/8382/front_en.3.400.jpg,review_prefix_candidate,reject prefix match / keep Other,False prefix: Beyond* here is not a Nestlé brand in this context.,Other / not mapped to a company,False,False,reject prefix match / keep Other,Other / not mapped to a company,Beyond,beyond raw,beyond raw,other not mapped to a company,1,False
Nestlé,Beyond,beyond,beyond raw,beyond raw,Other / not mapped to a company,Nestlé,snacks,United States,US_CANADA,brand_prefix_with_separator,1,Gummy worm,Beyond raw,48107172558,https://images.openfoodfacts.org/images/products/004/810/717/2558/front_en.5.400.jpg,review_prefix_candidate,reject prefix match / keep Other,False prefix: Beyond* here is not a Nestlé brand in this context.,Other / not mapped to a company,False,False,reject prefix match / keep Other,Other / not mapped to a company,Beyond,beyond raw,beyond raw,other not mapped to a company,1,False
Nestlé,Beyond,beyond,beyond snack,beyond snack,Other / not mapped to a company,Nestlé,snacks,France,FRANCE,brand_prefix_with_separator,1,Kerala Banana Chips Salt and Black pepper,Beyond Snack,794712831686,https://images.openfoodfacts.org/images/products/079/471/283/1686/front_en.6.400.jpg,review_prefix_candidate,reject prefix match / keep Other,False prefix: Beyond* here is not a Nestlé brand in this context.,Other / not mapped to a company,False,False,reject prefix match / keep Other,Other / not mapped to a company,Beyond,beyond snack,beyond snack,other not mapped to a company,1,False
Nestlé,Beyond,beyond,beyondtwistz,beyondtwistz,Other / not mapped to a company,Nestlé,snacks,United States,US_CANADA,brand_prefix_concatenated_review,1,Sunny Mustard Pretzels,BeyondTwistz,850027326337,https://images.openfoodfacts.org/images/products/085/002/732/6337/front_en.3.400.jpg,review_prefix_candidate,reject prefix match / keep Other,False prefix: Beyond* here is not a Nestlé brand in this context.,Other / not mapped to a company,False,False,reject prefix match / keep Other,Other / not mapped to a company,Beyond,beyondtwistz,beyondtwistz,other not mapped to a company,1,False
Danone,Blédina,bledina,Blédina,bledina,Other / not mapped to a company,Danone,dairies,France,FRANCE|SOUTHERN_EUROPE,exact_brand_match,1,BLEDINA LES MINI LACTES 6x55g Nature sans sucre dès 6 mois,"Bledina, Les mini lactes",3041091221988,https://images.openfoodfacts.org/images/products/304/109/122/1988/front_fr.24.400.jpg,review_prefix_candidate,approve proposed,Blédina variant/company string.,Danone,True,True,approve proposed,Danone,Blédina,Blédina,bledina,danone,1,True
Danone,Blédina,bledina,Blédina,bledina,Other / not mapped to a company,Danone,snacks,Cote D Ivoire,FRANCE,exact_brand_match,1,PHOSPHATINE NUTRIJOY,Blédina,3041091296221,https://images.openfoodfacts.org/images/products/304/109/129/6221/front_fr.19.400.jpg,review_prefix_candidate,approve proposed,Blédina variant/company string.,Danone,True,True,approve proposed,Danone,Blédina,Blédina,bledina,danone,1,True
Danone,Blédina,bledina,Blédina,bledina,Other / not mapped to a company,Danone,snacks,France,FRANCE|SOUTHERN_EUROPE,exact_brand_match,1,Bolachinhas,blėdina,5601172230551,https://images.openfoodfacts.org/images/products/560/117/223/0551/front_pt.23.400.jpg,review_prefix_candidate,approve proposed,Blédina variant/company string.,Danone,True,True,approve proposed,Danone,Blédina,Blédina,bledina,danone,1,True
Nestlé,Boost,boost,boost ball,boost ball,Other / not mapped to a company,Nestlé,snacks,France,FRANCE|UK_IE,brand_prefix_with_separator,1,Protein Balls Lemon Drizzle Cake,Boost Ball,797776522682,https://images.openfoodfacts.org/images/products/079/777/652/2682/front_en.3.400.jpg,review_prefix_candidate,approve proposed,Boost variant/company string.,Nestlé,True,True,approve proposed,Nestlé,Boost,boost ball,boost ball,nestle,1,True
Nestlé,Boost,boost,boost ball,boost ball,Other / not mapped to a company,Nestlé,snacks,United States,US_CANADA,brand_prefix_with_separator,1,Protein balls Maple & Cinnamon Swirl,Boost ball,797776522651,https://images.openfoodfacts.org/images/products/079/777/652/2651/front_en.7.400.jpg,review_prefix_candidate,approve proposed,Boost variant/company string.,Nestlé,True,True,approve proposed,Nestlé,Boost,boost ball,boost ball,nestle,1,True
Nestlé,Boost,boost,boost energy,boost energy,Other / not mapped to a company,Nestlé,beverages,United Kingdom,UK_IE,brand_prefix_with_separator,1,sugar free pink lemonade,boost energy,5060255920206,https://images.openfoodfacts.org/images/products/506/025/592/0206/front_en.6.400.jpg,review_prefix_candidate,approve proposed,Boost variant/company string.,Nestlé,True,True,approve proposed,Nestlé,Boost,boost energy,boost energy,nestle,1,True
Nestlé,Boost,boost,booster,booster,Other / not mapped to a company,Nestlé,beverages,France,FRANCE|UK_IE,brand_prefix_concatenated_review,1,fresh root ginger,"Booster, Muju",96147450,https://images.openfoodfacts.org/images/products/000/009/614/7450/front_en.23.400.jpg,review_prefix_candidate,approve proposed,Boost variant/company string.,Nestlé,True,True,approve proposed,Nestlé,Boost,booster,booster,nestle,1,True
Mondelez,Cadbury,cadbury,cadbury fruit and nut,cadbury fruit and nut,Other / not mapped to a company,Mondelez International,snacks,Ireland,UK_IE|US_CANADA,brand_prefix_with_separator,1,Cadbury dairy milk chocolate bar fruit and nut,Cadbury fruit and nut,5034660003991,https://images.openfoodfacts.org/images/products/503/466/000/3991/front_en.6.400.jpg,review_prefix_candidate,map to Mondelēz International,Cadbury is market-scoped; non-US rows route to Mondelēz for launch.,Mondelēz International,True,True,map to Mondelēz International,Mondelēz International,Cadbury,cadbury fruit and nut,cadbury fruit and nut,mondelez international,1,True
Mondelez,Cadbury,cadbury,cadburys,cadburys,Other / not mapped to a company,Mondelez International,snacks,France,FRANCE|US_CANADA,brand_prefix_concatenated_review,1,Cadbury heroes chocolate pieces-assorted,Cadbury's,7622210286314,https://images.openfoodfacts.org/images/products/762/221/028/6314/front_fr.6.400.jpg,review_prefix_candidate,map to Mondelēz International,Cadbury is market-scoped; non-US rows route to Mondelēz for launch.,Mondelēz International,True,True,map to Mondelēz International,Mondelēz International,Cadbury,cadburys,cadburys,mondelez international,1,True
Kraft Heinz,Capri Sun,capri sun,capri sun coca cola,capri sun coca cola,Other / not mapped to a company,Capri Sun Group / Coca-Cola Europacific Partners,beverages,France,FRANCE|DACH|SOUTHERN_EUROPE,brand_prefix_with_separator,1,Capri-Sun Mango & Maracuyá,Capri-Sun (Coca-Cola),4000177172650,https://images.openfoodfacts.org/images/products/400/017/717/2650/front_en.57.400.jpg,review_prefix_candidate,approve proposed,Capri Sun scoped/partnered owner proposal.,Capri Sun Group / Coca-Cola Europacific Partners,True,True,approve proposed,Capri Sun Group / Coca-Cola Europacific Partners,Capri Sun,capri sun coca cola,capri sun coca cola,capri sun group coca cola europacific partners,1,True
Kraft Heinz,Capri Sun,capri sun,capri sun gmbh,capri sun gmbh,Other / not mapped to a company,Capri Sun Group / Coca-Cola Europacific Partners,beverages,France,FRANCE|DACH,brand_prefix_with_separator,1,Capri-Sonne - Multivitamin,Capri Sun GmbH,4000177032695,https://images.openfoodfacts.org/images/products/400/017/703/2695/front_de.25.400.jpg,review_prefix_candidate,approve proposed,Capri Sun scoped/partnered owner proposal.,Capri Sun Group / Coca-Cola Europacific Partners,True,True,approve proposed,Capri Sun Group / Coca-Cola Europacific Partners,Capri Sun,capri sun gmbh,capri sun gmbh,capri sun group coca cola europacific partners,1,True
Kraft Heinz,Capri Sun,capri sun,caprisun electrolytes,caprisun electrolytes,Other / not mapped to a company,Capri Sun Group / Coca-Cola Europacific Partners,beverages,France,FRANCE,brand_prefix_concatenated_review,1,Électrolytes,CapriSun ELECTROLYTES,4000177037423,https://images.openfoodfacts.org/images/products/400/017/703/7423/front_fr.3.400.jpg,review_prefix_candidate,approve proposed,Capri Sun scoped/partnered owner proposal.,Capri Sun Group / Coca-Cola Europacific Partners,True,True,approve proposed,Capri Sun Group / Coca-Cola Europacific Partners,Capri Sun,caprisun electrolytes,caprisun electrolytes,capri sun group coca cola europacific partners,1,True
Nestlé,Carnation,carnation,carnation breakfast essentials,carnation breakfast essentials,Other / not mapped to a company,Nestlé,beverages,United States,US_CANADA,brand_prefix_with_separator,1,Nutritional Drink,Carnation Breakfast Essentials,50000415168,https://images.openfoodfacts.org/images/products/005/000/041/5168/front_en.40.400.jpg,review_prefix_candidate,approve proposed,Carnation variant/company string.,Nestlé,True,True,approve proposed,Nestlé,Carnation,carnation breakfast essentials,carnation breakfast essentials,nestle,1,True
Nestlé,Chef,chef,chef attitude,chef attitude,Other / not mapped to a company,Nestlé,beverages,France,FRANCE,brand_prefix_with_separator,1,Sirop saveur lavande,Chef Attitude,3700856503133,https://images.openfoodfacts.org/images/products/370/085/650/3133/front_fr.3.400.jpg,review_prefix_candidate,reject prefix match / keep Other,False/generic prefix: Chef* here is not Nestlé Chef.,Other / not mapped to a company,False,False,reject prefix match / keep Other,Other / not mapped to a company,Chef,chef attitude,chef attitude,other not mapped to a company,1,False
Nestlé,Chef,chef,chef dessert,chef dessert,Other / not mapped to a company,Nestlé,snacks,France,FRANCE,brand_prefix_with_separator,1,Charlotte aux fraises,Chef Dessert,3331480006747,https://images.openfoodfacts.org/images/products/333/148/000/6747/front_fr.4.400.jpg,review_prefix_candidate,reject prefix match / keep Other,False/generic prefix: Chef* here is not Nestlé Chef.,Other / not mapped to a company,False,False,reject prefix match / keep Other,Other / not mapped to a company,Chef,chef dessert,chef dessert,other not mapped to a company,1,False
Nestlé,Chef,chef,chef gondo,chef gondo,Other / not mapped to a company,Nestlé,beverages,France,FRANCE,brand_prefix_with_separator,1,Boisson hibiscus,Chef Gondo,3760173010073,https://images.openfoodfacts.org/images/products/376/017/301/0073/front_fr.3.400.jpg,review_prefix_candidate,reject prefix match / keep Other,False/generic prefix: Chef* here is not Nestlé Chef.,Other / not mapped to a company,False,False,reject prefix match / keep Other,Other / not mapped to a company,Chef,chef gondo,chef gondo,other not mapped to a company,1,False
Nestlé,Chef,chef,chef maxwell,chef maxwell,Other / not mapped to a company,Nestlé,cereals,United States,US_CANADA,brand_prefix_with_separator,1,Quick oats,Chef Maxwell,635302303308,https://images.openfoodfacts.org/images/products/063/530/230/3308/front_en.18.400.jpg,review_prefix_candidate,reject prefix match / keep Other,False/generic prefix: Chef* here is not Nestlé Chef.,Other / not mapped to a company,False,False,reject prefix match / keep Other,Other / not mapped to a company,Chef,chef maxwell,chef maxwell,other not mapped to a company,1,False
Nestlé,Chef,chef,chef merito inc,chef merito inc,Other / not mapped to a company,Nestlé,beverages,United States,US_CANADA,brand_prefix_with_separator,1,Lime Juice,Chef Merito Inc.,52287003618,https://images.openfoodfacts.org/images/products/005/228/700/3618/front_en.4.400.jpg,review_prefix_candidate,reject prefix match / keep Other,False/generic prefix: Chef* here is not Nestlé Chef.,Other / not mapped to a company,False,False,reject prefix match / keep Other,Other / not mapped to a company,Chef,chef merito inc,chef merito inc,other not mapped to a company,1,False
Nestlé,Chef,chef,chef polas,chef polas,Other / not mapped to a company,Nestlé,cereals,United States,US_CANADA,brand_prefix_with_separator,1,Granola,Chef pola’s,627987178579,,review_prefix_candidate,reject prefix match / keep Other,False/generic prefix: Chef* here is not Nestlé Chef.,Other / not mapped to a company,False,False,reject prefix match / keep Other,Other / not mapped to a company,Chef,chef polas,chef polas,other not mapped to a company,1,False
Nestlé,Chef,chef,chef robert,chef robert,Other / not mapped to a company,Nestlé,dairies,United States,US_CANADA,brand_prefix_with_separator,1,Browned Butter Garlic,Chef Robert,793573863607,https://images.openfoodfacts.org/images/products/079/357/386/3607/front_en.4.400.jpg,review_prefix_candidate,reject prefix match / keep Other,False/generic prefix: Chef* here is not Nestlé Chef.,Other / not mapped to a company,False,False,reject prefix match / keep Other,Other / not mapped to a company,Chef,chef robert,chef robert,other not mapped to a company,1,False
Nestlé,Chef,chef,chef s larder,chef s larder,Other / not mapped to a company,Nestlé,dairies,United Kingdom,UK_IE,brand_prefix_with_separator,1,Mozzarela cheese,Chef s larder,5020379008723,https://images.openfoodfacts.org/images/products/502/037/900/8723/front_en.5.400.jpg,review_prefix_candidate,reject prefix match / keep Other,False/generic prefix: Chef* here is not Nestlé Chef.,Other / not mapped to a company,False,False,reject prefix match / keep Other,Other / not mapped to a company,Chef,chef s larder,chef s larder,other not mapped to a company,1,False
Nestlé,Chef,chef,chef select,chef select,Other / not mapped to a company,Nestlé,beverages,Belgium,BENELUX|FRANCE,brand_prefix_with_separator,1,jus Orange-kiwi fraichement pressé,"Chef Select, Lidl",20203900,https://images.openfoodfacts.org/images/products/000/002/020/3900/front_en.5.400.jpg,review_prefix_candidate,reject prefix match / keep Other,False/generic prefix: Chef* here is not Nestlé Chef.,Other / not mapped to a company,False,False,reject prefix match / keep Other,Other / not mapped to a company,Chef,chef select,chef select,other not mapped to a company,1,False
Nestlé,Chef,chef,chef select,chef select,Other / not mapped to a company,Nestlé,dairies,France,FRANCE,brand_prefix_with_separator,1,Poulet Emmental Mayonnaise allégée,Chef Select,20637828,https://images.openfoodfacts.org/images/products/000/002/063/7828/front_fr.6.400.jpg,review_prefix_candidate,reject prefix match / keep Other,False/generic prefix: Chef* here is not Nestlé Chef.,Other / not mapped to a company,False,False,reject prefix match / keep Other,Other / not mapped to a company,Chef,chef select,chef select,other not mapped to a company,1,False
Nestlé,Chef,chef,chef select,chef select,Other / not mapped to a company,Nestlé,dairies,France,FRANCE|DACH,brand_prefix_with_separator,1,Tortellini jambon cru,Chef select,20729677,https://images.openfoodfacts.org/images/products/000/002/072/9677/front_fr.13.400.jpg,review_prefix_candidate,reject prefix match / keep Other,False/generic prefix: Chef* here is not Nestlé Chef.,Other / not mapped to a company,False,False,reject prefix match / keep Other,Other / not mapped to a company,Chef,chef select,chef select,other not mapped to a company,1,False
Nestlé,Chef,chef,chef select,chef select,Other / not mapped to a company,Nestlé,dairies,United Kingdom,UK_IE,brand_prefix_with_separator,1,Mozzarella Sticks,Chef Select,4056489557784,https://images.openfoodfacts.org/images/products/405/648/955/7784/front_en.3.400.jpg,review_prefix_candidate,reject prefix match / keep Other,False/generic prefix: Chef* here is not Nestlé Chef.,Other / not mapped to a company,False,False,reject prefix match / keep Other,Other / not mapped to a company,Chef,chef select,chef select,other not mapped to a company,1,False
Nestlé,Chef,chef,chef select,chef select,Other / not mapped to a company,Nestlé,snacks,France,FRANCE|DACH,brand_prefix_with_separator,1,Pastry dough with apple and cinnamon filling,Chef Select,4056489224426,https://images.openfoodfacts.org/images/products/405/648/922/4426/front_en.42.400.jpg,review_prefix_candidate,reject prefix match / keep Other,False/generic prefix: Chef* here is not Nestlé Chef.,Other / not mapped to a company,False,False,reject prefix match / keep Other,Other / not mapped to a company,Chef,chef select,chef select,other not mapped to a company,1,False
Nestlé,Chef,chef,chef select,chef select,Other / not mapped to a company,Nestlé,snacks,United Kingdom,UK_IE,brand_prefix_with_separator,1,2 Cheesy Bean Slices,Chef Select,4056489649298,https://images.openfoodfacts.org/images/products/405/648/964/9298/front_en.3.400.jpg,review_prefix_candidate,reject prefix match / keep Other,False/generic prefix: Chef* here is not Nestlé Chef.,Other / not mapped to a company,False,False,reject prefix match / keep Other,Other / not mapped to a company,Chef,chef select,chef select,other not mapped to a company,1,False
Nestlé,Chef,chef,chef select lidl,chef select lidl,Other / not mapped to a company,Nestlé,beverages,United States,US_CANADA,brand_prefix_with_separator,1,Vers sap,Chef select lidl,56406917411,https://images.openfoodfacts.org/images/products/005/640/691/7411/front_en.3.400.jpg,review_prefix_candidate,reject prefix match / keep Other,False/generic prefix: Chef* here is not Nestlé Chef.,Other / not mapped to a company,False,False,reject prefix match / keep Other,Other / not mapped to a company,Chef,chef select lidl,chef select lidl,other not mapped to a company,1,False
Nestlé,Chef,chef,chef select lidl,chef select lidl,Other / not mapped to a company,Nestlé,snacks,Belgium,BENELUX|FRANCE|SOUTHERN_EUROPE,brand_prefix_with_separator,1,Massa folhada Blätterteig,chef sélect Lidl,4056489255000,https://images.openfoodfacts.org/images/products/405/648/925/5000/front_en.37.400.jpg,review_prefix_candidate,reject prefix match / keep Other,False/generic prefix: Chef* here is not Nestlé Chef.,Other / not mapped to a company,False,False,reject prefix match / keep Other,Other / not mapped to a company,Chef,chef select lidl,chef select lidl,other not mapped to a company,1,False
Nestlé,Chef,chef,chef select to go,chef select to go,Other / not mapped to a company,Nestlé,dairies,France,FRANCE,brand_prefix_with_separator,1,Light macchiato,"Chef Select To Go, Chef to go select, Lidl",20310141,https://images.openfoodfacts.org/images/products/000/002/031/0141/front_fr.29.400.jpg,review_prefix_candidate,reject prefix match / keep Other,False/generic prefix: Chef* here is not Nestlé Chef.,Other / not mapped to a company,False,False,reject prefix match / keep Other,Other / not mapped to a company,Chef,chef select to go,chef select to go,other not mapped to a company,1,False
Nestlé,Chef,chef,chef shamy,chef shamy,Other / not mapped to a company,Nestlé,dairies,United States,US_CANADA,brand_prefix_with_separator,1,Garlic Butter,Chef Shamy,641548550062,https://images.openfoodfacts.org/images/products/064/154/855/0062/front_en.23.400.jpg,review_prefix_candidate,reject prefix match / keep Other,False/generic prefix: Chef* here is not Nestlé Chef.,Other / not mapped to a company,False,False,reject prefix match / keep Other,Other / not mapped to a company,Chef,chef shamy,chef shamy,other not mapped to a company,1,False
Nestlé,Chef,chef,chefmex,chefmex,Other / not mapped to a company,Nestlé,snacks,Spain,SOUTHERN_EUROPE|US_CANADA,brand_prefix_concatenated_review,1,Nachos Tortilla Chips,chefmex,8436535230049,https://images.openfoodfacts.org/images/products/843/653/523/0049/front_es.10.400.jpg,review_prefix_candidate,reject prefix match / keep Other,False/generic prefix: Chef* here is not Nestlé Chef.,Other / not mapped to a company,False,False,reject prefix match / keep Other,Other / not mapped to a company,Chef,chefmex,chefmex,other not mapped to a company,1,False
Nestlé,Chef,chef,chefs choice,chefs choice,Other / not mapped to a company,Nestlé,beverages,United States,US_CANADA,brand_prefix_concatenated_review,1,Coconut water,Chef's Choice,9421903519214,https://images.openfoodfacts.org/images/products/942/190/351/9214/front_en.3.400.jpg,review_prefix_candidate,reject prefix match / keep Other,False/generic prefix: Chef* here is not Nestlé Chef.,Other / not mapped to a company,False,False,reject prefix match / keep Other,Other / not mapped to a company,Chef,chefs choice,chefs choice,other not mapped to a company,1,False
Nestlé,Chef,chef,chefs cut real jerky,chefs cut real jerky,Other / not mapped to a company,Nestlé,snacks,United States,US_CANADA,brand_prefix_concatenated_review,1,Bacon jerky,Chef's Cut Real Jerky,858959005337,,review_prefix_candidate,reject prefix match / keep Other,False/generic prefix: Chef* here is not Nestlé Chef.,Other / not mapped to a company,False,False,reject prefix match / keep Other,Other / not mapped to a company,Chef,chefs cut real jerky,chefs cut real jerky,other not mapped to a company,1,False
Nestlé,Chef,chef,chefs line,chefs line,Other / not mapped to a company,Nestlé,snacks,United States,US_CANADA,brand_prefix_concatenated_review,1,Chocolate Banana Swirled Loaf Cake,Chef's Line,758108784031,https://images.openfoodfacts.org/images/products/075/810/878/4031/front_en.5.400.jpg,review_prefix_candidate,reject prefix match / keep Other,False/generic prefix: Chef* here is not Nestlé Chef.,Other / not mapped to a company,False,False,reject prefix match / keep Other,Other / not mapped to a company,Chef,chefs line,chefs line,other not mapped to a company,1,False
Nestlé,Chef,chef,chefs special,chefs special,Other / not mapped to a company,Nestlé,beverages,France,FRANCE,brand_prefix_concatenated_review,1,Lait de coco,Chef's Special,8710998291121,https://images.openfoodfacts.org/images/products/871/099/829/1121/front_fr.4.400.jpg,review_prefix_candidate,reject prefix match / keep Other,False/generic prefix: Chef* here is not Nestlé Chef.,Other / not mapped to a company,False,False,reject prefix match / keep Other,Other / not mapped to a company,Chef,chefs special,chefs special,other not mapped to a company,1,False
Mondelez,Chips Ahoy!,chips ahoy,Chips Ahoy!,chips ahoy,Other / not mapped to a company,Mondelez International,snacks,Austria,DACH|US_CANADA,exact_brand_match,1,Candy blasts real chocolate chip cookies,Chips ahoy,44000058494,https://images.openfoodfacts.org/images/products/004/400/005/8494/front_en.9.400.jpg,review_prefix_candidate,approve proposed,Chips Ahoy! variant/company string.,Mondelēz International,True,True,approve proposed,Mondelēz International,Chips Ahoy!,Chips Ahoy!,chips ahoy,mondelez international,1,True
Mondelez,Chips Ahoy!,chips ahoy,Chips Ahoy!,chips ahoy,Other / not mapped to a company,Mondelez International,snacks,Bolivia,SOUTHERN_EUROPE|US_CANADA,exact_brand_match,1,Red Velvet,"Chips Ahoy!,Nabisco",44000046378,https://images.openfoodfacts.org/images/products/004/400/004/6378/front_en.17.400.jpg,review_prefix_candidate,approve proposed,Chips Ahoy! variant/company string.,Mondelēz International,True,True,approve proposed,Mondelēz International,Chips Ahoy!,Chips Ahoy!,chips ahoy,mondelez international,1,True
Mondelez,Chips Ahoy!,chips ahoy,Chips Ahoy!,chips ahoy,Other / not mapped to a company,Mondelez International,snacks,France,FRANCE|SOUTHERN_EUROPE|US_CANADA,exact_brand_match,1,Chips Ahoy Original,"Chips Ahoy!,Mondelez",8410000001013,https://images.openfoodfacts.org/images/products/841/000/000/1013/front_en.35.400.jpg,review_prefix_candidate,approve proposed,Chips Ahoy! variant/company string.,Mondelēz International,True,True,approve proposed,Mondelēz International,Chips Ahoy!,Chips Ahoy!,chips ahoy,mondelez international,1,True
Mondelez,Chips Ahoy!,chips ahoy,Chips Ahoy!,chips ahoy,Other / not mapped to a company,Mondelez International,snacks,Mexico,US_CANADA,exact_brand_match,1,Original Chocolate Chip Cookies,Chips Ahoy!,44000043148,https://images.openfoodfacts.org/images/products/004/400/004/3148/front_en.9.400.jpg,review_prefix_candidate,approve proposed,Chips Ahoy! variant/company string.,Mondelēz International,True,True,approve proposed,Mondelēz International,Chips Ahoy!,Chips Ahoy!,chips ahoy,mondelez international,1,True
Mondelez,Clif,clif,clif bar and company,clif bar and company,Other / not mapped to a company,Mondelez International,snacks,France,FRANCE|US_CANADA,brand_prefix_with_separator,1,"Dark chocolate almond sea salt organic trail mix bar, dark chocolate almond sea salt",Clif Bar And Company,722252261427,https://images.openfoodfacts.org/images/products/072/225/226/1427/front_en.4.400.jpg,review_prefix_candidate,approve proposed,Clif/Clif Bar variant.,Mondelēz International,True,True,approve proposed,Mondelēz International,Clif,clif bar and company,clif bar and company,mondelez international,1,True
Mondelez,Clif,clif,clif builders,clif builders,Other / not mapped to a company,Mondelez International,snacks,United States,US_CANADA,brand_prefix_with_separator,1,Chocolatey Peanut Butter,Clif Builders,722252168504,https://images.openfoodfacts.org/images/products/072/225/216/8504/front_en.23.400.jpg,review_prefix_candidate,approve proposed,Clif/Clif Bar variant.,Mondelēz International,True,True,approve proposed,Mondelēz International,Clif,clif builders,clif builders,mondelez international,1,True
Mondelez,Clif,clif,clif z bar,clif z bar,Other / not mapped to a company,Mondelez International,snacks,United States,US_CANADA,brand_prefix_with_separator,1,Cookies ‘N Crème,Clif Z Bar,722252069597,https://images.openfoodfacts.org/images/products/072/225/206/9597/front_en.7.400.jpg,review_prefix_candidate,approve proposed,Clif/Clif Bar variant.,Mondelēz International,True,True,approve proposed,Mondelēz International,Clif,clif z bar,clif z bar,mondelez international,1,True
Mondelez,Clif,clif,clif zbar,clif zbar,Other / not mapped to a company,Mondelez International,snacks,Germany,DACH|US_CANADA,brand_prefix_with_separator,1,ICED OATMEAL COOKIE,CLIF ZBAR,722252194985,https://images.openfoodfacts.org/images/products/072/225/219/4985/front_en.67.400.jpg,review_prefix_candidate,approve proposed,Clif/Clif Bar variant.,Mondelēz International,True,True,approve proposed,Mondelēz International,Clif,clif zbar,clif zbar,mondelez international,1,True
Mondelez,Clif,clif,clif zbar,clif zbar,Other / not mapped to a company,Mondelez International,snacks,United States,US_CANADA,brand_prefix_with_separator,1,Iced Oatmeal Cookie,Clif ZBar,722252194305,https://images.openfoodfacts.org/images/products/072/225/219/4305/front_en.13.400.jpg,review_prefix_candidate,approve proposed,Clif/Clif Bar variant.,Mondelēz International,True,True,approve proposed,Mondelēz International,Clif,clif zbar,clif zbar,mondelez international,1,True
Mondelez,Clif,clif,cliff,cliff,Other / not mapped to a company,Mondelez International,beverages,United States,US_CANADA,brand_prefix_concatenated_review,1,"Chocolate energy gel, chocolate",cliff,722252176295,https://images.openfoodfacts.org/images/products/072/225/217/6295/front_en.4.400.jpg,review_prefix_candidate,approve proposed,Clif/Clif Bar variant.,Mondelēz International,True,True,approve proposed,Mondelēz International,Clif,cliff,cliff,mondelez international,1,True
Mondelez,Clif,clif,cliff,cliff,Other / not mapped to a company,Mondelez International,snacks,United States,US_CANADA,brand_prefix_concatenated_review,1,Dark Chocolate Peanut Butter Orgainc Trail Mix Bar,Cliff,722252265111,https://images.openfoodfacts.org/images/products/072/225/226/5111/front_en.6.400.jpg,review_prefix_candidate,approve proposed,Clif/Clif Bar variant.,Mondelēz International,True,True,approve proposed,Mondelēz International,Clif,cliff,cliff,mondelez international,1,True
Mondelez,Clif,clif,cliff bar,cliff bar,Other / not mapped to a company,Mondelez International,snacks,France,FRANCE|UK_IE,brand_prefix_concatenated_review,1,Alpine Muesli Mix Energy Bar,Cliff Bar,722252457622,https://images.openfoodfacts.org/images/products/072/225/245/7622/front_en.11.400.jpg,review_prefix_candidate,approve proposed,Clif/Clif Bar variant.,Mondelēz International,True,True,approve proposed,Mondelēz International,Clif,cliff bar,cliff bar,mondelez international,1,True
Mondelez,Clif,clif,cliff bar,cliff bar,Other / not mapped to a company,Mondelez International,snacks,Germany,DACH|US_CANADA,brand_prefix_concatenated_review,1,"Strawberry banana fruit smoothie filled energy bar, strawberry banana",Cliff Bar,722252671110,https://images.openfoodfacts.org/images/products/072/225/267/1110/front_de.3.400.jpg,review_prefix_candidate,approve proposed,Clif/Clif Bar variant.,Mondelēz International,True,True,approve proposed,Mondelēz International,Clif,cliff bar,cliff bar,mondelez international,1,True
Mondelez,Clif,clif,cliff bar and company,cliff bar and company,Other / not mapped to a company,Mondelez International,snacks,United States,US_CANADA,brand_prefix_concatenated_review,1,"Lemonzest minis snack size bars, lemonzest",Cliff Bar & Company,722252139412,https://images.openfoodfacts.org/images/products/072/225/213/9412/front_en.3.400.jpg,review_prefix_candidate,approve proposed,Clif/Clif Bar variant.,Mondelēz International,True,True,approve proposed,Mondelēz International,Clif,cliff bar and company,cliff bar and company,mondelez international,1,True
Coca-Cola,Coca-Cola,coca cola,coca cola classic,coca cola classic,Other / not mapped to a company,The Coca-Cola Company,beverages,France,FRANCE|DACH,brand_prefix_with_separator,1,coca cola classic,"coca-cola classic,coca-cola",9416216283068,https://images.openfoodfacts.org/images/products/941/621/628/3068/front_fr.3.400.jpg,review_prefix_candidate,approve proposed,Coca-Cola variant/company string.,The Coca-Cola Company,True,True,approve proposed,The Coca-Cola Company,Coca-Cola,coca cola classic,coca cola classic,the coca cola company,1,True
Coca-Cola,Coca-Cola,coca cola,coca cola co,coca cola co,Other / not mapped to a company,The Coca-Cola Company,beverages,France,FRANCE|DACH,brand_prefix_with_separator,1,Dr Pepper 1.5Lt .,Coca Cola Co.,5449000102379,https://images.openfoodfacts.org/images/products/544/900/010/2379/front_fr.10.400.jpg,review_prefix_candidate,approve proposed,Coca-Cola variant/company string.,The Coca-Cola Company,True,True,approve proposed,The Coca-Cola Company,Coca-Cola,coca cola co,coca cola co,the coca cola company,1,True
Coca-Cola,Coca-Cola,coca cola,coca cola collector 2012,coca cola collector 2012,Other / not mapped to a company,The Coca-Cola Company,beverages,France,FRANCE,brand_prefix_with_separator,1,Coca Cola 500ml,Coca cola collector 2012,5000112558234,https://images.openfoodfacts.org/images/products/500/011/255/8234/front_fr.4.400.jpg,review_prefix_candidate,approve proposed,Coca-Cola variant/company string.,The Coca-Cola Company,True,True,approve proposed,The Coca-Cola Company,Coca-Cola,coca cola collector 2012,coca cola collector 2012,the coca cola company,1,True
Coca-Cola,Coca-Cola,coca cola,coca cola collector 2012,coca cola collector 2012,Other / not mapped to a company,The Coca-Cola Company,beverages,France,FRANCE|DACH,brand_prefix_with_separator,1,"Mezzo mix Zero, Erfrischungsgetränk, Pet",Coca cola collector 2012,5000112562453,https://images.openfoodfacts.org/images/products/500/011/256/2453/front_de.19.400.jpg,review_prefix_candidate,approve proposed,Coca-Cola variant/company string.,The Coca-Cola Company,True,True,approve proposed,The Coca-Cola Company,Coca-Cola,coca cola collector 2012,coca cola collector 2012,the coca cola company,1,True
Coca-Cola,Coca-Cola,coca cola,coca cola compagnie,coca cola compagnie,Other / not mapped to a company,The Coca-Cola Company,beverages,France,FRANCE,brand_prefix_with_separator,1,coca cola cheri,coca cola compagnie,40907215,https://images.openfoodfacts.org/images/products/000/004/090/7215/front_fr.5.400.jpg,review_prefix_candidate,approve proposed,Coca-Cola variant/company string.,The Coca-Cola Company,True,True,approve proposed,The Coca-Cola Company,Coca-Cola,coca cola compagnie,coca cola compagnie,the coca cola company,1,True
Coca-Cola,Coca-Cola,coca cola,coca cola company,coca cola company,Other / not mapped to a company,The Coca-Cola Company,beverages,Belgium,BENELUX|FRANCE|DACH|UK_IE,brand_prefix_with_separator,1,Cocacola mini original taste,Coca-Cola Company,54491014,https://images.openfoodfacts.org/images/products/000/005/449/1014/front_en.161.400.jpg,review_prefix_candidate,approve proposed,Coca-Cola variant/company string.,The Coca-Cola Company,True,True,approve proposed,The Coca-Cola Company,Coca-Cola,coca cola company,coca cola company,the coca cola company,1,True
Coca-Cola,Coca-Cola,coca cola,coca cola company,coca cola company,Other / not mapped to a company,The Coca-Cola Company,beverages,Bulgaria,FRANCE,brand_prefix_with_separator,1,Sprite,Coca-Cola Company,5449000004864,https://images.openfoodfacts.org/images/products/544/900/000/4864/front_fr.35.400.jpg,review_prefix_candidate,approve proposed,Coca-Cola variant/company string.,The Coca-Cola Company,True,True,approve proposed,The Coca-Cola Company,Coca-Cola,coca cola company,coca cola company,the coca cola company,1,True
Coca-Cola,Coca-Cola,coca cola,coca cola company,coca cola company,Other / not mapped to a company,The Coca-Cola Company,beverages,Bulgaria,FRANCE|DACH,brand_prefix_with_separator,1,Coca-Cola Zero,Coca Cola Company,5000112552157,https://images.openfoodfacts.org/images/products/500/011/255/2157/front_de.30.400.jpg,review_prefix_candidate,approve proposed,Coca-Cola variant/company string.,The Coca-Cola Company,True,True,approve proposed,The Coca-Cola Company,Coca-Cola,coca cola company,coca cola company,the coca cola company,1,True
Coca-Cola,Coca-Cola,coca cola,coca cola company,coca cola company,Other / not mapped to a company,The Coca-Cola Company,beverages,France,FRANCE|US_CANADA,brand_prefix_with_separator,1,Gold peak Sweet tea,Coca-Cola Company,49000074154,https://images.openfoodfacts.org/images/products/004/900/007/4154/front_en.7.400.jpg,review_prefix_candidate,approve proposed,Coca-Cola variant/company string.,The Coca-Cola Company,True,True,approve proposed,The Coca-Cola Company,Coca-Cola,coca cola company,coca cola company,the coca cola company,1,True
Coca-Cola,Coca-Cola,coca cola,coca cola company,coca cola company,Other / not mapped to a company,The Coca-Cola Company,beverages,India,UK_IE,brand_prefix_with_separator,1,Thumbs Up (Indian coke),Coca Cola Company,3948764041259,https://images.openfoodfacts.org/images/products/394/876/404/1259/front_en.3.400.jpg,review_prefix_candidate,approve proposed,Coca-Cola variant/company string.,The Coca-Cola Company,True,True,approve proposed,The Coca-Cola Company,Coca-Cola,coca cola company,coca cola company,the coca cola company,1,True
Coca-Cola,Coca-Cola,coca cola,coca cola company,coca cola company,Other / not mapped to a company,The Coca-Cola Company,beverages,India,US_CANADA,brand_prefix_with_separator,1,Thumbs Up 750ml,Coca Cola Company,8901764042270,https://images.openfoodfacts.org/images/products/890/176/404/2270/front_en.46.400.jpg,review_prefix_candidate,approve proposed,Coca-Cola variant/company string.,The Coca-Cola Company,True,True,approve proposed,The Coca-Cola Company,Coca-Cola,coca cola company,coca cola company,the coca cola company,1,True
Coca-Cola,Coca-Cola,coca cola,coca cola company,coca cola company,Other / not mapped to a company,The Coca-Cola Company,beverages,United Kingdom,UK_IE,brand_prefix_with_separator,1,Diet coke,coca-cola company,5449000009197,https://images.openfoodfacts.org/images/products/544/900/000/9197/front_en.11.400.jpg,review_prefix_candidate,approve proposed,Coca-Cola variant/company string.,The Coca-Cola Company,True,True,approve proposed,The Coca-Cola Company,Coca-Cola,coca cola company,coca cola company,the coca cola company,1,True
Coca-Cola,Coca-Cola,coca cola,coca cola craftea,coca cola craftea,Other / not mapped to a company,The Coca-Cola Company,beverages,United States,US_CANADA,brand_prefix_with_separator,1,红茶花伝,Coca-Cola Craftea,4902102140669,https://images.openfoodfacts.org/images/products/490/210/214/0669/front_zh.3.400.jpg,review_prefix_candidate,approve proposed,Coca-Cola variant/company string.,The Coca-Cola Company,True,True,approve proposed,The Coca-Cola Company,Coca-Cola,coca cola craftea,coca cola craftea,the coca cola company,1,True
Coca-Cola,Coca-Cola,coca cola,coca cola european partners norge a,coca cola european partners norge a,Other / not mapped to a company,The Coca-Cola Company,beverages,France,FRANCE,brand_prefix_with_separator,1,Sprite Light,COCA-COLA EUROPEAN PARTNERS NORGE A,5000112633801,https://images.openfoodfacts.org/images/products/500/011/263/3801/front_fr.17.400.jpg,review_prefix_candidate,approve proposed,Coca-Cola variant/company string.,The Coca-Cola Company,True,True,approve proposed,The Coca-Cola Company,Coca-Cola,coca cola european partners norge a,coca cola european partners norge a,the coca cola company,1,True
Coca-Cola,Coca-Cola,coca cola,coca cola european partners norge a,coca cola european partners norge a,Other / not mapped to a company,The Coca-Cola Company,beverages,United Kingdom,UK_IE,brand_prefix_with_separator,1,"Urge 0,5l",COCA-COLA EUROPEAN PARTNERS NORGE A,5000112636918,https://images.openfoodfacts.org/images/products/500/011/263/6918/front_en.10.400.jpg,review_prefix_candidate,approve proposed,Coca-Cola variant/company string.,The Coca-Cola Company,True,True,approve proposed,The Coca-Cola Company,Coca-Cola,coca cola european partners norge a,coca cola european partners norge a,the coca cola company,1,True
Coca-Cola,Coca-Cola,coca cola,coca cola hbc magyarorszag kft,coca cola hbc magyarorszag kft,Other / not mapped to a company,The Coca-Cola Company,beverages,Hungary,US_CANADA,brand_prefix_with_separator,1,Coca-Cola Zero 1.75,Coca-Cola HBC Magyarország Kft.,5993330000152,https://images.openfoodfacts.org/images/products/599/333/000/0152/front_en.6.400.jpg,review_prefix_candidate,approve proposed,Coca-Cola variant/company string.,The Coca-Cola Company,True,True,approve proposed,The Coca-Cola Company,Coca-Cola,coca cola hbc magyarorszag kft,coca cola hbc magyarorszag kft,the coca cola company,1,True
Coca-Cola,Coca-Cola,coca cola,coca cola hbc romania,coca cola hbc romania,Other / not mapped to a company,The Coca-Cola Company,beverages,United States,US_CANADA,brand_prefix_with_separator,1,Next joy!,Coca- cola hbc romania,5449000337276,https://images.openfoodfacts.org/images/products/544/900/033/7276/front_en.5.400.jpg,review_prefix_candidate,approve proposed,Coca-Cola variant/company string.,The Coca-Cola Company,True,True,approve proposed,The Coca-Cola Company,Coca-Cola,coca cola hbc romania,coca cola hbc romania,the coca cola company,1,True
Coca-Cola,Coca-Cola,coca cola,coca cola life,coca cola life,Other / not mapped to a company,The Coca-Cola Company,beverages,France,FRANCE|DACH,brand_prefix_with_separator,1,Coca Cola Life,"Coca Cola Life, Coca-Cola",5449000095046,https://images.openfoodfacts.org/images/products/544/900/009/5046/front_fr.8.400.jpg,review_prefix_candidate,approve proposed,Coca-Cola variant/company string.,The Coca-Cola Company,True,True,approve proposed,The Coca-Cola Company,Coca-Cola,coca cola life,coca cola life,the coca cola company,1,True
Coca-Cola,Coca-Cola,coca cola,coca cola life,coca cola life,Other / not mapped to a company,The Coca-Cola Company,beverages,United States,US_CANADA,brand_prefix_with_separator,1,Reduced Calorie Cola,Coca-cola life,49000002607,,review_prefix_candidate,approve proposed,Coca-Cola variant/company string.,The Coca-Cola Company,True,True,approve proposed,The Coca-Cola Company,Coca-Cola,coca cola life,coca cola life,the coca cola company,1,True
Coca-Cola,Coca-Cola,coca cola,coca cola mini,coca cola mini,Other / not mapped to a company,The Coca-Cola Company,beverages,France,FRANCE,brand_prefix_with_separator,1,Coca-Cola mini cans,Coca Cola Mini,5449000224088,https://images.openfoodfacts.org/images/products/544/900/022/4088/front_fr.4.400.jpg,review_prefix_candidate,approve proposed,Coca-Cola variant/company string.,The Coca-Cola Company,True,True,approve proposed,The Coca-Cola Company,Coca-Cola,coca cola mini,coca cola mini,the coca cola company,1,True
Coca-Cola,Coca-Cola,coca cola,coca cola zero,coca cola zero,Other / not mapped to a company,The Coca-Cola Company,beverages,Belgium,BENELUX|FRANCE,brand_prefix_with_separator,1,Coca-cola zéro,Coca-Cola zero,90357725,https://images.openfoodfacts.org/images/products/000/009/035/7725/front_fr.8.400.jpg,review_prefix_candidate,approve proposed,Coca-Cola variant/company string.,The Coca-Cola Company,True,True,approve proposed,The Coca-Cola Company,Coca-Cola,coca cola zero,coca cola zero,the coca cola company,1,True
Coca-Cola,Coca-Cola,coca cola,coca cola zero,coca cola zero,Other / not mapped to a company,The Coca-Cola Company,beverages,France,FRANCE|DACH,brand_prefix_with_separator,1,Zucker zero kalorien,Coca cola zero,5449000134578,https://images.openfoodfacts.org/images/products/544/900/013/4578/front_de.3.400.jpg,review_prefix_candidate,approve proposed,Coca-Cola variant/company string.,The Coca-Cola Company,True,True,approve proposed,The Coca-Cola Company,Coca-Cola,coca cola zero,coca cola zero,the coca cola company,1,True
Coca-Cola,Coca-Cola,coca cola,coca cola zero,coca cola zero,Other / not mapped to a company,The Coca-Cola Company,beverages,United States,US_CANADA,brand_prefix_with_separator,1,coke zero spiced,Coca cola zero,49000315417,https://images.openfoodfacts.org/images/products/004/900/031/5417/front_en.3.400.jpg,review_prefix_candidate,approve proposed,Coca-Cola variant/company string.,The Coca-Cola Company,True,True,approve proposed,The Coca-Cola Company,Coca-Cola,coca cola zero,coca cola zero,the coca cola company,1,True
Coca-Cola,Coca-Cola,coca cola,cocacola,cocacola,Other / not mapped to a company,The Coca-Cola Company,beverages,France,FRANCE|DACH,brand_prefix_concatenated_review,1,"Mezzo Mix 0,33",CocaCola,40822952,https://images.openfoodfacts.org/images/products/000/004/082/2952/front_de.36.400.jpg,review_prefix_candidate,approve proposed,Coca-Cola variant/company string.,The Coca-Cola Company,True,True,approve proposed,The Coca-Cola Company,Coca-Cola,cocacola,cocacola,the coca cola company,1,True
Coca-Cola,Coca-Cola,coca cola,cocacola,cocacola,Other / not mapped to a company,The Coca-Cola Company,beverages,United Kingdom,UK_IE,brand_prefix_concatenated_review,1,Coca-cola Zero Lemon,Cocacola,5449000266880,https://images.openfoodfacts.org/images/products/544/900/026/6880/front_en.5.400.jpg,review_prefix_candidate,approve proposed,Coca-Cola variant/company string.,The Coca-Cola Company,True,True,approve proposed,The Coca-Cola Company,Coca-Cola,cocacola,cocacola,the coca cola company,1,True
Coca-Cola,Coca-Cola,coca cola,cocacola,cocacola,Other / not mapped to a company,The Coca-Cola Company,beverages,United States,US_CANADA,brand_prefix_concatenated_review,1,Mello Yellow,CocaCola,49000016796,https://images.openfoodfacts.org/images/products/004/900/001/6796/front_en.4.400.jpg,review_prefix_candidate,approve proposed,Coca-Cola variant/company string.,The Coca-Cola Company,True,True,approve proposed,The Coca-Cola Company,Coca-Cola,cocacola,cocacola,the coca cola company,1,True
Coca-Cola,Coca-Cola,coca cola,cocacola company,cocacola company,Other / not mapped to a company,The Coca-Cola Company,beverages,United Kingdom,UK_IE,brand_prefix_concatenated_review,1,Sprite Lemonl-lime,Cocacola Company,5000112662054,https://images.openfoodfacts.org/images/products/500/011/266/2054/front_en.9.400.jpg,review_prefix_candidate,approve proposed,Coca-Cola variant/company string.,The Coca-Cola Company,True,True,approve proposed,The Coca-Cola Company,Coca-Cola,cocacola company,cocacola company,the coca cola company,1,True
Danone,Cow & Gate,cow and gate,Cow & Gate,cow and gate,Other / not mapped to a company,Danone,cereals,Spain,SOUTHERN_EUROPE|UK_IE,exact_brand_match,1,Banana wholegrain porridge with buckwheat,Cow & Gate,3041091431790,https://images.openfoodfacts.org/images/products/304/109/143/1790/front_es.19.400.jpg,review_prefix_candidate,approve proposed,Exact brand match.,Danone,True,True,approve proposed,Danone,Cow & Gate,Cow & Gate,cow and gate,danone,1,True
Danone,Cow & Gate,cow and gate,Cow & Gate,cow and gate,Other / not mapped to a company,Danone,cereals,United Kingdom,UK_IE,exact_brand_match,1,Banana porridge,Cow & Gate,3041091431998,https://images.openfoodfacts.org/images/products/304/109/143/1998/front_en.26.400.jpg,review_prefix_candidate,approve proposed,Exact brand match.,Danone,True,True,approve proposed,Danone,Cow & Gate,Cow & Gate,cow and gate,danone,1,True
Danone,Danette,danette,danette creme dessert,danette creme dessert,Other / not mapped to a company,Danone,dairies,France,FRANCE,brand_prefix_with_separator,1,Danette saveur chocolat noisette 125 g x 4 prix choc,"Danette creme dessert, Danone",3033491279621,https://images.openfoodfacts.org/images/products/303/349/127/9621/front_fr.32.400.jpg,review_prefix_candidate,approve proposed,Prefix match appears to be a true brand variant; accepted for launch.,Danone,True,True,approve proposed,Danone,Danette,danette creme dessert,danette creme dessert,danone,1,True
Danone,Dannon,dannon,dannon light,dannon light,Other / not mapped to a company,Danone,dairies,United States,US_CANADA,brand_prefix_with_separator,1,Greek Nonfat Yogurt,Dannon Light,11110504746,https://images.openfoodfacts.org/images/products/001/111/050/4746/front_en.6.400.jpg,review_prefix_candidate,approve proposed,Dannon variant/company string.,Danone,True,True,approve proposed,Danone,Dannon,dannon light,dannon light,danone,1,True
Danone,Dannon,dannon,dannon light fit,dannon light fit,Other / not mapped to a company,Danone,dairies,Germany,DACH|US_CANADA,brand_prefix_with_separator,1,Greek strawberry cheesecake,Dannon Light + Fit,36632028488,https://images.openfoodfacts.org/images/products/003/663/202/8488/front_en.45.400.jpg,review_prefix_candidate,approve proposed,Dannon variant/company string.,Danone,True,True,approve proposed,Danone,Dannon,dannon light fit,dannon light fit,danone,1,True
Danone,Danone,danone,danone activia,danone activia,Other / not mapped to a company,Danone,dairies,Belgium,BENELUX|FRANCE|SOUTHERN_EUROPE,brand_prefix_with_separator,1,Activia bifidus saveur vanille sans arome artificiel 125 g x 4,DANONE ACTIVIA,3033491351082,https://images.openfoodfacts.org/images/products/303/349/135/1082/front_fr.117.400.jpg,review_prefix_candidate,approve proposed,Danone variant/company string.,Danone,True,True,approve proposed,Danone,Danone,danone activia,danone activia,danone,1,True
Danone,Danone,danone,danone activia,danone activia,Other / not mapped to a company,Danone,dairies,France,FRANCE|SOUTHERN_EUROPE,brand_prefix_with_separator,1,Activia fibre kiwi cereales,Danone Activia,8001630005610,https://images.openfoodfacts.org/images/products/800/163/000/5610/front_es.13.400.jpg,review_prefix_candidate,approve proposed,Danone variant/company string.,Danone,True,True,approve proposed,Danone,Danone,danone activia,danone activia,danone,1,True
Danone,Danone,danone,danone north america,danone north america,Other / not mapped to a company,Danone (Dannon in US),dairies,United States,US_CANADA,brand_prefix_with_separator,1,Too Good,Danone North America,36632040497,https://images.openfoodfacts.org/images/products/003/663/204/0497/front_en.14.400.jpg,review_prefix_candidate,approve proposed,Danone variant/company string.,Danone (Dannon in US),True,True,approve proposed,Danone (Dannon in US),Danone,danone north america,danone north america,danone dannon in us,1,True
Danone,Danone,danone,danone s a,danone s a,Other / not mapped to a company,Danone,dairies,France,FRANCE,brand_prefix_with_separator,1,Skyr Danone,Danone S.A.,3033492103437,https://images.openfoodfacts.org/images/products/303/349/210/3437/front_en.3.400.jpg,review_prefix_candidate,approve proposed,Danone variant/company string.,Danone,True,True,approve proposed,Danone,Danone,danone s a,danone s a,danone,1,True
Danone,Danone,danone,danone skyr,danone skyr,Other / not mapped to a company,Danone,dairies,United Kingdom,UK_IE,brand_prefix_with_separator,1,Natural Icelandic Style Strained Yoghurt,Danone Skyr,5060360508733,https://images.openfoodfacts.org/images/products/506/036/050/8733/front_en.23.400.jpg,review_prefix_candidate,approve proposed,Danone variant/company string.,Danone,True,True,approve proposed,Danone,Danone,danone skyr,danone skyr,danone,1,True
Danone,Danone,danone,danone volvic,danone volvic,Other / not mapped to a company,Danone,beverages,France,FRANCE|DACH,brand_prefix_with_separator,1,Volvic Touch,Danone volvic,3057640423833,https://images.openfoodfacts.org/images/products/305/764/042/3833/front_de.3.400.jpg,review_prefix_candidate,approve proposed,Danone variant/company string.,Danone,True,True,approve proposed,Danone,Danone,danone volvic,danone volvic,danone,1,True
Danone,Danone,danone,danone yopro,danone yopro,Other / not mapped to a company,Danone,dairies,France,FRANCE,brand_prefix_with_separator,1,Yo pro Blueberry,Danone YoPRO,7350000552874,https://images.openfoodfacts.org/images/products/735/000/055/2874/front_fr.3.400.jpg,review_prefix_candidate,approve proposed,Danone variant/company string.,Danone,True,True,approve proposed,Danone,Danone,danone yopro,danone yopro,danone,1,True
PepsiCo,Doritos,doritos,doritos dinamita chile limon,doritos dinamita chile limon,Other / not mapped to a company,PepsiCo,snacks,United States,US_CANADA,brand_prefix_with_separator,1,Rolled Tortilla Chips,Doritos Dinamita Chile Limón,28400770644,https://images.openfoodfacts.org/images/products/002/840/077/0644/front_en.14.400.jpg,review_prefix_candidate,approve proposed,Doritos variant/company string.,PepsiCo,True,True,approve proposed,PepsiCo,Doritos,doritos dinamita chile limon,doritos dinamita chile limon,pepsico,1,True
PepsiCo,Doritos,doritos,doritos flamin hot,doritos flamin hot,Other / not mapped to a company,PepsiCo,snacks,United States,US_CANADA,brand_prefix_with_separator,1,Nacho Flamin Hot,Doritos Flamin Hot,28400770583,https://images.openfoodfacts.org/images/products/002/840/077/0583/front_en.20.400.jpg,review_prefix_candidate,approve proposed,Doritos variant/company string.,PepsiCo,True,True,approve proposed,PepsiCo,Doritos,doritos flamin hot,doritos flamin hot,pepsico,1,True
Coca-Cola,Dr Pepper,dr pepper,Dr Pepper,dr pepper,Other / not mapped to a company,Keurig Dr Pepper,beverages,Canada,US_CANADA|FRANCE,exact_brand_match,1,Dr Pepper,Dr Pepper,54900000608,https://images.openfoodfacts.org/images/products/005/490/000/0608/front_en.3.400.jpg,review_prefix_candidate,approve proposed,Dr Pepper routing follows proposed region-specific owner.,Keurig Dr Pepper,True,True,approve proposed,Keurig Dr Pepper,Dr Pepper,Dr Pepper,dr pepper,keurig dr pepper,1,True
Coca-Cola,Dr Pepper,dr pepper,Dr Pepper,dr pepper,Other / not mapped to a company,The Coca-Cola Company,beverages,Bolivia,FRANCE|US_CANADA,exact_brand_match,1,Dr Pepper,Dr Pepper,7831504,https://images.openfoodfacts.org/images/products/000/000/783/1504/front_en.222.400.jpg,review_prefix_candidate,approve proposed,Dr Pepper routing follows proposed region-specific owner.,The Coca-Cola Company,True,True,approve proposed,The Coca-Cola Company,Dr Pepper,Dr Pepper,dr pepper,the coca cola company,1,True
Coca-Cola,Dr Pepper,dr pepper,Dr Pepper,dr pepper,Other / not mapped to a company,The Coca-Cola Company,beverages,France,FRANCE|DACH|US_CANADA,exact_brand_match,1,Dr pepper,Dr Pepper,4000140705625,https://images.openfoodfacts.org/images/products/400/014/070/5625/front_de.16.400.jpg,review_prefix_candidate,approve proposed,Dr Pepper routing follows proposed region-specific owner.,The Coca-Cola Company,True,True,approve proposed,The Coca-Cola Company,Dr Pepper,Dr Pepper,dr pepper,the coca cola company,1,True
Coca-Cola,Dr Pepper,dr pepper,Dr Pepper,dr pepper,Other / not mapped to a company,The Coca-Cola Company,beverages,Netherlands,BENELUX|US_CANADA,exact_brand_match,1,Cherry,Dr Pepper,8712857971113,https://images.openfoodfacts.org/images/products/871/285/797/1113/front_nl.10.400.jpg,review_prefix_candidate,approve proposed,Dr Pepper routing follows proposed region-specific owner.,The Coca-Cola Company,True,True,approve proposed,The Coca-Cola Company,Dr Pepper,Dr Pepper,dr pepper,the coca cola company,1,True
Coca-Cola,Dr Pepper,dr pepper,Dr Pepper,dr pepper,Other / not mapped to a company,The Coca-Cola Company,beverages,Switzerland,DACH|US_CANADA,exact_brand_match,1,Diet Dr Pepper,Dr Pepper,78000083408,https://images.openfoodfacts.org/images/products/007/800/008/3408/front_en.77.400.jpg,review_prefix_candidate,approve proposed,Dr Pepper routing follows proposed region-specific owner.,The Coca-Cola Company,True,True,approve proposed,The Coca-Cola Company,Dr Pepper,Dr Pepper,dr pepper,the coca cola company,1,True
Coca-Cola,Dr Pepper,dr pepper,Dr Pepper,dr pepper,Other / not mapped to a company,The Coca-Cola Company,snacks,France,FRANCE|US_CANADA,exact_brand_match,1,Flavored candy twist,Dr Pepper,22224506526,https://images.openfoodfacts.org/images/products/002/222/450/6526/front_fr.10.400.jpg,review_prefix_candidate,approve proposed,Dr Pepper routing follows proposed region-specific owner.,The Coca-Cola Company,True,True,approve proposed,The Coca-Cola Company,Dr Pepper,Dr Pepper,dr pepper,the coca cola company,1,True
Coca-Cola,Dr Pepper,dr pepper,dr pepper and cream soda,dr pepper and cream soda,Other / not mapped to a company,Keurig Dr Pepper,beverages,United States,US_CANADA,brand_prefix_with_separator,1,Dr. Pepper & Cream Soda,Dr Pepper & Cream Soda,78000033618,https://images.openfoodfacts.org/images/products/007/800/003/3618/front_en.3.400.jpg,review_prefix_candidate,approve proposed,Dr Pepper routing follows proposed region-specific owner.,Keurig Dr Pepper,True,True,approve proposed,Keurig Dr Pepper,Dr Pepper,dr pepper and cream soda,dr pepper and cream soda,keurig dr pepper,1,True
Nestlé,Essentia,essentia,essentia hydroboost,essentia hydroboost,Other / not mapped to a company,Nestlé,beverages,United States,US_CANADA,brand_prefix_with_separator,1,Enhanced Water Beverage,essentia hydroboost,657227221475,https://images.openfoodfacts.org/images/products/065/722/722/1475/front_en.8.400.jpg,review_prefix_candidate,approve proposed,True Essentia variant/company string.,Nestlé,True,True,approve proposed,Nestlé,Essentia,essentia hydroboost,essentia hydroboost,nestle,1,True
Nestlé,Essentia,essentia,essentia water inc,essentia water inc,Other / not mapped to a company,Nestlé,beverages,United States,US_CANADA,brand_prefix_with_separator,1,Essentia Ionized Alkaline,Essentia Water Inc.,657227000247,https://images.openfoodfacts.org/images/products/065/722/700/0247/front_en.5.400.jpg,review_prefix_candidate,approve proposed,True Essentia variant/company string.,Nestlé,True,True,approve proposed,Nestlé,Essentia,essentia water inc,essentia water inc,nestle,1,True
Nestlé,Essentia,essentia,essential,essential,Other / not mapped to a company,Nestlé,beverages,United States,US_CANADA,brand_prefix_concatenated_review,1,Juice Cocktail From Concentrate,essential,41303002872,https://images.openfoodfacts.org/images/products/004/130/300/2872/front_en.12.400.jpg,review_prefix_candidate,reject prefix match / keep Other,False prefix: essential* is not Essentia unless explicitly Essentia.,Other / not mapped to a company,False,False,reject prefix match / keep Other,Other / not mapped to a company,Essentia,essential,essential,other not mapped to a company,1,False
Nestlé,Essentia,essentia,essential,essential,Other / not mapped to a company,Nestlé,dairies,United States,US_CANADA,brand_prefix_concatenated_review,1,Colby jack cheese,Essential,41303007945,https://images.openfoodfacts.org/images/products/004/130/300/7945/front_en.4.400.jpg,review_prefix_candidate,reject prefix match / keep Other,False prefix: essential* is not Essentia unless explicitly Essentia.,Other / not mapped to a company,False,False,reject prefix match / keep Other,Other / not mapped to a company,Essentia,essential,essential,other not mapped to a company,1,False
Nestlé,Essentia,essentia,essential by dongles hai,essential by dongles hai,Other / not mapped to a company,Nestlé,beverages,Brazil,FRANCE,brand_prefix_concatenated_review,1,Nectar de mangue,Essential By D'ongles Hai,7896005302057,https://images.openfoodfacts.org/images/products/789/600/530/2057/front_pt.13.400.jpg,review_prefix_candidate,reject prefix match / keep Other,False prefix: essential* is not Essentia unless explicitly Essentia.,Other / not mapped to a company,False,False,reject prefix match / keep Other,Other / not mapped to a company,Essentia,essential by dongles hai,essential by dongles hai,other not mapped to a company,1,False
Nestlé,Essentia,essentia,essential everday,essential everday,Other / not mapped to a company,Nestlé,dairies,United States,US_CANADA,brand_prefix_concatenated_review,1,String cheese,Essential Everday,41303008737,https://images.openfoodfacts.org/images/products/004/130/300/8737/front_en.3.400.jpg,review_prefix_candidate,reject prefix match / keep Other,False prefix: essential* is not Essentia unless explicitly Essentia.,Other / not mapped to a company,False,False,reject prefix match / keep Other,Other / not mapped to a company,Essentia,essential everday,essential everday,other not mapped to a company,1,False
Nestlé,Essentia,essentia,essential everyday,essential everyday,Other / not mapped to a company,Nestlé,cereals,France,FRANCE|US_CANADA,brand_prefix_concatenated_review,1,Raisin bran cereal,Essential Everyday,41303052945,https://images.openfoodfacts.org/images/products/004/130/305/2945/front_en.3.400.jpg,review_prefix_candidate,reject prefix match / keep Other,False prefix: Essential Everyday/Essential brands are not Nestlé Essentia.,Other / not mapped to a company,False,False,reject prefix match / keep Other,Other / not mapped to a company,Essentia,essential everyday,essential everyday,other not mapped to a company,1,False
Nestlé,Essentia,essentia,essential everyday,essential everyday,Other / not mapped to a company,Nestlé,cereals,Panama,US_CANADA,brand_prefix_concatenated_review,1,"Muesli with raisins, dates & almonds","Essential Everyday,Supervalu Inc.",41303001547,https://images.openfoodfacts.org/images/products/004/130/300/1547/front_en.5.400.jpg,review_prefix_candidate,reject prefix match / keep Other,False prefix: Essential Everyday/Essential brands are not Nestlé Essentia.,Other / not mapped to a company,False,False,reject prefix match / keep Other,Other / not mapped to a company,Essentia,essential everyday,essential everyday,other not mapped to a company,1,False
Nestlé,Essentia,essentia,essential trading,essential trading,Other / not mapped to a company,Nestlé,beverages,United Kingdom,UK_IE,brand_prefix_concatenated_review,1,Organic Coconut milk,Essential Trading,5029220001999,https://images.openfoodfacts.org/images/products/502/922/000/1999/front_en.3.400.jpg,review_prefix_candidate,reject prefix match / keep Other,False prefix: essential* is not Essentia unless explicitly Essentia.,Other / not mapped to a company,False,False,reject prefix match / keep Other,Other / not mapped to a company,Essentia,essential trading,essential trading,other not mapped to a company,1,False
Nestlé,Essentia,essentia,essential waitrose,essential waitrose,Other / not mapped to a company,Nestlé,dairies,France,FRANCE|UK_IE,brand_prefix_concatenated_review,1,Essential waitrose 2 Italian mozzarella,Essential Waitrose,5000169206720,https://images.openfoodfacts.org/images/products/500/016/920/6720/front_en.11.400.jpg,review_prefix_candidate,reject prefix match / map to Waitrose,"False prefix: Essential Waitrose is Waitrose private-label, not Nestlé Essentia.",Waitrose,True,False,reject prefix match / map to Waitrose,Waitrose,Essentia,essential waitrose,essential waitrose,waitrose,1,False
Nestlé,Essentia,essentia,essential waitrose,essential waitrose,Other / not mapped to a company,Nestlé,dairies,Hong Kong,UK_IE,brand_prefix_concatenated_review,1,Italian mozzarella,Essential Waitrose,5000169567050,https://images.openfoodfacts.org/images/products/500/016/956/7050/front_fr.3.400.jpg,review_prefix_candidate,reject prefix match / map to Waitrose,"False prefix: Essential Waitrose is Waitrose private-label, not Nestlé Essentia.",Waitrose,True,False,reject prefix match / map to Waitrose,Waitrose,Essentia,essential waitrose,essential waitrose,waitrose,1,False
Nestlé,Essentia,essentia,essential waitrose,essential waitrose,Other / not mapped to a company,Nestlé,dairies,Ireland,UK_IE,brand_prefix_concatenated_review,1,Unsalted Dairy Butter,essential Waitrose,5000169129104,,review_prefix_candidate,reject prefix match / map to Waitrose,"False prefix: Essential Waitrose is Waitrose private-label, not Nestlé Essentia.",Waitrose,True,False,reject prefix match / map to Waitrose,Waitrose,Essentia,essential waitrose,essential waitrose,waitrose,1,False
Nestlé,Essentia,essentia,essential waitrose,essential waitrose,Other / not mapped to a company,Nestlé,dairies,United Arab Emirates,UK_IE,brand_prefix_concatenated_review,1,French Brie,Essential Waitrose,5000169122556,https://images.openfoodfacts.org/images/products/500/016/912/2556/front_en.16.400.jpg,review_prefix_candidate,reject prefix match / map to Waitrose,"False prefix: Essential Waitrose is Waitrose private-label, not Nestlé Essentia.",Waitrose,True,False,reject prefix match / map to Waitrose,Waitrose,Essentia,essential waitrose,essential waitrose,waitrose,1,False
Nestlé,Essentia,essentia,essential waitrose and partners,essential waitrose and partners,Other / not mapped to a company,Nestlé,cereals,Finland,NORDICS|UK_IE,brand_prefix_concatenated_review,1,PORRIDGE OATS,ESSENTIAL WAITROSE & PARTNERS,5000169049112,https://images.openfoodfacts.org/images/products/500/016/904/9112/front_en.3.400.jpg,review_prefix_candidate,reject prefix match / map to Waitrose,"False prefix: Essential Waitrose is Waitrose private-label, not Nestlé Essentia.",Waitrose,True,False,reject prefix match / map to Waitrose,Waitrose,Essentia,essential waitrose and partners,essential waitrose and partners,waitrose,1,False
Nestlé,Essentia,essentia,essential waitrose and partners,essential waitrose and partners,Other / not mapped to a company,Nestlé,cereals,France,FRANCE,brand_prefix_concatenated_review,1,Blueberry wheats,essential Waitrose & partners,5000169351352,https://images.openfoodfacts.org/images/products/500/016/935/1352/front_fr.4.400.jpg,review_prefix_candidate,reject prefix match / map to Waitrose,"False prefix: Essential Waitrose is Waitrose private-label, not Nestlé Essentia.",Waitrose,True,False,reject prefix match / map to Waitrose,Waitrose,Essentia,essential waitrose and partners,essential waitrose and partners,waitrose,1,False
Nestlé,Essentia,essentia,essential waitrose and partners,essential waitrose and partners,Other / not mapped to a company,Nestlé,cereals,France,FRANCE|UK_IE,brand_prefix_concatenated_review,1,Essential Waitrose Original Instant Oats,Essential Waitrose & Partners,5000169183960,https://images.openfoodfacts.org/images/products/500/016/918/3960/front_fr.19.400.jpg,review_prefix_candidate,reject prefix match / map to Waitrose,"False prefix: Essential Waitrose is Waitrose private-label, not Nestlé Essentia.",Waitrose,True,False,reject prefix match / map to Waitrose,Waitrose,Essentia,essential waitrose and partners,essential waitrose and partners,waitrose,1,False
Nestlé,Essentia,essentia,essential waitrose and partners,essential waitrose and partners,Other / not mapped to a company,Nestlé,dairies,France,FRANCE|UK_IE,brand_prefix_concatenated_review,1,Soft Cheese,Essential Waitrose & Partners,5000169247266,https://images.openfoodfacts.org/images/products/500/016/924/7266/front_en.31.400.jpg,review_prefix_candidate,reject prefix match / map to Waitrose,"False prefix: Essential Waitrose is Waitrose private-label, not Nestlé Essentia.",Waitrose,True,False,reject prefix match / map to Waitrose,Waitrose,Essentia,essential waitrose and partners,essential waitrose and partners,waitrose,1,False
Nestlé,Essentia,essentia,essential waitrose and partners,essential waitrose and partners,Other / not mapped to a company,Nestlé,snacks,France,FRANCE|UK_IE,brand_prefix_concatenated_review,1,Salted Tortilla Chips,Essential Waitrose & Partners,5000169288832,https://images.openfoodfacts.org/images/products/500/016/928/8832/front_fr.4.400.jpg,review_prefix_candidate,reject prefix match / map to Waitrose,"False prefix: Essential Waitrose is Waitrose private-label, not Nestlé Essentia.",Waitrose,True,False,reject prefix match / map to Waitrose,Waitrose,Essentia,essential waitrose and partners,essential waitrose and partners,waitrose,1,False
Nestlé,Essentia,essentia,essential waitrose and partners,essential waitrose and partners,Other / not mapped to a company,Nestlé,snacks,United Kingdom,UK_IE,brand_prefix_concatenated_review,1,Milk Chocolate Digestive Biscuits,Essential Waitrose & Partners,5000169640227,https://images.openfoodfacts.org/images/products/500/016/964/0227/front_en.14.400.jpg,review_prefix_candidate,reject prefix match / map to Waitrose,"False prefix: Essential Waitrose is Waitrose private-label, not Nestlé Essentia.",Waitrose,True,False,reject prefix match / map to Waitrose,Waitrose,Essentia,essential waitrose and partners,essential waitrose and partners,waitrose,1,False
Nestlé,Essentia,essentia,essentials,essentials,Other / not mapped to a company,Nestlé,snacks,United Kingdom,UK_IE,brand_prefix_concatenated_review,1,Lightly Salted Tortilla Chips,essentials,4088600214689,https://images.openfoodfacts.org/images/products/408/860/021/4689/front_en.3.400.jpg,review_prefix_candidate,reject prefix match / keep Other,False prefix: essential* is not Essentia unless explicitly Essentia.,Other / not mapped to a company,False,False,reject prefix match / keep Other,Other / not mapped to a company,Essentia,essentials,essentials,other not mapped to a company,1,False
Nestlé,Extrême,extreme,Extrême,extreme,Other / not mapped to a company,Froneri,snacks,France,FRANCE,exact_brand_match,1,Extreme Framboise Brownie x6,"Extrême,Nestlé",3274664261368,https://images.openfoodfacts.org/images/products/327/466/426/1368/front_en.10.400.jpg,review_prefix_candidate,approve proposed,Extrême ice cream/frozen brand proposal.,Froneri,True,True,approve proposed,Froneri,Extrême,Extrême,extreme,froneri,1,True
Coca-Cola,Fanta,fanta,fanta the coca cola company coca cola,fanta the coca cola company coca cola,Other / not mapped to a company,The Coca-Cola Company,beverages,France,FRANCE,brand_prefix_with_separator,1,Fanta,Fanta The Coca-Cola Company Coca-Cola,5449000054531,https://images.openfoodfacts.org/images/products/544/900/005/4531/front_pl.62.400.jpg,review_prefix_candidate,approve proposed,Fanta variant.,The Coca-Cola Company,True,True,approve proposed,The Coca-Cola Company,Fanta,fanta the coca cola company coca cola,fanta the coca cola company coca cola,the coca cola company,1,True
Coca-Cola,Fanta,fanta,fanta zero sugar,fanta zero sugar,Other / not mapped to a company,The Coca-Cola Company,beverages,Belgium,BENELUX|FRANCE|SOUTHERN_EUROPE|UK_IE,brand_prefix_with_separator,1,Fanta zero sugar,Fanta zero sugar,5449000120960,https://images.openfoodfacts.org/images/products/544/900/012/0960/front_en.72.400.jpg,review_prefix_candidate,approve proposed,Fanta variant.,The Coca-Cola Company,True,True,approve proposed,The Coca-Cola Company,Fanta,fanta zero sugar,fanta zero sugar,the coca cola company,1,True
Coca-Cola,Fanta,fanta,fantasia,fantasia,Other / not mapped to a company,The Coca-Cola Company,beverages,France,FRANCE,brand_prefix_concatenated_review,1,Arome De Rose,Fantasia,3580280804101,https://images.openfoodfacts.org/images/products/358/028/080/4101/front_fr.14.400.jpg,review_prefix_candidate,reject prefix match / keep Other,False prefix: Fantasia/Fantastic are not Fanta.,Other / not mapped to a company,False,False,reject prefix match / keep Other,Other / not mapped to a company,Fanta,fantasia,fantasia,other not mapped to a company,1,False
Coca-Cola,Fanta,fanta,fantasia,fantasia,Other / not mapped to a company,The Coca-Cola Company,snacks,France,FRANCE,brand_prefix_concatenated_review,1,9 Gaufres Fantasia Nappées Parfum Cacao,FANTASIA,3700411906256,https://images.openfoodfacts.org/images/products/370/041/190/6256/front_fr.3.400.jpg,review_prefix_candidate,reject prefix match / keep Other,False prefix: Fantasia/Fantastic are not Fanta.,Other / not mapped to a company,False,False,reject prefix match / keep Other,Other / not mapped to a company,Fanta,fantasia,fantasia,other not mapped to a company,1,False
Coca-Cola,Fanta,fanta,fantasia,fantasia,Other / not mapped to a company,The Coca-Cola Company,snacks,Germany,DACH|US_CANADA,brand_prefix_concatenated_review,1,fantasia,Fantasia,59074571,https://images.openfoodfacts.org/images/products/000/005/907/4571/front_en.3.400.jpg,review_prefix_candidate,reject prefix match / keep Other,False prefix: Fantasia/Fantastic are not Fanta.,Other / not mapped to a company,False,False,reject prefix match / keep Other,Other / not mapped to a company,Fanta,fantasia,fantasia,other not mapped to a company,1,False
Coca-Cola,Fanta,fanta,fantastic,fantastic,Other / not mapped to a company,The Coca-Cola Company,snacks,France,FRANCE,brand_prefix_concatenated_review,1,Chicken rice crackers,Fantastic,9310155570107,https://images.openfoodfacts.org/images/products/931/015/557/0107/front_fr.3.400.jpg,review_prefix_candidate,reject prefix match / keep Other,False prefix: Fantasia/Fantastic are not Fanta.,Other / not mapped to a company,False,False,reject prefix match / keep Other,Other / not mapped to a company,Fanta,fantastic,fantastic,other not mapped to a company,1,False
Nestlé,Felix,felix,felix bigallet,felix bigallet,Other / not mapped to a company,Nestle,beverages,France,FRANCE,brand_prefix_with_separator,1,Madame Sureau,Félix Bigallet,2308700002576,https://images.openfoodfacts.org/images/products/230/870/000/2576/front_fr.5.400.jpg,review_prefix_candidate,reject prefix match / keep Other,False prefix: Felix* here is not clearly Nestlé Felix.,Other / not mapped to a company,False,False,reject prefix match / keep Other,Other / not mapped to a company,Felix,felix bigallet,felix bigallet,other not mapped to a company,1,False
Nestlé,Felix,felix,felix solis,felix solis,Other / not mapped to a company,Nestlé,beverages,Austria,DACH|BENELUX|FRANCE|SOUTHERN_EUROPE,brand_prefix_with_separator,1,Sangria,Félix Solis,4056489654582,https://images.openfoodfacts.org/images/products/405/648/965/4582/front_fr.14.400.jpg,review_prefix_candidate,reject prefix match / keep Other,False prefix: Felix* here is not clearly Nestlé Felix.,Other / not mapped to a company,False,False,reject prefix match / keep Other,Other / not mapped to a company,Felix,felix solis,felix solis,other not mapped to a company,1,False
Nestlé,Felix,felix,felix solis,felix solis,Other / not mapped to a company,Nestlé,beverages,Germany,DACH|UK_IE,brand_prefix_with_separator,1,Glühwein rot,Felix Solis,8410702059992,,review_prefix_candidate,reject prefix match / keep Other,False prefix: Felix* here is not clearly Nestlé Felix.,Other / not mapped to a company,False,False,reject prefix match / keep Other,Other / not mapped to a company,Felix,felix solis,felix solis,other not mapped to a company,1,False
Nestlé,Felix,felix,felix solis,felix solis,Other / not mapped to a company,Nestlé,beverages,Spain,SOUTHERN_EUROPE|UK_IE,brand_prefix_with_separator,1,Mucho Más,Félix Solís,8410702063043,https://images.openfoodfacts.org/images/products/841/070/206/3043/front_es.3.400.jpg,review_prefix_candidate,reject prefix match / keep Other,False prefix: Felix* here is not clearly Nestlé Felix.,Other / not mapped to a company,False,False,reject prefix match / keep Other,Other / not mapped to a company,Felix,felix solis,felix solis,other not mapped to a company,1,False
Nestlé,Felix,felix,felix venters,felix venters,Other / not mapped to a company,Nestle,cereals,France,FRANCE,brand_prefix_with_separator,1,Porridge,Felix Venter's,5425038430165,https://images.openfoodfacts.org/images/products/542/503/843/0165/front_fr.4.400.jpg,review_prefix_candidate,reject prefix match / keep Other,False prefix: Felix* here is not clearly Nestlé Felix.,Other / not mapped to a company,False,False,reject prefix match / keep Other,Other / not mapped to a company,Felix,felix venters,felix venters,other not mapped to a company,1,False
Nestlé,Felix,felix,felixia,felixia,Other / not mapped to a company,Nestle,beverages,France,FRANCE|SOUTHERN_EUROPE,brand_prefix_concatenated_review,1,Zumo de naranja,Felixia,8428551714306,https://images.openfoodfacts.org/images/products/842/855/171/4306/front_fr.14.400.jpg,review_prefix_candidate,reject prefix match / keep Other,False prefix: Felix* here is not clearly Nestlé Felix.,Other / not mapped to a company,False,False,reject prefix match / keep Other,Other / not mapped to a company,Felix,felixia,felixia,other not mapped to a company,1,False
Nestlé,Fitness,fitness,Fitness,fitness,Other / not mapped to a company,Cereal Partners Worldwide,beverages,France,FRANCE,exact_brand_match,1,Delicious Protein,Fitness,3662072013080,https://images.openfoodfacts.org/images/products/366/207/201/3080/front_fr.4.400.jpg,review_prefix_candidate,map to Cereal Partners Worldwide,Fitness cereal/snack-cereal line in Europe; route to CPW for launch.,Cereal Partners Worldwide,True,True,map to Cereal Partners Worldwide,Cereal Partners Worldwide,Fitness,Fitness,fitness,cereal partners worldwide,1,True
Nestlé,Fitness,fitness,Fitness,fitness,Other / not mapped to a company,Cereal Partners Worldwide,cereals,United States,US_CANADA,exact_brand_match,1,Fitness fruits,"Fitness,Nestlé",7501058614940,https://images.openfoodfacts.org/images/products/750/105/861/4940/front_en.3.400.jpg,review_prefix_candidate,approve proposed,Fitness mapped from proposal.,Cereal Partners Worldwide,True,True,approve proposed,Cereal Partners Worldwide,Fitness,Fitness,fitness,cereal partners worldwide,1,True
Nestlé,Fitness,fitness,Fitness,fitness,Other / not mapped to a company,Nestlé,cereals,Belgium,BENELUX|FRANCE,exact_brand_match,1,Fitness honing and amandes max,"Nestlé, Cereal Partners, Fitness",7613034047458,https://images.openfoodfacts.org/images/products/761/303/404/7458/front_fr.11.400.jpg,review_prefix_candidate,map to Cereal Partners Worldwide,Fitness cereal/snack-cereal line in Europe; route to CPW for launch.,Cereal Partners Worldwide,True,True,map to Cereal Partners Worldwide,Cereal Partners Worldwide,Fitness,Fitness,fitness,cereal partners worldwide,1,True
Nestlé,Fitness,fitness,Fitness,fitness,Other / not mapped to a company,Nestlé,cereals,Belgium,BENELUX|FRANCE|DACH|SOUTHERN_EUROPE,exact_brand_match,1,Chocolate con Leche,"Nestlé,Fitness",3387390326468,https://images.openfoodfacts.org/images/products/338/739/032/6468/front_es.216.400.jpg,review_prefix_candidate,map to Cereal Partners Worldwide,Fitness cereal/snack-cereal line in Europe; route to CPW for launch.,Cereal Partners Worldwide,True,True,map to Cereal Partners Worldwide,Cereal Partners Worldwide,Fitness,Fitness,fitness,cereal partners worldwide,1,True
Nestlé,Fitness,fitness,Fitness,fitness,Other / not mapped to a company,Nestlé,cereals,Belgium,BENELUX|FRANCE|SOUTHERN_EUROPE|DACH,exact_brand_match,1,Nature Céréales,"Nestlé, Fitness",3387390321357,https://images.openfoodfacts.org/images/products/338/739/032/1357/front_fr.152.400.jpg,review_prefix_candidate,map to Cereal Partners Worldwide,Fitness cereal/snack-cereal line in Europe; route to CPW for launch.,Cereal Partners Worldwide,True,True,map to Cereal Partners Worldwide,Cereal Partners Worldwide,Fitness,Fitness,fitness,cereal partners worldwide,1,True
Nestlé,Fitness,fitness,Fitness,fitness,Other / not mapped to a company,Nestlé,cereals,Bulgaria,FRANCE,exact_brand_match,1,FITNESS Miel amandes,"Nestlé, Fitness",7613032318673,https://images.openfoodfacts.org/images/products/761/303/231/8673/front_fr.53.400.jpg,review_prefix_candidate,map to Cereal Partners Worldwide,Fitness cereal/snack-cereal line in Europe; route to CPW for launch.,Cereal Partners Worldwide,True,True,map to Cereal Partners Worldwide,Cereal Partners Worldwide,Fitness,Fitness,fitness,cereal partners worldwide,1,True
Nestlé,Fitness,fitness,Fitness,fitness,Other / not mapped to a company,Nestlé,snacks,Belgium,BENELUX|NORDICS|FRANCE|SOUTHERN_EUROPE,exact_brand_match,1,Chocolate Fitness,Nestlé,3387390320558,https://images.openfoodfacts.org/images/products/338/739/032/0558/front_en.99.400.jpg,review_prefix_candidate,map to Cereal Partners Worldwide,Fitness cereal/snack-cereal line in Europe; route to CPW for launch.,Cereal Partners Worldwide,True,True,map to Cereal Partners Worldwide,Cereal Partners Worldwide,Fitness,Fitness,fitness,cereal partners worldwide,1,True
Nestlé,Fitness,fitness,Fitness,fitness,Other / not mapped to a company,Nestlé,snacks,Colombia,FRANCE,exact_brand_match,1,Fitness Frutos Rojos,Nestlé,7702024050834,https://images.openfoodfacts.org/images/products/770/202/405/0834/front_es.16.400.jpg,review_prefix_candidate,map to Cereal Partners Worldwide,Fitness cereal/snack-cereal line in Europe; route to CPW for launch.,Cereal Partners Worldwide,True,True,map to Cereal Partners Worldwide,Cereal Partners Worldwide,Fitness,Fitness,fitness,cereal partners worldwide,1,True
Nestlé,Fitness,fitness,fitness and health,fitness and health,Other / not mapped to a company,Cereal Partners Worldwide,dairies,France,FRANCE,brand_prefix_with_separator,1,f&h proteine pistache,Fitness & Health,6132500901953,https://images.openfoodfacts.org/images/products/613/250/090/1953/front_fr.3.400.jpg,review_prefix_candidate,map to Cereal Partners Worldwide,Fitness cereal/snack-cereal line in Europe; route to CPW for launch.,Cereal Partners Worldwide,True,True,map to Cereal Partners Worldwide,Cereal Partners Worldwide,Fitness,fitness and health,fitness and health,cereal partners worldwide,1,True
Nestlé,Fitness,fitness,fitness boutique,fitness boutique,Other / not mapped to a company,Cereal Partners Worldwide,beverages,France,FRANCE,brand_prefix_with_separator,1,Lean gainer harder,Fitness Boutique,3662072014940,https://images.openfoodfacts.org/images/products/366/207/201/4940/front_fr.16.400.jpg,review_prefix_candidate,map to Cereal Partners Worldwide,Fitness cereal/snack-cereal line in Europe; route to CPW for launch.,Cereal Partners Worldwide,True,True,map to Cereal Partners Worldwide,Cereal Partners Worldwide,Fitness,fitness boutique,fitness boutique,cereal partners worldwide,1,True
Nestlé,Fitness,fitness,fitnessboutique,fitnessboutique,Other / not mapped to a company,Cereal Partners Worldwide,beverages,France,FRANCE,brand_prefix_concatenated_review,1,No Preworkout,Fitnessboutique,3662072017194,https://images.openfoodfacts.org/images/products/366/207/201/7194/front_fr.27.400.jpg,review_prefix_candidate,map to Cereal Partners Worldwide,Fitness cereal/snack-cereal line in Europe; route to CPW for launch.,Cereal Partners Worldwide,True,True,map to Cereal Partners Worldwide,Cereal Partners Worldwide,Fitness,fitnessboutique,fitnessboutique,cereal partners worldwide,1,True
PepsiCo,Fritos,fritos,fritos lay,fritos lay,Other / not mapped to a company,PepsiCo,snacks,United States,US_CANADA,brand_prefix_with_separator,1,Cheetos,Fritos Lay,28400081498,https://images.openfoodfacts.org/images/products/002/840/008/1498/front_en.15.400.jpg,review_prefix_candidate,approve proposed,Prefix match appears to be a true brand variant; accepted for launch.,PepsiCo,True,True,approve proposed,PepsiCo,Fritos,fritos lay,fritos lay,pepsico,1,True
Coca-Cola,Fuze Tea,fuze tea,fuze tea dominos,fuze tea dominos,Other / not mapped to a company,The Coca-Cola Company,beverages,France,FRANCE,brand_prefix_with_separator,1,Fuze Tea pêche,Fuze Tea (Domino’s),3661273099534,https://images.openfoodfacts.org/images/products/366/127/309/9534/front_fr.4.400.jpg,review_prefix_candidate,approve proposed,Prefix match appears to be a true brand variant; accepted for launch.,The Coca-Cola Company,True,True,approve proposed,The Coca-Cola Company,Fuze Tea,fuze tea dominos,fuze tea dominos,the coca cola company,1,True
Coca-Cola,Fuze Tea,fuze tea,fuze tea peach,fuze tea peach,Other / not mapped to a company,The Coca-Cola Company,beverages,France,FRANCE,brand_prefix_with_separator,1,Fuze Tea Peach,Fuze Tea Peach,5449000189325,https://images.openfoodfacts.org/images/products/544/900/018/9325/front_fr.4.400.jpg,review_prefix_candidate,approve proposed,Prefix match appears to be a true brand variant; accepted for launch.,The Coca-Cola Company,True,True,approve proposed,The Coca-Cola Company,Fuze Tea,fuze tea peach,fuze tea peach,the coca cola company,1,True
Nestlé,Garden of Life,garden of life,garden of life inc,garden of life inc,Other / not mapped to a company,Nestlé,snacks,United States,US_CANADA,brand_prefix_with_separator,1,"Garden Of Life, Perfect Food, Chocolate Covered Greens Bar, Chocolate Raspberry",Garden Of Life Inc.,658010113038,,review_prefix_candidate,approve proposed,Prefix match appears to be a true brand variant; accepted for launch.,Nestlé,True,True,approve proposed,Nestlé,Garden of Life,garden of life inc,garden of life inc,nestle,1,True
PepsiCo,Gatorade,gatorade,gatorade drink,gatorade drink,Other / not mapped to a company,PepsiCo,beverages,United States,US_CANADA,brand_prefix_with_separator,1,Gatorade,Gatorade Drink,21136181609,https://images.openfoodfacts.org/images/products/002/113/618/1609/front_en.7.400.jpg,review_prefix_candidate,approve proposed,Gatorade variant/company string.,PepsiCo,True,True,approve proposed,PepsiCo,Gatorade,gatorade drink,gatorade drink,pepsico,1,True
PepsiCo,Gatorade,gatorade,gatorade frost,gatorade frost,Other / not mapped to a company,PepsiCo,beverages,United States,US_CANADA,brand_prefix_with_separator,1,Glacier Freeze,Gatorade Frost,52000102871,https://images.openfoodfacts.org/images/products/005/200/010/2871/front_en.10.400.jpg,review_prefix_candidate,approve proposed,Gatorade variant/company string.,PepsiCo,True,True,approve proposed,PepsiCo,Gatorade,gatorade frost,gatorade frost,pepsico,1,True
PepsiCo,Gatorade,gatorade,gatorade frost crisp and cool,gatorade frost crisp and cool,Other / not mapped to a company,PepsiCo,beverages,United States,US_CANADA,brand_prefix_with_separator,1,Thirst Quencher Powder,Gatorade Frost Crisp & Cool,52000340242,https://images.openfoodfacts.org/images/products/005/200/034/0242/front_en.23.400.jpg,review_prefix_candidate,approve proposed,Gatorade variant/company string.,PepsiCo,True,True,approve proposed,PepsiCo,Gatorade,gatorade frost crisp and cool,gatorade frost crisp and cool,pepsico,1,True
PepsiCo,Gatorade,gatorade,gatorade low sugar orange,gatorade low sugar orange,Other / not mapped to a company,PepsiCo,beverages,United States,US_CANADA,brand_prefix_with_separator,1,Orange flavored sports beverage,Gatorade low sugar orange,52000208726,https://images.openfoodfacts.org/images/products/005/200/020/8726/front_en.8.400.jpg,review_prefix_candidate,approve proposed,Gatorade variant/company string.,PepsiCo,True,True,approve proposed,PepsiCo,Gatorade,gatorade low sugar orange,gatorade low sugar orange,pepsico,1,True
PepsiCo,Gatorade,gatorade,gatorade protein bar,gatorade protein bar,Other / not mapped to a company,PepsiCo,snacks,United States,US_CANADA,brand_prefix_with_separator,1,"Mint chocolate crunch whey protein bar, mint chocolate crunch",Gatorade Protein Bar,52000101713,https://images.openfoodfacts.org/images/products/005/200/010/1713/front_en.4.400.jpg,review_prefix_candidate,approve proposed,Gatorade variant/company string.,PepsiCo,True,True,approve proposed,PepsiCo,Gatorade,gatorade protein bar,gatorade protein bar,pepsico,1,True
PepsiCo,Gatorade,gatorade,gatorade thirst quencher,gatorade thirst quencher,Other / not mapped to a company,PepsiCo,beverages,United States,US_CANADA,brand_prefix_with_separator,1,FRUIT PUNCH,GATORADE THIRST QUENCHER,52000135138,https://images.openfoodfacts.org/images/products/005/200/013/5138/front_en.6.400.jpg,review_prefix_candidate,approve proposed,Gatorade variant/company string.,PepsiCo,True,True,approve proposed,PepsiCo,Gatorade,gatorade thirst quencher,gatorade thirst quencher,pepsico,1,True
PepsiCo,Gatorade,gatorade,gatorade water,gatorade water,Other / not mapped to a company,PepsiCo,beverages,United States,US_CANADA,brand_prefix_with_separator,1,Water,Gatorade water,52000060959,https://images.openfoodfacts.org/images/products/005/200/006/0959/front_en.13.400.jpg,review_prefix_candidate,approve proposed,Gatorade variant/company string.,PepsiCo,True,True,approve proposed,PepsiCo,Gatorade,gatorade water,gatorade water,pepsico,1,True
Nestlé,Gerber,gerber,gerber biscuits,gerber biscuits,Other / not mapped to a company,Nestle,snacks,France,FRANCE|DACH,brand_prefix_with_separator,1,Haker Kokos,Gerber Biscuits,7610306000067,https://images.openfoodfacts.org/images/products/761/030/600/0067/front_de.19.400.jpg,review_prefix_candidate,approve proposed,Prefix match appears to be a true brand variant; accepted for launch.,Nestlé,True,True,approve proposed,Nestlé,Gerber,gerber biscuits,gerber biscuits,nestle,1,True
Nestlé,Gerber,gerber,gerber graduates,gerber graduates,Other / not mapped to a company,Nestle,snacks,United States,US_CANADA,brand_prefix_with_separator,1,Cinnamon Graham Animal Crackers imp,Gerber Graduates,15000005955,https://images.openfoodfacts.org/images/products/001/500/000/5955/front_en.6.400.jpg,review_prefix_candidate,approve proposed,Prefix match appears to be a true brand variant; accepted for launch.,Nestlé,True,True,approve proposed,Nestlé,Gerber,gerber graduates,gerber graduates,nestle,1,True
Nestlé,Gourmet,gourmet,gourmet cafe,gourmet cafe,Other / not mapped to a company,Nestle,snacks,United States,US_CANADA,brand_prefix_with_separator,1,Pop Corn,Gourmet Cafe,810089291103,https://images.openfoodfacts.org/images/products/081/008/929/1103/front_en.5.400.jpg,review_prefix_candidate,reject prefix match / keep Other,False/generic prefix: Gourmet* here is not Nestlé Gourmet.,Other / not mapped to a company,False,False,reject prefix match / keep Other,Other / not mapped to a company,Gourmet,gourmet cafe,gourmet cafe,other not mapped to a company,1,False
Nestlé,Gourmet,gourmet,gourmet coffee warehouse,gourmet coffee warehouse,Other / not mapped to a company,Nestle,beverages,United States,US_CANADA,brand_prefix_with_separator,1,Double black nitro cold brew coffee,Gourmet Coffee Warehouse,855346005017,,review_prefix_candidate,reject prefix match / keep Other,False/generic prefix: Gourmet* here is not Nestlé Gourmet.,Other / not mapped to a company,False,False,reject prefix match / keep Other,Other / not mapped to a company,Gourmet,gourmet coffee warehouse,gourmet coffee warehouse,other not mapped to a company,1,False
Nestlé,Gourmet,gourmet,gourmet d alsace,gourmet d alsace,Other / not mapped to a company,Nestle,snacks,France,FRANCE,brand_prefix_with_separator,1,Croissants,gourmet d' Alsace,3267060025610,https://images.openfoodfacts.org/images/products/326/706/002/5610/front_fr.14.400.jpg,review_prefix_candidate,reject prefix match / keep Other,False/generic prefix: Gourmet* here is not Nestlé Gourmet.,Other / not mapped to a company,False,False,reject prefix match / keep Other,Other / not mapped to a company,Gourmet,gourmet d alsace,gourmet d alsace,other not mapped to a company,1,False
Nestlé,Gourmet,gourmet,gourmet dalsace,gourmet dalsace,Other / not mapped to a company,Nestle,dairies,France,FRANCE,brand_prefix_with_separator,1,Galette,Gourmet D'alsace,8002226004406,https://images.openfoodfacts.org/images/products/800/222/600/4406/front_fr.3.400.jpg,review_prefix_candidate,reject prefix match / keep Other,False/generic prefix: Gourmet* here is not Nestlé Gourmet.,Other / not mapped to a company,False,False,reject prefix match / keep Other,Other / not mapped to a company,Gourmet,gourmet dalsace,gourmet dalsace,other not mapped to a company,1,False
Nestlé,Gourmet,gourmet,gourmet finest cuisine,gourmet finest cuisine,Other / not mapped to a company,Nestlé,snacks,Germany,DACH|US_CANADA,brand_prefix_with_separator,1,Florentiner Kekse,"Gourmet Finest Cuisine,Aldi",4061458133609,https://images.openfoodfacts.org/images/products/406/145/813/3609/front_en.13.400.jpg,review_prefix_candidate,reject prefix match / keep Other,False/generic prefix: Gourmet* here is not Nestlé Gourmet.,Other / not mapped to a company,False,False,reject prefix match / keep Other,Other / not mapped to a company,Gourmet,gourmet finest cuisine,gourmet finest cuisine,other not mapped to a company,1,False
Nestlé,Gourmet,gourmet,gourmet food imports llc,gourmet food imports llc,Other / not mapped to a company,Nestle,dairies,United States,US_CANADA,brand_prefix_with_separator,1,Sheep's Milk Kashkaval,Gourmet Food Imports Llc,893994002125,,review_prefix_candidate,reject prefix match / keep Other,False/generic prefix: Gourmet* here is not Nestlé Gourmet.,Other / not mapped to a company,False,False,reject prefix match / keep Other,Other / not mapped to a company,Gourmet,gourmet food imports llc,gourmet food imports llc,other not mapped to a company,1,False
Nestlé,Gourmet,gourmet,gourmet garden,gourmet garden,Other / not mapped to a company,Nestle,snacks,United States,US_CANADA,brand_prefix_with_separator,1,Garden Crisps,Gourmet Garden,677210094848,https://images.openfoodfacts.org/images/products/067/721/009/4848/front_en.3.400.jpg,review_prefix_candidate,reject prefix match / keep Other,False/generic prefix: Gourmet* here is not Nestlé Gourmet.,Other / not mapped to a company,False,False,reject prefix match / keep Other,Other / not mapped to a company,Gourmet,gourmet garden,gourmet garden,other not mapped to a company,1,False
Nestlé,Gourmet,gourmet,gourmet kitchen,gourmet kitchen,Other / not mapped to a company,Nestle,beverages,France,FRANCE,brand_prefix_with_separator,1,Balsamic Vinegar 500ML,Gourmet Kitchen,5055257866669,,review_prefix_candidate,reject prefix match / keep Other,False/generic prefix: Gourmet* here is not Nestlé Gourmet.,Other / not mapped to a company,False,False,reject prefix match / keep Other,Other / not mapped to a company,Gourmet,gourmet kitchen,gourmet kitchen,other not mapped to a company,1,False
Nestlé,Gourmet,gourmet,gourmet mixes,gourmet mixes,Other / not mapped to a company,Nestle,beverages,United States,US_CANADA,brand_prefix_with_separator,1,Margarita mix,Gourmet Mixes,722782700014,,review_prefix_candidate,reject prefix match / keep Other,False/generic prefix: Gourmet* here is not Nestlé Gourmet.,Other / not mapped to a company,False,False,reject prefix match / keep Other,Other / not mapped to a company,Gourmet,gourmet mixes,gourmet mixes,other not mapped to a company,1,False
Nestlé,Gourmet,gourmet,gourmet mixes,gourmet mixes,Other / not mapped to a company,Nestle,snacks,United States,US_CANADA,brand_prefix_with_separator,1,"Pepperoni Straws, Beef Sticks",Gourmet Mixes,722782590011,,review_prefix_candidate,reject prefix match / keep Other,False/generic prefix: Gourmet* here is not Nestlé Gourmet.,Other / not mapped to a company,False,False,reject prefix match / keep Other,Other / not mapped to a company,Gourmet,gourmet mixes,gourmet mixes,other not mapped to a company,1,False
Nestlé,Gourmet,gourmet,gourmet mixes inc,gourmet mixes inc,Other / not mapped to a company,Nestle,beverages,United States,US_CANADA,brand_prefix_with_separator,1,38 calorie margarita mix,Gourmet Mixes Inc.,722782500003,,review_prefix_candidate,reject prefix match / keep Other,False/generic prefix: Gourmet* here is not Nestlé Gourmet.,Other / not mapped to a company,False,False,reject prefix match / keep Other,Other / not mapped to a company,Gourmet,gourmet mixes inc,gourmet mixes inc,other not mapped to a company,1,False
Nestlé,Gourmet,gourmet,gourmet nantel,gourmet nantel,Other / not mapped to a company,Nestle,snacks,United States,US_CANADA,brand_prefix_with_separator,1,"Montreal Fudge, Chocolate Fudge",Gourmet Nantel,58023730152,,review_prefix_candidate,reject prefix match / keep Other,False/generic prefix: Gourmet* here is not Nestlé Gourmet.,Other / not mapped to a company,False,False,reject prefix match / keep Other,Other / not mapped to a company,Gourmet,gourmet nantel,gourmet nantel,other not mapped to a company,1,False
Nestlé,Gourmet,gourmet,gourmet nut,gourmet nut,Other / not mapped to a company,Nestle,snacks,United States,US_CANADA,brand_prefix_with_separator,1,Gummy Pecan Rings,Gourmet Nut,609722844444,,review_prefix_candidate,reject prefix match / keep Other,False/generic prefix: Gourmet* here is not Nestlé Gourmet.,Other / not mapped to a company,False,False,reject prefix match / keep Other,Other / not mapped to a company,Gourmet,gourmet nut,gourmet nut,other not mapped to a company,1,False
Nestlé,Gourmet,gourmet,gourmet nutritions,gourmet nutritions,Other / not mapped to a company,Nestle,snacks,United States,US_CANADA,brand_prefix_with_separator,1,Dark Chocolate Keto Clusters,Gourmet Nutritions,677210092127,https://images.openfoodfacts.org/images/products/067/721/009/2127/front_en.31.400.jpg,review_prefix_candidate,reject prefix match / keep Other,False/generic prefix: Gourmet* here is not Nestlé Gourmet.,Other / not mapped to a company,False,False,reject prefix match / keep Other,Other / not mapped to a company,Gourmet,gourmet nutritions,gourmet nutritions,other not mapped to a company,1,False
Nestlé,Gourmet,gourmet,gourmet select,gourmet select,Other / not mapped to a company,Nestle,dairies,United States,US_CANADA,brand_prefix_with_separator,1,White Cheddar Snowball,Gourmet Select,811627021251,,review_prefix_candidate,reject prefix match / keep Other,False/generic prefix: Gourmet* here is not Nestlé Gourmet.,Other / not mapped to a company,False,False,reject prefix match / keep Other,Other / not mapped to a company,Gourmet,gourmet select,gourmet select,other not mapped to a company,1,False
Nestlé,Gourmet,gourmet,gourmet select foods,gourmet select foods,Other / not mapped to a company,Nestle,snacks,United States,US_CANADA,brand_prefix_with_separator,1,Biscuit mix,Gourmet Select Foods,74026330113,,review_prefix_candidate,reject prefix match / keep Other,False/generic prefix: Gourmet* here is not Nestlé Gourmet.,Other / not mapped to a company,False,False,reject prefix match / keep Other,Other / not mapped to a company,Gourmet,gourmet select foods,gourmet select foods,other not mapped to a company,1,False
Nestlé,Gourmet,gourmet,gourmet spiruline,gourmet spiruline,Other / not mapped to a company,Nestle,snacks,France,FRANCE,brand_prefix_with_separator,1,Chocolat noir 74% spiruline et fleur de sel,Gourmet Spiruline,602573158944,https://images.openfoodfacts.org/images/products/060/257/315/8944/front_fr.13.400.jpg,review_prefix_candidate,reject prefix match / keep Other,False/generic prefix: Gourmet* here is not Nestlé Gourmet.,Other / not mapped to a company,False,False,reject prefix match / keep Other,Other / not mapped to a company,Gourmet,gourmet spiruline,gourmet spiruline,other not mapped to a company,1,False
Nestlé,Gourmet,gourmet,gourmet sushi,gourmet sushi,Other / not mapped to a company,Nestle,snacks,France,FRANCE,brand_prefix_with_separator,1,Crackers japonais,Gourmet Sushi,3760239855747,https://images.openfoodfacts.org/images/products/376/023/985/5747/front_fr.4.400.jpg,review_prefix_candidate,reject prefix match / keep Other,False/generic prefix: Gourmet* here is not Nestlé Gourmet.,Other / not mapped to a company,False,False,reject prefix match / keep Other,Other / not mapped to a company,Gourmet,gourmet sushi,gourmet sushi,other not mapped to a company,1,False
Nestlé,Gourmet,gourmet,gourmets de lartois,gourmets de lartois,Other / not mapped to a company,Nestle,dairies,France,FRANCE,brand_prefix_concatenated_review,1,Tranchettes de fromage,Gourmets de l'Artois,3498940012127,https://images.openfoodfacts.org/images/products/349/894/001/2127/front_fr.3.400.jpg,review_prefix_candidate,reject prefix match / keep Other,False/generic prefix: Gourmet* here is not Nestlé Gourmet.,Other / not mapped to a company,False,False,reject prefix match / keep Other,Other / not mapped to a company,Gourmet,gourmets de lartois,gourmets de lartois,other not mapped to a company,1,False
Unilever,Hellmann's,hellmann s,Hellmann's,hellmanns,Other / not mapped to a company,Unilever,beverages,France,FRANCE|US_CANADA,brand_prefix_concatenated_review,1,Light Mayonnaise,Hellmann's,75720481279,https://images.openfoodfacts.org/images/products/007/572/048/1279/front_en.26.400.jpg,review_prefix_candidate,approve proposed,Hellmann's exact brand match.,Unilever,True,True,approve proposed,Unilever,Hellmann's,Hellmann's,hellmanns,unilever,1,True
Unilever,Hellmann's,hellmann s,Hellmann's,hellmanns,Other / not mapped to a company,Unilever,dairies,France,FRANCE|DACH,brand_prefix_concatenated_review,1,Mayonesa,Hellmann's,20244514,https://images.openfoodfacts.org/images/products/000/002/024/4514/front_fr.25.400.jpg,review_prefix_candidate,approve proposed,Hellmann's exact brand match.,Unilever,True,True,approve proposed,Unilever,Hellmann's,Hellmann's,hellmanns,unilever,1,True
Nestlé,Hépar,hepar,Hépar,hepar,Other / not mapped to a company,Nestlé,beverages,Belgium,BENELUX|FRANCE|DACH,exact_brand_match,1,Hépar,Hépar,7613034688903,https://images.openfoodfacts.org/images/products/761/303/468/8903/front_fr.6.400.jpg,review_prefix_candidate,approve proposed,Hépar variant/company string.,Nestlé,True,True,approve proposed,Nestlé,Hépar,Hépar,hepar,nestle,1,True
Nestlé,Impact,impact,impact confections inc,impact confections inc,Other / not mapped to a company,Nestlé,snacks,France,FRANCE|US_CANADA,brand_prefix_with_separator,1,Sour worms,Impact Confections Inc.,32134210338,https://images.openfoodfacts.org/images/products/003/213/421/0338/front_en.16.400.jpg,review_prefix_candidate,reject prefix match / keep Other,False prefix: Impact* here is not Nestlé Impact.,Other / not mapped to a company,False,False,reject prefix match / keep Other,Other / not mapped to a company,Impact,impact confections inc,impact confections inc,other not mapped to a company,1,False
Kraft Heinz,Jell-O,jell o,jellopy,jellopy,Other / not mapped to a company,Kraft Heinz,snacks,United Kingdom,UK_IE,brand_prefix_concatenated_review,1,Sour gummy peach rings,Jellopy,8681857030512,https://images.openfoodfacts.org/images/products/868/185/703/0512/front_en.6.400.jpg,review_prefix_candidate,reject prefix match / keep Other,False prefix: Jellopy is not Jell-O.,Other / not mapped to a company,False,False,reject prefix match / keep Other,Other / not mapped to a company,Jell-O,jellopy,jellopy,other not mapped to a company,1,False
Nestlé,KitKat,kitkat,kitkat nestle,kitkat nestle,Other / not mapped to a company,Nestle,snacks,France,FRANCE,brand_prefix_with_separator,1,KITKAT Tablette noisette 99g,Kitkat Nestle,3800020491409,https://images.openfoodfacts.org/images/products/380/002/049/1409/front_en.3.400.jpg,review_prefix_candidate,map to Nestlé,KitKat is market-scoped; non-US rows route to Nestlé.,Nestlé,True,True,map to Nestlé,Nestlé,KitKat,kitkat nestle,kitkat nestle,nestle,1,True
Nestlé,KitKat,kitkat,kitkat nestle,kitkat nestle,Other / not mapped to a company,Nestle,snacks,France,FRANCE|DACH,brand_prefix_with_separator,1,Chunky White Chocolate,KitKat - Nestle,7613037245325,https://images.openfoodfacts.org/images/products/761/303/724/5325/front_fr.6.400.jpg,review_prefix_candidate,map to Nestlé,KitKat is market-scoped; non-US rows route to Nestlé.,Nestlé,True,True,map to Nestlé,Nestlé,KitKat,kitkat nestle,kitkat nestle,nestle,1,True
PepsiCo,Lay's,lay s,Lay’s,lays,Other / not mapped to a company,PepsiCo,dairies,Belgium,BENELUX|FRANCE,brand_prefix_concatenated_review,1,Chips barbecue,"Lay's, Lays",3168930007432,https://images.openfoodfacts.org/images/products/316/893/000/7432/front_fr.52.400.jpg,review_prefix_candidate,approve proposed,Lay's spelling/combined-brand variant.,PepsiCo,True,True,approve proposed,PepsiCo,Lay’s,Lay’s,lays,pepsico,1,True
PepsiCo,Lay's,lay s,Lay’s,lays,Other / not mapped to a company,PepsiCo,dairies,France,FRANCE,brand_prefix_concatenated_review,1,3D’S bugles Nature,Lay's,3168930172451,https://images.openfoodfacts.org/images/products/316/893/017/2451/front_fr.3.400.jpg,review_prefix_candidate,approve proposed,Lay's spelling/combined-brand variant.,PepsiCo,True,True,approve proposed,PepsiCo,Lay’s,Lay’s,lays,pepsico,1,True
PepsiCo,Lay's,lay s,Lay’s,lays,Other / not mapped to a company,PepsiCo,dairies,United States,US_CANADA,brand_prefix_concatenated_review,1,Classic Potato Chips,Lay's,28400090858,https://images.openfoodfacts.org/images/products/002/840/009/0858/front_en.132.400.jpg,review_prefix_candidate,approve proposed,Lay's spelling/combined-brand variant.,PepsiCo,True,True,approve proposed,PepsiCo,Lay’s,Lay’s,lays,pepsico,1,True
PepsiCo,Lay's,lay s,Lay’s,lays,Other / not mapped to a company,PepsiCo,snacks,Belgium,BENELUX|FRANCE|DACH|SOUTHERN_EUROPE|UK_IE|US_CANADA,brand_prefix_concatenated_review,1,Nature,Lay's,3168930008958,https://images.openfoodfacts.org/images/products/316/893/000/8958/front_fr.84.400.jpg,review_prefix_candidate,approve proposed,Lay's spelling/combined-brand variant.,PepsiCo,True,True,approve proposed,PepsiCo,Lay’s,Lay’s,lays,pepsico,1,True
PepsiCo,Lay's,lay s,Lay’s,lays,Other / not mapped to a company,PepsiCo,snacks,Cote D Ivoire,FRANCE,brand_prefix_concatenated_review,1,Chips de pommes de terre saveur spicy,Lay’s,3168930006725,https://images.openfoodfacts.org/images/products/316/893/000/6725/front_fr.6.400.jpg,review_prefix_candidate,approve proposed,Lay's spelling/combined-brand variant.,PepsiCo,True,True,approve proposed,PepsiCo,Lay’s,Lay’s,lays,pepsico,1,True
PepsiCo,Lay's,lay s,Lay’s,lays,Other / not mapped to a company,PepsiCo,snacks,Estonia,NORDICS|UK_IE,brand_prefix_concatenated_review,1,Lays solone,"Lay's,PepsiCo",5900259127600,https://images.openfoodfacts.org/images/products/590/025/912/7600/front_en.47.400.jpg,review_prefix_candidate,approve proposed,Lay's spelling/combined-brand variant.,PepsiCo,True,True,approve proposed,PepsiCo,Lay’s,Lay’s,lays,pepsico,1,True
PepsiCo,Lay's,lay s,Lay’s,lays,Other / not mapped to a company,PepsiCo,snacks,France,FRANCE|BENELUX,brand_prefix_concatenated_review,1,,Lay's,8710398503039,https://images.openfoodfacts.org/images/products/871/039/850/3039/front_en.16.400.jpg,review_prefix_candidate,approve proposed,Lay's spelling/combined-brand variant.,PepsiCo,True,True,approve proposed,PepsiCo,Lay’s,Lay’s,lays,pepsico,1,True
PepsiCo,Lay's,lay s,Lay’s,lays,Other / not mapped to a company,PepsiCo,snacks,France,FRANCE|DACH|NORDICS,brand_prefix_concatenated_review,1,Cheetos Cheese,"Lays, Cheetos",5900259029041,https://images.openfoodfacts.org/images/products/590/025/902/9041/front_en.20.400.jpg,review_prefix_candidate,approve proposed,Lay's spelling/combined-brand variant.,PepsiCo,True,True,approve proposed,PepsiCo,Lay’s,Lay’s,lays,pepsico,1,True
PepsiCo,Lay's,lay s,Lay’s,lays,Other / not mapped to a company,PepsiCo,snacks,France,FRANCE|DACH|SOUTHERN_EUROPE,brand_prefix_concatenated_review,1,,"Lay's,frito-lay,pepsico",5601363012683,https://images.openfoodfacts.org/images/products/560/136/301/2683/front_en.13.400.jpg,review_prefix_candidate,approve proposed,Lay's spelling/combined-brand variant.,PepsiCo,True,True,approve proposed,PepsiCo,Lay’s,Lay’s,lays,pepsico,1,True
PepsiCo,Lay's,lay s,Lay’s,lays,Other / not mapped to a company,PepsiCo,snacks,France,FRANCE|NORDICS,brand_prefix_concatenated_review,1,Lay's Salted,Lay's,8710398604330,https://images.openfoodfacts.org/images/products/871/039/860/4330/front_en.3.400.jpg,review_prefix_candidate,approve proposed,Lay's spelling/combined-brand variant.,PepsiCo,True,True,approve proposed,PepsiCo,Lay’s,Lay’s,lays,pepsico,1,True
PepsiCo,Lay's,lay s,Lay’s,lays,Other / not mapped to a company,PepsiCo,snacks,Hong Kong,US_CANADA,brand_prefix_concatenated_review,1,STAX Sour Cream & Onion Flavored,Lay's,28400055154,https://images.openfoodfacts.org/images/products/002/840/005/5154/front_en.30.400.jpg,review_prefix_candidate,approve proposed,Lay's spelling/combined-brand variant.,PepsiCo,True,True,approve proposed,PepsiCo,Lay’s,Lay’s,lays,pepsico,1,True
PepsiCo,Lay's,lay s,Lay’s,lays,Other / not mapped to a company,PepsiCo,snacks,Israel,US_CANADA,brand_prefix_concatenated_review,1,Potato chips,Lay's,815871010009,https://images.openfoodfacts.org/images/products/081/587/101/0009/front_en.8.400.jpg,review_prefix_candidate,approve proposed,Lay's spelling/combined-brand variant.,PepsiCo,True,True,approve proposed,PepsiCo,Lay’s,Lay’s,lays,pepsico,1,True
PepsiCo,Lay's,lay s,Lay’s,lays,Other / not mapped to a company,PepsiCo,snacks,Moldova,US_CANADA,brand_prefix_concatenated_review,1,Sour Cream & Dill,Lay's,5941000017573,https://images.openfoodfacts.org/images/products/594/100/001/7573/front_en.3.400.jpg,review_prefix_candidate,approve proposed,Lay's spelling/combined-brand variant.,PepsiCo,True,True,approve proposed,PepsiCo,Lay’s,Lay’s,lays,pepsico,1,True
PepsiCo,Lay's,lay s,Lay’s,lays,Other / not mapped to a company,PepsiCo,snacks,Norway,NORDICS|UK_IE,brand_prefix_concatenated_review,1,Lays strong,Lay's,5900259122001,https://images.openfoodfacts.org/images/products/590/025/912/2001/front_en.5.400.jpg,review_prefix_candidate,approve proposed,Lay's spelling/combined-brand variant.,PepsiCo,True,True,approve proposed,PepsiCo,Lay’s,Lay’s,lays,pepsico,1,True
PepsiCo,Lay's,lay s,Lay’s,lays,Other / not mapped to a company,PepsiCo,snacks,Switzerland,DACH|US_CANADA,brand_prefix_concatenated_review,1,Potato chips,Lay's,28400645492,https://images.openfoodfacts.org/images/products/002/840/064/5492/front_en.14.400.jpg,review_prefix_candidate,approve proposed,Lay's spelling/combined-brand variant.,PepsiCo,True,True,approve proposed,PepsiCo,Lay’s,Lay’s,lays,pepsico,1,True
PepsiCo,Lay's,lay s,Lay’s,lays,Other / not mapped to a company,PepsiCo,snacks,United Kingdom,UK_IE|US_CANADA,brand_prefix_concatenated_review,1,Barbecue,Lay's,28400199612,https://images.openfoodfacts.org/images/products/002/840/019/9612/front_en.44.400.jpg,review_prefix_candidate,approve proposed,Lay's spelling/combined-brand variant.,PepsiCo,True,True,approve proposed,PepsiCo,Lay’s,Lay’s,lays,pepsico,1,True
PepsiCo,Lay's,lay s,lays gourmet,lays gourmet,Other / not mapped to a company,PepsiCo,snacks,France,FRANCE,brand_prefix_concatenated_review,1,Nature Coupe Classique,Lay's Gourmet,3168930179146,https://images.openfoodfacts.org/images/products/316/893/017/9146/front_en.20.400.jpg,review_prefix_candidate,approve proposed,Lay's spelling/combined-brand variant.,PepsiCo,True,True,approve proposed,PepsiCo,Lay’s,lays gourmet,lays gourmet,pepsico,1,True
PepsiCo,Lay's,lay s,lays max,lays max,Other / not mapped to a company,PepsiCo,snacks,France,FRANCE|NORDICS,brand_prefix_concatenated_review,1,Sour Cream & Onion,Lay's Max,8710398604354,https://images.openfoodfacts.org/images/products/871/039/860/4354/front_fr.13.400.jpg,review_prefix_candidate,approve proposed,Lay's spelling/combined-brand variant.,PepsiCo,True,True,approve proposed,PepsiCo,Lay’s,lays max,lays max,pepsico,1,True
Mondelez,Mikado,mikado,mikado and go,mikado and go,Other / not mapped to a company,Mondelez International,snacks,France,FRANCE|SOUTHERN_EUROPE,brand_prefix_with_separator,1,Glico Mikado & Go - Chocolat au lait,MIKADO & GO!,3017760628198,https://images.openfoodfacts.org/images/products/301/776/062/8198/front_fr.44.400.jpg,review_prefix_candidate,approve proposed,Prefix match appears to be a true brand variant; accepted for launch.,Mondelēz International,True,True,approve proposed,Mondelēz International,Mikado,mikado and go,mikado and go,mondelez international,1,True
Unilever,Miko,miko,mikova,mikova,Other / not mapped to a company,Unilever,beverages,France,FRANCE,brand_prefix_concatenated_review,1,Vodka - minkova - triple distilled * -100% pur grain * triple distillation,"MIИKOVA, Minkova",3222473459650,https://images.openfoodfacts.org/images/products/322/247/345/9650/front_fr.4.400.jpg,review_prefix_candidate,approve proposed,Prefix match appears to be a true brand variant; accepted for launch.,Unilever,True,True,approve proposed,Unilever,Miko,mikova,mikova,unilever,1,True
Mondelez,Milka,milka,milka mmmax choco jelly,milka mmmax choco jelly,Other / not mapped to a company,Mondelez International,snacks,France,FRANCE,brand_prefix_with_separator,1,Tablete Milka Choco Jelly 250g,Milka mmmax choco jelly,7622210249500,https://images.openfoodfacts.org/images/products/762/221/024/9500/front_pt.14.400.jpg,review_prefix_candidate,approve proposed,Milka line/combined string; map to Milka owner.,Mondelēz International,True,True,approve proposed,Mondelēz International,Milka,milka mmmax choco jelly,milka mmmax choco jelly,mondelez international,1,True
Mondelez,Milka,milka,milka oreo,milka oreo,Other / not mapped to a company,Mondelez International,snacks,France,FRANCE,brand_prefix_with_separator,1,Milka oreo,Milka Oreo,7622210834751,https://images.openfoodfacts.org/images/products/762/221/083/4751/front_en.42.400.jpg,review_prefix_candidate,approve proposed,Milka line/combined string; map to Milka owner.,Mondelēz International,True,True,approve proposed,Mondelēz International,Milka,milka oreo,milka oreo,mondelez international,1,True
Mondelez,Milka,milka,milkadamia,milkadamia,Other / not mapped to a company,Mondelez International,beverages,France,FRANCE|US_CANADA,brand_prefix_concatenated_review,1,CREAMY MACADAMIA MILK,milkadamia,858045004282,https://images.openfoodfacts.org/images/products/085/804/500/4282/front_en.24.400.jpg,review_prefix_candidate,reject prefix match / keep Other,False prefix: Milkana/Milkadamia/Milkaut are not Milka.,Other / not mapped to a company,False,False,reject prefix match / keep Other,Other / not mapped to a company,Milka,milkadamia,milkadamia,other not mapped to a company,1,False
Mondelez,Milka,milka,milkadamia,milkadamia,Other / not mapped to a company,Mondelez International,beverages,United States,US_CANADA,brand_prefix_concatenated_review,1,Unsweetened Vanilla Macadamia Milk,Milkadamia,858045004510,https://images.openfoodfacts.org/images/products/085/804/500/4510/front_en.4.400.jpg,review_prefix_candidate,reject prefix match / keep Other,False prefix: Milkana/Milkadamia/Milkaut are not Milka.,Other / not mapped to a company,False,False,reject prefix match / keep Other,Other / not mapped to a company,Milka,milkadamia,milkadamia,other not mapped to a company,1,False
Mondelez,Milka,milka,milkadamia,milkadamia,Other / not mapped to a company,Mondelez International,dairies,Australia,DACH|US_CANADA,brand_prefix_concatenated_review,1,Unsweetened Macadamia Milk,milkadamia,858045004299,https://images.openfoodfacts.org/images/products/085/804/500/4299/front_en.57.400.jpg,review_prefix_candidate,reject prefix match / keep Other,False prefix: Milkana/Milkadamia/Milkaut are not Milka.,Other / not mapped to a company,False,False,reject prefix match / keep Other,Other / not mapped to a company,Milka,milkadamia,milkadamia,other not mapped to a company,1,False
Mondelez,Milka,milka,milkamondelez,milkamondelez,Other / not mapped to a company,Mondelez International,snacks,France,FRANCE,brand_prefix_concatenated_review,1,milka noisette,MilkaMondelez,7622210043955,https://images.openfoodfacts.org/images/products/762/221/004/3955/front_en.26.400.jpg,review_prefix_candidate,approve proposed,Milka line/combined string; map to Milka owner.,Mondelēz International,True,True,approve proposed,Mondelēz International,Milka,milkamondelez,milkamondelez,mondelez international,1,True
Mondelez,Milka,milka,milkana,milkana,Other / not mapped to a company,Mondelez International,dairies,Cote D Ivoire,FRANCE,brand_prefix_concatenated_review,1,So good,"Milkana, Savencia",3451790186677,https://images.openfoodfacts.org/images/products/345/179/018/6677/front_fr.20.400.jpg,review_prefix_candidate,reject prefix match / keep Other,False prefix: Milkana/Milkadamia/Milkaut are not Milka.,Other / not mapped to a company,False,False,reject prefix match / keep Other,Other / not mapped to a company,Milka,milkana,milkana,other not mapped to a company,1,False
Mondelez,Milka,milka,milkana,milkana,Other / not mapped to a company,Mondelez International,dairies,United States,US_CANADA,brand_prefix_concatenated_review,1,Cremig Leicht,"Milkana,Savencia",14319010841,https://images.openfoodfacts.org/images/products/001/431/901/0841/front_en.3.400.jpg,review_prefix_candidate,reject prefix match / keep Other,False prefix: Milkana/Milkadamia/Milkaut are not Milka.,Other / not mapped to a company,False,False,reject prefix match / keep Other,Other / not mapped to a company,Milka,milkana,milkana,other not mapped to a company,1,False
Mondelez,Milka,milka,milkaut,milkaut,Other / not mapped to a company,Mondelez International,dairies,France,FRANCE,brand_prefix_concatenated_review,1,Milkaut,"Milkaut, Savencia",7794820902004,https://images.openfoodfacts.org/images/products/779/482/090/2004/front_fr.3.400.jpg,review_prefix_candidate,reject prefix match / keep Other,False prefix: Milkana/Milkadamia/Milkaut are not Milka.,Other / not mapped to a company,False,False,reject prefix match / keep Other,Other / not mapped to a company,Milka,milkaut,milkaut,other not mapped to a company,1,False
Nestlé,Milo,milo,milola,milola,Other / not mapped to a company,Nestlé,snacks,United Kingdom,UK_IE,brand_prefix_concatenated_review,1,double chocolate banana cookies,Milola,97448360063,https://images.openfoodfacts.org/images/products/009/744/836/0063/front_en.3.400.jpg,review_prefix_candidate,approve proposed,Prefix match appears to be a true brand variant; accepted for launch.,Nestlé,True,True,approve proposed,Nestlé,Milo,milola,milola,nestle,1,True
Nestlé,Milo,milo,milorando,milorando,Other / not mapped to a company,Nestlé,dairies,France,FRANCE|DACH|SOUTHERN_EUROPE,brand_prefix_concatenated_review,1,Mozzarella Classic,MILORANDO,4033800234876,https://images.openfoodfacts.org/images/products/403/380/023/4876/front_en.36.400.jpg,review_prefix_candidate,approve proposed,Prefix match appears to be a true brand variant; accepted for launch.,Nestlé,True,True,approve proposed,Nestlé,Milo,milorando,milorando,nestle,1,True
Coca-Cola,Monster Energy,monster energy,monster energy company,monster energy company,Other / not mapped to a company,Monster Beverage Corp,beverages,France,FRANCE|US_CANADA,brand_prefix_with_separator,1,"Rehab tea + dragon fruit + energy drink, tea + dragon fruit",Monster Energy Company,70847031116,https://images.openfoodfacts.org/images/products/007/084/703/1116/front_fr.4.400.jpg,review_prefix_candidate,approve proposed,Monster Energy Company string; keep scoped proposed owner.,Monster Beverage Corp,True,True,approve proposed,Monster Beverage Corp,Monster Energy,monster energy company,monster energy company,monster beverage corp,1,True
Coca-Cola,Monster Energy,monster energy,monster energy drink,monster energy drink,Other / not mapped to a company,Monster Beverage Corp (Coca-Cola 20% stake / exclusive distrib),beverages,United States,US_CANADA,brand_prefix_with_separator,1,Strawberry lemonade,Monster energy drink,70847900856,https://images.openfoodfacts.org/images/products/007/084/790/0856/front_en.13.400.jpg,review_prefix_candidate,approve proposed,Monster Energy Company string; keep scoped proposed owner.,Monster Beverage Corp (Coca-Cola 20% stake / exclusive distrib),True,True,approve proposed,Monster Beverage Corp (Coca-Cola 20% stake / exclusive distrib),Monster Energy,monster energy drink,monster energy drink,monster beverage corp coca cola 20 stake exclusive distrib,1,True
Coca-Cola,Monster Energy,monster energy,monster energy limited,monster energy limited,Other / not mapped to a company,Monster Beverage Corp,beverages,United Kingdom,UK_IE,brand_prefix_with_separator,1,Monster Monarch,Monster Energy Limited,5060751213413,https://images.openfoodfacts.org/images/products/506/075/121/3413/front_en.3.400.jpg,review_prefix_candidate,approve proposed,Monster Energy Company string; keep scoped proposed owner.,Monster Beverage Corp,True,True,approve proposed,Monster Beverage Corp,Monster Energy,monster energy limited,monster energy limited,monster beverage corp,1,True
Coca-Cola,Monster Energy,monster energy,monster energy monster,monster energy monster,Other / not mapped to a company,Monster Beverage Corp,beverages,United Kingdom,UK_IE,brand_prefix_with_separator,1,Monster energy drink,Monster Energy Monster,5060639126521,https://images.openfoodfacts.org/images/products/506/063/912/6521/front_en.25.400.jpg,review_prefix_candidate,approve proposed,Monster Energy Company string; keep scoped proposed owner.,Monster Beverage Corp,True,True,approve proposed,Monster Beverage Corp,Monster Energy,monster energy monster,monster energy monster,monster beverage corp,1,True
PepsiCo,Mountain Dew,mountain dew,mountain dew baja blast,mountain dew baja blast,Other / not mapped to a company,PepsiCo,beverages,United States,US_CANADA,brand_prefix_with_separator,1,Tropical Lime,Mountain Dew Baja Blast,12000130274,https://images.openfoodfacts.org/images/products/001/200/013/0274/front_en.45.400.jpg,review_prefix_candidate,approve proposed,Prefix match appears to be a true brand variant; accepted for launch.,PepsiCo,True,True,approve proposed,PepsiCo,Mountain Dew,mountain dew baja blast,mountain dew baja blast,pepsico,1,True
PepsiCo,Mountain Dew,mountain dew,mountain dew baja cabo citrus,mountain dew baja cabo citrus,Other / not mapped to a company,PepsiCo,beverages,United States,US_CANADA,brand_prefix_with_separator,1,Tropical Citrus Punch,Mountain Dew Baja Cabo Citrus,12000240768,https://images.openfoodfacts.org/images/products/001/200/024/0768/front_en.18.400.jpg,review_prefix_candidate,approve proposed,Prefix match appears to be a true brand variant; accepted for launch.,PepsiCo,True,True,approve proposed,PepsiCo,Mountain Dew,mountain dew baja cabo citrus,mountain dew baja cabo citrus,pepsico,1,True
PepsiCo,Mountain Dew,mountain dew,mountain dew zero sugar,mountain dew zero sugar,Other / not mapped to a company,PepsiCo,beverages,United States,US_CANADA,brand_prefix_with_separator,1,Mystery flavor,Mountain Dew Zero Sugar,12000220258,https://images.openfoodfacts.org/images/products/001/200/022/0258/front_en.48.400.jpg,review_prefix_candidate,approve proposed,Prefix match appears to be a true brand variant; accepted for launch.,PepsiCo,True,True,approve proposed,PepsiCo,Mountain Dew,mountain dew zero sugar,mountain dew zero sugar,pepsico,1,True
Nestlé,Munch,munch,munch bunch,munch bunch,Other / not mapped to a company,Nestlé,dairies,France,FRANCE,brand_prefix_with_separator,1,Munch Bunch Squashum Strawberry And Raspberry 6X60g,Munch Bunch,50294084,https://images.openfoodfacts.org/images/products/000/005/029/4084/front_fr.14.400.jpg,review_prefix_candidate,approve proposed,Munch variant/company string.,Nestlé,True,True,approve proposed,Nestlé,Munch,munch bunch,munch bunch,nestle,1,True
Nestlé,Munch,munch,munchee,munchee,Other / not mapped to a company,Nestlé,snacks,France,FRANCE|UK_IE,brand_prefix_concatenated_review,1,CBL Munchee Lemon Puffs,Munchee,8888101090401,https://images.openfoodfacts.org/images/products/888/810/109/0401/front_en.16.400.jpg,review_prefix_candidate,approve proposed,Munch variant/company string.,Nestlé,True,True,approve proposed,Nestlé,Munch,munchee,munchee,nestle,1,True
Nestlé,Munch,munch,munchies,munchies,Other / not mapped to a company,Nestlé,snacks,France,FRANCE,brand_prefix_concatenated_review,1,Peanut butter crackers,Munchies,28400029278,https://images.openfoodfacts.org/images/products/002/840/002/9278/front_en.38.400.jpg,review_prefix_candidate,approve proposed,Munch variant/company string.,Nestlé,True,True,approve proposed,Nestlé,Munch,munchies,munchies,nestle,1,True
Nestlé,Munch,munch,munchies,munchies,Other / not mapped to a company,Nestlé,snacks,United Kingdom,UK_IE,brand_prefix_concatenated_review,1,munchies cookie dough,Munchies,8445290886750,https://images.openfoodfacts.org/images/products/844/529/088/6750/front_en.19.400.jpg,review_prefix_candidate,approve proposed,Munch variant/company string.,Nestlé,True,True,approve proposed,Nestlé,Munch,munchies,munchies,nestle,1,True
Nestlé,Munch,munch,munchkin,munchkin,Other / not mapped to a company,Nestlé,snacks,United States,US_CANADA,brand_prefix_concatenated_review,1,Oatmeal chocolate chip lactation cookies,Munchkin,735282372551,https://images.openfoodfacts.org/images/products/073/528/237/2551/front_en.3.400.jpg,review_prefix_candidate,approve proposed,Munch variant/company string.,Nestlé,True,True,approve proposed,Nestlé,Munch,munchkin,munchkin,nestle,1,True
Nestlé,Munch,munch,munchkin milk makers,munchkin milk makers,Other / not mapped to a company,Nestlé,snacks,United States,US_CANADA,brand_prefix_concatenated_review,1,Lactation cookie bites,Munchkin milk makers,735282372452,https://images.openfoodfacts.org/images/products/073/528/237/2452/front_en.9.400.jpg,review_prefix_candidate,approve proposed,Munch variant/company string.,Nestlé,True,True,approve proposed,Nestlé,Munch,munchkin milk makers,munchkin milk makers,nestle,1,True
Nestlé,Munch,munch,munchkin milkmakers,munchkin milkmakers,Other / not mapped to a company,Nestlé,snacks,United States,US_CANADA,brand_prefix_concatenated_review,1,Lactation Cookie Bites,Munchkin Milkmakers,859362370890,https://images.openfoodfacts.org/images/products/085/936/237/0890/front_en.6.400.jpg,review_prefix_candidate,approve proposed,Munch variant/company string.,Nestlé,True,True,approve proposed,Nestlé,Munch,munchkin milkmakers,munchkin milkmakers,nestle,1,True
Nestlé,Munch,munch,munchos,munchos,Other / not mapped to a company,Nestlé,snacks,France,FRANCE,brand_prefix_concatenated_review,1,Potato crisps croquilles,Munchos,60410019023,https://images.openfoodfacts.org/images/products/006/041/001/9023/front_fr.12.400.jpg,review_prefix_candidate,approve proposed,Munch variant/company string.,Nestlé,True,True,approve proposed,Nestlé,Munch,munchos,munchos,nestle,1,True
Nestlé,Munch,munch,munchy seeds,munchy seeds,Other / not mapped to a company,Nestlé,snacks,United Kingdom,UK_IE,brand_prefix_concatenated_review,1,Salted caramel,Munchy Seeds,5060013260155,https://images.openfoodfacts.org/images/products/506/001/326/0155/front_en.22.400.jpg,review_prefix_candidate,approve proposed,Munch variant/company string.,Nestlé,True,True,approve proposed,Nestlé,Munch,munchy seeds,munchy seeds,nestle,1,True
Nestlé,Mövenpick,movenpick,Mövenpick,movenpick,Other / not mapped to a company,Froneri,beverages,France,FRANCE,exact_brand_match,1,Movenpick - Colombia lungo,Movenpick,4006581060293,https://images.openfoodfacts.org/images/products/400/658/106/0293/front_fr.3.400.jpg,review_prefix_candidate,approve proposed,Mövenpick ice cream/frozen brand proposal.,Froneri,True,True,approve proposed,Froneri,Mövenpick,Mövenpick,movenpick,froneri,1,True
Nestlé,Mövenpick,movenpick,Mövenpick,movenpick,Other / not mapped to a company,Froneri,dairies,France,FRANCE,exact_brand_match,1,"Mövenpick Feinjoghurt, Erdbeere",Movenpick,4002334117481,https://images.openfoodfacts.org/images/products/400/233/411/7481/front_fr.8.400.jpg,review_prefix_candidate,approve proposed,Mövenpick ice cream/frozen brand proposal.,Froneri,True,True,approve proposed,Froneri,Mövenpick,Mövenpick,movenpick,froneri,1,True
Nestlé,Mövenpick,movenpick,Mövenpick,movenpick,Other / not mapped to a company,Nestlé,beverages,Austria,DACH|FRANCE,exact_brand_match,1,"Kaffee, Der Himmlische","Nestlé, Mövenpick",4006581001777,https://images.openfoodfacts.org/images/products/400/658/100/1777/front_de.67.400.jpg,review_prefix_candidate,approve proposed,Mövenpick ice cream/frozen brand proposal.,Froneri,True,True,approve proposed,Froneri,Mövenpick,Mövenpick,movenpick,froneri,1,True
Nestlé,Mövenpick,movenpick,movenpick of switzerland,movenpick of switzerland,Other / not mapped to a company,Froneri,beverages,France,FRANCE|DACH,brand_prefix_with_separator,1,Kaffee Bohnen: Crema Auténtico,Mövenpick of Switzerland,4006581012421,https://images.openfoodfacts.org/images/products/400/658/101/2421/front_en.7.400.jpg,review_prefix_candidate,approve proposed,Mövenpick ice cream/frozen brand proposal.,Froneri,True,True,approve proposed,Froneri,Mövenpick,movenpick of switzerland,movenpick of switzerland,froneri,1,True
Nestlé,Nescafé,nescafe,nescafe 3 in 1,nescafe 3 in 1,Other / not mapped to a company,Nestle,dairies,United States,US_CANADA,brand_prefix_with_separator,1,Coffee,Nescafé 3 in 1,9556001297860,https://images.openfoodfacts.org/images/products/955/600/129/7860/front_en.11.400.jpg,review_prefix_candidate,approve proposed,Nescafé variant/company string.,Nestlé,True,True,approve proposed,Nestlé,Nescafé,nescafe 3 in 1,nescafe 3 in 1,nestle,1,True
Nestlé,Nescafé,nescafe,nescafe classic,nescafe classic,Other / not mapped to a company,Nestlé,beverages,Italy,SOUTHERN_EUROPE|UK_IE,brand_prefix_with_separator,1,Nescafé classic,Nescafe Classic,3033710038381,https://images.openfoodfacts.org/images/products/303/371/003/8381/front_en.38.400.jpg,review_prefix_candidate,approve proposed,Nescafé variant/company string.,Nestlé,True,True,approve proposed,Nestlé,Nescafé,nescafe classic,nescafe classic,nestle,1,True
Nestlé,Nescafé,nescafe,nescafe dulce gusto,nescafe dulce gusto,Other / not mapped to a company,Nestle,beverages,United Kingdom,UK_IE,brand_prefix_with_separator,1,Americano,Nescafé Dulce Gusto,7613287162632,https://images.openfoodfacts.org/images/products/761/328/716/2632/front_en.3.400.jpg,review_prefix_candidate,approve proposed,Nescafé variant/company string.,Nestlé,True,True,approve proposed,Nestlé,Nescafé,nescafe dulce gusto,nescafe dulce gusto,nestle,1,True
Nestlé,Nescafé,nescafe,nescafe gold,nescafe gold,Other / not mapped to a company,Nestle,beverages,France,FRANCE,brand_prefix_with_separator,1,,Nescafé Gold,7613036299473,https://images.openfoodfacts.org/images/products/761/303/629/9473/front_cs.27.400.jpg,review_prefix_candidate,approve proposed,Nescafé variant/company string.,Nestlé,True,True,approve proposed,Nestlé,Nescafé,nescafe gold,nescafe gold,nestle,1,True
Nestlé,Nescafé,nescafe,nescafe gold,nescafe gold,Other / not mapped to a company,Nestle,dairies,Ireland,UK_IE|DACH,brand_prefix_with_separator,1,iced latte salted caramel,Nescafe Gold,7613039686379,https://images.openfoodfacts.org/images/products/761/303/968/6379/front_en.4.400.jpg,review_prefix_candidate,approve proposed,Nescafé variant/company string.,Nestlé,True,True,approve proposed,Nestlé,Nescafé,nescafe gold,nescafe gold,nestle,1,True
Nestlé,Nescafé,nescafe,nescafe latte,nescafe latte,Other / not mapped to a company,Nestle,dairies,France,FRANCE,brand_prefix_with_separator,1,Latte Capuccino,Nescafé Latte,8410285102597,https://images.openfoodfacts.org/images/products/841/028/510/2597/front_fr.3.400.jpg,review_prefix_candidate,approve proposed,Nescafé variant/company string.,Nestlé,True,True,approve proposed,Nestlé,Nescafé,nescafe latte,nescafe latte,nestle,1,True
Nestlé,Nespresso,nespresso,nespresso france,nespresso france,Other / not mapped to a company,Nestle,beverages,France,FRANCE,brand_prefix_with_separator,1,Café fortado,Nespresso france,7630047652936,https://images.openfoodfacts.org/images/products/763/004/765/2936/front_fr.10.400.jpg,review_prefix_candidate,approve proposed,Nespresso variant/company string.,Nestlé,True,True,approve proposed,Nestlé,Nespresso,nespresso france,nespresso france,nestle,1,True
Nestlé,Nespresso,nespresso,nespresso variations italia,nespresso variations italia,Other / not mapped to a company,Nestle,beverages,France,FRANCE,brand_prefix_with_separator,1,Pecan Biscotti Flavour,Nespresso Variations Italia,76300477812429,,review_prefix_candidate,approve proposed,Nespresso variant/company string.,Nestlé,True,True,approve proposed,Nestlé,Nespresso,nespresso variations italia,nespresso variations italia,nestle,1,True
Nestlé,Nespresso,nespresso,nespresso vergil,nespresso vergil,Other / not mapped to a company,Nestle,beverages,United States,US_CANADA,brand_prefix_with_separator,1,Stormio Nespresso,Nespresso Vergil,7630585327785,https://images.openfoodfacts.org/images/products/763/058/532/7785/front_en.18.400.jpg,review_prefix_candidate,approve proposed,Nespresso variant/company string.,Nestlé,True,True,approve proposed,Nestlé,Nespresso,nespresso vergil,nespresso vergil,nestle,1,True
Nestlé,Nesquik,nesquik,nesquik nestle,nesquik nestle,Other / not mapped to a company,Nestle,beverages,Canada,US_CANADA|FRANCE|DACH,brand_prefix_with_separator,1,"NESQUIK Poudre Cacaotée boîte 1,3kg",Nesquik • Nestle,7613033279485,https://images.openfoodfacts.org/images/products/761/303/327/9485/front_fr.130.400.jpg,review_prefix_candidate,approve proposed,Prefix match appears to be a true brand variant; accepted for launch.,Nestlé,True,True,approve proposed,Nestlé,Nesquik,nesquik nestle,nesquik nestle,nestle,1,True
Nestlé,Nesquik,nesquik,nesquiknestle,nesquiknestle,Other / not mapped to a company,Nestle,cereals,France,FRANCE|DACH,brand_prefix_concatenated_review,1,Nesquik Knusper-Frühstück,NesquikNestle,3387390333107,https://images.openfoodfacts.org/images/products/338/739/033/3107/front_de.33.400.jpg,review_prefix_candidate,approve proposed,Prefix match appears to be a true brand variant; accepted for launch.,Nestlé,True,True,approve proposed,Nestlé,Nesquik,nesquiknestle,nesquiknestle,nestle,1,True
Danone,Nutricia,nutricia,nutricia multi fibre 1 0 kcal,nutricia multi fibre 1 0 kcal,Other / not mapped to a company,Danone,beverages,France,FRANCE,brand_prefix_with_separator,1,Nutrison MF PC 66001 500ml,Nutricia Multi Fibre 1.0 Kcal/ml,8712400360012,,review_prefix_candidate,approve proposed,Prefix match appears to be a true brand variant; accepted for launch.,Danone,True,True,approve proposed,Danone,Nutricia,nutricia multi fibre 1 0 kcal,nutricia multi fibre 1 0 kcal,danone,1,True
Danone,Oikos,oikos,oikos fusion,oikos fusion,Other / not mapped to a company,Danone,dairies,United States,US_CANADA,brand_prefix_with_separator,1,MUSCLE + DIGESTIVE HEALTH SUPPORT,OIKOS FUSION,36632041036,https://images.openfoodfacts.org/images/products/003/663/204/1036/front_en.78.400.jpg,review_prefix_candidate,approve proposed,Oikos variant/company string.,Danone,True,True,approve proposed,Danone,Oikos,oikos fusion,oikos fusion,danone,1,True
Danone,Oikos,oikos,oikos triple zero,oikos triple zero,Other / not mapped to a company,Danone,dairies,Canada,US_CANADA,brand_prefix_with_separator,1,Oikos 0% greek yogurt 30% less sugar,Oikos triple zero,56800295740,https://images.openfoodfacts.org/images/products/005/680/029/5740/front_en.9.400.jpg,review_prefix_candidate,approve proposed,Oikos variant/company string.,Danone,True,True,approve proposed,Danone,Oikos,oikos triple zero,oikos triple zero,danone,1,True
Danone,Oikos,oikos,oikos triple zero,oikos triple zero,Other / not mapped to a company,Danone,dairies,Germany,DACH|US_CANADA,brand_prefix_with_separator,1,BLENDED GREEK YOGURT,OIKOS TRIPLE ZERO,36632019684,https://images.openfoodfacts.org/images/products/003/663/201/9684/front_en.66.400.jpg,review_prefix_candidate,approve proposed,Oikos variant/company string.,Danone,True,True,approve proposed,Danone,Oikos,oikos triple zero,oikos triple zero,danone,1,True
Mondelez,Oreo,oreo,oreo double stuf,oreo double stuf,Other / not mapped to a company,Mondelez International,snacks,United States,US_CANADA,brand_prefix_with_separator,1,Chocolate Sandwich Cookies,OREO DOUBLE STUF,44000060794,https://images.openfoodfacts.org/images/products/004/400/006/0794/front_en.22.400.jpg,review_prefix_candidate,approve proposed,Oreo variant/company string.,Mondelēz International,True,True,approve proposed,Mondelēz International,Oreo,oreo double stuf,oreo double stuf,mondelez international,1,True
Mondelez,Oreo,oreo,oreo japan,oreo japan,Other / not mapped to a company,Mondelez International,snacks,China,US_CANADA,brand_prefix_with_separator,1,Strawberry Oreos,Oreo Japan,6901668935748,https://images.openfoodfacts.org/images/products/690/166/893/5748/front_en.3.400.jpg,review_prefix_candidate,approve proposed,Oreo variant/company string.,Mondelēz International,True,True,approve proposed,Mondelēz International,Oreo,oreo japan,oreo japan,mondelez international,1,True
Mondelez,Oreo,oreo,oreo mini,oreo mini,Other / not mapped to a company,Mondelez International,snacks,Mexico,US_CANADA,brand_prefix_with_separator,1,Chocolate Sandwich Cookies,Oreo mini,44000020170,https://images.openfoodfacts.org/images/products/004/400/002/0170/front_en.87.400.jpg,review_prefix_candidate,approve proposed,Oreo variant/company string.,Mondelēz International,True,True,approve proposed,Mondelēz International,Oreo,oreo mini,oreo mini,mondelez international,1,True
Mondelez,Oreo,oreo,oreo selena gomez,oreo selena gomez,Other / not mapped to a company,Mondelez International,snacks,United States,US_CANADA,brand_prefix_with_separator,1,Galleta sabor a chocolate con relleno sabor a canela y azúcar,OREO SELENA GOMEZ,7622202318580,https://images.openfoodfacts.org/images/products/762/220/231/8580/front_en.3.400.jpg,review_prefix_candidate,approve proposed,Oreo variant/company string.,Mondelēz International,True,True,approve proposed,Mondelēz International,Oreo,oreo selena gomez,oreo selena gomez,mondelez international,1,True
Mondelez,Oreo,oreo,oreos,oreos,Other / not mapped to a company,Mondelez International,snacks,New Zealand,US_CANADA,brand_prefix_concatenated_review,1,Oreo Family Pack Original,Oreos,9300650452800,https://images.openfoodfacts.org/images/products/930/065/045/2800/front_en.3.400.jpg,review_prefix_candidate,approve proposed,Oreo variant/company string.,Mondelēz International,True,True,approve proposed,Mondelēz International,Oreo,oreos,oreos,mondelez international,1,True
Mondelez,Oreo,oreo,oreos thins,oreos thins,Other / not mapped to a company,Mondelez International,snacks,United States,US_CANADA,brand_prefix_concatenated_review,1,Golden oreo,Oreos Thins,44000060275,https://images.openfoodfacts.org/images/products/004/400/006/0275/front_en.15.400.jpg,review_prefix_candidate,approve proposed,Oreo variant/company string.,Mondelēz International,True,True,approve proposed,Mondelēz International,Oreo,oreos thins,oreos thins,mondelez international,1,True
Nestlé,Orgain,orgain,orgain kids,orgain kids,Other / not mapped to a company,Nestlé,snacks,United States,US_CANADA,brand_prefix_with_separator,1,Chocolate Chip Bar,Orgain Kids,851770008068,https://images.openfoodfacts.org/images/products/085/177/000/8068/front_en.3.400.jpg,review_prefix_candidate,approve proposed,Orgain variant/company string.,Nestlé,True,True,approve proposed,Nestlé,Orgain,orgain kids,orgain kids,nestle,1,True
PepsiCo,Pepsi,pepsi,pepsi co,pepsi co,Other / not mapped to a company,PepsiCo,beverages,United Kingdom,UK_IE,brand_prefix_with_separator,1,pepsi max 2 lit,Pepsi Co,4062139024759,https://images.openfoodfacts.org/images/products/406/213/902/4759/front_en.3.400.jpg,review_prefix_candidate,approve proposed,Pepsi variant/company string.,PepsiCo,True,True,approve proposed,PepsiCo,Pepsi,pepsi co,pepsi co,pepsico,1,True
PepsiCo,Pepsi,pepsi,pepsi co,pepsi co,Other / not mapped to a company,PepsiCo,snacks,United States,US_CANADA,brand_prefix_with_separator,1,Lay's wafer style,Pepsi co.,8901491001731,https://images.openfoodfacts.org/images/products/890/149/100/1731/front_en.6.400.jpg,review_prefix_candidate,approve proposed,Pepsi variant/company string.,PepsiCo,True,True,approve proposed,PepsiCo,Pepsi,pepsi co,pepsi co,pepsico,1,True
PepsiCo,Pepsi,pepsi,pepsi cola,pepsi cola,Other / not mapped to a company,PepsiCo,beverages,Egypt,US_CANADA,brand_prefix_with_separator,1,Pepsi cola 2.43 liter,Pepsi-Cola,6223001366041,https://images.openfoodfacts.org/images/products/622/300/136/6041/front_en.3.400.jpg,review_prefix_candidate,approve proposed,Pepsi variant/company string.,PepsiCo,True,True,approve proposed,PepsiCo,Pepsi,pepsi cola,pepsi cola,pepsico,1,True
PepsiCo,Pepsi,pepsi,pepsi cola,pepsi cola,Other / not mapped to a company,PepsiCo,beverages,France,FRANCE|UK_IE,brand_prefix_with_separator,1,Diet pepsie,Pepsi cola,4060800302014,https://images.openfoodfacts.org/images/products/406/080/030/2014/front_en.15.400.jpg,review_prefix_candidate,approve proposed,Pepsi variant/company string.,PepsiCo,True,True,approve proposed,PepsiCo,Pepsi,pepsi cola,pepsi cola,pepsico,1,True
PepsiCo,Pepsi,pepsi,pepsi cola,pepsi cola,Other / not mapped to a company,PepsiCo,beverages,United Kingdom,UK_IE,brand_prefix_with_separator,1,Pepsi Max,Pepsi-Cola,4062139020409,https://images.openfoodfacts.org/images/products/406/213/902/0409/front_en.3.400.jpg,review_prefix_candidate,approve proposed,Pepsi variant/company string.,PepsiCo,True,True,approve proposed,PepsiCo,Pepsi,pepsi cola,pepsi cola,pepsico,1,True
PepsiCo,Pepsi,pepsi,pepsi cola jamaica bottling company,pepsi cola jamaica bottling company,Other / not mapped to a company,PepsiCo,beverages,France,FRANCE,brand_prefix_with_separator,1,Ting grapefruit soda,Pepsi-Cola Jamaica Bottling Company,12000808593,https://images.openfoodfacts.org/images/products/001/200/080/8593/front_en.4.400.jpg,review_prefix_candidate,approve proposed,Pepsi variant/company string.,PepsiCo,True,True,approve proposed,PepsiCo,Pepsi,pepsi cola jamaica bottling company,pepsi cola jamaica bottling company,pepsico,1,True
PepsiCo,Pepsi,pepsi,pepsi max,pepsi max,Other / not mapped to a company,PepsiCo,beverages,France,FRANCE,brand_prefix_with_separator,1,Pepsi Max,Pepsi Max,5352201084217,https://images.openfoodfacts.org/images/products/535/220/108/4217/front_en.15.400.jpg,review_prefix_candidate,approve proposed,Pepsi variant/company string.,PepsiCo,True,True,approve proposed,PepsiCo,Pepsi,pepsi max,pepsi max,pepsico,1,True
PepsiCo,Pepsi,pepsi,pepsi max,pepsi max,Other / not mapped to a company,PepsiCo,beverages,France,FRANCE|UK_IE,brand_prefix_with_separator,1,Carbonated Low Calorie Cola Flavoured Soft Drink with Sweeteners,Pepsi Max,4060800103307,https://images.openfoodfacts.org/images/products/406/080/010/3307/front_en.53.400.jpg,review_prefix_candidate,approve proposed,Pepsi variant/company string.,PepsiCo,True,True,approve proposed,PepsiCo,Pepsi,pepsi max,pepsi max,pepsico,1,True
PepsiCo,Pepsi,pepsi,pepsi zero,pepsi zero,Other / not mapped to a company,PepsiCo,beverages,Belgium,BENELUX|FRANCE,brand_prefix_with_separator,1,Pepsi Max,"Pepsi zero, PepsiCo",4060800104045,https://images.openfoodfacts.org/images/products/406/080/010/4045/front_en.82.400.jpg,review_prefix_candidate,approve proposed,Pepsi variant/company string.,PepsiCo,True,True,approve proposed,PepsiCo,Pepsi,pepsi zero,pepsi zero,pepsico,1,True
PepsiCo,Pepsi,pepsi,pepsi zero,pepsi zero,Other / not mapped to a company,PepsiCo,beverages,France,FRANCE,brand_prefix_with_separator,1,Pepsi Zéro sucres 10% offert 12 x 33 cl,Pepsi zero,3168930170488,https://images.openfoodfacts.org/images/products/316/893/017/0488/front_fr.3.400.jpg,review_prefix_candidate,approve proposed,Pepsi variant/company string.,PepsiCo,True,True,approve proposed,PepsiCo,Pepsi,pepsi zero,pepsi zero,pepsico,1,True
PepsiCo,Pepsi,pepsi,pepsico,pepsico,Other / not mapped to a company,PepsiCo,beverages,Bangladesh,FRANCE,brand_prefix_concatenated_review,1,7up,pepsico,894110313497,https://images.openfoodfacts.org/images/products/089/411/031/3497/front_en.5.400.jpg,review_prefix_candidate,approve proposed,Pepsi variant/company string.,PepsiCo,True,True,approve proposed,PepsiCo,Pepsi,pepsico,pepsico,pepsico,1,True
PepsiCo,Pepsi,pepsi,pepsico,pepsico,Other / not mapped to a company,PepsiCo,beverages,Canada,US_CANADA|FRANCE,brand_prefix_concatenated_review,1,Mtn Dew,Pepsico,69000020111,https://images.openfoodfacts.org/images/products/006/900/002/0111/front_en.28.400.jpg,review_prefix_candidate,approve proposed,Pepsi variant/company string.,PepsiCo,True,True,approve proposed,PepsiCo,Pepsi,pepsico,pepsico,pepsico,1,True
PepsiCo,Pepsi,pepsi,pepsico,pepsico,Other / not mapped to a company,PepsiCo,beverages,France,FRANCE|SOUTHERN_EUROPE,brand_prefix_concatenated_review,1,Seven 7,Pepsico,87170719,https://images.openfoodfacts.org/images/products/000/008/717/0719/front_en.25.400.jpg,review_prefix_candidate,approve proposed,Pepsi variant/company string.,PepsiCo,True,True,approve proposed,PepsiCo,Pepsi,pepsico,pepsico,pepsico,1,True
PepsiCo,Pepsi,pepsi,pepsico,pepsico,Other / not mapped to a company,PepsiCo,beverages,France,FRANCE|UK_IE,brand_prefix_concatenated_review,1,7up Free,PepsiCo,87170856,https://images.openfoodfacts.org/images/products/000/008/717/0856/front_en.15.400.jpg,review_prefix_candidate,approve proposed,Pepsi variant/company string.,PepsiCo,True,True,approve proposed,PepsiCo,Pepsi,pepsico,pepsico,pepsico,1,True
PepsiCo,Pepsi,pepsi,pepsico,pepsico,Other / not mapped to a company,PepsiCo,snacks,India,US_CANADA,brand_prefix_concatenated_review,1,Kurkure Naughty Tomato,PepsiCo,8901491103442,https://images.openfoodfacts.org/images/products/890/149/110/3442/front_en.12.400.jpg,review_prefix_candidate,approve proposed,Pepsi variant/company string.,PepsiCo,True,True,approve proposed,PepsiCo,Pepsi,pepsico,pepsico,pepsico,1,True
PepsiCo,Pepsi,pepsi,pepsico france,pepsico france,Other / not mapped to a company,PepsiCo,snacks,France,FRANCE,brand_prefix_concatenated_review,1,Doritos,Pepsico France,5955540639706,https://images.openfoodfacts.org/images/products/595/554/063/9706/front_fr.3.400.jpg,review_prefix_candidate,approve proposed,Pepsi variant/company string.,PepsiCo,True,True,approve proposed,PepsiCo,Pepsi,pepsico france,pepsico france,pepsico,1,True
PepsiCo,Pepsi,pepsi,pepsico inc,pepsico inc,Other / not mapped to a company,PepsiCo,beverages,Canada,US_CANADA|FRANCE,brand_prefix_concatenated_review,1,Aquafina,PepsiCo Inc.,69000061015,https://images.openfoodfacts.org/images/products/006/900/006/1015/front_fr.10.400.jpg,review_prefix_candidate,approve proposed,Pepsi variant/company string.,PepsiCo,True,True,approve proposed,PepsiCo,Pepsi,pepsico inc,pepsico inc,pepsico,1,True
PepsiCo,Pepsi,pepsi,pepsico inc,pepsico inc,Other / not mapped to a company,PepsiCo,beverages,Czech Republic,UK_IE,brand_prefix_concatenated_review,1,Mountain dew,PepsiCo Inc.,8594008045610,https://images.openfoodfacts.org/images/products/859/400/804/5610/front_en.3.400.jpg,review_prefix_candidate,approve proposed,Pepsi variant/company string.,PepsiCo,True,True,approve proposed,PepsiCo,Pepsi,pepsico inc,pepsico inc,pepsico,1,True
PepsiCo,Pepsi,pepsi,pepsico inc,pepsico inc,Other / not mapped to a company,PepsiCo,beverages,United States,US_CANADA,brand_prefix_concatenated_review,1,Pepsi,PepsiCo Inc.,12000394379,https://images.openfoodfacts.org/images/products/001/200/039/4379/front_en.4.400.jpg,review_prefix_candidate,approve proposed,Pepsi variant/company string.,PepsiCo,True,True,approve proposed,PepsiCo,Pepsi,pepsico inc,pepsico inc,pepsico,1,True
PepsiCo,Pepsi,pepsi,pepsico inc,pepsico inc,Other / not mapped to a company,PepsiCo,snacks,France,FRANCE,brand_prefix_concatenated_review,1,Lay's gourmet,PepsiCo Inc.,3168930179207,https://images.openfoodfacts.org/images/products/316/893/017/9207/front_en.3.400.jpg,review_prefix_candidate,approve proposed,Pepsi variant/company string.,PepsiCo,True,True,approve proposed,PepsiCo,Pepsi,pepsico inc,pepsico inc,pepsico,1,True
Nestlé,Perrier,perrier,perrier and juice,perrier and juice,Other / not mapped to a company,Nestle,beverages,France,FRANCE,brand_prefix_with_separator,1,Boisson gazeuse aromatisée aux jus d'ananas et de mangue à base de concentré,PERRIER & JUICE,12776942,https://images.openfoodfacts.org/images/products/000/001/277/6942/front_fr.4.400.jpg,review_prefix_candidate,approve proposed,Perrier variant/company string.,Nestlé,True,True,approve proposed,Nestlé,Perrier,perrier and juice,perrier and juice,nestle,1,True
Nestlé,Perrier,perrier,perrier jouet,perrier jouet,Other / not mapped to a company,Nestle,beverages,France,FRANCE|UK_IE,brand_prefix_with_separator,1,Champagne Grand Brut,Perrier Jouët,3113880103819,https://images.openfoodfacts.org/images/products/311/388/010/3819/front_en.15.400.jpg,review_prefix_candidate,reject prefix match / keep Other,False prefix: Perrier-Jouët is not Perrier water.,Other / not mapped to a company,False,False,reject prefix match / keep Other,Other / not mapped to a company,Perrier,perrier jouet,perrier jouet,other not mapped to a company,1,False
Nestlé,Perrier,perrier,perrier jouet,perrier jouet,Other / not mapped to a company,Nestle,beverages,United States,US_CANADA,brand_prefix_with_separator,1,Grand Brut,Perrier-Jouët,10986010351,https://images.openfoodfacts.org/images/products/001/098/601/0351/front_en.3.400.jpg,review_prefix_candidate,reject prefix match / keep Other,False prefix: Perrier-Jouët is not Perrier water.,Other / not mapped to a company,False,False,reject prefix match / keep Other,Other / not mapped to a company,Perrier,perrier jouet,perrier jouet,other not mapped to a company,1,False
Nestlé,Perrier,perrier,perrier jouet,perrier jouet,Other / not mapped to a company,Nestlé,beverages,Australia,FRANCE,brand_prefix_with_separator,1,Perrier Jouet Sparkling Bell Champ Epq Brut,Perrier-jouet,3113880104212,,review_prefix_candidate,reject prefix match / keep Other,False prefix: Perrier-Jouët is not Perrier water.,Other / not mapped to a company,False,False,reject prefix match / keep Other,Other / not mapped to a company,Perrier,perrier jouet,perrier jouet,other not mapped to a company,1,False
Nestlé,Perrier,perrier,perrier nestle,perrier nestle,Other / not mapped to a company,Nestle,beverages,France,FRANCE|US_CANADA,brand_prefix_with_separator,1,Sparkling natural mineral water,Perrier (Nestlé),74780447089,https://images.openfoodfacts.org/images/products/007/478/044/7089/front_fr.4.400.jpg,review_prefix_candidate,approve proposed,Perrier variant/company string.,Nestlé,True,True,approve proposed,Nestlé,Perrier,perrier nestle,perrier nestle,nestle,1,True
PepsiCo,Quaker Oats,quaker oats,quaker oats so simple,quaker oats so simple,Other / not mapped to a company,PepsiCo,cereals,United Kingdom,UK_IE,brand_prefix_with_separator,1,Original,Quaker Oats So Simple,5000108280941,https://images.openfoodfacts.org/images/products/500/010/828/0941/front_en.24.400.jpg,review_prefix_candidate,approve proposed,Prefix match appears to be a true brand variant; accepted for launch.,PepsiCo,True,True,approve proposed,PepsiCo,Quaker Oats,quaker oats so simple,quaker oats so simple,pepsico,1,True
PepsiCo,Quaker Oats,quaker oats,quaker oats so simple,quaker oats so simple,Other / not mapped to a company,PepsiCo,snacks,United Kingdom,UK_IE,brand_prefix_with_separator,1,caramelised Biscuit,Quaker Oats So Simple,5000108033295,,review_prefix_candidate,approve proposed,Prefix match appears to be a true brand variant; accepted for launch.,PepsiCo,True,True,approve proposed,PepsiCo,Quaker Oats,quaker oats so simple,quaker oats so simple,pepsico,1,True
Hershey,Reese's,reese s,Reese's,reeses,Other / not mapped to a company,The Hershey Company,cereals,France,FRANCE|US_CANADA,brand_prefix_concatenated_review,1,Puffs,Reese's,16000275034,https://images.openfoodfacts.org/images/products/001/600/027/5034/front_en.22.400.jpg,review_prefix_candidate,approve proposed,Reese's spelling/combined-brand variant.,The Hershey Company,True,True,approve proposed,The Hershey Company,Reese's,Reese's,reeses,the hershey company,1,True
Hershey,Reese's,reese s,Reese's,reeses,Other / not mapped to a company,The Hershey Company,dairies,France,FRANCE,brand_prefix_concatenated_review,1,Mix-ins White chocolate dessert + Reese's peanut butter chips,Reese's,3760289260201,https://images.openfoodfacts.org/images/products/376/028/926/0201/front_fr.20.400.jpg,review_prefix_candidate,approve proposed,Reese's spelling/combined-brand variant.,The Hershey Company,True,True,approve proposed,The Hershey Company,Reese's,Reese's,reeses,the hershey company,1,True
Hershey,Reese's,reese s,Reese's,reeses,Other / not mapped to a company,The Hershey Company,snacks,Australia,DACH|US_CANADA,brand_prefix_concatenated_review,1,PEANUT BUTTER CUPS MILK CHOCOLATE & PEANUT BUTTER,Reese's,34000405688,https://images.openfoodfacts.org/images/products/003/400/040/5688/front_en.50.400.jpg,review_prefix_candidate,approve proposed,Reese's spelling/combined-brand variant.,The Hershey Company,True,True,approve proposed,The Hershey Company,Reese's,Reese's,reeses,the hershey company,1,True
Hershey,Reese's,reese s,Reese's,reeses,Other / not mapped to a company,The Hershey Company,snacks,Austria,DACH|FRANCE,brand_prefix_concatenated_review,1,Giant peanut butter bar,Reese's,34000442621,https://images.openfoodfacts.org/images/products/003/400/044/2621/front_fr.16.400.jpg,review_prefix_candidate,approve proposed,Reese's spelling/combined-brand variant.,The Hershey Company,True,True,approve proposed,The Hershey Company,Reese's,Reese's,reeses,the hershey company,1,True
Hershey,Reese's,reese s,Reese's,reeses,Other / not mapped to a company,The Hershey Company,snacks,Belgium,BENELUX|FRANCE,brand_prefix_concatenated_review,1,Reese's Cup White King Size,Reeses,34000480128,https://images.openfoodfacts.org/images/products/003/400/048/0128/front_fr.21.400.jpg,review_prefix_candidate,approve proposed,Reese's spelling/combined-brand variant.,The Hershey Company,True,True,approve proposed,The Hershey Company,Reese's,Reese's,reeses,the hershey company,1,True
Hershey,Reese's,reese s,Reese's,reeses,Other / not mapped to a company,The Hershey Company,snacks,Bolivia,FRANCE|US_CANADA,brand_prefix_concatenated_review,1,Reese's Pieces,Reese's,34000114702,https://images.openfoodfacts.org/images/products/003/400/011/4702/front_en.129.400.jpg,review_prefix_candidate,approve proposed,Reese's spelling/combined-brand variant.,The Hershey Company,True,True,approve proposed,The Hershey Company,Reese's,Reese's,reeses,the hershey company,1,True
Hershey,Reese's,reese s,Reese's,reeses,Other / not mapped to a company,The Hershey Company,snacks,Bolivia,US_CANADA,brand_prefix_concatenated_review,1,Miniature Cups,Reese's,34000431687,,review_prefix_candidate,approve proposed,Reese's spelling/combined-brand variant.,The Hershey Company,True,True,approve proposed,The Hershey Company,Reese's,Reese's,reeses,the hershey company,1,True
Hershey,Reese's,reese s,Reese's,reeses,Other / not mapped to a company,The Hershey Company,snacks,Canada,US_CANADA|FRANCE,brand_prefix_concatenated_review,1,Reese's minis,Reese's,56600620742,https://images.openfoodfacts.org/images/products/005/660/062/0742/front_en.28.400.jpg,review_prefix_candidate,approve proposed,Reese's spelling/combined-brand variant.,The Hershey Company,True,True,approve proposed,The Hershey Company,Reese's,Reese's,reeses,the hershey company,1,True
Hershey,Reese's,reese s,Reese's,reeses,Other / not mapped to a company,The Hershey Company,snacks,Canada,US_CANADA|UK_IE,brand_prefix_concatenated_review,1,Reese's puffs,Reese's,65633175938,https://images.openfoodfacts.org/images/products/006/563/317/5938/front_en.24.400.jpg,review_prefix_candidate,approve proposed,Reese's spelling/combined-brand variant.,The Hershey Company,True,True,approve proposed,The Hershey Company,Reese's,Reese's,reeses,the hershey company,1,True
Hershey,Reese's,reese s,Reese's,reeses,Other / not mapped to a company,The Hershey Company,snacks,Czech Republic,FRANCE|DACH,brand_prefix_concatenated_review,1,Reese’s Trio,"Reese's, The Hershey Company, hersmex",34000939619,https://images.openfoodfacts.org/images/products/003/400/093/9619/front_fr.3.400.jpg,review_prefix_candidate,approve proposed,Reese's spelling/combined-brand variant.,The Hershey Company,True,True,approve proposed,The Hershey Company,Reese's,Reese's,reeses,the hershey company,1,True
Hershey,Reese's,reese s,Reese's,reeses,Other / not mapped to a company,The Hershey Company,snacks,Denmark,NORDICS|US_CANADA,brand_prefix_concatenated_review,1,Peanut Butter Eggs,Reese's,34000473632,https://images.openfoodfacts.org/images/products/003/400/047/3632/front_en.8.400.jpg,review_prefix_candidate,approve proposed,Reese's spelling/combined-brand variant.,The Hershey Company,True,True,approve proposed,The Hershey Company,Reese's,Reese's,reeses,the hershey company,1,True
Hershey,Reese's,reese s,Reese's,reeses,Other / not mapped to a company,The Hershey Company,snacks,Estonia,FRANCE|UK_IE|US_CANADA,brand_prefix_concatenated_review,1,NUTRAGEOUS,Reese's,34000109418,https://images.openfoodfacts.org/images/products/003/400/010/9418/front_en.98.400.jpg,review_prefix_candidate,approve proposed,Reese's spelling/combined-brand variant.,The Hershey Company,True,True,approve proposed,The Hershey Company,Reese's,Reese's,reeses,the hershey company,1,True
Hershey,Reese's,reese s,Reese's,reeses,Other / not mapped to a company,The Hershey Company,snacks,France,FRANCE|SOUTHERN_EUROPE,brand_prefix_concatenated_review,1,Snack mix,Reese's,34000210718,https://images.openfoodfacts.org/images/products/003/400/021/0718/front_fr.14.400.jpg,review_prefix_candidate,approve proposed,Reese's spelling/combined-brand variant.,The Hershey Company,True,True,approve proposed,The Hershey Company,Reese's,Reese's,reeses,the hershey company,1,True
Hershey,Reese's,reese s,Reese's,reeses,Other / not mapped to a company,The Hershey Company,snacks,France,FRANCE|SOUTHERN_EUROPE|UK_IE,brand_prefix_concatenated_review,1,,Reese's,34000480074,https://images.openfoodfacts.org/images/products/003/400/048/0074/front_en.16.400.jpg,review_prefix_candidate,approve proposed,Reese's spelling/combined-brand variant.,The Hershey Company,True,True,approve proposed,The Hershey Company,Reese's,Reese's,reeses,the hershey company,1,True
Hershey,Reese's,reese s,Reese's,reeses,Other / not mapped to a company,The Hershey Company,snacks,France,FRANCE|UK_IE,brand_prefix_concatenated_review,1,Resee‘s,Reese‘s,753854584140,https://images.openfoodfacts.org/images/products/075/385/458/4140/front_en.28.400.jpg,review_prefix_candidate,approve proposed,Reese's spelling/combined-brand variant.,The Hershey Company,True,True,approve proposed,The Hershey Company,Reese's,Reese's,reeses,the hershey company,1,True
Hershey,Reese's,reese s,Reese's,reeses,Other / not mapped to a company,The Hershey Company,snacks,French Polynesia,US_CANADA,brand_prefix_concatenated_review,1,Reese's King SizeNutrageous Bar,Reese's,3465303,https://images.openfoodfacts.org/images/products/000/000/346/5303/front_en.12.400.jpg,review_prefix_candidate,approve proposed,Reese's spelling/combined-brand variant.,The Hershey Company,True,True,approve proposed,The Hershey Company,Reese's,Reese's,reeses,the hershey company,1,True
Hershey,Reese's,reese s,Reese's,reeses,Other / not mapped to a company,The Hershey Company,snacks,Spain,SOUTHERN_EUROPE|US_CANADA,brand_prefix_concatenated_review,1,"Milk chocolate thins peanut butter cups, milk chocolate",Reese's,34000433803,https://images.openfoodfacts.org/images/products/003/400/043/3803/front_es.3.400.jpg,review_prefix_candidate,approve proposed,Reese's spelling/combined-brand variant.,The Hershey Company,True,True,approve proposed,The Hershey Company,Reese's,Reese's,reeses,the hershey company,1,True
Hershey,Reese's,reese s,reeses puffs,reeses puffs,Other / not mapped to a company,The Hershey Company,cereals,United States,US_CANADA,brand_prefix_concatenated_review,1,Reese's Puffs Bunnies,Reese's Puffs,16000127494,https://images.openfoodfacts.org/images/products/001/600/012/7494/front_en.4.400.jpg,review_prefix_candidate,approve proposed,Reese's spelling/combined-brand variant.,The Hershey Company,True,True,approve proposed,The Hershey Company,Reese's,reeses puffs,reeses puffs,the hershey company,1,True
Hershey,Reese's,reese s,reeses puffs,reeses puffs,Other / not mapped to a company,The Hershey Company,snacks,Canada,US_CANADA,brand_prefix_concatenated_review,1,Peanut Butter & Cocoa Cereal Bars,Reese's Puffs,65633277472,https://images.openfoodfacts.org/images/products/006/563/327/7472/front_en.20.400.jpg,review_prefix_candidate,approve proposed,Reese's spelling/combined-brand variant.,The Hershey Company,True,True,approve proposed,The Hershey Company,Reese's,reeses puffs,reeses puffs,the hershey company,1,True
Hershey,Reese's,reese s,reeses puffs,reeses puffs,Other / not mapped to a company,The Hershey Company,snacks,United States,US_CANADA,brand_prefix_concatenated_review,1,Reese's Puffs Treats,Reese's Puffs,16000146464,https://images.openfoodfacts.org/images/products/001/600/014/6464/front_en.14.400.jpg,review_prefix_candidate,approve proposed,Reese's spelling/combined-brand variant.,The Hershey Company,True,True,approve proposed,The Hershey Company,Reese's,reeses puffs,reeses puffs,the hershey company,1,True
Mondelez,Ritz,ritz,ritz bakery,ritz bakery,Other / not mapped to a company,Mondelez International,snacks,United Kingdom,UK_IE|US_CANADA,brand_prefix_with_separator,1,The Original Cracker,Ritz Bakery,5000137487908,https://images.openfoodfacts.org/images/products/500/013/748/7908/front_en.38.400.jpg,review_prefix_candidate,approve proposed,Ritz variant/company string.,Mondelēz International,True,True,approve proposed,Mondelēz International,Ritz,ritz bakery,ritz bakery,mondelez international,1,True
Mondelez,Ritz,ritz,ritz crackers,ritz crackers,Other / not mapped to a company,Mondelez International,snacks,France,FRANCE,brand_prefix_with_separator,1,Crackers,Ritz Crackers,7622201685003,https://images.openfoodfacts.org/images/products/762/220/168/5003/front_fr.3.400.jpg,review_prefix_candidate,approve proposed,Ritz variant/company string.,Mondelēz International,True,True,approve proposed,Mondelēz International,Ritz,ritz crackers,ritz crackers,mondelez international,1,True
Mondelez,Ritz,ritz,ritz crackers,ritz crackers,Other / not mapped to a company,Mondelez International,snacks,United States,US_CANADA,brand_prefix_with_separator,1,Peanut Butter Cracker Sandwich,"Ritz Crackers,Nabisco,Mondelez International",44000024970,https://images.openfoodfacts.org/images/products/004/400/002/4970/front_en.7.400.jpg,review_prefix_candidate,approve proposed,Ritz variant/company string.,Mondelēz International,True,True,approve proposed,Mondelēz International,Ritz,ritz crackers,ritz crackers,mondelez international,1,True
Mondelez,Ritz,ritz,ritzz,ritzz,Other / not mapped to a company,Mondelez International,snacks,France,FRANCE,brand_prefix_concatenated_review,1,Crackers touche fromage,RITZZ,7622201678500,https://images.openfoodfacts.org/images/products/762/220/167/8500/front_fr.3.400.jpg,review_prefix_candidate,approve proposed,Ritz variant/company string.,Mondelēz International,True,True,approve proposed,Mondelēz International,Ritz,ritzz,ritzz,mondelez international,1,True
Nestlé,S.Pellegrino,s pellegrino,s pellegrino essenza,s pellegrino essenza,Other / not mapped to a company,Nestlé,beverages,Bolivia,US_CANADA,brand_prefix_with_separator,1,Tangerine & Wild Strawberry,S. Pellegrino Essenza,41508803007,https://images.openfoodfacts.org/images/products/004/150/880/3007/front_en.6.400.jpg,review_prefix_candidate,approve proposed,S.Pellegrino variant/company string.,Nestlé,True,True,approve proposed,Nestlé,S.Pellegrino,s pellegrino essenza,s pellegrino essenza,nestle,1,True
Nestlé,Sanpellegrino,sanpellegrino,sanpellegrino s p a,sanpellegrino s p a,Other / not mapped to a company,Nestlé,beverages,France,FRANCE,brand_prefix_with_separator,1,Naturali Pompelmo,Sanpellegrino S.P.A.,8002270706837,https://images.openfoodfacts.org/images/products/800/227/070/6837/front_fr.3.400.jpg,review_prefix_candidate,approve proposed,Sanpellegrino variant/company string.,Nestlé,True,True,approve proposed,Nestlé,Sanpellegrino,sanpellegrino s p a,sanpellegrino s p a,nestle,1,True
PepsiCo,Schweppes,schweppes,Schweppes,schweppes,Other / not mapped to a company,Suntory Beverage & Food,beverages,France,FRANCE|US_CANADA,exact_brand_match,1,GINGER ALE,Schweppes,78000206401,https://images.openfoodfacts.org/images/products/007/800/020/6401/front_en.26.400.jpg,review_prefix_candidate,approve proposed,Schweppes is region-scoped; keep proposal for launch.,Suntory Beverage & Food,True,True,approve proposed,Suntory Beverage & Food,Schweppes,Schweppes,schweppes,suntory beverage and food,1,True
PepsiCo,Schweppes,schweppes,schweppesorangina schweppes,schweppesorangina schweppes,Other / not mapped to a company,Suntory Beverage & Food,beverages,France,FRANCE,brand_prefix_concatenated_review,1,"Schweppes agrumes aux saveurs d'orange,🍊de pamplemousse, de citron vert & de mandarine",SchweppesOrangina Schweppes,3124480186898,https://images.openfoodfacts.org/images/products/312/448/018/6898/front_fr.70.400.jpg,review_prefix_candidate,approve proposed,Schweppes is region-scoped; keep proposal for launch.,Suntory Beverage & Food,True,True,approve proposed,Suntory Beverage & Food,Schweppes,schweppesorangina schweppes,schweppesorangina schweppes,suntory beverage and food,1,True
Danone,Silk,silk,silk canada,silk canada,Other / not mapped to a company,Danone,beverages,Canada,US_CANADA|FRANCE,brand_prefix_with_separator,1,Original Almond Lactose & Dairy-free,Silk Canada,25293001008,https://images.openfoodfacts.org/images/products/002/529/300/1008/front_en.51.400.jpg,review_prefix_candidate,approve proposed,Silk variant/company string.,Danone,True,True,approve proposed,Danone,Silk,silk canada,silk canada,danone,1,True
Danone,Silk,silk,silk road,silk road,Other / not mapped to a company,Danone,snacks,France,FRANCE|SOUTHERN_EUROPE,brand_prefix_with_separator,1,Fortune Cookies (x12),Silk Road,5023826752200,https://images.openfoodfacts.org/images/products/502/382/675/2200/front_fr.13.400.jpg,review_prefix_candidate,approve proposed,Silk variant/company string.,Danone,True,True,approve proposed,Danone,Silk,silk road,silk road,danone,1,True
Danone,Silk,silk,silk tea,silk tea,Other / not mapped to a company,Danone,beverages,France,FRANCE,brand_prefix_with_separator,1,Tisane de mûrier du Laos,Silk Tea,4260281370063,https://images.openfoodfacts.org/images/products/426/028/137/0063/front_fr.4.400.jpg,review_prefix_candidate,approve proposed,Silk variant/company string.,Danone,True,True,approve proposed,Danone,Silk,silk tea,silk tea,danone,1,True
Danone,Silk,silk,silk ultra,silk ultra,Other / not mapped to a company,Danone,beverages,United States,US_CANADA,brand_prefix_with_separator,1,Silk ultra unsweetened,Silk Ultra,36632074195,https://images.openfoodfacts.org/images/products/003/663/207/4195/front_en.7.400.jpg,review_prefix_candidate,approve proposed,Silk variant/company string.,Danone,True,True,approve proposed,Danone,Silk,silk ultra,silk ultra,danone,1,True
Nestlé,Smarties,smarties,smarties nestle,smarties nestle,Other / not mapped to a company,Nestle,snacks,France,FRANCE,brand_prefix_with_separator,1,Mini tablette,Smarties nestle,7613035857032,https://images.openfoodfacts.org/images/products/761/303/585/7032/front_fr.4.400.jpg,review_prefix_candidate,approve proposed,Smarties variant/company string.,Nestlé,True,True,approve proposed,Nestlé,Smarties,smarties nestle,smarties nestle,nestle,1,True
PepsiCo,SodaStream,sodastream,sodastream classics,sodastream classics,Other / not mapped to a company,PepsiCo,beverages,Australia,FRANCE|DACH,brand_prefix_with_separator,1,SOD-CONCENTRE SAV ORANGE 440ML,sodastream classics,8718692615779,https://images.openfoodfacts.org/images/products/871/869/261/5779/front_fr.26.400.jpg,review_prefix_candidate,approve proposed,Prefix match appears to be a true brand variant; accepted for launch.,PepsiCo,True,True,approve proposed,PepsiCo,SodaStream,sodastream classics,sodastream classics,pepsico,1,True
PepsiCo,SodaStream,sodastream,sodastream classics sugar free,sodastream classics sugar free,Other / not mapped to a company,PepsiCo,beverages,United Kingdom,UK_IE,brand_prefix_with_separator,1,Red Berries,Sodastream Classics Sugar Free,7290113763036,https://images.openfoodfacts.org/images/products/729/011/376/3036/front_en.3.400.jpg,review_prefix_candidate,approve proposed,Prefix match appears to be a true brand variant; accepted for launch.,PepsiCo,True,True,approve proposed,PepsiCo,SodaStream,sodastream classics sugar free,sodastream classics sugar free,pepsico,1,True
PepsiCo,SodaStream,sodastream,sodastream industries ltd,sodastream industries ltd,Other / not mapped to a company,PepsiCo,beverages,United States,US_CANADA,brand_prefix_with_separator,1,"Naturally flavored diet orange drink mix, orange",Sodastream Industries Ltd.,811572023928,,review_prefix_candidate,approve proposed,Prefix match appears to be a true brand variant; accepted for launch.,PepsiCo,True,True,approve proposed,PepsiCo,SodaStream,sodastream industries ltd,sodastream industries ltd,pepsico,1,True
Coca-Cola,Sprite,sprite,sprite chill,sprite chill,Other / not mapped to a company,The Coca-Cola Company,beverages,United States,US_CANADA,brand_prefix_with_separator,1,Chill,Sprite Chill,49000555646,https://images.openfoodfacts.org/images/products/004/900/055/5646/front_en.6.400.jpg,review_prefix_candidate,approve proposed,Sprite variant/company string.,The Coca-Cola Company,True,True,approve proposed,The Coca-Cola Company,Sprite,sprite chill,sprite chill,the coca cola company,1,True
Coca-Cola,Sprite,sprite,sprite zero,sprite zero,Other / not mapped to a company,The Coca-Cola Company,beverages,Belgium,BENELUX|FRANCE|DACH,brand_prefix_with_separator,1,Sprite Zitrone-Limette ohne Zucker,"Sprite Zero, The Coca Cola CompanySprite",5000112562446,https://images.openfoodfacts.org/images/products/500/011/256/2446/front_de.26.400.jpg,review_prefix_candidate,approve proposed,Sprite variant/company string.,The Coca-Cola Company,True,True,approve proposed,The Coca-Cola Company,Sprite,sprite zero,sprite zero,the coca cola company,1,True
Coca-Cola,Sprite,sprite,sprite zero,sprite zero,Other / not mapped to a company,The Coca-Cola Company,beverages,Brazil,FRANCE,brand_prefix_with_separator,1,Sprite Zero,Sprite Zero,7894900070019,https://images.openfoodfacts.org/images/products/789/490/007/0019/front_pt.5.400.jpg,review_prefix_candidate,approve proposed,Sprite variant/company string.,The Coca-Cola Company,True,True,approve proposed,The Coca-Cola Company,Sprite,sprite zero,sprite zero,the coca cola company,1,True
Coca-Cola,Sprite,sprite,sprite zero,sprite zero,Other / not mapped to a company,The Coca-Cola Company,beverages,France,FRANCE,brand_prefix_with_separator,1,Sprite sans sucre,Sprite Zero,5449000317698,https://images.openfoodfacts.org/images/products/544/900/031/7698/front_fr.11.400.jpg,review_prefix_candidate,approve proposed,Sprite variant/company string.,The Coca-Cola Company,True,True,approve proposed,The Coca-Cola Company,Sprite,sprite zero,sprite zero,the coca cola company,1,True
Coca-Cola,Sprite,sprite,sprite zero,sprite zero,Other / not mapped to a company,The Coca-Cola Company,beverages,United States,US_CANADA,brand_prefix_with_separator,1,Sprite Zero sugar Lemon-Lime,Sprite Zero,49000050172,https://images.openfoodfacts.org/images/products/004/900/005/0172/front_en.6.400.jpg,review_prefix_candidate,approve proposed,Sprite variant/company string.,The Coca-Cola Company,True,True,approve proposed,The Coca-Cola Company,Sprite,sprite zero,sprite zero,the coca cola company,1,True
Nestlé,Stouffer's,stouffer s,Stouffer's,stouffers,Other / not mapped to a company,Nestle,dairies,United States,US_CANADA,brand_prefix_concatenated_review,1,Cheesy broccoli with bacon,Stouffer’s,13800886439,https://images.openfoodfacts.org/images/products/001/380/088/6439/front_en.4.400.jpg,review_prefix_candidate,approve proposed,Stouffer's exact brand match.,Nestlé,True,True,approve proposed,Nestlé,Stouffer's,Stouffer's,stouffers,nestle,1,True
Mondelez,Swedish Fish,swedish fish,swedish fish brand,swedish fish brand,Other / not mapped to a company,Mondelez International,snacks,United States,US_CANADA,brand_prefix_with_separator,1,Mini soft & chewy candy,Swedish Fish Brand,70462500103,https://images.openfoodfacts.org/images/products/007/046/250/0103/front_en.5.400.jpg,review_prefix_candidate,approve proposed,Prefix match appears to be a true brand variant; accepted for launch.,Mondelēz International,True,True,approve proposed,Mondelēz International,Swedish Fish,swedish fish brand,swedish fish brand,mondelez international,1,True
Mondelez,Triscuit,triscuit,triscuit minis,triscuit minis,Other / not mapped to a company,Mondelez International,snacks,United States,US_CANADA,brand_prefix_with_separator,1,original,triscuit minis,44000051686,https://images.openfoodfacts.org/images/products/004/400/005/1686/front_en.4.400.jpg,review_prefix_candidate,approve proposed,Prefix match appears to be a true brand variant; accepted for launch.,Mondelēz International,True,True,approve proposed,Mondelēz International,Triscuit,triscuit minis,triscuit minis,mondelez international,1,True
Coca-Cola,Tropico,tropico,tropicoco,tropicoco,Other / not mapped to a company,The Coca-Cola Company,beverages,Belgium,BENELUX|FRANCE,brand_prefix_concatenated_review,1,Coconut Water,TROPICOCO,8712857978013,https://images.openfoodfacts.org/images/products/871/285/797/8013/front_fr.54.400.jpg,review_prefix_candidate,approve proposed,Prefix match appears to be a true brand variant; accepted for launch.,The Coca-Cola Company,True,True,approve proposed,The Coca-Cola Company,Tropico,tropicoco,tropicoco,the coca cola company,1,True
Danone,Volvic,volvic,volvic infusion bio,volvic infusion bio,Other / not mapped to a company,Danone,beverages,France,FRANCE,brand_prefix_with_separator,1,Thé blanc saveur rhubarbe & Airelle,Volvic infusion bio,3057640509148,https://images.openfoodfacts.org/images/products/305/764/050/9148/front_fr.29.400.jpg,review_prefix_candidate,approve proposed,Prefix match appears to be a true brand variant; accepted for launch.,Danone,True,True,approve proposed,Danone,Volvic,volvic infusion bio,volvic infusion bio,danone,1,True
Danone,Volvic,volvic,volvic juicy,volvic juicy,Other / not mapped to a company,Danone,beverages,France,FRANCE|DACH,brand_prefix_with_separator,1,Multifrucht,Volvic Juicy,3057640592478,https://images.openfoodfacts.org/images/products/305/764/059/2478/front_en.3.400.jpg,review_prefix_candidate,approve proposed,Prefix match appears to be a true brand variant; accepted for launch.,Danone,True,True,approve proposed,Danone,Volvic,volvic juicy,volvic juicy,danone,1,True
Danone,Volvic,volvic,volvic vitamin,volvic vitamin,Other / not mapped to a company,Danone,beverages,France,FRANCE|DACH,brand_prefix_with_separator,1,Awake,Volvic Vitamin +,3057640598333,https://images.openfoodfacts.org/images/products/305/764/059/8333/front_de.31.400.jpg,review_prefix_candidate,approve proposed,Prefix match appears to be a true brand variant; accepted for launch.,Danone,True,True,approve proposed,Danone,Volvic,volvic vitamin,volvic vitamin,danone,1,True
PepsiCo,Walkers,walkers,walkers chocolates,walkers chocolates,Other / not mapped to a company,PepsiCo,snacks,France,FRANCE,brand_prefix_with_separator,1,Chocolate dinner mints,Walkers Chocolates,5011555200048,https://images.openfoodfacts.org/images/products/501/155/520/0048/front_fr.13.400.jpg,review_prefix_candidate,approve proposed,Walkers crisps/snacks variant.,PepsiCo,True,True,approve proposed,PepsiCo,Walkers,walkers chocolates,walkers chocolates,pepsico,1,True
PepsiCo,Walkers,walkers,walkers crinkles,walkers crinkles,Other / not mapped to a company,PepsiCo,snacks,United Kingdom,UK_IE,brand_prefix_with_separator,1,Salted Crisps,Walkers Crinkles,5000328024127,,review_prefix_candidate,approve proposed,Walkers crisps/snacks variant.,PepsiCo,True,True,approve proposed,PepsiCo,Walkers,walkers crinkles,walkers crinkles,pepsico,1,True
PepsiCo,Walkers,walkers,walkers crisps,walkers crisps,Other / not mapped to a company,PepsiCo,snacks,United Kingdom,UK_IE,brand_prefix_with_separator,1,Prawn Cocktail,Walkers Crisps,5000328035130,https://images.openfoodfacts.org/images/products/500/032/803/5130/front_en.14.400.jpg,review_prefix_candidate,approve proposed,Walkers crisps/snacks variant.,PepsiCo,True,True,approve proposed,PepsiCo,Walkers,walkers crisps,walkers crisps,pepsico,1,True
PepsiCo,Walkers,walkers,walkers nonsuch,walkers nonsuch,Other / not mapped to a company,PepsiCo,snacks,France,FRANCE,brand_prefix_with_separator,1,Luxury Toffee Selection,Walkers Nonsuch,5010169940258,https://images.openfoodfacts.org/images/products/501/016/994/0258/front_en.10.400.jpg,review_prefix_candidate,approve proposed,Walkers crisps/snacks variant.,PepsiCo,True,True,approve proposed,PepsiCo,Walkers,walkers nonsuch,walkers nonsuch,pepsico,1,True
PepsiCo,Walkers,walkers,walkers nonsuch,walkers nonsuch,Other / not mapped to a company,PepsiCo,snacks,United Kingdom,UK_IE,brand_prefix_with_separator,1,UNFIRE TOFFEE Man B ENGLAND'S N 94 WALKER'S NONSUC,Walkers Nonsuch,5010169035404,https://images.openfoodfacts.org/images/products/501/016/903/5404/front_en.5.400.jpg,review_prefix_candidate,approve proposed,Walkers crisps/snacks variant.,PepsiCo,True,True,approve proposed,PepsiCo,Walkers,walkers nonsuch,walkers nonsuch,pepsico,1,True
PepsiCo,Walkers,walkers,walkers quavers,walkers quavers,Other / not mapped to a company,PepsiCo,snacks,United Kingdom,UK_IE,brand_prefix_with_separator,1,Cheese Flavour Potato Snack,Walkers Quavers,5000328019949,https://images.openfoodfacts.org/images/products/500/032/801/9949/front_en.3.400.jpg,review_prefix_candidate,approve proposed,Walkers crisps/snacks variant.,PepsiCo,True,True,approve proposed,PepsiCo,Walkers,walkers quavers,walkers quavers,pepsico,1,True
PepsiCo,Walkers,walkers,walkers sensations,walkers sensations,Other / not mapped to a company,PepsiCo,snacks,Ireland,UK_IE,brand_prefix_with_separator,1,THAI SWEET CHILLI FLAVOUR POTATO CRISPS,WALKERS SENSATIONS,5000328028941,https://images.openfoodfacts.org/images/products/500/032/802/8941/front_en.43.400.jpg,review_prefix_candidate,approve proposed,Walkers crisps/snacks variant.,PepsiCo,True,True,approve proposed,PepsiCo,Walkers,walkers sensations,walkers sensations,pepsico,1,True
PepsiCo,Walkers,walkers,walkers shortbread ltd,walkers shortbread ltd,Other / not mapped to a company,PepsiCo,snacks,United Kingdom,UK_IE|US_CANADA,brand_prefix_with_separator,1,"Shortbread, pure butter",Walker’s Shortbread Ltd,39047010246,https://images.openfoodfacts.org/images/products/003/904/701/0246/front_en.4.400.jpg,review_prefix_candidate,reject prefix match / keep Other,False prefix: Walkers Shortbread is not PepsiCo Walkers crisps.,Other / not mapped to a company,False,False,reject prefix match / keep Other,Other / not mapped to a company,Walkers,walkers shortbread ltd,walkers shortbread ltd,other not mapped to a company,1,False
