barcode,product_name,brands,primary_brand,query_category,off_categories,countries,observed_market_region_codes,image_url,energy_kcal_off_raw,energy_kcal,fat_100g_off_raw,fat_100g,saturated_fat_100g_off_raw,saturated_fat_100g,carbs_100g_off_raw,carbs_100g,sugars_100g_off_raw,sugars_100g,fiber_100g_off_raw,fiber_100g,protein_100g_off_raw,protein_100g,salt_100g_off_raw,salt_100g,nutrition_quality_status,outlier_type,include_in_product_table,include_in_aggregates,include_in_charts,nutrition_quality_reason
2312,Tester,cadburies,cadburies,cereals,"en:breakfast-cereals, en:meats",en:united-states,US_CANADA,https://images.openfoodfacts.org/images/products/000/000/000/2312/front_en.3.400.jpg,2121.0,,2321.0,,31.231,31.231,2312.0,,0.0002,0.0002,23.123,23.123,213.0,,0.1,0.1,data_quality_error,data_quality_error,False,False,False,energy_above_900_kcal
19101,SHORTBREAD all butter fingers,sainsburys,sainsburys,snacks,"Snacks, Sweet snacks, Biscuits and cakes, Biscuits, Shortbread cookies, Shortbread",en:france|en:united-kingdom,FRANCE|UK_IE,https://images.openfoodfacts.org/images/products/000/000/001/9101/front_en.32.400.jpg,8700.0,,28.3,28.3,18.5,18.5,60.5,60.5,14.8,14.8,4.012,4.012,6.2,6.2,0.6,0.6,data_quality_error,data_quality_error,False,False,False,energy_above_900_kcal
10700708106,Peanut Caramel Bar,payday,payday,snacks,"Snacks, Sweet snacks, Confectioneries",en:united-states,US_CANADA,https://images.openfoodfacts.org/images/products/001/070/070/8106/front_en.7.400.jpg,1000.0,,27.5,27.5,5.0,5.0,52.5,52.5,40.0,40.0,5.0,5.0,12.5,12.5,0.53125,0.53125,data_quality_error,data_quality_error,False,False,False,energy_above_900_kcal
12000240751,Baja Cabo Citrus,mountain dew,mountain dew,beverages,"en:beverages-and-beverages-preparations,en:beverages,en:carbonated-drinks,en:sodas,en:colas,en:cola-with-sugar,en:cola-with-sugar-and-without-caffeine",en:united-states,US_CANADA,https://images.openfoodfacts.org/images/products/001/200/024/0751/front_en.9.400.jpg,1400.0,,0.0,0.0,0.0,0.0,,,370.0,,0.0,0.0,0.0,0.0,1.1875,1.1875,data_quality_error,data_quality_error,False,False,False,energy_above_900_kcal
13499900379,Fresh Goat Cheese,schnucks,schnucks,dairies,Goat cheeses,en:united-states,US_CANADA,,943.964285714286,,76.5357142857143,76.5357142857143,51.0357142857143,51.0357142857143,12.75,12.75,0.0,0.0,0.0,0.0,51.0357142857143,51.0357142857143,0.0036696428571428,0.0036696428571428,data_quality_error,data_quality_error,False,False,False,energy_above_900_kcal
14100074816,Milano Raspberry Chocolate,pepperidge farm,pepperidge farm,snacks,"Snacks,Sweet snacks,Biscuits and cakes,Biscuits",en:mexico|en:united-states,US_CANADA,https://images.openfoodfacts.org/images/products/001/410/007/4816/front_en.49.400.jpg,1625.0,,28.0,28.0,16.0,16.0,60.0,60.0,36.0,36.0,4.0,4.0,4.0,4.0,0.35,0.35,data_quality_error,data_quality_error,False,False,False,energy_above_900_kcal
16000171091,Golden Grahams Cereal,golden grahams,golden grahams,cereals,"Plant-based foods and beverages, Plant-based foods, Breakfasts, Cereals and potatoes, Cereals and their products, Breakfast cereals, Extruded cereals, en:cereals-with-caramel",en:united-states,US_CANADA,https://images.openfoodfacts.org/images/products/001/600/017/1091/front_en.29.400.jpg,937.5,,5.0,5.0,0.0,0.0,85.0,85.0,30.0,30.0,5.0,5.0,5.0,5.0,1.8125,1.8125,data_quality_error,data_quality_error,False,False,False,energy_above_900_kcal
16000185173,Strawberry Banana Cheerios,cheerios,cheerios,cereals,"Plant-based foods and beverages, Plant-based foods, Breakfasts, Cereals and potatoes, Cereals and their products, Breakfast cereals, extruded cereals",en:united-states,US_CANADA,https://images.openfoodfacts.org/images/products/001/600/018/5173/front_en.27.400.jpg,1022.64426588751,,18.2615047479912,18.2615047479912,0.0,0.0,219.138056975895,,80.3506208911614,80.3506208911614,21.9138056975895,21.9138056975895,21.9138056975895,21.9138056975895,2.92184075967859,2.92184075967859,data_quality_error,data_quality_error,False,False,False,energy_above_900_kcal
16000186217,Coconut Almond Granola,:ratio,:ratio,cereals,"Plant-based foods and beverages, Plant-based foods, Breakfasts, Cereals and potatoes, Cereals and their products, Breakfast cereals",en:united-states,US_CANADA,https://images.openfoodfacts.org/images/products/001/600/018/6217/front_en.24.400.jpg,1875.0,,37.037037037037,37.037037037037,11.1111111111111,11.1111111111111,25.9259259259259,25.9259259259259,3.7037037037037,3.7037037037037,14.8148148148148,14.8148148148148,29.6296296296296,29.6296296296296,1.15740740740741,1.15740740740741,data_quality_error,data_quality_error,False,False,False,energy_above_900_kcal
16000227835,Bluey Cereal,general mills,general mills,cereals,en:breakfast-cereals,en:united-states,US_CANADA,https://images.openfoodfacts.org/images/products/001/600/022/7835/front_en.11.400.jpg,937.5,,6.25,6.25,0.0,0.0,212.5,,25.0,25.0,18.75,18.75,18.75,18.75,2.8125,2.8125,data_quality_error,data_quality_error,False,False,False,energy_above_900_kcal
20685000256,Kettle Cooked Waffle Cut Potato Chips,cape cod,cape cod,snacks,"Undefined, en:potato-crisps",en:united-states,US_CANADA,https://images.openfoodfacts.org/images/products/002/068/500/0256/front_fr.3.400.jpg,1801.51325420201,,88.1849768073511,88.1849768073511,6.31404433940634,6.31404433940634,226.776486357784,,0.0,0.0,12.6986366602586,12.6986366602586,25.1856293761795,25.1856293761795,0.0034656695885289,0.0034656695885289,data_quality_error,data_quality_error,False,False,False,energy_above_900_kcal
23896576909,Premium Popcorn Movie Theater Butter,pop-secret,pop-secret,snacks,Snacks,en:france|en:united-states,FRANCE|US_CANADA,https://images.openfoodfacts.org/images/products/002/389/657/6909/front_en.12.400.jpg,8666.66666666667,,533.333333333333,,266.666666666667,,800.0,,0.0,0.0,133.333333333333,,133.333333333333,,45.0,45.0,data_quality_error,data_quality_error,False,False,False,energy_above_900_kcal
24300781162,Fudge Dipped Chocolate Chip Chewy Granola Bar,sunkist bakery,sunkist bakery,snacks,Snacks,en:united-states,US_CANADA,https://images.openfoodfacts.org/images/products/002/430/078/1162/front_en.4.400.jpg,1000.0,,20.69,20.69,13.79,13.79,67.24,67.24,36.21,36.21,3.4,3.4,5.17,5.17,0.3503,0.3503,data_quality_error,data_quality_error,False,False,False,energy_above_900_kcal
25000119996,Blue Raspberry,minute maid,minute maid,beverages,"Plant-based foods and beverages, Beverages, Plant-based beverages, Fruit-based beverages",en:united-states,US_CANADA,https://images.openfoodfacts.org/images/products/002/500/011/9996/front_en.77.400.jpg,9600.0,,0.0,0.0,0.0,0.0,11.25,11.25,10.833333333333,10.833333333333,0.0,0.0,0.0,0.0,0.083333333333333,0.083333333333333,data_quality_error,data_quality_error,False,False,False,energy_above_900_kcal
26200115900,Smoked Snack Stick,slim jim,slim jim,snacks,"Snacks, Meats and their products, Beef and its products, Prepared meats, Sausages, Chicken and its products, Meat preparations, Chicken preparations, Pork sausages, Poultry sausages, Chicken sausages",en:united-states,US_CANADA,https://images.openfoodfacts.org/images/products/002/620/011/5900/front_en.16.400.jpg,26000.0,,34.5454545454545,34.5454545454545,12.7272727272727,12.7272727272727,18.1818181818182,18.1818181818182,3.63636363636364,3.63636363636364,3.63636363636364,3.63636363636364,20.0,20.0,4.09090909090909,4.09090909090909,data_quality_error,data_quality_error,False,False,False,energy_above_900_kcal
27000488287,White Corn,orville redenbacher's,orville redenbacher's,snacks,"Snacks, en:popcorn",en:united-states|en:world,US_CANADA,https://images.openfoodfacts.org/images/products/002/700/048/8287/front_en.22.400.jpg,1083.33333333333,,3.75,3.75,0.0,0.0,72.5,72.5,0.0,0.0,10.0,10.0,10.0,10.0,0.0,0.0,data_quality_error,data_quality_error,False,False,False,energy_above_900_kcal
28000361204,Nesquik Chocolate Powder,"nestlé,nesquik",nestle,beverages,"Beverages and beverages preparations,Beverages,Cocoa and its products,Beverage preparations,Cocoa and chocolate powders,Instant beverages,Chocolate-powders,Sweetened beverages",en:bolivia|en:united-states,US_CANADA,https://images.openfoodfacts.org/images/products/002/800/036/1204/front_en.19.400.jpg,1000.0,,3.57142857142857,3.57142857142857,0.0,0.0,171.428571428571,,164.285714285714,,7.14285714285714,7.14285714285714,57.1428571428571,57.1428571428571,2.32142857142857,2.32142857142857,data_quality_error,data_quality_error,False,False,False,energy_above_900_kcal
28400003919,Salt & Vinegar,lay's,lay's,snacks,"Plant-based foods and beverages,Plant-based foods,Snacks,Cereals and potatoes,Salty snacks,Appetizers,Chips and fries,Crisps,Potato crisps",en:united-states,US_CANADA,https://images.openfoodfacts.org/images/products/002/840/000/3919/front_en.23.400.jpg,23000.0,,15.0,15.0,2.0,2.0,23.0,23.0,2.35294117647059,2.35294117647059,4.70588235294118,4.70588235294118,2.0,2.0,0.0019411764705882,0.0019411764705882,data_quality_error,data_quality_error,False,False,False,energy_above_900_kcal
28400012553,Kettle cooked potato chips - jalapeño,miss vickie's,miss vickie's,snacks,"Alimentos y bebidas de origen vegetal, Alimentos de origen vegetal, Botanas, Cereales y patatas, Snacks salados, Aperitivos, en:Chips and fries, Chips fritos, Chips de patatas fritas",en:united-states,US_CANADA,https://images.openfoodfacts.org/images/products/002/840/001/2553/front_en.3.400.jpg,20000.0,,28.2,28.2,3.84615384615385,3.84615384615385,59.2,59.2,5.12820512820513,5.12820512820513,5.12820512820513,5.12820512820513,7.69,7.69,1.08974358974359,1.08974358974359,data_quality_error,data_quality_error,False,False,False,energy_above_900_kcal
28400057653,Kettle Cooked Original Sea Salt Potato Chips,lay's,lay's,snacks,en:potato-chips,en:united-states,US_CANADA,https://images.openfoodfacts.org/images/products/002/840/005/7653/front_en.10.400.jpg,15000.0,,31.802120141343,31.802120141343,5.3003533568905,5.3003533568905,60.070671378092,60.070671378092,3.5335689045936,3.5335689045936,3.5335689045936,3.5335689045936,7.0671378091873,7.0671378091873,0.79505300353357,0.79505300353357,data_quality_error,data_quality_error,False,False,False,energy_above_900_kcal
28400069151,FRIES,chester's,chester's,snacks,"Chester’s, Flamin’ Hot Fries, en:potato-crisps",en:united-states,US_CANADA,https://images.openfoodfacts.org/images/products/002/840/006/9151/front_en.45.400.jpg,15000.0,,28.2196902888991,28.2196902888991,3.52746128611239,3.52746128611239,63.4943031500229,63.4943031500229,0.0,0.0,3.52746128611239,3.52746128611239,7.05492257222477,7.05492257222477,8.72164802991287,8.72164802991287,data_quality_error,data_quality_error,False,False,False,energy_above_900_kcal
28400070546,Cool Ranch Flavored,doritos,doritos,snacks,"Snacks, Salty snacks, Appetizers, Chips and fries, Crisps, Corn chips",en:united-states,US_CANADA,https://images.openfoodfacts.org/images/products/002/840/007/0546/front_en.36.400.jpg,26000.0,,26.2096774193548,26.2096774193548,1.20967741935484,1.20967741935484,62.5,62.5,4.03225806451613,4.03225806451613,4.03225806451613,4.03225806451613,6.04838709677419,6.04838709677419,0.0015120967741935,0.0015120967741935,data_quality_error,data_quality_error,False,False,False,energy_above_900_kcal
28400071895,Baked Barbecue Potato Chips,lay's,lay's,snacks,"Plant-based foods and beverages, Plant-based foods, Snacks, Cereals and potatoes, Salty snacks, Appetizers, Chips and fries, Crisps, Potato crisps, en:barbecue-crisps",en:united-states,US_CANADA,https://images.openfoodfacts.org/images/products/002/840/007/1895/front_en.70.400.jpg,15000.0,,11.0062893081761,11.0062893081761,3.14465408805031,3.14465408805031,75.4716981132076,75.4716981132076,9.43396226415094,9.43396226415094,6.28930817610063,6.28930817610063,6.28930817610063,6.28930817610063,1.25786163522013,1.25786163522013,data_quality_error,data_quality_error,False,False,False,energy_above_900_kcal
28400357753,WHITE CHEDDAR,smartfood,smartfood,snacks,en:popcorn,en:united-states,US_CANADA,https://images.openfoodfacts.org/images/products/002/840/035/7753/front_en.19.400.jpg,1000.0,,34.2741935483871,34.2741935483871,6.04838709677419,6.04838709677419,52.4193548387097,52.4193548387097,6.04838709677419,6.04838709677419,6.04838709677419,6.04838709677419,8.06451612903226,8.06451612903226,1.76411290322581,1.76411290322581,data_quality_error,data_quality_error,False,False,False,energy_above_900_kcal
30000436073,"Simply Granola Oats, Honey, Raisins & Almonds",quaker,quaker,cereals,"Plant-based foods and beverages,Plant-based foods,Breakfasts,Cereals and potatoes,Cereals and their products,Breakfast cereals,Mueslis",en:united-states,US_CANADA,https://images.openfoodfacts.org/images/products/003/000/043/6073/front_en.92.400.jpg,964.285714285714,,10.2941176470588,10.2941176470588,1.47058823529412,1.47058823529412,75.0,75.0,23.5294117647059,23.5294117647059,10.2941176470588,10.2941176470588,10.2941176470588,10.2941176470588,0.128676470588235,0.128676470588235,data_quality_error,data_quality_error,False,False,False,energy_above_900_kcal
33544000700,Pineapple Hard Seltzer Spiked Sparkling Water,corona,corona,beverages,"Beverages, Alcoholic beverages, Hard seltzer",en:france,FRANCE,,9000.0,,,,,,,,,,,,,,,,data_quality_error,data_quality_error,False,False,False,energy_above_900_kcal
36800420649,Triple berry granola,full circle,full circle,cereals,"Plant-based foods and beverages, Plant-based foods, Breakfasts, Cereals and potatoes, Cereals and their products, Breakfast cereals, Cereals with fruits, Mueslis, Mueslis with fruits",en:france|en:united-states,FRANCE|US_CANADA,https://images.openfoodfacts.org/images/products/003/680/042/0649/front_en.19.400.jpg,920.0,,7.0,7.0,1.5,1.5,36.0,36.0,14.0,14.0,4.0,4.0,6.0,6.0,0.0,0.0,data_quality_error,data_quality_error,False,False,False,energy_above_900_kcal
385527,Honey O's Sweetened Whole Grain Oats Cereal with Honey,trader joe's,trader joe's,cereals,"Plant-based foods and beverages,Plant-based foods,Breakfasts,Cereals and potatoes,Cereals and their products,Breakfast cereals,Extruded cereals",en:united-states,US_CANADA,https://images.openfoodfacts.org/images/products/000/000/038/5527/front_en.19.400.jpg,1142.85714285714,,4.8780487804878,4.8780487804878,0.0,0.0,82.9268292682927,82.9268292682927,34.1463414634146,34.1463414634146,4.8780487804878,4.8780487804878,7.31707317073171,7.31707317073171,1.28048780487805,1.28048780487805,data_quality_error,data_quality_error,False,False,False,energy_above_900_kcal
385909,HOT & CRISPY CHILLI RICE CRACKERS,sainsbury's,sainsbury's,snacks,"Savoury rice snack, Crackers, en:appetizers",en:united-kingdom,UK_IE,https://images.openfoodfacts.org/images/products/000/000/038/5909/front_en.24.400.jpg,1300.0,,28.8,28.8,2.0,2.0,60.4,60.4,13.6,13.6,2.0,2.0,4.0,4.0,5.7,5.7,data_quality_error,data_quality_error,False,False,False,energy_above_900_kcal
395496,all butter cookies with pistachio nuts and almonds,m&s food,m&s food,snacks,"Snacks,Sweet snacks,Biscuits and cakes,Biscuits and crackers,Biscuits",en:czech-republic|en:france|en:thailand|en:united-kingdom|en:scotland,FRANCE|UK_IE,https://images.openfoodfacts.org/images/products/000/000/039/5496/front_en.58.400.jpg,2212.0,,31.4,31.4,13.3,13.3,50.0,50.0,19.0,19.0,3.5,3.5,10.1,10.1,0.73,0.73,data_quality_error,data_quality_error,False,False,False,energy_above_900_kcal
40000004455,Starburst Original,starburst,starburst,snacks,"Snacks, Sweet snacks, Confectioneries, Candies",en:united-states,US_CANADA,https://images.openfoodfacts.org/images/products/004/000/000/4455/front_en.24.400.jpg,12000.0,,250.0,,250.0,,2400.0,,1600.0,,,,0.0,0.0,0.0,0.0,data_quality_error,data_quality_error,False,False,False,energy_above_900_kcal
40000483588,milk chocolate,m&m minis,m&m minis,snacks,"Snacks, Sweet snacks, Confectioneries, Candies",en:united-states,US_CANADA,https://images.openfoodfacts.org/images/products/004/000/048/3588/front_en.17.400.jpg,24000.0,,20.0,20.0,12.0,12.0,70.0,70.0,64.0,64.0,,,6.0,6.0,0.2,0.2,data_quality_error,data_quality_error,False,False,False,energy_above_900_kcal
41220600656,Lone stars cheddar Snack,heb,heb,snacks,Snack,en:united-states,US_CANADA,https://images.openfoodfacts.org/images/products/004/122/060/0656/front_en.5.400.jpg,990.816321428572,,76.5306071428571,76.5306071428571,19.1326428571429,19.1326428571429,50.0,50.0,0.0,0.0,0.0,0.0,25.5102142857143,25.5102142857143,8.60967857142857,8.60967857142857,data_quality_error,data_quality_error,False,False,False,energy_above_900_kcal
41303008812,Parmesan Cheese,"essential everyday,supervalu inc.",essential everyday,dairies,Cheeses from cow milk,en:united-states,US_CANADA,https://images.openfoodfacts.org/images/products/004/130/300/8812/front_en.11.400.jpg,8600.0,,600.0,,400.0,,0.0,0.0,0.0,0.0,0.0,0.0,800.0,,0.12,0.12,data_quality_error,data_quality_error,False,False,False,energy_above_900_kcal
41498298708,Dark Chocolate Coconut Almonds,"choceur, aldi-benner company",choceur,snacks,"Undefined, en:chocolate-candies",en:united-states,US_CANADA,,1418.75,,93.75,93.75,43.75,43.75,118.75,,100.0,100.0,12.5,12.5,25.0,25.0,0.0003125,0.0003125,data_quality_error,data_quality_error,False,False,False,energy_above_900_kcal
42400189046,Honey Graham Toasters,malt-o-meal,malt o meal,cereals,"Undefined, en:breakfast-cereals",en:united-states,US_CANADA,,1455.46666666667,,33.3333333333333,33.3333333333333,5.56666666666667,5.56666666666667,277.766666666667,,111.1,,11.0,11.0,11.1,11.1,0.0075,0.0075,data_quality_error,data_quality_error,False,False,False,energy_above_900_kcal
44000020255,Ritz bits cheese,nabisco,nabisco,snacks,"snacks, sweet-snacks, biscuits-and-cakes, biscuits, da:crackers",en:united-states,US_CANADA,https://images.openfoodfacts.org/images/products/004/400/002/0255/front_en.56.400.jpg,15000.0,,28.5714285714286,28.5714285714286,10.7142857142857,10.7142857142857,60.7142857142857,60.7142857142857,14.2857142857143,14.2857142857143,0.0,0.0,7.14285714285714,7.14285714285714,1.07142857142857,1.07142857142857,data_quality_error,data_quality_error,False,False,False,energy_above_900_kcal
44000034832,Ritz Crackers fresh stacks,ritz,ritz,snacks,"Snacks, Salty snacks, Appetizers, Biscuits and crackers, Crackers(Appetizers), en:biscuits",en:france|en:united-states,FRANCE|US_CANADA,https://images.openfoodfacts.org/images/products/004/400/003/4832/front_en.37.400.jpg,1266.66666666667,,16.6666666666667,16.6666666666667,3.33333333333333,3.33333333333333,66.6666666666667,66.6666666666667,13.3333333333333,13.3333333333333,5.28888888888889,5.28888888888889,6.66666666666667,6.66666666666667,2.0,2.0,data_quality_error,data_quality_error,False,False,False,energy_above_900_kcal
44000037444,Fig newton,maniac,maniac,snacks,"Snacks, Sweet snacks, Biscuits and cakes, Biscuits",en:united-states,US_CANADA,https://images.openfoodfacts.org/images/products/004/400/003/7444/front_en.32.400.jpg,20000.0,,7.1428571428571,7.1428571428571,1.7857142857143,1.7857142857143,73.214285714286,73.214285714286,42.857142857143,42.857142857143,3.5714285714286,3.5714285714286,3.5714285714286,3.5714285714286,0.80357142857143,0.80357142857143,data_quality_error,data_quality_error,False,False,False,energy_above_900_kcal
44000037451,Nutter Butter The Peanut Butter Lover's Cookie,nutter butter,nutter butter,snacks,"Snacks, Sweet snacks, Biscuits and cakes, Biscuits",en:france|en:united-states,FRANCE|US_CANADA,https://images.openfoodfacts.org/images/products/004/400/003/7451/front_en.4.400.jpg,1000.0,,19.6428571428571,19.6428571428571,5.35714285714286,5.35714285714286,69.6428571428571,69.6428571428571,28.5714285714286,28.5714285714286,1.78571428571429,1.78571428571429,7.14285714285714,7.14285714285714,0.892857142857143,0.892857142857143,data_quality_error,data_quality_error,False,False,False,energy_above_900_kcal
44000055851,Cinnamon Brown Sugar belVita Snack Packs,belvita,belvita,snacks,"Snacks, Sweet snacks, Biscuits and cakes, Biscuits",en:united-states,US_CANADA,https://images.openfoodfacts.org/images/products/004/400/005/5851/front_en.50.400.jpg,13000.0,,4.0,4.0,0.0,0.0,21.0,21.0,6.0,6.0,2.0,2.0,2.0,2.0,0.15,0.15,data_quality_error,data_quality_error,False,False,False,energy_above_900_kcal
44000081836,OREO ZERO SUGAR,oreo,oreo,snacks,en:filled-biscuits,en:united-states,US_CANADA,https://images.openfoodfacts.org/images/products/004/400/008/1836/front_en.24.400.jpg,4500.0,,19.9115044247788,19.9115044247788,4.42477876106195,4.42477876106195,70.7964601769911,70.7964601769911,0.0,0.0,8.84955752212389,8.84955752212389,4.42477876106195,4.42477876106195,0.940265486725664,0.940265486725664,data_quality_error,data_quality_error,False,False,False,energy_above_900_kcal
44000086923,Lemon Poppy Seed BelVita Energy Snack Bites,belvita,belvita,snacks,en:biscuits,en:united-states,US_CANADA,https://images.openfoodfacts.org/images/products/004/400/008/6923/front_en.5.400.jpg,923.076923076923,,14.0625,14.0625,1.5625,1.5625,65.625,65.625,6.25,6.25,6.25,6.25,6.25,6.25,0.8203125,0.8203125,data_quality_error,data_quality_error,False,False,False,energy_above_900_kcal
46214731552,Chocolate Chips Cookies,met a,met a,snacks,"Snacks, Sweet snacks, Biscuits and cakes, Biscuits, Chocolate biscuits",en:france|en:malta|en:morocco,FRANCE,https://images.openfoodfacts.org/images/products/004/621/473/1552/front_en.43.400.jpg,1706.66666666667,,27.6,27.6,13.7,13.7,58.5,58.5,37.8,37.8,,,5.5,5.5,0.66,0.66,data_quality_error,data_quality_error,False,False,False,energy_above_900_kcal
49000061062,Lemon-Lime Soda,sprite,sprite,beverages,"Boissons,Boissons gazeuses,Sodas,Boissons avec sucre ajouté",en:france|en:united-states,FRANCE|US_CANADA,https://images.openfoodfacts.org/images/products/004/900/006/1062/front_en.73.400.jpg,9000.0,,0.0,0.0,0.0,0.0,2400.0,,2400.0,,0.0,0.0,0.0,0.0,0.01,0.01,data_quality_error,data_quality_error,False,False,False,energy_above_900_kcal
55000139045,Nesquik Cocoa,nestlé,nestle,beverages,"Beverages and beverages preparations,Beverages,Breakfasts,Cocoa and its products,Hot beverages,Beverage preparations,Dried products,Dried products to be rehydrated,Cocoa and chocolate powders,Instant beverages,Instant chocolate powders",en:canada|en:france,US_CANADA|FRANCE,https://images.openfoodfacts.org/images/products/005/500/013/9045/front_en.50.400.jpg,1142.85714285714,,,,,,,,,,,,,,,,data_quality_error,data_quality_error,False,False,False,energy_above_900_kcal
55577105566,Harvest Crunch Protein,quaker,quaker,cereals,"Plant-based foods and beverages,Plant-based foods,Breakfasts,Cereals and potatoes,Cereals and their products,Breakfast cereals",en:united-states,US_CANADA,https://images.openfoodfacts.org/images/products/005/557/710/5566/front_en.24.400.jpg,43000.0,,12.0,12.0,1.5,1.5,64.0,64.0,21.0,21.0,8.0,8.0,20.0,20.0,,,data_quality_error,data_quality_error,False,False,False,energy_above_900_kcal
58807500902,Popcorn Au Beurre,orville redenbacher,orville redenbacher,snacks,en:popcorn,en:france,FRANCE,https://images.openfoodfacts.org/images/products/005/880/750/0902/front_en.24.400.jpg,1428.57142857143,,29.2682926829268,29.2682926829268,14.6341463414634,14.6341463414634,51.219512195122,51.219512195122,0.0,0.0,7.31707317073171,7.31707317073171,7.31707317073171,7.31707317073171,2.01219512195122,2.01219512195122,data_quality_error,data_quality_error,False,False,False,energy_above_900_kcal
636018,Dark Chocolate Almond Butter Cups,trader joe's,trader joe's,snacks,"Snacks,Sweet snacks,Cocoa and its products,Confectioneries,Chocolate candies,Bonbons,Chocolate truffles",en:united-kingdom,UK_IE,https://images.openfoodfacts.org/images/products/000/000/063/6018/front_en.47.400.jpg,6333.33333333333,,36.1111111111111,36.1111111111111,16.6666666666667,16.6666666666667,52.7777777777778,52.7777777777778,44.4444444444444,44.4444444444444,5.55555555555556,5.55555555555556,8.33333333333333,8.33333333333333,0.347222222222222,0.347222222222222,data_quality_error,data_quality_error,False,False,False,energy_above_900_kcal
70470006505,strawberry,yoplait light,yoplait,dairies,"Dairies,Fermented foods,Fermented milk products,Desserts,Dairy desserts,Fermented dairy desserts,Yogurts",en:united-states,US_CANADA,https://images.openfoodfacts.org/images/products/007/047/000/6505/front_en.35.400.jpg,8000.0,,0.0,0.0,0.0,0.0,8.82352941176471,8.82352941176471,4.11764705882353,4.11764705882353,0.0,0.0,2.94117647058824,2.94117647058824,0.110294117647059,0.110294117647059,data_quality_error,data_quality_error,False,False,False,energy_above_900_kcal
70552801691,Chewy granola bars,,unknown,snacks,Granola bars,en:united-states,US_CANADA,https://images.openfoodfacts.org/images/products/007/055/280/1691/front_en.3.400.jpg,2916.66666666667,,10.4166666666667,10.4166666666667,4.16666666666667,4.16666666666667,,,25.0,25.0,4.16666666666667,4.16666666666667,8.33333333333333,8.33333333333333,0.729166666666667,0.729166666666667,data_quality_error,data_quality_error,False,False,False,energy_above_900_kcal
70847022909,Juice Monster Energy Juice Pipeline Punch,monster,monster,beverages,"Beverages, Carbonated drinks, Sodas, Sweetened beverages",en:united-states,US_CANADA,https://images.openfoodfacts.org/images/products/007/084/702/2909/front_en.26.400.jpg,19000.0,,0.0,0.0,0.0045927103678385,0.0045927103678385,10.1479915433404,10.1479915433404,9.72515856236786,9.72515856236786,0.0438373046875005,0.0438373046875005,0.0,0.0,0.0422832980972516,0.0422832980972516,data_quality_error,data_quality_error,False,False,False,energy_above_900_kcal
70847029014,JUICE MONSTER ENERGY + JUICE,monster,monster,beverages,"Beverages, Carbonated drinks, Sodas",en:united-states,US_CANADA,https://images.openfoodfacts.org/images/products/007/084/702/9014/front_en.27.400.jpg,25000.0,,0.0,0.0,0.0037809025049209,0.0037809025049209,13.5256226013154,13.5256226013154,12.7014049740477,12.7014049740477,0.731062354292188,0.731062354292188,0.0,0.0,0.0474997675283615,0.0474997675283615,data_quality_error,data_quality_error,False,False,False,energy_above_900_kcal
70847812609,JAVA MONSTER COFFEE + ENERGY,mean bean,mean bean,beverages,"Boissons,Boissons gazeuses,Sodas,Boissons énergisantes",en:united-states,US_CANADA,https://images.openfoodfacts.org/images/products/007/084/781/2609/front_en.46.400.jpg,4400.0,,1.05821847743525,1.05821847743525,0.705478984956836,0.705478984956836,8.70090748113432,8.70090748113432,8.23058815782976,8.23058815782976,,,1.88127729321823,1.88127729321823,0.270433610900121,0.270433610900121,data_quality_error,data_quality_error,False,False,False,energy_above_900_kcal
70847899617,Monster Energy Zero Ultra,monster,monster,beverages,"en:beverages-and-beverages-preparations,en:beverages,en:energy-drinks,en:energy-drink-without-sugar-and-with-artificial-sweeteners",en:united-states,US_CANADA,https://images.openfoodfacts.org/images/products/007/084/789/9617/front_en.26.400.jpg,1000.0,,0.0,0.0,,,3.12507e-05,3.12507e-05,0.0,0.0,,,0.0,0.0,5.7814e-06,5.7814e-06,data_quality_error,data_quality_error,False,False,False,energy_above_900_kcal
71481023000,Cottage Cheese Small Curd,friendship dairies,friendship dairies,dairies,"Dairies, Fermented foods, Fermented milk products, Cheeses",en:united-states,US_CANADA,https://images.openfoodfacts.org/images/products/007/148/102/3000/front_en.26.400.jpg,18000.0,,1600.0,,1600.0,,1600.0,,1600.0,,,,6400.0,,0.85,0.85,data_quality_error,data_quality_error,False,False,False,energy_above_900_kcal
72600005761,Sour Cream & Onion Potato Chips,herr's,herr's,snacks,"Plant-based foods and beverages, Plant-based foods, Snacks, Cereals and potatoes, Salty snacks, Appetizers, Chips and fries, Crisps, Potato crisps",en:united-states,US_CANADA,https://images.openfoodfacts.org/images/products/007/260/000/5761/front_en.3.400.jpg,15000.0,,9.0,9.0,2.5,2.5,16.0,16.0,1.0,1.0,1.0,1.0,2.0,2.0,0.675,0.675,data_quality_error,data_quality_error,False,False,False,energy_above_900_kcal
76150090208,Butter Lovers Popcorn,act ii,act ii,snacks,Snacks,en:united-states,US_CANADA,https://images.openfoodfacts.org/images/products/007/615/009/0208/front_en.4.400.jpg,2333.33333333333,,21.875,21.875,9.375,9.375,62.5,62.5,0.0,0.0,9.4,9.4,6.25,6.25,2.421875,2.421875,data_quality_error,data_quality_error,False,False,False,energy_above_900_kcal
76150332308,Xtreme Butter,act ii,act ii,snacks,"Snacks, Popcorn",en:united-states,US_CANADA,https://images.openfoodfacts.org/images/products/007/615/033/2308/front_en.16.400.jpg,1066.66666666667,,25.0,25.0,11.1111111111111,11.1111111111111,55.5555555555556,55.5555555555556,0.0,0.0,8.33333333333333,8.33333333333333,0.0,0.0,2.01388888888889,2.01388888888889,data_quality_error,data_quality_error,False,False,False,energy_above_900_kcal
76410901633,Toast Chee sandwich crackers,lance,lance,snacks,"Snacks, Sweet snacks, Biscuits and cakes, Biscuits, Filled biscuits, en:appetizers",en:united-states,US_CANADA,https://images.openfoodfacts.org/images/products/007/641/090/1633/front_en.45.400.jpg,22000.0,,11.0,11.0,2.5,2.5,25.0,25.0,5.0,5.0,1.0,1.0,5.0,5.0,0.825,0.825,data_quality_error,data_quality_error,False,False,False,energy_above_900_kcal
77890476949,Ultimate Chocolate Chip Cookies 15Pk,ultimate chocolate chip!,ultimate chocolate chip!,snacks,"Snacks, Sweet snacks, Biscuits and cakes, Biscuits, Chocolate biscuits, Drop cookies, Chocolate chip cookies",en:united-states,US_CANADA,https://images.openfoodfacts.org/images/products/007/789/047/6949/front_en.3.400.jpg,19000.0,,9.0,9.0,5.0,5.0,25.0,25.0,18.0,18.0,1.0,1.0,2.0,2.0,0.325,0.325,data_quality_error,data_quality_error,False,False,False,energy_above_900_kcal
78742288116,Honey Almond Granola,member's mark,member's mark,cereals,"Plant-based foods and beverages,Plant-based foods,Breakfasts,Cereals and potatoes,Cereals and their products,Breakfast cereals,Mueslis",en:french-polynesia|en:united-states,US_CANADA,https://images.openfoodfacts.org/images/products/007/874/228/8116/front_en.59.400.jpg,928.571428571429,,13.3333333333333,13.3333333333333,1.66666666666667,1.66666666666667,70.0,70.0,25.0,25.0,6.66666666666667,6.66666666666667,10.0,10.0,0.583333333333333,0.583333333333333,data_quality_error,data_quality_error,False,False,False,energy_above_900_kcal
818094,MAPLE PECAN GRANOLA,trader joe's,trader joe's,cereals,"Plant-based foods and beverages, Plant-based foods, Breakfasts, Cereals and potatoes, Cereals and their products, Breakfast cereals",en:france|en:spain|en:united-states,FRANCE|SOUTHERN_EUROPE|US_CANADA,https://images.openfoodfacts.org/images/products/000/000/081/8094/front_en.25.400.jpg,1035.71428571429,,17.1875,17.1875,1.5625,1.5625,70.3125,70.3125,25.0,25.0,6.25,6.25,0.0,0.0,0.3125,0.3125,data_quality_error,data_quality_error,False,False,False,energy_above_900_kcal
956437,Chocolate Chip Chewy Coated,trader joe’s,trader joes,snacks,"Snacks, Sweet snacks, Bars, Cereal bars",en:united-states,US_CANADA,https://images.openfoodfacts.org/images/products/000/000/095/6437/front_en.22.400.jpg,15000.0,,11.428571428571,11.428571428571,7.1428571428571,7.1428571428571,74.285714285714,74.285714285714,34.285714285714,34.285714285714,2.8571428571429,2.8571428571429,5.7142857142857,5.7142857142857,0.60714285714285,0.60714285714285,data_quality_error,data_quality_error,False,False,False,energy_above_900_kcal
98000100905,LEMONADE ICED TEA,lipton,lipton,beverages,en:iced-teas,en:united-states,US_CANADA,https://images.openfoodfacts.org/images/products/009/800/010/0905/front_en.24.400.jpg,9000.0,,,,,,24.0,24.0,23.0,23.0,,,,,4.25,4.25,data_quality_error,data_quality_error,False,False,False,energy_above_900_kcal
194346617739,Frosted Sugar Cookies,freshness guaranteed,freshness guaranteed,snacks,Cookie,en:united-states,US_CANADA,https://images.openfoodfacts.org/images/products/019/434/661/7739/front_en.3.400.jpg,1108.03323684211,,41.5512368421053,41.5512368421053,0.0173130263157895,0.0173130263157895,180.055394736842,,110.803315789474,,,,6.92521052631579,6.92521052631579,,,data_quality_error,data_quality_error,False,False,False,energy_above_900_kcal
201554022962,Perle de coco,,unknown,snacks,"Pâtisseries,Perles de coco",en:france,FRANCE,https://images.openfoodfacts.org/images/products/020/155/402/2962/front_fr.3.400.jpg,1287.0,,7.4,7.4,6.1,6.1,14.0,14.0,4.0,4.0,,,3.6,3.6,0.2,0.2,data_quality_error,data_quality_error,False,False,False,energy_above_900_kcal
201613035759,Pain chocolat app,,unknown,snacks,en:chocolate-croissant,en:france,FRANCE,https://images.openfoodfacts.org/images/products/020/161/303/5759/front_fr.3.400.jpg,1009.0,,26.0,26.0,16.0,16.0,40.0,40.0,12.0,12.0,,,8.5,8.5,0.84,0.84,data_quality_error,data_quality_error,False,False,False,energy_above_900_kcal
203882013582,Pecorino à la truffe,,unknown,dairies,Pecorino,en:france,FRANCE,https://images.openfoodfacts.org/images/products/020/388/201/3582/front_fr.3.400.jpg,1441.0,,28.0,28.0,18.0,18.0,1.0,1.0,0.0,0.0,,,26.0,26.0,2.9,2.9,data_quality_error,data_quality_error,False,False,False,energy_above_900_kcal
204050008539,2 croissants + 2 pains au chocolat,les 3 meuniers,les 3 meuniers,snacks,"Snacks, Snacks sucrés, Viennoiseries, Croissants",en:france,FRANCE,https://images.openfoodfacts.org/images/products/020/405/000/8539/front_fr.3.400.jpg,917.0,,52.0,52.0,34.0,34.0,95.0,95.0,23.0,23.0,,,16.0,16.0,2.1,2.1,data_quality_error,data_quality_error,False,False,False,energy_above_900_kcal
205111039035,8 PAIN AU CHOCOLAT + 8 CROISSANT PUR BEURRE LES TROIS MEUNIERS,,unknown,snacks,"Snacks, Snacks sucrés, Viennoiseries, Pains au chocolat",en:france,FRANCE,https://images.openfoodfacts.org/images/products/020/511/103/9035/front_fr.3.400.jpg,1481.0,,20.0,20.0,13.0,13.0,36.0,36.0,8.5,8.5,,,5.8,5.8,0.81,0.81,data_quality_error,data_quality_error,False,False,False,energy_above_900_kcal
205698018560,"Morbier AOP ""montagnon"" fe",,unknown,dairies,"Produits laitiers, Produits fermentés, Produits laitiers fermentés, Fromages, Fromages de vache, Fromages de France, Fromages à pâte pressée non cuite, Morbiers",en:france,FRANCE,https://images.openfoodfacts.org/images/products/020/569/801/8560/front_fr.3.400.jpg,1493.0,,29.0,29.0,18.0,18.0,1.0,1.0,1.0,1.0,,,23.0,23.0,1.0,1.0,data_quality_error,data_quality_error,False,False,False,energy_above_900_kcal
206946026245,Le vieux pané,le vieux pané,le vieux pane,dairies,"Produits laitiers, Produits fermentés, Produits laitiers fermentés, Fromages, Fromages pasteurisés, Fromages à pâte molle à croûte lavée",en:france,FRANCE,https://images.openfoodfacts.org/images/products/020/694/602/6245/front_fr.4.400.jpg,1282.0,,25.0,25.0,17.0,17.0,1.0,1.0,1.0,1.0,,,21.0,21.0,1.5,1.5,data_quality_error,data_quality_error,False,False,False,energy_above_900_kcal
208996018379,Brioche au beurre,,unknown,snacks,"Snacks, Snacks sucrés, Viennoiseries, Brioches, Brioche au beurre",en:france,FRANCE,https://images.openfoodfacts.org/images/products/020/899/601/8379/front_fr.3.400.jpg,1418.0,,15.0,15.0,9.3,9.3,41.0,41.0,7.6,7.6,,,9.1,9.1,0.97,0.97,data_quality_error,data_quality_error,False,False,False,energy_above_900_kcal
210870018634,Fourme d'ambert,,unknown,dairies,"Produits laitiers, Produits fermentés, Produits laitiers fermentés, Fromages, Fromages à pâte persillée, Fromages de France, Fromages à pâte persillée français, Fourme d'Ambert",en:france,FRANCE,https://images.openfoodfacts.org/images/products/021/087/001/8634/front_fr.3.400.jpg,1385.0,,28.0,28.0,20.6,20.6,0.5,0.5,0.5,0.5,,,20.0,20.0,2.0,2.0,data_quality_error,data_quality_error,False,False,False,energy_above_900_kcal
2510000,100% Orange Juice,simply orange,simply,beverages,"en:beverages-and-beverages-preparations,en:beverages,en:plant-based-beverages,en:juices-and-nectars,en:fruit-juices,en:orange-juices,en:orange-juices-without-pulp",en:united-states,US_CANADA,https://images.openfoodfacts.org/images/products/000/000/251/0000/front_en.24.400.jpg,1931.0,,0.0,0.0,0.0,0.0,10.5485,10.5485,0.0,0.0,0.0,0.0,0.0,0.0,0.0,0.0,data_quality_error,data_quality_error,False,False,False,energy_above_900_kcal
255107036739,Mont d’or,,unknown,dairies,en:mont-d-or,en:france,FRANCE,https://images.openfoodfacts.org/images/products/025/510/703/6739/front_fr.3.400.jpg,1240.0,,25.0,25.0,16.0,16.0,0.0,0.0,0.0,0.0,,,1.8,1.8,1.4,1.4,data_quality_error,data_quality_error,False,False,False,energy_above_900_kcal
257313017717,Pain choco x4,,unknown,snacks,"Snacks, Snacks sucrés, Viennoiseries, Pains au chocolat",en:france,FRANCE,https://images.openfoodfacts.org/images/products/025/731/301/7717/front_fr.4.400.jpg,1380.0,,21.0,21.0,13.0,13.0,41.0,41.0,13.0,13.0,,,7.7,7.7,0.89,0.89,data_quality_error,data_quality_error,False,False,False,energy_above_900_kcal
294773002624,Morbier,,unknown,dairies,"Produits laitiers, Produits fermentés, Produits laitiers fermentés, Fromages, Fromages de vache, Fromages de France, Fromages à pâte pressée non cuite, Morbiers",en:france,FRANCE,https://images.openfoodfacts.org/images/products/029/477/300/2624/front_fr.3.400.jpg,1479.0,,29.0,29.0,20.0,20.0,0.6,0.6,0.5,0.5,,,22.0,22.0,1.6,1.6,data_quality_error,data_quality_error,False,False,False,energy_above_900_kcal
3356833,Bonbons suisses aux plantes eucalyptus,ricola,ricola,snacks,"Snacks, Snacks sucrés, Confiseries, Bonbons",en:france,FRANCE,https://images.openfoodfacts.org/images/products/000/000/335/6833/front_fr.4.400.jpg,980.0,,0.0,0.0,0.0,0.0,98.0,98.0,0.0,0.0,,,0.0,0.0,0.0,0.0,data_quality_error,data_quality_error,False,False,False,energy_above_900_kcal
3422007,Milk Chocolate,hershey's,hershey's,snacks,"Snacks, Sweet snacks, Cocoa and its products, Confectioneries, Chocolate candies, Chocolates",en:france|en:united-states,FRANCE|US_CANADA,https://images.openfoodfacts.org/images/products/000/000/342/2007/front_en.26.400.jpg,2880.0,,28.0,28.0,18.0,18.0,60.0,60.0,56.0,56.0,16.0,16.0,8.0,8.0,0.2,0.2,data_quality_error,data_quality_error,False,False,False,energy_above_900_kcal
4010508,Snickers Almond,snickers,snickers,snacks,"Snacks, Sweet snacks, Cocoa and its products, Confectioneries, Bars, Chocolate candies, Bars covered with chocolate, fr:Barres chocolatées aux fruits oléagineux",en:france|en:united-states,FRANCE|US_CANADA,https://images.openfoodfacts.org/images/products/000/000/401/0508/front_en.41.400.jpg,23000.0,,20.040080160321,20.040080160321,8.0160320641283,8.0160320641283,66.132264529058,66.132264529058,56.112224448898,56.112224448898,2.0040080160321,2.0040080160321,6.0120240480962,6.0120240480962,0.55110220440882,0.55110220440882,data_quality_error,data_quality_error,False,False,False,energy_above_900_kcal
611269003864,Cherry Sakura Red Bull The Spring Edition Sugarfree Energy Drink,red bull,red bull,beverages,"en:beverages-and-beverages-preparations,en:beverages,en:energy-drinks,en:energy-drink-without-sugar-and-with-artificial-sweeteners",en:united-states,US_CANADA,https://images.openfoodfacts.org/images/products/061/126/900/3864/front_en.76.400.jpg,1500.0,,0.0,0.0,0.0,0.0,0.845070422535211,0.845070422535211,0.0,0.0,0.0,0.0,0.0,0.0,0.140845070422535,0.140845070422535,data_quality_error,data_quality_error,False,False,False,energy_above_900_kcal
611269113570,Red Bull The Yellow Edition Tropical Energy Drink,red bull,red bull,beverages,"Beverages and beverages preparations, Beverages, Carbonated drinks, Sodas, Energy drinks, Energy drink with sugar, en:sweetened-beverages",en:guadeloupe|en:united-states,US_CANADA,https://images.openfoodfacts.org/images/products/061/126/911/3570/front_en.33.400.jpg,16000.0,,0.0,0.0,,,11.830985915493,11.830985915493,10.7042253521127,10.7042253521127,,,0.0,0.0,0.140845070422535,0.140845070422535,data_quality_error,data_quality_error,False,False,False,energy_above_900_kcal
612322001759,Cracked Black Pepper Wholegrain Crackers,narn's,narn's,snacks,Crackers(Appetizers),en:united-kingdom,UK_IE,,2500.0,,5.0,5.0,2.22222222222222,2.22222222222222,20.5555555555556,20.5555555555556,0.555555555555556,0.555555555555556,2.22222222222222,2.22222222222222,2.77777777777778,2.77777777777778,0.486111111111111,0.486111111111111,data_quality_error,data_quality_error,False,False,False,energy_above_900_kcal
612322030292,Honey Crunchy Oat Bars,nairn's,nairn's,snacks,"Nairn crunchy oat bars, en:cereal-bars",en:united-kingdom,UK_IE,https://images.openfoodfacts.org/images/products/061/232/203/0292/front_en.3.400.jpg,9300.0,,19.1,19.1,7.6,7.6,61.3,61.3,8.0,8.0,7.5,7.5,7.7,7.7,0.6875,0.6875,data_quality_error,data_quality_error,False,False,False,energy_above_900_kcal
634418523600,Gummy Bears,albanese,albanese,snacks,"Snacks, Sweet snacks, Confectioneries, Candies, Gummi candies, Gummy bears",en:united-states,US_CANADA,https://images.openfoodfacts.org/images/products/063/441/852/3600/front_en.20.400.jpg,1111.11111111111,,0.0,0.0,0.0,0.0,68.75,68.75,43.75,43.75,0.0,0.0,3.125,3.125,0.15875,0.15875,data_quality_error,data_quality_error,False,False,False,energy_above_900_kcal
7117657,Baked,"lays, lay's",lays,snacks,en:potato-crisps,en:united-states,US_CANADA,https://images.openfoodfacts.org/images/products/000/000/711/7657/front_en.3.400.jpg,1100.0,,40.0,40.0,5.0,5.0,170.0,,20.0,20.0,10.0,10.0,20.0,20.0,3.0,3.0,data_quality_error,data_quality_error,False,False,False,energy_above_900_kcal
724190812877,Orange Prebiotic Soda,poppi,poppi,beverages,"Beverages and beverages preparations, Plant-based foods and beverages, Beverages, Plant-based beverages, Carbonated drinks, Fruit-based beverages, Sodas, Fruit sodas, Orange soft drinks, en:sweetened-beverages",en:united-states|en:world,US_CANADA,https://images.openfoodfacts.org/images/products/072/419/081/2877/front_en.121.400.jpg,3000.0,,0.0,0.0,0.0,0.0,2.54,2.54,1.41,1.41,0.85,0.85,0.0,0.0,0.0,0.0,data_quality_error,data_quality_error,False,False,False,energy_above_900_kcal
742906325800,Whole Milk Yogurt,dani,dani,dairies,yogurt,en:united-states,US_CANADA,https://images.openfoodfacts.org/images/products/074/290/632/5800/front_en.20.400.jpg,18666.6666666667,,3.52941176470588,3.52941176470588,2.05882352941176,2.05882352941176,7.05882352941176,7.05882352941176,7.05882352941176,7.05882352941176,0.0,0.0,4.70588235294118,4.70588235294118,0.198529411764706,0.198529411764706,data_quality_error,data_quality_error,False,False,False,energy_above_900_kcal
751746032120,Ovaltine Rich Chocolate Flavor,ovaltine,ovaltine,dairies,"Beverages and beverages preparations, Beverages, Dairies, Cocoa and its products, Beverage preparations, Dairy drinks, Dried products, Dried products to be rehydrated, Flavoured milks, Cocoa and chocolate powders, Instant beverages, Unsweetened beverages, Dehydrated beverages, Instant chocolate powders, Sweetened beverages, en:chocolate-milks",en:united-states,US_CANADA,https://images.openfoodfacts.org/images/products/075/174/603/2120/front_en.63.400.jpg,1272.72727272727,,22.7272727272727,22.7272727272727,13.6363636363636,13.6363636363636,200.0,,200.0,,0.0,0.0,72.7272727272727,72.7272727272727,2.84090909090909,2.84090909090909,data_quality_error,data_quality_error,False,False,False,energy_above_900_kcal
760295004281,Stellar Pretzel Thins Sea Salt,stellar,stellar,snacks,"Snacks, Salty snacks, Appetizers, Biscuits and crackers, Crackers (Appetizers), Pretzel, en:biscuits",en:united-states,US_CANADA,https://images.openfoodfacts.org/images/products/076/029/500/4281/front_en.16.400.jpg,32142.8571428571,,357.142857142857,,0.0,0.0,7142.85714285714,,0.0,0.0,1071.42857142857,,714.285714285714,,151.785714285714,,data_quality_error,data_quality_error,False,False,False,energy_above_900_kcal
810024401963,Organic Mango Yogurt Pick-Me Sticks,little bellies,little bellies,dairies,en:yogurt,en:united-states,US_CANADA,https://images.openfoodfacts.org/images/products/081/002/440/1963/front_en.5.400.jpg,3000.0,,,,,,,,,,,,,,,,data_quality_error,data_quality_error,False,False,False,energy_above_900_kcal
810291007950,Pumpkin Spice Cookies,tate's bake shop,tate's bake shop,snacks,"Snacks,Sweet snacks,Biscuits and cakes,Biscuits and crackers,Biscuits",en:italy|en:united-states,SOUTHERN_EUROPE|US_CANADA,https://images.openfoodfacts.org/images/products/081/029/100/7950/front_en.18.400.jpg,1923.07692307692,,23.0769230769231,23.0769230769231,13.4615384615385,13.4615384615385,69.2307692307692,69.2307692307692,42.3076923076923,42.3076923076923,0.0,0.0,7.69230769230769,7.69230769230769,0.0,0.0,data_quality_error,data_quality_error,False,False,False,energy_above_900_kcal
810571032061,Veggie Straws Made With Avocado Oil,from the ground up,from the ground up,snacks,"Plant-based foods and beverages, Plant-based foods, Fats, Vegetable fats, Vegetable oils, Fruit and fruit seed oils, Avocado oils, Veggie straws, en:crisps",en:united-states,US_CANADA,https://images.openfoodfacts.org/images/products/081/057/103/2061/front_en.18.400.jpg,1658.16326530612,,89.2857142857143,89.2857142857143,12.7551020408163,12.7551020408163,204.081632653061,,12.7551020408163,12.7551020408163,12.7551020408163,12.7551020408163,12.7551020408163,12.7551020408163,7.015306122449,7.015306122449,data_quality_error,data_quality_error,False,False,False,energy_above_900_kcal
815154020183,ORIGINAL CITRUS,full throttle,full throttle,beverages,"Beverages,Carbonated drinks,Sodas",en:united-states,US_CANADA,https://images.openfoodfacts.org/images/products/081/515/402/0183/front_en.17.400.jpg,1437.5,,0.0,0.0,0.0,0.0,12.050739957717,12.050739957717,11.627906976744,11.627906976744,,,0.0,0.0,0.084566596194502,0.084566596194502,data_quality_error,data_quality_error,False,False,False,energy_above_900_kcal
832958000661,India Pale Ale,glutenberg,glutenberg,beverages,"Boissons, Boissons alcoolisées, Bières, en:Ales, en:Specific products, Pale ales, en:Products for specific diets, Bières IPA, Produits sans gluten, Bières sans gluten",en:france,FRANCE,https://images.openfoodfacts.org/images/products/083/295/800/0661/front_fr.3.400.jpg,1.4232696253056154e+16,,0.0,0.0,0.0,0.0,6.34249471458774,6.34249471458774,0.0,0.0,0.0,0.0,0.0,0.0,0.0052854122621564,0.0052854122621564,data_quality_error,data_quality_error,False,False,False,energy_above_900_kcal
842379107078,String cheese,amazon,amazon,dairies,"en:dairies,en:dairy-by-products",en:united-states,US_CANADA,https://images.openfoodfacts.org/images/products/084/237/910/7078/front_en.10.400.jpg,8000.0,,21.428571428571,21.428571428571,12.5,12.5,0.0,0.0,0.0,0.0,0.0,0.0,25.0,25.0,1.6964285714286,1.6964285714286,data_quality_error,data_quality_error,False,False,False,energy_above_900_kcal
850460005066,Organic Pure Moringa Plant-based Superfood Powder,kuli kuli,kuli kuli,beverages,"Beverages,Dried products,Dried products to be rehydrated,Dehydrated beverages",en:united-states,US_CANADA,https://images.openfoodfacts.org/images/products/085/046/000/5066/front_en.6.400.jpg,1000.0,,0.0,0.0,,,50.0,50.0,0.0,0.0,33.3333333333333,33.3333333333333,16.6666666666667,16.6666666666667,,,data_quality_error,data_quality_error,False,False,False,energy_above_900_kcal
861555000118,Ghee Clarified Butter,4th & heart,4th & heart,dairies,"Plant-based foods and beverages, Dairies, Plant-based foods, Fats, Spreads, Vegetable fats, Spreadable fats, Animal fats, Dairy spreads, Milkfat, Butters",en:united-states,US_CANADA,https://images.openfoodfacts.org/images/products/086/155/500/0118/front_en.28.400.jpg,923.076923076923,,100.0,100.0,76.9230769230769,76.9230769230769,0.0,0.0,0.0,0.0,0.0,0.0,0.0,0.0,0.0,0.0,data_quality_error,data_quality_error,False,False,False,energy_above_900_kcal
884912284334,Honey Ohs! Sweetened Cereal With Honey,post,post,cereals,"Plant-based foods and beverages, Plant-based foods, Breakfasts, Cereals and potatoes, Cereals and their products, Breakfast cereals, Extruded cereals",en:united-states,US_CANADA,https://images.openfoodfacts.org/images/products/088/491/228/4334/front_en.14.400.jpg,1000.0,,18.75,18.75,0.0,0.0,212.5,,0.0,0.0,0.0,0.0,12.5,12.5,3.75,3.75,data_quality_error,data_quality_error,False,False,False,energy_above_900_kcal
2000000000077,Pains au chocolat,,unknown,snacks,"Snacks, Snacks sucrés, Viennoiseries, Pains au chocolat",en:france,FRANCE,https://images.openfoodfacts.org/images/products/200/000/000/0077/front_fr.13.400.jpg,1009.0,,23.0,23.0,11.0,11.0,40.0,40.0,11.0,11.0,,,8.3999996185303,8.3999996185303,1.1,1.1,data_quality_error,data_quality_error,False,False,False,energy_above_900_kcal
2000000071879,Chausson aux pommes,e.leclerc,e.leclerc,snacks,"Snacks, Snacks sucrés, Viennoiseries, Chaussons aux pommes",en:france,FRANCE,https://images.openfoodfacts.org/images/products/200/000/007/1879/front_fr.5.400.jpg,1262.0,,18.0,18.0,12.0,12.0,30.0,30.0,10.0,10.0,,,3.6,3.6,0.63,0.63,data_quality_error,data_quality_error,False,False,False,energy_above_900_kcal
2000000113503,Reformulated Brownie,legria-brownie,legria-brownie,snacks,"Snacks, Sweet snacks, Biscuits and cakes, Cakes, Chocolate cakes, Brownies",en:united-kingdom,UK_IE,,2110.0,,29.0,29.0,12.0,12.0,54.7,54.7,34.6,34.6,6.2,6.2,6.4,6.4,0.7,0.7,data_quality_error,data_quality_error,False,False,False,energy_above_900_kcal
2000008015721,Briochette nature,e.leclerc,e.leclerc,snacks,"Snacks, Snacks sucrés, Viennoiseries, Brioches, Brioche préemballée, Briochettes",en:france,FRANCE,https://images.openfoodfacts.org/images/products/200/000/801/5721/front_fr.3.400.jpg,992.0,,32.0,32.0,19.0,19.0,140.0,,27.0,27.0,,,33.0,33.0,3.2,3.2,data_quality_error,data_quality_error,False,False,False,energy_above_900_kcal
20024765,Saint-Félicien,"saveur de nos regions,duc de coeur",saveur de nos regions,dairies,"Produits laitiers, Produits fermentés, Produits laitiers fermentés, Fromages, Fromages de vache, Fromages de France, Fromages à pâte molle à croûte fleurie, Fromages au lait cru, Saint-Félicien",en:france,FRANCE,https://images.openfoodfacts.org/images/products/000/002/002/4765/front_fr.21.400.jpg,950.0,,25.0,25.0,19.0,19.0,1.0,1.0,0.5,0.5,0.0,0.0,12.0,12.0,1.5,1.5,data_quality_error,data_quality_error,False,False,False,energy_above_900_kcal
20037857,Zumo de melocoton y uva,solevita,solevita,beverages,"Alimentos y bebidas de origen vegetal, Bebidas, Bebidas de origen vegetal, Bebidas a base de frutas, Zumos y néctares, Zumos de frutas, Zumos multifruta",en:france|en:spain,FRANCE|SOUTHERN_EUROPE,https://images.openfoodfacts.org/images/products/000/002/003/7857/front_es.52.400.jpg,5555.0,,0.2,0.2,0.03915,0.03915,12.8,12.8,11.463,11.463,1.285,1.285,0.5,0.5,0.01,0.01,data_quality_error,data_quality_error,False,False,False,energy_above_900_kcal
2020000295426,Pain choco,leclerc,leclerc,snacks,"Snacks, Snacks sucrés, Viennoiseries, Pains au chocolat",en:france,FRANCE,https://images.openfoodfacts.org/images/products/202/000/029/5426/front_fr.9.400.jpg,950.0,,21.0,21.0,19.0,19.0,41.0,41.0,13.0,13.0,,,7.7,7.7,0.85,0.85,data_quality_error,data_quality_error,False,False,False,energy_above_900_kcal
20961473,Chips paprika,snack day,snack day,snacks,"Snacks, Snacks salés, Amuse-gueules, Chips et frites, Chips, en:Paprika chips",en:france,FRANCE,https://images.openfoodfacts.org/images/products/000/002/096/1473/front_fr.8.400.jpg,1034.0,,33.0,33.0,3.4,3.4,52.0,52.0,3.5,3.5,,,5.7,5.7,1.4,1.4,data_quality_error,data_quality_error,False,False,False,energy_above_900_kcal
2225651016141,Fourme d'Ambert,,unknown,dairies,"Produits laitiers, Produits fermentés, Produits laitiers fermentés, Fromages, Fromages à pâte persillée, Fromages de France, Fromages à pâte persillée français, Fourme d'Ambert",en:france,FRANCE,https://images.openfoodfacts.org/images/products/222/565/101/6141/front_fr.3.400.jpg,1480.0,,26.0,26.0,22.0,22.0,1.0,1.0,0.0,0.0,,,24.0,24.0,2.5,2.5,data_quality_error,data_quality_error,False,False,False,energy_above_900_kcal
2240318021917,Mimolette,,unknown,dairies,Mimolettes,en:france,FRANCE,https://images.openfoodfacts.org/images/products/224/031/802/1917/front_fr.3.400.jpg,998.0,,30.0,30.0,21.0,21.0,0.0,0.0,0.0,0.0,,,32.0,32.0,3.2,3.2,data_quality_error,data_quality_error,False,False,False,energy_above_900_kcal
2255019039888,Reblochon aop fermier,,unknown,dairies,"Produits laitiers, Produits fermentés, Produits laitiers fermentés, Fromages, Fromages de vache, Fromages de France, Fromages à pâte pressée non cuite, Reblochons",en:france,FRANCE,https://images.openfoodfacts.org/images/products/225/501/903/9888/front_fr.3.400.jpg,1370.0,,27.6,27.6,16.9,16.9,0.0,0.0,0.0,0.0,,,25.0,25.0,1.5,1.5,data_quality_error,data_quality_error,False,False,False,energy_above_900_kcal
2444532080167,Saint-nectaire fermier au lait cru,,unknown,dairies,en:saint-nectaire,en:france,FRANCE,https://images.openfoodfacts.org/images/products/244/453/208/0167/front_fr.3.400.jpg,1378.0,,27.0,27.0,18.0,18.0,1.1000000238419,1.1000000238419,0.5,0.5,,,21.0,21.0,1.5,1.5,data_quality_error,data_quality_error,False,False,False,energy_above_900_kcal
2488026019097,Tomme de savoie igp fruitee,,unknown,dairies,"Produits laitiers, Produits fermentés, Produits laitiers fermentés, Fromages, Produits de montagne, Fromages de France, Fromages de montagne, Tommes, Tomme de Savoie",en:france,FRANCE,https://images.openfoodfacts.org/images/products/248/802/601/9097/front_fr.3.400.jpg,1475.0,,28.0,28.0,17.1,17.1,1.71,1.71,0.2,0.2,,,24.1,24.1,1.45,1.45,data_quality_error,data_quality_error,False,False,False,energy_above_900_kcal
2488038017913,Mimolette croute naturelle,,unknown,dairies,en:mimolette-cheese,en:france,FRANCE,https://images.openfoodfacts.org/images/products/248/803/801/7913/front_fr.3.400.jpg,1406.0,,24.0,24.0,16.3,16.3,1.5,1.5,1.5,1.5,,,29.0,29.0,2.5,2.5,data_quality_error,data_quality_error,False,False,False,energy_above_900_kcal
25378139,Chewy white choc chip cereal bars,harvest morn,harvest morn,snacks,"Breakfasts, en:cereal-bars",en:united-kingdom,UK_IE,https://images.openfoodfacts.org/images/products/000/002/537/8139/front_fr.4.400.jpg,1772.72727272727,,45.4545454545455,45.4545454545455,22.7272727272727,22.7272727272727,28.1818181818182,28.1818181818182,11.8181818181818,11.8181818181818,22.7272727272727,22.7272727272727,27.7272727272727,27.7272727272727,2.0,2.0,data_quality_error,data_quality_error,False,False,False,energy_above_900_kcal
2625068045596,Saint felicien,"etoile du vercors, lactalis",etoile du vercors,dairies,"Dairies,Fermented foods,Fermented milk products,Cheeses,Soft cheeses,Cow cheeses,Soft cheeses with bloomy rind,French cheeses,Saint-Félicien cheese",en:france,FRANCE,https://images.openfoodfacts.org/images/products/262/506/804/5596/front_fr.3.400.jpg,1381.0,,32.0,32.0,22.0,22.0,1.6000000238419,1.6000000238419,1.6000000238419,1.6000000238419,,,10.0,10.0,1.2000000476837,1.2000000476837,data_quality_error,data_quality_error,False,False,False,energy_above_900_kcal
2860010014330,Edam jeune,,unknown,dairies,"Produits laitiers, Produits fermentés, Produits laitiers fermentés, Fromages, Fromages des Pays-Bas, Edam",en:france,FRANCE,https://images.openfoodfacts.org/images/products/286/001/001/4330/front_fr.3.400.jpg,1313.0,,24.0,24.0,17.0,17.0,0.5,0.5,0.5,0.5,,,25.0,25.0,2.6,2.6,data_quality_error,data_quality_error,False,False,False,energy_above_900_kcal
2860010015603,EDAM Jeune,,unknown,dairies,"Produits laitiers, Produits fermentés, Produits laitiers fermentés, Fromages, Fromages des Pays-Bas, Edam",en:france,FRANCE,https://images.openfoodfacts.org/images/products/286/001/001/5603/front_fr.3.400.jpg,1313.0,,24.0,24.0,17.0,17.0,0.5,0.5,0.5,0.5,,,25.0,25.0,2.6,2.6,data_quality_error,data_quality_error,False,False,False,energy_above_900_kcal
29103287,Cypriot Halloumi,m&s,m&s,dairies,"Dairies,Cypriot cheeses,Halloumi",en:united-kingdom,UK_IE,https://images.openfoodfacts.org/images/products/000/002/910/3287/front_en.3.400.jpg,918.578712555767,,21.7,21.7,13.8,13.8,1.2,1.2,0.7,0.7,1.0,1.0,18.9,18.9,2.93,2.93,data_quality_error,data_quality_error,False,False,False,energy_above_900_kcal
29310463,PORRIDGE TRADITIONAL SCOTTISH OATS,m&s food,m&s food,cereals,rolled oats,en:united-kingdom,UK_IE,https://images.openfoodfacts.org/images/products/000/002/931/0463/front_en.24.400.jpg,1512.0,,7.7,7.7,1.3,1.3,60.7,60.7,1.1,1.1,8.2,8.2,10.8,10.8,0.03,0.03,data_quality_error,data_quality_error,False,False,False,energy_above_900_kcal
3000000001622,5 suisses aux pépites de chocolat,e. leclerc,e. leclerc,snacks,"Snacks, Snacks sucrés, Viennoiseries, Pain au chocolat préemballé",en:france,FRANCE,https://images.openfoodfacts.org/images/products/300/000/000/1622/front_fr.19.400.jpg,1137.0,,8.5,8.5,2.5,2.5,44.0,44.0,18.0,18.0,,,6.2,6.2,0.8,0.8,data_quality_error,data_quality_error,False,False,False,energy_above_900_kcal
3033710066025,NESTEA THE Arôme citron Poche de 1 Kg,nestea,nestea,beverages,"Boissons et préparations de boissons, Aliments et boissons à base de végétaux, Boissons, Boissons chaudes, Boissons à base de végétaux, Thés",en:france,FRANCE,https://images.openfoodfacts.org/images/products/303/371/006/6025/front_fr.23.400.jpg,1675.0,,0.0,0.0,0.0,0.0,97.5,97.5,97.5,97.5,0.0,0.0,0.0,0.0,0.0,0.0,data_quality_error,data_quality_error,False,False,False,energy_above_900_kcal
3046920007801,"Création - Coco Frappé, fraîcheur pailletée",lindt,lindt,snacks,"Snacks, Snacks sucrés, Cacao et dérivés, Chocolats, Chocolats noirs, Chocolats fourrés, Chocolats noirs extra fin, Chocolats noirs fourrés, Chocolats fourrés à la noix de coco",en:france,FRANCE,https://images.openfoodfacts.org/images/products/304/692/000/7801/front_fr.5.400.jpg,529.0,529.0,31.0,31.0,19.0,19.0,55.0,55.0,50.0,50.0,-0.0535817307692312,,4.4,4.4,0.09,0.09,data_quality_error,data_quality_error,False,False,False,negative_nutrient_value
3046920009997,Ganache framboise,"lindt et sprüngli, lindt, lindt création",lindt,snacks,"Snacks, Snacks sucrés, Cacao et dérivés, Chocolats, Chocolats noirs, Chocolats fourrés, Chocolats noirs extra fin, Chocolats noirs fourrés",en:france,FRANCE,https://images.openfoodfacts.org/images/products/304/692/000/9997/front_fr.11.400.jpg,499.4,499.4,29.0,29.0,17.0,17.0,55.0,55.0,50.0,50.0,-0.0036177884615383,,4.6,4.6,0.08,0.08,data_quality_error,data_quality_error,False,False,False,negative_nutrient_value
3046920021630,Creation pavlova framboise imp,lindt,lindt,snacks,"Snacks, Snacks sucrés, Cacao et dérivés, Chocolats, Chocolats au lait, Chocolats fourrés, Chocolats au lait fourrés",en:france|en:switzerland,FRANCE|DACH,https://images.openfoodfacts.org/images/products/304/692/002/1630/front_fr.14.400.jpg,554.0,554.0,35.0,35.0,22.0,22.0,53.0,53.0,50.0,50.0,-0.033890625,,5.4,5.4,0.23,0.23,data_quality_error,data_quality_error,False,False,False,negative_nutrient_value
3046920040617,"Création Tiramisu cœur, onctueux, tiramisu et coulis café",lindt,lindt,snacks,"Snacks, Snacks sucrés, Cacao et dérivés, Chocolats, Chocolats au lait, Chocolats fourrés, Chocolats au lait fourrés",en:france,FRANCE,https://images.openfoodfacts.org/images/products/304/692/004/0617/front_fr.23.400.jpg,565.0,565.0,37.0,37.0,23.0,23.0,52.0,52.0,49.0,49.0,-0.130318368055555,,5.7,5.7,0.24,0.24,data_quality_error,data_quality_error,False,False,False,negative_nutrient_value
3046920042604,Création Les Macarons Fraise,lindt,lindt,snacks,Filled milk chocolates,en:france,FRANCE,https://images.openfoodfacts.org/images/products/304/692/004/2604/front_fr.4.400.jpg,548.0,548.0,33.0,33.0,20.0,20.0,55.0,55.0,53.0,53.0,-0.0492046875,,5.7,5.7,0.21,0.21,data_quality_error,data_quality_error,False,False,False,negative_nutrient_value
3046920042611,Chocolat Les Macarons Fraise,lindt,lindt,snacks,"Snacks, Snacks sucrés, Cacao et dérivés, Chocolats, Chocolats au lait, Chocolats fourrés, Chocolats au lait fourrés",en:france,FRANCE,https://images.openfoodfacts.org/images/products/304/692/004/2611/front_fr.24.400.jpg,548.0,548.0,33.0,33.0,20.0,20.0,55.0,55.0,53.0,53.0,-0.0536471726190471,,5.7,5.7,0.2,0.2,data_quality_error,data_quality_error,False,False,False,negative_nutrient_value
3046920042635,Créations Les Macarons Vanille,lindt,lindt,snacks,"Snacks, Snacks sucrés, Cacao et dérivés, Chocolats, Chocolats au lait, Chocolats fourrés, Chocolats au lait fourrés",en:france,FRANCE,https://images.openfoodfacts.org/images/products/304/692/004/2635/front_fr.12.400.jpg,548.0,548.0,33.0,33.0,20.0,20.0,55.0,55.0,53.0,53.0,-0.0606375,,5.7,5.7,0.2,0.2,data_quality_error,data_quality_error,False,False,False,negative_nutrient_value
3046920042642,Creation Les Macarons Vanille,lindt,lindt,snacks,"Snacks, Snacks sucrés, Cacao et dérivés, Chocolats, Chocolats au lait, Chocolats fourrés, Chocolats au lait extra fin, Chocolats au lait fourrés",en:france,FRANCE,https://images.openfoodfacts.org/images/products/304/692/004/2642/front_fr.5.400.jpg,548.0,548.0,33.0,33.0,20.0,20.0,55.0,55.0,53.0,53.0,-0.0606375,,5.7,5.7,0.2,0.2,data_quality_error,data_quality_error,False,False,False,negative_nutrient_value
3046920044691,Création vanille-amandes coulis de caramel,lindt,lindt,snacks,"Snacks, Snacks sucrés, Cacao et dérivés, Chocolats",en:france,FRANCE,,330.876709558824,330.876709558824,38.0735900735294,38.0735900735294,6.71305055147059,6.71305055147059,53.6931433823529,53.6931433823529,53.6942821691176,53.6942821691176,-0.002729779411765,,4.98670514705882,4.98670514705882,0.125995485294118,0.125995485294118,data_quality_error,data_quality_error,False,False,False,negative_nutrient_value
3046920045704,Himbeere de Luxe,lindt,lindt,snacks,"Imbiss, Süßer Snack, Kakao und Kakaoprodukte, Schokoladen, Bitterschokoladen, Gefüllte Schokolade, Gefüllte dunkle Schokolade",en:france|en:germany,FRANCE|DACH,https://images.openfoodfacts.org/images/products/304/692/004/5704/front_de.19.400.jpg,515.0,515.0,29.0,29.0,17.0,17.0,55.0,55.0,50.0,50.0,-0.001185661764706,,4.6,4.6,0.08,0.08,data_quality_error,data_quality_error,False,False,False,negative_nutrient_value
3046920045896,Lindt Création Noir Coco Frappée,"lindt, lindt & sprüngli, lindt création",lindt,snacks,"Snacks, Snacks sucrés, Cacao et dérivés, Chocolats, Chocolats noirs, Chocolats fourrés, Chocolats noirs fourrés",en:france,FRANCE,https://images.openfoodfacts.org/images/products/304/692/004/5896/front_fr.3.400.jpg,528.0,528.0,31.0,31.0,19.0,19.0,55.0,55.0,50.0,50.0,-0.0535817307692312,,4.4,4.4,0.1,0.1,data_quality_error,data_quality_error,False,False,False,negative_nutrient_value
3046920045902,Création ganache framboise,lindt,lindt,snacks,"Snacks, Snacks sucrés, Cacao et dérivés, Chocolats, Chocolats noirs, Chocolats fourrés, Chocolats noirs fourrés",en:france,FRANCE,https://images.openfoodfacts.org/images/products/304/692/004/5902/front_fr.38.400.jpg,513.0,513.0,29.0,29.0,17.0,17.0,53.0,53.0,48.0,48.0,-0.001185661764706,,4.6,4.6,0.1,0.1,data_quality_error,data_quality_error,False,False,False,negative_nutrient_value
3046920047418,Chocolat au lait coeur crémeux et coulis de chocolat noir,lindt,lindt,snacks,"Snacks, Snacks sucrés, Cacao et dérivés, Chocolats, Chocolats au lait, Chocolats au lait extra fin",en:france,FRANCE,https://images.openfoodfacts.org/images/products/304/692/004/7418/front_fr.6.400.jpg,550.0,550.0,34.0,34.0,20.0,20.0,55.0,55.0,52.0,52.0,-0.0552097886029413,,6.0,6.0,0.189992,0.189992,data_quality_error,data_quality_error,False,False,False,negative_nutrient_value
3067140013120,Chicorée soluble nature,leroux,leroux,beverages,"Chicorée soluble,Chicorée instantanée avec de l'eau",en:france|en:morocco|en:spain,FRANCE|SOUTHERN_EUROPE,https://images.openfoodfacts.org/images/products/306/714/001/3120/front_en.274.400.jpg,6180.0,,10.0,10.0,2.0,2.0,1160.0,,420.0,,640.0,,62.0,62.0,0.0,0.0,data_quality_error,data_quality_error,False,False,False,energy_above_900_kcal
3073766460286,La vache qui rit,,unknown,dairies,en:cheeses,en:france,FRANCE,https://images.openfoodfacts.org/images/products/307/376/646/0286/front_fr.3.400.jpg,990.0,,18.5,18.5,12.5,12.5,6.5,6.5,6.5,6.5,,,11.5,11.5,1.7999999523163,1.7999999523163,data_quality_error,data_quality_error,False,False,False,energy_above_900_kcal
3073780225960,Mini Original,babybel,babybel,dairies,"Dairies, Fermented foods, Fermented milk products, Cheeses, Cow cheeses, Fresh foods, French cheeses, Pasteurized cheeses, Industrial cheese",en:france|en:united-kingdom,FRANCE|UK_IE,https://images.openfoodfacts.org/images/products/307/378/022/5960/front_en.34.400.jpg,1475.0,,4.6,4.6,3.1,3.1,0.01,0.01,0.01,0.01,0.0,0.0,4.4,4.4,0.335,0.335,data_quality_error,data_quality_error,False,False,False,energy_above_900_kcal
3073780902366,Original Mini,babybel,babybel,dairies,"Laticínios,Alimentos Fermentados,Produtos lácteos fermentados,Queijos,Queijos de vaca,en:Lactose-free cheeses",en:austria|en:france|en:germany|en:portugal|en:reunion|en:spain,DACH|FRANCE|SOUTHERN_EUROPE,https://images.openfoodfacts.org/images/products/307/378/090/2366/front_es.69.400.jpg,1540.0,,23.0,23.0,15.5,15.5,0.01,0.01,0.01,0.01,0.0,0.0,22.0,22.0,1.7,1.7,data_quality_error,data_quality_error,False,False,False,energy_above_900_kcal
3073781022131,Fromage fondu,"fromageries bel, la vache qui rit",fromageries bel,dairies,"Dairies, Fermented foods, Fermented milk products, Cheeses, Melted cheese",en:france|en:world,FRANCE,https://images.openfoodfacts.org/images/products/307/378/102/2131/front_fr.4.400.jpg,990.0,,18.5,18.5,12.5,12.5,6.5,6.5,6.5,6.5,,,11.5,11.5,1.8,1.8,data_quality_error,data_quality_error,False,False,False,energy_above_900_kcal
3073781218732,ORIGINAL CLASSIC RECIPE,the laughing cow,the laughing cow,dairies,Cheese spreads,en:united-kingdom,UK_IE,https://images.openfoodfacts.org/images/products/307/378/121/8732/front_en.19.400.jpg,1546.66666666667,,18.0,18.0,12.0,12.0,6.0,6.0,6.0,6.0,,,11.3333333333333,11.3333333333333,11.15,11.15,data_quality_error,data_quality_error,False,False,False,energy_above_900_kcal
3099873045369,Jack Daniel's No.7,jack daniel s,jack daniel s,beverages,"Boissons, Boissons alcoolisées, Boissons distillés, Alcools forts, Eaux-de-vie, Whiskys, Whisky américain",en:france,FRANCE,https://images.openfoodfacts.org/images/products/309/987/304/5369/front_en.20.400.jpg,2190.0,,0.0,0.0,,,0.0,0.0,0.0,0.0,0.0,0.0,0.0,0.0,0.0,0.0,data_quality_error,data_quality_error,False,False,False,energy_above_900_kcal
3168930158684,Super goodness,"quaker, super goodness",quaker,cereals,"Aliments et boissons à base de végétaux, Aliments d'origine végétale, Petit-déjeuners, Céréales et pommes de terre, Céréales et dérivés, Céréales pour petit-déjeuner, Céréales aux fruits, Mueslis, Mueslis aux fruits",en:france,FRANCE,https://images.openfoodfacts.org/images/products/316/893/015/8684/front_fr.32.400.jpg,1665.0,,7.0,7.0,1.0,1.0,71.0,71.0,11.0,11.0,7.4,7.4,8.8,8.8,0.1,0.1,data_quality_error,data_quality_error,False,False,False,energy_above_900_kcal
3173320003093,Baba au Rhum,,unknown,snacks,"Snacks, Snacks sucrés, Biscuits et gâteaux, Pâtisseries, Babas au rhum",en:france,FRANCE,https://images.openfoodfacts.org/images/products/317/332/000/3093/front_fr.8.400.jpg,1190.0,,4.9,4.9,2.1,2.1,50.5,50.5,41.5,41.5,,,2.7,2.7,0.32,0.32,data_quality_error,data_quality_error,False,False,False,energy_above_900_kcal
3175681066632,Biscuits pavot citron,gerblé,gerble,snacks,"Snacks,Sweet snacks,Biscuits and cakes,Biscuits and crackers,Biscuits,Dry biscuits",en:france|en:reunion|en:switzerland,FRANCE|DACH,https://images.openfoodfacts.org/images/products/317/568/106/6632/front_fr.152.400.jpg,1896.0,,16.0,16.0,1.4,1.4,66.0,66.0,16.0,16.0,5.0,5.0,8.9,8.9,0.36,0.36,data_quality_error,data_quality_error,False,False,False,energy_above_900_kcal
3175681105423,Cookie cacao pépites Sans Sucre,gerblé,gerble,snacks,"Snacks,Sweet snacks,Biscuits and cakes,Biscuits and crackers,Biscuits,Chocolate biscuits",en:belgium|en:france|en:french-polynesia|en:switzerland,BENELUX|FRANCE|DACH,https://images.openfoodfacts.org/images/products/317/568/110/5423/front_fr.135.400.jpg,3833.33333333333,,18.0,18.0,3.3,3.3,61.0,61.0,0.0,0.0,8.9,8.9,8.0,8.0,0.21,0.21,data_quality_error,data_quality_error,False,False,False,energy_above_900_kcal
3175681135024,moelleux pépites de chocolat,gerblé,gerble,snacks,"Snacks,Sweet snacks,Biscuits and cakes,Biscuits,Cakes,Chocolate cakes",en:france,FRANCE,https://images.openfoodfacts.org/images/products/317/568/113/5024/front_fr.66.400.jpg,1364.28571428571,,21.0,21.0,1.3,1.3,50.0,50.0,0.0,0.0,4.5,4.5,5.4,5.4,0.46,0.46,data_quality_error,data_quality_error,False,False,False,energy_above_900_kcal
3191010083064,Sirop de citron,,unknown,beverages,"Boissons, Sirops, Sirops aromatisés, Sirops de citron",en:france,FRANCE,https://images.openfoodfacts.org/images/products/319/101/008/3064/front_fr.4.400.jpg,1122.0,,0.0,0.0,0.0,0.0,63.8,63.8,63.8,63.8,,,0.0,0.0,0.0,0.0,data_quality_error,data_quality_error,False,False,False,energy_above_900_kcal
3222110028775,Saint Albray - format familial,saint albray,saint albray,dairies,"Produits laitiers, Produits fermentés, Produits laitiers fermentés, Fromages, Fromages de vache, Fromages de France, Fromages pasteurisés, Fromages à pâte molle à croûte naturelle",en:france|en:switzerland,FRANCE|DACH,https://images.openfoodfacts.org/images/products/322/211/002/8775/front_fr.63.400.jpg,1202.99553855959,,33.0,33.0,24.0,24.0,0.5,0.5,0.5,0.5,,,17.0,17.0,1.2,1.2,data_quality_error,data_quality_error,False,False,False,energy_above_900_kcal
3222470111469,Guimauves Framboise Sachet 160g Guichard Perrachon,guichard perrachon,guichard perrachon,snacks,"Snacks, Snacks sucrés, Confiseries, Bonbons, Guimauves",en:france,FRANCE,https://images.openfoodfacts.org/images/products/322/247/011/1469/front_fr.4.400.jpg,338.0,338.0,0.0,0.0,0.0,0.0,81.0,81.0,70.0,70.0,-0.0214276442307691,,3.4,3.4,0.04,0.04,data_quality_error,data_quality_error,False,False,False,negative_nutrient_value
3222476707871,Tiramisu - Format familial,"casino, casino saveurs d'ailleurs",casino,dairies,"Produits laitiers, Snacks, Desserts, Snacks sucrés, Desserts lactés, Biscuits et gâteaux, Pâtisseries, Tiramisu",en:france,FRANCE,https://images.openfoodfacts.org/images/products/322/247/670/7871/front_fr.4.400.jpg,240.0,240.0,10.0,10.0,8.7,8.7,30.0,30.0,17.0,17.0,-0.000967708333334,,4.8,4.8,0.15,0.15,data_quality_error,data_quality_error,False,False,False,negative_nutrient_value
3250392560300,Edam tranche 200g,netto,netto,dairies,"Produits laitiers, Produits fermentés, Produits laitiers fermentés, Fromages, Fromages des Pays-Bas, Edam",en:france,FRANCE,https://images.openfoodfacts.org/images/products/325/039/256/0300/front_fr.18.400.jpg,1240.0,,23.0,23.0,17.0,17.0,0.7,0.7,0.0,0.0,0.0,0.0,25.0,25.0,1.9,1.9,data_quality_error,data_quality_error,False,False,False,energy_above_900_kcal
3252755250002,Madeleines Longues Marbrées chocolat,le ster,le ster,snacks,"Snacks, Desserts, Snacks sucrés, Biscuits et gâteaux, Gâteaux, Gâteaux au chocolat, Madeleines, Madeleines au chocolat, Madeleines longues",en:france|en:switzerland,FRANCE|DACH,https://images.openfoodfacts.org/images/products/325/275/525/0002/front_fr.107.400.jpg,2210.0,,22.0,22.0,2.8,2.8,54.0,54.0,29.0,29.0,1.6,1.6,6.3,6.3,1.0,1.0,data_quality_error,data_quality_error,False,False,False,energy_above_900_kcal
3256220870917,Céréales Pétales croustillantes chocolat caramel paquet de 375g,u,u,cereals,"Plant-based foods and beverages, Plant-based foods, Breakfasts, Cereals and potatoes, Cereals and their products, Breakfast cereals, Chocolate cereals, Cereals with caramel, Cereals with honey, Extruded cereals",en:france,FRANCE,https://images.openfoodfacts.org/images/products/325/622/087/0917/front_fr.72.400.jpg,2114.0,,24.0,24.0,19.0,19.0,66.0,66.0,31.0,31.0,6.2,6.2,9.0,9.0,0.34,0.34,data_quality_error,data_quality_error,False,False,False,energy_above_900_kcal
3256229273344,Céréales pétales blé goût chocolat - paquet de 375g,u,u,cereals,"Aliments et boissons à base de végétaux,Aliments d'origine végétale,Petit-déjeuners,Céréales et pommes de terre,Céréales et dérivés,Céréales pour petit-déjeuner,Céréales au chocolat,Céréales extrudées,Pétales de blé chocolatés,Céréales chocolatées pour petit-déjeuner non fourrées et non enrichies en vitamines et minéraux,Céréales au chocolat pour petit-déjeuner équilibré",en:france,FRANCE,https://images.openfoodfacts.org/images/products/325/622/927/3344/front_fr.45.400.jpg,2114.0,,24.0,24.0,19.0,19.0,66.0,66.0,31.0,31.0,8.7,8.7,11.0,11.0,0.18,0.18,data_quality_error,data_quality_error,False,False,False,energy_above_900_kcal
3256229273351,"Céréales Pétales de maïs sucré, paquet 375g",u,u,cereals,"Plant-based foods and beverages, Plant-based foods, Cereals and potatoes, Seeds, Cereals and their products, Cereal grains, Corn, en:corn-flakes, Céréales au miel",en:france,FRANCE,https://images.openfoodfacts.org/images/products/325/622/927/3351/front_en.6.400.jpg,2114.0,,24.0,24.0,19.0,19.0,66.0,66.0,31.0,31.0,2.6,2.6,5.5,5.5,0.68,0.68,data_quality_error,data_quality_error,False,False,False,energy_above_900_kcal
3259426028748,Madeleines Pépites Chocolat,ker cadélac,ker cadelac,snacks,en:chocolate-madeleines,en:france,FRANCE,https://images.openfoodfacts.org/images/products/325/942/602/8748/front_en.3.400.jpg,1939.19995117188,,27.2000007629395,27.2000007629395,4.40000009536743,4.40000009536743,48.0,48.0,27.2000007629395,27.2000007629395,,,5.59999990463257,5.59999990463257,,,data_quality_error,data_quality_error,False,False,False,energy_above_900_kcal
3263852200869,Chocolat noir dessert,leader price,leader price,snacks,"Snacks,Sweet snacks,Cocoa and its products,Chocolates,Dark chocolates,Dark-chocolate-bar-for-cooking-with-more-than-40-cocoa",en:france|en:guadeloupe,FRANCE,https://images.openfoodfacts.org/images/products/326/385/220/0869/front_fr.21.400.jpg,1036.66666666667,,30.0,30.0,18.0,18.0,52.0,52.0,48.0,48.0,8.4,8.4,6.6,6.6,0.02,0.02,data_quality_error,data_quality_error,False,False,False,energy_above_900_kcal
3292483840045,Sirop menthe rieme,rieme,rieme,beverages,"Boissons, Sirops, Sirops aromatisés, Sirops de menthe",en:france,FRANCE,https://images.openfoodfacts.org/images/products/329/248/384/0045/front_fr.3.400.jpg,1386.0,,0.3,0.3,0.0,0.0,80.3,80.3,78.0,78.0,,,0.3,0.3,0.0,0.0,data_quality_error,data_quality_error,False,False,False,energy_above_900_kcal
3297260200081,Le tendr’chevre,,unknown,dairies,en:cheeses,en:france,FRANCE,https://images.openfoodfacts.org/images/products/329/726/020/0081/front_fr.3.400.jpg,1260.0,,24.35,24.35,18.0,18.0,0.65,0.65,0.33,0.33,,,20.49,20.49,2.49,2.49,data_quality_error,data_quality_error,False,False,False,energy_above_900_kcal
3316457000003,Flan nature,,unknown,dairies,"Produits laitiers, Snacks, Desserts, Snacks sucrés, Desserts lactés, Biscuits et gâteaux, Pâtisseries, Flans gélifiés, Flans pâtissiers",en:france,FRANCE,https://images.openfoodfacts.org/images/products/331/645/700/0003/front_fr.4.400.jpg,999.0,,9.9,9.9,6.2,6.2,33.0,33.0,20.0,20.0,,,3.8,3.8,0.27,0.27,data_quality_error,data_quality_error,False,False,False,energy_above_900_kcal
3324321302160,Brioche Tressée Nature,mémé hélène,meme helene,snacks,"Snacks, Snacks sucrés, Viennoiseries, Brioches, Brioches tressées",en:france,FRANCE,https://images.openfoodfacts.org/images/products/332/432/130/2160/front_fr.12.400.jpg,1350.0,,9.3,9.3,1.1,1.1,57.0,57.0,13.0,13.0,,,7.4,7.4,1.2,1.2,data_quality_error,data_quality_error,False,False,False,energy_above_900_kcal
3336770040012,Citronnade,,unknown,beverages,"Boissons, Citronnades",en:france,FRANCE,https://images.openfoodfacts.org/images/products/333/677/004/0012/front_fr.3.400.jpg,1092.0,,0.0,0.0,0.0,0.0,62.0,62.0,62.0,62.0,0.0,0.0,0.0,0.0,0.0,0.0,data_quality_error,data_quality_error,False,False,False,energy_above_900_kcal
3365500001207,Le P'tit Mix fromage chèvre et vache 180g LP,,unknown,dairies,"fr:fromages, produits-fermentés, fr:produits-laitiers, produits-laitiers-fermentés, en:cheeses",en:france,FRANCE,,1228.0,,24.0,24.0,16.0,16.0,0.1,0.1,0.1,0.1,,,20.0,20.0,1.5,1.5,data_quality_error,data_quality_error,False,False,False,energy_above_900_kcal
3395328349526,Chocolat noir 85% Abinao,valrhona abinao,valrhona,snacks,"Snacks,Snacks sucrés,Cacao et dérivés,Chocolats,Chocolats noirs,Chocolat noir en tablette extra dégustation à 70% de cacao minimum",en:france,FRANCE,https://images.openfoodfacts.org/images/products/339/532/834/9526/front_fr.17.400.jpg,922.857142857143,,80.0,80.0,48.5714285714286,48.5714285714286,68.8571428571429,68.8571428571429,27.7142857142857,27.7142857142857,23.1428571428571,23.1428571428571,16.2857142857143,16.2857142857143,0.142857142857143,0.142857142857143,data_quality_error,data_quality_error,False,False,False,energy_above_900_kcal
3450970137256,Sirop de menthe,eco+,eco+,beverages,"Boissons, Sirops, Sirops aromatisés, Sirops de menthe, Boissons avec sucre ajouté",en:france,FRANCE,https://images.openfoodfacts.org/images/products/345/097/013/7256/front_fr.14.400.jpg,1221.0,,0.5,0.5,0.5,0.5,70.0,70.0,70.0,70.0,0.5,0.5,0.5,0.5,0.02,0.02,data_quality_error,data_quality_error,False,False,False,energy_above_900_kcal
3501271151042,220G Tbrulees Jelly Fruits Verquin,verquin,verquin,beverages,"Boissons, Boissons avec sucre ajouté",en:france,FRANCE,,1330.0,,5.0,5.0,3.0,3.0,73.0,73.0,52.0,52.0,,,5.0,5.0,0.0,0.0,data_quality_error,data_quality_error,False,False,False,energy_above_900_kcal
3507570019137,Preparation pour flan vanille sucré,france delices,france delices,dairies,"Dairies, Desserts, Dairy desserts, Specific products, Dried products, Products for specific diets, Cooking helpers, Dried products to be rehydrated, Products without gluten, Dessert mixes, fr:Préparations pour entremets, Flans, Sugary cooking helpers, fr:preparations-pour-flans",en:france,FRANCE,,3860.0,,1.0,1.0,0.0,0.0,940.0,,770.0,,0.0,0.0,1.0,1.0,0.3,0.3,data_quality_error,data_quality_error,False,False,False,energy_above_900_kcal
3529380012498,Tomme blanche,,unknown,dairies,"Produits laitiers, Produits fermentés, Produits laitiers fermentés, Fromages, Produits de montagne, Fromages de France, Fromages de montagne, Tommes",en:france,FRANCE,https://images.openfoodfacts.org/images/products/352/938/001/2498/front_fr.3.400.jpg,1490.0,,32.0,32.0,28.0,28.0,0.5,0.5,0.5,0.5,,,18.0,18.0,1.2,1.2,data_quality_error,data_quality_error,False,False,False,energy_above_900_kcal
3564700202258,Maasdam,les croisés,les croises,dairies,"Produits laitiers, Produits fermentés, Produits laitiers fermentés, Fromages, Fromages de vache, Fromages à pâte pressée non cuite, Fromages des Pays-Bas, Fromages pasteurisés, Maasdam",en:france,FRANCE,https://images.openfoodfacts.org/images/products/356/470/020/2258/front_fr.41.400.jpg,1388.0,,27.0,27.0,19.0,19.0,0.1,0.1,0.1,0.1,0.0,0.0,25.0,25.0,1.1,1.1,data_quality_error,data_quality_error,False,False,False,energy_above_900_kcal
3564700683224,Spécial croque emmental,les croisés,les croises,dairies,"Produits laitiers,Produits fermentés,Produits laitiers fermentés,Fromages,Fromages en tranches,Fromages fondus,Fromages fondus à l'emmental",en:france,FRANCE,https://images.openfoodfacts.org/images/products/356/470/068/3224/front_fr.38.400.jpg,2290.0,,17.0,17.0,12.0,12.0,7.5,7.5,6.0,6.0,0.0,0.0,13.0,13.0,2.3,2.3,data_quality_error,data_quality_error,False,False,False,energy_above_900_kcal
3664346335102,Poulain grand arôme,poulain,poulain,beverages,"Beverages, Cocoa and its products, Cocoa and chocolate powders, Instant beverages, Chocolate-powders, en:instant-chocolate-powders",en:france,FRANCE,https://images.openfoodfacts.org/images/products/366/434/633/5102/front_fr.25.400.jpg,1000.0,,24.6666666666667,24.6666666666667,14.6666666666667,14.6666666666667,140.0,,133.333333333333,,10.6666666666667,10.6666666666667,52.0,52.0,1.46666666666667,1.46666666666667,data_quality_error,data_quality_error,False,False,False,energy_above_900_kcal
3700278406135,Benco frappé,benco,benco,dairies,"Beverages, Dairies, Dairy drinks, Flavoured milks, Milkshakes, fr:Poudre chocolatée",en:france,FRANCE,https://images.openfoodfacts.org/images/products/370/027/840/6135/front_en.3.400.jpg,1290.0,,34.0,34.0,21.0,21.0,180.0,,180.0,,8.0,8.0,70.0,70.0,3.4,3.4,data_quality_error,data_quality_error,False,False,False,energy_above_900_kcal
3700278406166,Benco frappé saveur choco-banane,benco,benco,beverages,"Boissons, Cacao et dérivés, Cacaos et chocolats en poudre, Boissons instantanées, Chocolats en poudre",en:france,FRANCE,https://images.openfoodfacts.org/images/products/370/027/840/6166/front_fr.3.400.jpg,1290.0,,34.0,34.0,21.0,21.0,180.0,,180.0,,8.0,8.0,70.0,70.0,3.4,3.4,data_quality_error,data_quality_error,False,False,False,energy_above_900_kcal
3700689904923,Gigondas,,unknown,beverages,"Boissons, Boissons alcoolisées, Vins, Vins français, Gigondas",en:france,FRANCE,https://images.openfoodfacts.org/images/products/370/068/990/4923/front_fr.12.400.jpg,1258.0,,0.9,0.9,0.0001,0.0001,0.1,0.1,0.1,0.1,,,7.0,7.0,0.0,0.0,data_quality_error,data_quality_error,False,False,False,energy_above_900_kcal
3700961304007,Sucre d'orge,le comptoir de mathilde,le comptoir de mathilde,snacks,Sucres d'orge,en:france,FRANCE,https://images.openfoodfacts.org/images/products/370/096/130/4007/front_fr.14.400.jpg,1500.0,,0.0,0.0,0.0,0.0,95.0,95.0,95.0,95.0,,,0.1,0.1,,,data_quality_error,data_quality_error,False,False,False,energy_above_900_kcal
3701138143597,Mousse au chocolat beurre salé,,unknown,dairies,"Desserts, Desserts au chocolat, Mousses au chocolat",en:france,FRANCE,https://images.openfoodfacts.org/images/products/370/113/814/3597/front_fr.4.400.jpg,1070.0,,18.0,18.0,7.0,7.0,23.0,23.0,21.0,21.0,,,7.0,7.0,0.12,0.12,data_quality_error,data_quality_error,False,False,False,energy_above_900_kcal
3701456317106,Raclette légère aux légumes,seazon,seazon,dairies,"Dairies, Fermented foods, Fermented milk products, Cheeses, Raclette",en:france,FRANCE,,975.0,,7.25000010596381,7.25000010596381,4.25000005298191,4.25000005298191,2.58333338631524,2.58333338631524,2.08333333333333,2.08333333333333,1.47222227520413,1.47222227520413,4.63888910081651,4.63888910081651,,,data_quality_error,data_quality_error,False,False,False,energy_above_900_kcal
3760059190059,Fromage Mini Vacher Vendéen,,unknown,dairies,en:cheeses,en:france,FRANCE,https://images.openfoodfacts.org/images/products/376/005/919/0059/front_fr.4.400.jpg,1380.0,,24.6,24.6,14.2,14.2,2.2,2.2,0.02,0.02,,,25.3,25.3,1.35,1.35,data_quality_error,data_quality_error,False,False,False,energy_above_900_kcal
3760207190191,La ferme de mont st cyr,la ferme du mont st cyr,la ferme du mont st cyr,dairies,"Produits laitiers, Produits fermentés, Produits laitiers fermentés, Fromages, Produits artisanaux, Fromages au lait cru, Fromages artisanaux, Fromages fermiers",en:france,FRANCE,https://images.openfoodfacts.org/images/products/376/020/719/0191/front_fr.3.400.jpg,1137.0,,22.0,22.0,15.4,15.4,1.0,1.0,1.0,1.0,0.0,0.0,18.0,18.0,1.5,1.5,data_quality_error,data_quality_error,False,False,False,energy_above_900_kcal
3760363791430,,,unknown,snacks,Bonbons,en:france,FRANCE,https://images.openfoodfacts.org/images/products/376/036/379/1430/front_fr.8.400.jpg,1434.0,,0.1,0.1,0.1,0.1,78.0,78.0,48.0,48.0,,,5.2,5.2,0.2,0.2,data_quality_error,data_quality_error,False,False,False,energy_above_900_kcal
3760388780129,Matcha cérémonie,amoseeds,amoseeds,beverages,Thés verts japonais,en:france,FRANCE,https://images.openfoodfacts.org/images/products/376/038/878/0129/front_fr.23.400.jpg,1324.0,,5.3,5.3,0.7,0.7,1.0,1.0,0.0,0.0,38.5,38.5,29.6,29.6,0.01,0.01,data_quality_error,data_quality_error,False,False,False,energy_above_900_kcal
3770001102801,Bonbon miel,,unknown,snacks,"Snacks, Snacks sucrés, Confiseries, Produits de la ruche, Bonbons, Bonbons au miel",en:france,FRANCE,,1385.0,,1.0,1.0,0.0,0.0,76.0,76.0,56.0,56.0,,,4.0,4.0,0.0,0.0,data_quality_error,data_quality_error,False,False,False,energy_above_900_kcal
3770005113001,Toucan,toucan,toucan,beverages,"Boissons, Boissons alcoolisées, Boissons distillés, Alcools forts, Eaux-de-vie, Rhums, Rhums français, Rhum des départements français d'outre-mer",en:france,FRANCE,,1200.0,,1.0,1.0,1.0,1.0,70.0,70.0,99.0,99.0,0.0,0.0,0.0,0.0,23.0,23.0,data_quality_error,data_quality_error,False,False,False,energy_above_900_kcal
3770016166119,Chocolat Noir Bio 70% & Cristaux d'Agrumes,maison bonange,maison bonange,snacks,"Snacks, Snacks sucrés, Cacao et dérivés, Surgelés, Chocolats, Chocolats noirs",en:france,FRANCE,https://images.openfoodfacts.org/images/products/377/001/616/6119/front_fr.13.400.jpg,5666.0,,40.5,40.5,25.0,25.0,36.4,36.4,28.7,28.7,9.4,9.4,9.1,9.1,0.0,0.0,data_quality_error,data_quality_error,False,False,False,energy_above_900_kcal
3800113702030,Fromage kashkaval,,unknown,dairies,en:cheeses,en:france,FRANCE,https://images.openfoodfacts.org/images/products/380/011/370/2030/front_fr.3.400.jpg,1552.0,,30.0,30.0,20.0,20.0,1.2,1.2,1.2,1.2,,,24.0,24.0,2.5,2.5,data_quality_error,data_quality_error,False,False,False,energy_above_900_kcal
4000539398803,Double Style Chocolate,lindt,lindt,snacks,"Snacks, Sweet snacks, Bars, en:milk-chocolates",en:france|en:italy,FRANCE|SOUTHERN_EUROPE,https://images.openfoodfacts.org/images/products/400/053/939/8803/front_en.10.400.jpg,1502.7027027027,,35.0,35.0,18.0,18.0,50.0,50.0,45.0,45.0,,,8.4,8.4,0.36,0.36,data_quality_error,data_quality_error,False,False,False,energy_above_900_kcal
4008400524023,Kinder Osterhase - Harry Hase,ferrero,ferrero,snacks,"Snacks, Sweet snacks, Cocoa and its products, Confectioneries, Festive foods, Chocolate candies, Chocolates, Chocolate molds, Easter-food, Chocolate-rabbits, en:chocolate-eggs",en:france|en:germany,FRANCE|DACH,https://images.openfoodfacts.org/images/products/400/840/052/4023/front_de.52.400.jpg,1052.72727272727,,36.2,36.2,24.1,24.1,53.9,53.9,53.6,53.6,,,8.8,8.8,0.31,0.31,data_quality_error,data_quality_error,False,False,False,energy_above_900_kcal
4056489173700,Irish Mature White Cheddar Cheese,rathdaragh,rathdaragh,dairies,"Dairies, Fermented foods, Fermented milk products, Cheeses, Cow cheeses, Cheeses from the United Kingdom, Cheeses from England, Cheddar cheese, Mature cheddar",en:ireland|en:united-kingdom,UK_IE,https://images.openfoodfacts.org/images/products/405/648/917/3700/front_en.15.400.jpg,1285.0,,34.9,34.9,21.7,21.7,0.1,0.1,0.1,0.1,,,25.4,25.4,1.81,1.81,data_quality_error,data_quality_error,False,False,False,energy_above_900_kcal
4056489189244,Chocolate 70% cacao,fin carre,fin carre,snacks,"Botanas,Snacks dulces,Cacao y sus productos,Chocolates,Chocolates con edulcorantes,Chocolates negros,Chocolates negros con edulcorantes",en:bulgaria|en:croatia|en:france|en:portugal|en:romania|en:slovakia|en:spain,FRANCE|SOUTHERN_EUROPE,https://images.openfoodfacts.org/images/products/405/648/918/9244/front_en.101.400.jpg,2660.0,,42.2,42.2,26.9,26.9,34.3,34.3,1.2,1.2,,,8.2,8.2,0.03,0.03,data_quality_error,data_quality_error,False,False,False,energy_above_900_kcal
4056489267744,Croissants,lidl,lidl,snacks,"Snacks,Snacks sucrés,en:Sweet pastries and pies,Viennoiseries,Croissants,Croissants au beurre",en:france,FRANCE,https://images.openfoodfacts.org/images/products/405/648/926/7744/front_en.37.400.jpg,1051.62523900573,,22.3,22.3,10.8,10.8,46.5,46.5,9.5,9.5,,,7.3,7.3,1.04,1.04,data_quality_error,data_quality_error,False,False,False,energy_above_900_kcal
4056489438564,Granola Coconut Cashew & Almond,crownfield,crownfield,cereals,"Plant-based foods and beverages, Plant-based foods, Breakfasts, Cereals and potatoes, Cereals and their products, Breakfast cereals, Mueslis, Breakfast cereal fortified with vitamins, en:cereals-with-fruits",en:ireland|en:united-kingdom,UK_IE,https://images.openfoodfacts.org/images/products/405/648/943/8564/front_en.34.400.jpg,960.0,,12.5,12.5,2.2,2.2,65.5,65.5,15.5,15.5,7.6,7.6,9.3,9.3,0.05,0.05,data_quality_error,data_quality_error,False,False,False,energy_above_900_kcal
4056489476276,Milk Chocolate Digestives,tower gate,tower gate,snacks,"Snacks, Sweet snacks, Biscuits and cakes, Biscuits, Chocolate biscuits, Digestives covered with chocolate",en:united-kingdom,UK_IE,https://images.openfoodfacts.org/images/products/405/648/947/6276/front_en.34.400.jpg,2982.03592814371,,23.9,23.9,13.0,13.0,63.0,63.0,28.4,28.4,2.8,2.8,6.3,6.3,0.62,0.62,data_quality_error,data_quality_error,False,False,False,energy_above_900_kcal
4056489612803,Pépites chocolat noir,navarre,navarre,snacks,"Snacks, Snacks sucrés, Cacao et dérivés, Surgelés, Chocolats, Chocolats noirs, en:Snacks Snacks sucrés Cacao et dérivés Chocolats Chocolats noirs",en:france,FRANCE,https://images.openfoodfacts.org/images/products/405/648/961/2803/front_en.4.400.jpg,3550.0,,28.0,28.0,17.3,17.3,51.0,51.0,47.7,47.7,8.3,8.3,6.0,6.0,0.01,0.01,data_quality_error,data_quality_error,False,False,False,energy_above_900_kcal
4061462736346,Speculoos Cookies,benton’s,bentons,snacks,"Snacks, Sweet snacks, Biscuits and cakes, Biscuits and crackers, Biscuits, Almond cookies, fr:Tuile aux amandes, en:speculoos",en:united-states,US_CANADA,https://images.openfoodfacts.org/images/products/406/146/273/6346/front_en.23.400.jpg,5500.0,,19.047619047619,19.047619047619,7.14285714285714,7.14285714285714,80.9523809523809,80.9523809523809,38.0952380952381,38.0952380952381,0.0,0.0,0.0,0.0,0.952380952380952,0.952380952380952,data_quality_error,data_quality_error,False,False,False,energy_above_900_kcal
4067796000283,,dmbio,dmbio,cereals,"Plant-based foods and beverages, Plant-based foods, Breakfasts, Cereals and potatoes, Cereals and their products, Breakfast cereals, Mueslis, Knuspermüsli, en:cereals-with-fruits",en:austria|en:croatia|en:france|en:germany,DACH|FRANCE,https://images.openfoodfacts.org/images/products/406/779/600/0283/front_hr.21.400.jpg,935.707456978966,,16.0,16.0,5.4,5.4,57.0,57.0,14.0,14.0,7.8,7.8,8.9,8.9,0.2,0.2,data_quality_error,data_quality_error,False,False,False,energy_above_900_kcal
4088600046785,British Mature Cheddar Grated,emporium,emporium,dairies,"Dairies, Fermented foods, Fermented milk products, Cheeses, Cow cheeses, Cheeses from the United Kingdom, Cheeses from England, Cheddar cheese, en:grated-cheese",en:united-kingdom,UK_IE,https://images.openfoodfacts.org/images/products/408/860/004/6785/front_en.6.400.jpg,1730.0,,34.3,34.3,21.4,21.4,1.4,1.4,0.1,0.1,0.2,0.2,25.0,25.0,1.75,1.75,data_quality_error,data_quality_error,False,False,False,energy_above_900_kcal
4088600047140,Cheese Spread,emporium,emporium,dairies,"Dairies, Fermented foods, Fermented milk products, Spreads, Cheeses, Salted spreads, Cheese spreads",en:united-kingdom,UK_IE,https://images.openfoodfacts.org/images/products/408/860/004/7140/front_en.14.400.jpg,6300.0,,11.2,11.2,7.2,7.2,13.8,13.8,6.9,6.9,0.5,0.5,12.1,12.1,1.535,1.535,data_quality_error,data_quality_error,False,False,False,energy_above_900_kcal
4088600113463,Fizz Strawberry Lances,dominion,dominion,snacks,en:candies,en:france,FRANCE,https://images.openfoodfacts.org/images/products/408/860/011/3463/front_en.23.400.jpg,1468.0,,2.2,2.2,1.3,1.3,83.0,83.0,53.0,53.0,1.6,1.6,2.7,2.7,0.04,0.04,data_quality_error,data_quality_error,False,False,False,energy_above_900_kcal
4088600209524,Mild Cheddar Slices,everyday essentials,everyday essentials,dairies,"Dairies, Fermented foods, Fermented milk products, Cheeses, Cow cheeses, Cheeses from the United Kingdom, Cheeses from England, Cheddar cheese, Mild cheddar",en:united-kingdom,UK_IE,https://images.openfoodfacts.org/images/products/408/860/020/9524/front_en.3.400.jpg,1725.0,,34.9,34.9,21.7,21.7,0.1,0.1,0.1,0.1,0.0,0.0,25.4,25.4,1.78,1.78,data_quality_error,data_quality_error,False,False,False,energy_above_900_kcal
4088600557717,Parmigiano Reggiano,specially selected,specially selected,dairies,en:parmigiano-reggiano,en:united-kingdom,UK_IE,https://images.openfoodfacts.org/images/products/408/860/055/7717/front_en.3.400.jpg,1331.26195028681,,29.7,29.7,19.9,19.9,0.0,0.0,0.0,0.0,0.0,0.0,32.4,32.4,4.075,4.075,data_quality_error,data_quality_error,False,False,False,energy_above_900_kcal
4099100063448,Golden Round Crackers,krantz,krantz,snacks,"Snacks,Salty snacks,Appetizers,Biscuits and crackers,Crackers (Appetizers)",en:united-states,US_CANADA,https://images.openfoodfacts.org/images/products/409/910/006/3448/front_en.30.400.jpg,1600.0,,25.0,25.0,3.125,3.125,62.5,62.5,6.25,6.25,,,6.25,6.25,1.640625,1.640625,data_quality_error,data_quality_error,False,False,False,energy_above_900_kcal
4104420225770,Hafer Riegel Heidelbeere,alnatura,alnatura,snacks,"Frühstücke, Frühstückscerealien, Frühstücksflocken, Gerollte Flocken, Getreide und Kartoffeln, Getreideflocken, Getreideprodukte, Getreideriegel, Haferflocken, Imbiss, Müsli-&Getr.Riegel, Pflanzliche Lebensmittel, Pflanzliche Lebensmittel und Getränke, Riegel, Süßer Snack, en:cereal-bars",en:france|en:germany|en:switzerland|en:world,FRANCE|DACH,https://images.openfoodfacts.org/images/products/410/442/022/5770/front_en.60.400.jpg,1628.0,,11.0,11.0,1.4,1.4,66.0,66.0,23.0,23.0,6.2,6.2,7.9,7.9,0.15,0.15,data_quality_error,data_quality_error,False,False,False,energy_above_900_kcal
4337185601705,Frischkäse laktosefrei,k classic free,k classic free,dairies,"Dairies, Fermented foods, Fermented milk products, Cheeses, en:cream-cheeses",en:france|en:germany,FRANCE|DACH,https://images.openfoodfacts.org/images/products/433/718/560/1705/front_en.20.400.jpg,2420.0,,23.0,23.0,16.0,16.0,2.9,2.9,2.9,2.9,0.0,0.0,5.6,5.6,0.6,0.6,data_quality_error,data_quality_error,False,False,False,energy_above_900_kcal
4895060511117,Super Baby Bottle,atri d'aix international,atri d'aix international,snacks,"Snacks, Snacks sucrés, Confiseries, Bonbons",en:france,FRANCE,https://images.openfoodfacts.org/images/products/489/506/051/1117/front_fr.4.400.jpg,1000.0,,0.1,0.1,0.0,0.0,100.0,100.0,100.0,100.0,,,0.1,0.1,,,data_quality_error,data_quality_error,False,False,False,energy_above_900_kcal
5000127730137,Rice Krispies Squares gooey marshmallow,kellogg's,kellogg's,snacks,"Snacks,Sweet snacks,Bars,Cereal bars",en:france|en:united-kingdom,FRANCE|UK_IE,https://images.openfoodfacts.org/images/products/500/012/773/0137/front_en.33.400.jpg,1521.42857142857,,12.1,12.1,7.13928571428571,7.13928571428571,75.0,75.0,32.1,32.1,1.07142857142857,1.07142857142857,2.86,2.86,0.74,0.74,data_quality_error,data_quality_error,False,False,False,energy_above_900_kcal
5000168036755,Digestives The ORIGINAL,mcvitie's,mcvitie's,snacks,"Snacks,Sweet snacks,Biscuits and cakes,Biscuits and crackers,Biscuits",en:france|en:germany|en:ireland|en:united-kingdom,FRANCE|DACH|UK_IE,https://images.openfoodfacts.org/images/products/500/016/803/6755/front_en.72.400.jpg,2092.85714285714,,21.3,21.3,9.7,9.7,63.1,63.1,19.2,19.2,3.9,3.9,7.1,7.1,1.3,1.3,data_quality_error,data_quality_error,False,False,False,energy_above_900_kcal
5000169223925,Piccante Gorgonzola DOP cheese,waitrose,waitrose,dairies,"Dairies, Fermented foods, Fermented milk products, Cheeses, Blue-veined cheeses, Italian cheeses, Gorgonzolas",en:united-kingdom,UK_IE,https://images.openfoodfacts.org/images/products/500/016/922/3925/front_en.12.400.jpg,1778.08890444522,,25.2,25.2,18.2,18.2,0.6,0.6,0.5,0.5,,,20.3,20.3,2.45,2.45,data_quality_error,data_quality_error,False,False,False,energy_above_900_kcal
5000169356760,Davidstow Cornish Cheddar Mature,waitrose,waitrose,dairies,"Dairies, Fermented foods, Fermented milk products, Cheeses, Cow cheeses, Cheeses from the United Kingdom, Cheeses from England, Cheddar cheese, Extra-mature cheddar, Mature cheddar, Cornish-cheddar-cheese",en:united-kingdom,UK_IE,https://images.openfoodfacts.org/images/products/500/016/935/6760/front_en.3.400.jpg,1503.33333333333,,34.9,34.9,21.7,21.7,0.5,0.5,0.5,0.5,,,25.4,25.4,1.8,1.8,data_quality_error,data_quality_error,False,False,False,energy_above_900_kcal
5000169497500,Double chocolate muffins,,unknown,snacks,"Snacks, Sweet snacks, Biscuits and cakes, Cakes, Muffins",en:united-kingdom,UK_IE,https://images.openfoodfacts.org/images/products/500/016/949/7500/front_en.3.400.jpg,1161.0,,40.0,40.0,4.0,4.0,47.700000762939,47.700000762939,47.700000762939,47.700000762939,,,5.8000001907349,5.8000001907349,5.4,5.4,data_quality_error,data_quality_error,False,False,False,energy_above_900_kcal
50002184,Flaming Hot,doritos,doritos,snacks,ro:nachos,en:united-kingdom,UK_IE,https://images.openfoodfacts.org/images/products/000/005/000/2184/front_en.3.400.jpg,15000.0,,800.0,,100.0,100.0,1700.0,,100.0,100.0,100.0,100.0,200.0,,,,data_quality_error,data_quality_error,False,False,False,energy_above_900_kcal
5000237129906,Salt & Malt Vinegar Flavour Potato Crisps,mccoy's,mccoy's,snacks,"Plant-based foods and beverages, Plant-based foods, Snacks, Cereals and potatoes, Salty snacks, Appetizers, Chips and fries, Crisps, Potato crisps, Potato crisps in sunflower oil",en:united-kingdom,UK_IE,https://images.openfoodfacts.org/images/products/500/023/712/9906/front_en.3.400.jpg,2116.0,,31.2,31.2,2.4,2.4,56.0,56.0,2.0,2.0,4.0,4.0,6.4,6.4,2.0,2.0,data_quality_error,data_quality_error,False,False,False,energy_above_900_kcal
5000237138564,Salted Flavour Potato Crisps,mccoy's,mccoy's,snacks,Potato crisps in sunflower oil,en:united-kingdom,UK_IE,https://images.openfoodfacts.org/images/products/500/023/713/8564/front_en.3.400.jpg,1184.44444444444,,31.1111111111111,31.1111111111111,2.44444444444444,2.44444444444444,53.3333333333333,53.3333333333333,1.11111111111111,1.11111111111111,4.0,4.0,6.66666666666667,6.66666666666667,1.28888888888889,1.28888888888889,data_quality_error,data_quality_error,False,False,False,energy_above_900_kcal
5000396001822,Mcvities Biscuits Marie Finger,mcvitie's,mcvitie's,snacks,en:biscuits,en:france|en:qatar,FRANCE,https://images.openfoodfacts.org/images/products/500/039/600/1822/front_fr.10.400.jpg,2200.0,,14.3,14.3,6.7,6.7,72.5,72.5,20.7,20.7,,,7.2,7.2,0.4,0.4,data_quality_error,data_quality_error,False,False,False,energy_above_900_kcal
5010029000160,Weetabix,weetabix,weetabix,cereals,"Aliments et boissons à base de végétaux, Aliments d'origine végétale, Petit-déjeuners, Céréales et pommes de terre, Céréales et dérivés, Céréales pour petit-déjeuner, Flocons, Flocons de céréales, Flocons laminés, Flocons de blé",en:finland|en:france|en:italy|en:norway,NORDICS|FRANCE|SOUTHERN_EUROPE,https://images.openfoodfacts.org/images/products/501/002/900/0160/front_fr.4.400.jpg,975.780752071382,,2.0,2.0,0.6,0.6,69.0,69.0,4.4,4.4,10.0,10.0,12.0,12.0,0.28,0.28,data_quality_error,data_quality_error,False,False,False,energy_above_900_kcal
5010035001427,Party Rings UNDER THE SEA minis,fox's,fox's,snacks,Biscuit,en:united-kingdom,UK_IE,https://images.openfoodfacts.org/images/products/501/003/500/1427/front_en.3.400.jpg,2081.62614950378,,10.8,10.8,5.1,5.1,78.8,78.8,45.5,45.5,1.4,1.4,4.6,4.6,0.46,0.46,data_quality_error,data_quality_error,False,False,False,energy_above_900_kcal
5010251830016,Gingernuts,morrisons,morrisons,snacks,"Snacks, Sweet snacks, Biscuits and cakes, Biscuits",en:united-kingdom,UK_IE,https://images.openfoodfacts.org/images/products/501/025/183/0016/front_en.28.400.jpg,1908.0,,14.6,14.6,6.8,6.8,74.6,74.6,25.6,25.6,1.9,1.9,5.7,5.7,0.93,0.93,data_quality_error,data_quality_error,False,False,False,energy_above_900_kcal
5010525063973,Four Cheese Mix Grated,morrison's,morrison's,dairies,"Dairies, Fermented foods, Fermented milk products, Cheeses, Grated cheese",en:united-kingdom,UK_IE,https://images.openfoodfacts.org/images/products/501/052/506/3973/front_en.15.400.jpg,1436.0,,26.6666666666667,26.6666666666667,16.0,16.0,6.0,6.0,1.33333333333333,1.33333333333333,,,22.6666666666667,22.6666666666667,1.83333333333333,1.83333333333333,data_quality_error,data_quality_error,False,False,False,energy_above_900_kcal
5012035956943,Haribo starmix,haribo,haribo,snacks,en:candies,en:united-kingdom,UK_IE,https://images.openfoodfacts.org/images/products/501/203/595/6943/front_en.3.400.jpg,1452.0,,0.5,0.5,0.1,0.1,77.0,77.0,47.0,47.0,,,6.6,6.6,,,data_quality_error,data_quality_error,False,False,False,energy_above_900_kcal
5012035962111,Haribo bought Funny Mix,haribo,haribo,snacks,"Snacks, Sweet snacks, Confectioneries, Candies",en:united-kingdom,UK_IE,https://images.openfoodfacts.org/images/products/501/203/596/2111/front_en.3.400.jpg,1421.0,,0.5,0.5,0.1,0.1,82.0,82.0,42.0,42.0,,,0.5,0.5,,,data_quality_error,data_quality_error,False,False,False,energy_above_900_kcal
5012035998622,Starmix,haribo,haribo,snacks,en:gummi-candies,en:united-kingdom,UK_IE,,1368.0,,0.5,0.5,0.1,0.1,77.0,77.0,47.0,47.0,,,6.6,6.6,0.03,0.03,data_quality_error,data_quality_error,False,False,False,energy_above_900_kcal
5013665115731,MILK CHOCOLATE RICE CAKES,kallo,kallo,snacks,Puffed rice cakes with milk chocolate,en:united-kingdom,UK_IE,https://images.openfoodfacts.org/images/products/501/366/511/5731/front_en.3.400.jpg,1503.0303030303,,23.0,23.0,14.3,14.3,63.0,63.0,27.0,27.0,3.5,3.5,7.8,7.8,0.0,0.0,data_quality_error,data_quality_error,False,False,False,energy_above_900_kcal
50137510,CREAM CRACKERS,jacob's,jacob's,snacks,Biscuits,en:france,FRANCE,https://images.openfoodfacts.org/images/products/000/005/013/7510/front_en.14.400.jpg,1909.67741935484,,13.5,13.5,6.2,6.2,67.7,67.7,1.4,1.4,,,10.0,10.0,1.3,1.3,data_quality_error,data_quality_error,False,False,False,energy_above_900_kcal
50168101,CHEDDARS ORIGINAL,jacob's,jacob's,snacks,"Cheese biscuits, en:biscuits",en:france|en:united-kingdom,FRANCE|UK_IE,https://images.openfoodfacts.org/images/products/000/005/016/8101/front_en.22.400.jpg,14026.3157894737,,33.0,33.0,16.4,16.4,46.8,46.8,4.2,4.2,2.8,2.8,10.6,10.6,1.5725,1.5725,data_quality_error,data_quality_error,False,False,False,energy_above_900_kcal
5017764004750,Mature Cheddar & Red Onion Potato Chips,kettle,kettle,snacks,"Potato crisps,Crisps",en:united-kingdom,UK_IE,https://images.openfoodfacts.org/images/products/501/776/400/4750/front_en.3.400.jpg,1235.0,,26.4,26.4,3.0,3.0,54.0,54.0,1.4,1.4,4.9,4.9,7.8,7.8,0.4925,0.4925,data_quality_error,data_quality_error,False,False,False,energy_above_900_kcal
5020379053495,plain chocolate,euro shopper,euro shopper,snacks,"Snacks, Sweet snacks, Cocoa and its products, Chocolates, en:dark-chocolates",en:united-kingdom,UK_IE,https://images.openfoodfacts.org/images/products/502/037/905/3495/front_fr.4.400.jpg,2155.0,,29.0,29.0,17.0,17.0,53.0,53.0,47.0,47.0,9.9,9.9,6.5,6.5,0.03,0.03,data_quality_error,data_quality_error,False,False,False,energy_above_900_kcal
5022313278155,Raibow machine,naked,naked,beverages,"Beverages and beverages preparations, Beverages, en:smoothies",en:united-kingdom,UK_IE,https://images.openfoodfacts.org/images/products/502/231/327/8155/front_en.14.400.jpg,4000.0,,0.0,0.0,,,970.0,,820.0,,0.0,0.0,30.0,30.0,0.0,0.0,data_quality_error,data_quality_error,False,False,False,energy_above_900_kcal
5032619900919,CREAM CRACKERS,royalty,royalty,snacks,"snacks, snacks-sales, amuse-gueules, biscuits-aperitifs",en:france,FRANCE,https://images.openfoodfacts.org/images/products/503/261/990/0919/front_fr.16.400.jpg,1347.3948374761,,14.6,14.6,6.7,6.7,66.4,66.4,1.9,1.9,4.1,4.1,10.5,10.5,0.7,0.7,data_quality_error,data_quality_error,False,False,False,energy_above_900_kcal
5034660021445,Bournville Cocoa,cadbury,cadbury,beverages,"Beverages and beverages preparations,Beverages,Breakfasts,Cocoa and its products,Hot beverages,Beverage preparations,Instant beverages,Cocoa powders,Instant chocolate powders",en:france|en:united-kingdom|en:united-states,FRANCE|UK_IE|US_CANADA,https://images.openfoodfacts.org/images/products/503/466/002/1445/front_en.77.400.jpg,1150.0,,44.0,44.0,28.0,28.0,101.0,,97.0,97.0,5.0,5.0,81.0,81.0,3.0,3.0,data_quality_error,data_quality_error,False,False,False,energy_above_900_kcal
5052449330649,Creamy Honey Greek Style Yogurt,asda,asda,dairies,"Dairies, Fermented foods, Desserts, Fermented milk products, Dairy desserts, Fermented dairy desserts, Yogurts, Cow milk yogurts",en:united-kingdom,UK_IE,https://images.openfoodfacts.org/images/products/505/244/933/0649/front_en.3.400.jpg,928.301886792453,,8.0,8.0,5.5,5.5,15.0,15.0,14.0,14.0,,,3.6,3.6,0.13,0.13,data_quality_error,data_quality_error,False,False,False,energy_above_900_kcal
5052909452454,COFFEE WHITENER,tesco,tesco,dairies,"Dairies, Evaporated milks, Coffee milks, en:coffees",en:united-kingdom,UK_IE,https://images.openfoodfacts.org/images/products/505/290/945/2454/front_en.3.400.jpg,1057.14285714286,,30.0,30.0,27.4,27.4,62.5,62.5,10.3,10.3,,,2.0,2.0,1.1,1.1,data_quality_error,data_quality_error,False,False,False,energy_above_900_kcal
5053947787928,Barrel Aged Feta,tescos finest,tescos finest,dairies,"Dairies, Fermented foods, Fermented milk products, Cheeses, Greek cheeses, Feta, en:sheep-s-milk-cheeses",en:united-kingdom,UK_IE,https://images.openfoodfacts.org/images/products/505/394/778/7928/front_en.20.400.jpg,1159.0,,23.3,23.3,16.3,16.3,1.0,1.0,0.0,0.0,15.8,15.8,0.0,0.0,2.9,2.9,data_quality_error,data_quality_error,False,False,False,energy_above_900_kcal
5053990101542,pringles hot & spicy,pringles,pringles,snacks,"Plant-based foods and beverages, Plant-based foods, Snacks, Cereals and potatoes, Salty snacks, Appetizers, Chips and fries, Potatoes and their products, Crisps, Salty snacks made from potato, Stacked extruded potato crisps",en:croatia|en:france|en:germany|en:morocco|en:romania,FRANCE|DACH,https://images.openfoodfacts.org/images/products/505/399/010/1542/front_fr.77.400.jpg,1736.66666666667,,30.0,30.0,2.9,2.9,54.0,54.0,2.4,2.4,4.3,4.3,6.6,6.6,1.1,1.1,data_quality_error,data_quality_error,False,False,False,energy_above_900_kcal
5054781719724,Slightly Salted Rice Cakes,asda,asda,snacks,"Plant-based foods and beverages, Plant-based foods, Cereals and potatoes, Cereals and their products, Puffed cereal cakes, Puffed rice cakes, Puffed wholegrain rice cakes",en:united-kingdom,UK_IE,https://images.openfoodfacts.org/images/products/505/478/171/9724/front_en.31.400.jpg,3000.0,,2.9,2.9,0.1,0.1,80.0,80.0,0.5,0.5,3.0,3.0,8.7,8.7,0.019,0.019,data_quality_error,data_quality_error,False,False,False,energy_above_900_kcal
5055534399316,Double chocolate bar,myprotein,myprotein,snacks,"Snacks, Sweet snacks, Bars",en:united-kingdom,UK_IE,https://images.openfoodfacts.org/images/products/505/553/439/9316/front_en.9.400.jpg,1292.0,,9.4,9.4,3.8,3.8,30.0,30.0,12.0,12.0,,,26.0,26.0,1.38,1.38,data_quality_error,data_quality_error,False,False,False,energy_above_900_kcal
5056357905739,Bounty secret centre biscuits,bounty,bounty,snacks,filled biscuits,en:france|en:morocco,FRANCE,https://images.openfoodfacts.org/images/products/505/635/790/5739/front_en.27.400.jpg,3290.90909090909,,32.0,32.0,20.0,20.0,57.0,57.0,39.0,39.0,,,5.6,5.6,0.32,0.32,data_quality_error,data_quality_error,False,False,False,energy_above_900_kcal
5060036011529,STRAWBERRY APPLE & ORANGE FRUIT STRING,the fruit factory,the fruit factory,snacks,Candies,en:france|en:united-kingdom,FRANCE|UK_IE,https://images.openfoodfacts.org/images/products/506/003/601/1529/front_en.6.400.jpg,1785.0,,0.4,0.4,0.3,0.3,71.6,71.6,47.2,47.2,,,7.5,7.5,0.08,0.08,data_quality_error,data_quality_error,False,False,False,energy_above_900_kcal
5060088707661,raw fruit & nut bar,nakd.,nakd.,snacks,"Snacks, Sweet snacks, Bars, Cereal bars, Aliments d'origine végétale, Aliments et boissons à base de végétaux, Barres, Barres aux fruits, Barres de céréales, Barres de céréales aux fruits, Barres de fruits & noix, Barres de fruits à coques, Biscuits et gâteaux, Fruits à coques et dérivés, Gâteaux, Snacks sucrés, en:energy-bars",en:belgium|en:czech-republic|en:france|en:germany|en:netherlands|en:spain|en:switzerland,BENELUX|FRANCE|DACH|SOUTHERN_EUROPE,https://images.openfoodfacts.org/images/products/506/008/870/7661/front_en.69.400.jpg,1051.42857142857,,11.0,11.0,1.7,1.7,56.0,56.0,49.0,49.0,9.5,9.5,6.6,6.6,0.02,0.02,data_quality_error,data_quality_error,False,False,False,energy_above_900_kcal
5060102662679,Organic Dark Chocolate with an Almond Filling,ombar,ombar,snacks,chocolate,en:united-kingdom,UK_IE,https://images.openfoodfacts.org/images/products/506/010/266/2679/front_en.18.400.jpg,1634.28571428571,,46.0,46.0,22.0,22.0,32.0,32.0,27.0,27.0,,,9.4,9.4,0.01,0.01,data_quality_error,data_quality_error,False,False,False,energy_above_900_kcal
5060114956919,Bonbons à la menthe,,unknown,snacks,"Snacks, Snacks sucrés, Confiseries, Bonbons",en:france,FRANCE,https://images.openfoodfacts.org/images/products/506/011/495/6919/front_fr.3.400.jpg,1029.0,,1.24,1.24,0.97,0.97,98.0,98.0,0.0,0.0,,,0.0,0.0,0.0,0.0,data_quality_error,data_quality_error,False,False,False,energy_above_900_kcal
5060221206501,Reload protein oat bar,grenade,grenade,snacks,"Snacks, Sweet snacks, Bars, Dietary supplements, Bodybuilding supplements, Protein bars",en:france|en:jersey,FRANCE,https://images.openfoodfacts.org/images/products/506/022/120/6501/front_en.18.400.jpg,1368.0,,13.0,13.0,5.2,5.2,31.0,31.0,4.4,4.4,12.0,12.0,24.0,24.0,0.78,0.78,data_quality_error,data_quality_error,False,False,False,energy_above_900_kcal
5060292302201,barbeque flavour popped potato snacks,popchips,popchips,snacks,Puffed salty snacks made from potato,en:france|en:united-kingdom,FRANCE|UK_IE,https://images.openfoodfacts.org/images/products/506/029/230/2201/front_en.23.400.jpg,1886.95652173913,,13.9130434782609,13.9130434782609,1.30434782608696,1.30434782608696,69.5652173913043,69.5652173913043,8.26086956521739,8.26086956521739,4.78260869565217,4.78260869565217,6.52173913043478,6.52173913043478,0.858695652173913,0.858695652173913,data_quality_error,data_quality_error,False,False,False,energy_above_900_kcal
5060302240431,Bulk Deal 6 X Aduna Super-cacao Powder 275G,aduna,aduna,dairies,"en:artisan-products,en:artisan-cheeses",en:france|en:united-kingdom,FRANCE|UK_IE,https://images.openfoodfacts.org/images/products/506/030/224/0431/front_en.10.400.jpg,1605.0,,55.0,55.0,35.0,35.0,85.0,85.0,5.0,5.0,165.0,,110.0,,0.0,0.0,data_quality_error,data_quality_error,False,False,False,energy_above_900_kcal
5060495112287,Huel Bar cacao & orange,huel,huel,snacks,"Snacks, Sweet snacks, Meals, Bars, Dietary supplements, Meal replacements, Bodybuilding supplements, Protein bars, Nutritionally complete food",en:united-kingdom,UK_IE,https://images.openfoodfacts.org/images/products/506/049/511/2287/front_en.9.400.jpg,1609.23076923077,,14.1538461538462,14.1538461538462,4.76923076923077,4.76923076923077,36.4615384615385,36.4615384615385,15.6923076923077,15.6923076923077,11.5384615384615,11.5384615384615,23.0769230769231,23.0769230769231,0.307692307692308,0.307692307692308,data_quality_error,data_quality_error,False,False,False,energy_above_900_kcal
5060539320746,Longhorn Beef Potato Crisps,pipers,pipers,snacks,"Snacks, Salty snacks, Appetizers, Chips and fries, Crisps, en:potato-crisps",en:france|en:united-kingdom,FRANCE|UK_IE,https://images.openfoodfacts.org/images/products/506/053/932/0746/front_en.15.400.jpg,1317.5,,31.5,31.5,3.0,3.0,51.8,51.8,1.6,1.6,3.8,3.8,7.1,7.1,1.0,1.0,data_quality_error,data_quality_error,False,False,False,energy_above_900_kcal
5065020434124,BBQ Chicken Bites,the gym kitchen,the gym kitchen,snacks,"Chicken bites,popcorn",en:united-kingdom,UK_IE,https://images.openfoodfacts.org/images/products/506/502/043/4124/front_en.27.400.jpg,10683.5564053537,,13.3333333333333,13.3333333333333,3.11111111111111,3.11111111111111,8.22222222222222,8.22222222222222,5.33333333333333,5.33333333333333,1.11111111111111,1.11111111111111,21.5555555555556,21.5555555555556,0.8,0.8,data_quality_error,data_quality_error,False,False,False,energy_above_900_kcal
5400141681895,chocolat noir 72%,boni & fairtrade,boni,snacks,"Snacks,Sweet snacks,Cocoa and its products,Chocolates,Dark chocolates,Dark chocolate bar with more than 70% cocoa",en:belgium|en:france,BENELUX|FRANCE,https://images.openfoodfacts.org/images/products/540/014/168/1895/front_fr.19.400.jpg,1175.0,,43.0,43.0,27.0,27.0,32.0,32.0,27.0,27.0,11.0,11.0,8.5,8.5,0.01,0.01,data_quality_error,data_quality_error,False,False,False,energy_above_900_kcal
5410126486438,LOTUS BISCOFF Speculoos Original Pocket - 93g (6x2p),lotus,lotus,snacks,"en:Snacks,en:Sweet snacks,en:Biscuits and cakes,en:Biscuits and crackers,en:Festive foods,ビスケット,nl:Sinterklaasproducten,スペキュラース, en:Biscuits/Cookies (Shelf Stable)",en:france|en:italy|en:japan,FRANCE|SOUTHERN_EUROPE,https://images.openfoodfacts.org/images/products/541/012/648/6438/front_fr.81.400.jpg,2032.0,,19.0,19.0,8.0,8.0,72.6,72.6,38.1,38.1,1.3,1.3,4.9,4.9,0.92,0.92,data_quality_error,data_quality_error,False,False,False,energy_above_900_kcal
5410316671118,Vodka triple distilled,smirnoff,smirnoff,beverages,"Beverages and beverages preparations, Beverages, Alcoholic beverages, Distilled beverages, Hard liquors, Eaux de vie, Vodka",en:belgium|en:denmark|en:france|en:germany|en:united-kingdom,BENELUX|NORDICS|FRANCE|DACH|UK_IE,https://images.openfoodfacts.org/images/products/541/031/667/1118/front_en.34.400.jpg,2070.0,,0.0,0.0,0.0,0.0,0.0,0.0,0.0,0.0,0.0,0.0,0.0,0.0,0.0,0.0,data_quality_error,data_quality_error,False,False,False,energy_above_900_kcal
5413121359745,Koetjesreep 8-pack,,unknown,snacks,"Snacks, Snacks sucrés, Cacao et dérivés, Confiseries, Barres, Confiseries chocolatées, Barres chocolatées",en:france,FRANCE,,2333.0,,34.0,34.0,30.6,30.6,53.4,53.4,52.1,52.1,,,4.3,4.3,0.19,0.19,data_quality_error,data_quality_error,False,False,False,energy_above_900_kcal
5419980021854,CARAMELISED ALMONDS & PECANS,bamboo,bamboo,cereals,"Plant-based foods and beverages, Plant-based foods, Breakfasts, Cereals and potatoes, Cereals and their products, Breakfast cereals, Mueslis, Cereals with nuts, Mueslis with nuts, en:crunchy-cereal-clusters",en:belgium|en:france|en:switzerland,BENELUX|FRANCE|DACH,https://images.openfoodfacts.org/images/products/541/998/002/1854/front_fr.11.400.jpg,904.0,,25.0,25.0,2.6,2.6,43.0,43.0,5.8,5.8,7.6,7.6,12.0,12.0,0.000275,0.000275,data_quality_error,data_quality_error,False,False,False,energy_above_900_kcal
5740900404540,Lurpak Lighter Slightly Salted,lurpak,lurpak,dairies,"Produits laitiers,Matières grasses,Produits à tartiner,Matières grasses à tartiner,Matières grasses animales,Produits laitiers à tartiner,Matière grasse laitière,Beurres",en:united-kingdom,UK_IE,https://images.openfoodfacts.org/images/products/574/090/040/4540/front_en.28.400.jpg,1760.0,,56.0,56.0,20.0,20.0,0.4,0.4,0.4,0.4,0.0,0.0,0.3,0.3,0.895,0.895,data_quality_error,data_quality_error,False,False,False,energy_above_900_kcal
5900020006387,Chokella,nestlé,nestle,cereals,"Plant-based foods and beverages,Plant-based foods,Breakfasts,Cereals and potatoes,Cereals and their products,Breakfast cereals,Flakes,Extruded cereals,Extruded flakes",en:france|en:germany,FRANCE|DACH,https://images.openfoodfacts.org/images/products/590/002/000/6387/front_de.34.400.jpg,2597.6,,3.92,3.92,1.52,1.52,22.24,22.24,11.6,11.6,1.52,1.52,4.96,4.96,0.304,0.304,data_quality_error,data_quality_error,False,False,False,energy_above_900_kcal
6111214007342,,,unknown,snacks,"Snacks,Chips",en:france,FRANCE,https://images.openfoodfacts.org/images/products/611/121/400/7342/front_fr.18.400.jpg,2000.0,,,,,,74.9,74.9,,,,,4.5,4.5,1.3,1.3,data_quality_error,data_quality_error,False,False,False,energy_above_900_kcal
6135231001190,Junior fromage fondu,le mont d'or,le mont d'or,dairies,en:cheeses,en:algeria|en:france,FRANCE,https://images.openfoodfacts.org/images/products/613/523/100/1190/front_fr.5.400.jpg,1065.5,,19.3,19.3,19.3,19.3,12.7,12.7,8.4,8.4,,,19.3,19.3,2.8,2.8,data_quality_error,data_quality_error,False,False,False,energy_above_900_kcal
6194005401901,Chocolat Crispo Nuts,maestro,maestro,snacks,"Snacks, Snacks sucrés, Biscuits et gâteaux, Biscuits",en:france|en:morocco|en:tunisia,FRANCE,https://images.openfoodfacts.org/images/products/619/400/540/1901/front_fr.20.400.jpg,1950.0,,32.8,32.8,15.7,15.7,57.2,57.2,22.8,22.8,1.05770263671875,1.05770263671875,7.2,7.2,0.09,0.09,data_quality_error,data_quality_error,False,False,False,energy_above_900_kcal
6194008554833,Brownie fondant goût chocolat,saïda,saida,snacks,"Snacks,Sweet snacks,Biscuits and cakes,Cakes,Chocolate cakes,Brownies",en:france|en:morocco|en:tunisia,FRANCE,https://images.openfoodfacts.org/images/products/619/400/855/4833/front_fr.35.400.jpg,1684.8,,27.64,27.64,,,46.87,46.87,,,0.0,0.0,5.29,5.29,0.279,0.279,data_quality_error,data_quality_error,False,False,False,energy_above_900_kcal
6416597838409,Porridge Oats,elovena,elovena,cereals,"Plant-based foods and beverages, Plant-based foods, Breakfasts, Cereals and potatoes, Cereals and their products, Breakfast cereals, Flakes, Cereal flakes, en:rolled-oats",en:france|en:russia,FRANCE,https://images.openfoodfacts.org/images/products/641/659/783/8409/front_en.20.400.jpg,1233.33333333333,,8.0,8.0,1.6,1.6,55.0,55.0,1.2,1.2,11.0,11.0,14.0,14.0,0.0,0.0,data_quality_error,data_quality_error,False,False,False,energy_above_900_kcal
6924187830714,Potato Cracker,oriaccha,oriaccha,snacks,"snacks, salty-snacks, appetizers, da:crackers",en:united-states,US_CANADA,https://images.openfoodfacts.org/images/products/692/418/783/0714/front_en.3.400.jpg,1047.05882352941,,21.56862745098,21.56862745098,8.8235294117647,8.8235294117647,76.470588235294,76.470588235294,7.843137254902,7.843137254902,0.0,0.0,0.0,0.0,1.764705882353,1.764705882353,data_quality_error,data_quality_error,False,False,False,energy_above_900_kcal
7591016871065,Susy maxi,susy,susy,snacks,en:biscuits,en:france,FRANCE,https://images.openfoodfacts.org/images/products/759/101/687/1065/front_en.42.400.jpg,1388.88888888889,,277.777777777778,,66.6666666666667,66.6666666666667,355.555555555556,,94.4444444444444,94.4444444444444,11.1111111111111,11.1111111111111,16.6666666666667,16.6666666666667,0.277777777777778,0.277777777777778,data_quality_error,data_quality_error,False,False,False,energy_above_900_kcal
7610400096607,lindt,lindt,lindt,snacks,Chocolates,en:united-kingdom,UK_IE,https://images.openfoodfacts.org/images/products/761/040/009/6607/front_en.11.400.jpg,7029.75621414914,,462.5,,262.5,,625.0,,587.5,,0.40253352496773,0.40253352496773,82.5,82.5,2.34375,2.34375,data_quality_error,data_quality_error,False,False,False,energy_above_900_kcal
7613036424141,The original Shreddies,nestlé,nestle,cereals,"Plant-based foods and beverages, Plant-based foods, Breakfasts, Cereals and potatoes, Cereals and their products, Breakfast cereals",en:united-kingdom,UK_IE,https://images.openfoodfacts.org/images/products/761/303/642/4141/front_fr.4.400.jpg,1517.5,,1.75,1.75,0.25,0.25,,,12.5,12.5,,,,,0.725,0.725,data_quality_error,data_quality_error,False,False,False,energy_above_900_kcal
7613269012160,Tête de Moine,migros,migros,dairies,"Produits laitiers, Produits fermentés, Produits laitiers fermentés, Fromages, Fromages de vache, Fromages au lait cru, Fromages de Suisse, Fromages à pâte pressée demi-cuite, Têtes de Moine",en:france|en:switzerland,FRANCE|DACH,https://images.openfoodfacts.org/images/products/761/326/901/2160/front_fr.52.400.jpg,3458.33333333333,,35.0,35.0,21.0,21.0,0.5,0.5,0.5,0.5,0.0,0.0,25.0,25.0,1.8675,1.8675,data_quality_error,data_quality_error,False,False,False,energy_above_900_kcal
7613287476678,NESTLE CINI-MINIS CHURROS Cerealien,nestlé,nestle,cereals,"de:Aliments d'origine végétale, de:Aliments et boissons à base de végétaux, de:Céréales et dérivés, de:Céréales et pommes de terre, de:Céréales extrudées, de:Céréales pour petit-déjeuner, de:Geröstete Getreidekost, de:Petit-déjeuners, en:breakfast-cereals",en:france|en:germany,FRANCE|DACH,https://images.openfoodfacts.org/images/products/761/328/747/6678/front_de.90.400.jpg,1713.33333333333,,5.5,5.5,0.6,0.6,75.6,75.6,25.0,25.0,5.3,5.3,7.6,7.6,1.0,1.0,data_quality_error,data_quality_error,False,False,False,energy_above_900_kcal
7614500010617,Dark Chocolate with Honey and Almond Nougat,toblerone,toblerone,snacks,"Snacks, Sweet snacks, Cocoa and its products, Confectioneries, Chocolate candies, Bars, Chocolates, Dark chocolates, Chocolates with almonds, Dark chocolates with almonds, Swiss chocolates",en:bulgaria|en:france|en:germany|en:italy|en:morocco|en:romania|en:spain|en:switzerland|en:united-states,FRANCE|DACH|SOUTHERN_EUROPE|US_CANADA,https://images.openfoodfacts.org/images/products/761/450/001/0617/front_en.100.400.jpg,14746.6539196941,,30.0,30.0,18.0,18.0,50.0,50.0,47.0,47.0,8.9,8.9,5.9,5.9,0.01,0.01,data_quality_error,data_quality_error,False,False,False,energy_above_900_kcal
7622201757915,Silk You Melt My...,cadbury dairy milk,cadbury,snacks,Candy chocolate bars,en:united-states,US_CANADA,https://images.openfoodfacts.org/images/products/762/220/175/7915/front_en.3.400.jpg,2685.0,,31.3,31.3,21.5,21.5,56.6,56.6,55.3,55.3,,,7.7,7.7,0.3125,0.3125,data_quality_error,data_quality_error,False,False,False,energy_above_900_kcal
7622210249661,Dark Chocolate,cadbury bournville,cadbury,snacks,"Snacks, Sweet snacks, Cocoa and its products, Confectioneries, Bars, Chocolate candies, Chocolates, Dark chocolates",en:france|en:united-kingdom|en:united-states,FRANCE|UK_IE|US_CANADA,https://images.openfoodfacts.org/images/products/762/221/024/9661/front_en.106.400.jpg,2265.77437858508,,28.0769230769231,28.0769230769231,14.6153846153846,14.6153846153846,61.5384615384615,61.5384615384615,57.6923076923077,57.6923076923077,4.61538461538461,4.61538461538461,4.23076923076923,4.23076923076923,0.0086538461538461,0.0086538461538461,data_quality_error,data_quality_error,False,False,False,energy_above_900_kcal
7622210400796,Choqsplash goût Noisette,milka,milka,snacks,"Snacks, Snacks sucrés, Cacao et dérivés, Chocolats, Chocolats au lait",en:france,FRANCE,https://images.openfoodfacts.org/images/products/762/221/040/0796/front_fr.3.400.jpg,258.147858072917,258.147858072917,32.595333984375,32.595333984375,1.28722467447916,1.28722467447916,55.9562703125,55.9562703125,55.7088203125,55.7088203125,-0.143716145833334,,5.357775,5.357775,0.192154334309896,0.192154334309896,data_quality_error,data_quality_error,False,False,False,negative_nutrient_value
7622210433732,Choqsplash goût Noisette,milka,milka,snacks,"Snacks, Snacks sucrés, Cacao et dérivés, Chocolats, Chocolats au lait",en:france,FRANCE,https://images.openfoodfacts.org/images/products/762/221/043/3732/front_fr.5.400.jpg,258.147858072917,258.147858072917,32.595333984375,32.595333984375,1.28722467447916,1.28722467447916,55.9562703125,55.9562703125,55.7088203125,55.7088203125,-0.143716145833334,,5.357775,5.357775,0.192154334309896,0.192154334309896,data_quality_error,data_quality_error,False,False,False,negative_nutrient_value
7622210470126,Wispa,cadbury,cadbury,snacks,"Snacks,Sweet snacks,Cocoa and its products,Confectioneries,Bars,Chocolate candies,Chocolates,Bars-covered-with-chocolate",en:france|en:ireland|en:united-kingdom|en:united-states,FRANCE|UK_IE|US_CANADA,https://images.openfoodfacts.org/images/products/762/221/047/0126/front_en.68.400.jpg,1394.87179487179,,32.0,32.0,19.0,19.0,56.0,56.0,55.0,55.0,2.2,2.2,6.6,6.6,0.24,0.24,data_quality_error,data_quality_error,False,False,False,energy_above_900_kcal
7622300086404,Caramelo,milka,milka,snacks,"Botanas,Snacks dulces,Cacao y sus productos,Dulces,Chocolates,Chocolates con leche,en:Caramel chocolates,en:Milk chocolate with caramel",en:belgium|en:france|en:italy|en:morocco|en:netherlands|en:portugal|en:spain,BENELUX|FRANCE|SOUTHERN_EUROPE,https://images.openfoodfacts.org/images/products/762/230/008/6404/front_es.113.400.jpg,2275.0,,33.0,33.0,19.0,19.0,56.0,56.0,51.0,51.0,1.2,1.2,4.3,4.3,0.26,0.26,data_quality_error,data_quality_error,False,False,False,energy_above_900_kcal
7622300424886,,milka,milka,snacks,"Snacks,Snacks sucrés,Biscuits et gâteaux,Biscuits,biscuit fourré",en:belgium|en:france,BENELUX|FRANCE,https://images.openfoodfacts.org/images/products/762/230/042/4886/front_en.30.400.jpg,976.626887321156,,15.0,15.0,8.6,8.6,68.0,68.0,56.0,56.0,0.7,0.7,4.6,4.6,0.28,0.28,data_quality_error,data_quality_error,False,False,False,energy_above_900_kcal
7622300465674,Whole Hazelnuts,milka,milka,snacks,"Snacks, Sweet snacks, Cocoa and its products, Confectioneries, Chocolates, Milk chocolates, Alpine Milk Chocolate, en:chocolates-with-hazelnuts",en:france|en:lithuania,FRANCE,https://images.openfoodfacts.org/images/products/762/230/046/5674/front_en.19.400.jpg,5600.0,,36.0,36.0,16.0,16.0,48.0,48.0,47.0,47.0,3.5,3.5,7.9,7.9,0.23,0.23,data_quality_error,data_quality_error,False,False,False,energy_above_900_kcal
8000430138931,Burrata,galbani,galbani,dairies,"Kaas, Kaas voor borrel, Mozzarella, burrata, Burrata",en:belgium|en:france,BENELUX|FRANCE,https://images.openfoodfacts.org/images/products/800/043/013/8931/front_en.71.400.jpg,25600.0,,24.0,24.0,15.0,15.0,2.0,2.0,2.0,2.0,,,8.0,8.0,0.54,0.54,data_quality_error,data_quality_error,False,False,False,energy_above_900_kcal
8002004437259,Biraghini snack,biraghini,biraghini,dairies,"Dairies,Fermented foods,Fermented milk products,Snacks,Cheeses,Salty snacks,Cow cheeses,Italian cheeses",en:france|en:italy,FRANCE|SOUTHERN_EUROPE,https://images.openfoodfacts.org/images/products/800/200/443/7259/front_it.37.400.jpg,2507.49850029994,,30.0,30.0,21.0,21.0,0.0,0.0,0.0,0.0,0.0,0.0,37.0,37.0,1.8,1.8,data_quality_error,data_quality_error,False,False,False,energy_above_900_kcal
8003000622519,Panna cotta,"dr. oetker, cameo",dr. oetker,dairies,"Latticini, Dessert, Dolci a base di latte, Panna cotta",en:france|en:italy,FRANCE|SOUTHERN_EUROPE,https://images.openfoodfacts.org/images/products/800/300/062/2519/front_fr.14.400.jpg,980.0,,15.0,15.0,9.4,9.4,20.0,20.0,18.0,18.0,,,3.8,3.8,0.17,0.17,data_quality_error,data_quality_error,False,False,False,energy_above_900_kcal
8004362001448,Tiramisù,gelato d'italia,gelato d'italia,snacks,"Snack, Dessert, Snack dolci, Alimenti surgelati, Biscotti e torte, Dessert surgelati, Gelati e sorbetti, Gelato, Prodotti di pasticceria, Tiramisù",en:france|en:italy,FRANCE|SOUTHERN_EUROPE,https://images.openfoodfacts.org/images/products/800/436/200/1448/front_it.31.400.jpg,220.0,220.0,11.0,11.0,8.9,8.9,28.0,28.0,26.0,26.0,-0.182468359375,,2.0,2.0,0.12,0.12,data_quality_error,data_quality_error,False,False,False,negative_nutrient_value
80052357,Duplo Chocnut Einzelpack,ferrero,ferrero,snacks,"Imbiss, Süßer Snack, Kakao und Kakaoprodukte, Süßwaren, Schokoladenkonfekt, Riegel, Schokoriegel",en:france|en:germany|en:israel|en:italy,FRANCE|DACH|SOUTHERN_EUROPE,https://images.openfoodfacts.org/images/products/000/008/005/2357/front_de.24.400.jpg,2469.0,,39.3,39.3,16.1,16.1,50.9,50.9,41.9,41.9,0.1,0.1,7.4,7.4,0.2,0.2,data_quality_error,data_quality_error,False,False,False,energy_above_900_kcal
80052364,Tronky Nocciola Singolo,ferrero,ferrero,snacks,"Snack, Snack dolci, Biscotti e torte, Biscotti, Wafer",en:france|en:italy|en:spain,FRANCE|SOUTHERN_EUROPE,https://images.openfoodfacts.org/images/products/000/008/005/2364/front_it.36.400.jpg,972.222222222222,,32.9,32.9,10.6,10.6,54.9,54.9,41.7,41.7,0.0,0.0,7.3,7.3,0.292,0.292,data_quality_error,data_quality_error,False,False,False,energy_above_900_kcal
80052760,Kinder Bueno,kinder,kinder,snacks,"en:Snacks,en:Sweet snacks,en:Cocoa and its products,en:Confectioneries,en:Chocolate candies,en:Bars,en:Candy chocolate bars",en:australia|en:belgium|en:bulgaria|en:czech-republic|en:estonia|en:france|en:greece|en:hungary|en:ireland|en:italy|en:latvia|en:libya|en:lithuania|en:morocco|en:new-zealand|en:poland|en:portugal|en:romania|en:russia|en:saudi-arabia|en:spain|en:switzerland|en:tunisia|en:united-kingdom|en:united-states,BENELUX|FRANCE|UK_IE|SOUTHERN_EUROPE|DACH|US_CANADA,https://images.openfoodfacts.org/images/products/000/008/005/2760/front_en.503.400.jpg,1213.95348837209,,37.3,37.3,17.3,17.3,49.5,49.5,41.2,41.2,0.0,0.0,8.6,8.6,0.272,0.272,data_quality_error,data_quality_error,False,False,False,energy_above_900_kcal
8008714001674,Amica Chips - Time Out Patatine Classica 25G,amica chips,amica chips,snacks,"cibi-e-bevande-a-base-vegetale, cibi-a-base-vegetale, snack, cereali-e-patate, snacks-salati, antipasti, patatine-e-fritti, patatine-sottili, patatine, patatine-in-olio-di-semi-di-girasole, it:patatine",en:france|en:italy,FRANCE|SOUTHERN_EUROPE,https://images.openfoodfacts.org/images/products/800/871/400/1674/front_it.17.400.jpg,2220.0,,34.0,34.0,3.8,3.8,54.0,54.0,0.4,0.4,3.5,3.5,6.5,6.5,1.5,1.5,data_quality_error,data_quality_error,False,False,False,energy_above_900_kcal
8032595162858,Bonito fio di latte,martinucci,martinucci,snacks,"Snack, Snack dolci, Dolci, Caramelle",en:france|en:italy,FRANCE|SOUTHERN_EUROPE,https://images.openfoodfacts.org/images/products/803/259/516/2858/front_fr.3.400.jpg,1230.0,,8.8,8.8,6.3,6.3,47.9,47.9,22.3,22.3,,,4.9,4.9,0.1,0.1,data_quality_error,data_quality_error,False,False,False,energy_above_900_kcal
8076809506236,Rigoli con miele millefiori italiano,mulino bianco,mulino bianco,snacks,"Snacks,Sweet snacks,Biscuits and cakes,Biscuits",en:france|en:italy,FRANCE|SOUTHERN_EUROPE,https://images.openfoodfacts.org/images/products/807/680/950/6236/front_en.30.400.jpg,4300.0,,14.2,14.2,1.8,1.8,71.9,71.9,21.0,21.0,3.6,3.6,7.5,7.5,0.6,0.6,data_quality_error,data_quality_error,False,False,False,energy_above_900_kcal
8410376024326,Digestive Choco,gullón,gullon,snacks,"Botanas,Snacks dulces,Galletas y pasteles,en:Biscuits and crackers,Galletas,Galletas de chocolate,fr:Biscuits édulcorés",en:france|en:lebanon|en:morocco|en:portugal|en:spain,FRANCE|SOUTHERN_EUROPE,https://images.openfoodfacts.org/images/products/841/037/602/4326/front_pt.108.400.jpg,958.974358974359,,21.0,21.0,7.0,7.0,63.0,63.0,0.5,0.5,6.0,6.0,7.0,7.0,0.65,0.65,data_quality_error,data_quality_error,False,False,False,energy_above_900_kcal
8410376033267,Digestive Avena,gullón,gullon,snacks,"Lanches comida,Lanches doces,Biscoitos e Bolos,en:Biscuits and crackers,Biscoitos,en:Oatmeal cookies",en:algeria|en:bulgaria|en:france|en:morocco|en:portugal|en:romania|en:saudi-arabia|en:spain,FRANCE|SOUTHERN_EUROPE,https://images.openfoodfacts.org/images/products/841/037/603/3267/front_en.127.400.jpg,3305.10948905109,,18.0,18.0,1.8,1.8,65.0,65.0,0.7,0.7,5.5,5.5,7.7,7.7,0.75,0.75,data_quality_error,data_quality_error,False,False,False,energy_above_900_kcal
8410500029562,activia t4 fibra yaourt,"activia, danone",activia,dairies,"Lácteos,Comidas fermentadas,Productos fermentados de la leche,Postres,Postres lácteos,en:Fermented dairy desserts,Yogures,Lacteos",en:france,FRANCE,https://images.openfoodfacts.org/images/products/841/050/002/9562/front_fr.3.400.jpg,3969.0,,2.7,2.7,1.6,1.6,12.7,12.7,11.5,11.5,1.5,1.5,4.0,4.0,0.13,0.13,data_quality_error,data_quality_error,False,False,False,energy_above_900_kcal
8434165466395,TostaRica Choco Guay,cuétara,cuetara,snacks,"Botanas,Snacks dulces,Galletas y pasteles,en:Biscuits and crackers,Galletas,Galletas de chocolate,Galletas rellenas",en:france|en:morocco|en:portugal|en:spain,FRANCE|SOUTHERN_EUROPE,https://images.openfoodfacts.org/images/products/843/416/546/6395/front_es.4.400.jpg,2045.45454545455,,20.0,20.0,9.0,9.0,70.0,70.0,31.0,31.0,2.4,2.4,5.9,5.9,0.885,0.885,data_quality_error,data_quality_error,False,False,False,energy_above_900_kcal
8435063842007,Rellenitos de fresa,king regal,king regal,snacks,"Botanas, Snacks dulces, Dulces, Golosinas, Caramelos de goma",en:france|en:spain,FRANCE|SOUTHERN_EUROPE,https://images.openfoodfacts.org/images/products/843/506/384/2007/front_es.20.400.jpg,1224.0,,1.4,1.4,0.8,0.8,85.0,85.0,62.0,62.0,0.421875,0.421875,1.7,1.7,0.3,0.3,data_quality_error,data_quality_error,False,False,False,energy_above_900_kcal
8445290357687,Toffee Crisp,nestlé,nestle,snacks,"Snacks,Sweet snacks,Cocoa and its products,Confectioneries,Bars,Chocolate candies,Candy chocolate bars",en:united-kingdom,UK_IE,https://images.openfoodfacts.org/images/products/844/529/035/7687/front_en.18.400.jpg,1371.19113573407,,76.1772853185595,76.1772853185595,49.1689750692521,49.1689750692521,132.271468144044,,0.0,0.0,3.46260387811634,3.46260387811634,11.0803324099723,11.0803324099723,0.0,0.0,data_quality_error,data_quality_error,False,False,False,energy_above_900_kcal
8593893751743,Randoms,rowntree's,rowntree's,snacks,"Snacks, Sweet snacks, Confectioneries, Candies",en:france|en:latvia|en:united-kingdom,FRANCE|UK_IE,https://images.openfoodfacts.org/images/products/859/389/375/1743/front_en.3.400.jpg,1620.0,,0.1,0.1,0.1,0.1,76.4,76.4,54.6,54.6,0.0,0.0,4.7,4.7,0.08,0.08,data_quality_error,data_quality_error,False,False,False,energy_above_900_kcal
8595054908188,Mixture for preparing oatmeal with hazelnuts and chocolate,mogador,mogador,cereals,Breakfast cereals,en:united-states,US_CANADA,https://images.openfoodfacts.org/images/products/859/505/490/8188/front_hr.3.400.jpg,1691.0,,11.0,11.0,1.7,1.7,62.0,62.0,18.0,18.0,7.5,7.5,10.0,10.0,0.44,0.44,data_quality_error,data_quality_error,False,False,False,energy_above_900_kcal
8595229910633,OAT FLAKES SMALL LEAVES,emco,emco,cereals,"Plant-based foods and beverages, Plant-based foods, Breakfasts, Cereals and potatoes, Cereals and their products, Breakfast cereals, Flakes, Cereal flakes, Rolled flakes, Oat-flakes",en:egypt|en:france|en:morocco|en:tunisia,FRANCE,https://images.openfoodfacts.org/images/products/859/522/991/0633/front_en.92.400.jpg,1005.0,,6.9,6.9,1.1,1.1,68.1,68.1,1.3,1.3,7.3,7.3,13.2,13.2,0.01,0.01,data_quality_error,data_quality_error,False,False,False,energy_above_900_kcal
8711327300668,Magnum Barre Glacée Chocolat & Noisette x6,magnum,magnum,snacks,"Snacks,Desserts,Snacks sucrés,Surgelés,Barres,Desserts glacés,Barres glacées",en:france,FRANCE,https://images.openfoodfacts.org/images/products/871/132/730/0668/front_fr.20.400.jpg,344.0,344.0,21.0,21.0,13.0,13.0,33.0,33.0,28.0,28.0,-0.127971547154016,,4.2,4.2,0.16,0.16,data_quality_error,data_quality_error,False,False,False,negative_nutrient_value
8711327328945,KINDER Bueno Barre Glacée Noisette enrobée de Chocolat au Lait,"eskimo,kinder",eskimo,snacks,"Botanas,Postres,Snacks dulces,Congelados,Postres helados,Barritas,en:Frozen bars",en:france|en:luxembourg|en:spain|en:switzerland,FRANCE|BENELUX|SOUTHERN_EUROPE|DACH,https://images.openfoodfacts.org/images/products/871/132/732/8945/front_fr.26.400.jpg,408.0,408.0,28.0,28.0,15.0,15.0,32.0,32.0,31.0,31.0,-0.112738541666665,,6.2,6.2,0.18,0.18,data_quality_error,data_quality_error,False,False,False,negative_nutrient_value
8711715896520,Kaasstengels,jumbo,jumbo,dairies,"Dairies, Snacks, Salty snacks, en:appetizers",en:france|en:netherlands,FRANCE|BENELUX,https://images.openfoodfacts.org/images/products/871/171/589/6520/front_nl.18.400.jpg,2094.11764705882,,27.0,27.0,17.0,17.0,51.0,51.0,3.5,3.5,3.0,3.0,12.0,12.0,2.0,2.0,data_quality_error,data_quality_error,False,False,False,energy_above_900_kcal
8719327004982,Twenny bar,jimmy joy,jimmy joy,snacks,"Plant-based foods and beverages, Plant-based foods, Legumes and their products, Snacks, Legumes, Seeds, Sweet snacks, Legume seeds, Bars, Soy beans, en:cereal-bars",en:france|en:netherlands,FRANCE|BENELUX,https://images.openfoodfacts.org/images/products/871/932/700/4982/front_en.18.400.jpg,1573.0,,14.0,14.0,7.4,7.4,45.0,45.0,12.0,12.0,6.4,6.4,20.0,20.0,1.18,1.18,data_quality_error,data_quality_error,False,False,False,energy_above_900_kcal
8809560522142,Milk Classic] Rice Cracker (Muskmelon Flavor),milk classic,milk classic,snacks,Cookie,en:united-states,US_CANADA,https://images.openfoodfacts.org/images/products/880/956/052/2142/front_ko.3.400.jpg,1380.0,,36.6666666666667,36.6666666666667,16.6666666666667,16.6666666666667,56.6666666666667,56.6666666666667,10.0,10.0,0.0,0.0,3.33333333333333,3.33333333333333,0.416666666666667,0.416666666666667,data_quality_error,data_quality_error,False,False,False,energy_above_900_kcal
8906112660793,Museli,true elements,true elements,cereals,en:mueslis-with-fruits,en:united-kingdom,UK_IE,https://images.openfoodfacts.org/images/products/890/611/266/0793/front_en.35.400.jpg,1037.25,,21.5,21.5,2.75,2.75,177.75,,27.5,27.5,16.0,16.0,32.75,32.75,1.25,1.25,data_quality_error,data_quality_error,False,False,False,energy_above_900_kcal
9000332812167,Schoko-Bananen Doublechoc,casali,casali,snacks,Gefüllte Schokolade,en:france|en:germany,FRANCE|DACH,https://images.openfoodfacts.org/images/products/900/033/281/2167/front_de.27.400.jpg,380.0,380.0,11.0,11.0,6.7,6.7,67.0,67.0,50.0,50.0,-0.06659375,,1.9,1.9,0.02,0.02,data_quality_error,data_quality_error,False,False,False,negative_nutrient_value
9003100403727,"Pago Ananas 100%, Einweg, Glasflasche - 0.2L",pago,pago,beverages,Boissons,en:france,FRANCE,https://images.openfoodfacts.org/images/products/900/310/040/3727/front_fr.23.400.jpg,5100.0,,0.0,0.0,0.0,0.0,1100.0,,1100.0,,0.0,0.0,0.0,0.0,0.0,0.0,data_quality_error,data_quality_error,False,False,False,energy_above_900_kcal
9066085112305,Happy cow,,unknown,dairies,"Dairies, Fermented foods, Fermented milk products, Cheeses",en:france,FRANCE,https://images.openfoodfacts.org/images/products/906/608/511/2305/front_fr.12.400.jpg,1114.0,,20.0,20.0,14.6,14.6,5.0,5.0,,,,,17.0,17.0,2.5,2.5,data_quality_error,data_quality_error,False,False,False,energy_above_900_kcal
9100000705972,Knuspermüsli weiße Schokolade & Himbeere,spar,spar,cereals,"Pflanzliche Lebensmittel und Getränke,Pflanzliche Lebensmittel,Frühstücke,Getreide und Kartoffeln,Getreideprodukte,Frühstückscerealien,Frühstückscerealien mit Früchten,Schokoflocken,Müslis,Müslis mit Schokolade,Müslis mit Früchten",en:austria|en:france|en:germany,DACH|FRANCE,https://images.openfoodfacts.org/images/products/910/000/070/5972/front_de.35.400.jpg,1100.0,,16.0,16.0,5.3,5.3,61.0,61.0,26.0,26.0,8.2,8.2,8.9,8.9,0.7,0.7,data_quality_error,data_quality_error,False,False,False,energy_above_900_kcal
9300605120686,Nesquik Chocolate Milk Flavouring,nestlé,nestle,snacks,"Beverages and beverages preparations,Beverages,Snacks,Sweet snacks,Cocoa and its products,Beverage preparations,Chocolates,Cocoa and chocolate powders,Instant beverages,Chocolate powders",en:australia|en:france|en:mauritius|en:new-zealand,FRANCE,https://images.openfoodfacts.org/images/products/930/060/512/0686/front_en.50.400.jpg,3752.98263356667,,33.0578512396695,33.0578512396695,16.5289256198347,16.5289256198347,818.181818181818,,727.272727272727,,0.0,0.0,41.3223140495868,41.3223140495868,0.206611570247934,0.206611570247934,data_quality_error,data_quality_error,False,False,False,energy_above_900_kcal
9310072001784,Shortbread cream,arnott's,arnott's,snacks,"Snacks,Sweet snacks,Biscuits and cakes,Biscuits,Shortbread cookies",en:australia|en:france|en:new-zealand,FRANCE,https://images.openfoodfacts.org/images/products/931/007/200/1784/front_en.34.400.jpg,1203.33333333333,,26.3,26.3,13.1976047904192,13.1976047904192,64.7,64.7,28.1017964071856,28.1017964071856,1.89820359281437,1.89820359281437,4.2,4.2,0.975,0.975,data_quality_error,data_quality_error,False,False,False,energy_above_900_kcal
9414882456090,Snackachangi Salted Chips,"snackachangi, snackachangi",snackachangi,snacks,en:potato-crisps-in-sunflower-oil,en:france|en:new-zealand,FRANCE,https://images.openfoodfacts.org/images/products/941/488/245/6090/front_en.3.400.jpg,2210.0,,32.4,32.4,2.7,2.7,49.1,49.1,1.8,1.8,240.0,,8.0,8.0,0.985,0.985,data_quality_error,data_quality_error,False,False,False,energy_above_900_kcal
95824857,Vache qui rit,,unknown,dairies,en:cheeses,en:france,FRANCE,https://images.openfoodfacts.org/images/products/000/009/582/4857/front_fr.4.400.jpg,1000.0,,16.5,16.5,10.0,10.0,11.0,11.0,5.5,5.5,0.0,0.0,12.0,12.0,1.2,1.2,data_quality_error,data_quality_error,False,False,False,energy_above_900_kcal
