barcode,product_name,brands,primary_brand,query_category,off_categories,countries,observed_market_region_codes,image_url,energy_kcal_off_raw,energy_kcal,fat_100g_off_raw,fat_100g,saturated_fat_100g_off_raw,saturated_fat_100g,carbs_100g_off_raw,carbs_100g,sugars_100g_off_raw,sugars_100g,fiber_100g_off_raw,fiber_100g,protein_100g_off_raw,protein_100g,salt_100g_off_raw,salt_100g,nutrition_quality_status,outlier_type,include_in_product_table,include_in_aggregates,include_in_charts,nutrition_quality_reason,macro_sum_off_raw
2312,Tester,cadburies,cadburies,cereals,"en:breakfast-cereals, en:meats",en:united-states,US_CANADA,https://images.openfoodfacts.org/images/products/000/000/000/2312/front_en.3.400.jpg,2121.0,,2321.0,,31.231,31.231,2312.0,,0.0002,0.0002,23.123,23.123,213.0,,0.1,0.1,data_quality_error,data_quality_error,False,False,False,energy_above_900_kcal|nutrient_value_above_100g,4846.0
1000827721,Mochi pistache,,unknown,snacks,"Snacks, Desserts, Snacks sucrés, Surgelés, Biscuits et gâteaux, Desserts glacés, Pâtisseries, Mochi",en:france,FRANCE,https://images.openfoodfacts.org/images/products/000/100/082/7721/front_fr.3.400.jpg,253.0,253.0,5.0,5.0,5.0,5.0,4.0,4.0,51.0,,0.393590513392858,0.393590513392858,2.0,2.0,0.5,0.5,data_quality_error,data_quality_error,False,False,False,sugars_greater_than_carbohydrates,11.0
8274000078,Extra Ginger Beer,reed's,reed's,beverages,"Plant-based foods and beverages, Beverages, Plant-based beverages, Carbonated drinks, Fruit-based beverages, Sodas, Fruit sodas, Sodas with exotic fruits, Sweetened beverages",en:france|en:united-states|en:world,FRANCE|US_CANADA,https://images.openfoodfacts.org/images/products/000/827/400/0078/front_en.22.400.jpg,39.4366197183099,39.4366197183099,0.0,0.0,0.003076171875,,10.1408450704225,10.1408450704225,9.85915492957746,9.85915492957746,0.31171875,0.31171875,0.0,0.0,0.0035211267605633,0.0035211267605633,data_quality_error,data_quality_error,False,False,False,saturated_fat_greater_than_fat,10.1408450704225
8274000139,All natural caribbean style ginger beer,,unknown,beverages,"Beverages, Carbonated drinks, Sodas",en:france|en:united-states,FRANCE|US_CANADA,https://images.openfoodfacts.org/images/products/000/827/400/0139/front_fr.4.400.jpg,15.0,15.0,0.0,0.0,0.01,,20.1,20.1,3.94,3.94,0.51953125,0.51953125,0.0,0.0,0.001,0.001,data_quality_error,data_quality_error,False,False,False,saturated_fat_greater_than_fat,20.1
88824,foam lobsters,marks & spencer,marks & spencer,snacks,"Snacks, Sweet snacks, Confectioneries, Candies, Gummi candies",en:czech-republic|en:france,FRANCE,https://images.openfoodfacts.org/images/products/000/000/008/8824/front_en.23.400.jpg,351.0,351.0,0.1,0.1,1.0,,89.9,89.9,74.6,74.6,0.5,0.5,2.8,2.8,0.03,0.03,data_quality_error,data_quality_error,False,False,False,saturated_fat_greater_than_fat,92.8
9542031695,DARK CHOCOLATE,lindt,lindt,snacks,"Snacks, Sweet snacks, Cocoa and its products, Confectioneries, Chocolate candies, Chocolates, Dark chocolates",en:france|en:switzerland|en:united-states,FRANCE|DACH|US_CANADA,https://images.openfoodfacts.org/images/products/000/954/203/1695/front_en.22.400.jpg,566.666666666667,566.666666666667,46.6666666666667,,30.0,30.0,63.3333333333333,,16.6666666666667,16.6666666666667,16.6666666666667,16.6666666666667,10.0,,0.0,0.0,data_quality_error,data_quality_error,False,False,False,macros_exceed_100g,120.0
9800560202,Kinderini Cookies,kinder,kinder,snacks,en:cookies,en:united-states,US_CANADA,https://images.openfoodfacts.org/images/products/000/980/056/0202/front_en.18.400.jpg,480.0,480.0,96.0,96.0,48.0,48.0,272.0,,112.0,,16.0,16.0,32.0,32.0,1.4,1.4,data_quality_error,data_quality_error,False,False,False,nutrient_value_above_100g,400.0
11110002716,Diet black cherry soda,"big k, the kroger co.",big k,beverages,"Beverages, Carbonated drinks, Artificially sweetened beverages, Sodas, Diet beverages, Diet sodas",en:united-states,US_CANADA,https://images.openfoodfacts.org/images/products/001/111/000/2716/front_en.6.400.jpg,0.0,0.0,0.0,0.0,3.57142857142857,,0.0,0.0,0.0,0.0,3.57142857142857,3.57142857142857,0.0,0.0,0.0175,0.0175,data_quality_error,data_quality_error,False,False,False,saturated_fat_greater_than_fat,0.0
11110100818,Sweet Cream Butter Unsalted,kroger,kroger,dairies,"Dairies, Fats, Spreads, Spreadable fats, Animal fats, Milkfat, Dairy-spread, Butters, Unsalted butters",en:united-states,US_CANADA,https://images.openfoodfacts.org/images/products/001/111/010/0818/front_en.16.400.jpg,714.285714285714,714.285714285714,78.5714285714286,78.5714285714286,50.0,50.0,0.0,0.0,2.70075,,1.35525,1.35525,0.0,0.0,0.078,0.078,data_quality_error,data_quality_error,False,False,False,sugars_greater_than_carbohydrates,78.5714285714286
11110109941,Original White Rounds Tortilla Chips,kroger,kroger,snacks,en:corn-chips,en:united-states,US_CANADA,https://images.openfoodfacts.org/images/products/001/111/010/9941/front_en.17.400.jpg,500.0,500.0,21.4285714285714,21.4285714285714,67.8571428571429,,67.8571428571429,67.8571428571429,0.0,0.0,7.14285714285714,7.14285714285714,7.14285714285714,7.14285714285714,0.982142857142857,0.982142857142857,data_quality_error,data_quality_error,False,False,False,saturated_fat_greater_than_fat,96.42857142857144
11110401014,Whole Milk,kroger,kroger,dairies,"Dairies, Milks",en:united-states,US_CANADA,https://images.openfoodfacts.org/images/products/001/111/040/1014/front_en.45.400.jpg,66.0,66.0,3.53,3.53,5.0,,5.29,5.29,12.0,,,,3.53,3.53,0.2625,0.2625,data_quality_error,data_quality_error,False,False,False,sugars_greater_than_carbohydrates|saturated_fat_greater_than_fat,12.35
11110587169,Smoke Flavored Provolone Cheese Slices,kroger,kroger,dairies,"Dairies,Fermented foods,Fermented milk products,Cheeses,Cow cheeses,Provolone,cheese",en:united-states,US_CANADA,https://images.openfoodfacts.org/images/products/001/111/058/7169/front_en.19.400.jpg,333.333333333333,333.333333333333,28.5714285714286,28.5714285714286,16.6666666666667,16.6666666666667,0.0,0.0,,,,,23.8095238095238,23.8095238095238,2142.85714285714,,data_quality_error,data_quality_error,False,False,False,nutrient_value_above_100g,52.3809523809524
11110893055,Butter Unsalted,kroger,kroger,dairies,"Butter, Dairy",en:united-states,US_CANADA,https://images.openfoodfacts.org/images/products/001/111/089/3055/front_en.19.400.jpg,714.285714285714,714.285714285714,78.5714285714286,78.5714285714286,50.0,50.0,0.0,0.0,2.70075,,1.35525,1.35525,0.0,0.0,0.0,0.0,data_quality_error,data_quality_error,False,False,False,sugars_greater_than_carbohydrates,78.5714285714286
11150505901,"Roundy's, greek nonfat yogurt, black cherry",roundy's,roundy's,dairies,"Dairies, Fermented foods, Desserts, Fermented milk products, Dairy desserts, Fermented dairy desserts, Yogurts",en:united-states,US_CANADA,,67.0,67.0,0.0,0.0,0.059126,,9.33,9.33,8.67,8.67,0.7,0.7,8.0,8.0,0.1175,0.1175,data_quality_error,data_quality_error,False,False,False,saturated_fat_greater_than_fat,17.33
11732007960,Abernethy Biscuits,simmers,simmers,snacks,"Snacks,Sweet snacks,Biscuits and cakes,Biscuits",en:united-kingdom,UK_IE,https://images.openfoodfacts.org/images/products/001/173/200/7960/front_en.7.400.jpg,775.0,775.0,35.0,35.0,12.5,12.5,102.5,,32.5,32.5,6.25634,6.25634,10.0,10.0,1.625,1.625,data_quality_error,data_quality_error,False,False,False,nutrient_value_above_100g,147.5
12000002335,Mtn Dew Soda 2 Liter Plastic Bottle,mtn dew,mtn dew,beverages,"Beverages and beverages preparations, Beverages, Non-alcoholic beverages",en:united-states,US_CANADA,,48.0,48.0,0.0,0.0,,,12.0,12.0,12.80556,,,,0.0,0.0,0.0425,0.0425,data_quality_error,data_quality_error,False,False,False,sugars_greater_than_carbohydrates,12.0
12000002489,Pepsi,,unknown,beverages,"Boissons, Boissons gazeuses, Sodas, Sodas au cola, Boissons avec sucre ajouté",en:france|en:qatar,FRANCE,https://images.openfoodfacts.org/images/products/001/200/000/2489/front_en.33.400.jpg,27.0,27.0,0.0,0.0,0.0,0.0,7.0,7.0,11.0,,0.0,0.0,0.0,0.0,0.025,0.025,data_quality_error,data_quality_error,False,False,False,sugars_greater_than_carbohydrates,7.0
12000030673,Pepsi-Cola Soda Shop,pepsi-cola,pepsi-cola,beverages,"Beverages and beverages preparations, Beverages, Sweetened beverages, en:colas",en:france,FRANCE,https://images.openfoodfacts.org/images/products/001/200/003/0673/front_en.19.400.jpg,42.2675706291105,42.2675706291105,0.0,0.0,0.0,0.0,3.17503000997515,3.17503000997515,11.2713521677628,,0.0,0.0,0.0,0.0,0.0211337853145553,0.0211337853145553,data_quality_error,data_quality_error,False,False,False,sugars_greater_than_carbohydrates,3.17503000997515
13130006125,Cream of Wheat Original,cream of wheat,cream of wheat,cereals,Plain porridge,en:united-states,US_CANADA,https://images.openfoodfacts.org/images/products/001/313/000/6125/front_en.82.400.jpg,666.666666666667,666.666666666667,0.0,0.0,0.0,0.0,121.212121212121,,45.4545454545455,45.4545454545455,3.03030303030303,3.03030303030303,42.4242424242424,42.4242424242424,1.74242424242424,1.74242424242424,data_quality_error,data_quality_error,False,False,False,nutrient_value_above_100g,163.6363636363634
13130060530,Cream of Wheat Instant Maple Brown Sugar,cream of wheat,cream of wheat,cereals,"Plant-based foods and beverages,Plant-based foods,Breakfasts,Cereals and potatoes,Cereals and their products,Breakfast cereals,Porridge",en:united-states,US_CANADA,https://images.openfoodfacts.org/images/products/001/313/006/0530/front_en.44.400.jpg,485.714285714286,485.714285714286,0.0,,0.0,0.0,100.0,,54.2857142857143,54.2857142857143,2.85714285714286,2.85714285714286,17.1428571428571,,1357.14285714286,,data_quality_error,data_quality_error,False,False,False,nutrient_value_above_100g|macros_exceed_100g,117.1428571428571
13499900379,Fresh Goat Cheese,schnucks,schnucks,dairies,Goat cheeses,en:united-states,US_CANADA,,943.964285714286,,76.5357142857143,,51.0357142857143,51.0357142857143,12.75,,0.0,0.0,0.0,0.0,51.0357142857143,,0.0036696428571428,0.0036696428571428,data_quality_error,data_quality_error,False,False,False,energy_above_900_kcal|macros_exceed_100g,140.3214285714286
14100096559,Goldfish crackers,pepperidge farms,pepperidge farms,snacks,"Snacks,Snacks salés,Snacks sucrés,Amuse-gueules,Biscuits et gâteaux,Biscuits sucrés & biscuits apéritifs,Biscuits,Biscuits apéritifs",en:united-states,US_CANADA,https://images.openfoodfacts.org/images/products/001/410/009/6559/front_en.25.400.jpg,466.666666666667,466.666666666667,16.6666666666667,,3.33333333333333,3.33333333333333,100.0,,0.0,0.0,3.33333333333333,3.33333333333333,6.66666666666667,,2.08333333333333,2.08333333333333,data_quality_error,data_quality_error,False,False,False,macros_exceed_100g,123.33333333333337
15000045203,puffs strawberry apple,gerber,gerber,cereals,en:breakfast-cereals,en:united-states|en:vietnam|en:world,US_CANADA,https://images.openfoodfacts.org/images/products/001/500/004/5203/front_en.62.400.jpg,357.142857142857,357.142857142857,0.0,0.0,0.0,0.0,1224.48979591837,,0.0,0.0,0.0,0.0,0.0,0.0,0.0,0.0,data_quality_error,data_quality_error,False,False,False,nutrient_value_above_100g,1224.48979591837
15700177013,Egg nog,meadow gold,meadow gold,dairies,en:milks,en:united-states,US_CANADA,https://images.openfoodfacts.org/images/products/001/570/017/7013/front_en.3.400.jpg,170.0,170.0,0.0,0.0,5.0,,19.0,19.0,15.0,15.0,0.0,0.0,0.0,0.0,0.2625,0.2625,data_quality_error,data_quality_error,False,False,False,saturated_fat_greater_than_fat,19.0
16000185173,Strawberry Banana Cheerios,cheerios,cheerios,cereals,"Plant-based foods and beverages, Plant-based foods, Breakfasts, Cereals and potatoes, Cereals and their products, Breakfast cereals, extruded cereals",en:united-states,US_CANADA,https://images.openfoodfacts.org/images/products/001/600/018/5173/front_en.27.400.jpg,1022.64426588751,,18.2615047479912,18.2615047479912,0.0,0.0,219.138056975895,,80.3506208911614,80.3506208911614,21.9138056975895,21.9138056975895,21.9138056975895,21.9138056975895,2.92184075967859,2.92184075967859,data_quality_error,data_quality_error,False,False,False,energy_above_900_kcal|nutrient_value_above_100g,259.31336742147573
16000214897,Chex Mix Bold Garlic & Herb Snack Mix,chex,chex,snacks,en:appetizers,en:united-states,US_CANADA,https://images.openfoodfacts.org/images/products/001/600/021/4897/front_en.16.400.jpg,441.176470588235,441.176470588235,13.7931034482759,,5.17241379310345,5.17241379310345,86.2068965517241,,10.3448275862069,10.3448275862069,3.44827586206897,3.44827586206897,10.3448275862069,,1.89655172413793,1.89655172413793,data_quality_error,data_quality_error,False,False,False,macros_exceed_100g,110.3448275862069
16000227835,Bluey Cereal,general mills,general mills,cereals,en:breakfast-cereals,en:united-states,US_CANADA,https://images.openfoodfacts.org/images/products/001/600/022/7835/front_en.11.400.jpg,937.5,,6.25,6.25,0.0,0.0,212.5,,25.0,25.0,18.75,18.75,18.75,18.75,2.8125,2.8125,data_quality_error,data_quality_error,False,False,False,energy_above_900_kcal|nutrient_value_above_100g,237.5
16229914578,Coconut Water,foco,foco,beverages,"Beverages and beverages preparations,Plant-based foods and beverages,Beverages,Plant-based beverages,Coconut waters,Sports-hydration,Unsweetened-fruit-juice,shelf stable natural fruit juices",en:canada|en:france|en:united-states|en:world,US_CANADA|FRANCE,https://images.openfoodfacts.org/images/products/001/622/991/4578/front_en.79.400.jpg,21.3333333333333,21.3333333333333,0.0,0.0,0.005,,5.33333333333333,5.33333333333333,5.06666666666667,5.06666666666667,0.25,0.25,0.106666666666667,0.106666666666667,0.0533333333333333,0.0533333333333333,data_quality_error,data_quality_error,False,False,False,saturated_fat_greater_than_fat,5.439999999999998
16300168258,Ruby Red Grapefruit Juice,florida's natural,florida's natural,beverages,"Plant-based foods and beverages, Beverages, Plant-based beverages, Fruit-based beverages, Juices and nectars, Fruit juices, Squeezed juices, en:grapefruit-juices",en:france|en:united-states|en:world,FRANCE|US_CANADA,https://images.openfoodfacts.org/images/products/001/630/016/8258/front_en.18.400.jpg,41.6666666666667,41.6666666666667,0.0,0.0,0.005,,10.0,10.0,9.16666666666667,9.16666666666667,0.0,0.0,0.416666666666667,0.416666666666667,0.0104166666666667,0.0104166666666667,data_quality_error,data_quality_error,False,False,False,saturated_fat_greater_than_fat,10.416666666666668
18627116295,Apple Cinnamon Loops,kashi,kashi,cereals,Cereal,en:united-states,US_CANADA,https://images.openfoodfacts.org/images/products/001/862/711/6295/front_en.3.400.jpg,342.105263157895,342.105263157895,3.94736842105263,3.94736842105263,0.0,0.0,,,23.6842105263158,23.6842105263158,10.5263157894737,10.5263157894737,7.89473684210526,7.89473684210526,1052.63157894737,,data_quality_error,data_quality_error,False,False,False,nutrient_value_above_100g,
19000082244,"Fruit variety hard candy, watermelon, pineapple, mango melon, wild cherry, fruit punch, green apple, grape, tangerine, strawberry, raspberry",lifesavers,lifesavers,snacks,"Snacks, Sweet snacks, Confectioneries",en:france|en:united-states,FRANCE|US_CANADA,https://images.openfoodfacts.org/images/products/001/900/008/2244/front_en.4.400.jpg,400.0,400.0,0.0,0.0,2.0,,100.0,100.0,80.0,80.0,,,0.0,0.0,0.0,0.0,data_quality_error,data_quality_error,False,False,False,saturated_fat_greater_than_fat,100.0
20685000256,Kettle Cooked Waffle Cut Potato Chips,cape cod,cape cod,snacks,"Undefined, en:potato-crisps",en:united-states,US_CANADA,https://images.openfoodfacts.org/images/products/002/068/500/0256/front_fr.3.400.jpg,1801.51325420201,,88.1849768073511,88.1849768073511,6.31404433940634,6.31404433940634,226.776486357784,,0.0,0.0,12.6986366602586,12.6986366602586,25.1856293761795,25.1856293761795,0.0034656695885289,0.0034656695885289,data_quality_error,data_quality_error,False,False,False,energy_above_900_kcal|nutrient_value_above_100g,340.1470925413146
20685002892,Original Kettle Cooked Potato Chips,cape cod,cape cod,snacks,"Plant-based foods and beverages, Plant-based foods, Snacks, Cereals and potatoes, Salty snacks, Appetizers, Chips and fries, Crisps, Potato crisps",en:united-states|en:world,US_CANADA,https://images.openfoodfacts.org/images/products/002/068/500/2892/front_en.22.400.jpg,500.0,500.0,102.040816326531,,6.37755102040818,6.37755102040818,204.081632653061,,0.0,0.0,12.7551020408163,12.7551020408163,25.5102040816327,25.5102040816327,1.91326530612245,1.91326530612245,data_quality_error,data_quality_error,False,False,False,nutrient_value_above_100g,331.6326530612247
208000,fat free NATURAL COTTAGE CHEESE,sainsbury's,sainsbury's,dairies,"Dairies, Fermented foods, Fermented milk products, Cheeses, Fresh cheeses, en:cottage-cheeses",en:france|en:united-kingdom,FRANCE|UK_IE,https://images.openfoodfacts.org/images/products/000/000/020/8000/front_en.30.400.jpg,61.0,61.0,0.1,0.1,18.172245,,3.8,3.8,3.8,3.8,0.0,0.0,10.8,10.8,0.305,0.305,data_quality_error,data_quality_error,False,False,False,saturated_fat_greater_than_fat,14.700000000000001
21908240329,Peanut Butter Chocolate Chip (mini),larabar,larabar,snacks,"Snacks,Sweet snacks,Bars,Dietary supplements,Bodybuilding supplements,Energy bars",en:united-states|en:world,US_CANADA,https://images.openfoodfacts.org/images/products/002/190/824/0329/front_en.26.400.jpg,500.0,500.0,123.96694214876,,41.3223140495868,41.3223140495868,227.272727272727,,165.289256198347,,41.3223140495868,41.3223140495868,61.98347107438,61.98347107438,1.80785123966942,1.80785123966942,data_quality_error,data_quality_error,False,False,False,nutrient_value_above_100g,413.22314049586697
23896576909,Premium Popcorn Movie Theater Butter,pop-secret,pop-secret,snacks,Snacks,en:france|en:united-states,FRANCE|US_CANADA,https://images.openfoodfacts.org/images/products/002/389/657/6909/front_en.12.400.jpg,8666.66666666667,,533.333333333333,,266.666666666667,,800.0,,0.0,0.0,133.333333333333,,133.333333333333,,45.0,45.0,data_quality_error,data_quality_error,False,False,False,energy_above_900_kcal|nutrient_value_above_100g,1466.666666666666
23923330146,Organic fruit yogurt smoothie,earth's best,earth's best,dairies,"Dairies, Fermented foods, Desserts, Fermented milk products, Dairy desserts, Fermented dairy desserts, Yogurts",en:united-states,US_CANADA,,75.0,75.0,0.42,0.42,0.5,,18.33,18.33,13.33,13.33,1.7,1.7,0.83,0.83,0.02,0.02,data_quality_error,data_quality_error,False,False,False,saturated_fat_greater_than_fat,19.58
24100940295,White cheddar baked snack crackers,cheez-it,cheez-it,snacks,"snacks, salty-snacks, sweet-snacks, appetizers, biscuits-and-cakes, biscuits, da:crackers",en:united-states,US_CANADA,https://images.openfoodfacts.org/images/products/002/410/094/0295/front_en.51.400.jpg,517.241379310345,517.241379310345,83.2342413793103,83.2342413793103,17.8358965517241,17.8358965517241,214.030931034483,,0.0,0.0,11.8906206896552,11.8906206896552,35.6718275862069,35.6718275862069,5.94531034482759,5.94531034482759,data_quality_error,data_quality_error,False,False,False,nutrient_value_above_100g,332.93700000000024
24300090073,Heartland Granola,,unknown,cereals,"Plant-based foods and beverages, Plant-based foods, Breakfasts, Cereals and potatoes, Cereals and their products, Breakfast cereals, Mueslis",en:united-states,US_CANADA,https://images.openfoodfacts.org/images/products/002/430/009/0073/front_en.3.400.jpg,200.0,200.0,3.0,3.0,5.0,,40.0,40.0,14.0,14.0,3.0,3.0,4.0,4.0,,,data_quality_error,data_quality_error,False,False,False,saturated_fat_greater_than_fat,47.0
25000051753,Simply Grapefruit,simply beverages,simply beverages,beverages,"Plant-based foods and beverages, Beverages, Plant-based beverages",en:united-states|en:world,US_CANADA,https://images.openfoodfacts.org/images/products/002/500/005/1753/front_en.5.400.jpg,41.6666666666667,41.6666666666667,0.0,0.0,0.005,,10.4166666666667,10.4166666666667,8.75,8.75,0.8,0.8,0.416666666666667,0.416666666666667,0.01,0.01,data_quality_error,data_quality_error,False,False,False,saturated_fat_greater_than_fat,10.833333333333368
25000136825,100% Orange Juice,simply orange,simply,beverages,"Beverages and beverages preparations, Plant-based foods and beverages, Beverages, Plant-based beverages, Fruit-based beverages, Juices and nectars, Fruit juices, Orange juices, en:squeezed-orange-juices",en:united-states,US_CANADA,https://images.openfoodfacts.org/images/products/002/500/013/6825/front_en.38.400.jpg,46.4943276920216,46.4943276920216,0.0,0.0,0.053,,10.9895683635687,10.9895683635687,9.72154124469542,9.72154124469542,0.28,0.28,0.84535141258221,0.84535141258221,0.0,0.0,data_quality_error,data_quality_error,False,False,False,saturated_fat_greater_than_fat,11.83491977615091
26315021400,Calveley Mill Mature Cheddar,calveley mill,calveley mill,dairies,Mature cheddar,en:united-kingdom,UK_IE,https://images.openfoodfacts.org/images/products/002/631/502/1400/front_en.3.400.jpg,410.0,410.0,34.4,34.4,21.7,21.7,0.1,0.1,0.1,0.1,,,25.0,25.0,1067.0,,data_quality_error,data_quality_error,False,False,False,nutrient_value_above_100g,59.5
27800063943,Coconut Dreams,keebler,keebler,snacks,"Snacks,Sweet snacks,Biscuits and cakes,Biscuits,Chocolate biscuits,Drop cookies,Chocolate chip cookies,Cookies with chocolate and coconut",en:united-states,US_CANADA,https://images.openfoodfacts.org/images/products/002/780/006/3943/front_en.17.400.jpg,700.0,700.0,102.040816326531,,76.5306122448979,76.5306122448979,216.836734693878,,127.551020408163,,0.0,0.0,12.7551020408163,12.7551020408163,1.75382653061224,1.75382653061224,data_quality_error,data_quality_error,False,False,False,nutrient_value_above_100g,331.63265306122526
28000216283,Nido Kinder 1+,nestlé,nestle,beverages,"De, en:dehydrated-beverages",en:united-states,US_CANADA,https://images.openfoodfacts.org/images/products/002/800/021/6283/front_en.5.400.jpg,470.588235294118,470.588235294118,17.6470588235294,17.6470588235294,5.88235294117647,5.88235294117647,64.7058823529412,64.7058823529412,50.0,50.0,0.0,0.0,14.7058823529412,14.7058823529412,919.117647058824,,data_quality_error,data_quality_error,False,False,False,nutrient_value_above_100g,97.0588235294118
28000361204,Nesquik Chocolate Powder,"nestlé,nesquik",nestle,beverages,"Beverages and beverages preparations,Beverages,Cocoa and its products,Beverage preparations,Cocoa and chocolate powders,Instant beverages,Chocolate-powders,Sweetened beverages",en:bolivia|en:united-states,US_CANADA,https://images.openfoodfacts.org/images/products/002/800/036/1204/front_en.19.400.jpg,1000.0,,3.57142857142857,3.57142857142857,0.0,0.0,171.428571428571,,164.285714285714,,7.14285714285714,7.14285714285714,57.1428571428571,57.1428571428571,2.32142857142857,2.32142857142857,data_quality_error,data_quality_error,False,False,False,energy_above_900_kcal|nutrient_value_above_100g,232.14285714285668
28400314015,White Cheddar,smartfood,smartfood,snacks,"Snacks, en:popcorn",en:united-states,US_CANADA,https://images.openfoodfacts.org/images/products/002/840/031/4015/front_en.55.400.jpg,100.0,100.0,1.0,1.0,1.0,1.0,,,1.0,1.0,1.0,1.0,2.0,2.0,312.5,,data_quality_error,data_quality_error,False,False,False,nutrient_value_above_100g,
30000567661,Life original multigrain cereal,quaker,quaker,cereals,"Plant-based foods and beverages,Plant-based foods,Breakfasts,Cereals and potatoes,Cereals and their products,Breakfast cereals,Extruded cereals",en:united-states,US_CANADA,https://images.openfoodfacts.org/images/products/003/000/056/7661/front_en.6.400.jpg,500.0,500.0,6.25,6.25,0.0,0.0,103.125,,25.0,25.0,19.375,19.375,12.5,12.5,1.64062492549419,1.64062492549419,data_quality_error,data_quality_error,False,False,False,nutrient_value_above_100g,121.875
30000569856,lower sugar Oatmeal variety pack,"quaker oats, quaker",quaker,cereals,oatmeal,en:united-states,US_CANADA,https://images.openfoodfacts.org/images/products/003/000/056/9856/front_en.3.400.jpg,120.0,120.0,2.0,2.0,0.5,0.5,24.0,24.0,4.0,4.0,,,4.0,4.0,575.0,,data_quality_error,data_quality_error,False,False,False,nutrient_value_above_100g,30.0
30100127031,Cracker Collection,kellogg's,kellogg's,snacks,en:biscuits,en:united-states,US_CANADA,https://images.openfoodfacts.org/images/products/003/010/012/7031/front_en.18.400.jpg,500.0,500.0,12.5,,3.125,3.125,87.5,,6.25,6.25,0.0,0.0,12.5,,1.5625,1.5625,data_quality_error,data_quality_error,False,False,False,macros_exceed_100g,112.5
30100472414,Club & cheddar Sandwich Crackers Cheddar,kellogg's,kellogg's,snacks,"Snacks, Sweet snacks, Biscuits and cakes",en:united-states,US_CANADA,https://images.openfoodfacts.org/images/products/003/010/047/2414/front_en.11.400.jpg,487.179487179487,487.179487179487,59.1715976331362,59.1715976331362,16.4365548980934,16.4365548980934,157.790927021696,,32.8731097961867,32.8731097961867,6.57462195923733,6.57462195923733,19.723865877712,19.723865877712,5.09533201840895,5.09533201840895,data_quality_error,data_quality_error,False,False,False,nutrient_value_above_100g,236.6863905325442
31142358995,Parmesan,belgioioso,belgioioso,dairies,"Undefined, en:cheeses",en:united-states,US_CANADA,https://images.openfoodfacts.org/images/products/003/114/235/8995/front_en.15.400.jpg,400.0,400.0,400.0,,400.0,,0.0,0.0,0.0,0.0,0.0,0.0,800.0,,45.0,45.0,data_quality_error,data_quality_error,False,False,False,nutrient_value_above_100g,1200.0
31142359008,Parmesan Freshly Grated,belgioioso,belgioioso,dairies,"Undefined, en:cheeses",en:united-states,US_CANADA,https://images.openfoodfacts.org/images/products/003/114/235/9008/front_en.15.400.jpg,333.333333333333,333.333333333333,400.0,,400.0,,0.0,0.0,0.0,0.0,0.0,0.0,800.0,,0.045,0.045,data_quality_error,data_quality_error,False,False,False,nutrient_value_above_100g,1200.0
31200022882,MANGO CRAN SNACK MEDLEY,ocean spray,ocean spray,snacks,"Snacks, Sweet snacks, Confectioneries",en:united-states,US_CANADA,https://images.openfoodfacts.org/images/products/003/120/002/2882/front_en.3.400.jpg,321.428571428572,321.428571428572,0.0,0.0,0.0083083333333333,,85.7142857142857,85.7142857142857,71.4285714285714,71.4285714285714,3.57142857142857,3.57142857142857,0.0,0.0,0.223214285714286,0.223214285714286,data_quality_error,data_quality_error,False,False,False,saturated_fat_greater_than_fat,85.7142857142857
31200023773,Original cranberry cocktail,ocean spray,ocean spray,beverages,"Beverages, en:fruit-juices",en:canada|en:france,US_CANADA|FRANCE,https://images.openfoodfacts.org/images/products/003/120/002/3773/front_en.15.400.jpg,44.0,44.0,0.0,0.0,0.00245,,12.0,12.0,10.8,10.8,0.0,0.0,0.0,0.0,0.01,0.01,data_quality_error,data_quality_error,False,False,False,saturated_fat_greater_than_fat,12.0
34000140060,Reeses - Fast Break super king,reese,reese,snacks,"Candy,Candy chocolate bars,Reese’s",en:united-states,US_CANADA,https://images.openfoodfacts.org/images/products/003/400/014/0060/front_en.3.400.jpg,600.0,600.0,28.0,,10.0,10.0,84.0,,72.0,72.0,4.0,4.0,8.0,,0.9,0.9,data_quality_error,data_quality_error,False,False,False,macros_exceed_100g,120.0
34000190669,milk chocolate,hershey's,hershey's,snacks,de:aromatisierte-dunkle-schokolade,en:united-states,US_CANADA,https://images.openfoodfacts.org/images/products/003/400/019/0669/front_en.29.400.jpg,500.0,500.0,118.343195266272,,66.5680473372781,66.5680473372781,236.686390532544,,221.89349112426,,14.792899408284,14.792899408284,29.585798816568,29.585798816568,0.7396449704142,0.7396449704142,data_quality_error,data_quality_error,False,False,False,nutrient_value_above_100g,384.615384615384
34361428715,Danette saveur coco,"danette, danone",danette,dairies,"Produits laitiers, Desserts, Desserts lactés, Crèmes dessert",en:france,FRANCE,https://images.openfoodfacts.org/images/products/003/436/142/8715/front_fr.5.400.jpg,107.2,107.2,3.04,3.04,2.0,2.0,2.0,2.0,17.12,,0.0,0.0,3.04,3.04,0.12,0.12,data_quality_error,data_quality_error,False,False,False,sugars_greater_than_carbohydrates,8.08
34362026156,Hipro,danone,danone,dairies,"fr:Boissons proteiné, en:yogurts",en:france,FRANCE,https://images.openfoodfacts.org/images/products/003/436/202/6156/front_fr.3.400.jpg,60.0,60.0,0.5,0.5,,,0.3,0.3,5.6,,,,,,,,data_quality_error,data_quality_error,False,False,False,sugars_greater_than_carbohydrates,
34500151825,UNSALTED BUTTER,land o lakes,land o lakes,dairies,Beurres doux,en:united-states,US_CANADA,https://images.openfoodfacts.org/images/products/003/450/015/1825/front_en.7.400.jpg,714.285714285714,714.285714285714,561.224489795918,,357.142857142857,,0.0,0.0,0.0,0.0,0.0,0.0,0.0,0.0,0.0,0.0,data_quality_error,data_quality_error,False,False,False,nutrient_value_above_100g,561.224489795918
34856008200,Fruit Snacks,welch's,welch's,snacks,Snack,en:united-states,US_CANADA,https://images.openfoodfacts.org/images/products/003/485/600/8200/front_en.26.400.jpg,308.370044052863,308.370044052863,0.0,0.0,0.0,0.0,329.911312076695,,194.065477692174,,0.0,0.0,19.4065477692174,19.4065477692174,0.0,0.0,data_quality_error,data_quality_error,False,False,False,nutrient_value_above_100g,349.31785984591244
34856108184,Fruit Snacks,welch's,welch's,snacks,Gummi candies,en:united-states,US_CANADA,https://images.openfoodfacts.org/images/products/003/485/610/8184/front_en.37.400.jpg,308.370044052863,308.370044052863,0.0,0.0,0.0,0.0,329.911312076695,,194.065477692174,,0.0,0.0,19.4065477692174,19.4065477692174,0.970327388460868,0.970327388460868,data_quality_error,data_quality_error,False,False,False,nutrient_value_above_100g,349.31785984591244
35406030009,Corn Flakes Cereal,country barn,country barn,cereals,"Plant-based foods and beverages, Plant-based foods, Breakfasts, Cereals and potatoes, Cereals and their products, Breakfast cereals, Flakes, Cereal flakes, Extruded cereals, Extruded flakes, Corn flakes",en:bolivia|en:dominican-republic|en:united-states,US_CANADA,https://images.openfoodfacts.org/images/products/003/540/603/0009/front_en.21.400.jpg,450.0,450.0,0.0,,0.0,0.0,92.5,,25.0,25.0,2.5,2.5,15.0,,1.6875,1.6875,data_quality_error,data_quality_error,False,False,False,macros_exceed_100g,107.5
355841,taste the difference mature cheddar and onion,sainsburys,sainsburys,snacks,"Snacks, Salty snacks, Appetizers, Chips and fries, Crisps, en:potato-crisps",en:united-kingdom,UK_IE,https://images.openfoodfacts.org/images/products/000/000/035/5841/front_en.13.400.jpg,514.0,514.0,30.0,30.0,37.0,,49.5,49.5,15.0,15.0,4.1,4.1,9.5,9.5,1.32,1.32,data_quality_error,data_quality_error,False,False,False,saturated_fat_greater_than_fat,89.0
35826094285,Nonfat yogurt,food lion,food lion,dairies,"Dairies, Fermented foods, Desserts, Fermented milk products, Dairy desserts, Fermented dairy desserts, Yogurts",en:united-states,US_CANADA,https://images.openfoodfacts.org/images/products/003/582/609/4285/front_en.5.400.jpg,25.1101321585903,25.1101321585903,0.0,0.0,0.0,0.0,3.68722466960352,3.68722466960352,4.84581497797357,,0.0,0.0,3.52422907488987,3.52422907488987,0.126651982378855,0.126651982378855,data_quality_error,data_quality_error,False,False,False,sugars_greater_than_carbohydrates,7.21145374449339
36192122152,Organic Pure Lemon Juice,santa cruz organic,santa cruz organic,beverages,"Plant-based foods and beverages, Beverages, Plant-based beverages, Specific products, Fruit-based beverages, Juices and nectars, Products for specific diets, Products without gluten, Fruit juices, Lemon juice, Squeezed lemon juices",en:france|en:united-states|en:world,FRANCE|US_CANADA,https://images.openfoodfacts.org/images/products/003/619/212/2152/front_en.28.400.jpg,0.0,0.0,0.0,0.0,0.038,,0.0,0.0,2.4,,0.4,0.4,0.0,0.0,0.0,0.0,data_quality_error,data_quality_error,False,False,False,sugars_greater_than_carbohydrates|saturated_fat_greater_than_fat,0.0
36632042842,Oikos Pro Strawberry Banana Protein Dairy Drink,oikos,oikos,dairies,"Beverages and beverages preparations, Beverages, Dairies, Fermented foods, Fermented milk products, Desserts, Dairy desserts, Dairy drinks, Fermented dairy desserts, Yogurts, en:fermented-milk-drinks",en:united-states,US_CANADA,https://images.openfoodfacts.org/images/products/003/663/204/2842/front_en.405.400.jpg,58.0,58.0,0.72,0.72,1.0,,2.42,2.42,1.93,1.93,0.0,0.0,11.11,11.11,0.3,0.3,data_quality_error,data_quality_error,False,False,False,saturated_fat_greater_than_fat,14.25
36800051560,muenster cheese,food club,food club,dairies,"Dairies, Fermented foods, Fermented milk products, Cheeses",en:united-states,US_CANADA,,347.826086956522,347.826086956522,28.5714285714286,28.5714285714286,19.047619047619,19.047619047619,0.0,0.0,0.27,,0.0,0.0,23.8095238095238,23.8095238095238,1.66666666666667,1.66666666666667,data_quality_error,data_quality_error,False,False,False,sugars_greater_than_carbohydrates,52.3809523809524
36800389106,"Strawberry yogurt bites, freeze-dried yogurt & fruit snacks",topco,topco,dairies,"Dairies, Fermented foods, Desserts, Fermented milk products, Dairy desserts, Fermented dairy desserts, Yogurts",en:united-states,US_CANADA,,429.0,429.0,0.0,0.0,0.6065625,,71.43,71.43,57.14,57.14,0.0,0.0,14.29,14.29,0.535,0.535,data_quality_error,data_quality_error,False,False,False,saturated_fat_greater_than_fat,85.72
37323120672,100% Apple Cider,"musselman's, knouse foods inc/musselman dv",musselman's,beverages,"Beverages and beverages preparations, Beverages, en:ciders",en:united-states,US_CANADA,https://images.openfoodfacts.org/images/products/003/732/312/0672/front_en.5.400.jpg,50.0,50.0,0.0,0.0,,,12.92,12.92,26.0,,,,0.0,0.0,0.0625,0.0625,data_quality_error,data_quality_error,False,False,False,sugars_greater_than_carbohydrates,12.92
37466083377,CHILI PIMENT ROUGE DARK NOIR,lindt excellence,lindt,snacks,"Snacks, Sweet snacks, Cocoa and its products, Chocolates, Dark chocolates, Dark chocolate bar",en:canada|en:france,US_CANADA|FRANCE,https://images.openfoodfacts.org/images/products/003/746/608/3377/front_en.18.400.jpg,533.333333333333,533.333333333333,111.111111111111,,66.6666666666667,66.6666666666667,177.777777777778,,155.555555555556,,22.2222222222222,22.2222222222222,22.2222222222222,22.2222222222222,0.277777777777778,0.277777777777778,data_quality_error,data_quality_error,False,False,False,nutrient_value_above_100g,311.1111111111112
376556,Easter chocolate muffin,marks & spencer,marks & spencer,snacks,"Snacks,Sweet snacks,Biscuits and cakes,Cakes,Muffins",en:united-kingdom,UK_IE,https://images.openfoodfacts.org/images/products/000/000/037/6556/front_en.3.400.jpg,532.197977647685,532.197977647685,106.439595529537,,53.2197977647685,53.2197977647685,79.8296966471527,79.8296966471527,53.2197977647685,53.2197977647685,79.8296966471527,79.8296966471527,106.439595529537,,,,data_quality_error,data_quality_error,False,False,False,nutrient_value_above_100g,292.70888770622673
38000245305,Raisin Bran Toasted Oates & Honey,kellogg's,kellogg's,cereals,"Plant-based foods and beverages, Plant-based foods, Breakfasts, Cereals and potatoes, Cereals and their products, Breakfast cereals, Cereals with fruits, Extruded cereals, Cereal flakes with fruits",en:united-states,US_CANADA,https://images.openfoodfacts.org/images/products/003/800/024/5305/front_en.5.400.jpg,462.962962962963,462.962962962963,2.77777777777778,2.77777777777778,0.0,0.0,101.851851851852,,51.8518518518519,51.8518518518519,9.25925925925926,9.25925925925926,18.5185185185185,18.5185185185185,1.06481481481481,1.06481481481481,data_quality_error,data_quality_error,False,False,False,nutrient_value_above_100g,123.1481481481483
38000258749,Pringles habaneras,pringles,pringles,snacks,Chips fritos,en:united-states,US_CANADA,https://images.openfoodfacts.org/images/products/003/800/025/8749/front_en.5.400.jpg,517.0,517.0,30.8,30.8,8.5,8.5,55.8,55.8,1.4,1.4,2.3,2.3,4.1,4.1,1111.0,,data_quality_error,data_quality_error,False,False,False,nutrient_value_above_100g,90.7
38000273384,Frosted Flakes Strawberry Milkshake,kelloggs,kellogg's,cereals,"Plant-based foods and beverages, Plant-based foods, Cereals and potatoes, Cereals and their products, en:corn-flakes",en:united-states,US_CANADA,https://images.openfoodfacts.org/images/products/003/800/027/3384/front_en.24.400.jpg,540.540540540541,540.540540540541,0.0,0.0,0.0,0.0,113.513513513514,,56.7567567567568,56.7567567567568,2.7027027027027,2.7027027027027,21.6216216216216,21.6216216216216,702.702702702703,,data_quality_error,data_quality_error,False,False,False,nutrient_value_above_100g,135.1351351351356
38000328855,Sour Cream & Onion,pringles,pringles,snacks,"Snacks, Salty snacks, Appetizers, Chips and fries, Crisps, Salty snacks made from potato, Stacked extruded potato crisps",en:united-states,US_CANADA,https://images.openfoodfacts.org/images/products/003/800/032/8855/front_en.3.400.jpg,525.0,525.0,30.0,,8.75,8.75,57.5,,0.0,0.0,2.5,2.5,50.0,,1.4375,1.4375,data_quality_error,data_quality_error,False,False,False,macros_exceed_100g,137.5
38000358210,Nutri Grain Raspberry,kellogg's,kellogg's,snacks,"Snacks, Sweet snacks, Bars, Cereal bars",en:united-states,US_CANADA,https://images.openfoodfacts.org/images/products/003/800/035/8210/front_en.12.400.jpg,351.351351351351,351.351351351351,25.5661066471877,25.5661066471877,3.65230094959824,3.65230094959824,182.615047479912,,0.0,0.0,0.0,0.0,14.609203798393,14.609203798393,2.10007304601899,2.10007304601899,data_quality_error,data_quality_error,False,False,False,nutrient_value_above_100g,222.79035792549269
38000708992,Brown Sugar Cinnamon Pastry Crisps,kellogg's,kellogg's,snacks,"Snacks, Sweet snacks, Bars, Biscuits and cakes, Cereal bars, Pastries",en:united-states,US_CANADA,https://images.openfoodfacts.org/images/products/003/800/070/8992/front_en.26.400.jpg,344.827586206897,344.827586206897,2.7027027027027,2.7027027027027,1.35135135135135,1.35135135135135,27.027027027027,27.027027027027,28.0,,0.0,0.0,4.0,4.0,0.8128,0.8128,data_quality_error,data_quality_error,False,False,False,sugars_greater_than_carbohydrates,33.7297297297297
39779109973,Root Beer Flavored Milk,nature's touch,nature's touch,dairies,"Fruit and milk beverages,Dairy drinks",en:united-states,US_CANADA,https://images.openfoodfacts.org/images/products/003/977/910/9973/front_en.3.400.jpg,78.2241014799154,78.2241014799154,3.59408033826638,3.59408033826638,2.32558139534884,2.32558139534884,,,6.97674418604651,6.97674418604651,0.0,0.0,3.17124735729387,3.17124735729387,126.849894291755,,data_quality_error,data_quality_error,False,False,False,nutrient_value_above_100g,
40000004455,Starburst Original,starburst,starburst,snacks,"Snacks, Sweet snacks, Confectioneries, Candies",en:united-states,US_CANADA,https://images.openfoodfacts.org/images/products/004/000/000/4455/front_en.24.400.jpg,12000.0,,250.0,,250.0,,2400.0,,1600.0,,,,0.0,0.0,0.0,0.0,data_quality_error,data_quality_error,False,False,False,energy_above_900_kcal|nutrient_value_above_100g,2650.0
40000505488,Twix fun size,twix,twix,snacks,"Snacks, Sweet snacks, Cocoa and its products, Confectioneries, Chocolate candies, en:bars",en:united-states,US_CANADA,https://images.openfoodfacts.org/images/products/004/000/050/5488/front_en.28.400.jpg,500.0,500.0,119.047619047619,,74.4047619047619,74.4047619047619,327.380952380953,,0.0,0.0,0.0,0.0,29.7619047619048,29.7619047619048,2.97619047619047,2.97619047619047,data_quality_error,data_quality_error,False,False,False,nutrient_value_above_100g,476.1904761904768
40000533191,Milk Chocolate,m&m's,m&m's,snacks,"Botanas,Snacks dulces,Cacao y sus productos,Dulces,Dulces de chocolate,Bombones,Chocolates,Chocolates con leche,en:Flavoured chocolates,en:Flavoured milk chocolates,en:Milk chocolate candies",en:bolivia|en:spain|en:united-states,SOUTHERN_EUROPE|US_CANADA,https://images.openfoodfacts.org/images/products/004/000/053/3191/front_en.14.400.jpg,500.0,500.0,17.8571428571429,17.8571428571429,12.5,12.5,59.651,59.651,64.2857142857143,,3.57142857142857,3.57142857142857,3.57142857142857,3.57142857142857,0.178571428571429,0.178571428571429,data_quality_error,data_quality_error,False,False,False,sugars_greater_than_carbohydrates,81.07957142857147
40000533214,peanut m&m's chocolate candies,m&m's,m&m's,snacks,"Snacks, Sweet snacks, Cocoa and its products, Confectioneries, Chocolate candies, Candies, en:chocolate-covered-nuts",en:french-polynesia|en:united-states,US_CANADA,https://images.openfoodfacts.org/images/products/004/000/053/3214/front_en.32.400.jpg,500.0,500.0,68.0952380952381,68.0952380952381,21.2619047619048,21.2619047619048,144.52380952381,,119.047619047619,,8.5,8.5,25.4761904761905,25.4761904761905,0.31887755102041,0.31887755102041,data_quality_error,data_quality_error,False,False,False,nutrient_value_above_100g,238.0952380952386
40373035018,Muesli croustillant aux 3 chocolats,"crownfield, lidl",crownfield,cereals,"Aliments et boissons à base de végétaux, Aliments d'origine végétale, Petit-déjeuners, Céréales et pommes de terre, Céréales et dérivés, Céréales pour petit-déjeuner, Céréales au chocolat, Mueslis, Mueslis au chocolat, Müesli croustillant aux 3 chocolats",en:france,FRANCE,https://images.openfoodfacts.org/images/products/004/037/303/5018/front_fr.3.400.jpg,568.0,568.0,20.2,,8.8,8.8,74.4,,34.0,34.0,7.8,7.8,18.4,,0.96,0.96,data_quality_error,data_quality_error,False,False,False,macros_exceed_100g,113.00000000000001
41192100192,Frosted Flakes,kellogg’s,kellogg's,cereals,"en:breakfasts,en:breakfast-cereals,en:breakfast-cereals-not-fortified-with-vitamins-and-chemical-elements",en:united-states,US_CANADA,https://images.openfoodfacts.org/images/products/004/119/210/0192/front_en.36.400.jpg,540.540540540541,540.540540540541,0.0,0.0,0.0,0.0,113.513513513514,,59.4594594594595,59.4594594594595,2.7027027027027,2.7027027027027,21.6216216216216,21.6216216216216,1.82432432432432,1.82432432432432,data_quality_error,data_quality_error,False,False,False,nutrient_value_above_100g,135.1351351351356
41192100819,Crumbl Cereal Chocolatey Chip Cookie,"kellogg's,crumbl",kellogg's,cereals,"Alimentos y bebidas de origen vegetal,Alimentos de origen vegetal,Desayunos,Cereales y patatas,Cereales y derivados,Cereales para el desayuno,en:Breakfast cereals fortified with vitamins and chemical elements",en:bolivia|en:united-states,US_CANADA,https://images.openfoodfacts.org/images/products/004/119/210/0819/front_en.4.400.jpg,525.0,525.0,2.5,2.5,0.0,0.0,107.5,,55.0,55.0,5.0,5.0,22.5,22.5,1.5625,1.5625,data_quality_error,data_quality_error,False,False,False,nutrient_value_above_100g,132.5
41192103254,Frosted Mini Wheats Cocoa,kellogg's,kellogg's,cereals,en:breakfast-cereal,en:united-states,US_CANADA,https://images.openfoodfacts.org/images/products/004/119/210/3254/front_en.16.400.jpg,603.274920999714,603.274920999714,4.30910657856937,4.30910657856937,0.0,0.0,140.764148233266,,34.4728526285551,34.4728526285551,20.1091640333237,20.1091640333237,14.3636885952313,14.3636885952313,0.0718184429761564,0.0718184429761564,data_quality_error,data_quality_error,False,False,False,nutrient_value_above_100g,159.43694340706668
41220013913,Organics Corn Flakes,h-e-b,h-e-b,cereals,en:breakfast-cereal,en:united-states,US_CANADA,https://images.openfoodfacts.org/images/products/004/122/001/3913/front_en.13.400.jpg,400.0,400.0,0.0,0.0,0.60295,,87.5,87.5,5.0,5.0,2.5,2.5,7.5,7.5,1.875,1.875,data_quality_error,data_quality_error,False,False,False,saturated_fat_greater_than_fat,95.0
41220600656,Lone stars cheddar Snack,heb,heb,snacks,Snack,en:united-states,US_CANADA,https://images.openfoodfacts.org/images/products/004/122/060/0656/front_en.5.400.jpg,990.816321428572,,76.5306071428571,,19.1326428571429,19.1326428571429,50.0,,0.0,0.0,0.0,0.0,25.5102142857143,,8.60967857142857,8.60967857142857,data_quality_error,data_quality_error,False,False,False,energy_above_900_kcal|macros_exceed_100g,152.0408214285714
41220996872,Fiber Cereal Strawberry,h-e-b,h-e-b,cereals,Cereal flakes,en:united-states,US_CANADA,https://images.openfoodfacts.org/images/products/004/122/099/6872/front_en.15.400.jpg,400.0,400.0,1.66666666666667,1.66666666666667,0.0,0.0,111.666666666667,,26.6666666666667,26.6666666666667,28.3333333333333,28.3333333333333,10.0,10.0,0.479166666666667,0.479166666666667,data_quality_error,data_quality_error,False,False,False,nutrient_value_above_100g,123.33333333333367
41250950677,Mild Cheddar Cheese Shredded,meijer,meijer,dairies,"Dairies, Fermented foods, Fermented milk products, Cheeses, Cow cheeses, Cheeses from the United Kingdom, Cheeses from England, Cheddar cheese, Grated cheese",en:united-states,US_CANADA,,392.857142857143,392.857142857143,32.14285714,32.14285714,17.8571428571429,17.8571428571429,3.57142857,3.57142857,4.87145625,,0.0,0.0,21.42857143,21.42857143,1.69642857142857,1.69642857142857,data_quality_error,data_quality_error,False,False,False,sugars_greater_than_carbohydrates,57.14285714
41303008812,Parmesan Cheese,"essential everyday,supervalu inc.",essential everyday,dairies,Cheeses from cow milk,en:united-states,US_CANADA,https://images.openfoodfacts.org/images/products/004/130/300/8812/front_en.11.400.jpg,8600.0,,600.0,,400.0,,0.0,0.0,0.0,0.0,0.0,0.0,800.0,,0.12,0.12,data_quality_error,data_quality_error,False,False,False,energy_above_900_kcal|nutrient_value_above_100g,1400.0
41387327908,Grated Parmesan Cheese,4c foods corp,4c foods corp,dairies,"Undefined, en:cheeses",en:united-states,US_CANADA,https://images.openfoodfacts.org/images/products/004/138/732/7908/front_en.13.400.jpg,500.0,500.0,600.0,,400.0,,0.0,0.0,0.0,0.0,0.0,0.0,800.0,,0.07,0.07,data_quality_error,data_quality_error,False,False,False,nutrient_value_above_100g,1400.0
41415544642,Key lime greek lowfat yogurt,,unknown,dairies,"Dairies, Fermented foods, Desserts, Fermented milk products, Dairy desserts, Fermented dairy desserts, Yogurts",en:united-states,US_CANADA,https://images.openfoodfacts.org/images/products/004/141/554/4642/front_en.4.400.jpg,140.0,140.0,0.0,0.0,1.0,,15.333333333333,15.333333333333,12.666666666667,12.666666666667,0.0,0.0,33.333333333333,33.333333333333,0.083333333333333,0.083333333333333,data_quality_error,data_quality_error,False,False,False,saturated_fat_greater_than_fat,48.666666666666
41420036545,The Original Lemon Candy,lemonhead,lemonhead,snacks,"Snacks, Sweet snacks, Confectioneries",en:united-states,US_CANADA,https://images.openfoodfacts.org/images/products/004/142/003/6545/front_en.13.400.jpg,400.0,400.0,0.0,0.0,0.0,0.0,14.0,14.0,78.571428571429,,,,0.0,0.0,0.0,0.0,data_quality_error,data_quality_error,False,False,False,sugars_greater_than_carbohydrates,14.0
41420081217,Juicy Burst Fruit Flavored Snacks Mixed Fruit,black forest,black forest,snacks,"Snacks, en:candies",en:united-states,US_CANADA,https://images.openfoodfacts.org/images/products/004/142/008/1217/front_en.23.400.jpg,300.0,300.0,0.0,0.0,0.0,0.0,73.3333333333333,73.3333333333333,56.6666666666667,56.6666666666667,0.0,0.0,3.33333333333333,3.33333333333333,291.666666666667,,data_quality_error,data_quality_error,False,False,False,nutrient_value_above_100g,76.66666666666663
41498298708,Dark Chocolate Coconut Almonds,"choceur, aldi-benner company",choceur,snacks,"Undefined, en:chocolate-candies",en:united-states,US_CANADA,,1418.75,,93.75,93.75,43.75,43.75,118.75,,100.0,100.0,12.5,12.5,25.0,25.0,0.0003125,0.0003125,data_quality_error,data_quality_error,False,False,False,energy_above_900_kcal|nutrient_value_above_100g,237.5
41735076748,Greek nonfat yogurt,,unknown,dairies,"Dairies, Fermented foods, Desserts, Fermented milk products, Dairy desserts, Fermented dairy desserts, Yogurts",en:united-states,US_CANADA,,67.0,67.0,0.0,0.0,0.0584868421052632,,9.33,9.33,8.67,8.67,0.7,0.7,8.0,8.0,0.1175,0.1175,data_quality_error,data_quality_error,False,False,False,saturated_fat_greater_than_fat,17.33
41800202362,100% concord grape juice,"welch foods inc, welch's",welch foods inc,beverages,"Plant-based foods and beverages, Beverages, Plant-based beverages, Fruit-based beverages, Juices and nectars, Fruit juices, Grape juices, Red grape juices",en:france|en:united-states,FRANCE|US_CANADA,https://images.openfoodfacts.org/images/products/004/180/020/2362/front_en.5.400.jpg,58.3333333333333,58.3333333333333,0.0,0.0,0.054,,15.4166666666667,15.4166666666667,14.5833333333333,14.5833333333333,0.9,0.9,0.416666666666667,0.416666666666667,0.0104166666666667,0.0104166666666667,data_quality_error,data_quality_error,False,False,False,saturated_fat_greater_than_fat,15.833333333333368
42238781467,Gummy Bears,haribo,haribo,snacks,Gummy bears,en:united-states,US_CANADA,https://images.openfoodfacts.org/images/products/004/223/878/1467/front_en.10.400.jpg,769.230769230769,769.230769230769,0.0,0.0,,,176.923076923077,,107.692307692308,,,,15.3846153846154,15.3846153846154,0.0961538461538462,0.0961538461538462,data_quality_error,data_quality_error,False,False,False,nutrient_value_above_100g,192.30769230769238
42290039759,Fennel Tea,messmer,messmer,beverages,"Beverages and beverages preparations, Plant-based foods and beverages, Beverages, Plant-based foods, Hot beverages, Beverage preparations, Herbal teas, Fennel, Caffeine-free-herbal-tea, Fennel-tea, en:teas",en:canada|en:france|en:germany,US_CANADA|FRANCE|DACH,https://images.openfoodfacts.org/images/products/004/229/003/9759/front_en.3.400.jpg,5.0,5.0,0.0,0.0,0.005,,0.0,0.0,2.2,,2.6,2.6,0.0,0.0,0.055,0.055,data_quality_error,data_quality_error,False,False,False,sugars_greater_than_carbohydrates|saturated_fat_greater_than_fat,0.0
42400189046,Honey Graham Toasters,malt-o-meal,malt o meal,cereals,"Undefined, en:breakfast-cereals",en:united-states,US_CANADA,,1455.46666666667,,33.3333333333333,33.3333333333333,5.56666666666667,5.56666666666667,277.766666666667,,111.1,,11.0,11.0,11.1,11.1,0.0075,0.0075,data_quality_error,data_quality_error,False,False,False,energy_above_900_kcal|nutrient_value_above_100g,322.20000000000033
42400389811,Honey Nut Toasted Oats,clover valley,clover valley,cereals,"en:breakfasts,en:breakfast-cereals,en:breakfast-cereals-fortified-with-vitamins-and-chemical-elements,en:breakfast-cereals-rich-in-fibre-fortified-with-vitamins-and-chemical-elements,en:breakfast-cereals-rich-in-fibre-without-fruits-fortified-with-vitamins-and-chemical-elements",en:united-states,US_CANADA,https://images.openfoodfacts.org/images/products/004/240/038/9811/front_en.9.400.jpg,390.243902439024,390.243902439024,11.8976799524093,11.8976799524093,0.0,0.0,196.311719214754,,29.2682926829268,29.2682926829268,4.8780487804878,4.8780487804878,7.31707317073171,7.31707317073171,1.70731707317073,1.70731707317073,data_quality_error,data_quality_error,False,False,False,nutrient_value_above_100g,215.526472337895
43192223048,,,unknown,dairies,yogurt,en:united-states,US_CANADA,https://images.openfoodfacts.org/images/products/004/319/222/3048/front_en.3.400.jpg,90.0,90.0,4.0,4.0,1.148583984375,1.148583984375,9.0,9.0,26.250310639881,,0.513857886904762,0.513857886904762,3.0,3.0,0.108888369605655,0.108888369605655,data_quality_error,data_quality_error,False,False,False,sugars_greater_than_carbohydrates,16.0
438711,Cinnamon Graham Crackers,trader joe's,trader joe's,snacks,"Snacks, Sweet snacks, Biscuits and cakes, Biscuits",en:united-states,US_CANADA,https://images.openfoodfacts.org/images/products/000/000/043/8711/front_en.22.400.jpg,416.666666666667,416.666666666667,46.2962962962964,46.2962962962964,0.0,0.0,177.469135802469,,61.7283950617283,61.7283950617283,7.71604938271606,7.71604938271606,15.4320987654321,15.4320987654321,1.73611111111111,1.73611111111111,data_quality_error,data_quality_error,False,False,False,nutrient_value_above_100g,239.1975308641975
44000026820,Fresh Stacks Grahams,honey maid,honey maid,snacks,"Snacks, Sweet snacks, Biscuits and cakes, Biscuits",en:united-states,US_CANADA,https://images.openfoodfacts.org/images/products/004/400/002/6820/front_en.34.400.jpg,520.0,520.0,5.08474576271186,5.08474576271186,0.0,0.0,223.976152542373,,22.9818983050847,22.9818983050847,2.87274576271186,2.87274576271186,3.38983050847458,3.38983050847458,3.16486440677966,3.16486440677966,data_quality_error,data_quality_error,False,False,False,nutrient_value_above_100g,232.45072881355944
441698,"Apple, Watermelon & Strawberry Juice Drink",sainsbury's,sainsbury's,beverages,Still fruit soft drink with less than 10% of fruit juice without sugar and with artificial sweeteners,en:united-kingdom,UK_IE,https://images.openfoodfacts.org/images/products/000/000/044/1698/front_en.4.400.jpg,11.0,11.0,0.0,0.0,0.0,0.0,2.5,2.5,3.1,,0.0,0.0,0.0,0.0,0.01,0.01,data_quality_error,data_quality_error,False,False,False,sugars_greater_than_carbohydrates,2.5
48151623426,Maryland Choc Chip,,unknown,snacks,"Snacks, Sweet snacks, Biscuits and cakes, Biscuits",en:united-states,US_CANADA,,1.0,1.0,44.0,44.0,8.84125,8.84125,130.0,,25.96875,25.96875,6.4,6.4,11.0,11.0,0.229109375,0.229109375,data_quality_error,data_quality_error,False,False,False,nutrient_value_above_100g,185.0
48500007174,Pure Premium Orange Juice Original No Pulp,tropicana,tropicana,beverages,"Plant-based foods and beverages, Beverages, Plant-based beverages, Fruit-based beverages, Juices and nectars, Fruit juices, Orange juices, Squeezed juices, Squeezed orange juices",en:spain|en:united-states|en:world,SOUTHERN_EUROPE|US_CANADA,https://images.openfoodfacts.org/images/products/004/850/000/7174/front_en.20.400.jpg,48.5017372440431,48.5017372440431,0.0,0.0,0.053,,11.4640469849556,11.4640469849556,9.70034744880862,9.70034744880862,0.28,0.28,0.881849768073511,0.881849768073511,0.012,0.012,data_quality_error,data_quality_error,False,False,False,saturated_fat_greater_than_fat,12.34589675302911
48500018309,No Calcium OJ,tropicana,tropicana,beverages,"Plant-based foods and beverages, Beverages, Plant-based beverages, en:orange-juices",en:france|en:united-states|en:world,FRANCE|US_CANADA,https://images.openfoodfacts.org/images/products/004/850/001/8309/front_fr.10.400.jpg,46.0,46.0,0.0,0.0,0.053,,10.83,10.83,9.17,9.17,0.28,0.28,0.83,0.83,0.012,0.012,data_quality_error,data_quality_error,False,False,False,saturated_fat_greater_than_fat,11.66
48500018330,100% Orange Juice,tropicana,tropicana,beverages,"Plant-based foods and beverages, Beverages, Plant-based beverages, Alimentos y bebidas de origen vegetal Bebidas Bebidas de origen vegetal Bebidas a base de frutas Zumos y néctares Zumos de frutas Zumos de naranja, en:squeezed-orange-juices",en:panama|en:united-states|en:world,US_CANADA,https://images.openfoodfacts.org/images/products/004/850/001/8330/front_en.41.400.jpg,45.8333333333333,45.8333333333333,0.0,0.0,0.053,,10.7916666666667,10.7916666666667,9.16666666666667,9.16666666666667,0.28,0.28,0.833333333333333,0.833333333333333,0.012,0.012,data_quality_error,data_quality_error,False,False,False,saturated_fat_greater_than_fat,11.625000000000032
48500202777,Pure Premium Orange Juice Calcium And Vitamin D No Pulp,tropicana,tropicana,beverages,"Plant-based foods and beverages, Beverages, Plant-based beverages, Fruit-based beverages, Juices and nectars, Fruit juices, Orange juices",en:france|en:panama|en:united-states|en:world,FRANCE|US_CANADA,https://images.openfoodfacts.org/images/products/004/850/020/2777/front_en.40.400.jpg,45.8333333333333,45.8333333333333,0.0,0.0,0.053,,10.8333333333333,10.8333333333333,9.16666666666667,9.16666666666667,0.28,0.28,0.833333333333333,0.833333333333333,0.0,0.0,data_quality_error,data_quality_error,False,False,False,saturated_fat_greater_than_fat,11.666666666666632
48500205679,100% Orange Juice,tropicana,tropicana,beverages,Orange Juice,en:united-states|en:world,US_CANADA,https://images.openfoodfacts.org/images/products/004/850/020/5679/front_en.26.400.jpg,45.8333333333333,45.8333333333333,0.0,0.0,0.053,,10.8333333333333,10.8333333333333,9.16666666666667,9.16666666666667,0.28,0.28,0.833333333333333,0.833333333333333,0.0,0.0,data_quality_error,data_quality_error,False,False,False,saturated_fat_greater_than_fat,11.666666666666632
49000014242,Fanta grape,fanta,fanta,beverages,"Boissons et préparations de boissons, Aliments et boissons à base de végétaux, Boissons, Boissons à base de végétaux, Boissons gazeuses, Boissons aux fruits, Sodas, Sodas aux fruits, Boissons avec sucre ajouté",en:france|en:germany|en:spain,FRANCE|DACH|SOUTHERN_EUROPE,https://images.openfoodfacts.org/images/products/004/900/001/4242/front_fr.61.400.jpg,47.88,47.88,0.0,0.0,,,12.39,12.39,12.39437,,,,0.0,0.0,0.02817,0.02817,data_quality_error,data_quality_error,False,False,False,sugars_greater_than_carbohydrates,12.39
49000061062,Lemon-Lime Soda,sprite,sprite,beverages,"Boissons,Boissons gazeuses,Sodas,Boissons avec sucre ajouté",en:france|en:united-states,FRANCE|US_CANADA,https://images.openfoodfacts.org/images/products/004/900/006/1062/front_en.73.400.jpg,9000.0,,0.0,0.0,0.0,0.0,2400.0,,2400.0,,0.0,0.0,0.0,0.0,0.01,0.01,data_quality_error,data_quality_error,False,False,False,energy_above_900_kcal|nutrient_value_above_100g,2400.0
49000079319,POWERade ZERO Grape,powerade,powerade,beverages,"Beverages and beverages preparations, Beverages, Energy drinks, Zero sugar, en:artificially-sweetened-beverages",en:united-states,US_CANADA,https://images.openfoodfacts.org/images/products/004/900/007/9319/front_en.4.400.jpg,0.0,0.0,0.0,0.0,0.0,0.0,1.0,1.0,0.0,0.0,0.0,0.0,0.0,0.0,104.16667,,data_quality_error,data_quality_error,False,False,False,nutrient_value_above_100g,1.0
49000561883,crimson sour cherry flavored soda,fanta,fanta,beverages,en:sodas,en:united-states,US_CANADA,https://images.openfoodfacts.org/images/products/004/900/056/1883/front_en.4.400.jpg,42.32879,42.32879,0.0,0.0,0.0,0.0,0.34015,0.34015,10.93494,,,,0.0,0.0,0.00075,0.00075,data_quality_error,data_quality_error,False,False,False,sugars_greater_than_carbohydrates,0.34015
49508001508,Pretzel Crisps,snack factory,snack factory,snacks,"snacks, salty-snacks, appetizers, da:crackers",en:united-states|en:world,US_CANADA,https://images.openfoodfacts.org/images/products/004/950/800/1508/front_en.28.400.jpg,392.857142857143,392.857142857143,0.0,0.0,0.269806275,,82.14,82.14,7.14,7.14,3.57,3.57,10.71,10.71,0.189,0.189,data_quality_error,data_quality_error,False,False,False,saturated_fat_greater_than_fat,92.85
49508006923,Pretzel Crisps Original,snack factory,snack factory,snacks,"Undefined, en:appetizers",en:canada|en:united-states,US_CANADA,https://images.openfoodfacts.org/images/products/004/950/800/6923/front_en.55.400.jpg,428.571428571429,428.571428571429,0.0,0.0,0.27,,83.33333,83.33333,0.0,0.0,5.0,5.0,10.0,10.0,1.0,1.0,data_quality_error,data_quality_error,False,False,False,saturated_fat_greater_than_fat,93.33333
49508250302,Pretzel Crisps Original,snack factory,snack factory,snacks,"snacks, salty-snacks, appetizers, chips-and-fries, crisps, da:crackers",en:united-states|en:world,US_CANADA,https://images.openfoodfacts.org/images/products/004/950/825/0302/front_en.37.400.jpg,392.857142857143,392.857142857143,0.0,0.0,0.263655,,85.7142857142857,85.7142857142857,7.14285714285714,7.14285714285714,6.6402,6.6402,10.7142857142857,10.7142857142857,2.41071428571429,2.41071428571429,data_quality_error,data_quality_error,False,False,False,saturated_fat_greater_than_fat,96.42857142857139
50000356034,BREAKFAST ESSENTIALS Nutritional Powder Drink Mix Rich Milk Chocolate,carnation,carnation,beverages,"Powder-drink-mix, en:dehydrated-beverages",en:united-states,US_CANADA,https://images.openfoodfacts.org/images/products/005/000/035/6034/front_en.36.400.jpg,388.888888888889,388.888888888889,2.78,,1.39,1.39,75.0,,41.7,41.7,0.0,0.0,36.1111111111111,,0.695,0.695,data_quality_error,data_quality_error,False,False,False,macros_exceed_100g,113.8911111111111
50000783090,Carnation Breakfast Essentials,carnation,carnation,cereals,"Plant-based foods and beverages, Plant-based foods, Breakfasts, Cereals and potatoes, Cereals and their products, Breakfast cereals, en:protein-shakes",en:united-states,US_CANADA,https://images.openfoodfacts.org/images/products/005/000/078/3090/front_en.3.400.jpg,220.0,220.0,6.0,6.0,1.0,1.0,28.0,28.0,12.0,12.0,3.0,3.0,15.0,15.0,525.0,,data_quality_error,data_quality_error,False,False,False,nutrient_value_above_100g,49.0
50000895731,Cinnamon Coffee Cake Creamer,natural bliss,natural bliss,dairies,"en:dairies,en:creams,en:refrigerated-creams",en:united-states,US_CANADA,https://images.openfoodfacts.org/images/products/005/000/089/5731/front_en.31.400.jpg,133.333333333333,133.333333333333,10.0,10.0,6.66666666666667,6.66666666666667,0.0,0.0,126.666666666667,,0.0,0.0,0.0,0.0,0.0833333333333333,0.0833333333333333,data_quality_error,data_quality_error,False,False,False,sugars_greater_than_carbohydrates,10.0
50200500145,Tangy Original,sunnyd,sunnyd,beverages,"Beverages and beverages preparations, Plant-based foods and beverages, Beverages, Plant-based beverages, Carbonated drinks, Fruit-based beverages, Sodas, Fruit sodas, Sunny D, en:fruit-juices",en:united-states,US_CANADA,https://images.openfoodfacts.org/images/products/005/020/050/0145/front_en.26.400.jpg,27.027027027027,27.027027027027,0.0,0.0,5.10510510510511,,6.60660660660661,6.60660660660661,5.70570570570571,5.70570570570571,0.0,0.0,0.0,0.0,0.195195195195195,0.195195195195195,data_quality_error,data_quality_error,False,False,False,saturated_fat_greater_than_fat,6.60660660660661
52000056020,Strawberry Watermelon Fast Twitch,gatorade,gatorade,beverages,Energy drinks,en:united-states,US_CANADA,https://images.openfoodfacts.org/images/products/005/200/005/6020/front_en.3.400.jpg,5.0,5.0,0.0,0.0,0.0,0.0,,,1.0,1.0,0.0,0.0,0.0,0.0,400.0,,data_quality_error,data_quality_error,False,False,False,nutrient_value_above_100g,
52000135138,FRUIT PUNCH,gatorade thirst quencher,gatorade,beverages,"Beverages, Sweetened beverages",en:united-states,US_CANADA,https://images.openfoodfacts.org/images/products/005/200/013/5138/front_en.6.400.jpg,23.0,23.0,0.0,0.0,5.0625e-06,,6.2,6.2,5.92,5.92,0.00045,0.00045,0.0,0.0,0.1125,0.1125,data_quality_error,data_quality_error,False,False,False,saturated_fat_greater_than_fat,6.2
52000338300,"Fruit punch thirst quencher, fruit punch",gatorade,gatorade,beverages,"Beverages, Sweetened beverages",en:france|en:united-states,FRANCE|US_CANADA,,22.0,22.0,0.0,0.0,5.0625e-06,,6.11,6.11,5.83,5.83,0.00045,0.00045,0.0,0.0,0.1125,0.1125,data_quality_error,data_quality_error,False,False,False,saturated_fat_greater_than_fat,6.11
52600112164,Marshmallow Fluff,"durkee-mower inc., fluffernutter",durkee-mower inc.,snacks,"Beverages and beverages preparations,Snacks,Breakfasts,Spreads,Sweet snacks,Confectioneries,Sweet spreads,Beverage preparations,Herbal teas,Mallow",en:france|en:united-states,FRANCE|US_CANADA,https://images.openfoodfacts.org/images/products/005/260/011/2164/front_en.23.400.jpg,333.333333333333,333.333333333333,0.0,0.0,0.2275,,83.3333333333333,83.3333333333333,50.0,50.0,0.0,0.0,0.0,0.0,0.104166666666667,0.104166666666667,data_quality_error,data_quality_error,False,False,False,saturated_fat_greater_than_fat,83.3333333333333
529099,Coconut Creamer,trader joe's,trader joe's,beverages,"Plant-based foods and beverages, Beverages, Plant-based foods, Dairy substitutes, Milk substitutes, Plant-based beverages, Plant-based milk alternatives, Plant-based creams, Plant-based creams for cooking, Coconut milks and creams, en:creamer",en:united-states,US_CANADA,https://images.openfoodfacts.org/images/products/000/000/052/9099/front_en.11.400.jpg,33.3,33.3,0.0,0.0,0.000977,,3.33333333333333,3.33333333333333,0.0666666666666667,0.0666666666666667,0.0005285,0.0005285,0.0,0.0,0.166666666666667,0.166666666666667,data_quality_error,data_quality_error,False,False,False,saturated_fat_greater_than_fat,3.33333333333333
53000221012,Heritage Flakes,nature's path,nature's path,cereals,Breakfast cereal,en:united-states,US_CANADA,https://images.openfoodfacts.org/images/products/005/300/022/1012/front_en.3.400.jpg,400.0,400.0,37.5,37.5,0.0,0.0,,,12.5,12.5,17.5,17.5,12.5,12.5,1062.5,,data_quality_error,data_quality_error,False,False,False,nutrient_value_above_100g,
54900000608,Dr Pepper,dr pepper,dr pepper,beverages,Sodas,en:canada|en:france,US_CANADA|FRANCE,https://images.openfoodfacts.org/images/products/005/490/000/0608/front_en.3.400.jpg,11.4133333333333,11.4133333333333,0.0,0.0,0.0,0.0,2.85333333333333,2.85333333333333,10.6666666666667,,,,0.0,0.0,0.4,0.4,data_quality_error,data_quality_error,False,False,False,sugars_greater_than_carbohydrates,2.85333333333333
56022204247,,,unknown,cereals,en:breakfast-cereals,en:united-kingdom,UK_IE,https://images.openfoodfacts.org/images/products/005/602/220/4247/front_en.3.400.jpg,351.0,351.0,403.0,,0.8,0.8,54.0,54.0,14.0,14.0,22.0,22.0,13.0,13.0,0.58,0.58,data_quality_error,data_quality_error,False,False,False,nutrient_value_above_100g,470.0
567176,Organic Chocolate Chip Chewy Granola Bars,trader joe's,trader joe's,snacks,"Snacks,Sweet snacks,Bars,Cereal bars,Chocolate cereal bars",en:united-states,US_CANADA,https://images.openfoodfacts.org/images/products/000/000/056/7176/front_en.23.400.jpg,416.666666666667,416.666666666667,43.4027777777779,43.4027777777779,17.3611111111111,17.3611111111111,277.777777777778,,138.888888888889,,17.3611111111111,17.3611111111111,34.7222222222222,34.7222222222222,0.434027777777779,0.434027777777779,data_quality_error,data_quality_error,False,False,False,nutrient_value_above_100g,355.9027777777781
58449602187,Honey'D Corn Flakes,nature's path organic,nature's path organic,cereals,"Plant-based foods and beverages, Plant-based foods, Cereals and potatoes, Cereals and their products, en:extruded-cereals",en:united-states|en:world,US_CANADA,https://images.openfoodfacts.org/images/products/005/844/960/2187/front_en.16.400.jpg,399.737093690248,399.737093690248,0.0,0.0,0.0,0.0,225.0,,31.25,31.25,6.25,6.25,18.75,18.75,2.1875,2.1875,data_quality_error,data_quality_error,False,False,False,nutrient_value_above_100g,243.75
58449771036,Smart Bran Cereal,nature's path,nature's path,cereals,"Plant-based foods and beverages,Plant-based foods,Breakfasts,Cereals and potatoes,Cereals and their products,Breakfast cereals,Mueslis",en:france|en:united-states|en:world,FRANCE|US_CANADA,https://images.openfoodfacts.org/images/products/005/844/977/1036/front_en.32.400.jpg,375.0,375.0,2.5,,0.0,0.0,95.0,,35.0,35.0,42.5,42.5,20.0,,1.375,1.375,data_quality_error,data_quality_error,False,False,False,macros_exceed_100g,117.5
58449890003,Hemp Hearts Granola,nature's path organic,nature's path organic,cereals,"Plant-based foods and beverages, Plant-based foods, Breakfasts, Cereals and potatoes, Cereals and their products, Breakfast cereals",en:canada|en:france|en:united-states|en:world,US_CANADA|FRANCE,https://images.openfoodfacts.org/images/products/005/844/989/0003/front_en.20.400.jpg,400.0,400.0,25.5102040816327,,2.55102040816327,2.55102040816327,74.4897959183673,,8.16326530612245,8.16326530612245,9.18367346938776,9.18367346938776,9.18367346938776,,0.204081632653061,0.204081632653061,data_quality_error,data_quality_error,False,False,False,macros_exceed_100g,109.18367346938777
59600061942,Watermelon,minute maid,minute maid,beverages,"Boissons, Boissons sans sucre ajouté, Boissons avec sucre ajouté",en:france,FRANCE,https://images.openfoodfacts.org/images/products/005/960/006/1942/front_fr.4.400.jpg,20.0,20.0,0.0,0.0,0.4,,13.2,13.2,12.8,12.8,0.0,0.0,0.04,0.04,0.02032,0.02032,data_quality_error,data_quality_error,False,False,False,saturated_fat_greater_than_fat,13.239999999999998
59600070876,Jus d'orange,minute maid,minute maid,beverages,"Plant-based foods and beverages, Beverages, Plant-based beverages, Fruit-based beverages, Juices and nectars, Fruit juices, Orange juices",en:france,FRANCE,https://images.openfoodfacts.org/images/products/005/960/007/0876/front_en.28.400.jpg,47.887323943662,47.887323943662,0.0,0.0,0.01325,,11.2676056338028,11.2676056338028,10.1408450704225,10.1408450704225,0.07,0.07,0.845070422535211,0.845070422535211,0.0176056338028169,0.0176056338028169,data_quality_error,data_quality_error,False,False,False,saturated_fat_greater_than_fat,12.11267605633801
63089224014,,,unknown,beverages,en:sodas,en:united-kingdom,UK_IE,https://images.openfoodfacts.org/images/products/006/308/922/4014/front_en.5.400.jpg,3.0,3.0,0.5,0.5,0.1,0.1,0.5,0.5,1.0,,0.5,0.5,0.5,0.5,0.02,0.02,data_quality_error,data_quality_error,False,False,False,sugars_greater_than_carbohydrates,1.5
652568,Organic coconut water,trader joe's,trader joe's,beverages,"Plant-based foods and beverages, Beverages, Plant-based beverages, Coconut waters",en:united-states,US_CANADA,https://images.openfoodfacts.org/images/products/000/000/065/2568/front_en.17.400.jpg,23.6486486486486,23.6486486486486,0.0,0.0,0.005,,6.08108108108108,6.08108108108108,3.71621621621622,3.71621621621622,0.25,0.25,0.0,0.0,0.0295608108108108,0.0295608108108108,data_quality_error,data_quality_error,False,False,False,saturated_fat_greater_than_fat,6.08108108108108
670104,Organic Non-Dairy Soy Beverage Unsweetened,trader joe's,trader joe's,beverages,"Plant-based foods and beverages,Beverages,Plant-based foods,Legumes and their products,Dairy substitutes,Milk substitutes,Plant-based beverages,Plant-based milk alternatives,Legume-based drinks,Soy-based drinks",en:united-states,US_CANADA,https://images.openfoodfacts.org/images/products/000/000/067/0104/front_en.39.400.jpg,41.6666666666667,41.6666666666667,1.875,1.875,0.208333333333333,0.208333333333333,0.0,0.0,0.416666666666667,,0.416666666666667,0.416666666666667,3.75,3.75,0.0260416666666667,0.0260416666666667,data_quality_error,data_quality_error,False,False,False,sugars_greater_than_carbohydrates,5.625
67311028338,Oasis,oasis,oasis,beverages,"Aliments et boissons à base de végétaux, Boissons, Boissons à base de végétaux, Boissons aux fruits, Jus et nectars, Jus de fruits, Jus d'ananas",en:canada|en:france,US_CANADA|FRANCE,https://images.openfoodfacts.org/images/products/006/731/102/8338/front_fr.22.400.jpg,44.0,44.0,0.0,0.0,0.00634375,,10.8,10.8,9.2,9.2,0.4,0.4,0.4,0.4,0.01,0.01,data_quality_error,data_quality_error,False,False,False,saturated_fat_greater_than_fat,11.200000000000001
70177280512,Green tea,twinings,twinings,beverages,en:iced-teas,en:france,FRANCE,https://images.openfoodfacts.org/images/products/007/017/728/0512/front_fr.18.400.jpg,35.0,35.0,0.0,0.0,0.0,0.0,5.8,5.8,8.4,,0.1,0.1,0.0,0.0,0.045,0.045,data_quality_error,data_quality_error,False,False,False,sugars_greater_than_carbohydrates,5.8
70277105203,FETA CHEESE CRUMBLED,athenos,athenos,dairies,"Dairies, Fermented foods, Fermented milk products, Cheeses, Greek cheeses, Feta",en:united-states,US_CANADA,https://images.openfoodfacts.org/images/products/007/027/710/5203/front_en.24.400.jpg,250.0,250.0,63.7755102040818,,0.0,0.0,12.7551020408163,,12.7551020408163,12.7551020408163,0.0,0.0,51.0204081632654,,10.204081632653,10.204081632653,data_quality_error,data_quality_error,False,False,False,macros_exceed_100g,127.5510204081635
70552401280,String Cheese low-moisture part-skim mozzarella cheese,winco foods,winco foods,dairies,"Dairies, Fermented foods, Fermented milk products, Cheeses, String cheeses",en:united-states,US_CANADA,https://images.openfoodfacts.org/images/products/007/055/240/1280/front_en.14.400.jpg,285.71428571,285.71428571,21.42857143,21.42857143,10.7142857142857,10.7142857142857,3.57142857,3.57142857,3.57142857142857,,,,21.42857143,21.42857143,1.78571428571429,1.78571428571429,data_quality_error,data_quality_error,False,False,False,sugars_greater_than_carbohydrates,46.428571430000005
70847022909,Juice Monster Energy Juice Pipeline Punch,monster,monster,beverages,"Beverages, Carbonated drinks, Sodas, Sweetened beverages",en:united-states,US_CANADA,https://images.openfoodfacts.org/images/products/007/084/702/2909/front_en.26.400.jpg,19000.0,,0.0,0.0,0.0045927103678385,,10.1479915433404,10.1479915433404,9.72515856236786,9.72515856236786,0.0438373046875005,0.0438373046875005,0.0,0.0,0.0422832980972516,0.0422832980972516,data_quality_error,data_quality_error,False,False,False,energy_above_900_kcal|saturated_fat_greater_than_fat,10.1479915433404
70847029014,JUICE MONSTER ENERGY + JUICE,monster,monster,beverages,"Beverages, Carbonated drinks, Sodas",en:united-states,US_CANADA,https://images.openfoodfacts.org/images/products/007/084/702/9014/front_en.27.400.jpg,25000.0,,0.0,0.0,0.0037809025049209,,13.5256226013154,13.5256226013154,12.7014049740477,12.7014049740477,0.731062354292188,0.731062354292188,0.0,0.0,0.0474997675283615,0.0474997675283615,data_quality_error,data_quality_error,False,False,False,energy_above_900_kcal|saturated_fat_greater_than_fat,13.5256226013154
70847031918,Monster Energy Juice Pacific Punch,monster,monster,beverages,"Beverages and beverages preparations, Beverages, Carbonated drinks, Sodas, en:sweetened-beverages",en:united-states,US_CANADA,https://images.openfoodfacts.org/images/products/007/084/703/1918/front_en.25.400.jpg,44.3974630021142,44.3974630021142,0.0,0.0,0.0050822175124595,,11.2050739957717,11.2050739957717,10.9936575052854,10.9936575052854,0.0512919248383618,0.0512919248383618,0.0,0.0,0.0422832980972516,0.0422832980972516,data_quality_error,data_quality_error,False,False,False,saturated_fat_greater_than_fat,11.2050739957717
711540,Tropical Fruit,tropicana,tropicana,beverages,"Plant-based foods and beverages, Beverages, Plant-based beverages, Fruit-based beverages, Juices and nectars, Fruit juices",en:united-kingdom,UK_IE,https://images.openfoodfacts.org/images/products/000/000/071/1540/front_en.4.400.jpg,51.897775,51.897775,0.0,0.0,0.0616985,,11.2178475,11.2178475,14.0,,0.642595,0.642595,0.375425,0.375425,0.0,0.0,data_quality_error,data_quality_error,False,False,False,sugars_greater_than_carbohydrates|saturated_fat_greater_than_fat,11.5932725
71464280802,Berry Boost 100% Fruit Juice Smoothie,bolthouse farms,bolthouse farms,beverages,"Plant-based foods and beverages, Beverages, Plant-based beverages",en:france|en:united-states,FRANCE|US_CANADA,https://images.openfoodfacts.org/images/products/007/146/428/0802/front_en.17.400.jpg,50.0,50.0,0.0,0.0,0.0339513888888889,,12.0833333333333,12.0833333333333,10.4166666666667,10.4166666666667,1.25,1.25,0.416666666666667,0.416666666666667,0.0104166666666667,0.0104166666666667,data_quality_error,data_quality_error,False,False,False,saturated_fat_greater_than_fat,12.499999999999968
71481023000,Cottage Cheese Small Curd,friendship dairies,friendship dairies,dairies,"Dairies, Fermented foods, Fermented milk products, Cheeses",en:united-states,US_CANADA,https://images.openfoodfacts.org/images/products/007/148/102/3000/front_en.26.400.jpg,18000.0,,1600.0,,1600.0,,1600.0,,1600.0,,,,6400.0,,0.85,0.85,data_quality_error,data_quality_error,False,False,False,energy_above_900_kcal|nutrient_value_above_100g,9600.0
71923761453,40% Bran Flakes,hospitality,hospitality,cereals,en:breakfast-cereal,en:united-states,US_CANADA,https://images.openfoodfacts.org/images/products/007/192/376/1453/front_en.7.400.jpg,321.42857142857,321.42857142857,3.5714285714286,,0.0,0.0,91.071428571429,,17.857142857143,17.857142857143,21.428571428571,21.428571428571,10.714285714286,,2.0535714285714,2.0535714285714,data_quality_error,data_quality_error,False,False,False,macros_exceed_100g,105.35714285714359
72084004700,Truffles,chocolate,chocolate,snacks,"en:cocoa-and-its-products,en:chocolate-candies,en:candy-chocolate-bars,en:chocolate-biscuity-bars,fr:barre-chocolatee-biscuitee-type-kitkat",en:united-states,US_CANADA,https://images.openfoodfacts.org/images/products/007/208/400/4700/front_en.3.400.jpg,636.363636363636,636.363636363636,36.3636363636364,,36.3636363636364,36.3636363636364,63.6363636363636,,54.5454545454545,54.5454545454545,0.0,0.0,9.09090909090909,,0.227272727272727,0.227272727272727,data_quality_error,data_quality_error,False,False,False,macros_exceed_100g,109.0909090909091
724807,organic nonfat dry milk,trader joe's,trader joe's,dairies,"Dairies, Fermented foods, Fermented milk products, Cheeses, Cottage cheeses",en:united-states,US_CANADA,https://images.openfoodfacts.org/images/products/000/000/072/4807/front_en.23.400.jpg,70.7964601769911,70.7964601769911,0.0,0.0,0.104555,,5.0,5.0,4.0,4.0,0.0,0.0,14.0,14.0,1.1,1.1,data_quality_error,data_quality_error,False,False,False,saturated_fat_greater_than_fat,19.0
72759006558,Chocolate Coconut Macaroons,dunford,dunford,snacks,Macarons,en:united-states,US_CANADA,https://images.openfoodfacts.org/images/products/007/275/900/6558/front_en.3.400.jpg,461.538461538462,461.538461538462,26.9230769230769,26.9230769230769,26.9230769230769,26.9230769230769,,,38.4615384615385,38.4615384615385,3.84615384615385,3.84615384615385,3.84615384615385,3.84615384615385,721.153846153846,,data_quality_error,data_quality_error,False,False,False,nutrient_value_above_100g,
72830030090,SWISS,tillamook,tillamook,dairies,"Dairies, Fermented foods, Fermented milk products, Cheeses",en:united-states,US_CANADA,https://images.openfoodfacts.org/images/products/007/283/003/0090/front_en.4.400.jpg,360.0,360.0,28.0,28.0,20.0,20.0,3.99952,3.99952,4.6500975,,0.0,0.0,31.99952,31.99952,0.85,0.85,data_quality_error,data_quality_error,False,False,False,sugars_greater_than_carbohydrates,63.99904
72830033169,Provolone,tillamook,tillamook,dairies,"Dairies, Fermented foods, Fermented milk products, Cheeses",en:united-states,US_CANADA,https://images.openfoodfacts.org/images/products/007/283/003/3169/front_en.16.400.jpg,360.0,360.0,25.0,25.0,17.8571428571429,17.8571428571429,3.57142857142857,3.57142857142857,4.88378125,,0.0,0.0,21.4285714285714,21.4285714285714,2.23214285714286,2.23214285714286,data_quality_error,data_quality_error,False,False,False,sugars_greater_than_carbohydrates,49.99999999999997
73360707513,Natural Pure Sparkling Water,lacroix,lacroix,beverages,"Boissons, Eaux",en:france|en:united-states|en:world,FRANCE|US_CANADA,https://images.openfoodfacts.org/images/products/007/336/070/7513/front_en.19.400.jpg,0.28169014084507,0.28169014084507,0.0,0.0,0.0,0.0,0.0,0.0,0.01,,0.0,0.0,0.0,0.0,0.0,0.0,data_quality_error,data_quality_error,False,False,False,sugars_greater_than_carbohydrates,0.0
73390002015,CHERRY,airheads,airheads,snacks,"Snacks, Sweet snacks, Confectioneries, Candies",en:canada|en:united-states,US_CANADA,https://images.openfoodfacts.org/images/products/007/339/000/2015/front_en.54.400.jpg,384.615384615385,384.615384615385,0.0,0.0,0.0,0.0,616.370833333333,,70.5128205128205,70.5128205128205,0.0,0.0,0.0,0.0,0.0,0.0,data_quality_error,data_quality_error,False,False,False,nutrient_value_above_100g,616.370833333333
73390010553,"2-in-1 blue raspberry & cherry big bar candy, blue raspberry & cherry","airheads, perfetti van melle usa inc.",airheads,snacks,"Snacks, Sweet snacks, Confectioneries",en:france|en:united-states,FRANCE|US_CANADA,https://images.openfoodfacts.org/images/products/007/339/001/0553/front_en.4.400.jpg,400.0,400.0,2.35,2.35,3.57,,96.47,96.47,68.24,68.24,,,0.0,0.0,0.12,0.12,data_quality_error,data_quality_error,False,False,False,saturated_fat_greater_than_fat,98.82
73390010829,Air Heads,air heads,air heads,snacks,"Snacks,Sweet snacks,Confectioneries,Candies",en:france|en:united-states,FRANCE|US_CANADA,https://images.openfoodfacts.org/images/products/007/339/001/0829/front_en.20.400.jpg,333.333333333333,333.333333333333,0.0,0.0,0.0499655253092401,,80.0,80.0,60.0,60.0,0.0838541666666666,0.0838541666666666,3.33333333333333,3.33333333333333,0.0,0.0,data_quality_error,data_quality_error,False,False,False,saturated_fat_greater_than_fat,83.33333333333333
73420531249,COTTAGE CHEESE,daisy,daisy,dairies,"Dairies, Fermented foods, Fermented milk products, Cottage cheeses, en:fresh-cheeses",en:united-states,US_CANADA,https://images.openfoodfacts.org/images/products/007/342/053/1249/front_en.34.400.jpg,94.1176470588235,94.1176470588235,5.0,5.0,3.5,3.5,8.23529411764706,8.23529411764706,10.0,,1.0,1.0,14.0,14.0,1000.0,,data_quality_error,data_quality_error,False,False,False,nutrient_value_above_100g|sugars_greater_than_carbohydrates,27.235294117647058
74030002655,Mozzarella Cheese,galbani,galbani,dairies,"Dairies, Fermented foods, Fermented milk products, Cheeses, Italian cheeses, Stretched-curd cheeses, Mozzarella",en:united-states,US_CANADA,https://images.openfoodfacts.org/images/products/007/403/000/2655/front_en.16.400.jpg,300.0,300.0,23.3333333333333,23.3333333333333,10.0,10.0,0.0,0.0,4.91691085,,0.0,0.0,23.3333333333333,23.3333333333333,0.59,0.59,data_quality_error,data_quality_error,False,False,False,sugars_greater_than_carbohydrates,46.6666666666666
74030661364,STRING CHEESE LOW MOISTURE PART SKIM MOZZARELLA CHEESE,galbani,galbani,dairies,"Dairies, Fermented foods, Fermented milk products, Cheeses, String cheeses",en:united-states,US_CANADA,https://images.openfoodfacts.org/images/products/007/403/066/1364/front_en.20.400.jpg,285.714285714286,285.714285714286,21.4285714285714,21.4285714285714,12.5,12.5,0.0,0.0,4.89857125,,0.0,0.0,25.0,25.0,1.51785714285714,1.51785714285714,data_quality_error,data_quality_error,False,False,False,sugars_greater_than_carbohydrates,46.4285714285714
74682103502,Just Cranberry Juice,r.w. knudsen,r.w. knudsen,beverages,"Plant-based foods and beverages, Beverages, Plant-based beverages, en:fruit-juices",en:france|en:united-states|en:world,FRANCE|US_CANADA,https://images.openfoodfacts.org/images/products/007/468/210/3502/front_en.15.400.jpg,29.1666666666667,29.1666666666667,0.0,0.0,0.00275,,7.5,7.5,3.75,3.75,1.2825,1.2825,0.0,0.0,0.0104166666666667,0.0104166666666667,data_quality_error,data_quality_error,False,False,False,saturated_fat_greater_than_fat,7.5
74682105377,Recharge Mixed Berry,r.w. knudsen,r.w. knudsen,beverages,"Plant-based foods and beverages, Beverages, Plant-based beverages, Sweetened beverages",en:united-states|en:world,US_CANADA,https://images.openfoodfacts.org/images/products/007/468/210/5377/front_en.5.400.jpg,33.0,33.0,0.0,0.0,0.010817578125,,7.5,7.5,7.08,7.08,0.665859375,0.665859375,0.0,0.0,0.025,0.025,data_quality_error,data_quality_error,False,False,False,saturated_fat_greater_than_fat,7.5
74682107128,prune juice,knudsen organic,knudsen organic,beverages,en:fruit-juice,en:france|en:united-states|en:world,FRANCE|US_CANADA,https://images.openfoodfacts.org/images/products/007/468/210/7128/front_en.20.400.jpg,75.0,75.0,0.0,0.0,0.16,,19.1666666666667,19.1666666666667,14.5833333333333,14.5833333333333,1.25,1.25,0.416666666666667,0.416666666666667,0.015625,0.015625,data_quality_error,data_quality_error,False,False,False,saturated_fat_greater_than_fat,19.583333333333368
74682200294,Organic Beet Juice,r.w. knudsen,r.w. knudsen,beverages,"Plant-based foods and beverages, Beverages, Plant-based beverages",en:united-states|en:world,US_CANADA,https://images.openfoodfacts.org/images/products/007/468/220/0294/front_en.13.400.jpg,37.5,37.5,0.0,0.0,0.038,,8.33333333333333,8.33333333333333,7.91666666666667,7.91666666666667,0.416666666666667,0.416666666666667,1.25,1.25,0.135416666666667,0.135416666666667,data_quality_error,data_quality_error,False,False,False,saturated_fat_greater_than_fat,9.58333333333333
747103,Digestive,m&s food,m&s food,snacks,"Snacks, Sweet snacks, Biscuits and cakes, Biscuits and crackers, Biscuits, Biscuits/Cookies (Shelf Stable), en:dark-chocolate-biscuits",en:france|en:united-kingdom,FRANCE|UK_IE,https://images.openfoodfacts.org/images/products/000/000/074/7103/front_en.99.400.jpg,502.958579881657,502.958579881657,25.4437869822485,,13.0177514792899,13.0177514792899,61.5384615384615,,150.887573964497,,20.7100591715976,20.7100591715976,35.5029585798817,,1.00591715976331,1.00591715976331,data_quality_error,data_quality_error,False,False,False,sugars_greater_than_carbohydrates|macros_exceed_100g,122.4852071005917
753777,Spreadable Butter with Olive Oil,trader joe's,trader joe's,dairies,"Spreads, en:butters",en:united-states,US_CANADA,https://images.openfoodfacts.org/images/products/000/000/075/3777/front_en.13.400.jpg,571.428571428572,571.428571428572,64.2857142857143,64.2857142857143,28.5714285714286,28.5714285714286,0.0,0.0,1.57479166666667,,0.289583333333333,0.289583333333333,0.0,0.0,1.51785714285714,1.51785714285714,data_quality_error,data_quality_error,False,False,False,sugars_greater_than_carbohydrates,64.2857142857143
76301591349,100% Orange Juice,"adam & eve, apple & eve",adam & eve,beverages,"Plant-based foods and beverages, Beverages, Plant-based beverages, Fruit-based beverages, Juices and nectars, Fruit juices, Fruit juices from concentrate, Orange juices, Orange juices from concentrate",en:united-states|en:world,US_CANADA,https://images.openfoodfacts.org/images/products/007/630/159/1349/front_en.25.400.jpg,47.2972972972973,47.2972972972973,0.0,0.0,0.053,,11.4864864864865,11.4864864864865,9.7972972972973,9.7972972972973,0.28,0.28,0.0,0.0,0.0084459459459459,0.0084459459459459,data_quality_error,data_quality_error,False,False,False,saturated_fat_greater_than_fat,11.4864864864865
77890425718,Crumbled Feta Fat Free Cheese Plain,wegmans,wegmans,dairies,"Dairies, Fermented foods, Fermented milk products, Cheeses",en:united-states,US_CANADA,,125.0,125.0,0.0,0.0,0.107708865,,7.14,7.14,3.57142857142857,3.57142857142857,0.003388,0.003388,25.0,25.0,3.025,3.025,data_quality_error,data_quality_error,False,False,False,saturated_fat_greater_than_fat,32.14
77890427040,In Brine Feta Cheese Plain,wegmans,wegmans,dairies,"Dairies, Fermented foods, Fermented milk products, Cheeses",en:united-states,US_CANADA,https://images.openfoodfacts.org/images/products/007/789/042/7040/front_en.11.400.jpg,214.285714285714,214.285714285714,14.1098451444495,14.1098451444495,8.81865321528096,8.81865321528096,3.52746128611239,3.52746128611239,4.86159625,,0.0,0.0,17.6373064305619,17.6373064305619,3.26290168965396,3.26290168965396,data_quality_error,data_quality_error,False,False,False,sugars_greater_than_carbohydrates,35.27461286112379
77890594629,Cheese sticks,wegmans,wegmans,dairies,en:cheeses,en:united-states,US_CANADA,https://images.openfoodfacts.org/images/products/007/789/059/4629/front_en.8.400.jpg,285.714285714286,285.714285714286,21.43,21.43,12.5,12.5,3.57,3.57,3.57,3.57,0.0,0.0,25.0,25.0,1785.725,,data_quality_error,data_quality_error,False,False,False,nutrient_value_above_100g,50.0
77890941775,salted butter sweet cream,wegmans,wegmans,dairies,"Dairies, Fats, Spreads, Spreadable fats, Animal fats, Milkfat, Dairy-spread, Butters, Salted butters",en:united-states,US_CANADA,https://images.openfoodfacts.org/images/products/007/789/094/1775/front_en.3.400.jpg,714.285714285714,714.285714285714,78.5714285714286,78.5714285714286,50.0,50.0,0.0,0.0,2.76688375,,1.38843625,1.38843625,0.0,0.0,1.60714285714286,1.60714285714286,data_quality_error,data_quality_error,False,False,False,sugars_greater_than_carbohydrates,78.5714285714286
77901006516,Feta Chunk,president,president,dairies,"Dairies, Fermented foods, Fermented milk products, Cheeses, Greek cheeses, Refrigerated foods, Pasteurized cheeses, Feta, Feta blocs, Groceries",en:mexico|en:united-states,US_CANADA,https://images.openfoodfacts.org/images/products/007/790/100/6516/front_en.24.400.jpg,250.0,250.0,17.85714286,17.85714286,12.5,12.5,0.0,0.0,4.8819325,,0.0,0.0,17.85714286,17.85714286,2.32142857142857,2.32142857142857,data_quality_error,data_quality_error,False,False,False,sugars_greater_than_carbohydrates,35.71428572
78354708439,Seriously Sharp Cheddar Cheese,cabot creamery,cabot creamery,dairies,"Dairies, Fermented foods, Fermented milk products, Cheeses, Cow cheeses, Cheeses from the United Kingdom, Cheeses from England, Cheddar cheese",en:united-states,US_CANADA,https://images.openfoodfacts.org/images/products/007/835/470/8439/front_en.20.400.jpg,392.857142857143,392.857142857143,32.1428571428571,32.1428571428571,21.4285714285714,21.4285714285714,3.57142857142857,3.57142857142857,0.0,0.0,0.0,0.0,25.0,25.0,1785.71428571429,,data_quality_error,data_quality_error,False,False,False,nutrient_value_above_100g,60.71428571428567
78742006246,Crunchy Corn Chips,great value,great value,snacks,"Snacks, Salty snacks, Appetizers, Chips and fries, Crisps, Corn chips",en:united-states,US_CANADA,https://images.openfoodfacts.org/images/products/007/874/200/6246/front_en.27.400.jpg,160.0,160.0,10.0,10.0,1.5,1.5,16.0,16.0,0.0,0.0,1.0,1.0,2.0,2.0,140.0,,data_quality_error,data_quality_error,False,False,False,nutrient_value_above_100g,28.0
78742025926,Sweet Cream Butter Salted,great value,great value,dairies,"Dairies, Fats, Spreads, Spreadable fats, Animal fats, Milkfat, Dairy-spread, Butters, Salted butters",en:united-states,US_CANADA,https://images.openfoodfacts.org/images/products/007/874/202/5926/front_en.29.400.jpg,714.285714285714,714.285714285714,78.5714285714286,78.5714285714286,50.0,50.0,0.0,0.0,2.76688375,,1.38843625,1.38843625,0.0,0.0,1.60714285714286,1.60714285714286,data_quality_error,data_quality_error,False,False,False,sugars_greater_than_carbohydrates,78.5714285714286
78742079479,Colby & Monterey Jack Cheese,great value,great value,dairies,Colby cheese,en:united-states,US_CANADA,https://images.openfoodfacts.org/images/products/007/874/207/9479/front_en.25.400.jpg,400.0,400.0,100.0,,0.0,0.0,0.0,,0.0,0.0,0.0,0.0,77.7777777777777,,5.0,5.0,data_quality_error,data_quality_error,False,False,False,macros_exceed_100g,177.77777777777771
78742125961,Peanut Butter Sandwich Cookies,great value,great value,snacks,"Snacks, Sweet snacks, Biscuits and cakes, Biscuits",en:united-states,US_CANADA,https://images.openfoodfacts.org/images/products/007/874/212/5961/front_en.6.400.jpg,440.0,440.0,15.5172413793103,15.5172413793103,5.17241379310345,5.17241379310345,58.6206896551724,58.6206896551724,27.5862068965517,27.5862068965517,0.0,0.0,3.44827586206897,3.44827586206897,775.862068965517,,data_quality_error,data_quality_error,False,False,False,nutrient_value_above_100g,77.58620689655167
78742259314,Great Value Premium Instant Coffee,great value,great value,beverages,"Beverages and beverages preparations, Beverages, Beverage preparations, Instant beverages, Unsweetened beverages, Instant coffees, en:coffees",en:united-states,US_CANADA,https://images.openfoodfacts.org/images/products/007/874/225/9314/front_en.18.400.jpg,1.0,1.0,0.0,0.0,0.0,0.0,0.0,0.0,0.3,,0.0,0.0,0.1,0.1,0.0,0.0,data_quality_error,data_quality_error,False,False,False,sugars_greater_than_carbohydrates,0.1
78742280561,Butter Salted Sticks,great value,great value,dairies,"Dairies, Fats, Spreads, Spreadable fats, Animal fats, Milkfat, Dairy-spread, Butters, Salted butters",en:united-states,US_CANADA,https://images.openfoodfacts.org/images/products/007/874/228/0561/front_en.17.400.jpg,714.285714285714,714.285714285714,78.5714285714286,78.5714285714286,50.0,50.0,0.0,0.0,2.76688375,,1.38843625,1.38843625,0.0,0.0,1.60714285714286,1.60714285714286,data_quality_error,data_quality_error,False,False,False,sugars_greater_than_carbohydrates,78.5714285714286
78742370477,Cream Cheese,great value,great value,dairies,"Dairies, Fermented foods, Fermented milk products, Cheeses",en:united-states,US_CANADA,https://images.openfoodfacts.org/images/products/007/874/237/0477/front_en.26.400.jpg,321.428571428572,321.428571428572,114.795918367347,,76.5306122448979,76.5306122448979,25.5102040816327,25.5102040816327,12.7551020408163,12.7551020408163,0.0,0.0,25.5102040816327,25.5102040816327,3.02933673469387,3.02933673469387,data_quality_error,data_quality_error,False,False,False,nutrient_value_above_100g,165.8163265306124
78742374192,Butter Salted Sweet Cream,great value,great value,dairies,"Dairies, Fats, Spreads, Spreadable fats, Animal fats, Dairy spreads, Milkfat, Butters, Sweet cream butters, en:salted-butters",en:united-states,US_CANADA,https://images.openfoodfacts.org/images/products/007/874/237/4192/front_en.14.400.jpg,714.285714285714,714.285714285714,78.5714285714286,78.5714285714286,50.0,50.0,0.0,0.0,2.76688375,,1.38843625,1.38843625,0.0,0.0,1.60714285714286,1.60714285714286,data_quality_error,data_quality_error,False,False,False,sugars_greater_than_carbohydrates,78.5714285714286
78742374277,Sweet Cream Butter Unsalted,great value,great value,dairies,"Dairies, Fats, Spreads, Spreadable fats, Animal fats, Dairy spreads, Milkfat, Butters, Unsalted butters, en:sweet-cream-butters",en:united-states,US_CANADA,https://images.openfoodfacts.org/images/products/007/874/237/4277/front_en.8.400.jpg,714.285714285714,714.285714285714,78.5714285714286,78.5714285714286,50.0,50.0,0.0,0.0,2.70075,,1.35525,1.35525,0.0,0.0,0.0,0.0,data_quality_error,data_quality_error,False,False,False,sugars_greater_than_carbohydrates,78.5714285714286
78907450334,Original Guacachip,"el sabroso, el sabroso guacachip tortilla chips",el sabroso,snacks,"Snacks,Chips and fries,Crisps,Corn chips",en:united-states,US_CANADA,https://images.openfoodfacts.org/images/products/007/890/745/0334/front_en.29.400.jpg,500.0,500.0,25.0,25.0,1.78571428571429,1.78571428571429,229.591821428571,,3.57142857142857,3.57142857142857,3.57142857142857,3.57142857142857,7.14285714285714,7.14285714285714,4.46428571428571,4.46428571428571,data_quality_error,data_quality_error,False,False,False,nutrient_value_above_100g,261.73467857142816
790628,LEMON FLOWER COOKIES,trader joe's,trader joe's,snacks,en:cookies,en:united-states,US_CANADA,https://images.openfoodfacts.org/images/products/000/000/079/0628/front_en.13.400.jpg,560.0,560.0,28.0,,12.0,12.0,72.0,,24.0,24.0,0.0,0.0,8.0,,0.55,0.55,data_quality_error,data_quality_error,False,False,False,macros_exceed_100g,108.0
79200931599,Candy,nestlé,nestle,snacks,"Snacks, Sweet snacks, Confectioneries",en:france|en:united-states,FRANCE|US_CANADA,https://images.openfoodfacts.org/images/products/007/920/093/1599/front_fr.4.400.jpg,400.0,400.0,0.0,0.0,14.0,,93.33,93.33,93.33,93.33,,,0.0,0.0,0.0,0.0,data_quality_error,data_quality_error,False,False,False,saturated_fat_greater_than_fat,93.33
79492041754,Waffle,great value butter milk waffle,great value,snacks,"en:snacks,en:sweet-snacks,en:biscuits-and-cakes,en:pastries,en:waffles",en:united-states,US_CANADA,https://images.openfoodfacts.org/images/products/007/949/204/1754/front_en.14.400.jpg,200.0,200.0,4.28571428571429,4.28571428571429,0.714285714285714,0.714285714285714,34.2857142857143,34.2857142857143,2.85714285714286,2.85714285714286,0.0,0.0,600.0,,1.10714285714286,1.10714285714286,data_quality_error,data_quality_error,False,False,False,nutrient_value_above_100g,638.5714285714287
79893406275,greek plain yogurt 0% nonfat,o organics,o organics,dairies,"Dairies, Fermented foods, Desserts, Fermented milk products, Dairy desserts, Fermented dairy desserts, Yogurts",en:united-states,US_CANADA,https://images.openfoodfacts.org/images/products/007/989/340/6275/front_en.25.400.jpg,70.5882352941177,70.5882352941177,0.0,0.0,0.11,,4.70588235294118,4.70588235294118,2.94117647058824,2.94117647058824,0.0,0.0,12.941,12.941,0.110295588235294,0.110295588235294,data_quality_error,data_quality_error,False,False,False,saturated_fat_greater_than_fat,17.64688235294118
823388,Mexican Style Cheese Blend,trader joe's,trader joe's,dairies,"Dairies,Fermented foods,Fermented milk products,Cheeses,Mexican cheeses",en:united-states,US_CANADA,https://images.openfoodfacts.org/images/products/000/000/082/3388/front_en.25.400.jpg,357.142857142857,357.142857142857,102.040816326531,,63.7755102040818,63.7755102040818,38.2653061224489,38.2653061224489,0.0,0.0,0.0,0.0,102.040816326531,,4.78316326530614,4.78316326530614,data_quality_error,data_quality_error,False,False,False,nutrient_value_above_100g,242.3469387755109
83791520018,Potato Chips Sea Salted,"""dirty"" deli style","""dirty"" deli style",snacks,"Plant-based foods and beverages, Plant-based foods, Snacks, Cereals and potatoes, Salty snacks, Appetizers, Chips and fries, Crisps, Potato crisps",en:united-states,US_CANADA,https://images.openfoodfacts.org/images/products/008/379/152/0018/front_en.17.400.jpg,529.100529100529,529.100529100529,55.9894739788919,,7.77631583040166,7.77631583040166,99.5368426291413,,0.0,0.0,6.22105266432132,6.22105266432132,12.4421053286427,,1.32197369116828,1.32197369116828,data_quality_error,data_quality_error,False,False,False,macros_exceed_100g,167.9684219366759
85239948835,Half & Half,good & gather,good & gather,dairies,"Produits laitiers,en:Half milk and half cream",en:united-states,US_CANADA,https://images.openfoodfacts.org/images/products/008/523/994/8835/front_en.24.400.jpg,40.0,40.0,3.5,3.5,2.0,2.0,0.0,0.0,1.0,,0.0,0.0,0.0,0.0,37.5,37.5,data_quality_error,data_quality_error,False,False,False,sugars_greater_than_carbohydrates,3.5
86600707716,Tuna Salad & Crackers,bumble bee,bumble bee,snacks,en:appetizers,en:united-states,US_CANADA,https://images.openfoodfacts.org/images/products/008/660/070/7716/front_en.19.400.jpg,322.916666666667,322.916666666667,3.20512820512821,3.20512820512821,3.84615384615385,,8.97435897435897,8.97435897435897,3.84615384615385,3.84615384615385,2.56410256410256,2.56410256410256,8.97435897435897,8.97435897435897,1.02564102564103,1.02564102564103,data_quality_error,data_quality_error,False,False,False,saturated_fat_greater_than_fat,21.15384615384615
87692020240,Iced Tea & Vodka,sun cruiser,sun cruiser,beverages,"en:beverages-and-beverages-preparations,en:beverages,en:alcoholic-beverages,en:alcoholic-beverages-variety-packs",en:united-states,US_CANADA,https://images.openfoodfacts.org/images/products/008/769/202/0240/front_en.15.400.jpg,100.0,100.0,0.0,0.0,0.0,0.0,0.0,0.0,1.0,,0.0,0.0,0.0,0.0,0.0,0.0,data_quality_error,data_quality_error,False,False,False,sugars_greater_than_carbohydrates,0.0
87703157828,with Aloe Vera,yogur de savila,yogur de savila,beverages,en:sweetened-beverages,en:france|en:united-states,FRANCE|US_CANADA,https://images.openfoodfacts.org/images/products/008/770/315/7828/front_en.19.400.jpg,0.0,0.0,0.0,0.0,0.0,0.0,0.0112,0.0112,11.2,,16.0,16.0,0.4,0.4,30.0,30.0,data_quality_error,data_quality_error,False,False,False,sugars_greater_than_carbohydrates,0.4112
896931,Organic Oats & Flax Instant Oatmeal,trader joe's,trader joe's,cereals,"Plant-based foods and beverages, Plant-based foods, Breakfasts, Cereals and potatoes, Cereals and their products, Breakfast cereals",en:united-states,US_CANADA,https://images.openfoodfacts.org/images/products/000/000/089/6931/front_en.15.400.jpg,375.0,375.0,12.5,12.5,0.0,0.0,181.25,,68.75,68.75,18.75,18.75,25.0,25.0,2.03125,2.03125,data_quality_error,data_quality_error,False,False,False,nutrient_value_above_100g,218.75
91475041896,Famous Sweet Tea,milo's,milo's,beverages,"Plant-based foods and beverages, Beverages, Hot beverages, Plant-based beverages, Teas, Tea-based beverages, Iced teas",en:united-states,US_CANADA,https://images.openfoodfacts.org/images/products/009/147/504/1896/front_en.43.400.jpg,30.5555555555556,30.5555555555556,0.0,0.0,0.00026,,7.5,7.5,7.22222222222222,7.22222222222222,0.277777777777778,0.277777777777778,0.0,0.0,0.0020833333333333,0.0020833333333333,data_quality_error,data_quality_error,False,False,False,saturated_fat_greater_than_fat,7.5
92825107859,Lite nonfat yogurt,bgc manufacturing,bgc manufacturing,dairies,"Dairies, Fermented foods, Desserts, Fermented milk products, Dairy desserts, Fermented dairy desserts, Yogurts",en:united-states,US_CANADA,,48.0,48.0,0.0,0.0,0.09,,8.81,8.81,4.41,4.41,0.1,0.1,3.08,3.08,0.175,0.175,data_quality_error,data_quality_error,False,False,False,saturated_fat_greater_than_fat,11.89
92825107866,Lite nonfat yogurt,brookshire's,brookshire's,dairies,"Dairies, Fermented foods, Desserts, Fermented milk products, Dairy desserts, Fermented dairy desserts, Yogurts",en:united-states,US_CANADA,,44.0,44.0,0.0,0.0,0.09,,7.93,7.93,3.96,3.96,0.0,0.0,3.08,3.08,0.1875,0.1875,data_quality_error,data_quality_error,False,False,False,saturated_fat_greater_than_fat,11.01
93966009545,Stringles Organic String Cheese,organic valley,organic valley,dairies,en:cheeses,en:united-states,US_CANADA,https://images.openfoodfacts.org/images/products/009/396/600/9545/front_en.27.400.jpg,285.714285714286,285.714285714286,21.4285714285714,21.4285714285714,12.5,12.5,0.0,0.0,4.7847475,,0.0,0.0,25.0,25.0,1.875,1.875,data_quality_error,data_quality_error,False,False,False,sugars_greater_than_carbohydrates,46.4285714285714
979115,Coconut Water,trader joe's,trader joe's,beverages,"Plant-based foods and beverages, Beverages, Plant-based beverages, Coconut waters",en:united-states,US_CANADA,https://images.openfoodfacts.org/images/products/000/000/097/9115/front_en.15.400.jpg,18.75,18.75,0.0,0.0,0.005,,4.58333333333333,4.58333333333333,0.416666666666667,0.416666666666667,0.25,0.25,0.0,0.0,0.046875,0.046875,data_quality_error,data_quality_error,False,False,False,saturated_fat_greater_than_fat,4.58333333333333
99482405861,Organic orange juice,,unknown,beverages,"Plant-based foods and beverages, Beverages, Plant-based beverages",en:france|en:united-states,FRANCE|US_CANADA,https://images.openfoodfacts.org/images/products/009/948/240/5861/front_fr.3.400.jpg,46.0,46.0,0.0,0.0,0.024193548387097,,10.83,10.83,8.75,8.75,0.28,0.28,0.42,0.42,0.0,0.0,data_quality_error,data_quality_error,False,False,False,saturated_fat_greater_than_fat,11.25
99482525354,Organic Sharp Cheddar,365 whole foods market,365 whole foods market,dairies,sliced cheese,en:united-states,US_CANADA,https://images.openfoodfacts.org/images/products/009/948/252/5354/front_en.10.400.jpg,80.0,80.0,7.0,7.0,4.0,4.0,1.0,1.0,4.90226875,,0.0,0.0,5.0,5.0,0.375,0.375,data_quality_error,data_quality_error,False,False,False,sugars_greater_than_carbohydrates,13.0
99482526740,Dark Chocolate,365 whole foods market,365 whole foods market,snacks,en:dark-chocolates,en:united-states,US_CANADA,https://images.openfoodfacts.org/images/products/009/948/252/6740/front_en.15.400.jpg,500.0,500.0,126.953125,,25.0,25.0,50.0,50.0,75.0,,9.375,9.375,9.375,9.375,0.0,0.0,data_quality_error,data_quality_error,False,False,False,nutrient_value_above_100g|sugars_greater_than_carbohydrates,186.328125
1273588,Scottish Whole Rolled Oats,sainsbury's,sainsbury's,cereals,"Plant-based foods and beverages,Plant-based foods,Breakfasts,Cereals and potatoes,Cereals and their products,Breakfast cereals,Flakes,Cereal flakes,Rolled flakes,Rolled oats",en:france|en:switzerland|en:united-kingdom,FRANCE|DACH|UK_IE,https://images.openfoodfacts.org/images/products/000/000/127/3588/front_en.30.400.jpg,634.0,634.0,16.8,,7.0,7.0,86.6,,27.2,27.2,8.4,8.4,29.8,,0.6,0.6,data_quality_error,data_quality_error,False,False,False,macros_exceed_100g,133.2
180127000005,Natural Coconut Water,"zico, zico beverages llc",zico,beverages,"Plant-based foods and beverages, Beverages, Plant-based beverages, en:coconut-waters",en:france|en:united-states|en:world,FRANCE|US_CANADA,https://images.openfoodfacts.org/images/products/018/012/700/0005/front_en.4.400.jpg,18.1818181818182,18.1818181818182,0.0,0.0,0.005,,4.54545454545455,4.54545454545455,3.33333333333333,3.33333333333333,0.25,0.25,0.0,0.0,0.0795454545454545,0.0795454545454545,data_quality_error,data_quality_error,False,False,False,saturated_fat_greater_than_fat,4.54545454545455
1847758,Manchego,"sainsbury's taste the difference, sainsbury's, waitrose, taste the difference",sainsbury's,dairies,"Dairies, Fermented foods, Fermented milk products, Cheeses, Goat cheeses, Sheep's-milk cheeses, Spanish cheeses, Manchego",en:united-kingdom,UK_IE,https://images.openfoodfacts.org/images/products/000/000/184/7758/front_en.15.400.jpg,140.0,140.0,11.0,11.0,8.0,8.0,0.0,0.0,0.5,,0.5,0.5,23.39999961853,23.39999961853,0.0,0.0,data_quality_error,data_quality_error,False,False,False,sugars_greater_than_carbohydrates,34.39999961853
193908005984,Strawberry Bar,rxbar,rxbar,snacks,en:bars,en:united-states,US_CANADA,https://images.openfoodfacts.org/images/products/019/390/800/5984/front_en.21.400.jpg,365.384615384615,365.384615384615,13.4615384615385,13.4615384615385,1.92307692307692,1.92307692307692,46.1538461538462,46.1538461538462,26.9230769230769,26.9230769230769,11.5384615384615,11.5384615384615,23.0769230769231,23.0769230769231,673.076923076923,,data_quality_error,data_quality_error,False,False,False,nutrient_value_above_100g,82.6923076923078
193968053567,STRING CHEESE,member's mark,member's mark,dairies,"Dairies, Fermented foods, Fermented milk products, Cheeses, String cheeses",en:united-states,US_CANADA,https://images.openfoodfacts.org/images/products/019/396/805/3567/front_en.31.400.jpg,208.333333333333,208.333333333333,2.5,2.5,1.5,1.5,1.0,1.0,4.773925,,0.0,0.0,6.0,6.0,0.5,0.5,data_quality_error,data_quality_error,False,False,False,sugars_greater_than_carbohydrates,9.5
194346617739,Frosted Sugar Cookies,freshness guaranteed,freshness guaranteed,snacks,Cookie,en:united-states,US_CANADA,https://images.openfoodfacts.org/images/products/019/434/661/7739/front_en.3.400.jpg,1108.03323684211,,41.5512368421053,41.5512368421053,0.0173130263157895,0.0173130263157895,180.055394736842,,110.803315789474,,,,6.92521052631579,6.92521052631579,,,data_quality_error,data_quality_error,False,False,False,energy_above_900_kcal|nutrient_value_above_100g,228.53184210526308
196633815651,Mini Muffin,kirkland,kirkland,snacks,en:pastries,en:united-states,US_CANADA,https://images.openfoodfacts.org/images/products/019/663/381/5651/front_en.26.400.jpg,190.0,190.0,52.9411764705882,52.9411764705882,8.82352941176471,8.82352941176471,152.941176470588,,100.0,100.0,5.88235294117647,5.88235294117647,17.6470588235294,17.6470588235294,2.94117647058824,2.94117647058824,data_quality_error,data_quality_error,False,False,False,nutrient_value_above_100g,223.5294117647056
196633860934,Mini muffin bites,kirkland,kirkland,snacks,en:pastries,en:united-states,US_CANADA,https://images.openfoodfacts.org/images/products/019/663/386/0934/front_en.96.400.jpg,404.255319148936,404.255319148936,19.1489361702128,19.1489361702128,0.0,0.0,55.3191489361702,55.3191489361702,68.0851063829787,,2.12765957446809,2.12765957446809,4.25531914893617,4.25531914893617,1.06382978723404,1.06382978723404,data_quality_error,data_quality_error,False,False,False,sugars_greater_than_carbohydrates,78.72340425531917
197870159652,Blackberry Lemonade,h-e-b,h-e-b,beverages,"Beverages and beverages preparations,Beverages,Lemonade,Flavored lemonade",en:united-states,US_CANADA,https://images.openfoodfacts.org/images/products/019/787/015/9652/front_en.36.400.jpg,45.8333333333333,45.8333333333333,0.0,0.0,0.0116927083333333,,11.6666666666667,11.6666666666667,11.25,11.25,0.360677083333333,0.360677083333333,0.0,0.0,0.0052083333333333,0.0052083333333333,data_quality_error,data_quality_error,False,False,False,saturated_fat_greater_than_fat,11.6666666666667
198715847345,Movie chocolate salty peanut crunch,a24,a24,snacks,"Snacks,Snacks sucrés,Cacao et dérivés,Confiseries,Confiseries chocolatées,Barres,Barres chocolatées",en:united-states,US_CANADA,https://images.openfoodfacts.org/images/products/019/871/584/7345/front_en.3.400.jpg,571.428571428571,571.428571428571,39.2857142857143,,21.4285714285714,21.4285714285714,57.1428571428571,,50.0,50.0,3.57142857142857,3.57142857142857,10.7142857142857,,0.535714285714286,0.535714285714286,data_quality_error,data_quality_error,False,False,False,macros_exceed_100g,107.14285714285711
199284778092,Longevity Nutrition Bar,novos,novos,snacks,"Snacks,Protein bars,Bodybuilding supplements,Energy bars,Dietary supplements,Plant-based foods,Nut bars,Vegan",en:united-states,US_CANADA,https://images.openfoodfacts.org/images/products/019/928/477/8092/front_en.3.400.jpg,210.0,210.0,10.0,10.0,3.0,3.0,,,5.0,5.0,7.0,7.0,15.0,15.0,450.0,,data_quality_error,data_quality_error,False,False,False,nutrient_value_above_100g,
203377019358,Muffin fruits du jardin x2,leclerc,leclerc,snacks,"Snacks,Sweet snacks,Biscuits and cakes,Cakes,Muffins,Fruit muffins",en:france,FRANCE,https://images.openfoodfacts.org/images/products/020/337/701/9358/front_fr.7.400.jpg,651.0,651.0,31.0,,3.9,3.9,82.0,,40.0,40.0,,,11.0,,0.64,0.64,data_quality_error,data_quality_error,False,False,False,macros_exceed_100g,124.0
204050008539,2 croissants + 2 pains au chocolat,les 3 meuniers,les 3 meuniers,snacks,"Snacks, Snacks sucrés, Viennoiseries, Croissants",en:france,FRANCE,https://images.openfoodfacts.org/images/products/020/405/000/8539/front_fr.3.400.jpg,917.0,,52.0,,34.0,34.0,95.0,,23.0,23.0,,,16.0,,2.1,2.1,data_quality_error,data_quality_error,False,False,False,energy_above_900_kcal|macros_exceed_100g,163.0
219745051035,Tomme de savoie IGP,chabert,chabert,dairies,"fr:Fromage-de-vache-au-lait-cru, en:tomme-cheese-from-cow-s-milk",en:france,FRANCE,https://images.openfoodfacts.org/images/products/021/974/505/1035/front_fr.22.400.jpg,370.0,370.0,30.0,30.0,23.0,23.0,0.0005,0.0005,0.5,,0.0,0.0,25.0,25.0,1.5,1.5,data_quality_error,data_quality_error,False,False,False,sugars_greater_than_carbohydrates,55.0005
246600000006,GORGONZOL.MASCA.LP42%,,unknown,dairies,"Gorgonzola et mascarpone,Gorgonzolas,Mascarpone,Fromages",en:france,FRANCE,https://images.openfoodfacts.org/images/products/024/660/000/0006/front_fr.3.400.jpg,353.6,353.6,33.33,33.33,21.74,21.74,2.2,2.2,2.2675,,0.0,0.0,10.959,10.959,0.84105,0.84105,data_quality_error,data_quality_error,False,False,False,sugars_greater_than_carbohydrates,46.489
250341001000,Caramelised Biscuits Cake,morrisons,morrisons,snacks,Cakes,en:united-kingdom,UK_IE,https://images.openfoodfacts.org/images/products/025/034/100/1000/front_en.12.400.jpg,583.333333333333,583.333333333333,33.3333333333333,33.3333333333333,2.27765069724521,2.27765069724521,61.1111111111111,61.1111111111111,63.7868048878461,,0.436667655706408,0.436667655706408,5.55555555555556,5.55555555555556,0.036378709354105,0.036378709354105,data_quality_error,data_quality_error,False,False,False,sugars_greater_than_carbohydrates,99.99999999999996
3424005,milk chocolate,hershey's,hershey's,snacks,"Snacks, Sweet snacks, Cocoa and its products, Confectioneries, Chocolate candies, Chocolates, Milk chocolates, en:bars",en:united-states,US_CANADA,https://images.openfoodfacts.org/images/products/000/000/342/4005/front_en.83.400.jpg,488.372093023256,488.372093023256,13.0,13.0,18.7,,26.0,26.0,25.0,25.0,2.9,2.9,3.0,3.0,0.2,0.2,data_quality_error,data_quality_error,False,False,False,saturated_fat_greater_than_fat,42.0
374444105172,crackers coco curry,gipnix co 49,gipnix co 49,snacks,"snacks, snacks-sales, amuse-gueules, biscuits-aperitifs",en:france,FRANCE,https://images.openfoodfacts.org/images/products/037/444/410/5172/front_fr.9.400.jpg,461.0,461.0,2e-05,2e-05,0.0051,,55.0,55.0,3.0,3.0,6.59,6.59,12.0,12.0,3.1,3.1,data_quality_error,data_quality_error,False,False,False,saturated_fat_greater_than_fat,67.00002
3873407,Snack Cups BBQ,pringles,pringles,snacks,"Snacks, Salty snacks, Appetizers, Chips and fries, Crisps, Salty snacks made from potato, Stacked extruded potato crisps",en:united-states,US_CANADA,https://images.openfoodfacts.org/images/products/000/000/387/3407/front_en.20.400.jpg,523.809523809524,523.809523809524,33.3333333333333,,7.14285714285714,7.14285714285714,71.4285714285714,,4.76190476190476,4.76190476190476,4.76190476190476,4.76190476190476,4.76190476190476,,1.66666666666667,1.66666666666667,data_quality_error,data_quality_error,False,False,False,macros_exceed_100g,109.52380952380946
417261001903,Cheese Spread Snack Pack,be’s refreshments,bes refreshments,dairies,"en:dairies,en:fermented-milk-products,en:cheeses",en:united-states,US_CANADA,https://images.openfoodfacts.org/images/products/041/726/100/1903/front_en.3.400.jpg,358.208955223881,358.208955223881,201.492537313433,,11.1940298507463,11.1940298507463,25.3731343283582,25.3731343283582,11.1940298507463,11.1940298507463,2.23880597014925,2.23880597014925,8.2089552238806,8.2089552238806,1.82835820895522,1.82835820895522,data_quality_error,data_quality_error,False,False,False,nutrient_value_above_100g,235.0746268656718
454180129868,almond barista milk,alpro,alpro,beverages,"Almond-barista-milk,non dairy milk",en:united-kingdom,UK_IE,https://images.openfoodfacts.org/images/products/045/418/012/9868/front_en.3.400.jpg,25.0,25.0,0.0012,0.0012,1e-07,1e-07,0.0025,0.0025,0.275,,0.0002,0.0002,0.0005,0.0005,8e-05,8e-05,data_quality_error,data_quality_error,False,False,False,sugars_greater_than_carbohydrates,0.0042
4936509,Vanilla Flavored Cola,coca-cola,coca-cola,beverages,"Beverages, Carbonated drinks, Sodas, Colas, Sweetened beverages",en:france|en:united-states,FRANCE|US_CANADA,https://images.openfoodfacts.org/images/products/000/000/493/6509/front_en.70.400.jpg,42.25,42.25,0.0,0.0,,,11.83,11.83,11.83099,,,,0.0,0.0,0.02465,0.02465,data_quality_error,data_quality_error,False,False,False,sugars_greater_than_carbohydrates,11.83
613008720209,Arizona watermelon fruit juice cocktail,,unknown,beverages,"Plant-based foods and beverages, Beverages, Plant-based foods, Fruits and vegetables based foods, Fruits based foods, Plant-based beverages",en:france|en:united-states,FRANCE|US_CANADA,https://images.openfoodfacts.org/images/products/061/300/872/0209/front_en.31.400.jpg,29.16,29.16,0.0,0.0,0.0,0.0,8.33,8.33,25.0,,0.0,0.0,0.0,0.0,0.0,0.0,data_quality_error,data_quality_error,False,False,False,sugars_greater_than_carbohydrates,8.33
6260361,fat free natural cottage cheese,"sainsbury, sainsbury's, by sainsbury's, sainsburys",sainsbury,dairies,"Dairies, Fermented foods, Fermented milk products, Cheeses, Fresh cheeses",en:united-kingdom,UK_IE,https://images.openfoodfacts.org/images/products/000/000/626/0361/front_en.10.400.jpg,76.2,76.2,0.333333333333333,0.333333333333333,18.14176,,7.4,7.4,7.4,7.4,0.333333333333333,0.333333333333333,10.7333333333333,10.7333333333333,0.426666666666667,0.426666666666667,data_quality_error,data_quality_error,False,False,False,saturated_fat_greater_than_fat,18.466666666666633
628634270042,Maamoul aux pistaches,zaitoune,zaitoune,snacks,"Snacks, Snacks sucrés, Biscuits et gâteaux, Pâtisseries",en:france,FRANCE,https://images.openfoodfacts.org/images/products/062/863/427/0042/front_fr.3.400.jpg,0.575,0.575,43.0,,11.55,11.55,50.550390625,,22.4,22.4,7.7,7.7,11.6,,0.015,0.015,data_quality_error,data_quality_error,False,False,False,macros_exceed_100g,105.150390625
633148599305,Tajin exprimidor,tajín clasico,tajin clasico,beverages,"Beverages, Alcoholic beverages",en:france|en:united-states|en:world,FRANCE|US_CANADA,https://images.openfoodfacts.org/images/products/063/314/859/9305/front_en.11.400.jpg,200.0,200.0,0.0,0.0,0.33,,0.0,0.0,0.0,0.0,,,0.0,0.0,46.25,46.25,data_quality_error,data_quality_error,False,False,False,saturated_fat_greater_than_fat,0.0
637796404448,Shortbread Cookies,quickbury,quickbury,snacks,"Snacks,Sweet snacks,Biscuits and cakes,Biscuits and crackers,Biscuits,Shortbread cookies,Shortbread",en:united-kingdom,UK_IE,https://images.openfoodfacts.org/images/products/063/779/640/4448/front_en.17.400.jpg,540.0,540.0,30.5,,13.5,13.5,70.0,,20.0,20.0,2.5,2.5,5.0,,0.3925,0.3925,data_quality_error,data_quality_error,False,False,False,macros_exceed_100g,105.5
644225730269,S'mores,power crunch,power crunch,snacks,Protein Energy Bars,en:united-states,US_CANADA,https://images.openfoodfacts.org/images/products/064/422/573/0269/front_en.19.400.jpg,550.0,550.0,87.5,,43.75,43.75,68.75,,31.25,31.25,6.25,6.25,81.25,,2.03125,2.03125,data_quality_error,data_quality_error,False,False,False,macros_exceed_100g,237.5
644225758713,Power crunch protein energy bar,bio nutritional research group,bio,snacks,"Dietary supplements, Bodybuilding supplements, Protein bars, en:protein-energy-bars",en:united-states,US_CANADA,https://images.openfoodfacts.org/images/products/064/422/575/8713/front_en.3.400.jpg,550.0,550.0,35.0,35.0,17.5,17.5,,,12.5,12.5,2.5,2.5,32.5,32.5,300.0,,data_quality_error,data_quality_error,False,False,False,nutrient_value_above_100g,
645860003565,,britt,britt,snacks,"Snacks, Sweet snacks, Cocoa and its products, Chocolates, en:chocolate-candies",en:france,FRANCE,https://images.openfoodfacts.org/images/products/064/586/000/3565/front_en.15.400.jpg,533.333333333333,533.333333333333,30.0,30.0,13.3333333333333,13.3333333333333,53.3333333333333,53.3333333333333,33.3333333333333,33.3333333333333,6.66666666666667,6.66666666666667,10.0,10.0,208.333333333333,,data_quality_error,data_quality_error,False,False,False,nutrient_value_above_100g,93.3333333333333
665291006539,Organic Authentic Greek Sheep & Goat'S Milk Feta Cheese,mt vikos,mt vikos,dairies,"Dairies,Fermented foods,Fermented milk products,Cheeses",en:united-states,US_CANADA,https://images.openfoodfacts.org/images/products/066/529/100/6539/front_en.5.400.jpg,285.714285714286,285.714285714286,25.0,25.0,17.8571428571429,17.8571428571429,0.0,0.0,4.878235,,0.0,0.0,14.2857142857143,14.2857142857143,2.5,2.5,data_quality_error,data_quality_error,False,False,False,sugars_greater_than_carbohydrates,39.2857142857143
671372300892,Original Ginger Snaps,shasha,shasha,snacks,"Plant-based foods and beverages,Plant-based foods,Snacks,Sweet snacks,Biscuits and cakes,Biscuits",en:united-kingdom,UK_IE,https://images.openfoodfacts.org/images/products/067/137/230/0892/front_en.3.400.jpg,531.0,531.0,15.0,,4.5,4.5,90.0,,34.0,34.0,3.0,3.0,9.0,,0.24,0.24,data_quality_error,data_quality_error,False,False,False,macros_exceed_100g,114.0
673803080694,Premium cheese slices,,unknown,dairies,Sliced cheeses,en:united-states,US_CANADA,https://images.openfoodfacts.org/images/products/067/380/308/0694/front_en.3.400.jpg,80.0,80.0,6.0,6.0,4.0,4.0,,,0.0,0.0,0.0,0.0,5.0,5.0,312.5,,data_quality_error,data_quality_error,False,False,False,nutrient_value_above_100g,
680275059103,6 mélanges d'infusions et thés biologiques,english tea shop,english tea shop,beverages,"Aliments et boissons à base de végétaux, Boissons, Boissons chaudes, Boissons à base de végétaux, Infusions",en:france,FRANCE,https://images.openfoodfacts.org/images/products/068/027/505/9103/front_fr.9.400.jpg,1.0,1.0,0.0,0.0,0.0,0.0,0.0,0.0,0.2,,0.0,0.0,0.1,0.1,0.0,0.0,data_quality_error,data_quality_error,False,False,False,sugars_greater_than_carbohydrates,0.1
697068520115,Organic Orange Juice,uncle matt's,uncle matt's,beverages,"Plant-based foods and beverages, Beverages, Plant-based beverages, Fruit-based beverages, Juices and nectars, Fruit juices, Orange juices",en:united-states,US_CANADA,https://images.openfoodfacts.org/images/products/069/706/852/0115/front_en.20.400.jpg,45.8333333333333,45.8333333333333,0.0,0.0,0.053,,10.8333333333333,10.8333333333333,9.16666666666667,9.16666666666667,0.28,0.28,0.833333333333333,0.833333333333333,0.012,0.012,data_quality_error,data_quality_error,False,False,False,saturated_fat_greater_than_fat,11.666666666666632
708163260933,Classic Sea Salt Kettle Style Potato Chips,boulder canyon,boulder canyon,snacks,en:potato-chips,en:norway|en:united-states|en:world,NORDICS|US_CANADA,https://images.openfoodfacts.org/images/products/070/816/326/0933/front_en.8.400.jpg,535.714285714286,535.714285714286,32.1428571428571,32.1428571428571,5.35714285714286,5.35714285714286,57.1428571428571,57.1428571428571,0.0,0.0,3.57142857142857,3.57142857142857,10.7142857142857,10.7142857142857,1071.42857142857,,data_quality_error,data_quality_error,False,False,False,nutrient_value_above_100g,99.99999999999991
708820489448,"Meijer, greek strained nonfat yogurt, black cherry",meijer,meijer,dairies,"Dairies, Fermented foods, Desserts, Fermented milk products, Dairy desserts, Fermented dairy desserts, Yogurts, Greek-style yogurts",en:united-states,US_CANADA,,67.0,67.0,0.0,0.0,0.059126,,9.33,9.33,8.67,8.67,0.7,0.7,8.0,8.0,0.1175,0.1175,data_quality_error,data_quality_error,False,False,False,saturated_fat_greater_than_fat,17.33
7117657,Baked,"lays, lay's",lays,snacks,en:potato-crisps,en:united-states,US_CANADA,https://images.openfoodfacts.org/images/products/000/000/711/7657/front_en.3.400.jpg,1100.0,,40.0,40.0,5.0,5.0,170.0,,20.0,20.0,10.0,10.0,20.0,20.0,3.0,3.0,data_quality_error,data_quality_error,False,False,False,energy_above_900_kcal|nutrient_value_above_100g,230.0
722252702067,ZBAR,clif kid,clif,snacks,en:bars,en:united-states,US_CANADA,https://images.openfoodfacts.org/images/products/072/225/270/2067/front_en.32.400.jpg,612.052730696798,612.052730696798,18.8323917137476,18.8323917137476,0.0,0.0,117.702448210923,,0.0,0.0,0.0,0.0,14.1242937853107,14.1242937853107,1.35357815442561,1.35357815442561,data_quality_error,data_quality_error,False,False,False,nutrient_value_above_100g,150.6591337099813
722430200484,GINGERADE,synergy,synergy,beverages,"Beverages, Fermented foods, Fermented drinks, Tea-based beverages, Kombuchas",en:united-states,US_CANADA,https://images.openfoodfacts.org/images/products/072/243/020/0484/front_en.27.400.jpg,10.6,10.6,0.0,0.0,,,2.54,2.54,9.0,,,,0.0,0.0,,,data_quality_error,data_quality_error,False,False,False,sugars_greater_than_carbohydrates,2.54
725341192138,Organic Orange Juice,natalie's,natalie's,beverages,"Plant-based foods and beverages, Beverages, Plant-based beverages",en:united-states|en:world,US_CANADA,https://images.openfoodfacts.org/images/products/072/534/119/2138/front_en.3.400.jpg,46.4943276920216,46.4943276920216,0.0,0.0,0.005,,10.9895683635687,10.9895683635687,8.87618983211321,8.87618983211321,2.7,2.7,0.84535141258221,0.84535141258221,0.0063,0.0063,data_quality_error,data_quality_error,False,False,False,saturated_fat_greater_than_fat,11.83491977615091
725341431121,Orange Beet,natalie’s,natalies,beverages,"en:beverages-and-beverages-preparations,en:beverages,en:plant-based-beverages,en:smoothies,en:fruit-smoothies",en:united-states,US_CANADA,https://images.openfoodfacts.org/images/products/072/534/143/1121/front_en.8.400.jpg,45.0854086710512,45.0854086710512,0.140891902097035,0.140891902097035,0.0,0.0,0.84535141258221,0.84535141258221,8.73529793001617,,0.28178380419407,0.28178380419407,0.84535141258221,0.84535141258221,0.0422675706291105,0.0422675706291105,data_quality_error,data_quality_error,False,False,False,sugars_greater_than_carbohydrates,1.831594727261455
728119098878,Panettone,international delicacies inc.,international delicacies inc.,snacks,"Plant-based foods and beverages, Plant-based foods, Snacks, Cereals and potatoes, Sweet snacks, Breads, Viennoiseries, Brioches, Panettone",en:united-states,US_CANADA,,380.0,380.0,8.0,8.0,10.0,,56.0,56.0,26.0,26.0,2.0,2.0,6.0,6.0,0.475,0.475,data_quality_error,data_quality_error,False,False,False,saturated_fat_greater_than_fat,70.0
728633112050,Velouté Nature,danone,danone,dairies,"Produits laitiers, Produits fermentés, Desserts, Produits laitiers fermentés, Desserts lactés, Desserts lactés fermentés, Yaourts, Desserts lactés fermentés nature, Yaourts natures",en:france,FRANCE,https://images.openfoodfacts.org/images/products/072/863/311/2050/front_fr.3.400.jpg,75.0,75.0,6.967605,6.967605,1.9,1.9,4.338485,4.338485,6.3,,0.0,0.0,4.4,4.4,0.11,0.11,data_quality_error,data_quality_error,False,False,False,sugars_greater_than_carbohydrates,15.70609
738960197316,guava pink nectar,tazaah,tazaah,beverages,"Juice, drink",en:united-states,US_CANADA,https://images.openfoodfacts.org/images/products/073/896/019/7316/front_en.5.400.jpg,47.9166666666667,47.9166666666667,0.0,0.0,0.0,0.0,120.416666666667,,11.6666666666667,11.6666666666667,0.0,0.0,0.0,0.0,0.015625,0.015625,data_quality_error,data_quality_error,False,False,False,nutrient_value_above_100g,120.416666666667
748729220032,Cool Plus Plain,epoca cool plus,epoca cool plus,dairies,"Dairies,Milks",en:united-states,US_CANADA,https://images.openfoodfacts.org/images/products/074/872/922/0032/front_en.13.400.jpg,45.0,45.0,0.0,0.0,0.0,0.0,9.0,9.0,14.52,,0.0,0.0,1.61,1.61,0.040325,0.040325,data_quality_error,data_quality_error,False,False,False,sugars_greater_than_carbohydrates,10.61
749650350003,Ginger tea,,unknown,beverages,"Plant-based foods and beverages, Beverages, Hot beverages, Plant-based beverages, Teas, Tea bags",en:france|en:united-states,FRANCE|US_CANADA,,1.0,1.0,0.0,0.0,0.09,,0.42,0.42,1.0,,2.7,2.7,0.0,0.0,0.0,0.0,data_quality_error,data_quality_error,False,False,False,sugars_greater_than_carbohydrates|saturated_fat_greater_than_fat,0.42
751746032120,Ovaltine Rich Chocolate Flavor,ovaltine,ovaltine,dairies,"Beverages and beverages preparations, Beverages, Dairies, Cocoa and its products, Beverage preparations, Dairy drinks, Dried products, Dried products to be rehydrated, Flavoured milks, Cocoa and chocolate powders, Instant beverages, Unsweetened beverages, Dehydrated beverages, Instant chocolate powders, Sweetened beverages, en:chocolate-milks",en:united-states,US_CANADA,https://images.openfoodfacts.org/images/products/075/174/603/2120/front_en.63.400.jpg,1272.72727272727,,22.7272727272727,22.7272727272727,13.6363636363636,13.6363636363636,200.0,,200.0,,0.0,0.0,72.7272727272727,72.7272727272727,2.84090909090909,2.84090909090909,data_quality_error,data_quality_error,False,False,False,energy_above_900_kcal|nutrient_value_above_100g,295.4545454545454
760295004281,Stellar Pretzel Thins Sea Salt,stellar,stellar,snacks,"Snacks, Salty snacks, Appetizers, Biscuits and crackers, Crackers (Appetizers), Pretzel, en:biscuits",en:united-states,US_CANADA,https://images.openfoodfacts.org/images/products/076/029/500/4281/front_en.16.400.jpg,32142.8571428571,,357.142857142857,,0.0,0.0,7142.85714285714,,0.0,0.0,1071.42857142857,,714.285714285714,,151.785714285714,,data_quality_error,data_quality_error,False,False,False,energy_above_900_kcal|nutrient_value_above_100g,8214.285714285712
760941202023,Chinese twist cruller,twin marquis,twin marquis,snacks,"Snacks,Sweet snacks,Biscuits and cakes,Pastries",en:united-states,US_CANADA,https://images.openfoodfacts.org/images/products/076/094/120/2023/front_en.3.400.jpg,421.052631578947,421.052631578947,18.4210526315789,18.4210526315789,2.63157894736842,2.63157894736842,55.2631578947368,55.2631578947368,0.0,0.0,0.0,0.0,7.89473684210526,7.89473684210526,822.368421052632,,data_quality_error,data_quality_error,False,False,False,nutrient_value_above_100g,81.57894736842096
762111614643,Mango And Pineapple Overnight Oats,starbucks,starbucks,dairies,"Plant-based foods and beverages, Plant-based foods, Breakfasts, Cereals and potatoes, Cereals and their products, Breakfast cereals, Cereals with fruits, Porridge, Porridge with fruits, en:fruit-yogurts",en:united-kingdom,UK_IE,https://images.openfoodfacts.org/images/products/076/211/161/4643/front_en.14.400.jpg,154.0,154.0,4.9,4.9,7.722,,23.0,23.0,2.2556,2.2556,7.892,7.892,3.1,3.1,0.016964,0.016964,data_quality_error,data_quality_error,False,False,False,saturated_fat_greater_than_fat,31.0
762357101990,Mighty Watermelon,evolution fresh,evolution fresh,beverages,"Plant-based foods and beverages, Beverages, Plant-based beverages",en:united-states|en:world,US_CANADA,https://images.openfoodfacts.org/images/products/076/235/710/1990/front_en.11.400.jpg,36.9230769230769,36.9230769230769,0.0,0.0,0.01325,,8.92,8.92,7.68984615384615,7.68984615384615,0.62,0.62,0.307692307692308,0.307692307692308,0.0078,0.0078,data_quality_error,data_quality_error,False,False,False,saturated_fat_greater_than_fat,9.227692307692308
764453266405,,,unknown,dairies,Fromage,en:france,FRANCE,https://images.openfoodfacts.org/images/products/076/445/326/6405/front_fr.3.400.jpg,310.0,310.0,17.0,17.0,0.10846,0.10846,0.0,0.0,4.86098,,0.0,0.0,19.0,19.0,1.4,1.4,data_quality_error,data_quality_error,False,False,False,sugars_greater_than_carbohydrates,36.0
767707001067,Pure Irish Butter Salted,kerrygold,kerrygold,dairies,"Dairies, Fats, Spreads, Spreadable fats, Animal fats, Milkfat, Dairy-spread, Butters, Salted butters, Sweet cream butters",en:united-states|en:world,US_CANADA,https://images.openfoodfacts.org/images/products/076/770/700/1067/front_en.77.400.jpg,714.285714285714,714.285714285714,78.5714285714286,78.5714285714286,50.0,50.0,0.0,0.0,2.7665375,,1.3882625,1.3882625,0.0,0.0,1.78571428571429,1.78571428571429,data_quality_error,data_quality_error,False,False,False,sugars_greater_than_carbohydrates,78.5714285714286
767707001180,Dubliner,kerrygold,kerrygold,dairies,"Dairies, Fermented foods, Fermented milk products, Cheeses",en:united-states|en:world,US_CANADA,https://images.openfoodfacts.org/images/products/076/770/700/1180/front_en.24.400.jpg,392.857142857143,392.857142857143,32.1428571428571,32.1428571428571,21.4285714285714,21.4285714285714,0.0,0.0,4.89117625,,0.0,0.0,25.0,25.0,1.875,1.875,data_quality_error,data_quality_error,False,False,False,sugars_greater_than_carbohydrates,57.1428571428571
767707002149,Salted Irish Butter,kerrygold,kerrygold,dairies,"Fats, en:butters",en:united-states|en:world,US_CANADA,https://images.openfoodfacts.org/images/products/076/770/700/2149/front_en.12.400.jpg,714.285714285714,714.285714285714,78.5714285714286,78.5714285714286,50.0,50.0,0.0,0.0,2.7665375,,1.3882625,1.3882625,0.0,0.0,1.78571428571429,1.78571428571429,data_quality_error,data_quality_error,False,False,False,sugars_greater_than_carbohydrates,78.5714285714286
767707013824,Dubliner Cheese Snacks,kerrygold,kerrygold,dairies,"Dairies, Fermented foods, Fermented milk products, Cheeses",en:united-states|en:world,US_CANADA,https://images.openfoodfacts.org/images/products/076/770/701/3824/front_en.18.400.jpg,380.952380952381,380.952380952381,33.3333333333333,33.3333333333333,19.047619047619,19.047619047619,0.0,0.0,4.90042,,0.0,0.0,23.8095238095238,23.8095238095238,1.9047619047619,1.9047619047619,data_quality_error,data_quality_error,False,False,False,sugars_greater_than_carbohydrates,57.142857142857096
767707013831,AGED CHEESE SNACKS,kerrygold,kerrygold,dairies,"Dairies, Fermented foods, Fermented milk products, Cheeses, Cow cheeses",en:united-states|en:world,US_CANADA,https://images.openfoodfacts.org/images/products/076/770/701/3831/front_en.23.400.jpg,428.571428571429,428.571428571429,33.3333333333333,33.3333333333333,23.8095238095238,23.8095238095238,0.0,0.0,4.90226875,,0.0,0.0,23.8095238095238,23.8095238095238,1.78571428571429,1.78571428571429,data_quality_error,data_quality_error,False,False,False,sugars_greater_than_carbohydrates,57.142857142857096
767707014944,Pure Irish Butter,kerrygold,kerrygold,dairies,en:butter,en:united-states,US_CANADA,https://images.openfoodfacts.org/images/products/076/770/701/4944/front_en.14.400.jpg,714.285714285714,714.285714285714,78.5714285714286,78.5714285714286,50.0,50.0,0.0,0.0,2.7692375,,1.386525,1.386525,0.0,0.0,1.78571428571429,1.78571428571429,data_quality_error,data_quality_error,False,False,False,sugars_greater_than_carbohydrates,78.5714285714286
7681000,Roast Chicken,walkers,walkers,snacks,Crisp,en:united-kingdom,UK_IE,https://images.openfoodfacts.org/images/products/000/000/768/1000/front_en.3.400.jpg,508.0,508.0,29.0,29.0,202.0,,53.0,53.0,1.6,1.6,4.6,4.6,6.1,6.1,0.65,0.65,data_quality_error,data_quality_error,False,False,False,saturated_fat_greater_than_fat,88.1
7826405,Cream Soda,a&w,a&w,beverages,"Beverages, Carbonated drinks, Sodas",en:france,FRANCE,https://images.openfoodfacts.org/images/products/000/000/782/6405/front_en.39.400.jpg,47.88,47.88,0.0,0.0,0.0,0.0,12.95,12.95,12.95775,,,,0.0,0.0,0.0493,0.0493,data_quality_error,data_quality_error,False,False,False,sugars_greater_than_carbohydrates,12.95
786162507006,"Glaceau smartwater, vapor distilled water",glaceau,glaceau,beverages,"Beverages, Waters",en:france|en:united-states,FRANCE|US_CANADA,https://images.openfoodfacts.org/images/products/078/616/250/7006/front_fr.4.400.jpg,0.0,0.0,0.0,0.0,1.0,,0.0,0.0,1.0,,,,0.0,0.0,0.0,0.0,data_quality_error,data_quality_error,False,False,False,sugars_greater_than_carbohydrates|saturated_fat_greater_than_fat,0.0
794522002214,Green Ginger Tea,"tazo,unilever",tazo,beverages,"Beverages and beverages preparations,Plant-based foods and beverages,Beverages,Hot beverages,Plant-based beverages,Beverage preparations,Teas,Green teas,Herbal teas,Capsules,Herbal teas in tea bags,Tea capsules",en:canada|en:united-states,US_CANADA,https://images.openfoodfacts.org/images/products/079/452/200/2214/front_en.32.400.jpg,0.0,0.0,0.0,0.0,0.00225,,0.0,0.0,0.025,,0.0675,0.0675,0.0,0.0,0.0,0.0,data_quality_error,data_quality_error,False,False,False,sugars_greater_than_carbohydrates|saturated_fat_greater_than_fat,0.0
794522002245,"Awake English Breakfast, Black",tazo,tazo,beverages,"Beverages and beverages preparations,Plant-based foods and beverages,Beverages,Hot beverages,Plant-based beverages,Teas,Black teas,English-breakfast-tea,Tazo-awake-individually-wrapped-servings,Fermented Darjeeling Tea.,Fermented Darjeeling Tea in Pouches.",en:canada|en:united-states,US_CANADA,https://images.openfoodfacts.org/images/products/079/452/200/2245/front_en.9.400.jpg,1.2,1.2,0.0,0.0,0.002,,0.0,0.0,0.0,0.0,0.0,0.0,0.4,0.4,0.0075,0.0075,data_quality_error,data_quality_error,False,False,False,saturated_fat_greater_than_fat,0.4
795847982380,0795847982380,al suwissria,al suwissria,snacks,Candy chocolate bars,en:france,FRANCE,https://images.openfoodfacts.org/images/products/079/584/798/2380/front_en.3.400.jpg,103.0,103.0,0.0,0.0,3.0,,12.2,12.2,9.2,9.2,0.01,0.01,1.54,1.54,0.375,0.375,data_quality_error,data_quality_error,False,False,False,saturated_fat_greater_than_fat,13.739999999999998
797734166767,"Greek Yogurt, Mixed Berry",atlantafresh,atlantafresh,dairies,"Dairies, Fermented foods, Desserts, Fermented milk products, Dairy desserts, Fermented dairy desserts, Yogurts, Greek-style yogurts",en:united-states,US_CANADA,,74.0,74.0,0.0,0.0,0.0782528409090909,,10.71,10.71,8.11309659090909,8.11309659090909,1.49261363636364,1.49261363636364,8.33,8.33,0.0626136363636364,0.0626136363636364,data_quality_error,data_quality_error,False,False,False,saturated_fat_greater_than_fat,19.04
797734166859,"Non-Fat Greek Yogurt, Black Cherry & Port Wine",atlantafresh,atlantafresh,dairies,"Dairies, Fermented foods, Desserts, Fermented milk products, Dairy desserts, Fermented dairy desserts, Yogurts, Greek-style yogurts",en:united-states,US_CANADA,,77.0,77.0,0.0,0.0,0.061765625,,11.31,11.31,16.505125,,0.405,0.405,8.33,8.33,0.0628428125,0.0628428125,data_quality_error,data_quality_error,False,False,False,sugars_greater_than_carbohydrates|saturated_fat_greater_than_fat,19.64
797734166958,"Greek Yogurt, Vanilla",atlantafresh,atlantafresh,dairies,"Dairies, Fermented foods, Desserts, Fermented milk products, Dairy desserts, Fermented dairy desserts, Yogurts, Greek-style yogurts, Vanilla yogurt",en:united-states,US_CANADA,,95.0,95.0,1.49,1.49,2.5855,,13.1,13.1,29.900875,,0.156375,0.156375,8.93,8.93,0.05395875,0.05395875,data_quality_error,data_quality_error,False,False,False,sugars_greater_than_carbohydrates|saturated_fat_greater_than_fat,23.52
797734168006,Greek Yogurt,greek pastures,greek pastures,dairies,"Dairies, Fermented foods, Desserts, Fermented milk products, Dairy desserts, Fermented dairy desserts, Yogurts, Greek-style yogurts",en:united-states,US_CANADA,,74.0,74.0,0.0,0.0,0.0782528409090909,,10.71,10.71,8.11309659090909,8.11309659090909,1.49261363636364,1.49261363636364,8.33,8.33,0.0626136363636364,0.0626136363636364,data_quality_error,data_quality_error,False,False,False,saturated_fat_greater_than_fat,19.04
797734168105,"Greekpastures, Non-Fat Greek Yogurt, Black Cherry & Port Wine",bar codes talk inc.,bar codes talk inc.,dairies,"Dairies, Fermented foods, Desserts, Fermented milk products, Dairy desserts, Fermented dairy desserts, Yogurts, Greek-style yogurts",en:united-states,US_CANADA,,77.0,77.0,0.0,0.0,0.0612784090909091,,11.31,11.31,16.6220454545455,,0.409090909090909,0.409090909090909,8.33,8.33,0.0623664772727273,0.0623664772727273,data_quality_error,data_quality_error,False,False,False,sugars_greater_than_carbohydrates|saturated_fat_greater_than_fat,19.64
804798001009,Byron Bay Chilli Co Byron Bay Chilli Heavenly Habanero Sauce,byron bay chilli co.,byron bay chilli co.,beverages,"Beverages, Condiments, Sauces, Sweetened beverages, Groceries",en:france,FRANCE,https://images.openfoodfacts.org/images/products/080/479/800/1009/front_en.4.400.jpg,31.07,31.07,0.0,0.0,0.03981,,6.0,6.0,6.0,6.0,0.82,0.82,1.0,1.0,2.925,2.925,data_quality_error,data_quality_error,False,False,False,saturated_fat_greater_than_fat,7.0
805974204306,"Super serum protein, natural vanilla",paleoethics,paleoethics,beverages,"Beverages, Dried products, Dried products to be rehydrated, Dehydrated beverages",en:france|en:united-states,FRANCE|US_CANADA,https://images.openfoodfacts.org/images/products/080/597/420/4306/front_fr.4.400.jpg,381.0,381.0,2.38,2.38,2.86,,9.52,9.52,0.0,0.0,0.0,0.0,85.71,85.71,1.5475,1.5475,data_quality_error,data_quality_error,False,False,False,saturated_fat_greater_than_fat,97.60999999999999
810063710767,,poppi,poppi,beverages,Beverage,en:united-states,US_CANADA,https://images.openfoodfacts.org/images/products/081/006/371/0767/front_en.6.400.jpg,35.0,35.0,0.0,0.0,0.00037605615,,1.40845,1.40845,0.84507,0.84507,0.56338,0.56338,0.0,0.0,0.0,0.0,data_quality_error,data_quality_error,False,False,False,saturated_fat_greater_than_fat,1.40845
810124603663,Miku's Sweet Melodies Rock Candy GFUEL,gfuel,gfuel,beverages,Energy drinks,en:united-states,US_CANADA,https://images.openfoodfacts.org/images/products/081/012/460/3663/front_en.19.400.jpg,214.285714285714,214.285714285714,,,,,,,0.0,0.0,,,,,2821.42857142857,,data_quality_error,data_quality_error,False,False,False,nutrient_value_above_100g,
810187450068,organic FRUIT JERKY,solely,solely,snacks,en:confectioneries,en:united-states,US_CANADA,https://images.openfoodfacts.org/images/products/081/018/745/0068/front_en.18.400.jpg,347.826086956522,347.826086956522,0.0,0.0,0.0296666666666667,,73.9130434782609,73.9130434782609,65.2173913043478,65.2173913043478,4.34782608695652,4.34782608695652,4.34782608695652,4.34782608695652,0.0,0.0,data_quality_error,data_quality_error,False,False,False,saturated_fat_greater_than_fat,78.26086956521742
810571032061,Veggie Straws Made With Avocado Oil,from the ground up,from the ground up,snacks,"Plant-based foods and beverages, Plant-based foods, Fats, Vegetable fats, Vegetable oils, Fruit and fruit seed oils, Avocado oils, Veggie straws, en:crisps",en:united-states,US_CANADA,https://images.openfoodfacts.org/images/products/081/057/103/2061/front_en.18.400.jpg,1658.16326530612,,89.2857142857143,89.2857142857143,12.7551020408163,12.7551020408163,204.081632653061,,12.7551020408163,12.7551020408163,12.7551020408163,12.7551020408163,12.7551020408163,12.7551020408163,7.015306122449,7.015306122449,data_quality_error,data_quality_error,False,False,False,energy_above_900_kcal|nutrient_value_above_100g,306.1224489795916
810607020710,Sweet & Salty Kettle Corn,popcorners,popcorners,snacks,"Snacks, Salty snacks, Appetizers, Chips and fries, Crisps, Corn chips",en:united-states|en:world,US_CANADA,https://images.openfoodfacts.org/images/products/081/060/702/0710/front_en.44.400.jpg,464.285714285714,464.285714285714,15.3846153846154,,0.0,0.0,84.6153846153846,,0.0,0.0,0.0,0.0,7.69230769230769,,1.05769230769231,1.05769230769231,data_quality_error,data_quality_error,False,False,False,macros_exceed_100g,107.6923076923077
811130034816,Protein creamer salted caramel,nurri,nurri,dairies,"en:dairies,en:compound-dairy-creams",en:united-states,US_CANADA,https://images.openfoodfacts.org/images/products/081/113/003/4816/front_en.3.400.jpg,133.333333333333,133.333333333333,10.0,10.0,6.66666666666667,6.66666666666667,6.66666666666667,6.66666666666667,273.333333333333,,0.0,0.0,6.66666666666667,6.66666666666667,0.416666666666667,0.416666666666667,data_quality_error,data_quality_error,False,False,False,sugars_greater_than_carbohydrates,23.33333333333334
818290013125,"Chobani, simply 100, non-fat greek yogurt, black cherry blended",chobani,chobani,dairies,"Dairies, Fermented foods, Desserts, Fermented milk products, Dairy desserts, Fermented dairy desserts, Yogurts",en:united-states,US_CANADA,,80.0,80.0,0.0,0.0,0.528244526110197,,11.3333333333333,11.3333333333333,4.66666666666667,4.66666666666667,3.33333333333333,3.33333333333333,8.0,8.0,0.108331666666667,0.108331666666667,data_quality_error,data_quality_error,False,False,False,saturated_fat_greater_than_fat,19.3333333333333
818290015624,Strawberries & Cream,chobani,chobani,dairies,"en:dairies,en:fermented-milk-products,en:fermented-milk-drinks,en:yogurt-drinks,en:yogurt-drinks-without-sugar",en:united-states,US_CANADA,https://images.openfoodfacts.org/images/products/081/829/001/5624/front_en.164.400.jpg,55.5555555555556,55.5555555555556,0.97,0.97,0.6,0.6,4.35,4.35,12.0,,0.0,0.0,7.25,7.25,0.000375,0.000375,data_quality_error,data_quality_error,False,False,False,sugars_greater_than_carbohydrates,12.57
818617020881,IMMUNITY TURMERIC PINEAPPLE,suja organic,suja,beverages,"Beverages and beverages preparations,Plant-based foods and beverages,Beverages,Plant-based beverages,Non-alcoholic beverages,Fruit and vegetable shots,Turmeric shots,Juices and nectars",en:france|en:world,FRANCE,https://images.openfoodfacts.org/images/products/081/861/702/0881/front_en.29.400.jpg,33.8983050847458,33.8983050847458,0.0,0.0,0.06953203125,,8.47457627118644,8.47457627118644,6.77966101694915,6.77966101694915,0.0,0.0,0.0,0.0,0.0423728813559323,0.0423728813559323,data_quality_error,data_quality_error,False,False,False,saturated_fat_greater_than_fat,8.47457627118644
818617021765,Lemon Ginger Pineapple,suja,suja,beverages,"Plant-based foods and beverages, Beverages, Plant-based beverages",en:united-states|en:world,US_CANADA,https://images.openfoodfacts.org/images/products/081/861/702/1765/front_en.4.400.jpg,4.23728813559322,4.23728813559322,0.0,0.0,0.1021875,,1.12994350282486,1.12994350282486,0.564971751412429,0.564971751412429,1.14583333333333,1.14583333333333,0.0,0.0,0.0105932203389831,0.0105932203389831,data_quality_error,data_quality_error,False,False,False,saturated_fat_greater_than_fat,1.12994350282486
822486237110,Kettle Cooked Potato Chips: Sea Salt & Vinegar Flavored,cobblestreet mkt.,cobblestreet mkt.,snacks,"Kettle Chips, en:potato-crisps",en:united-states,US_CANADA,https://images.openfoodfacts.org/images/products/082/248/623/7110/front_en.11.400.jpg,,,11.0,11.0,1.5,1.5,,,2.0,2.0,1.0,1.0,2.0,2.0,650.0,,data_quality_error,data_quality_error,False,False,False,nutrient_value_above_100g,
8235459,Smooth Orange Juice,tropicana,tropicana,beverages,"Plant-based foods and beverages, Beverages, Plant-based beverages, Fruit-based beverages, Juices and nectars, Fruit juices",en:united-kingdom,UK_IE,https://images.openfoodfacts.org/images/products/000/000/823/5459/front_en.4.400.jpg,41.7333333333333,41.7333333333333,0.0,0.0,0.053,,9.33333333333333,9.33333333333333,8.66666666666667,8.66666666666667,0.6,0.6,0.8,0.8,0.0,0.0,data_quality_error,data_quality_error,False,False,False,saturated_fat_greater_than_fat,10.133333333333331
830028000849,Chewing gum,pur,pur,snacks,"Snacks, Sweet snacks, Confectioneries, en:chewing-gum",en:france|en:united-states,FRANCE|US_CANADA,https://images.openfoodfacts.org/images/products/083/002/800/0849/front_en.14.400.jpg,179.0,179.0,0.0,0.0,1.3,,71.43,71.43,0.1,0.1,,,0.0,0.0,0.0,0.0,data_quality_error,data_quality_error,False,False,False,saturated_fat_greater_than_fat,71.43
833911002579,Queso fresco peruano fresh cheese,,unknown,dairies,"Dairies, Fermented foods, Fermented milk products, Cheeses",en:united-states,US_CANADA,https://images.openfoodfacts.org/images/products/083/391/100/2579/front_en.4.400.jpg,250.0,250.0,17.86,17.86,12.5,12.5,3.57,3.57,4.872812,,0.0,0.0,21.43,21.43,1.16,1.16,data_quality_error,data_quality_error,False,False,False,sugars_greater_than_carbohydrates,42.86
845163046539,Koh water coconut,koh coconut,koh coconut,beverages,"Aliments et boissons à base de végétaux, Boissons, Boissons à base de végétaux, Eaux de coco",en:france,FRANCE,https://images.openfoodfacts.org/images/products/084/516/304/6539/front_fr.28.400.jpg,16.0,16.0,0.0,0.0,0.005,,3.9,3.9,2.7,2.7,0.25,0.25,0.0,0.0,0.08,0.08,data_quality_error,data_quality_error,False,False,False,saturated_fat_greater_than_fat,3.9
850017142039,Pink Lemonade Sparkling Water,spindrift,spindrift,beverages,Sparkling water,en:united-states|en:world,US_CANADA,https://images.openfoodfacts.org/images/products/085/001/714/2039/front_en.23.400.jpg,10.0,10.0,0.0,0.0,0.0034,,0.563380281690141,0.563380281690141,2.0,,0.77,0.77,0.0,0.0,0.0,0.0,data_quality_error,data_quality_error,False,False,False,sugars_greater_than_carbohydrates|saturated_fat_greater_than_fat,0.563380281690141
850017142466,Island Punch - Spindrift,spindrift,spindrift,beverages,"Beverages and beverages preparations, Beverages, Carbonated drinks, Waters, Carbonated waters, en:sodas",en:cuba|en:united-states,US_CANADA,https://images.openfoodfacts.org/images/products/085/001/714/2466/front_en.7.400.jpg,3.66197183098592,3.66197183098592,0.0,0.0,0.05665,,0.845070422535211,0.845070422535211,0.563380281690141,0.563380281690141,1.724,1.724,0.0,0.0,0.0,0.0,data_quality_error,data_quality_error,False,False,False,saturated_fat_greater_than_fat,0.845070422535211
850017142473,Island Punch,spindrift,spindrift,beverages,"Beverages and beverages preparations, Beverages, Carbonated drinks, Waters, Carbonated waters, en:sodas",en:united-states,US_CANADA,https://images.openfoodfacts.org/images/products/085/001/714/2473/front_en.3.400.jpg,3.66197183098592,3.66197183098592,0.0,0.0,0.05665,,0.845070422535211,0.845070422535211,0.0,0.0,1.724,1.724,0.0,0.0,0.0,0.0,data_quality_error,data_quality_error,False,False,False,saturated_fat_greater_than_fat,0.845070422535211
850017142633,Sparkling Water,spindrift,spindrift,beverages,en:sparkling-water,en:united-states,US_CANADA,https://images.openfoodfacts.org/images/products/085/001/714/2633/front_en.16.400.jpg,3.66197183098592,3.66197183098592,0.0,0.0,0.0031510416666666,,0.845070422535211,0.845070422535211,0.563380281690141,0.563380281690141,0.704427083333333,0.704427083333333,0.0,0.0,0.0,0.0,data_quality_error,data_quality_error,False,False,False,saturated_fat_greater_than_fat,0.845070422535211
850026426540,Peanut butter filled milk chocolate bar,daffin's,daffin's,snacks,"Snacks, Snacks sucrés, Confiseries, Barres",en:france,FRANCE,https://images.openfoodfacts.org/images/products/085/002/642/6540/front_en.12.400.jpg,590.47619047619,590.47619047619,340.47619047619,,,,,,,,,,,,,,data_quality_error,data_quality_error,False,False,False,nutrient_value_above_100g,
850048358126,Dark & White Chocolate Frozen Fresh Strawberries,trü frü,tru fru,snacks,en:chocolate-covered-fruit,en:united-states,US_CANADA,https://images.openfoodfacts.org/images/products/085/004/835/8126/front_en.13.400.jpg,321.428571428572,321.428571428572,63.7755102040818,63.7755102040818,38.2653061224489,38.2653061224489,114.795918367347,,89.2857142857143,89.2857142857143,12.7551020408163,12.7551020408163,12.7551020408163,12.7551020408163,0.318877551020408,0.318877551020408,data_quality_error,data_quality_error,False,False,False,nutrient_value_above_100g,191.3265306122451
850251004438,WHITE CHEDDAR POPCORN,skinnypop,skinnypop,snacks,"Snacks, en:popcorn",en:united-states|en:world,US_CANADA,https://images.openfoodfacts.org/images/products/085/025/100/4438/front_en.24.400.jpg,535.714285714286,535.714285714286,119.047619047619,,11.9047619047619,11.9047619047619,190.476190476191,,0.0,0.0,23.8095238095238,23.8095238095238,23.8095238095238,23.8095238095238,3.57142857142857,3.57142857142857,data_quality_error,data_quality_error,False,False,False,nutrient_value_above_100g,333.33333333333377
851107003629,Mountain Ginger (Ginger Turmeric),brew dr. kombucha,brew dr. kombucha,beverages,Beverages,en:united-states|en:world,US_CANADA,https://images.openfoodfacts.org/images/products/085/110/700/3629/front_es.9.400.jpg,16.90703,16.90703,0.0,0.0,,,4.10599,4.10599,13.0,,,,0.0,0.0,0.0,0.0,data_quality_error,data_quality_error,False,False,False,sugars_greater_than_carbohydrates,4.10599
851481006377,DIGESTION clementine ginger Cold-Pressed Probiotic Juice Shot,so good so you,so good so you,beverages,Beverages,en:united-states|en:world,US_CANADA,https://images.openfoodfacts.org/images/products/085/148/100/6377/front_en.4.400.jpg,52.0833333333333,52.0833333333333,0.0,0.0,0.00495,,12.5,12.5,4.16666666666667,4.16666666666667,0.5425,0.5425,0.0,0.0,0.031115,0.031115,data_quality_error,data_quality_error,False,False,False,saturated_fat_greater_than_fat,12.5
851685011713,Harea,maita,maita,beverages,Cola,en:france,FRANCE,,2.0,2.0,3.0,3.0,4.0,,5.0,5.0,6.0,,7.0,7.0,8.0,8.0,9.0,9.0,data_quality_error,data_quality_error,False,False,False,sugars_greater_than_carbohydrates|saturated_fat_greater_than_fat,16.0
852358001174,Unsalted Butter,anchor,anchor,dairies,"Dairies, Fats, Spreads, Spreadable fats, Animal fats, Milkfat, Dairy-spread, Butters, Unsalted butters",en:france|en:germany,FRANCE|DACH,https://images.openfoodfacts.org/images/products/085/235/800/1174/front_en.16.400.jpg,111.0,111.0,12.0,12.0,52.0,,0.6,0.6,0.6,0.6,1.39,1.39,0.6,0.6,0.0975,0.0975,data_quality_error,data_quality_error,False,False,False,saturated_fat_greater_than_fat,13.2
852921005004,Cold Pressed Watermelon Blend,wtrmln wtr,wtrmln wtr,beverages,"Plant-based foods and beverages, Beverages, Plant-based beverages",en:france|en:united-states,FRANCE|US_CANADA,https://images.openfoodfacts.org/images/products/085/292/100/5004/front_en.37.400.jpg,19.7183098591549,19.7183098591549,0.0,0.0,0.0096666666666666,,5.07042253521127,5.07042253521127,4.7887323943662,4.7887323943662,0.28169014084507,0.28169014084507,0.28169014084507,0.28169014084507,0.0070422535211267,0.0070422535211267,data_quality_error,data_quality_error,False,False,False,saturated_fat_greater_than_fat,5.35211267605634
853647000762,Zola Original Coconut Water,zola,zola,beverages,"Plant-based foods and beverages, Beverages, Plant-based beverages",en:united-states|en:world,US_CANADA,,20.8333333333333,20.8333333333333,0.0,0.0,0.004725,,5.41666666666667,5.41666666666667,4.58333333333333,4.58333333333333,0.23625,0.23625,0.0,0.0,0.046875,0.046875,data_quality_error,data_quality_error,False,False,False,saturated_fat_greater_than_fat,5.41666666666667
853883003022,Coconut Water with Pulp,c2o,c2o,beverages,"Plant-based foods and beverages, Beverages, Plant-based beverages",en:united-states|en:world,US_CANADA,https://images.openfoodfacts.org/images/products/085/388/300/3022/front_en.7.400.jpg,41.6666666666667,41.6666666666667,0.0,0.0,0.005,,9.16666666666667,9.16666666666667,6.66666666666667,6.66666666666667,0.833333333333333,0.833333333333333,0.833333333333333,0.833333333333333,0.15625,0.15625,data_quality_error,data_quality_error,False,False,False,saturated_fat_greater_than_fat,10.000000000000004
853883003114,Coconut Water,c2o,c2o,beverages,"Plant-based foods and beverages, Beverages, Plant-based beverages, Coconut waters",en:united-states|en:world,US_CANADA,https://images.openfoodfacts.org/images/products/085/388/300/3114/front_en.28.400.jpg,20.8333333333333,20.8333333333333,0.0,0.0,0.005,,5.0,5.0,4.16666666666667,4.16666666666667,0.25,0.25,0.0,0.0,0.0572916666666667,0.0572916666666667,data_quality_error,data_quality_error,False,False,False,saturated_fat_greater_than_fat,5.0
853982004159,Trail Mix Fix,"picky bars, picky",picky bars,cereals,"Plant-based foods and beverages, Plant-based foods, Breakfasts, Cereals and potatoes, Cereals and their products, Breakfast cereals",en:united-states|en:world,US_CANADA,https://images.openfoodfacts.org/images/products/085/398/200/4159/front_en.3.400.jpg,418.181818181818,418.181818181818,14.5454545454545,14.5454545454545,3.63636363636364,3.63636363636364,115.702472727273,,18.1818181818182,18.1818181818182,10.9090909090909,10.9090909090909,10.9090909090909,10.9090909090909,0.545454545454545,0.545454545454545,data_quality_error,data_quality_error,False,False,False,nutrient_value_above_100g,141.15701818181842
855823007213,Oatmilk Skyr yogurt,icelandic provisions,icelandic provisions,dairies,en:yogurts,en:united-states,US_CANADA,https://images.openfoodfacts.org/images/products/085/582/300/7213/front_en.31.400.jpg,100.0,100.0,3.52941176470588,3.52941176470588,2.05882352941176,2.05882352941176,0.0076470588235294,0.0076470588235294,2.35294117647059,,0.0011764705882352,0.0011764705882352,9.41176470588235,9.41176470588235,0.205882352941176,0.205882352941176,data_quality_error,data_quality_error,False,False,False,sugars_greater_than_carbohydrates,12.94882352941176
856875006056,Kettle Cooked Potato Chips,carolina kettle,carolina kettle,snacks,"en:chips-and-fries,en:crisps,en:potato-crisps",en:united-states,US_CANADA,https://images.openfoodfacts.org/images/products/085/687/500/6056/front_en.8.400.jpg,535.714285714286,535.714285714286,28.5714285714286,28.5714285714286,3.57142857142857,3.57142857142857,57.1428571428571,57.1428571428571,3.57142857142857,3.57142857142857,3.57142857142857,3.57142857142857,7.14285714285714,7.14285714285714,3125.0,,data_quality_error,data_quality_error,False,False,False,nutrient_value_above_100g,92.85714285714285
859078002627,Organic Coconut Water,harmless harvest,harmless harvest,beverages,"Plant-based foods and beverages, Beverages, Plant-based beverages, en:coconut-waters",en:france|en:united-states,FRANCE|US_CANADA,https://images.openfoodfacts.org/images/products/085/907/800/2627/front_en.13.400.jpg,25.0,25.0,0.0,0.0,0.005,,6.25,6.25,5.83333333333333,5.83333333333333,0.25,0.25,0.0,0.0,0.0416666666666667,0.0416666666666667,data_quality_error,data_quality_error,False,False,False,saturated_fat_greater_than_fat,6.25
859078002924,organic coconut water,harmless harvest,harmless harvest,beverages,"Plant-based foods and beverages, Beverages, Plant-based beverages, Coconut waters",en:united-states,US_CANADA,https://images.openfoodfacts.org/images/products/085/907/800/2924/front_en.11.400.jpg,27.7152784251675,27.7152784251675,0.0,0.0,0.005,,6.80284106799566,6.80284106799566,6.04696983821836,6.04696983821836,0.25,0.25,0.0,0.0,0.0409430249462702,0.0409430249462702,data_quality_error,data_quality_error,False,False,False,saturated_fat_greater_than_fat,6.80284106799566
859213005650,Gut Health Berry Lemon Nutrient Enhanced Fruit Juice Drink,suja organic,suja,beverages,Beverages,en:united-states|en:world,US_CANADA,https://images.openfoodfacts.org/images/products/085/921/300/5650/front_en.30.400.jpg,11.2994350282486,11.2994350282486,0.0,0.0,0.017390625,,3.67231638418079,3.67231638418079,1.41242937853107,1.41242937853107,1.41242937853107,1.41242937853107,0.282485875706215,0.282485875706215,0.0035310734463276,0.0035310734463276,data_quality_error,data_quality_error,False,False,False,saturated_fat_greater_than_fat,3.954802259887005
859484007070,Unsweetened Coconut Coconutmilk,new barn organics,new barn organics,beverages,Coconut-based drinks,en:united-states|en:world,US_CANADA,https://images.openfoodfacts.org/images/products/085/948/400/7070/front_en.13.400.jpg,37.9746835443038,37.9746835443038,3.79746835443038,3.79746835443038,3.37552742616034,3.37552742616034,0.534102440848144,0.534102440848144,8.0168776371308,,0.0,0.0,8.0168776371308,8.0168776371308,0.0369198312236287,0.0369198312236287,data_quality_error,data_quality_error,False,False,False,sugars_greater_than_carbohydrates,12.348448432409326
859686004013,dark chocolate pretzel & sea salt,barkthins,barkthins,snacks,"Snacks, Sweet snacks, Confectioneries",en:united-states|en:world,US_CANADA,https://images.openfoodfacts.org/images/products/085/968/600/4013/front_en.24.400.jpg,483.870967741935,483.870967741935,93.6524453694068,93.6524453694068,62.4349635796045,62.4349635796045,197.710718002081,,124.869927159209,,20.8116545265349,20.8116545265349,20.8116545265349,20.8116545265349,2.60145681581685,2.60145681581685,data_quality_error,data_quality_error,False,False,False,nutrient_value_above_100g,312.1748178980227
884623486195,Maple Pecan Crumble,bear naked,bear naked,cereals,"Plant-based foods and beverages, Plant-based foods, Breakfasts, Cereals and potatoes, Cereals and their products, Breakfast cereals, Mueslis",en:united-states|en:world,US_CANADA,https://images.openfoodfacts.org/images/products/088/462/348/6195/front_en.5.400.jpg,433.333333333333,433.333333333333,15.0,15.0,1.67,1.67,71.7,71.7,20.0,20.0,8.33333333333333,8.33333333333333,10.0,10.0,166.666666666667,,data_quality_error,data_quality_error,False,False,False,nutrient_value_above_100g,96.7
884912129512,Sweetened Naturally & Artificially Flavored Rice Cereal with Real Cocoa,cocoa pebbles,cocoa pebbles,cereals,"Plant-based foods and beverages, Plant-based foods, Breakfasts, Cereals and potatoes, Cereals and their products, Breakfast cereals, en:puffed-cereals",en:germany|en:mexico|en:united-states,DACH|US_CANADA,https://images.openfoodfacts.org/images/products/088/491/212/9512/front_en.51.400.jpg,490.555555555556,490.555555555556,9.44444444444444,,6.66666666666667,6.66666666666667,86.6666666666667,,46.3888888888889,46.3888888888889,1.11111111111111,1.11111111111111,14.7222222222222,,1.67152777777778,1.67152777777778,data_quality_error,data_quality_error,False,False,False,macros_exceed_100g,110.83333333333334
884912284334,Honey Ohs! Sweetened Cereal With Honey,post,post,cereals,"Plant-based foods and beverages, Plant-based foods, Breakfasts, Cereals and potatoes, Cereals and their products, Breakfast cereals, Extruded cereals",en:united-states,US_CANADA,https://images.openfoodfacts.org/images/products/088/491/228/4334/front_en.14.400.jpg,1000.0,,18.75,18.75,0.0,0.0,212.5,,0.0,0.0,0.0,0.0,12.5,12.5,3.75,3.75,data_quality_error,data_quality_error,False,False,False,energy_above_900_kcal|nutrient_value_above_100g,243.75
884912377296,Honey Nut Hoops,,unknown,cereals,"Plant-based foods and beverages, Plant-based foods, Breakfasts, Cereals and potatoes, Cereals and their products, Breakfast cereals",en:united-states,US_CANADA,https://images.openfoodfacts.org/images/products/088/491/237/7296/front_en.3.400.jpg,439.024390243902,439.024390243902,19.5121951219512,19.5121951219512,2.4390243902439,2.4390243902439,31.7073170731707,31.7073170731707,4.8780487804878,4.8780487804878,7.31707317073171,7.31707317073171,39.0243902439024,39.0243902439024,1219.51219512195,,data_quality_error,data_quality_error,False,False,False,nutrient_value_above_100g,90.24390243902431
884983000574,Semi-Sweet Chocolate No Sugar Added Baking Chips,bake believe,bake believe,snacks,"Baking-decorations,Cocoa and its products,Sweet snacks,Confectioneries,Chocolate candies",en:united-states,US_CANADA,https://images.openfoodfacts.org/images/products/088/498/300/0574/front_en.44.400.jpg,333.333333333333,333.333333333333,4.0,4.0,16.6666666666667,,10.0,10.0,0.0,0.0,33.3333333333333,33.3333333333333,1.0,1.0,0.0,0.0,data_quality_error,data_quality_error,False,False,False,saturated_fat_greater_than_fat,15.0
885963002090,Kefir 2% Milkfat Low Fat Yogurt,cupful,cupful,dairies,"Dairies, Fermented foods, Desserts, Fermented milk products, Dairy desserts, Fermented dairy desserts, Yogurts, Low-fat yogurts",en:united-states,US_CANADA,,67.0,67.0,2.0,2.0,1.33,1.33,8.67,8.67,9.33,,0.0,0.0,4.67,4.67,0.16002,0.16002,data_quality_error,data_quality_error,False,False,False,sugars_greater_than_carbohydrates,15.34
885963003219,Twarog Fresh Cheese With Greek Yogurt,polonica inc.,polonica inc.,dairies,"Dairies, Fermented foods, Desserts, Fermented milk products, Dairy desserts, Fermented dairy desserts, Yogurts",en:united-states,US_CANADA,,100.0,100.0,0.0,0.0,1.33,,3.33,3.33,3.33,3.33,0.0,0.0,13.33,13.33,0.0825,0.0825,data_quality_error,data_quality_error,False,False,False,saturated_fat_greater_than_fat,16.66
890360000853,Yogurt,norman's,norman's,dairies,"Dairies, Fermented foods, Desserts, Fermented milk products, Dairy desserts, Fermented dairy desserts, Yogurts",en:united-states,US_CANADA,,47.0,47.0,0.0,0.0,0.12,,9.41,9.41,8.24,8.24,0.0,0.0,4.12,4.12,0.1475,0.1475,data_quality_error,data_quality_error,False,False,False,saturated_fat_greater_than_fat,13.530000000000001
9340701,Pure & Natural Sour Cream Pouch,daisy,daisy,dairies,"Sour creams,Squeeze",en:united-states,US_CANADA,https://images.openfoodfacts.org/images/products/000/000/934/0701/front_en.4.400.jpg,200.0,200.0,16.66667,16.66667,11.66667,11.66667,2.87,2.87,3.33333,,0.0,0.0,3.33333,3.33333,0.125,0.125,data_quality_error,data_quality_error,False,False,False,sugars_greater_than_carbohydrates,22.87
9404120,fromage blanc,sacré willy,sacre willy,dairies,"Laitage, fr:fromages-blancs",en:france,FRANCE,,132.0,132.0,11.5,11.5,1.5,1.5,4.0,4.0,4.4,,,,3.0,3.0,0.1,0.1,data_quality_error,data_quality_error,False,False,False,sugars_greater_than_carbohydrates,18.5
10359314,Cadbury Dairy Milk Biscoff,cadbury,cadbury,snacks,Candy chocolate bars,en:united-kingdom,UK_IE,https://images.openfoodfacts.org/images/products/000/001/035/9314/front_en.3.400.jpg,524.137931034483,524.137931034483,28.2758620689655,28.2758620689655,15.8620689655172,15.8620689655172,29.7853686523437,29.7853686523437,51.7241379310345,,0.212588500976562,0.212588500976562,1.94054138183594,1.94054138183594,0.344827586206897,0.344827586206897,data_quality_error,data_quality_error,False,False,False,sugars_greater_than_carbohydrates,60.001772103145136
10602355,Organic Original Milk Chocolate Alternative,moo free,moo free,snacks,en:confectioneries,en:united-kingdom,UK_IE,https://images.openfoodfacts.org/images/products/000/001/060/2355/front_en.7.400.jpg,600.0,600.0,50.0,,25.0,25.0,55.0,,40.0,40.0,0.0,0.0,5.0,,0.0,0.0,data_quality_error,data_quality_error,False,False,False,macros_exceed_100g,110.0
11173472,pommes poire pur,les vergers de la manse,les vergers de la manse,beverages,"Aliments et boissons à base de végétaux, Boissons, Boissons à base de végétaux, Boissons aux fruits, Jus et nectars, Jus de fruits, Jus multifruits, Jus de fruits pur jus, Jus multifruits pur jus",en:france,FRANCE,https://images.openfoodfacts.org/images/products/000/001/117/3472/front_fr.4.400.jpg,48.9,48.9,0.0,0.0,0.046,,10.0,10.0,9.5,9.5,0.23,0.23,0.17,0.17,0.022,0.022,data_quality_error,data_quality_error,False,False,False,saturated_fat_greater_than_fat,10.17
11434795,Шоколадный батончик SNICKERS® КРИСПЕР,snickers криспер,snickers ,snacks,"Snacks, Sweet snacks, Cocoa and its products, Bars, Chocolates, Milk chocolates, Chocolat, ru:Шоколадный батончик, en:confectioneries",en:france|en:russia,FRANCE,https://images.openfoodfacts.org/images/products/000/001/143/4795/front_en.4.400.jpg,480.0,480.0,22.0,22.0,10.0,10.0,61.1,61.1,75.0,,2.74423076923077,2.74423076923077,6.8,6.8,0.525,0.525,data_quality_error,data_quality_error,False,False,False,sugars_greater_than_carbohydrates,89.9
11519096,Lait de coco,thai expert,thai expert,beverages,"Aliments et boissons à base de végétaux, Boissons, Aliments d'origine végétale, Substituts de produits laitiers, Substituts du lait, Boissons à base de végétaux, Boissons végétales, Crèmes végétales, Crèmes végétales pour cuisiner, Laits et crèmes de coco",en:france,FRANCE,https://images.openfoodfacts.org/images/products/000/001/151/9096/front_fr.4.400.jpg,165.8,165.8,17.0,17.0,24.057,,2.6,2.6,2.4,2.4,7.29,7.29,0.6,0.6,0.11,0.11,data_quality_error,data_quality_error,False,False,False,saturated_fat_greater_than_fat,20.2
1210002010467,Orange with extra juicy bits,tropicana,tropicana,beverages,"Plant-based foods and beverages,Beverages,Plant-based beverages,Fruit-based beverages,Juices and nectars,Fruit juices,Orange juices,Orange juices with pulp",en:united-kingdom,UK_IE,https://images.openfoodfacts.org/images/products/121/000/201/0467/front_en.3.400.jpg,42.0,42.0,0.0,0.0,0.050264,,9.33333333333333,9.33333333333333,8.66666666666667,8.66666666666667,0.733333333333333,0.733333333333333,0.8,0.8,0.0116751,0.0116751,data_quality_error,data_quality_error,False,False,False,saturated_fat_greater_than_fat,10.133333333333331
1210002010481,Smooth Orange Juice,tropicana,tropicana,beverages,"Plant-based foods and beverages,Beverages,Plant-based beverages,Fruit-based beverages,Juices and nectars,Fruit juices,Orange juices",en:united-kingdom,UK_IE,https://images.openfoodfacts.org/images/products/121/000/201/0481/front_en.3.400.jpg,40.6666666666667,40.6666666666667,0.0,0.0,0.053,,9.33333333333333,9.33333333333333,8.66666666666667,8.66666666666667,0.28,0.28,0.8,0.8,0.012,0.012,data_quality_error,data_quality_error,False,False,False,saturated_fat_greater_than_fat,10.133333333333331
12616137,Schweppes,schweppes,schweppes,beverages,Boissons,en:france,FRANCE,https://images.openfoodfacts.org/images/products/000/001/261/6137/front_fr.4.400.jpg,614.0,614.0,25.0,,6.0,6.0,67.0,,54.0,54.0,23.0,23.0,17.0,,1.0,1.0,data_quality_error,data_quality_error,False,False,False,macros_exceed_100g,109.0
12727292,"L'Original Tartare, Ail & Fines Herbes (12 Portions) - (32,2 % MG)","savencia, tartare",savencia,dairies,"Produits laitiers,Produits fermentés,Produits laitiers fermentés,Fromages,Produits à tartiner,Produits à tartiner salés,Fromages de vache,Frais,Fromages de France,Fromages pasteurisés,Fromages à tartiner,Fromages à la crème,Fromages industriels,Fromages Ail et fines herbes",en:france,FRANCE,https://images.openfoodfacts.org/images/products/000/001/272/7292/front_fr.10.400.jpg,342.0,342.0,32.2,32.2,3.09647,3.09647,3.5,3.5,3.9934375,,2.8706425,2.8706425,9.5,9.5,1.365416,1.365416,data_quality_error,data_quality_error,False,False,False,sugars_greater_than_carbohydrates,45.2
13251212512000194110,Saint-Maure De Touraine AOP Fermier 6x250g,,unknown,dairies,"Produits laitiers, Produits fermentés, Produits laitiers fermentés, Fromages, Fromages de France, Fromages de chèvre, Fromages à pâte molle à croûte naturelle, Sainte-Maure de Touraine",en:france,FRANCE,,358.4,358.4,30.0,30.0,,,0.0,0.0,0.25,,0.0,0.0,22.1,22.1,1.81,1.81,data_quality_error,data_quality_error,False,False,False,sugars_greater_than_carbohydrates,52.1
13251212512000194376,Petit Livarot AOP La Houssaye 6x200g,,unknown,dairies,"Produits laitiers, Produits fermentés, Produits laitiers fermentés, Fromages, Fromages de vache, Fromages de France, Fromages à pâte molle à croûte lavée, Livarot",en:france,FRANCE,,303.0,303.0,22.6,22.6,15.3,15.3,0.0,0.0,0.1,,0.0,0.0,24.6,24.6,1.5,1.5,data_quality_error,data_quality_error,False,False,False,sugars_greater_than_carbohydrates,47.2
13251212512000194464,Pont L'Evêque AOP Lait Cru La Houssaye 6x400g,,unknown,dairies,"Produits laitiers, Produits fermentés, Produits laitiers fermentés, Fromages, Fromages de vache, Fromages de France, Fromages à pâte molle à croûte lavée, Pont-l'évêque",en:france,FRANCE,,328.0,328.0,26.2,26.2,18.2,18.2,0.0,0.0,0.1,,0.0,0.0,22.7,22.7,1.3,1.3,data_quality_error,data_quality_error,False,False,False,sugars_greater_than_carbohydrates,48.9
13251212512000205901,Sainte-Maure De Touraine AOP Sous-Coque ~250g,,unknown,dairies,"Produits laitiers, Produits fermentés, Produits laitiers fermentés, Fromages, Fromages de France, Fromages de chèvre, Fromages à pâte molle à croûte naturelle, Sainte-Maure de Touraine",en:france,FRANCE,,358.4,358.4,30.0,30.0,,,0.0,0.0,0.25,,0.0,0.0,22.1,22.1,1.81,1.81,data_quality_error,data_quality_error,False,False,False,sugars_greater_than_carbohydrates,52.1
15077743,Snack Pearls,la fabrique,la fabrique,snacks,"snacks, snacks-sales, amuse-gueules, biscuits-aperitifs",en:france,FRANCE,https://images.openfoodfacts.org/images/products/000/001/507/7743/front_fr.4.400.jpg,110.0,110.0,20.0,20.0,11.0,11.0,2.0,2.0,3.0,,1.0,1.0,11.0,11.0,2.0,2.0,data_quality_error,data_quality_error,False,False,False,sugars_greater_than_carbohydrates,33.0
16249333,lait demi-écrémé,"envia, lidl",envia,dairies,"Dairies, Milks (liquid and powder), Milks, Semi-skimmed milks, en:uht-milks",en:france,FRANCE,https://images.openfoodfacts.org/images/products/000/001/624/9333/front_fr.3.400.jpg,46.0,46.0,1.5,1.5,1.0,1.0,4.8,4.8,4.89,,0.0,0.0,3.3,3.3,0.11,0.11,data_quality_error,data_quality_error,False,False,False,sugars_greater_than_carbohydrates,9.6
18118292,Pineapple orange banana organic fruit yogurt smoothie,,unknown,dairies,"Dairies, Fermented foods, Desserts, Fermented milk products, Dairy desserts, Fermented dairy desserts, Yogurts",en:united-states,US_CANADA,,92.0,92.0,0.42,0.42,0.5,,20.0,20.0,17.5,17.5,0.8,0.8,1.67,1.67,0.03,0.03,data_quality_error,data_quality_error,False,False,False,saturated_fat_greater_than_fat,22.090000000000003
18598582,crunch,nestlé,nestle,cereals,"Plant-based foods and beverages, Plant-based foods, Breakfasts, Cereals and potatoes, Cereals and their products, Breakfast cereals, Extruded cereals, en:chocolate-cereals",en:france,FRANCE,https://images.openfoodfacts.org/images/products/000/001/859/8582/front_fr.10.400.jpg,577.333333333333,577.333333333333,26.6666666666667,,,,73.3333333333333,,25.0,25.0,7.33333333333333,7.33333333333333,7.33333333333333,,0.0333333333333333,0.0333333333333333,data_quality_error,data_quality_error,False,False,False,macros_exceed_100g,107.33333333333333
2000000000221,Apérivrais saveurs provençales - poivrons - thym - ciboulette,"apérivrais, savencia",aperivrais,dairies,"Dairies, Fermented foods, Fermented milk products, Cheeses, Cow cheeses, Pasteurized cheeses, fr:fromages-aperitif",en:france,FRANCE,https://images.openfoodfacts.org/images/products/200/000/000/0221/front_fr.3.400.jpg,327.0,327.0,31.0,31.0,3.29224642857143,3.29224642857143,3.0,3.0,4.45384732142857,,0.263520535714286,0.263520535714286,9.0,9.0,1.22015644642857,1.22015644642857,data_quality_error,data_quality_error,False,False,False,sugars_greater_than_carbohydrates,43.0
2000000027073,Pop Mania,benoit promotion,benoit promotion,snacks,"Snacks,Sweet snacks,Popcorn",en:france,FRANCE,https://images.openfoodfacts.org/images/products/200/000/002/7073/front_fr.13.400.jpg,477.0,477.0,25.0,,2.1,2.1,70.3,,30.1,30.1,,,9.8,,4.81,4.81,data_quality_error,data_quality_error,False,False,False,macros_exceed_100g,105.1
2000000091768,Beurre doux,ets lecubin fils,ets lecubin fils,dairies,"Produits laitiers, Matières grasses, Produits à tartiner, Matières grasses à tartiner, Matières grasses animales, Matière grasse laitière, en:dairy-spread, Beurres, Beurres doux",en:france,FRANCE,https://images.openfoodfacts.org/images/products/200/000/009/1768/front_fr.4.400.jpg,725.0,725.0,82.0,82.0,55.4,55.4,0.5,0.5,0.83,,0.0,0.0,0.7,0.7,0.02,0.02,data_quality_error,data_quality_error,False,False,False,sugars_greater_than_carbohydrates,83.2
2000000114453,Assortiments Pians au chocolat & Croissants,u,u,snacks,"Snacks, Snacks sucrés, Viennoiseries, Croissants",en:france,FRANCE,https://images.openfoodfacts.org/images/products/200/000/011/4453/front_fr.4.400.jpg,390.0,390.0,2.1,2.1,15.0,,38.0,38.0,5.9,5.9,2.1,2.1,6.0,6.0,0.9,0.9,data_quality_error,data_quality_error,False,False,False,saturated_fat_greater_than_fat,46.1
2000000119631,"10 mini-pains au chocolat, pur beurre",picard,picard,snacks,"Snacks, Snacks sucrés, Viennoiseries, Pains au chocolat",en:france,FRANCE,https://images.openfoodfacts.org/images/products/200/000/011/9631/front_fr.3.400.jpg,350.0,350.0,16.0,16.0,9.0,9.0,4.2,4.2,9.2,,2.1,2.1,8.2,8.2,0.87,0.87,data_quality_error,data_quality_error,False,False,False,sugars_greater_than_carbohydrates,28.4
2000000145183,Granola Apéro Tomate & Cajun - Toomaï - 120g,toomaï,toomai,snacks,"snacks, salty-snacks, appetizers, da:crackers",en:france,FRANCE,https://images.openfoodfacts.org/images/products/200/000/014/5183/front_en.8.400.jpg,459.0,459.0,27.3,27.3,40.8,,3.3,3.3,2.7,2.7,7.7,7.7,12.1,12.1,0.0,0.0,data_quality_error,data_quality_error,False,False,False,saturated_fat_greater_than_fat,42.7
2000008015721,Briochette nature,e.leclerc,e.leclerc,snacks,"Snacks, Snacks sucrés, Viennoiseries, Brioches, Brioche préemballée, Briochettes",en:france,FRANCE,https://images.openfoodfacts.org/images/products/200/000/801/5721/front_fr.3.400.jpg,992.0,,32.0,32.0,19.0,19.0,140.0,,27.0,27.0,,,33.0,33.0,3.2,3.2,data_quality_error,data_quality_error,False,False,False,energy_above_900_kcal|nutrient_value_above_100g,205.0
20015367,Green Tea,,unknown,snacks,"Aliments et boissons à base de végétaux, Aliments d'origine végétale, Snacks, Céréales et pommes de terre, Snacks salés, Amuse-gueules, Chips et frites, Chips, Chips de pommes de terre, Chips à l'ancienne",en:france,FRANCE,https://images.openfoodfacts.org/images/products/000/002/001/5367/front_fr.13.400.jpg,1.0,1.0,0.0,0.0,0.0,0.0,0.0,0.0,0.2,,0.0,0.0,0.1,0.1,0.0,0.0,data_quality_error,data_quality_error,False,False,False,sugars_greater_than_carbohydrates,0.1
20062576,Orange juice from concentrate,simply...,simply...,beverages,"Plant-based foods and beverages, Beverages, Plant-based beverages, Fruit-based beverages, Juices and nectars, Fruit juices, Non-alcoholic beverages, Fruit juices from concentrate, Orange juices, Orange juices from concentrate",en:belgium|en:france|en:united-kingdom,BENELUX|FRANCE|UK_IE,https://images.openfoodfacts.org/images/products/000/002/006/2576/front_en.29.400.jpg,42.0,42.0,0.0,0.0,0.053,,9.0,9.0,8.8,8.8,0.2,0.2,0.7,0.7,0.01,0.01,data_quality_error,data_quality_error,False,False,False,saturated_fat_greater_than_fat,9.7
20088637,Petit Saint-Paulin croute naturelle,chêne d'argent,chene d'argent,dairies,"Produits laitiers,Produits fermentés,Produits laitiers fermentés,Fromages,Fromages de vache,Fromages à pâte pressée non cuite,Fromages pasteurisés,Saint-Paulin",en:france|en:poland,FRANCE,https://images.openfoodfacts.org/images/products/000/002/008/8637/front_fr.23.400.jpg,305.0,305.0,25.0,25.0,0.10999065,0.10999065,0.0,0.0,4.92958095,,0.0,0.0,20.0,20.0,0.00425,0.00425,data_quality_error,data_quality_error,False,False,False,sugars_greater_than_carbohydrates,45.0
20092276,Freeway iced tea strawberry,freeway,freeway,beverages,"Boissons, Boissons au thé, Thés glacés, Boissons avec sucre ajouté",en:france,FRANCE,https://images.openfoodfacts.org/images/products/000/002/009/2276/front_fr.54.400.jpg,20.0,20.0,0.0,0.0,5.4e-06,,4.8,4.8,4.7,4.7,0.1,0.1,0.1,0.1,0.06,0.06,data_quality_error,data_quality_error,False,False,False,saturated_fat_greater_than_fat,4.8999999999999995
20104542,Zimtinos,"crownfield,lidl,nordgetreide",crownfield,cereals,"Plant-based foods and beverages,Plant-based foods,Breakfasts,Cereals and potatoes,Cereals and their products,Breakfast cereals,Mueslis",en:france|en:germany,FRANCE|DACH,https://images.openfoodfacts.org/images/products/000/002/010/4542/front_de.53.400.jpg,520.2,520.2,5.4,,2.8,2.8,91.2,,36.8,36.8,17.8,17.8,17.8,,0.74,0.74,data_quality_error,data_quality_error,False,False,False,macros_exceed_100g,114.4
20107277,Bevanda ACE,solevita,solevita,beverages,"Plant-based foods and beverages, Beverages, Plant-based beverages, Fruit-based beverages, Juices and nectars, Fruit juices",en:italy|en:united-kingdom,SOUTHERN_EUROPE|UK_IE,https://images.openfoodfacts.org/images/products/000/002/010/7277/front_en.43.400.jpg,20.0,20.0,0.0,0.0,0.00871,,4.2,4.2,4.2,4.2,0.2565,0.2565,0.3,0.3,0.0,0.0,data_quality_error,data_quality_error,False,False,False,saturated_fat_greater_than_fat,4.5
20112790,Tropique - Jus pressé,solevita,solevita,beverages,"Boissons et préparations de boissons, Aliments et boissons à base de végétaux, Boissons, Boissons à base de végétaux, Jus et nectars",en:france|en:germany,FRANCE|DACH,https://images.openfoodfacts.org/images/products/000/002/011/2790/front_fr.4.400.jpg,44.4,44.4,0.0,0.0,0.04392,,10.2,10.2,10.0,10.0,0.2,0.2,0.32,0.32,0.01,0.01,data_quality_error,data_quality_error,False,False,False,saturated_fat_greater_than_fat,10.52
20139346,Beurre Doux Extrafin,envia / lidl,envia,dairies,"Dairies, Fats, Spreads, Spreadable fats, Animal fats, Fresh foods, Milkfat, Dairy-spread, Butters, Unsalted butters, Pasteurized butters, Sweet cream butters",en:france,FRANCE,https://images.openfoodfacts.org/images/products/000/002/013/9346/front_fr.81.400.jpg,739.0,739.0,82.0,82.0,55.0,55.0,0.06,0.06,0.6,,,,0.07,0.07,0.04,0.04,data_quality_error,data_quality_error,False,False,False,sugars_greater_than_carbohydrates,82.13
20144791,Bio Gouda organic,lidl,lidl,dairies,"Produits laitiers, Produits fermentés, Produits laitiers fermentés, Fromages, Fromages de vache, Fromages à pâte pressée non cuite, Goudas",en:france,FRANCE,https://images.openfoodfacts.org/images/products/000/002/014/4791/front_fr.19.400.jpg,167.30401527,167.30401527,10.0,10.0,4.6,4.6,0.0,0.0,4.918722625,,0.0,0.0,20.2,20.2,0.1525,0.1525,data_quality_error,data_quality_error,False,False,False,sugars_greater_than_carbohydrates,30.2
20301026,Oatmeal cookies,sondey,sondey,snacks,"Snacks, Snacks sucrés, Biscuits et gâteaux, Biscuits, Biscuits au chocolat",en:france,FRANCE,https://images.openfoodfacts.org/images/products/000/002/030/1026/front_en.28.400.jpg,357.313575525813,357.313575525813,27.0,27.0,3.0,3.0,3.0,3.0,20.455775,,7.187,7.187,25.0,25.0,1.77,1.77,data_quality_error,data_quality_error,False,False,False,sugars_greater_than_carbohydrates,55.0
2030503064467,Suisse au chocolat,auchan,auchan,snacks,"Snacks,Sweet snacks,Sweet pastries and pies,Viennoiseries,Chocolate croissant prepacked",en:france,FRANCE,https://images.openfoodfacts.org/images/products/203/050/306/4467/front_fr.14.400.jpg,136.190476190476,136.190476190476,4.0,4.0,11.3929935087585,,17.6190476190476,17.6190476190476,3.02981304931641,3.02981304931641,3.64132182922363,3.64132182922363,2.14285714285714,2.14285714285714,0.132308934020996,0.132308934020996,data_quality_error,data_quality_error,False,False,False,saturated_fat_greater_than_fat,23.761904761904738
2030506590857,Gaufre bruxelloise,auchan,auchan,snacks,Gaufres,en:france,FRANCE,https://images.openfoodfacts.org/images/products/203/050/659/0857/front_fr.8.400.jpg,719.0,719.0,43.0,,3.6,3.6,65.0,,6.6,6.6,,,17.0,,1.1,1.1,data_quality_error,data_quality_error,False,False,False,macros_exceed_100g,125.0
20319618,Oaties,tower gate,tower gate,snacks,"Snacks, Sweet snacks, Biscuits and cakes, Biscuits",en:france|en:united-kingdom,FRANCE|UK_IE,https://images.openfoodfacts.org/images/products/000/002/031/9618/front_en.26.400.jpg,473.333333333333,473.333333333333,20.0,20.0,8.66666666666667,8.66666666666667,61.3333333333333,61.3333333333333,126.666666666667,,6.66666666666667,6.66666666666667,8.66666666666667,8.66666666666667,0.8,0.8,data_quality_error,data_quality_error,False,False,False,sugars_greater_than_carbohydrates,89.99999999999997
20340483,Orange Acerola douce,solevita,solevita,beverages,"Aliments et boissons à base de végétaux, Boissons, Boissons à base de végétaux, Boissons aux fruits, Jus et nectars, Jus de fruits, Jus d'orange",en:france|en:switzerland,FRANCE|DACH,https://images.openfoodfacts.org/images/products/000/002/034/0483/front_fr.16.400.jpg,44.0,44.0,0.2,0.2,0.0,0.0,9.2,9.2,9.54205,,0.24875,0.24875,0.7,0.7,0.02,0.02,data_quality_error,data_quality_error,False,False,False,sugars_greater_than_carbohydrates,10.099999999999998
20362843,gouda,milbona,milbona,dairies,"latticini, cibi-fermentati, prodotti-lattiero-caseari-fermentati, formaggi, formaggio-vaccino, formaggi-a-pasta-pressata-cruda, formaggi-olandesi, gouda, gouda-giovane, tr:peynir",en:france|en:germany|en:italy,FRANCE|DACH|SOUTHERN_EUROPE,https://images.openfoodfacts.org/images/products/000/002/036/2843/front_fr.5.400.jpg,372.0,372.0,30.5,30.5,21.2,21.2,0.0,0.0,4.7069175,,0.0,0.0,23.4,23.4,1.81,1.81,data_quality_error,data_quality_error,False,False,False,sugars_greater_than_carbohydrates,53.9
20418786,Chocolat au lait 32%,"j. d. gross, lidl",j. d. gross,snacks,"Snacks, Snacks sucrés, Cacao et dérivés, Chocolats, Chocolats au lait",en:france,FRANCE,https://images.openfoodfacts.org/images/products/000/002/041/8786/front_fr.6.400.jpg,565.2,565.2,36.8,36.8,4.498,4.498,50.9,50.9,59.65,,0.0,0.0,7.6,7.6,0.237,0.237,data_quality_error,data_quality_error,False,False,False,sugars_greater_than_carbohydrates,95.3
20435646,PARMIGIANO REGGIANO DOP,milbona,milbona,dairies,"Produits laitiers, Produits fermentés, Produits laitiers fermentés, Fromages, Fromages italiens, Parmigiano Reggiano",en:france|en:netherlands,FRANCE|BENELUX,https://images.openfoodfacts.org/images/products/000/002/043/5646/front_fr.3.400.jpg,402.0,402.0,29.7,29.7,19.7,19.7,0.0,0.0,4.85099675,,0.0,0.0,32.4,32.4,1.6025,1.6025,data_quality_error,data_quality_error,False,False,False,sugars_greater_than_carbohydrates,62.099999999999994
20448653,Spécialité crémeuse avec morceaux de fruits,"envia, lidl",envia,dairies,"Produits laitiers, Produits fermentés, Produits laitiers fermentés, Desserts, Desserts lactés, Desserts lactés fermentés, Desserts lactés fermentés aux fruits, Spécialités laitières, Spécialités laitières aux fruits",en:france|en:germany,FRANCE|DACH,https://images.openfoodfacts.org/images/products/000/002/044/8653/front_fr.37.400.jpg,102.0,102.0,3.3,3.3,2.1,2.1,13.0,13.0,14.0,,,,3.1,3.1,0.1,0.1,data_quality_error,data_quality_error,False,False,False,sugars_greater_than_carbohydrates,19.400000000000002
20491543,Turkkilainen jogurtti 10%,"1001 delights, milbona",1001 delights,dairies,"Produits laitiers, Produits fermentés, Desserts, Produits laitiers fermentés, Desserts lactés, Desserts lactés fermentés, Yaourts, Yaourts à la grecque",en:france|en:netherlands|en:united-kingdom,FRANCE|BENELUX|UK_IE,https://images.openfoodfacts.org/images/products/000/002/049/1543/front_en.26.400.jpg,16.8,16.8,0.0,0.0,6.13333333333333,,4.2,4.2,4.2,4.2,1.4725,1.4725,0.0,0.0,0.133333333333333,0.133333333333333,data_quality_error,data_quality_error,False,False,False,saturated_fat_greater_than_fat,4.2
20514723,Freeway-cola zero,freeway,freeway,beverages,"Beverages and beverages preparations,Beverages,Carbonated drinks,Artificially sweetened beverages,Sodas,Diet beverages,Unsweetened beverages,Colas,Diet sodas,Diet cola soft drink",en:france,FRANCE,https://images.openfoodfacts.org/images/products/000/002/051/4723/front_fr.12.400.jpg,1.0,1.0,0.0,0.0,0.0,0.0,0.0,0.0,0.1,,0.0,0.0,0.1,0.1,0.025,0.025,data_quality_error,data_quality_error,False,False,False,sugars_greater_than_carbohydrates,0.1
20593452,Beurre gastronomique demi sel,récemment consommé,recemment consomme,dairies,"Produits laitiers, Matières grasses, Produits à tartiner, Matières grasses à tartiner, Matières grasses animales, Matière grasse laitière, en:dairy-spread, Beurres, Beurres demi-sel",en:france,FRANCE,https://images.openfoodfacts.org/images/products/000/002/059/3452/front_fr.43.400.jpg,725.0,725.0,80.0,80.0,55.0,55.0,0.5,0.5,0.6,,0.0,0.0,0.7,0.7,2.0,2.0,data_quality_error,data_quality_error,False,False,False,sugars_greater_than_carbohydrates,81.2
20614089,Maasdam Caractère,milbona,milbona,dairies,"Milchprodukte, Fermentierte Lebensmittel, Fermentierte Milch, Käse, Kuhmilchkäse, Ungekochter gepresster Käse, Holländischer Käse, Maasdamer",en:france|en:germany,FRANCE|DACH,https://images.openfoodfacts.org/images/products/000/002/061/4089/front_de.51.400.jpg,366.0,366.0,29.8,29.8,20.6,20.6,0.0,0.0,4.82166325,,0.0,0.0,24.4,24.4,1.465,1.465,data_quality_error,data_quality_error,False,False,False,sugars_greater_than_carbohydrates,54.2
20621896,Jus multivitaminé,solevita,solevita,beverages,"Plant-based foods and beverages, Beverages, Plant-based beverages, Fruit-based beverages, Juices and nectars, Waters, Fruit juices, Flavored waters, Fruit juices from concentrate, Bottled water flavoured with sugar",en:france,FRANCE,https://images.openfoodfacts.org/images/products/000/002/062/1896/front_fr.18.400.jpg,39.0,39.0,0.1,0.1,0.10000000149012,,9.4,9.4,9.3,9.3,,,0.1,0.1,0.01,0.01,data_quality_error,data_quality_error,False,False,False,saturated_fat_greater_than_fat,9.6
20707866,Burger Sauce Red BBQ,"butcher‘s burger, milbona",butchers burger,dairies,"Dairies, Fermented foods, Fermented milk products, Cheeses, Cow cheeses, Uncooked pressed cheeses, Cheeses of the Netherlands, Gouda, Sliced cheeses",en:france|en:germany,FRANCE|DACH,https://images.openfoodfacts.org/images/products/000/002/070/7866/front_en.12.400.jpg,364.0,364.0,31.5,31.5,20.3,20.3,0.0,0.0,0.13,,0.0,0.0,23.2,23.2,2.0,2.0,data_quality_error,data_quality_error,False,False,False,sugars_greater_than_carbohydrates,54.7
20841041,Infusion hibiscus,deluxe,deluxe,beverages,"Aliments et boissons à base de végétaux,Boissons,Boissons chaudes,Boissons à base de végétaux,Infusions,Hibiscus",en:france,FRANCE,https://images.openfoodfacts.org/images/products/000/002/084/1041/front_fr.22.400.jpg,1.0,1.0,0.0,0.0,0.0,0.0,0.0,0.0,0.2,,0.0,0.0,0.1,0.1,0.0,0.0,data_quality_error,data_quality_error,False,False,False,sugars_greater_than_carbohydrates,0.1
20971182,Orzo e caffè,"bellarom, lidl",bellarom,beverages,"Plant-based foods and beverages, Beverages, Plant-based beverages, Instant beverages, Instant mix of barley and coffee powder, en:coffees",en:france,FRANCE,https://images.openfoodfacts.org/images/products/000/002/097/1182/front_it.26.400.jpg,340.0,340.0,0.0,0.0,0.03,,65.0,65.0,0.0,0.0,,,11.0,11.0,0.4,0.4,data_quality_error,data_quality_error,False,False,False,saturated_fat_greater_than_fat,76.0
2101139005107,Gouda,real premium dairy,real premium dairy,dairies,"Dairies,Fermented foods,Fermented milk products,Cheeses",en:united-kingdom,UK_IE,https://images.openfoodfacts.org/images/products/210/113/900/5107/front_en.3.400.jpg,348.0,348.0,289.0,,18.0,18.0,0.0,0.0,0.0,0.0,,,24.0,24.0,1.79,1.79,data_quality_error,data_quality_error,False,False,False,nutrient_value_above_100g,313.0
21178610,Gold Roast Freeze Dried Instant Coffee,asda,asda,beverages,"Beverages and beverages preparations,Plant-based foods and beverages,Beverages,Plant-based foods,Beverage preparations,Coffees,Instant beverages,Coffee beans,Instant coffees,Roasted coffee beans,Unsweetened beverages",en:united-kingdom,UK_IE,https://images.openfoodfacts.org/images/products/000/002/117/8610/front_en.6.400.jpg,0.0,0.0,0.0,0.0,0.2,,0.0,0.0,0.0,0.0,19.1,19.1,0.0,0.0,0.098,0.098,data_quality_error,data_quality_error,False,False,False,saturated_fat_greater_than_fat,0.0
2218228055766,Reblochon de Savoie AOP,les mousquetaires,les mousquetaires,dairies,Reblochons,en:france,FRANCE,https://images.openfoodfacts.org/images/products/221/822/805/5766/front_fr.8.400.jpg,306.0,306.0,25.0,25.0,180.9,,0.9,0.9,0.5,0.5,,,19.0,19.0,1.5,1.5,data_quality_error,data_quality_error,False,False,False,saturated_fat_greater_than_fat,44.9
2349153013238,mascarpone,castelli,castelli,dairies,"Produits laitiers, Produits fermentés, Produits laitiers fermentés, Fromages, Fromages italiens, Fromages à la crème, Mascarpone",en:france,FRANCE,https://images.openfoodfacts.org/images/products/234/915/301/3238/front_fr.5.400.jpg,350.0,350.0,36.0,36.0,21.3,21.3,2.0,2.0,2.075,,0.0,0.0,11.69,11.69,0.9255,0.9255,data_quality_error,data_quality_error,False,False,False,sugars_greater_than_carbohydrates,49.69
2404964024733,Comté Doux,entremont,entremont,dairies,"Produits laitiers, Produits fermentés, Produits laitiers fermentés, Fromages, en:cooked-pressed-cheeses, Fromages de France, Comté, en:aoc-cheeses, en:labeled-cheeses, Produits AOC, Produits labellisés",en:france,FRANCE,https://images.openfoodfacts.org/images/products/240/496/402/4733/front_fr.5.400.jpg,410.0,410.0,0.18943,0.18943,22.0,,4.97503,4.97503,0.5,0.5,0.0,0.0,26.0,26.0,0.2,0.2,data_quality_error,data_quality_error,False,False,False,saturated_fat_greater_than_fat,31.164460000000002
24067102,Bebida de almendras,gutbio,gutbio,beverages,"Alimentos y bebidas de origen vegetal,Bebidas,Alimentos de origen vegetal,en:Dairy substitutes,Sustitutos de la leche,Frutos de cáscara y derivados,Bebidas de origen vegetal,Bebidas vegetales,Leches de frutos de cáscara,Bebidas no azucaradas,Leches de almendras",en:france|en:spain,FRANCE|SOUTHERN_EUROPE,https://images.openfoodfacts.org/images/products/000/002/406/7102/front_es.88.400.jpg,24.0,24.0,2.1,2.1,0.237,0.237,0.4,0.4,3.9068,,0.0,0.0,0.9,0.9,0.1175,0.1175,data_quality_error,data_quality_error,False,False,False,sugars_greater_than_carbohydrates,3.4000000000000004
25226096,British semi-skimmed,cowbelle,cowbelle,dairies,"Dairies, Milks, Semi-skimmed milks",en:united-kingdom,UK_IE,https://images.openfoodfacts.org/images/products/000/002/522/6096/front_en.11.400.jpg,48.9,48.9,1.7,1.7,5.0,,5.0,5.0,5.0,5.0,0.0,0.0,3.4,3.4,0.11,0.11,data_quality_error,data_quality_error,False,False,False,saturated_fat_greater_than_fat,10.1
2550626012966,Gorgonzola au Mascarpone,sans marque,sans marque,dairies,"Produits laitiers,Produits fermentés,Produits laitiers fermentés,Fromages,Fromages de vache,Fromages à pâte persillée,Fromages italiens,Fromages pasteurisés,Gorgonzolas",en:france,FRANCE,https://images.openfoodfacts.org/images/products/255/062/601/2966/front_fr.4.400.jpg,357.2,357.2,33.96,33.96,22.18,22.18,2.4,2.4,2.46,,0.0,0.0,10.228,10.228,0.7566,0.7566,data_quality_error,data_quality_error,False,False,False,sugars_greater_than_carbohydrates,46.588
26065427,Petits Palets de Chèvre Doux,chèvrefin,chevrefin,dairies,"Lácteos,Comidas fermentadas,Productos fermentados de la leche,Botanas,Quesos,Snacks dulces,Galletas y pasteles,Galletas,Queso de cabra,Quesos pasteurizados,Galletas de mantequilla,en:Soft-ripened cheese with bloomy rind from goat's milk,fr:Palets",en:france|en:spain,FRANCE|SOUTHERN_EUROPE,https://images.openfoodfacts.org/images/products/000/002/606/5427/front_fr.49.400.jpg,241.0,241.0,27.0,27.0,19.0,19.0,1.0,1.0,1.5,,0.0,0.0,16.0,16.0,0.9,0.9,data_quality_error,data_quality_error,False,False,False,sugars_greater_than_carbohydrates,44.0
2644756015611,Croissant aux abricots,intermarché,intermarche,snacks,Viennoiseries,en:france,FRANCE,https://images.openfoodfacts.org/images/products/264/475/601/5611/front_fr.14.400.jpg,227.0,227.0,966.1,,,,29.0,29.0,8.7,8.7,,,4.8,4.8,0.62,0.62,data_quality_error,data_quality_error,False,False,False,nutrient_value_above_100g,999.9
27033197,,westminster,westminster,beverages,"Dranken en drankbereidingen,Plantaardige levensmiddelen en dranken,Dranken,Warme dranken,Plantaardige dranken,Theeën,Groene theeën",en:belgium|en:france,BENELUX|FRANCE,https://images.openfoodfacts.org/images/products/000/002/703/3197/front_en.24.400.jpg,1.0,1.0,0.0,0.0,0.0,0.0,0.0,0.0,0.2,,0.0,0.0,0.1,0.1,0.0,0.0,data_quality_error,data_quality_error,False,False,False,sugars_greater_than_carbohydrates,0.1
27039922,Gouda Moutarde et Fénugrec,bistro mix,bistro mix,dairies,"Nabiał,Żywność fermentowana,Fermentowane produkty mleczne,Sery,Ser krowi",en:belgium|en:france|en:poland,BENELUX|FRANCE,https://images.openfoodfacts.org/images/products/000/002/703/9922/front_en.38.400.jpg,386.0,386.0,32.0,32.0,19.0,19.0,0.0,0.0,4.69271275,,1.6,1.6,26.0,26.0,2.065,2.065,data_quality_error,data_quality_error,False,False,False,sugars_greater_than_carbohydrates,58.0
2704630001007,Détox Sud-Africaine,,unknown,beverages,"Aliments et boissons à base de végétaux, Boissons, Boissons chaudes, Boissons à base de végétaux, Infusions, Rooibos",en:france,FRANCE,https://images.openfoodfacts.org/images/products/270/463/000/1007/front_fr.3.400.jpg,1.0,1.0,0.0,0.0,0.0,0.0,0.0,0.0,0.2,,0.0,0.0,0.1,0.1,0.0,0.0,data_quality_error,data_quality_error,False,False,False,sugars_greater_than_carbohydrates,0.1
27048955,Emmental light,mont merveille,mont merveille,dairies,"Produits laitiers, Produits fermentés, Produits laitiers fermentés, Fromages, Fromages de vache, en:cooked-pressed-cheeses, Emmentals, Fromages râpés, Emmentals râpés",en:france,FRANCE,https://images.openfoodfacts.org/images/products/000/002/704/8955/front_fr.4.400.jpg,253.0,253.0,15.0,15.0,9.0,9.0,1.8,1.8,4.887109,,0.0,0.0,28.0,28.0,0.58,0.58,data_quality_error,data_quality_error,False,False,False,sugars_greater_than_carbohydrates,44.8
27065624,Fromage d'abbaye light,molenland,molenland,dairies,"Produits laitiers, Produits fermentés, Produits laitiers fermentés, Fromages",en:belgium|en:france|en:spain,BENELUX|FRANCE|SOUTHERN_EUROPE,https://images.openfoodfacts.org/images/products/000/002/706/5624/front_en.6.400.jpg,264.0,264.0,16.0,16.0,11.0,11.0,0.0,0.0,4.68263725,,0.0,0.0,30.0,30.0,1.6725,1.6725,data_quality_error,data_quality_error,False,False,False,sugars_greater_than_carbohydrates,46.0
27066379,Gouda jeune 48 7 tranches,"aldi einkauf gmbh & compagnie-ohg, molenland",aldi,dairies,"Produits laitiers, Produits fermentés, Produits laitiers fermentés, Fromages, Surgelés, Fromages de vache, Frais, Fromages à pâte pressée non cuite, Fromages des Pays-Bas, Goudas, Fromages pasteurisés, Fromages en tranches, Fromages industriels, en:Labeled-cheeses, Fromages de vache Prim'Holstein, Produits labellisés",en:belgium|en:france,BENELUX|FRANCE,https://images.openfoodfacts.org/images/products/000/002/706/6379/front_fr.26.400.jpg,355.5210325,355.5210325,30.0,30.0,20.2466666666667,20.2466666666667,0.0,0.0,4.8953359375,,0.0,0.0,22.75,22.75,1.875,1.875,data_quality_error,data_quality_error,False,False,False,sugars_greater_than_carbohydrates,52.75
27086650,Cottage cheese,milsani,milsani,dairies,"Dairies, Fermented foods, Fermented milk products, Cheeses, Desserts, Dairy desserts, Fermented dairy desserts, Plain fermented dairy desserts, Fresh cheeses, Cottage cheeses, Plain cottage cheeses, en:cheese-spreads",en:belgium|en:france,BENELUX|FRANCE,https://images.openfoodfacts.org/images/products/000/002/708/6650/front_fr.25.400.jpg,72.0,72.0,0.5,0.5,2.6,,4.0,4.0,1.0,1.0,0.0,0.0,13.0,13.0,0.7,0.7,data_quality_error,data_quality_error,False,False,False,saturated_fat_greater_than_fat,17.5
27640364,Parmigiano Reggiano,asda,asda,dairies,"Dairies, Fermented foods, Fermented milk products, Cheeses, Parmesan Cheese, en:parmigiano-reggiano",en:united-kingdom,UK_IE,https://images.openfoodfacts.org/images/products/000/002/764/0364/front_en.7.400.jpg,387.6,387.6,28.4,28.4,0.11,0.11,0.0,0.0,4.93,,0.0,0.0,33.0,33.0,0.11,0.11,data_quality_error,data_quality_error,False,False,False,sugars_greater_than_carbohydrates,61.4
2845753714860,Holy iced tea,,unknown,beverages,Ice-tea light,en:france,FRANCE,https://images.openfoodfacts.org/images/products/284/575/371/4860/front_fr.3.400.jpg,3.2,3.2,0.1,0.1,0.1,0.1,0.2,0.2,0.5,,0.9,0.9,0.9,0.9,0.1,0.1,data_quality_error,data_quality_error,False,False,False,sugars_greater_than_carbohydrates,1.2000000000000002
29398591,Chocolate chip cookie envelopes,marks & spencer,marks & spencer,snacks,"Snacks,Sweet snacks,Biscuits and cakes,Biscuits and crackers,Biscuits,Chocolate biscuits,Drop cookies,Chocolate chip cookies,Cookies with milk chocolate",en:united-kingdom,UK_IE,https://images.openfoodfacts.org/images/products/000/002/939/8591/front_en.3.400.jpg,51.0,51.0,25.2,25.2,72.5,,322.0,,30.4,30.4,2.2,2.2,5.2,5.2,0.75,0.75,data_quality_error,data_quality_error,False,False,False,nutrient_value_above_100g|saturated_fat_greater_than_fat,352.4
2947396006149,Castelões Receita Original,castelões,casteloes,dairies,"Produits laitiers, Produits fermentés, Produits laitiers fermentés, Fromages, Fromages de vache, Fromages à pâte pressée non cuite, Fromages des Pays-Bas, Fromages pasteurisés",en:france,FRANCE,https://images.openfoodfacts.org/images/products/294/739/600/6149/front_fr.14.400.jpg,373.0,373.0,31.0,31.0,20.0,20.0,0.4,0.4,0.5,,,,22.0,22.0,1.3,1.3,data_quality_error,data_quality_error,False,False,False,sugars_greater_than_carbohydrates,53.4
30087040,Camembert,president,president,dairies,"Produits laitiers, Produits fermentés, Produits laitiers fermentés, Fromages, Fromages de vache, Fromages à pâte molle à croûte fleurie, Camemberts, Camemberts au lait de vache, Fromages pasteurisés, Camemberts au lait pasteurisé de vache",en:denmark|en:france,NORDICS|FRANCE,https://images.openfoodfacts.org/images/products/000/003/008/7040/front_fr.33.400.jpg,269.0,269.0,21.0,21.0,15.0,15.0,0.0,0.0,4.92993098,,0.0,0.0,20.0,20.0,0.0014,0.0014,data_quality_error,data_quality_error,False,False,False,sugars_greater_than_carbohydrates,41.0
3017768568465,Lot de 4 Prince (3 Goût Chocolat + 1 Goût Tout Choco),"lu, prince",lu,snacks,"Snacks, Snacks sucrés, Biscuits et gâteaux, Biscuits, Biscuits au chocolat",en:france,FRANCE,,464.0,464.0,18.0,18.0,,,6.7,6.7,34.0,,5.1,5.1,7.1,7.1,0.55,0.55,data_quality_error,data_quality_error,False,False,False,sugars_greater_than_carbohydrates,31.8
3023290024225,Yaos,nestlé,nestle,dairies,"Produits laitiers, Produits fermentés, Desserts, Produits laitiers fermentés, Desserts lactés, Desserts lactés fermentés, Yaourts, Desserts lactés fermentés nature, Yaourts natures",en:france,FRANCE,https://images.openfoodfacts.org/images/products/302/329/002/4225/front_fr.4.400.jpg,104.0,104.0,0.0084,0.0084,5.6,,3.4,3.4,3.4,3.4,,,2.9,2.9,0.12,0.12,data_quality_error,data_quality_error,False,False,False,saturated_fat_greater_than_fat,6.3084
3023290059241,Lindahls Kvarg white chocolate,"lindahls,nestlé",lindahls,dairies,"Dairies,Desserts,Dairy desserts,Quarks",en:united-kingdom,UK_IE,https://images.openfoodfacts.org/images/products/302/329/005/9241/front_en.3.400.jpg,57.0,57.0,0.0,0.0,16.92613125,,4.1,4.1,3.7,3.7,0.0116666666666667,0.0116666666666667,10.0,10.0,0.000225,0.000225,data_quality_error,data_quality_error,False,False,False,saturated_fat_greater_than_fat,14.1
3023292260034,Flanby,nestlé,nestle,dairies,"Produits laitiers, Desserts, Desserts lactés, Flans gélifiés",en:france,FRANCE,https://images.openfoodfacts.org/images/products/302/329/226/0034/front_fr.9.400.jpg,102.0,102.0,0.8,0.8,0.5,0.5,20.3,20.3,20.8,,0.1,0.1,3.0,3.0,0.13,0.13,data_quality_error,data_quality_error,False,False,False,sugars_greater_than_carbohydrates,24.1
3033490958237,Taillefine Yaourt aux fruits 0% Framboise,"danone, taillefine",danone,dairies,"Produits laitiers, Produits fermentés, Desserts, Produits laitiers fermentés, Desserts lactés, Desserts lactés fermentés, Desserts lactés fermentés aux fruits, Yaourts, Yaourts aux fruits, Yaourts allégés en matière grasse",en:france,FRANCE,,41.0,41.0,0.0,0.0,0.04,,0.0,0.0,5.3,,0.0,0.0,3.8,3.8,0.0,0.0,data_quality_error,data_quality_error,False,False,False,sugars_greater_than_carbohydrates|saturated_fat_greater_than_fat,3.8
3033491557798,Danone vanille,danone,danone,dairies,"Produits laitiers, Produits fermentés, Desserts, Produits laitiers fermentés, Desserts lactés, Desserts lactés fermentés, Yaourts",en:france,FRANCE,https://images.openfoodfacts.org/images/products/303/349/155/7798/front_fr.7.400.jpg,67.0,67.0,1.0,1.0,1.760000038147,,11.1,11.1,11.1,11.1,,,3.4,3.4,0.125,0.125,data_quality_error,data_quality_error,False,False,False,saturated_fat_greater_than_fat,15.5
3033491922466,Cottage Cheese,danone,danone,dairies,"Produits laitiers, Produits fermentés, Produits laitiers fermentés, Produits à tartiner, Fromages, Produits à tartiner salés, Fromages à pâte fraîche, Fromages à tartiner, Cottage cheeses, Fromage-sale-a-tartiner",en:france|en:luxembourg,FRANCE|BENELUX,https://images.openfoodfacts.org/images/products/303/349/192/2466/front_fr.59.400.jpg,87.9541108986615,87.9541108986615,3.3,3.3,2.4,2.4,1.4,1.4,1.6,,0.0,0.0,12.0,12.0,0.0,0.0,data_quality_error,data_quality_error,False,False,False,sugars_greater_than_carbohydrates,16.7
3038910004471,Le Saint Morgon (23% MG),président,president,dairies,"Produits laitiers, Produits fermentés, Produits laitiers fermentés, Fromages, Fromages à pâte molle, Fromages de vache, Fromages à pâte molle à croûte fleurie, Produits pasteurisés, Fromages de France, Fromages pasteurisés",en:canada|en:france|en:germany,US_CANADA|FRANCE|DACH,https://images.openfoodfacts.org/images/products/303/891/000/4471/front_fr.35.400.jpg,300.0,300.0,23.33333333,23.33333333,16.6666666666667,16.6666666666667,0.0,0.0,4.90966375,,0.0,0.0,20.0,20.0,1.375,1.375,data_quality_error,data_quality_error,False,False,False,sugars_greater_than_carbohydrates,43.33333333
3046920044691,Création vanille-amandes coulis de caramel,lindt,lindt,snacks,"Snacks, Snacks sucrés, Cacao et dérivés, Chocolats",en:france,FRANCE,,330.876709558824,330.876709558824,38.0735900735294,38.0735900735294,6.71305055147059,6.71305055147059,53.6931433823529,53.6931433823529,53.6942821691176,,-0.002729779411765,,4.98670514705882,4.98670514705882,0.125995485294118,0.125995485294118,data_quality_error,data_quality_error,False,False,False,negative_nutrient_value|sugars_greater_than_carbohydrates,96.75343860294112
3057640393983,Volvic Touch of Fruit Orange and Peach,volvic,volvic,beverages,"Boissons, Boissons avec sucre ajouté",en:france,FRANCE,,18.0,18.0,0.5,0.5,0.0,0.0,4.5,4.5,4.56,,0.0,0.0,0.0,0.0,0.01,0.01,data_quality_error,data_quality_error,False,False,False,sugars_greater_than_carbohydrates,5.0
3057640479878,Volvic Juicy au jus de fruit exotiques,"volvic,volvic juicy",volvic,beverages,"Aliments et boissons à base de végétaux,Boissons,Boissons à base de végétaux,Boissons aux fruits,Eaux,Eaux aromatisées,Boissons avec sucre ajouté,Boisson à l'eau minérale aromatisée sucrée",en:france|en:switzerland,FRANCE|DACH,https://images.openfoodfacts.org/images/products/305/764/047/9878/front_fr.3.400.jpg,32.1,32.1,0.5,0.5,0.0,0.0,6.4,6.4,6.48,,,,0.5,0.5,0.0,0.0,data_quality_error,data_quality_error,False,False,False,sugars_greater_than_carbohydrates,7.4
3057640521683,Volvic Essence Zitrone-Apfel 75cl PET,"danone, volvic, volvier",danone,beverages,"getränke-und-getränkezubereitungen, getränke, kohlensäurehaltige-getränke, wasser, erfrischungsgetränke, wasser-mit-geschmack, zuckerfreies-wasser-mit-geschmack, fr:aliments-et-boissons-à-base-de-végétaux, boisson-à-l'eau-minérale-aromatisée-non-sucrée-sans-édulcorant, fr:boissons, fr:boissons-aux-fruits, fr:boissons-sans-sucre-ajouté, fr:boissons-à-base-de-végétaux, fr:eaux, fr:eaux-aromatisées, fr:eaux-aromatisées-sans-sucre-ajouté, fr:eaux-de-sources, fr:eaux-minérales",en:france|en:germany|en:switzerland,FRANCE|DACH,https://images.openfoodfacts.org/images/products/305/764/052/1683/front_fr.40.400.jpg,1.0,1.0,0.0,0.0,0.000554,,0.0,0.0,0.0,0.0,0.007,0.007,0.0,0.0,0.0,0.0,data_quality_error,data_quality_error,False,False,False,saturated_fat_greater_than_fat,0.0
3057640604348,Vitamin +,volvic,volvic,beverages,"Boissons et préparations de boissons,Boissons,Eaux,Eaux aromatisées,Boisson à l'eau minérale aromatisée non sucrée sans édulcorant",en:france,FRANCE,https://images.openfoodfacts.org/images/products/305/764/060/4348/front_fr.5.400.jpg,1.0,1.0,0.0,0.0,2.25e-08,,0.0,0.0,2.70433e-05,,1.21695e-05,1.21695e-05,0.0,0.0,0.0074484957932692,0.0074484957932692,data_quality_error,data_quality_error,False,False,False,sugars_greater_than_carbohydrates|saturated_fat_greater_than_fat,0.0
3067140013120,Chicorée soluble nature,leroux,leroux,beverages,"Chicorée soluble,Chicorée instantanée avec de l'eau",en:france|en:morocco|en:spain,FRANCE|SOUTHERN_EUROPE,https://images.openfoodfacts.org/images/products/306/714/001/3120/front_en.274.400.jpg,6180.0,,10.0,10.0,2.0,2.0,1160.0,,420.0,,640.0,,62.0,62.0,0.0,0.0,data_quality_error,data_quality_error,False,False,False,energy_above_900_kcal|nutrient_value_above_100g,1232.0
3067140036266,Chicorée torréfiée en grains,leroux,leroux,beverages,"Aliments et boissons à base de végétaux, Boissons, Petit-déjeuners, Boissons chaudes, Boissons à base de végétaux, Boissons instantanées, Boissons sans sucre ajouté, en:Instant coffee substitutes, Chicorée soluble, Chicorée",en:france,FRANCE,https://images.openfoodfacts.org/images/products/306/714/003/6266/front_fr.76.400.jpg,305.0,305.0,0.0,0.0,0.01,,55.0,55.0,16.0,16.0,32.0,32.0,4.8,4.8,0.22,0.22,data_quality_error,data_quality_error,False,False,False,saturated_fat_greater_than_fat,59.8
3068320132204,Badoit bulles de citron,badoit,badoit,beverages,"Beverages and beverages preparations, Plant-based foods and beverages, Beverages, Plant-based beverages, Carbonated drinks, Fruit-based beverages, Waters, Sodas, Flavored waters, Fruit sodas, Lemon soft drinks, en:spring-waters",en:france,FRANCE,https://images.openfoodfacts.org/images/products/306/832/013/2204/front_en.3.400.jpg,19.0,19.0,0.5,0.5,0.0,0.0,4.0,4.0,4.1,,0.0,0.0,0.5,0.5,0.06,0.06,data_quality_error,data_quality_error,False,False,False,sugars_greater_than_carbohydrates,5.0
3073780828642,Babybel Light Mini,babybel,babybel,dairies,"Dairies, Fermented foods, Fermented milk products, Cheeses, en:cheddar-cheese",en:canada|en:united-kingdom,US_CANADA|UK_IE,https://images.openfoodfacts.org/images/products/307/378/082/8642/front_en.136.400.jpg,210.0,210.0,12.0,12.0,8.0,8.0,0.0,0.0,0.05,,0.0,0.0,25.0,25.0,0.355,0.355,data_quality_error,data_quality_error,False,False,False,sugars_greater_than_carbohydrates,37.0
3073780965828,Mini Babybel,babybel,babybel,dairies,"Produits laitiers,Produits fermentés,Produits laitiers fermentés,Fromages,Fromages pasteurisés,Fromages pour enfants",en:australia|en:france,FRANCE,https://images.openfoodfacts.org/images/products/307/378/096/5828/front_fr.33.400.jpg,235.0,235.0,15.0,15.0,10.0,10.0,1.0,1.0,4.75252,,0.0,0.0,25.0,25.0,1.775,1.775,data_quality_error,data_quality_error,False,False,False,sugars_greater_than_carbohydrates,41.0
3073781073645,La vache qui rit,la vache qui rit,la vache qui rit,dairies,"Dairies, Fermented foods, Fermented milk products, Cheeses",en:france|en:morocco|en:world,FRANCE,https://images.openfoodfacts.org/images/products/307/378/107/3645/front_fr.4.400.jpg,247.0,247.0,2.5,2.5,13.5,,6.0,6.0,6.0,6.0,,,9.5,9.5,1.7,1.7,data_quality_error,data_quality_error,False,False,False,saturated_fat_greater_than_fat,18.0
3073781102413,Leerdammer Break Crackers,leerdammer®,leerdammer,dairies,"Produits laitiers, Snacks, Snacks salés",en:france,FRANCE,https://images.openfoodfacts.org/images/products/307/378/110/2413/front_fr.28.400.jpg,352.0,352.0,22.0,22.0,19.0,19.0,0.5,0.5,3.3,,0.5,0.5,25.0,25.0,1.8,1.8,data_quality_error,data_quality_error,False,False,False,sugars_greater_than_carbohydrates,47.5
3073781117257,Leerdammer Le Corsé,leerdammer®,leerdammer,dairies,"Produits laitiers, Produits fermentés, Produits laitiers fermentés, Fromages",en:france,FRANCE,https://images.openfoodfacts.org/images/products/307/378/111/7257/front_fr.60.400.jpg,377.0,377.0,30.5,30.5,20.5,20.5,0.10000000149012,0.10000000149012,0.5,,0.0,0.0,25.5,25.5,2.1,2.1,data_quality_error,data_quality_error,False,False,False,sugars_greater_than_carbohydrates,56.100000001490116
3073781117295,Leerdammer Corsé 6 tranches,leerdammer®,leerdammer,dairies,"Produits laitiers, Produits fermentés, Produits laitiers fermentés, Fromages, Fromages pasteurisés",en:france,FRANCE,https://images.openfoodfacts.org/images/products/307/378/111/7295/front_fr.34.400.jpg,377.0,377.0,30.5,30.5,20.5,20.5,0.10000000149012,0.10000000149012,0.5,,0.0,0.0,2.0999999046326,2.0999999046326,2.1,2.1,data_quality_error,data_quality_error,False,False,False,sugars_greater_than_carbohydrates,32.69999990612272
3073781144000,Vache qui rit cuisine,vache qui rit,vache qui rit,dairies,en:cheeses,en:france,FRANCE,https://images.openfoodfacts.org/images/products/307/378/114/4000/front_en.3.400.jpg,230.0,230.0,18.0,18.0,12.0,12.0,6.0,6.0,6.5,,,,10.5,10.5,,,data_quality_error,data_quality_error,False,False,False,sugars_greater_than_carbohydrates,34.5
3080216063201,bière fruitée,,unknown,beverages,en:beers,en:france,FRANCE,https://images.openfoodfacts.org/images/products/308/021/606/3201/front_en.3.400.jpg,,,0.0,0.0,0.0,0.0,663.2,,3.2,3.2,,,,,,,data_quality_error,data_quality_error,False,False,False,nutrient_value_above_100g,
3103220009659,Banan's,haribo,haribo,snacks,"snacks, snacks-sucrés, cacao-et-dérivés, confiseries, confiseries-chocolatées, bonbons-de-chocolat, bonbons, bonbons-gélifiés, fr:bonbons-de-chocolat, en:bonbons-gélifiés, en:cacao-et-dérivés, fr:confiseries, en:confiseries-chocolatées, en:snacks-sucrés",en:france,FRANCE,https://images.openfoodfacts.org/images/products/310/322/000/9659/front_fr.26.400.jpg,361.0,361.0,0.5,0.5,0.1,0.1,87.0,87.0,74000.0,,0.0,0.0,2.8,2.8,0.0,0.0,data_quality_error,data_quality_error,False,False,False,sugars_greater_than_carbohydrates,90.3
3103220009956,Tirlibibi,haribo,haribo,snacks,"Snacks,Sweet snacks,Confectioneries,Candies",en:france|en:guadeloupe,FRANCE,https://images.openfoodfacts.org/images/products/310/322/000/9956/front_fr.6.400.jpg,340.0,340.0,0.6,0.6,0.0162675,0.0162675,79.0,79.0,90.9143654785156,,0.0,0.0,5.5,5.5,0.55,0.55,data_quality_error,data_quality_error,False,False,False,sugars_greater_than_carbohydrates,85.1
3103220032794,Tagada Pink,haribo,haribo,snacks,"Snacks,Snacks sucrés,Confiseries,Bonbons,Bonbons gélifiés,Fraises gélifiées",en:france,FRANCE,https://images.openfoodfacts.org/images/products/310/322/003/2794/front_fr.16.400.jpg,370.0,370.0,0.0,0.0,0.1,,88.0,88.0,73.0,73.0,0.0,0.0,2.8,2.8,0.225,0.225,data_quality_error,data_quality_error,False,False,False,saturated_fat_greater_than_fat,90.8
3119780265701,bière,heineken,heineken,beverages,"Beverages, Alcoholic beverages, Beers",en:france,FRANCE,https://images.openfoodfacts.org/images/products/311/978/026/5701/front_en.7.400.jpg,42.0,42.0,0.0,0.0,3.2,,,,0.0,0.0,,,0.0,0.0,0.01,0.01,data_quality_error,data_quality_error,False,False,False,saturated_fat_greater_than_fat,
3124480186867,Virgin mojito,schweppes,schweppes,beverages,"Boissons, Surgelés, Boissons gazeuses, Sodas, Boissons avec sucre ajouté",en:belgium|en:france|en:morocco,BENELUX|FRANCE,https://images.openfoodfacts.org/images/products/312/448/018/6867/front_fr.35.400.jpg,18.0,18.0,0.0,0.0,7.5e-05,,4.2,4.2,4.2,4.2,0.0645,0.0645,0.0,0.0,2.5e-05,2.5e-05,data_quality_error,data_quality_error,False,False,False,saturated_fat_greater_than_fat,4.2
3124480191182,PET 2L OASIS TROPICAL,"oasis,orangina schweppes france",oasis,beverages,"Beverages and beverages preparations,Plant-based foods and beverages,Beverages,Plant-based beverages,Fruit-based beverages,Sweetened beverages,Aliments-et-boissons-a-base-de-vegetaux,Boissons-a-base-de-vegetaux,Boissons-avec-sucre-ajoute,fr:Aromatisé,fr:Boisson-rafraichissante-aux-fruits-et-à-l'eau-de-source",en:belgium|en:france|en:switzerland|en:la-reunion,BENELUX|FRANCE|DACH,https://images.openfoodfacts.org/images/products/312/448/019/1182/front_en.145.400.jpg,28.0,28.0,0.0,0.0,0.0,0.0,6.1,6.1,6.6,,0.0,0.0,0.1,0.1,0.03,0.03,data_quality_error,data_quality_error,False,False,False,sugars_greater_than_carbohydrates,6.199999999999999
3160920774423,Citronnelle,esprit bio,esprit bio,beverages,"Aliments et boissons à base de végétaux,Boissons,Boissons chaudes,Boissons à base de végétaux,Infusions,Infusions aux fruits,Infusions aux agrumes,Citronnelle",en:france,FRANCE,https://images.openfoodfacts.org/images/products/316/092/077/4423/front_fr.20.400.jpg,1.0,1.0,0.0,0.0,0.0,0.0,0.0,0.0,0.2,,0.0,0.0,0.1,0.1,0.0,0.0,data_quality_error,data_quality_error,False,False,False,sugars_greater_than_carbohydrates,0.1
3161911229199,Le Beurre Tendre,elle & vire,elle & vire,dairies,"Produits laitiers, Matières grasses, Produits à tartiner, Matières grasses à tartiner, Matières grasses animales, Matière grasse laitière, en:dairy-spread, Beurres, Beurres de crème douce",en:france,FRANCE,https://images.openfoodfacts.org/images/products/316/191/122/9199/front_fr.5.400.jpg,744.0,744.0,82.0,82.0,57.0,57.0,0.8,0.8,0.83,,0.0,0.0,0.7,0.7,0.05,0.05,data_quality_error,data_quality_error,False,False,False,sugars_greater_than_carbohydrates,83.5
3176582088419,Raclette lover classique,richesmonts,richesmonts,dairies,"Produits laitiers,Produits fermentés,Produits laitiers fermentés,Fromages,Raclettes",en:france,FRANCE,https://images.openfoodfacts.org/images/products/317/658/208/8419/front_en.3.400.jpg,328.0,328.0,26.0,26.0,6.4,6.4,0.4,0.4,4.85112,,0.0,0.0,23.2,23.2,1.6,1.6,data_quality_error,data_quality_error,False,False,False,sugars_greater_than_carbohydrates,49.599999999999994
3176800032033,Potabio du monde - Mexicain,nat-ali,nat ali,beverages,"Boissons, Plats préparés, Produits déshydratés, Produits lyophilisés à reconstituer, Soupes, Plats préparés déshydratés, Soupes déshydratées, Boissons avec sucre ajouté",en:france,FRANCE,https://images.openfoodfacts.org/images/products/317/680/003/2033/front_fr.8.400.jpg,12.0,12.0,0.3,0.3,0.4,,2.3,2.3,0.5,0.5,9.5,9.5,0.4,0.4,0.5,0.5,data_quality_error,data_quality_error,False,False,False,saturated_fat_greater_than_fat,2.9999999999999996
3178530415254,Sablés à l'abricot et aux amandes,bonne maman,bonne maman,snacks,"Snacks,Sweet snacks,Biscuits and cakes,Biscuits,Shortbread cookies,Fruit-filled biscuits",en:france,FRANCE,https://images.openfoodfacts.org/images/products/317/853/041/5254/front_fr.38.400.jpg,566.0,566.0,24.0,,14.0,14.0,80.0,,52.0,52.0,2.7585,2.7585,6.2,,1.0,1.0,data_quality_error,data_quality_error,False,False,False,macros_exceed_100g,110.2
3180290028377,Giffard crème de cassis d'Anjou 16°,giffard,giffard,beverages,"Boissons,Boissons alcoolisées,Liqueurs,Crèmes de cassis",en:france,FRANCE,https://images.openfoodfacts.org/images/products/318/029/002/8377/front_fr.9.400.jpg,245.0,245.0,40.9,40.9,0.007,0.007,40.9,40.9,60.364,,0.29,0.29,0.0,0.0,0.0,0.0,data_quality_error,data_quality_error,False,False,False,sugars_greater_than_carbohydrates,81.8
3181976846056,Bateau Apple Wine,,unknown,beverages,"Beverages,Alcoholic beverages,Wines,Wines from France,Burgundy wines,Rosé wines,fr:Bourgogne Clairet,fr:Bourgogne Clairet Hautes Côtes de Nuits",en:france,FRANCE,,7.0,7.0,98.0,,47.0,47.0,63.0,,45.0,45.0,37.0,37.0,42.0,,95.0,95.0,data_quality_error,data_quality_error,False,False,False,macros_exceed_100g,203.0
3183870001388,Roquefort Vernières frères,vernières frères,vernieres freres,dairies,"Produits laitiers, Produits fermentés, Produits laitiers fermentés, Fromages, Fromages à pâte persillée, Fromages à pâte persillée français, Fromages de brebis, Roqueforts",en:france,FRANCE,https://images.openfoodfacts.org/images/products/318/387/000/1388/front_fr.5.400.jpg,365.0,365.0,31.0,31.0,20.0,20.0,1.5,1.5,4.62434,,0.5,0.5,19.0,19.0,3.1,3.1,data_quality_error,data_quality_error,False,False,False,sugars_greater_than_carbohydrates,51.5
3184830134856,Roquefort appellation d'origine protegee,"carrefour, en cuisine",carrefour,dairies,en:roquefort-cheeses,en:france,FRANCE,https://images.openfoodfacts.org/images/products/318/483/013/4856/front_fr.3.400.jpg,368.0,368.0,32.0,32.0,24.0,24.0,1.0,1.0,4.61448,,0.0,0.0,19.0,19.0,3.2,3.2,data_quality_error,data_quality_error,False,False,False,sugars_greater_than_carbohydrates,52.0
3220179446400,Bretzels Sticks Salés,casino,casino,snacks,Snacks,en:france,FRANCE,https://images.openfoodfacts.org/images/products/322/017/944/6400/front_fr.4.400.jpg,382.0,382.0,2.9,2.9,0.4,0.4,64.484,64.484,76.0,,3.8,3.8,11.0,11.0,3.1,3.1,data_quality_error,data_quality_error,False,False,False,sugars_greater_than_carbohydrates,78.384
3221580064139,,ackerman,ackerman,beverages,Alcoholvrije wijnen,en:france,FRANCE,https://images.openfoodfacts.org/images/products/322/158/006/4139/front_nl.28.400.jpg,26.0,26.0,0.0,0.0,0.0,0.0,0.0,0.0,6.5,,0.0,0.0,0.1,0.1,,,data_quality_error,data_quality_error,False,False,False,sugars_greater_than_carbohydrates,0.1
3222110002669,Saint Agur,"saint agur, savencia",saint agur,dairies,"Produits laitiers, Produits fermentés, Produits laitiers fermentés, Fromages, Fromages de vache, Frais, Fromages à pâte persillée, Fromages de France, Fromages à pâte persillée français, Fromages pasteurisés, Fromages industriels, Saint-agur",en:france,FRANCE,https://images.openfoodfacts.org/images/products/322/211/000/2669/front_fr.4.400.jpg,365.0,365.0,33.0,33.0,0.11,0.11,1.0,1.0,4.93,,0.0,0.0,16.0,16.0,0.11,0.11,data_quality_error,data_quality_error,False,False,False,sugars_greater_than_carbohydrates,50.0
3222110024043,Saint Agur ® (33% MG) - Offre €co,"saint agur, savencia",saint agur,dairies,"Produits laitiers, Produits fermentés, Produits laitiers fermentés, Fromages, Fromages de vache, Frais, Fromages à pâte persillée, Fromages de France, Fromages à pâte persillée français, Fromages pasteurisés, Fromages industriels, Saint-agur",en:france,FRANCE,https://images.openfoodfacts.org/images/products/322/211/002/4043/front_fr.5.400.jpg,365.0,365.0,33.0,33.0,0.11,0.11,1.0,1.0,4.93,,0.0,0.0,16.0,16.0,0.11,0.11,data_quality_error,data_quality_error,False,False,False,sugars_greater_than_carbohydrates,50.0
3222473531639,Davelghem Bière d'Abbaye Blonde,casino,casino,beverages,"Boissons, Boissons alcoolisées",en:france,FRANCE,https://images.openfoodfacts.org/images/products/322/247/353/1639/front_fr.8.400.jpg,52.0,52.0,0.0,0.0,0.1,,3.4,3.4,0.0,0.0,0.0,0.0,0.6,0.6,0.0,0.0,data_quality_error,data_quality_error,False,False,False,saturated_fat_greater_than_fat,4.0
3222475953446,Rocamadour,"casino, casino ca vient d'ici",casino,dairies,"Produits laitiers, Produits fermentés, Produits laitiers fermentés, Fromages, Fromages de France, Fromages de chèvre, Fromages à pâte molle à croûte naturelle, Rocamadour",en:france,FRANCE,https://images.openfoodfacts.org/images/products/322/247/595/3446/front_fr.16.400.jpg,269.0,269.0,22.0,22.0,18.0,18.0,0.8,0.8,1.0,,0.0,0.0,17.0,17.0,1.1,1.1,data_quality_error,data_quality_error,False,False,False,sugars_greater_than_carbohydrates,39.8
3222477447387,Cappuccino 10 sachets individuels,casino,casino,beverages,"Beverages and beverages preparations, Plant-based foods and beverages, Beverages, Plant-based foods, Beverage preparations, Dried products, Dried products to be rehydrated, Coffees, Instant beverages, Dehydrated beverages, en:sweetened-beverages",en:france,FRANCE,https://images.openfoodfacts.org/images/products/322/247/744/7387/front_fr.12.400.jpg,335.0,335.0,0.0,0.0,0.3,,63.0,63.0,63.0,63.0,3.4,3.4,18.0,18.0,0.94,0.94,data_quality_error,data_quality_error,False,False,False,saturated_fat_greater_than_fat,81.0
3222477804418,L’onctueux Fontainebleau sur lit de fruits rouge,"casino, casino délices",casino,dairies,"Aliments et boissons à base de végétaux, Aliments d'origine végétale, Produits laitiers, Produits fermentés, Aliments à base de fruits et de légumes, Desserts, Produits laitiers fermentés, Desserts lactés, Fruits et produits dérivés, Desserts lactés fermentés, Fruits, Desserts lactés fermentés aux fruits, Fruits rouges, Desserts lactés fermentés aux fruits sucrés à la crème",en:france,FRANCE,https://images.openfoodfacts.org/images/products/322/247/780/4418/front_fr.3.400.jpg,181.0,181.0,13.0,13.0,8.4,8.4,0.013,0.013,12.0,,0.5,0.5,2.8,2.8,0.05,0.05,data_quality_error,data_quality_error,False,False,False,sugars_greater_than_carbohydrates,15.812999999999999
3226219013991,Sablés pur beurre aux pommes et à la crème fraîche d’Isigny AOP,biscuiterie de l’abbaye,biscuiterie de labbaye,snacks,en:shortbread-cookies,en:france,FRANCE,,501.0,501.0,2.4e-05,2.4e-05,16.0,,65.0,65.0,31.0,31.0,2.0,2.0,5.3,5.3,0.41,0.41,data_quality_error,data_quality_error,False,False,False,saturated_fat_greater_than_fat,70.300024
3228024030255,La bûche fondante,président,president,dairies,"Produits laitiers,Produits fermentés,Produits laitiers fermentés,Fromages,Fromages de chèvre,Fromages pasteurisés,Bûche de chèvre",en:france,FRANCE,https://images.openfoodfacts.org/images/products/322/802/403/0255/front_fr.7.400.jpg,288.0,288.0,24.0,24.0,18.2,18.2,0.0,0.0,0.27,,0.0,0.0,18.0,18.0,1.28,1.28,data_quality_error,data_quality_error,False,False,False,sugars_greater_than_carbohydrates,42.0
3228470064774,Dosettes café Corsé,senseo,senseo,beverages,"Boissons et préparations de boissons,Aliments et boissons à base de végétaux,Boissons,Aliments d'origine végétale,Boissons chaudes,Cafés,Dosettes,Cafés en dosettes,Cafés en dosettes compatible Senseo",en:france,FRANCE,https://images.openfoodfacts.org/images/products/322/847/006/4774/front_fr.25.400.jpg,4.0,4.0,0.189,0.189,0.119,0.119,0.76,0.76,0.251,0.251,0.038,0.038,206.0,,0.011,0.011,data_quality_error,data_quality_error,False,False,False,nutrient_value_above_100g,206.94899999999998
3229820789699,Détox à l'eau de coco,gayelord hauser,gayelord hauser,beverages,"Aliments et boissons à base de végétaux, Boissons, Boissons à base de végétaux, Eaux de coco",en:france,FRANCE,https://images.openfoodfacts.org/images/products/322/982/078/9699/front_fr.8.400.jpg,48.0,48.0,0.0,0.0,0.0,0.0,11.9,11.9,12.0,,0.4,0.4,0.0,0.0,0.0,0.0,data_quality_error,data_quality_error,False,False,False,sugars_greater_than_carbohydrates,11.9
3242612000017,Liqueur de plantes et de fleurs,eyguebelle,eyguebelle,beverages,"Boissons, Boissons alcoolisées, Liqueurs, Liqueur herbale",en:france,FRANCE,https://images.openfoodfacts.org/images/products/324/261/200/0017/front_fr.4.400.jpg,123.0,123.0,12.0,12.0,13.0,,0.0,0.0,0.0,0.0,0.0,0.0,0.0,0.0,0.0,0.0,data_quality_error,data_quality_error,False,False,False,saturated_fat_greater_than_fat,12.0
3248340040882,Pur jus d'orange,helior,helior,beverages,"Aliments et boissons à base de végétaux, Boissons, Boissons à base de végétaux, Boissons aux fruits, Jus et nectars, Jus de fruits, Jus d'orange, Jus de fruits pur jus, Jus d'orange pur jus",en:belgium|en:france,BENELUX|FRANCE,https://images.openfoodfacts.org/images/products/324/834/004/0882/front_fr.18.400.jpg,48.0,48.0,0.0,0.0,0.053,,11.0,11.0,9.61,9.61,0.28,0.28,0.5,0.5,0.012,0.012,data_quality_error,data_quality_error,False,False,False,saturated_fat_greater_than_fat,11.5
3248340057002,Lait choco,lidl,lidl,dairies,"Boissons, Produits laitiers, Boissons lactées, Laits aromatisés, Laits aromatisés au chocolat",en:france,FRANCE,https://images.openfoodfacts.org/images/products/324/834/005/7002/front_fr.4.400.jpg,65.0,65.0,0.0012,0.0012,0.7,,9.8,9.8,9.6,9.6,,,3.5,3.5,0.2,0.2,data_quality_error,data_quality_error,False,False,False,saturated_fat_greater_than_fat,13.301200000000001
3250391408849,Beaufort aop 200g,"itinéraire des saveurs, paturages, itineraire de nos regions",itineraire des saveurs,dairies,"Produits laitiers,Produits fermentés,Produits laitiers fermentés,Fromages,Fromages à pâte pressée cuite,Fromages de France,Beaufort, Autre fromage a pate pressee cuite",en:france,FRANCE,https://images.openfoodfacts.org/images/products/325/039/140/8849/front_fr.38.400.jpg,401.0,401.0,33.0,33.0,22.0,22.0,0.0,0.0,0.1,,0.0,0.0,26.0,26.0,1.2,1.2,data_quality_error,data_quality_error,False,False,False,sugars_greater_than_carbohydrates,59.0
3250392612047,Fromage blanc abricot,pâturages,paturages,dairies,"Produits laitiers, Produits fermentés, Desserts, Produits laitiers fermentés, Fromages, Desserts lactés, Desserts lactés fermentés, Quarks, Fromages blancs, Fromages à la crème",en:france,FRANCE,https://images.openfoodfacts.org/images/products/325/039/261/2047/front_fr.4.400.jpg,90.0,90.0,2.5,2.5,3.0,,11.9,11.9,11.4,11.4,,,5.2,5.2,0.1,0.1,data_quality_error,data_quality_error,False,False,False,saturated_fat_greater_than_fat,19.6
3254150009209,Fromage de chèvre Ardèchois,areilladou,areilladou,dairies,"Dairies, Fermented foods, Fermented milk products, Cheeses, en:goat-cheeses",en:france,FRANCE,https://images.openfoodfacts.org/images/products/325/415/000/9209/front_fr.7.400.jpg,56.8,56.8,0.026,0.026,2.16,,3.47,3.47,3.37,3.37,0.0,0.0,3.3,3.3,0.2,0.2,data_quality_error,data_quality_error,False,False,False,saturated_fat_greater_than_fat,6.795999999999999
3254560043442,Rocher noir fourre au praline,auchan,auchan,snacks,"Snacks,Snacks sucrés,Cacao et dérivés,Confiseries,Chocolats fourrés au praliné,Chocolats noirs",en:france|en:world,FRANCE,https://images.openfoodfacts.org/images/products/325/456/004/3442/front_en.43.400.jpg,190.0,190.0,12.0,12.0,5.0,5.0,1.8,1.8,17.0,,1.9,1.9,2.1,2.1,0.04,0.04,data_quality_error,data_quality_error,False,False,False,sugars_greater_than_carbohydrates,15.9
3254690055100,Jus de pomme Pressade,pressade,pressade,beverages,"Aliments et boissons à base de végétaux, Boissons, Aliments d'origine végétale, Boissons à base de végétaux, Boissons aux fruits, Jus et nectars, Jus de fruits, Boissons sans sucre ajouté, Jus de pomme, Jus de fruits pur jus, Jus de pommes pur jus",en:france,FRANCE,https://images.openfoodfacts.org/images/products/325/469/005/5100/front_fr.16.400.jpg,49.2,49.2,0.0,0.0,0.046,,11.7,11.7,11.5,11.5,0.0,0.0,0.6,0.6,0.0,0.0,data_quality_error,data_quality_error,False,False,False,saturated_fat_greater_than_fat,12.299999999999999
3256223264720,Cookies chocolat pépite de chocolat paquet de,"u, u bio",u,snacks,"Snacks, Snacks sucrés, Biscuits et gâteaux, Biscuits, Biscuits au chocolat, Cookies, Cookies au chocolat",en:france|en:french-polynesia,FRANCE,https://images.openfoodfacts.org/images/products/325/622/326/4720/front_fr.55.400.jpg,487.0,487.0,7.6,7.6,14.0,,56.0,56.0,32.0,32.0,5.0,5.0,6.9,6.9,0.38,0.38,data_quality_error,data_quality_error,False,False,False,saturated_fat_greater_than_fat,70.5
3256225428441,"Pétales riz, blé complet et orge Chocolat Noir",u,u,cereals,"Plant-based foods and beverages,Plant-based foods,Breakfasts,Cereals and potatoes,Cereals and their products,Breakfast cereals,Chocolate cereals,Extruded cereals,Cereal flakes with chocolate",en:france|en:martinique|en:switzerland,FRANCE|DACH,https://images.openfoodfacts.org/images/products/325/622/542/8441/front_fr.127.400.jpg,620.0,620.0,12.6666666666667,,7.66666666666667,7.66666666666667,96.6666666666667,,40.0,40.0,5.33333333333333,5.33333333333333,24.3333333333333,,1.2,1.2,data_quality_error,data_quality_error,False,False,False,macros_exceed_100g,133.66666666666669
3256225736317,Lait UHT demi-écrémé Bleu Blanc Coeur - 6 bouteilles de 25cl,u,u,dairies,"Produits laitiers,Laits,Laits homogénéisés,Laits demi-écrémés,Laits UHT,Laits demi-écrémés UHT",en:france,FRANCE,https://images.openfoodfacts.org/images/products/325/622/573/6317/front_fr.44.400.jpg,47.0,47.0,1.6,1.6,10.0,,4.8,4.8,4.8,4.8,0.0,0.0,3.3,3.3,0.09,0.09,data_quality_error,data_quality_error,False,False,False,saturated_fat_greater_than_fat,9.7
3256227723131,Café dosettes moulu doux N°3 - x40,u,u,beverages,"Aliments et boissons à base de végétaux, Aliments d'origine végétale, Cafés, Boissons et préparations de boissons, Boissons, Boissons chaudes, Cafés moulus",en:france,FRANCE,https://images.openfoodfacts.org/images/products/325/622/772/3131/front_fr.42.400.jpg,1.0,1.0,0.0,0.0,0.0,0.0,0.0,0.0,0.3,,0.0,0.0,0.1,0.1,0.0,0.0,data_quality_error,data_quality_error,False,False,False,sugars_greater_than_carbohydrates,0.1
3256227730580,"Panaché boîte 0,5°, 6x33cl",u,u,beverages,"Boissons, Boissons alcoolisées, Boissons sans alcool, Boissons alcoolisées pré-mélangées, Boissons alcoolisées à base de bière, en:Mixed drinks, Bières sans alcool, Panaché, Boissons avec sucre ajouté",en:france,FRANCE,https://images.openfoodfacts.org/images/products/325/622/773/0580/front_fr.36.400.jpg,23.0,23.0,0.5,0.5,0.1,0.1,5.0,5.0,7.0,,0.5,0.5,0.5,0.5,0.01,0.01,data_quality_error,data_quality_error,False,False,False,sugars_greater_than_carbohydrates,6.0
3256229524033,"Billes croustillantes choco crispy, 192,5g",u,u,snacks,"Snacks,Snacks sucrés,Cacao et dérivés,Confiseries,Confiseries chocolatées, Chocolats",en:france,FRANCE,https://images.openfoodfacts.org/images/products/325/622/952/4033/front_fr.22.400.jpg,482.0,482.0,23.0,,14.0,14.0,62.0,,54.0,54.0,3.0,3.0,36.7,,0.34,0.34,data_quality_error,data_quality_error,False,False,False,macros_exceed_100g,121.7
3258561430584,Emmental français râpé,belle france,belle france,dairies,"Produits laitiers, Produits fermentés, Produits laitiers fermentés, Fromages, Fromages de vache, en:cooked-pressed-cheeses, Emmentals, Fromages de France, Emmentals français, Fromages râpés, Emmentals râpés",en:france,FRANCE,https://images.openfoodfacts.org/images/products/325/856/143/0584/front_fr.16.400.jpg,355.0,355.0,27.0,27.0,19.0,19.0,2.0,2.0,4.77655375,,0.0083,0.0083,26.0,26.0,2.075,2.075,data_quality_error,data_quality_error,False,False,False,sugars_greater_than_carbohydrates,55.0
3258590001595,Chocolat Lait 100% Vegetal SS Glut,dardenne,dardenne,snacks,"Snacks, Snacks sucrés, Cacao et dérivés, Chocolats, Chocolats au lait végétal",en:france,FRANCE,https://images.openfoodfacts.org/images/products/325/859/000/1595/front_fr.29.400.jpg,645.0,645.0,54.0,54.0,26.0,26.0,26.0,26.0,31.0,,7.2,7.2,7.2,7.2,0.05,0.05,data_quality_error,data_quality_error,False,False,False,sugars_greater_than_carbohydrates,87.2
3259426046001,Madeleines Extra Moelleuses Noisette,ker cadélac,ker cadelac,snacks,Madeleines,en:france,FRANCE,https://images.openfoodfacts.org/images/products/325/942/604/6001/front_fr.3.400.jpg,533.0,533.0,34.0,34.0,2.7,2.7,15.0,15.0,23.0,,0.0,0.0,5.2,5.2,0.66,0.66,data_quality_error,data_quality_error,False,False,False,sugars_greater_than_carbohydrates,54.2
3263850284618,Thé vert Bio,leader price,leader price,beverages,"Aliments et boissons à base de végétaux, Boissons, Boissons chaudes, Boissons à base de végétaux, Thés, Thés verts, Infusions",en:france,FRANCE,https://images.openfoodfacts.org/images/products/326/385/028/4618/front_fr.21.400.jpg,1.0,1.0,0.0,0.0,0.0,0.0,0.0,0.0,0.2,,0.0,0.0,0.1,0.1,0.0,0.0,data_quality_error,data_quality_error,False,False,False,sugars_greater_than_carbohydrates,0.1
3263859356118,"Cheddar Extra Mature (34,9% MG)",leader price,leader price,dairies,"Produits laitiers, Produits fermentés, Produits laitiers fermentés, Fromages, Fromages de vache, Fromages du Royaume-Uni, Fromages d'Angleterre, Fromages pasteurisés, Cheddars, Fromages à pâte pressée demi-cuite",en:france,FRANCE,https://images.openfoodfacts.org/images/products/326/385/935/6118/front_fr.5.400.jpg,415.7,415.7,34.9,34.9,21.7,21.7,0.0,0.0,4.752435204,,0.0,0.0,25.4,25.4,1.80086,1.80086,data_quality_error,data_quality_error,False,False,False,sugars_greater_than_carbohydrates,60.3
3267031701000,Lait frais de Normandie demi-écrémé,gillot,gillot,dairies,"Produits laitiers, Laits, Laits demi-écrémés, Laits frais, Laits microfiltrés",en:france,FRANCE,https://images.openfoodfacts.org/images/products/326/703/170/1000/front_fr.7.400.jpg,45.95,45.95,1.55,1.55,0.11,0.11,4.8,4.8,4.93,,0.0,0.0,3.2,3.2,0.11,0.11,data_quality_error,data_quality_error,False,False,False,sugars_greater_than_carbohydrates,9.55
3271470750598,partyfizz,partyfizz,partyfizz,beverages,Boissons,en:france,FRANCE,https://images.openfoodfacts.org/images/products/327/147/075/0598/front_fr.4.400.jpg,35.0,35.0,0.14,0.14,0.046,0.046,8.5,8.5,10.9,,0.23,0.23,0.17,0.17,0.022,0.022,data_quality_error,data_quality_error,False,False,False,sugars_greater_than_carbohydrates,8.81
3272770003650,"L'Original Tartare, Ail & Fines Herbes (6 portions) - (32,2 % MG)","savencia, tartare",savencia,dairies,"Produits laitiers,Produits fermentés,Produits laitiers fermentés,Fromages,Produits à tartiner,Produits à tartiner salés,Fromages de vache,Frais,Fromages de France,Fromages pasteurisés,Fromages à tartiner,Fromages à la crème,Fromages industriels,Fromages Ail et fines herbes",en:belgium|en:france,BENELUX|FRANCE,https://images.openfoodfacts.org/images/products/327/277/000/3650/front_fr.7.400.jpg,341.8,341.8,32.2,32.2,3.09647,3.09647,3.5,3.5,3.9934375,,2.8706425,2.8706425,9.5,9.5,1.365416,1.365416,data_quality_error,data_quality_error,False,False,False,sugars_greater_than_carbohydrates,45.2
3274490970427,Sirop au sucre de canne - fraise,meneau,meneau,beverages,"Boissons, Surgelés, Sirops, Boissons sans alcool, Sirops aromatisés, Sirops de fraise",en:france,FRANCE,https://images.openfoodfacts.org/images/products/327/449/097/0427/front_fr.23.400.jpg,328.0,328.0,0.0,0.0,0.0,0.0,31.5,31.5,91.1,,,,0.0,0.0,0.0,0.0,data_quality_error,data_quality_error,False,False,False,sugars_greater_than_carbohydrates,31.5
3274490971851,Pur Jus De Pomme Biologique,meneau,meneau,beverages,"Aliments et boissons à base de végétaux, Boissons, Boissons à base de végétaux, Boissons aux fruits, Jus et nectars, Jus de fruits, Boissons sans sucre ajouté, Jus de pomme, Jus de fruits pur jus, Jus de pommes pur jus",en:france,FRANCE,https://images.openfoodfacts.org/images/products/327/449/097/1851/front_fr.11.400.jpg,48.0,48.0,0.0,0.0,0.046,,10.0,10.0,10.9,,0.23,0.23,0.0,0.0,0.0,0.0,data_quality_error,data_quality_error,False,False,False,sugars_greater_than_carbohydrates|saturated_fat_greater_than_fat,10.0
3274490971912,Pur Jus de Raisin Blanc Bio,meneau,meneau,beverages,"Aliments et boissons à base de végétaux,Boissons,Boissons à base de végétaux,Boissons aux fruits,Jus et nectars,Jus de fruits,en:squeezed-juices,Jus de raisin,Jus de raisin blanc,Jus de raisin pur jus",en:france,FRANCE,https://images.openfoodfacts.org/images/products/327/449/097/1912/front_fr.12.400.jpg,68.0,68.0,0.0,0.0,0.054,,17.0,17.0,15.5,15.5,0.9,0.9,0.21,0.21,0.0,0.0,data_quality_error,data_quality_error,False,False,False,saturated_fat_greater_than_fat,17.21
3274490972711,Citron bio,maison meneau,maison meneau,beverages,Boissons,en:france,FRANCE,https://images.openfoodfacts.org/images/products/327/449/097/2711/front_fr.13.400.jpg,52.0,52.0,0.0,0.0,0.0,0.0,12.6,12.6,12.8,,1.4,1.4,0.0,0.0,0.0,0.0,data_quality_error,data_quality_error,False,False,False,sugars_greater_than_carbohydrates,12.6
3274490975866,Nectar abricot bio,meneau,meneau,beverages,"Aliments et boissons à base de végétaux, Boissons, Boissons à base de végétaux, Boissons aux fruits, Jus et nectars, Nectars de fruits, Nectars d'abricot",en:france,FRANCE,https://images.openfoodfacts.org/images/products/327/449/097/5866/front_fr.57.400.jpg,60.0,60.0,0.0,0.0,0.0,0.0,13.4,13.4,15.825,,0.0,0.0,0.0,0.0,0.0,0.0,data_quality_error,data_quality_error,False,False,False,sugars_greater_than_carbohydrates,13.4
3274936102227,Pur jus de pomme bio,plein fruit,plein fruit,beverages,"Boissons, JUS DE FRUITS & SMOOTHIES",en:france,FRANCE,,48.9,48.9,0.0,0.0,0.046,,11.4,11.4,10.5,10.5,0.23,0.23,0.17,0.17,0.0,0.0,data_quality_error,data_quality_error,False,False,False,saturated_fat_greater_than_fat,11.57
3276550564188,Macaron framboise gros,,unknown,snacks,"Desserts,Snacks sucrés,Biscuits et gâteaux,Pâtisseries,Macarons",en:france,FRANCE,https://images.openfoodfacts.org/images/products/327/655/056/4188/front_fr.3.400.jpg,391.0,391.0,12.0,,1.0,1.0,59.0,,53.0,53.0,,,93.0,,,,data_quality_error,data_quality_error,False,False,False,macros_exceed_100g,164.0
3278310000080,Beurre micropains,le gall,le gall,dairies,"Produits laitiers, Matières grasses, Produits à tartiner, Matières grasses à tartiner, Matières grasses animales, Matière grasse laitière, en:dairy-spread, Beurres, Beurres doux, Beurre doux à 82% MG",en:france,FRANCE,https://images.openfoodfacts.org/images/products/327/831/000/0080/front_fr.11.400.jpg,10.0,10.0,10.0,10.0,1.0,1.0,0.0,0.0,0.83,,0.0,0.0,2.0,2.0,3.0,3.0,data_quality_error,data_quality_error,False,False,False,sugars_greater_than_carbohydrates,12.0
3279050007421,Langues de chat au citron,vuez,vuez,snacks,"Snacks, Snacks sucrés, Biscuits et gâteaux, Biscuits, Langues de chat",en:france,FRANCE,https://images.openfoodfacts.org/images/products/327/905/000/7421/front_fr.14.400.jpg,435.0,435.0,11.4,,4.86,4.86,76.4,,55.0,55.0,1.705025,1.705025,39.5,,0.52,0.52,data_quality_error,data_quality_error,False,False,False,macros_exceed_100g,127.30000000000001
3280240004489,Caillé de brebis chocolat,le petit basque,le petit basque,dairies,"Dairies, Desserts, Dairy desserts, Junkets, Chocolate junkets, en:sheep-milk-yogurts",en:france,FRANCE,https://images.openfoodfacts.org/images/products/328/024/000/4489/front_fr.29.400.jpg,135.0,135.0,6.6,6.6,4.1,4.1,13.9,13.9,14.0,,,,4.9,4.9,0.1,0.1,data_quality_error,data_quality_error,False,False,False,sugars_greater_than_carbohydrates,25.4
3280249801201,Yaourt de brebis sur lit de châtaignes 2 x 125 g,le petit basque,le petit basque,dairies,"Produits laitiers,Produits fermentés,Produits laitiers fermentés,Desserts,Desserts lactés,Desserts lactés fermentés,Frais,Desserts lactés fermentés aux fruits,Yaourts,Yaourts aux fruits,Yaourts sucrés,Yaourts à la châtaigne,Yaourts au lait de brebis,Yaourts sur lit de fruits,YAOURTS & FROMAGES BLANCS",en:france,FRANCE,https://images.openfoodfacts.org/images/products/328/024/980/1201/front_fr.40.400.jpg,46.0,46.0,2.4,2.4,0.3,0.3,4.5,4.5,16.0,,,,6.0,6.0,0.1,0.1,data_quality_error,data_quality_error,False,False,False,sugars_greater_than_carbohydrates,12.9
3282750005024,LE COUCOURON,,unknown,dairies,"Dairies,Fermented foods,Fermented milk products,Cheeses",en:france,FRANCE,https://images.openfoodfacts.org/images/products/328/275/000/5024/front_fr.14.400.jpg,330.0,330.0,0.1786,0.1786,0.1034,0.1034,0.1,0.1,4.6342,,0.0,0.0,19.0,19.0,3.0,3.0,data_quality_error,data_quality_error,False,False,False,sugars_greater_than_carbohydrates,19.2786
3282750005031,Tomme d Issarlès,fromagerie de coucouron,fromagerie de coucouron,dairies,"Produits laitiers, Produits fermentés, Produits laitiers fermentés, Fromages",en:france,FRANCE,https://images.openfoodfacts.org/images/products/328/275/000/5031/front_fr.9.400.jpg,330.0,330.0,0.1786,0.1786,0.1034,0.1034,0.1,0.1,4.6342,,0.0,0.0,19.0,19.0,3.0,3.0,data_quality_error,data_quality_error,False,False,False,sugars_greater_than_carbohydrates,19.2786
3286010047953,Infusion d'ailleurs chai,infuz,infuz,beverages,en:teas,en:france,FRANCE,https://images.openfoodfacts.org/images/products/328/601/004/7953/front_fr.14.400.jpg,1.0,1.0,0.0,0.0,0.0,0.0,0.0,0.0,0.2,,0.0,0.0,0.1,0.1,0.0,0.0,data_quality_error,data_quality_error,False,False,False,sugars_greater_than_carbohydrates,0.1
3296651110749,Le regale de Bourgogne fraise myrtille,fromagerie delin,fromagerie delin,dairies,"Produits laitiers, Produits fermentés, Produits laitiers fermentés, Fromages",en:france|en:united-states,FRANCE|US_CANADA,https://images.openfoodfacts.org/images/products/329/665/111/0749/front_fr.4.400.jpg,407.0,407.0,32.14,32.14,21.43,21.43,3.57,3.57,8.0,,0.0,0.0,10.71,10.71,1.115,1.115,data_quality_error,data_quality_error,False,False,False,sugars_greater_than_carbohydrates,46.42
3302791236130,Jus de Pommes Artisanal Pétillant Biologique,la ribaude,la ribaude,beverages,"Aliments et boissons à base de végétaux, Boissons, Boissons à base de végétaux, Boissons gazeuses, Boissons aux fruits, Jus et nectars, Jus de fruits, Boissons sans sucre ajouté, Jus de pomme, Jus de pomme pétillants",en:france,FRANCE,https://images.openfoodfacts.org/images/products/330/279/123/6130/front_fr.4.400.jpg,49.0,49.0,0.0,0.0,0.021,,12.0,12.0,11.0,11.0,1.3,1.3,0.0,0.0,0.0,0.0,data_quality_error,data_quality_error,False,False,False,saturated_fat_greater_than_fat,12.0
3323565310047,Jus de pomme et rhubarbe,les vergers de milly,les vergers de milly,beverages,"Boissons, Boissons sans alcool, Jus",en:france,FRANCE,https://images.openfoodfacts.org/images/products/332/356/531/0047/front_fr.8.400.jpg,167.0,167.0,0.0,0.0,0.0,0.0,7.6e-06,7.6e-06,7.6,,,,0.0,0.0,0.0,0.0,data_quality_error,data_quality_error,False,False,False,sugars_greater_than_carbohydrates,7.6e-06
3325840284609,Quinoa soufflé,thiercelin,thiercelin,cereals,"Aliments et boissons à base de végétaux, Aliments d'origine végétale, Petit-déjeuners, Céréales et pommes de terre, Céréales et dérivés, Céréales pour petit-déjeuner, Grains soufflées, Céréales soufflées, Quinoa soufflé",en:france,FRANCE,https://images.openfoodfacts.org/images/products/332/584/028/4609/front_fr.4.400.jpg,792.857142857143,792.857142857143,14.2857142857143,14.2857142857143,0.0,0.0,139.285714285714,,0.0,0.0,17.8571428571429,17.8571428571429,28.5714285714286,28.5714285714286,0.116071428571429,0.116071428571429,data_quality_error,data_quality_error,False,False,False,nutrient_value_above_100g,182.1428571428569
3328610000034,La Ferme du Mornantais,ferme du mornantais,ferme du mornantais,dairies,"Produits laitiers, Produits fermentés, Desserts, Produits laitiers fermentés, Desserts lactés, Desserts lactés fermentés, Desserts lactés fermentés aux fruits, Yaourts, Yaourts aux fruits",en:france,FRANCE,https://images.openfoodfacts.org/images/products/332/861/000/0034/front_fr.3.400.jpg,69.0,69.0,3.8,3.8,4.0,,12.0,12.0,11.0,11.0,,,3.25,3.25,0.1,0.1,data_quality_error,data_quality_error,False,False,False,saturated_fat_greater_than_fat,19.05
3339451002750,Liqueur de châtaigne,jean gauthier,jean gauthier,beverages,"Boissons, Boissons alcoolisées, Liqueurs",en:france,FRANCE,https://images.openfoodfacts.org/images/products/333/945/100/2750/front_fr.4.400.jpg,12.0,12.0,1.0,1.0,12.0,,12.0,12.0,8.0,8.0,12.0,12.0,14.0,14.0,0.0,0.0,data_quality_error,data_quality_error,False,False,False,saturated_fat_greater_than_fat,27.0
3339520004517,"Pechalou, Yaourts au lait entier aromatises vanille",pechalou,pechalou,dairies,"fr:Yaourt a la vanille de madagascar, en:vanilla-yogurt",en:france,FRANCE,https://images.openfoodfacts.org/images/products/333/952/000/4517/front_fr.7.400.jpg,95.0,95.0,3.4,3.4,22.0,,12.4,12.4,12.4,12.4,,,,,,,data_quality_error,data_quality_error,False,False,False,saturated_fat_greater_than_fat,
3350030155650,Emmental en tranches,monoprix,monoprix,dairies,"Produits laitiers,Produits fermentés,Produits laitiers fermentés,Fromages,Fromages de vache,Fromages à pâte pressée cuite,Emmentals,Fromages pasteurisés,Fromages en tranches,Emmental en tranches",en:france,FRANCE,https://images.openfoodfacts.org/images/products/335/003/015/5650/front_fr.28.400.jpg,365.0,365.0,28.0,28.0,20.0,20.0,0.0,0.0,4.833865,,0.0,0.0,27.0,27.0,1.3,1.3,data_quality_error,data_quality_error,False,False,False,sugars_greater_than_carbohydrates,55.0
3350030197148,Parmigiano Reggiano AOP râpé (28% MG) - 70 g - Monoprix,monoprix,monoprix,dairies,"Produits laitiers,Produits fermentés,Produits laitiers fermentés,Fromages,Fromages de vache,Frais,Produits non pasteurisés,Fromages italiens,Fromages au lait cru,Fromages râpés,Parmigiano Reggiano,en:Aoc-cheeses,en:Labeled-cheeses",en:france,FRANCE,https://images.openfoodfacts.org/images/products/335/003/019/7148/front_fr.29.400.jpg,402.0,402.0,30.0,30.0,20.0,20.0,0.0,0.0,4.914224,,0.0,0.0,32.0,32.0,1.6,1.6,data_quality_error,data_quality_error,False,False,False,sugars_greater_than_carbohydrates,62.0
3368248327905,Lait Des Alpes x6,laiterie du col bayard,laiterie du col bayard,dairies,"Produits laitiers, Laits, Laits de vache",en:france,FRANCE,https://images.openfoodfacts.org/images/products/336/824/832/7905/front_fr.7.400.jpg,46.0,46.0,0.0016,0.0016,1.0,,4.8,4.8,4.8,4.8,0.0,0.0,3.2,3.2,0.13,0.13,data_quality_error,data_quality_error,False,False,False,saturated_fat_greater_than_fat,8.0016
3370011000489,Cancoillote,guy rieme,guy rieme,dairies,"Produits laitiers, Produits fermentés, Produits laitiers fermentés, Fromages, Fromages de France, Fromages à pâte fondue, Cancoillottes",en:france,FRANCE,https://images.openfoodfacts.org/images/products/337/001/100/0489/front_fr.4.400.jpg,151.0,151.0,11.0,11.0,7.0,7.0,0.0,0.0,0.5,,0.0,0.0,14.0,14.0,1.6,1.6,data_quality_error,data_quality_error,False,False,False,sugars_greater_than_carbohydrates,25.0
3370011610268,Cancoillotte Nature,badoz,badoz,dairies,"Dairies,Fermented foods,Fermented milk products,Cheeses,French cheeses,Processed cheese,Cancoillottes",en:france,FRANCE,https://images.openfoodfacts.org/images/products/337/001/161/0268/front_fr.3.400.jpg,151.0,151.0,7.5,7.5,4.9,4.9,0.0,0.0,0.5,,,,15.0,15.0,1.6,1.6,data_quality_error,data_quality_error,False,False,False,sugars_greater_than_carbohydrates,22.5
3370011610305,Cancoillotte Nature 400g,badoz,badoz,dairies,"Produits laitiers, Produits fermentés, Produits laitiers fermentés, Fromages, Surgelés, Fromages de France, Fromages à pâte fondue, Cancoillottes",en:france,FRANCE,https://images.openfoodfacts.org/images/products/337/001/161/0305/front_fr.9.400.jpg,151.0,151.0,7.5,7.5,4.9,4.9,0.0,0.0,0.5,,0.0,0.0,15.0,15.0,1.6,1.6,data_quality_error,data_quality_error,False,False,False,sugars_greater_than_carbohydrates,22.5
3370077582080,Les drôles de Pâques,,unknown,snacks,"Snacks,Snacks sucrés,Cacao et dérivés,Aliments festifs,Chocolats,Aliments de Pâques,Oeufs en chocolat,Œufs de Pâques",en:france,FRANCE,https://images.openfoodfacts.org/images/products/337/007/758/2080/front_fr.3.400.jpg,554.0,554.0,43.3,,23.0,23.0,52.7,,47.2,47.2,,,10.1,,0.19,0.19,data_quality_error,data_quality_error,False,False,False,macros_exceed_100g,106.1
3371733000009,Pur Jus de Pomme de l'Orleanais,covifruit,covifruit,beverages,"Aliments et boissons à base de végétaux, Boissons, Boissons à base de végétaux, Boissons aux fruits, Jus et nectars, Jus de fruits, Boissons sans sucre ajouté, Jus de pomme, Jus de fruits pur jus, Jus de pommes pur jus",en:france,FRANCE,https://images.openfoodfacts.org/images/products/337/173/300/0009/front_fr.14.400.jpg,43.0,43.0,0.8,0.8,0.0,0.0,10.47,10.47,10.9,,0.23,0.23,0.5,0.5,0.0,0.0,data_quality_error,data_quality_error,False,False,False,sugars_greater_than_carbohydrates,11.770000000000001
3383250050009,Lait frais pasteurisé entier,paris lait,paris lait,dairies,"Produits laitiers, Laits, Laits frais",en:france,FRANCE,,63.2,63.2,3.6,3.6,0.11,0.11,4.5,4.5,4.93,,0.0,0.0,3.2,3.2,0.11,0.11,data_quality_error,data_quality_error,False,False,False,sugars_greater_than_carbohydrates,11.3
3383790000014,Cidre fermier,le brun,le brun,beverages,"Boissons, Boissons alcoolisées, Cidres",en:france,FRANCE,https://images.openfoodfacts.org/images/products/338/379/000/0014/front_fr.9.400.jpg,105.0,105.0,0.13,0.13,0.021,0.021,7.0,7.0,10.1,,1.3,1.3,0.27,0.27,0.0,0.0,data_quality_error,data_quality_error,False,False,False,sugars_greater_than_carbohydrates,7.3999999999999995
3393190017567,Briquette Lorraine,briquette lorraine,briquette lorraine,snacks,Bonbons au réglisse,en:france,FRANCE,https://images.openfoodfacts.org/images/products/339/319/001/7567/front_fr.12.400.jpg,396.0,396.0,0.0,0.0,0.0,0.0,106.0,,100.0,100.0,,,0.0,0.0,0.0,0.0,data_quality_error,data_quality_error,False,False,False,nutrient_value_above_100g,106.0
3395320066742,Lait Jivara 40%,valrhona,valrhona,snacks,"Snacks, Snacks sucrés, Cacao et dérivés, Confiseries, Chocolats, Chocolats au lait",en:france,FRANCE,https://images.openfoodfacts.org/images/products/339/532/006/6742/front_fr.4.400.jpg,586.0,586.0,63.2390625,63.2390625,25.0,25.0,22.44662109375,22.44662109375,45.0,,1.61328125,1.61328125,7.3,7.3,0.17,0.17,data_quality_error,data_quality_error,False,False,False,sugars_greater_than_carbohydrates,92.98568359375
3395328349526,Chocolat noir 85% Abinao,valrhona abinao,valrhona,snacks,"Snacks,Snacks sucrés,Cacao et dérivés,Chocolats,Chocolats noirs,Chocolat noir en tablette extra dégustation à 70% de cacao minimum",en:france,FRANCE,https://images.openfoodfacts.org/images/products/339/532/834/9526/front_fr.17.400.jpg,922.857142857143,,80.0,,48.5714285714286,48.5714285714286,68.8571428571429,,27.7142857142857,27.7142857142857,23.1428571428571,23.1428571428571,16.2857142857143,,0.142857142857143,0.142857142857143,data_quality_error,data_quality_error,False,False,False,energy_above_900_kcal|macros_exceed_100g,165.1428571428572
3396410218157,Gruyere Suisse Aoc Au Lait Cru,bonneterre,bonneterre,dairies,"Produits laitiers,Produits fermentés,Produits laitiers fermentés,Fromages,Fromages au lait cru,Fromages de Suisse",en:france,FRANCE,https://images.openfoodfacts.org/images/products/339/641/021/8157/front_fr.18.400.jpg,427.0,427.0,33.0,33.0,21.0,21.0,1.0,1.0,4.79873875,,0.0,0.0,27.0,27.0,1.775,1.775,data_quality_error,data_quality_error,False,False,False,sugars_greater_than_carbohydrates,61.0
3398984505008,Thé vert Jasmin bio,pagès,pages,beverages,thés verts aromatisés,en:france,FRANCE,https://images.openfoodfacts.org/images/products/339/898/450/5008/front_fr.13.400.jpg,0.0,0.0,0.0,0.0,0.0,0.0,0.0,0.0,0.2,,0.0,0.0,0.1,0.1,0.0,0.0,data_quality_error,data_quality_error,False,False,False,sugars_greater_than_carbohydrates,0.1
3411500000235,Velouté Fruix Pêche-Passion,danone,danone,dairies,"Dairies,Fermented foods,Fermented milk products,Desserts,Dairy desserts,Fermented dairy desserts,Fermented dairy desserts with fruits,Yogurts,Fruit yogurts,Stirred yogurts,Fruit stirred yogurts",en:france|en:guadeloupe,FRANCE,https://images.openfoodfacts.org/images/products/341/150/000/0235/front_fr.17.400.jpg,94.0,94.0,0.190225,0.190225,1.4,,16.624325,16.624325,14.0,14.0,0.0,0.0,3.5,3.5,0.14,0.14,data_quality_error,data_quality_error,False,False,False,saturated_fat_greater_than_fat,20.31455
3413880075834,Jus Orange Mangue,artisans du monde,artisans du monde,beverages,"Aliments et boissons à base de végétaux, Boissons, Boissons à base de végétaux, Boissons aux fruits, Jus et nectars, Jus de fruits, Jus multifruits",en:france,FRANCE,https://images.openfoodfacts.org/images/products/341/388/007/5834/front_fr.9.400.jpg,50.0,50.0,0.0,0.0,0.02849,,12.4,12.4,10.2189,10.2189,0.5065,0.5065,0.6,0.6,0.008001,0.008001,data_quality_error,data_quality_error,False,False,False,saturated_fat_greater_than_fat,13.0
3425230000809,Bière. Brune,coreff,coreff,beverages,en:stouts,en:france,FRANCE,https://images.openfoodfacts.org/images/products/342/523/000/0809/front_en.3.400.jpg,35.0,35.0,,,,,4.0,4.0,4.09999990463257,,,,0.300000011920929,0.300000011920929,,,data_quality_error,data_quality_error,False,False,False,sugars_greater_than_carbohydrates,
3430660000121,Sablés d'asnelles,sablés d'asnelles,sables d'asnelles,snacks,"Snacks,Snacks sucrés,Biscuits et gâteaux,Biscuits,Biscuit sec au beurre,Biscuits sablés",en:france,FRANCE,https://images.openfoodfacts.org/images/products/343/066/000/0121/front_fr.22.400.jpg,439.01,439.01,10.74,10.74,12.7,,56.54,56.54,25.08,25.08,,,6.56,6.56,0.02,0.02,data_quality_error,data_quality_error,False,False,False,saturated_fat_greater_than_fat,73.84
3438860006646,"Choconeige, crème dessert chocolat surmontée de crème chantilly sans œufs",bernard gaborit,bernard gaborit,dairies,"Produits laitiers, Desserts, Desserts lactés, Desserts au chocolat, Crèmes dessert, Crèmes dessert chocolat, Crèmes dessert rayon frais, Crèmes dessert chocolat réfrigérées",en:france,FRANCE,https://images.openfoodfacts.org/images/products/343/886/000/6646/front_fr.7.400.jpg,122.0,122.0,4.3,4.3,7.7,,17.0,17.0,5.83,5.83,0.0,0.0,3.8,3.8,0.0,0.0,data_quality_error,data_quality_error,False,False,False,saturated_fat_greater_than_fat,25.1
3439495403268,Jus d'Orange,gilbert,gilbert,beverages,"Aliments et boissons à base de végétaux, Boissons, Boissons à base de végétaux, Boissons aux fruits, Jus et nectars, Jus de fruits, Jus d'orange, Jus de fruits pur jus",en:france,FRANCE,https://images.openfoodfacts.org/images/products/343/949/540/3268/front_fr.4.400.jpg,45.0,45.0,0.5,0.5,0.1,0.1,9.3,9.3,9.3000001907349,,0.28,0.28,0.69999998807907,0.69999998807907,0.0,0.0,data_quality_error,data_quality_error,False,False,False,sugars_greater_than_carbohydrates,10.49999998807907
3443271312309,Chocolat noir fourré mangue,mascarin,mascarin,snacks,"Snacks, Snacks sucrés, Cacao et dérivés, Chocolats, Chocolats noirs, Chocolats fourrés, Chocolats noirs fourrés",en:france,FRANCE,https://images.openfoodfacts.org/images/products/344/327/131/2309/front_fr.31.400.jpg,501.0,501.0,0.031,0.031,18.0,,46.0,46.0,41.0,41.0,,,4.8,4.8,0.01,0.01,data_quality_error,data_quality_error,False,False,False,saturated_fat_greater_than_fat,50.830999999999996
3449610120659,Petits fours,maison du biscuit,maison du biscuit,snacks,"Snacks, Snacks sucrés, Biscuits et gâteaux, Biscuits, Croquants aux amandes",en:france,FRANCE,https://images.openfoodfacts.org/images/products/344/961/012/0659/front_fr.26.400.jpg,364.9,364.9,22.9,22.9,3.74679910714286,3.74679910714286,31.6,31.6,58.9236607142857,,1.26026785714286,1.26026785714286,8.1,8.1,0.13,0.13,data_quality_error,data_quality_error,False,False,False,sugars_greater_than_carbohydrates,62.6
3451790756160,Fleurette - légère à 5% de M.G.,elle & vire,elle & vire,dairies,"Produits laitiers, Succédanés de la crème",en:france,FRANCE,https://images.openfoodfacts.org/images/products/345/179/075/6160/front_fr.6.400.jpg,83.8,83.8,5.0,5.0,7.53136,,6.6,6.6,3.6284,3.6284,0.6158,0.6158,3.1,3.1,0.08936,0.08936,data_quality_error,data_quality_error,False,False,False,saturated_fat_greater_than_fat,14.7
3477320001555,100% jus de raisin,kojab,kojab,beverages,"Aliments et boissons à base de végétaux, Boissons, Boissons à base de végétaux, Boissons aux fruits, Jus et nectars, Jus de fruits, Jus de raisin",en:france,FRANCE,https://images.openfoodfacts.org/images/products/347/732/000/1555/front_fr.4.400.jpg,84.0,84.0,0.0,0.0,0.054,,20.0,20.0,15.5,15.5,0.9,0.9,0.2,0.2,0.0,0.0,data_quality_error,data_quality_error,False,False,False,saturated_fat_greater_than_fat,20.2
3480342930024,bresse bleu 150 g,bresse bleu,bresse bleu,dairies,"Produits laitiers, Produits fermentés, Produits laitiers fermentés, Fromages",en:france,FRANCE,,342.0,342.0,30.0,30.0,0.6385,0.6385,1.0,1.0,4.7666,,0.0417,0.0417,17.0,17.0,1.0849,1.0849,data_quality_error,data_quality_error,False,False,False,sugars_greater_than_carbohydrates,48.0
3480356231506,Carré - Fromage frais,"elle & vire, savencia",elle & vire,dairies,"Produits laitiers, Produits fermentés, Produits laitiers fermentés, Fromages",en:france,FRANCE,https://images.openfoodfacts.org/images/products/348/035/623/1506/front_fr.4.400.jpg,215.0,215.0,17.5,17.5,1.523,1.523,2.5,2.5,4.6586,,0.1112,0.1112,12.0,12.0,1.5724,1.5724,data_quality_error,data_quality_error,False,False,False,sugars_greater_than_carbohydrates,32.0
3483130008233,Lait demi écrémé,beillevaire,beillevaire,dairies,"Produits laitiers,Laits,Laits demi-écrémés,Laits pasteurisés,Laits demi-écrémés pasteurisés",en:france,FRANCE,https://images.openfoodfacts.org/images/products/348/313/000/8233/front_fr.4.400.jpg,46.0,46.0,1.64,1.64,1.06,1.06,4.62,4.62,4.81,,0.0,0.0,3.22,3.22,0.078,0.078,data_quality_error,data_quality_error,False,False,False,sugars_greater_than_carbohydrates,9.48
3483130044361,Yaourt à la confiture de fraise,beillevaire,beillevaire,dairies,"Dairies, Fermented foods, Fermented milk products, Desserts, Dairy desserts, Fermented dairy desserts, Fermented dairy desserts with fruits, Yogurts, Fruit yogurts, Blueberry yogurts, en:strawberry-yogurts",en:france,FRANCE,https://images.openfoodfacts.org/images/products/348/313/004/4361/front_fr.3.400.jpg,90.0,90.0,3.1,3.1,2.0,2.0,0.012,0.012,11.0,,,,3.3,3.3,0.1,0.1,data_quality_error,data_quality_error,False,False,False,sugars_greater_than_carbohydrates,6.412
3497917003816,Brets saveur kebab,brets,brets,snacks,"Snacks, Salty snacks, Appetizers, Chips and fries, Crisps, en:flavoured-potato-crisps",en:france,FRANCE,https://images.openfoodfacts.org/images/products/349/791/700/3816/front_en.3.400.jpg,527.0,527.0,3.2e-05,3.2e-05,2.7,,51.0,51.0,0.9,0.9,4.8,4.8,6.4,6.4,1.4,1.4,data_quality_error,data_quality_error,False,False,False,saturated_fat_greater_than_fat,57.400031999999996
3501275120563,Bools Poom,,unknown,snacks,Bonbons,en:france,FRANCE,https://images.openfoodfacts.org/images/products/350/127/512/0563/front_fr.3.400.jpg,387.0,387.0,5.1,5.1,5.0,5.0,86.0,86.0,61.0,61.0,124.0,,0.5,0.5,0.14,0.14,data_quality_error,data_quality_error,False,False,False,nutrient_value_above_100g,91.6
3502790726834,Croquants aux amandes et au miel,la belle boulange,la belle boulange,snacks,"Snacks,Petit-déjeuners,Snacks sucrés,Biscuits et gâteaux,Édulcorants,Biscuits,Biscuits secs,Croquants aux amandes",en:france,FRANCE,https://images.openfoodfacts.org/images/products/350/279/072/6834/front_fr.3.400.jpg,568.0,568.0,29.0,,3.2,3.2,68.5,,28.6,28.6,3.3,3.3,8.3,,0.65,0.65,data_quality_error,data_quality_error,False,False,False,macros_exceed_100g,105.8
3507570019137,Preparation pour flan vanille sucré,france delices,france delices,dairies,"Dairies, Desserts, Dairy desserts, Specific products, Dried products, Products for specific diets, Cooking helpers, Dried products to be rehydrated, Products without gluten, Dessert mixes, fr:Préparations pour entremets, Flans, Sugary cooking helpers, fr:preparations-pour-flans",en:france,FRANCE,,3860.0,,1.0,1.0,0.0,0.0,940.0,,770.0,,0.0,0.0,1.0,1.0,0.3,0.3,data_quality_error,data_quality_error,False,False,False,energy_above_900_kcal|nutrient_value_above_100g,942.0
3508474414202,Yaourts avec des morceaux de fruits,sachet,sachet,dairies,"Produits laitiers, Produits fermentés, Desserts, Produits laitiers fermentés, Desserts lactés, Desserts lactés fermentés, Yaourts, Yaourts vanille",en:france|en:french-polynesia,FRANCE,https://images.openfoodfacts.org/images/products/350/847/441/4202/front_fr.9.400.jpg,103.87,103.87,3.19,3.19,4.205715,,14.85,14.85,19.378225,,0.0,0.0,3.94,3.94,0.2756178,0.2756178,data_quality_error,data_quality_error,False,False,False,sugars_greater_than_carbohydrates|saturated_fat_greater_than_fat,21.98
3520833340199,Parmesan,philia,philia,dairies,"Produits laitiers,Produits fermentés,Produits laitiers fermentés,Fromages,Parmigiano Reggiano",en:france,FRANCE,https://images.openfoodfacts.org/images/products/352/083/334/0199/front_fr.5.400.jpg,402.0,402.0,30.0,30.0,20.0,20.0,0.0,0.0,4.7328,,0.0,0.0,32.0,32.0,1.6,1.6,data_quality_error,data_quality_error,False,False,False,sugars_greater_than_carbohydrates,62.0
3533631370008,Biolait frais demi-écrémé pasteurisé,candia,candia,dairies,"Produits laitiers,Laits,Laits demi-écrémés,Laits frais,Laits pasteurisés,Laits demi-écrémés biologiques,Laits demi-écrémés pasteurisés",en:france,FRANCE,https://images.openfoodfacts.org/images/products/353/363/137/0008/front_fr.16.400.jpg,46.0,46.0,1.55,1.55,0.11,0.11,4.8,4.8,4.93,,0.0,0.0,3.15,3.15,0.11,0.11,data_quality_error,data_quality_error,False,False,False,sugars_greater_than_carbohydrates,9.5
3540860006349,Nougat au míel,miels villeneuve,miels villeneuve,snacks,"Snacks,Sweet snacks,Confectioneries,French confectioneries,Nougats,White nougat",en:france,FRANCE,https://images.openfoodfacts.org/images/products/354/086/000/6349/front_fr.9.400.jpg,446.0,446.0,0.1,0.1,1.3,,65.0,65.0,59.0,59.0,2.97,2.97,8.2,8.2,0.03,0.03,data_quality_error,data_quality_error,False,False,False,saturated_fat_greater_than_fat,73.3
3545420235009,Jus de pommes bio,le p'tit fausset,le p'tit fausset,beverages,"Aliments et boissons à base de végétaux, Boissons, Boissons à base de végétaux, Boissons aux fruits, Jus et nectars, Jus de fruits, Boissons sans sucre ajouté, Jus de pomme, Jus de fruits pur jus, Jus de pommes pur jus",en:france,FRANCE,https://images.openfoodfacts.org/images/products/354/542/023/5009/front_fr.69.400.jpg,56.0,56.0,0.0,0.0,0.0,0.0,11.4,11.4,12.0,,0.23,0.23,0.17,0.17,0.0,0.0,data_quality_error,data_quality_error,False,False,False,sugars_greater_than_carbohydrates,11.57
3556009996723,Jus Raisin Rouge Syrah,alain milliat,alain milliat,beverages,"Plant-based foods and beverages,Beverages,Plant-based beverages,Fruit-based beverages,Juices and nectars,Fruit juices,Grape juices,Red grape juices",en:france,FRANCE,https://images.openfoodfacts.org/images/products/355/600/999/6723/front_fr.3.400.jpg,62.1,62.1,0.25,0.25,0.08,0.08,12.1,12.1,12.2,,0.9,0.9,0.5,0.5,0.0007,0.0007,data_quality_error,data_quality_error,False,False,False,sugars_greater_than_carbohydrates,12.85
3560070100453,Queso gouda en lonchas,classic,classic,dairies,"dairies, fermented-foods, fermented-milk-products, cheeses, cow-cheeses, uncooked-pressed-cheeses, gouda, sliced-cheeses, fr:fromages, fr:fromages-de-vache, fr:fromages-des-pays-bas, es:fromages-à-pâte-pressée-non-cuite, es:produits-fermentés, fr:produits-laitiers, es:produits-laitiers-fermentés, en:cheeses-of-the-netherlands",en:france|en:morocco|en:spain,FRANCE|SOUTHERN_EUROPE,https://images.openfoodfacts.org/images/products/356/007/010/0453/front_es.62.400.jpg,349.0,349.0,28.0,28.0,19.0,19.0,0.0,0.0,4.789495,,0.0,0.0,24.0,24.0,1.9,1.9,data_quality_error,data_quality_error,False,False,False,sugars_greater_than_carbohydrates,52.0
3560070506439,Cantal entre-deux au lait cru,"en cuisine, promocash",en cuisine,dairies,"Produits laitiers, Produits fermentés, Produits laitiers fermentés, Fromages, Fromages de vache, Fromages de France, Fromages à pâte pressée non cuite, Fromages au lait cru, Cantal",en:france,FRANCE,https://images.openfoodfacts.org/images/products/356/007/050/6439/front_fr.3.400.jpg,372.0,372.0,30.0,30.0,19.0,19.0,1.7,1.7,4.7821,,0.0,0.0,24.0,24.0,2.0,2.0,data_quality_error,data_quality_error,False,False,False,sugars_greater_than_carbohydrates,55.7
3560071005740,Salers AOP,carrefour,carrefour,dairies,"Produits laitiers, Produits fermentés, Produits laitiers fermentés, Fromages, Fromages de vache, Fromages de France, Fromages à pâte pressée non cuite, Salers",en:france,FRANCE,https://images.openfoodfacts.org/images/products/356/007/100/5740/front_fr.10.400.jpg,372.0,372.0,30.0,30.0,19.0,19.0,1.7,1.7,4.7328,,0.0,0.0,24.0,24.0,2.0,2.0,data_quality_error,data_quality_error,False,False,False,sugars_greater_than_carbohydrates,55.7
3560071017767,Sirop cassis,carrefour,carrefour,beverages,"Boissons, Sirops, Boissons sans alcool, Sirops aromatisés, Sirops de cassis",en:france,FRANCE,https://images.openfoodfacts.org/images/products/356/007/101/7767/front_fr.26.400.jpg,340.0,340.0,1.0,,1.0,1.0,84.0,,78.0,78.0,,,84.0,,0.1,0.1,data_quality_error,data_quality_error,False,False,False,macros_exceed_100g,169.0
3560071075538,Le Doux Fruité,"en cuisine, promocash",en cuisine,dairies,"Produits laitiers, Produits fermentés, Produits laitiers fermentés, Fromages",en:france,FRANCE,https://images.openfoodfacts.org/images/products/356/007/107/5538/front_fr.10.400.jpg,428.0,428.0,35.0,35.0,24.0,24.0,1.2,1.2,4.85605,,0.0,0.0,27.0,27.0,1.0,1.0,data_quality_error,data_quality_error,False,False,False,sugars_greater_than_carbohydrates,63.2
3560071511524,Beaufort AOP,carrefour,carrefour,dairies,en:beaufort,en:france,FRANCE,https://images.openfoodfacts.org/images/products/356/007/151/1524/front_fr.10.400.jpg,396.0,396.0,32.0,32.0,21.0,21.0,0.0,0.0,4.82154,,0.0,0.0,27.0,27.0,1.1,1.1,data_quality_error,data_quality_error,False,False,False,sugars_greater_than_carbohydrates,59.0
3560071558352,Edam Tranches,carrefour,carrefour,dairies,Edam,en:france|en:spain,FRANCE|SOUTHERN_EUROPE,https://images.openfoodfacts.org/images/products/356/007/155/8352/front_fr.11.400.jpg,312.0,312.0,24.0,24.0,17.0,17.0,0.0,0.0,4.7821,,0.0,0.0,24.0,24.0,2.0,2.0,data_quality_error,data_quality_error,False,False,False,sugars_greater_than_carbohydrates,48.0
3560071558383,GOUDA Tranches,carrefour,carrefour,dairies,en:gouda,en:france|en:spain,FRANCE|SOUTHERN_EUROPE,https://images.openfoodfacts.org/images/products/356/007/155/8383/front_fr.6.400.jpg,370.0,370.0,30.0,30.0,18.0,18.0,0.0,0.0,4.789495,,0.0,0.0,25.0,25.0,1.9,1.9,data_quality_error,data_quality_error,False,False,False,sugars_greater_than_carbohydrates,55.0
3560071565435,Parmigiano reggiano,carrefour,carrefour,dairies,"Produits laitiers, Produits fermentés, Produits laitiers fermentés, Fromages, Fromages italiens, Parmigiano Reggiano",en:france,FRANCE,https://images.openfoodfacts.org/images/products/356/007/156/5435/front_fr.8.400.jpg,402.0,402.0,30.0,30.0,20.0,20.0,0.0,0.0,4.85112,,0.0,0.0,32.0,32.0,1.6,1.6,data_quality_error,data_quality_error,False,False,False,sugars_greater_than_carbohydrates,62.0
3564700785867,Saumur Champigny A.O.C. 2017,"marque repère, les caractères",marque repere,beverages,"Beverages and beverages preparations, Beverages, Alcoholic beverages, Wines, Red wines, en:wines-from-france",en:france,FRANCE,https://images.openfoodfacts.org/images/products/356/470/078/5867/front_fr.9.400.jpg,72.0,72.0,0.0,0.0,0.0,0.0,0.0,0.0,0.5,,,,0.0,0.0,3.1,3.1,data_quality_error,data_quality_error,False,False,False,sugars_greater_than_carbohydrates,0.0
3564707096126,Infusion,"bio village, marque repère",bio village,beverages,"Plant-based foods and beverages, Beverages, Hot beverages, Plant-based beverages, Teas, Herbal teas, Tea bags, en:unsweetened-beverages",en:france,FRANCE,https://images.openfoodfacts.org/images/products/356/470/709/6126/front_fr.20.400.jpg,2.0,2.0,0.0,0.0,0.0,0.0,0.0,0.0,0.5,,0.5,0.5,0.0,0.0,0.0,0.0,data_quality_error,data_quality_error,False,False,False,sugars_greater_than_carbohydrates,0.0
3564884020532,Mamu CHOCOLAT LAIT CŒUR SPÉCULOOS FOURRAGE AU SPÉCULOOS,les chocolats d'amélie - chocolat français,les chocolats d'amelie - chocolat francais,snacks,"Snacks, Snacks sucrés, Cacao et dérivés, Chocolats, Chocolats au lait, Chocolats au speculoos, Chocolat au lait au speculoos",en:france,FRANCE,https://images.openfoodfacts.org/images/products/356/488/402/0532/front_fr.23.400.jpg,406.0,406.0,25.9,25.9,32.0,,50.0,50.0,37.8,37.8,,,4.3,4.3,0.26,0.26,data_quality_error,data_quality_error,False,False,False,saturated_fat_greater_than_fat,80.19999999999999
3565430001326,Yaourt au miel,,unknown,dairies,"Produits laitiers,Produits fermentés,Produits laitiers fermentés,Desserts,Desserts lactés,Desserts lactés fermentés,Yaourts,Yaourts au lait de chèvre,Yaourts au miel",en:france,FRANCE,https://images.openfoodfacts.org/images/products/356/543/000/1326/front_fr.3.400.jpg,90.0,90.0,3.5,3.5,2.31,2.31,11.7,11.7,12.6,,,,2.9,2.9,0.079,0.079,data_quality_error,data_quality_error,False,False,False,sugars_greater_than_carbohydrates,18.1
3565700002053,Crocq'coline,les délices de coline,les delices de coline,snacks,Biscuits,en:france,FRANCE,https://images.openfoodfacts.org/images/products/356/570/000/2053/front_fr.4.400.jpg,510.0,510.0,17.1,,1.28,1.28,82.4,,68.0,68.0,0.0,0.0,6.5,,0.8,0.8,data_quality_error,data_quality_error,False,False,False,macros_exceed_100g,106.0
3580280745213,Oreillettes glace,"les biscuits de lauriane,les mousquetaires",les biscuits de lauriane,snacks,"Snacks,Sweet snacks,Biscuits and cakes,Biscuits and crackers,Biscuits",en:france,FRANCE,https://images.openfoodfacts.org/images/products/358/028/074/5213/front_fr.18.400.jpg,562.0,562.0,29.0,,5.9,5.9,68.0,,29.0,29.0,3.4,3.4,8.2,,0.5,0.5,data_quality_error,data_quality_error,False,False,False,macros_exceed_100g,105.2
3582810578728,Don Juan,"gaia, jardins de, les jardins de gaïa",gaia,beverages,"Aliments et boissons à base de végétaux, Boissons, Boissons chaudes, Boissons à base de végétaux, Thés",en:france,FRANCE,https://images.openfoodfacts.org/images/products/358/281/057/8728/front_en.4.400.jpg,0.0,0.0,0.0,0.0,0.002,,0.0,0.0,0.0,0.0,0.0,0.0,0.0,0.0,0.0,0.0,data_quality_error,data_quality_error,False,False,False,saturated_fat_greater_than_fat,0.0
3583787511671,Hydra,aptonia,aptonia,beverages,Boisson diététique pour le sport,en:france,FRANCE,https://images.openfoodfacts.org/images/products/358/378/751/1671/front_en.18.400.jpg,9.0,9.0,0.0,0.0,0.0,0.0,2.2,2.2,2.2,2.2,0.0,0.0,0.0,0.0,130.0,,data_quality_error,data_quality_error,False,False,False,nutrient_value_above_100g,2.2
3585810079011,Kusmi tea,kusmi tea,kusmi tea,beverages,"Aliments et boissons à base de végétaux, Boissons, Boissons chaudes, Boissons à base de végétaux, Thés",en:france,FRANCE,https://images.openfoodfacts.org/images/products/358/581/007/9011/front_fr.11.400.jpg,1.0,1.0,0.0,0.0,0.0,0.0,0.0,0.0,0.2,,0.0,0.0,0.1,0.1,0.0,0.0,data_quality_error,data_quality_error,False,False,False,sugars_greater_than_carbohydrates,0.1
3585810101958,Kusmi tea,kusmi tea,kusmi tea,beverages,"Aliments et boissons à base de végétaux, Boissons, Boissons chaudes, Boissons à base de végétaux, Thés",en:france,FRANCE,https://images.openfoodfacts.org/images/products/358/581/010/1958/front_fr.11.400.jpg,1.0,1.0,0.0,0.0,0.0,0.0,0.0,0.0,0.2,,0.0,0.0,0.1,0.1,0.0,0.0,data_quality_error,data_quality_error,False,False,False,sugars_greater_than_carbohydrates,0.1
3595801901146,Oasis gout pêche,oasis,oasis,beverages,Getränke,en:france|en:switzerland,FRANCE|DACH,https://images.openfoodfacts.org/images/products/359/580/190/1146/front_de.3.400.jpg,21.202,21.202,0.0,0.0,0.001,,5.3,5.3,5.3,5.3,0.001,0.001,0.0,0.0,0.04,0.04,data_quality_error,data_quality_error,False,False,False,saturated_fat_greater_than_fat,5.3
3596710743056,Lait concentré sucré,auchan,auchan,dairies,"Dairies, Evaporated milks, fr:Laits concentrés sucrés, fr:laits-entiers-concentres",en:france,FRANCE,https://images.openfoodfacts.org/images/products/359/671/074/3056/front_fr.3.400.jpg,325.0,325.0,8.0,8.0,5.4,5.4,47.6545,47.6545,56.4,,0.0,0.0,6.9,6.9,0.23,0.23,data_quality_error,data_quality_error,False,False,False,sugars_greater_than_carbohydrates,62.5545
3608390246410,Muesli fruits rouges,,unknown,cereals,"Aliments et boissons à base de végétaux,Aliments d'origine végétale,Petit-déjeuners,Céréales et pommes de terre,Céréales et dérivés,Céréales pour petit-déjeuner,Céréales aux fruits,Mueslis,Aliments lyophilisées,Mueslis aux fruits",en:france,FRANCE,https://images.openfoodfacts.org/images/products/360/839/024/6410/front_fr.3.400.jpg,430.0,430.0,90.0,,24.0,24.0,67.0,,22.0,22.0,11.0,11.0,10.0,,0.07,0.07,data_quality_error,data_quality_error,False,False,False,macros_exceed_100g,167.0
3609200011204,Barre protéinée,joyfuel,joyfuel,snacks,"Snacks, Snacks sucrés, Barres",en:france|en:morocco,FRANCE,https://images.openfoodfacts.org/images/products/360/920/001/1204/front_fr.17.400.jpg,369.090909090909,369.090909090909,14.0,14.0,7.81818181818182,7.81818181818182,0.0,0.0,2.18181818181818,,3.09090909090909,3.09090909090909,36.3636363636364,36.3636363636364,0.436363636363636,0.436363636363636,data_quality_error,data_quality_error,False,False,False,sugars_greater_than_carbohydrates,50.3636363636364
3614070056859,Chèvre Bûche frais,"cabrifin, savencia",cabrifin,dairies,"Produits laitiers, Produits fermentés, Produits laitiers fermentés, Fromages, Fromages de chèvre, Fromages pasteurisés",en:france,FRANCE,https://images.openfoodfacts.org/images/products/361/407/005/6859/front_fr.4.400.jpg,287.0,287.0,23.0,23.0,17.0,17.0,3.0,3.0,4.75252,,0.0,0.0,17.0,17.0,1.8,1.8,data_quality_error,data_quality_error,False,False,False,sugars_greater_than_carbohydrates,43.0
3660146070458,Café soluble,,unknown,beverages,"Aliments et boissons à base de végétaux, Boissons, Aliments d'origine végétale, Cafés, Boissons instantanées, Cafés solubles",en:france,FRANCE,https://images.openfoodfacts.org/images/products/366/014/607/0458/front_fr.3.400.jpg,1.0,1.0,0.0,0.0,0.0,0.0,0.0,0.0,0.3,,0.0,0.0,0.2,0.2,0.0,0.0,data_quality_error,data_quality_error,False,False,False,sugars_greater_than_carbohydrates,0.2
3660992005451,Jus de pomme a base de concentré,"bien vu, bien vu!",bien vu,beverages,"Aliments et boissons à base de végétaux, Boissons, Boissons à base de végétaux, Boissons aux fruits, Jus et nectars, Jus de fruits, Boissons sans alcool, Boissons sans sucre ajouté, Jus de pomme, Jus de fruits à base de concentré, Jus de pomme à base de concentré",en:france,FRANCE,https://images.openfoodfacts.org/images/products/366/099/200/5451/front_fr.11.400.jpg,45.0,45.0,0.02,0.02,0.046,,11.0,11.0,10.9,10.9,0.23,0.23,0.1,0.1,0.022,0.022,data_quality_error,data_quality_error,False,False,False,saturated_fat_greater_than_fat,11.12
3660992310098,Roquefort AOP,bien vu,bien vu,dairies,"Produits laitiers, Produits fermentés, Produits laitiers fermentés, Fromages, Frais, Fromages à pâte persillée, Fromages de France, Fromages au lait cru, Fromages à pâte persillée français, Fromages de brebis, Fromages industriels, Roqueforts, en:aoc-cheeses, en:labeled-cheeses, Produits AOC, Produits labellisés",en:france,FRANCE,https://images.openfoodfacts.org/images/products/366/099/231/0098/front_fr.9.400.jpg,361.0,361.0,0.19,0.19,22.5,,4.99,4.99,0.0,0.0,0.0,0.0,19.0,19.0,3.7,3.7,data_quality_error,data_quality_error,False,False,False,saturated_fat_greater_than_fat,24.180000000000003
3663458006429,mini Marshmallows,not guilty,not guilty,snacks,"Imbiss, Süßer Snack, Süßwaren, Bonbons, Marshmallows",en:france|en:germany,FRANCE|DACH,https://images.openfoodfacts.org/images/products/366/345/800/6429/front_de.4.400.jpg,326.0,326.0,0.0,0.0,0.0003796875,,81.0,81.0,69.0,69.0,0.03375,0.03375,0.5,0.5,0.2,0.2,data_quality_error,data_quality_error,False,False,False,saturated_fat_greater_than_fat,81.5
3664346325721,DESSERT PRALINOISE 50% Praliné (Lot x2),poulain,poulain,snacks,"Snacks, Snacks sucrés, Cacao et dérivés, Chocolats, Chocolats au lait",en:france,FRANCE,https://images.openfoodfacts.org/images/products/366/434/632/5721/front_fr.15.400.jpg,577.777777777778,577.777777777778,26.1111111111111,26.1111111111111,14.4444444444444,14.4444444444444,50.0,50.0,50.5555555555556,,2.77777777777778,2.77777777777778,6.11111111111111,6.11111111111111,0.0555555555555556,0.0555555555555556,data_quality_error,data_quality_error,False,False,False,sugars_greater_than_carbohydrates,82.2222222222222
3664346335102,Poulain grand arôme,poulain,poulain,beverages,"Beverages, Cocoa and its products, Cocoa and chocolate powders, Instant beverages, Chocolate-powders, en:instant-chocolate-powders",en:france,FRANCE,https://images.openfoodfacts.org/images/products/366/434/633/5102/front_fr.25.400.jpg,1000.0,,24.6666666666667,24.6666666666667,14.6666666666667,14.6666666666667,140.0,,133.333333333333,,10.6666666666667,10.6666666666667,52.0,52.0,1.46666666666667,1.46666666666667,data_quality_error,data_quality_error,False,False,False,energy_above_900_kcal|nutrient_value_above_100g,216.66666666666669
3664346340120,Chocolat noir doux pop-corn x3,poulain,poulain,snacks,"Snacks, Snacks sucrés, Cacao et dérivés, Chocolats, Chocolats noirs",en:france,FRANCE,https://images.openfoodfacts.org/images/products/366/434/634/0120/front_fr.3.400.jpg,521.052631578947,521.052631578947,30.5263157894737,,18.4210526315789,18.4210526315789,68.4210526315789,,46.8421052631579,46.8421052631579,5.78947368421053,5.78947368421053,6.31578947368421,,0.210526315789474,0.210526315789474,data_quality_error,data_quality_error,False,False,False,macros_exceed_100g,105.2631578947368
3664346350006,Scoubidou Fizz Twist,lutti,lutti,snacks,"Snacks, Sweet snacks, Confectioneries, en:acid-gummy-candies",en:france,FRANCE,https://images.openfoodfacts.org/images/products/366/434/635/0006/front_fr.3.400.jpg,346.7,346.7,2.3,2.3,7.2,,79.0,79.0,59.0,59.0,,,2.5,2.5,0.08,0.08,data_quality_error,data_quality_error,False,False,False,saturated_fat_greater_than_fat,83.8
3700036900264,Beurre de Baratte demi-sel,"fromagerie de montsurs, naturalia",fromagerie de montsurs,dairies,"Produits laitiers, Matières grasses, Produits à tartiner, Matières grasses à tartiner, Matières grasses animales, Matière grasse laitière, en:dairy-spread, Beurres, Beurres demi-sel",en:france,FRANCE,https://images.openfoodfacts.org/images/products/370/003/690/0264/front_fr.11.400.jpg,724.8,724.8,80.0,80.0,17.266,17.266,0.7,0.7,2.6869,,1.3483,1.3483,0.5,0.5,2.0336,2.0336,data_quality_error,data_quality_error,False,False,False,sugars_greater_than_carbohydrates,81.2
3700214610411,Rooibos (Doux et sans Théine),alter eco,alter eco,beverages,"Aliments et boissons à base de végétaux, Boissons, Aliments d'origine végétale, Boissons chaudes, Boissons à base de végétaux, Infusions, Boissons sans sucre ajouté, Rooibos",en:france,FRANCE,https://images.openfoodfacts.org/images/products/370/021/461/0411/front_en.77.400.jpg,1.0,1.0,0.0,0.0,0.0,0.0,0.0,0.0,0.2,,0.0,0.0,0.1,0.1,0.0,0.0,data_quality_error,data_quality_error,False,False,False,sugars_greater_than_carbohydrates,0.1
3700263600173,Lait ecrémé,,unknown,dairies,"Produits laitiers, Laits, Laits homogénéisés, Laits UHT, Laits écrémés, Laits écrémés UHT",en:france,FRANCE,https://images.openfoodfacts.org/images/products/370/026/360/0173/front_fr.4.400.jpg,134.0,134.0,0.0,0.0,0.05,,4.6,4.6,4.6,4.6,,,3.1,3.1,0.13,0.13,data_quality_error,data_quality_error,False,False,False,saturated_fat_greater_than_fat,7.699999999999999
3700278406135,Benco frappé,benco,benco,dairies,"Beverages, Dairies, Dairy drinks, Flavoured milks, Milkshakes, fr:Poudre chocolatée",en:france,FRANCE,https://images.openfoodfacts.org/images/products/370/027/840/6135/front_en.3.400.jpg,1290.0,,34.0,34.0,21.0,21.0,180.0,,180.0,,8.0,8.0,70.0,70.0,3.4,3.4,data_quality_error,data_quality_error,False,False,False,energy_above_900_kcal|nutrient_value_above_100g,284.0
3700278406166,Benco frappé saveur choco-banane,benco,benco,beverages,"Boissons, Cacao et dérivés, Cacaos et chocolats en poudre, Boissons instantanées, Chocolats en poudre",en:france,FRANCE,https://images.openfoodfacts.org/images/products/370/027/840/6166/front_fr.3.400.jpg,1290.0,,34.0,34.0,21.0,21.0,180.0,,180.0,,8.0,8.0,70.0,70.0,3.4,3.4,data_quality_error,data_quality_error,False,False,False,energy_above_900_kcal|nutrient_value_above_100g,284.0
3700422203283,Sablés de Savoie pâte à tartiner,,unknown,snacks,"Snacks, Sweet snacks, Biscuits and cakes, Savoy-style sponge cake, en:shortbread-cookies",en:france,FRANCE,https://images.openfoodfacts.org/images/products/370/042/220/3283/front_fr.3.400.jpg,690.0,690.0,37.3,,18.1,18.1,79.1,,43.4,43.4,3.0,3.0,7.9,,0.24,0.24,data_quality_error,data_quality_error,False,False,False,macros_exceed_100g,124.3
3700457100748,jus de pomme,moulin des peupliers,moulin des peupliers,beverages,"Aliments et boissons à base de végétaux, Boissons, Boissons à base de végétaux, Boissons aux fruits, Jus et nectars, Jus de fruits, Boissons sans sucre ajouté, Jus de pomme, Jus de fruits pur jus, Jus de pommes pur jus",en:france,FRANCE,https://images.openfoodfacts.org/images/products/370/045/710/0748/front_fr.14.400.jpg,44.5,44.5,0.0,0.0,0.046,,11.0,11.0,10.9,10.9,0.23,0.23,0.1,0.1,0.022,0.022,data_quality_error,data_quality_error,False,False,False,saturated_fat_greater_than_fat,11.1
3700470000353,"Jardins de Grasse Thé vert Saveur Pêche, Framboise, Rose",voyage des sens,voyage des sens,beverages,"Aliments et boissons à base de végétaux, Boissons, Boissons chaudes, Boissons à base de végétaux, Thés, Thés verts",en:france,FRANCE,https://images.openfoodfacts.org/images/products/370/047/000/0353/front_fr.3.400.jpg,1.0,1.0,0.0,0.0,0.0,0.0,0.0,0.0,0.2,,0.0,0.0,0.1,0.1,0.0,0.0,data_quality_error,data_quality_error,False,False,False,sugars_greater_than_carbohydrates,0.1
3700650900510,POP CORN,jean-louis bassinet,jean-louis bassinet,snacks,"Snacks, Snacks sucrés, Confiseries, Popcorn, Popcorn sucré",en:france,FRANCE,https://images.openfoodfacts.org/images/products/370/065/090/0510/front_fr.8.400.jpg,477.0,477.0,25.0,,2.1,2.1,70.3,,30.1,30.1,0.0,0.0,9.8,,4.81,4.81,data_quality_error,data_quality_error,False,False,False,macros_exceed_100g,105.1
3700968100688,Thé vert gunpowder,1336,1336,beverages,"Aliments et boissons à base de végétaux, Boissons, Boissons chaudes, Boissons à base de végétaux, Thés, Thés verts",en:france,FRANCE,https://images.openfoodfacts.org/images/products/370/096/810/0688/front_fr.12.400.jpg,1.0,1.0,0.0,0.0,0.0,0.0,0.0,0.0,0.2,,0.0,0.0,0.1,0.1,0.0,0.0,data_quality_error,data_quality_error,False,False,False,sugars_greater_than_carbohydrates,0.1
3701200403161,Chocolat blond,le cacaotier,le cacaotier,snacks,"Snacks, Snacks sucrés, Cacao et dérivés, Chocolats, Chocolats blancs",en:france,FRANCE,https://images.openfoodfacts.org/images/products/370/120/040/3161/front_fr.17.400.jpg,591.0,591.0,41.0,41.0,25.0,25.0,47.0,47.0,50.0,,0.0,0.0,8.1,8.1,0.1667203125,0.1667203125,data_quality_error,data_quality_error,False,False,False,sugars_greater_than_carbohydrates,96.1
3759264653237,Ginger Beer,kombuch’alpes,kombuchalpes,beverages,Bière de gingembre,en:france,FRANCE,https://images.openfoodfacts.org/images/products/375/926/465/3237/front_fr.3.400.jpg,15.0,15.0,0.1,0.1,0.0,0.0,0.0,0.0,4.0,,0.0,0.0,0.14,0.14,0.01,0.01,data_quality_error,data_quality_error,False,False,False,sugars_greater_than_carbohydrates,0.24000000000000002
3760027470206,Chocolat noir cuisine,le clos de l'arche,le clos de l'arche,snacks,"Snacks,Sweet snacks,Cocoa and its products,Chocolates,Dark chocolates",en:france,FRANCE,https://images.openfoodfacts.org/images/products/376/002/747/0206/front_fr.3.400.jpg,526.0,526.0,60.8,,37.0,37.0,99.2,,89.8,89.8,14.92,14.92,12.8,,0.085,0.085,data_quality_error,data_quality_error,False,False,False,macros_exceed_100g,172.8
3760033150437,Nature de Pommes - Pink Lady,nature de pommes,nature de pommes,beverages,"Aliments et boissons à base de végétaux, Boissons, Boissons à base de végétaux, Boissons aux fruits, Jus et nectars, Jus de fruits, Boissons sans alcool, Boissons sans sucre ajouté, Jus de pomme, Jus de fruits pur jus, Jus de pommes pur jus, en:Monovarietal apple juices, Jus de pommes Pink Lady",en:france,FRANCE,https://images.openfoodfacts.org/images/products/376/003/315/0437/front_fr.38.400.jpg,43.0,43.0,1.0,1.0,0.046,0.046,9.4,9.4,10.9,,0.23,0.23,1.0,1.0,0.022,0.022,data_quality_error,data_quality_error,False,False,False,sugars_greater_than_carbohydrates,11.4
3760036570232,Jus d’orange,la fraicherie,la fraicherie,beverages,"Aliments et boissons à base de végétaux, Boissons, Boissons à base de végétaux, Boissons aux fruits, Jus et nectars, Jus de fruits, Jus d'orange",en:france,FRANCE,https://images.openfoodfacts.org/images/products/376/003/657/0232/front_fr.17.400.jpg,46.4,46.4,0.28,0.28,0.07,0.07,8.04,8.04,9.61,,0.28,0.28,1.06,1.06,0.0031,0.0031,data_quality_error,data_quality_error,False,False,False,sugars_greater_than_carbohydrates,9.379999999999999
3760047160057,Pur jus de pomme,la perdrigone,la perdrigone,beverages,"Aliments et boissons à base de végétaux, Boissons, Boissons à base de végétaux, Boissons aux fruits, Jus et nectars, Jus de fruits, Boissons sans sucre ajouté, Jus de pomme, Jus de fruits pur jus, Jus de pommes pur jus",en:france,FRANCE,https://images.openfoodfacts.org/images/products/376/004/716/0057/front_fr.4.400.jpg,45.0,45.0,0.0,0.0,0.021,,11.0,11.0,10.1,10.1,1.3,1.3,0.0,0.0,0.0,0.0,data_quality_error,data_quality_error,False,False,False,saturated_fat_greater_than_fat,11.0
3760056264630,Mozzarella Spécial Cuisine (23 % MG),casa azzurra,casa azzurra,dairies,"Produits laitiers, Produits fermentés, Produits laitiers fermentés, Fromages, Fromages de vache, Frais, Fromages italiens, Fromages à pâte filée, Mozzarella, Fromages pasteurisés, Fromages industriels",en:france,FRANCE,https://images.openfoodfacts.org/images/products/376/005/626/4630/front_fr.15.400.jpg,305.0,305.0,23.0,23.0,26.0,,4.90018,4.90018,1.5,1.5,0.0,0.0,22.0,22.0,1.2,1.2,data_quality_error,data_quality_error,False,False,False,saturated_fat_greater_than_fat,49.90018
3760067850501,Jus de Pomme Bio,les vergers de ducy,les vergers de ducy,beverages,"Aliments et boissons à base de végétaux, Boissons, Boissons à base de végétaux, Boissons aux fruits, Jus et nectars, Jus de fruits, Boissons sans sucre ajouté, Jus de pomme, Jus de fruits pur jus, Jus de pommes pur jus",en:france,FRANCE,https://images.openfoodfacts.org/images/products/376/006/785/0501/front_fr.20.400.jpg,50.0,50.0,0.0,0.0,0.021,,12.5,12.5,12.5,12.5,1.3,1.3,0.0,0.0,0.0,0.0,data_quality_error,data_quality_error,False,False,False,saturated_fat_greater_than_fat,12.5
3760072744079,Vendée Caramel au beurre salé,,unknown,snacks,"Snacks, Petit-déjeuners, Produits à tartiner, Snacks sucrés, Confiseries, Produits à tartiner sucrés, Pâtes à tartiner, Pâtes à tartiner au caramel, Caramels",en:france,FRANCE,https://images.openfoodfacts.org/images/products/376/007/274/4079/front_fr.15.400.jpg,710.0,710.0,30.0,30.0,20.0,20.0,110.0,,70.0,70.0,0.344025,0.344025,70.0,70.0,0.02,0.02,data_quality_error,data_quality_error,False,False,False,nutrient_value_above_100g,210.0
3760074472109,Nectar Abricot,pronatura,pronatura,beverages,"Aliments et boissons à base de végétaux, Boissons, Boissons à base de végétaux, Boissons aux fruits, Jus et nectars, Nectars de fruits, Nectars d'abricot",en:france,FRANCE,https://images.openfoodfacts.org/images/products/376/007/447/2109/front_fr.8.400.jpg,57.0,57.0,0.1,0.1,0.0,0.0,12.9,12.9,15.825,,0.6,0.6,0.4,0.4,0.0,0.0,data_quality_error,data_quality_error,False,False,False,sugars_greater_than_carbohydrates,13.4
3760074472833,Poires williams et Guyot pressées,pronatura,pronatura,beverages,"Aliments et boissons à base de végétaux, Boissons, Boissons à base de végétaux, Boissons aux fruits, Jus et nectars, Nectars de fruits, Nectars de poire",en:france,FRANCE,https://images.openfoodfacts.org/images/products/376/007/447/2833/front_fr.5.400.jpg,62.0,62.0,0.1,0.1,0.0,0.0,12.0,12.0,14.8,,0.6,0.6,0.2,0.2,0.0,0.0,data_quality_error,data_quality_error,False,False,False,sugars_greater_than_carbohydrates,12.299999999999999
3760077532558,Amaretti morbidi,dolcioso,dolcioso,snacks,"Snacks, Snacks sucrés, Biscuits et gâteaux, Biscuits, Amaretti",en:france,FRANCE,https://images.openfoodfacts.org/images/products/376/007/753/2558/front_fr.8.400.jpg,411.4,411.4,16.0,16.0,6.18,6.18,55.24,55.24,58.19,,3.7,3.7,9.76,9.76,0.03,0.03,data_quality_error,data_quality_error,False,False,False,sugars_greater_than_carbohydrates,81.0
3760077534705,Cantuccini,ital passion,ital passion,snacks,"Snacks,Sweet snacks,Biscuits and cakes,Biscuits,Dry biscuits,Cantucci",en:france,FRANCE,https://images.openfoodfacts.org/images/products/376/007/753/4705/front_fr.4.400.jpg,414.0,414.0,11.8,,2.0,2.0,86.7,,33.7,33.7,2.4,2.4,9.1,,1.9,1.9,data_quality_error,data_quality_error,False,False,False,macros_exceed_100g,107.6
3760087361575,Sirop de fleur de coco,"biosagesse, ecoidees",biosagesse,beverages,"Boissons, Sirops, Sirops aromatisés, Sirops de coco",en:france,FRANCE,https://images.openfoodfacts.org/images/products/376/008/736/1575/front_fr.10.400.jpg,340.0,340.0,0.0,0.0,0.2,,83.0,83.0,71.0,71.0,0.0,0.0,1.0,1.0,0.27,0.27,data_quality_error,data_quality_error,False,False,False,saturated_fat_greater_than_fat,84.0
3760088720494,Couronnes D'Anis,biscuiterie d'azur,biscuiterie d'azur,snacks,"Snacks,Sweet snacks,Biscuits and cakes,Biscuits",en:france,FRANCE,https://images.openfoodfacts.org/images/products/376/008/872/0494/front_fr.3.400.jpg,515.0,515.0,16.0,,2.2,2.2,84.0,,33.0,33.0,,,8.3,,0.13,0.13,data_quality_error,data_quality_error,False,False,False,macros_exceed_100g,108.3
3760091727930,Infusion Bio Digestion,"paysans d'ici, ethiquable",paysans d'ici,beverages,"Aliments et boissons à base de végétaux, Boissons, Boissons chaudes, Boissons à base de végétaux, Infusions, Infusions de plantes",en:france,FRANCE,https://images.openfoodfacts.org/images/products/376/009/172/7930/front_fr.27.400.jpg,0.0,0.0,0.0,0.0,0.0,0.0,0.0,0.0,0.2,,0.0,0.0,0.1,0.1,0.0,0.0,data_quality_error,data_quality_error,False,False,False,sugars_greater_than_carbohydrates,0.1
3760093420051,Beurre de baratte fermier,la ferme de la sablonnière,la ferme de la sablonniere,dairies,"Produits laitiers, Matières grasses, Produits à tartiner, Matières grasses à tartiner, Matières grasses animales, Produits laitiers à tartiner, Matière grasse laitière, Beurres, Beurres demi-sel, Beurres crus",en:france,FRANCE,https://images.openfoodfacts.org/images/products/376/009/342/0051/front_fr.17.400.jpg,732.0,732.0,80.8,80.8,54.8,54.8,0.0,0.0,0.06,,0.0,0.0,0.7,0.7,2.5,2.5,data_quality_error,data_quality_error,False,False,False,sugars_greater_than_carbohydrates,81.5
3760133530139,La Galette de Saint Armel,biscuiterie des vénètes,biscuiterie des venetes,snacks,"Snacks,Sweet snacks,Biscuits and cakes,Biscuits and crackers,Biscuits,Dry biscuits",en:france,FRANCE,https://images.openfoodfacts.org/images/products/376/013/353/0139/front_fr.14.400.jpg,573.0,573.0,29.9,,19.3,19.3,67.8,,29.8,29.8,3.6,3.6,7.4,,0.9,0.9,data_quality_error,data_quality_error,False,False,False,macros_exceed_100g,105.1
3760150420055,Fromage blanc fermier,mezerac,mezerac,dairies,"Dairies,Fermented foods,Fermented milk products,Desserts,Dairy desserts,Fermented dairy desserts,Plain fermented dairy desserts,fr:Fromages blancs,Fresh cream cheese with cow's milk,fr:Fromages blancs natures",en:france,FRANCE,https://images.openfoodfacts.org/images/products/376/015/042/0055/front_fr.4.400.jpg,119.0,119.0,4.0,4.0,4.35,,4.22,4.22,4.22,4.22,0.0,0.0,5.74,5.74,0.06,0.06,data_quality_error,data_quality_error,False,False,False,saturated_fat_greater_than_fat,13.96
3760167480257,Meringuettes multicolores traditionnelles,la ronde bretonne,la ronde bretonne,snacks,"Snacks, Snacks sucrés, Biscuits et gâteaux, Pâtisseries, Meringues",en:france,FRANCE,https://images.openfoodfacts.org/images/products/376/016/748/0257/front_fr.20.400.jpg,690.0,690.0,10.0,10.0,20.0,,60.1,60.1,40.0,40.0,0.0,0.0,7.9,7.9,0.5,0.5,data_quality_error,data_quality_error,False,False,False,saturated_fat_greater_than_fat,78.0
3760177744387,Rice Cracker Japonais,,unknown,snacks,Biscuits apéritifs au riz,en:france,FRANCE,https://images.openfoodfacts.org/images/products/376/017/774/4387/front_fr.3.400.jpg,428.0,428.0,14.4,,2.1,2.1,83.1,,18.5,18.5,,,10.3,,0.23,0.23,data_quality_error,data_quality_error,False,False,False,macros_exceed_100g,107.8
3760195901786,Coeur de pom Reinette clochard,coeur de pom,coeur de pom,beverages,"Beverages and beverages preparations, Beverages, en:apple-juices",en:france,FRANCE,https://images.openfoodfacts.org/images/products/376/019/590/1786/front_fr.30.400.jpg,48.0,48.0,0.0,0.0,0.0,0.0,11.8,11.8,11.9,,,,0.0,0.0,0.06,0.06,data_quality_error,data_quality_error,False,False,False,sugars_greater_than_carbohydrates,11.8
3760198200121,Mendiant chocolat lait,calissoun,calissoun,snacks,"Snacks,Sweet snacks,Cocoa and its products,Chocolates,Milk chocolates,Milk chocolate with dried fruits",en:france,FRANCE,https://images.openfoodfacts.org/images/products/376/019/820/0121/front_fr.5.400.jpg,528.0,528.0,47.03,,31.7,31.7,51.9,,48.6,48.6,3.3,3.3,7.3,,0.11,0.11,data_quality_error,data_quality_error,False,False,False,macros_exceed_100g,106.22999999999999
3760198786014,Granola Maison Fromage blanc,,unknown,dairies,"Produits laitiers, Produits fermentés, Desserts, Produits laitiers fermentés, Desserts lactés, Desserts lactés fermentés, Fromages blancs, Fromages blancs au lait de vache",en:france,FRANCE,https://images.openfoodfacts.org/images/products/376/019/878/6014/front_fr.4.400.jpg,232.0,232.0,3.7,3.7,4.0,,35.0,35.0,18.0,18.0,,,13.0,13.0,0.025,0.025,data_quality_error,data_quality_error,False,False,False,saturated_fat_greater_than_fat,51.7
3760220130051,Yaourt fermier nature,la vache occitane,la vache occitane,dairies,"Produits laitiers, Produits fermentés, Produits laitiers fermentés, Desserts, Desserts lactés, Desserts lactés fermentés, Yaourts, Desserts lactés fermentés nature, Yaourts natures, Yaourts au lait de vache, Surgelés",en:france,FRANCE,https://images.openfoodfacts.org/images/products/376/022/013/0051/front_fr.4.400.jpg,112.0,112.0,3.0,3.0,0.1,0.1,5.5,5.5,14.3,,,,3.0,3.0,0.12,0.12,data_quality_error,data_quality_error,False,False,False,sugars_greater_than_carbohydrates,11.5
3760224621302,Intégral cru,speeduline,speeduline,snacks,"Snacks, Snacks sucrés, Cacao et dérivés, Chocolats, Chocolats édulcorés, Chocolats noirs, Chocolat au beurre de cacao cru",en:france|en:switzerland,FRANCE|DACH,https://images.openfoodfacts.org/images/products/376/022/462/1302/front_fr.4.400.jpg,593.0,593.0,45.15,,27.21,27.21,55.66,,26.25,26.25,3.29,3.29,7.52,,,,data_quality_error,data_quality_error,False,False,False,macros_exceed_100g,108.32999999999998
3760225495391,,,unknown,beverages,en:fruit-juices,en:france,FRANCE,https://images.openfoodfacts.org/images/products/376/022/549/5391/front_en.3.400.jpg,35.0,35.0,,,0.0001,0.0001,709.0,,7.6,7.6,,,0.5,0.5,0.01,0.01,data_quality_error,data_quality_error,False,False,False,nutrient_value_above_100g,
3760249072196,Thé vert BIO Matcha,,unknown,beverages,Thés verts,en:france,FRANCE,https://images.openfoodfacts.org/images/products/376/024/907/2196/front_fr.11.400.jpg,1.0,1.0,0.0,0.0,0.0,0.0,0.0,0.0,0.2,,0.0,0.0,0.1,0.1,0.0,0.0,data_quality_error,data_quality_error,False,False,False,sugars_greater_than_carbohydrates,0.1
3760253540179,,les frangins,les frangins,snacks,"Snacks,Snacks sucrés,Biscuits et gâteaux,Biscuits sucrés & biscuits apéritifs,Biscuits,Biscuits fourrés,Biscuits fourrés cacahuètes",en:france,FRANCE,https://images.openfoodfacts.org/images/products/376/025/354/0179/front_en.13.400.jpg,459.0,459.0,23.7,,3.7,3.7,44.1,,9.6,9.6,8.2,8.2,75.4,,0.32,0.32,data_quality_error,data_quality_error,False,False,False,macros_exceed_100g,143.2
3760274680076,Pain de xmie - Viennois,les moulins de versailles,les moulins de versailles,snacks,"Snacks, Snacks sucrés, Viennoiseries, Pains briochés",en:france,FRANCE,https://images.openfoodfacts.org/images/products/376/027/468/0076/front_fr.4.400.jpg,361.0,361.0,0.03,0.03,2.7,,65.7,65.7,8.0,8.0,2.7,2.7,12.2,12.2,1.84,1.84,data_quality_error,data_quality_error,False,False,False,saturated_fat_greater_than_fat,77.93
3760278863932,Thé Earl Grey - Thé Darjeeling - Feuilles entières,ethiquable,ethiquable,beverages,"Aliments et boissons à base de végétaux, Boissons, Boissons chaudes, Boissons à base de végétaux, Thés",en:france,FRANCE,https://images.openfoodfacts.org/images/products/376/027/886/3932/front_fr.3.400.jpg,1.0,1.0,0.0,0.0,0.0,0.0,0.0,0.0,0.2,,0.0,0.0,0.1,0.1,0.0,0.0,data_quality_error,data_quality_error,False,False,False,sugars_greater_than_carbohydrates,0.1
3760283196193,Thé flamingo,,unknown,beverages,"Aliments et boissons à base de végétaux, Boissons, Boissons chaudes, Boissons à base de végétaux, Thés",en:france,FRANCE,https://images.openfoodfacts.org/images/products/376/028/319/6193/front_fr.3.400.jpg,1.0,1.0,0.0,0.0,0.0,0.0,0.0,0.0,0.2,,0.0,0.0,0.1,0.1,0.0,0.0,data_quality_error,data_quality_error,False,False,False,sugars_greater_than_carbohydrates,0.1
3760289260201,Mix-ins White chocolate dessert + Reese's peanut butter chips,reese's,reese's,dairies,"Dairies, Desserts, Dairy desserts, Chocolate desserts, Dairy chocolate desserts, en:bonbons",en:france,FRANCE,https://images.openfoodfacts.org/images/products/376/028/926/0201/front_fr.20.400.jpg,257.0,257.0,12.0,12.0,9.0,9.0,32.0,32.0,59.0,,0.125,0.125,5.9,5.9,0.2,0.2,data_quality_error,data_quality_error,False,False,False,sugars_greater_than_carbohydrates,49.9
3760313531604,Infusion énergie,marcel & fils,marcel & fils,beverages,"Aliments et boissons à base de végétaux, Boissons, Boissons à base de végétaux",en:france,FRANCE,https://images.openfoodfacts.org/images/products/376/031/353/1604/front_fr.3.400.jpg,1.0,1.0,0.0,0.0,0.0,0.0,0.0,0.0,0.2,,0.0,0.0,0.1,0.1,0.0,0.0,data_quality_error,data_quality_error,False,False,False,sugars_greater_than_carbohydrates,0.1
3770001464145,Cabécou fermier,,unknown,dairies,"Produits laitiers,Produits fermentés,Produits laitiers fermentés,Fromages,Fromages de France,Fromages de chèvre,Cabécous,fromage de vhevre",en:france,FRANCE,https://images.openfoodfacts.org/images/products/377/000/146/4145/front_fr.3.400.jpg,95.798,95.798,0.022,0.022,15.0,,0.9,0.9,0.9,0.9,,,23.0,23.0,0.6,0.6,data_quality_error,data_quality_error,False,False,False,saturated_fat_greater_than_fat,23.921999999999997
3770005113001,Toucan,toucan,toucan,beverages,"Boissons, Boissons alcoolisées, Boissons distillés, Alcools forts, Eaux-de-vie, Rhums, Rhums français, Rhum des départements français d'outre-mer",en:france,FRANCE,,1200.0,,1.0,1.0,1.0,1.0,70.0,70.0,99.0,,0.0,0.0,0.0,0.0,23.0,23.0,data_quality_error,data_quality_error,False,False,False,energy_above_900_kcal|sugars_greater_than_carbohydrates,71.0
3770006030574,Muffin bio,,unknown,snacks,"Snacks,Snacks sucrés,Biscuits et gâteaux,Gâteaux,Muffins,Gâteaux au chocolat,Muffins au chocolat",en:france,FRANCE,https://images.openfoodfacts.org/images/products/377/000/603/0574/front_fr.3.400.jpg,449.0,449.0,29.8,29.8,44.0,,37.3,37.3,28.0,28.0,31.0,31.0,6.4,6.4,0.224,0.224,data_quality_error,data_quality_error,False,False,False,saturated_fat_greater_than_fat,73.5
3770011373130,Barre+ focus énergie,in.pulse,in.pulse,snacks,"Snacks, Snacks sucrés, Biscuits et gâteaux, Gâteaux, Gâteaux au chocolat, Brownies",en:france,FRANCE,https://images.openfoodfacts.org/images/products/377/001/137/3130/front_fr.19.400.jpg,431.0,431.0,24.0,24.0,4.0,4.0,37.0,37.0,32.0,32.0,8.0,8.0,14.0,14.0,172.5,,data_quality_error,data_quality_error,False,False,False,nutrient_value_above_100g,75.0
3770014062130,Sablés saveur frangipane,palette gourmande,palette gourmande,snacks,"Snacks, Snacks sucrés, Biscuits et gâteaux, Biscuits, Biscuits sablés",en:france,FRANCE,https://images.openfoodfacts.org/images/products/377/001/406/2130/front_fr.7.400.jpg,614.75,614.75,29.38,,18.35,18.35,77.43,,28.29,28.29,,,9.06,,0.14,0.14,data_quality_error,data_quality_error,False,False,False,macros_exceed_100g,115.87
3770016489317,Panettone,,unknown,snacks,"Snacks, Snacks sucrés, Viennoiseries, Brioches, Panettone",en:france,FRANCE,https://images.openfoodfacts.org/images/products/377/001/648/9317/front_fr.4.400.jpg,541.0,541.0,21.2,,16.9,16.9,75.6,,34.5,34.5,3.1,3.1,9.5,,0.4,0.4,data_quality_error,data_quality_error,False,False,False,macros_exceed_100g,106.3
3770016489324,Panettone Citron Rouge,,unknown,snacks,"Snacks, Sweet snacks, Viennoiseries, Brioches, Panettone",en:france,FRANCE,https://images.openfoodfacts.org/images/products/377/001/648/9324/front_en.4.400.jpg,616.0,616.0,27.7,,22.6,22.6,81.6,,47.6,47.6,2.6,2.6,8.7,,0.6,0.6,data_quality_error,data_quality_error,False,False,False,macros_exceed_100g,118.0
3770019359730,Infusion,biohème,bioheme,beverages,"Aliments et boissons à base de végétaux, Boissons, Boissons chaudes, Boissons à base de végétaux, Infusions, Infusions en sachets",en:france,FRANCE,https://images.openfoodfacts.org/images/products/377/001/935/9730/front_fr.18.400.jpg,1.0,1.0,0.0,0.0,0.0,0.0,0.0,0.0,0.2,,0.0,0.0,0.1,0.1,0.0,0.0,data_quality_error,data_quality_error,False,False,False,sugars_greater_than_carbohydrates,0.1
3770025133010,Canistrelli chocolat,artisanale,artisanale,snacks,"Snacks, Sweet snacks, Biscuits and cakes, Biscuits, Dry biscuits, Canistrelli",en:france,FRANCE,https://images.openfoodfacts.org/images/products/377/002/513/3010/front_en.3.400.jpg,472.0,472.0,14.8000001907349,,2.79999995231628,2.79999995231628,85.9000015258789,,22.3999996185303,22.3999996185303,,,5.0,,,,data_quality_error,data_quality_error,False,False,False,macros_exceed_100g,105.70000171661381
3800020601129,Florina tomato 100%,florina,florina,beverages,"Plant-based foods and beverages, Beverages, Plant-based foods, Fruits and vegetables based foods, Vegetables based foods, Plant-based beverages, Vegetable-based foods and beverages, Fruit-based beverages, Juices and nectars, Vegetable-based beverages, Tomatoes and their products, Vegetable juices, Fruit juices, Tomato juices, Multifruit juices, Squeezed juices, Squeezed multifruit juices",en:cote-d-ivoire|en:france,FRANCE,https://images.openfoodfacts.org/images/products/380/002/060/1129/front_en.19.400.jpg,16.0,16.0,0.0,0.0,0.093,,3.0,3.0,2.4,2.4,4.2,4.2,0.9,0.9,0.6975,0.6975,data_quality_error,data_quality_error,False,False,False,saturated_fat_greater_than_fat,3.9
3800022800049,Thyme Herbal Tea 20 Bags X,,unknown,beverages,en:teas,en:france,FRANCE,https://images.openfoodfacts.org/images/products/380/002/280/0049/front_fr.3.400.jpg,0.0,0.0,0.0,0.0,0.0,0.0,0.0,0.0,0.2,,0.0,0.0,0.1,0.1,0.0,0.0,data_quality_error,data_quality_error,False,False,False,sugars_greater_than_carbohydrates,0.1
4000140700583,Russian Wild Berry,schweppes,schweppes,beverages,"Getränke und Getränkezubereitungen, Getränke, Kohlensäurehaltige Getränke, Erfrischungsgetränke, en:Getränke Alkoholfreie Getränke",en:france|en:germany,FRANCE|DACH,https://images.openfoodfacts.org/images/products/400/014/070/0583/front_de.20.400.jpg,38.0,38.0,0.0,0.0,0.0,0.0,4.0,4.0,9.0,,0.0,0.0,0.01,0.01,0.0,0.0,data_quality_error,data_quality_error,False,False,False,sugars_greater_than_carbohydrates,4.01
4000323001407,Crème Moka,feodora,feodora,snacks,"Snacks, Snacks sucrés, Cacao et dérivés, Chocolats, Chocolats au lait",en:france,FRANCE,https://images.openfoodfacts.org/images/products/400/032/300/1407/front_fr.5.400.jpg,566.0,566.0,38.0,38.0,24.0,24.0,43.0,43.0,47.51761,,4.9565,4.9565,9.0,9.0,0.12,0.12,data_quality_error,data_quality_error,False,False,False,sugars_greater_than_carbohydrates,90.0
4002221039759,Fennel Tea,meßmer,memer,beverages,"Plant-based foods and beverages, Beverages, Hot beverages, Plant-based beverages, Teas, Herbal teas, Herbal teas in tea bags, Tea bags",en:canada|en:france|en:germany|en:italy|en:united-kingdom,US_CANADA|FRANCE|DACH|SOUTHERN_EUROPE|UK_IE,https://images.openfoodfacts.org/images/products/400/222/103/9759/front_en.47.400.jpg,5.0,5.0,0.0,0.0,0.005,,0.0,0.0,2.2,,2.6,2.6,0.0,0.0,0.055,0.055,data_quality_error,data_quality_error,False,False,False,sugars_greater_than_carbohydrates|saturated_fat_greater_than_fat,0.0
4003310019805,festillant sans alcool,festillant,festillant,beverages,"Boissons, Boissons sans alcool",en:france,FRANCE,https://images.openfoodfacts.org/images/products/400/331/001/9805/front_fr.3.400.jpg,18.0,18.0,0.0,0.0,0.1,,4.3,4.3,3.7,3.7,0.0,0.0,0.5,0.5,0.01,0.01,data_quality_error,data_quality_error,False,False,False,saturated_fat_greater_than_fat,4.8
4006496019201,Mini Mozzarella,jäger,jager,dairies,"Produits laitiers, Produits fermentés, Produits laitiers fermentés, Fromages, Fromages italiens, Fromages à pâte filée, Mozzarella",en:bulgaria|en:france,FRANCE,https://images.openfoodfacts.org/images/products/400/649/601/9201/front_en.40.400.jpg,228.0,228.0,17.0,17.0,12.0,12.0,0.4,0.4,0.8,,0.0,0.0,17.5,17.5,0.4,0.4,data_quality_error,data_quality_error,False,False,False,sugars_greater_than_carbohydrates,34.9
4009900490016,Starburst Fave Reds Fruit Chews,starburst,starburst,snacks,"Snacks, Sweet snacks, Confectioneries, Candies, Caramels, Soft caramel candy",en:bolivia|en:france,FRANCE,https://images.openfoodfacts.org/images/products/400/990/049/0016/front_en.6.400.jpg,409.0,409.0,73.0,,4.1,4.1,83.8,,83.0,83.0,,,0.0,,0.0,0.0,data_quality_error,data_quality_error,False,False,False,macros_exceed_100g,156.8
4012852204204,Now Black Cola,now,now,beverages,en:sodas,en:france,FRANCE,https://images.openfoodfacts.org/images/products/401/285/220/4204/front_fr.6.400.jpg,31.0,31.0,0.5,0.5,0.1,0.1,7.2,7.2,7.7,,,,0.5,0.5,0.01,0.01,data_quality_error,data_quality_error,False,False,False,sugars_greater_than_carbohydrates,8.2
4013900722299,Poule en chocolat,biegelein,biegelein,snacks,"Snacks, Snacks sucrés, Cacao et dérivés, Aliments festifs, Chocolats, Moulages en chocolat, Chocolats au lait, Aliments de Pâques, Poules en chocolat",en:france,FRANCE,https://images.openfoodfacts.org/images/products/401/390/072/2299/front_fr.5.400.jpg,538.4,538.4,32.0,32.0,1.85357142857143,1.85357142857143,57.1,57.1,61.0464285714286,,0.0,0.0,5.5,5.5,0.0996482142857143,0.0996482142857143,data_quality_error,data_quality_error,False,False,False,sugars_greater_than_carbohydrates,94.6
4014400923711,Toffifee,,unknown,snacks,"חטיפים,חטיפים מתוקים,en:Cocoa and its products,מתוקים,ממתקי שוקולד,חטיפי פס,חטיפי שוקולד,אוכל,חטיף-שוקולד,שוקולד",en:france|en:israel,FRANCE,https://images.openfoodfacts.org/images/products/401/440/092/3711/front_fr.3.400.jpg,521.0,521.0,29.0,29.0,12.7,12.7,58.9,58.9,48.8,48.8,2.6,2.6,6.0,6.0,275.0,,data_quality_error,data_quality_error,False,False,False,nutrient_value_above_100g,93.9
4015533004643,Zitronensaft,völkel,volkel,beverages,"Boissons et préparations de boissons, Aliments et boissons à base de végétaux, Boissons, Boissons à base de végétaux, Boissons aux fruits, Jus et nectars, Jus de fruits, Jus de citron",en:france|en:germany,FRANCE|DACH,https://images.openfoodfacts.org/images/products/401/553/300/4643/front_fr.22.400.jpg,29.0,29.0,0.5,0.5,0.0,0.0,1.7,1.7,1705.0,,,,0.4,0.4,0.0,0.0,data_quality_error,data_quality_error,False,False,False,sugars_greater_than_carbohydrates,2.6
4015533047589,Kombucha,voelkel,voelkel,beverages,"Boissons,Produits fermentés,Boissons fermentées,Boissons au thé,Kombuchas,Boissons gazeuses",en:france,FRANCE,https://images.openfoodfacts.org/images/products/401/553/304/7589/front_fr.3.400.jpg,18.0,18.0,0.00049,0.00049,0.09,,4.6,4.6,4.6,4.6,,,0.49,0.49,0.009,0.009,data_quality_error,data_quality_error,False,False,False,saturated_fat_greater_than_fat,5.09049
4017194009814,Biobio - Kefir Doux 1.5% MG,"oma,schrozberger milchbauern (sbm),bibio",oma,dairies,"Beverages and beverages preparations,Beverages,Dairies,Fermented foods,Fermented milk products,Dairy drinks,Fermented drinks,Fermented milk drinks,Kefir",en:france|en:germany|en:spain,FRANCE|DACH|SOUTHERN_EUROPE,https://images.openfoodfacts.org/images/products/401/719/400/9814/front_fr.3.400.jpg,49.0,49.0,1.5,1.5,1.04,1.04,4.25,4.25,4.66,,0.0,0.0,4.5,4.5,0.09,0.09,data_quality_error,data_quality_error,False,False,False,sugars_greater_than_carbohydrates,10.25
4025500243715,TIRAMISU FLAVOUR,müller light,muller,dairies,"Dairies, Fermented foods, Desserts, Fermented milk products, Dairy desserts, Fermented dairy desserts, Yogurts, Flavoured yogurts",en:united-kingdom,UK_IE,https://images.openfoodfacts.org/images/products/402/550/024/3715/front_en.45.400.jpg,56.0,56.0,0.0,0.0,0.5,,7.1,7.1,6.6,6.6,0.0,0.0,6.6,6.6,0.0,0.0,data_quality_error,data_quality_error,False,False,False,saturated_fat_greater_than_fat,13.7
4044889000740,"VIVANI VANILLE, blanc vanille",vivani,vivani,snacks,"Snacks, Snacks sucrés, Cacao et dérivés, Chocolats, Chocolats blancs",en:france,FRANCE,https://images.openfoodfacts.org/images/products/404/488/900/0740/front_fr.5.400.jpg,641.0,641.0,60.72,60.72,31.8,31.8,19.9855,19.9855,36.4,,0.0,0.0,10.1,10.1,0.37,0.37,data_quality_error,data_quality_error,False,False,False,sugars_greater_than_carbohydrates,90.8055
4052700079097,chai latte TYP VANILLE-ZIMT CLASSIC INDIA,krüger,kruger,beverages,"Getränke und Getränkezubereitungen, Pflanzliche Lebensmittel und Getränke, Getränke, Pflanzliche Lebensmittel, Heißgetränke, Pflanzliche Getränke, Getränkezubereitungen, Tees, Kräutertees, Aromatisierte Tees, Chai, Gezuckerte Getränke",en:austria|en:france|en:germany,DACH|FRANCE,https://images.openfoodfacts.org/images/products/405/270/007/9097/front_en.35.400.jpg,70.0,70.0,1.67,1.67,9.3,,12.7,12.7,12.7,12.7,,,1.0,1.0,0.26,0.26,data_quality_error,data_quality_error,False,False,False,saturated_fat_greater_than_fat,15.37
4056489043164,Grana Padano DOP Geraspt - Râpé,milbona,milbona,dairies,"Dairies, Fermented foods, Fermented milk products, Cheeses, Italian cheeses, Grana Padano, en:grated-cheese",en:belgium|en:france|en:germany,BENELUX|FRANCE|DACH,https://images.openfoodfacts.org/images/products/405/648/904/3164/front_en.30.400.jpg,390.0,390.0,29.0,29.0,18.0,18.0,0.0,0.0,4.820554,,0.0,0.0,33.0,33.0,1.48,1.48,data_quality_error,data_quality_error,False,False,False,sugars_greater_than_carbohydrates,62.0
4056489354383,Mature cheddar slices 50% less fat,valley spire,valley spire,dairies,"Dairies, Fermented foods, Fermented milk products, Cheeses, Cow cheeses, Cheeses from the United Kingdom, Cheeses from England, Cheddar cheese",en:united-kingdom,UK_IE,https://images.openfoodfacts.org/images/products/405/648/935/4383/front_en.3.400.jpg,276.0,276.0,15.8,15.8,9.9,9.9,0.5,0.5,4.93,,0.25,0.25,32.7,32.7,1.6525,1.6525,data_quality_error,data_quality_error,False,False,False,sugars_greater_than_carbohydrates,49.0
4056489370291,Brique du Forez,saveurs de nos régions,saveurs de nos regions,dairies,"fr:Brique du Forez, en:cheeses",en:france,FRANCE,https://images.openfoodfacts.org/images/products/405/648/937/0291/front_fr.3.400.jpg,310.0,310.0,26.0,26.0,19.0,19.0,0.1,0.1,0.5,,0.0,0.0,19.0,19.0,1.0,1.0,data_quality_error,data_quality_error,False,False,False,sugars_greater_than_carbohydrates,45.1
4056489870784,Fruity Dream Smoothie,"solevita, lidl",solevita,beverages,Fruit smoothies,en:france|en:united-states,FRANCE|US_CANADA,https://images.openfoodfacts.org/images/products/405/648/987/0784/front_en.22.400.jpg,54.16667,54.16667,0.0,0.0,0.0,0.0,6.875,6.875,10.416667,,1.25,1.25,0.416667,0.416667,0.0052083325,0.0052083325,data_quality_error,data_quality_error,False,False,False,sugars_greater_than_carbohydrates,7.291667
4056489902225,Chocolate Fudge Brownie Mix,belbake,belbake,snacks,"Cooking helpers, Baking Mixes, Dessert mixes, Pastry helpers, Cake mixes, en:cakes",en:united-kingdom,UK_IE,https://images.openfoodfacts.org/images/products/405/648/990/2225/front_en.6.400.jpg,379.0,379.0,77.4,,6.9,6.9,63.3,,42.8,42.8,,,1.7,,0.07,0.07,data_quality_error,data_quality_error,False,False,False,macros_exceed_100g,142.4
4060800303097,Green ice tea,lipton,lipton,beverages,"Aliments et boissons à base de végétaux, Boissons, Boissons chaudes, Boissons à base de végétaux, Thés, Thés verts, Boissons au thé, Thés glacés",en:france,FRANCE,https://images.openfoodfacts.org/images/products/406/080/030/3097/front_fr.3.400.jpg,10.0,10.0,0.5,0.5,0.1,0.1,2.3,2.3,3.0,,,,0.5,0.5,,,data_quality_error,data_quality_error,False,False,False,sugars_greater_than_carbohydrates,3.3
4061459077889,Chocolate Chip Granola Bites,simply nature,simply nature,snacks,en:granola-bar,en:united-states,US_CANADA,https://images.openfoodfacts.org/images/products/406/145/907/7889/front_en.12.400.jpg,458.333333333333,458.333333333333,16.6666666666667,16.6666666666667,4.16666666666667,4.16666666666667,0.0,0.0,25.0,,8.33333333333333,8.33333333333333,8.33333333333333,8.33333333333333,0.217,0.217,data_quality_error,data_quality_error,False,False,False,sugars_greater_than_carbohydrates,25.00000000000003
4061461282394,Beer Cheese Flavored Kettle Chips,clancy's,clancy's,snacks,Potato crisps,en:united-states,US_CANADA,https://images.openfoodfacts.org/images/products/406/146/128/2394/front_en.3.400.jpg,535.714285714286,535.714285714286,9.0,9.0,1.5,1.5,53.5714285714286,53.5714285714286,0.0,0.0,1.0,1.0,2.0,2.0,400.0,,data_quality_error,data_quality_error,False,False,False,nutrient_value_above_100g,64.5714285714286
4061462510809,Greek Feta,emporium,emporium,dairies,"Dairies, Fermented foods, Fermented milk products, Cheeses, Greek cheeses, Feta, Feta-type cheese, en:sheep-s-milk-cheeses",en:united-kingdom,UK_IE,https://images.openfoodfacts.org/images/products/406/146/251/0809/front_en.7.400.jpg,400.0,400.0,24.0,24.0,16.0,16.0,0.1,0.1,0.2,,0.0,0.0,18.0,18.0,2.4,2.4,data_quality_error,data_quality_error,False,False,False,sugars_greater_than_carbohydrates,42.1
4061462608377,Coconut Cacao Granola,millville,millville,cereals,en:breakfast-cereals,en:united-states,US_CANADA,https://images.openfoodfacts.org/images/products/406/146/260/8377/front_en.24.400.jpg,433.333333333333,433.333333333333,22.0,,14.0,14.0,82.0,,32.0,32.0,4.0,4.0,10.0,,0.325,0.325,data_quality_error,data_quality_error,False,False,False,macros_exceed_100g,114.0
4061462944772,Twisted Fruits Zero Sugar,vive,vive,beverages,"Beverages and beverages preparations,Beverages",en:united-kingdom,UK_IE,https://images.openfoodfacts.org/images/products/406/146/294/4772/front_en.3.400.jpg,1.51515151515152,1.51515151515152,0.0,0.0,0.21085,,0.3,0.3,0.3,0.3,0.00625,0.00625,0.0,0.0,0.02,0.02,data_quality_error,data_quality_error,False,False,False,saturated_fat_greater_than_fat,0.3
4061464787292,Multivitamin Boost,the juice company,the juice company,beverages,"Plant-based foods and beverages, Beverages, Plant-based beverages, Fruit-based beverages, Juices and nectars, Fruit juices, Fruit juices from concentrate, Multifruit juices, Multifruit juices from concentrate",en:united-kingdom,UK_IE,https://images.openfoodfacts.org/images/products/406/146/478/7292/front_en.3.400.jpg,48.0,48.0,0.0,0.0,0.0464075078116042,,11.0,11.0,9.6,9.6,0.777954608488133,0.777954608488133,0.4,0.4,0.0139402026860452,0.0139402026860452,data_quality_error,data_quality_error,False,False,False,saturated_fat_greater_than_fat,11.4
4062139024872,pepsl,drinks,drinks,beverages,Sodas,en:united-kingdom,UK_IE,https://images.openfoodfacts.org/images/products/406/213/902/4872/front_en.3.400.jpg,18.0,18.0,0.0,0.0,0.0,0.0,4.6,4.6,11.0,,,,0.0,0.0,0.01,0.01,data_quality_error,data_quality_error,False,False,False,sugars_greater_than_carbohydrates,4.6
4067700011015,Jägermeister - Der Kräuterlikör,"jägermeister, major spirits",jagermeister,beverages,"Boissons et préparations de boissons, Boissons, Boissons alcoolisées, Liqueurs, Schnaps",en:australia|en:france|en:germany|en:switzerland,FRANCE|DACH,https://images.openfoodfacts.org/images/products/406/770/001/1015/front_fr.21.400.jpg,255.0,255.0,0.0,0.0,0.0,0.0,12.0,12.0,14.97,,0.0,0.0,0.0,0.0,0.00537,0.00537,data_quality_error,data_quality_error,False,False,False,sugars_greater_than_carbohydrates,12.0
4068263059735,,,unknown,snacks,"Aliments de Pâques,Barres chocolatées",en:france,FRANCE,https://images.openfoodfacts.org/images/products/406/826/305/9735/front_en.3.400.jpg,2.9,2.9,3257.0,,4.8,4.8,2.9,2.9,8.6,,,,0.8,0.8,0.04,0.04,data_quality_error,data_quality_error,False,False,False,nutrient_value_above_100g|sugars_greater_than_carbohydrates,3260.7
4069365581124,Vanilla Sweet Cream Cold Brew Coffee,barissimo,barissimo,beverages,"Canned-beverage,Coffee drinks,drinks,Canned Coffee",en:united-states,US_CANADA,https://images.openfoodfacts.org/images/products/406/936/558/1124/front_en.3.400.jpg,120.0,120.0,2.5,2.5,1.5,1.5,,,17.0,17.0,0.0,0.0,4.0,4.0,162.5,,data_quality_error,data_quality_error,False,False,False,nutrient_value_above_100g,
4088600122984,"Columbian Milk Chocolate, Coconut & Himalayan Salt",moser roth,moser roth,snacks,"Snacks,Sweet snacks,Cocoa and its products,Chocolates,Milk chocolates",en:united-kingdom,UK_IE,https://images.openfoodfacts.org/images/products/408/860/012/2984/front_en.3.400.jpg,580.0,580.0,39.6,39.6,24.8,24.8,188.0,,30.4,30.4,,,29.2,29.2,1.2,1.2,data_quality_error,data_quality_error,False,False,False,nutrient_value_above_100g,256.8
4088600437996,aldi berry granola protein vanilla flavour,brooklea,brooklea,dairies,"Dairies, Fermented foods, Fermented milk products",en:ireland|en:united-kingdom,UK_IE,https://images.openfoodfacts.org/images/products/408/860/043/7996/front_en.3.400.jpg,104.0,104.0,1.51,1.51,0.32,0.32,10.59,10.59,3.3,3.3,1351.35,,11.89,11.89,0.0,0.0,data_quality_error,data_quality_error,False,False,False,nutrient_value_above_100g,23.990000000000002
4088600446349,British Mature 50% Lighter Cheddar Grated,emporium,emporium,dairies,"Dairies, Fermented foods, Fermented milk products, Cheeses, Cow cheeses, Cheeses from the United Kingdom, Cheeses from England, Cheddar cheese, Grated cheese",en:united-kingdom,UK_IE,https://images.openfoodfacts.org/images/products/408/860/044/6349/front_en.23.400.jpg,273.333333333333,273.333333333333,14.1,14.1,14.62725,,6.5,6.5,0.0,0.0,0.2,0.2,29.6,29.6,1.21225,1.21225,data_quality_error,data_quality_error,False,False,False,saturated_fat_greater_than_fat,50.2
4088600520674,Cranberry & Camamber Lattices,crestwood,crestwood,dairies,"Camemberts,Cranberries",en:united-kingdom,UK_IE,https://images.openfoodfacts.org/images/products/408/860/052/0674/front_en.4.400.jpg,347.0,347.0,21.0,21.0,10.0,10.0,0.0,0.0,5.6,,1.1,1.1,6.8,6.8,1.0,1.0,data_quality_error,data_quality_error,False,False,False,sugars_greater_than_carbohydrates,27.8
4088600578026,Limonata Italian style soda,ridge valley,ridge valley,beverages,en:sodas,en:united-kingdom,UK_IE,https://images.openfoodfacts.org/images/products/408/860/057/8026/front_en.3.400.jpg,18.0,18.0,0.0,0.0,0.0,0.0,4.4,4.4,12.5,,0.0,0.0,0.1,0.1,0.04,0.04,data_quality_error,data_quality_error,False,False,False,sugars_greater_than_carbohydrates,4.5
4099100001068,Muenster Deli-Sliced Cheese,happy farms by aldi,happy farms by aldi,dairies,en:cheeses,en:united-states,US_CANADA,https://images.openfoodfacts.org/images/products/409/910/000/1068/front_en.24.400.jpg,380.952380952381,380.952380952381,28.5714285714286,28.5714285714286,19.047619047619,19.047619047619,0.0,0.0,4.90596625,,0.0,0.0,23.8095238095238,23.8095238095238,1.54761904761905,1.54761904761905,data_quality_error,data_quality_error,False,False,False,sugars_greater_than_carbohydrates,52.3809523809524
4099100048520,Chocolate Chip Mini Muffins,bake shop,bake shop,snacks,en:pastries,en:united-states,US_CANADA,https://images.openfoodfacts.org/images/products/409/910/004/8520/front_en.17.400.jpg,407.079646017699,407.079646017699,203.53982300885,,4.42477876106195,4.42477876106195,51.3274336283186,51.3274336283186,30.0884955752212,30.0884955752212,1.76991150442478,1.76991150442478,4.42477876106195,4.42477876106195,0.685840707964602,0.685840707964602,data_quality_error,data_quality_error,False,False,False,nutrient_value_above_100g,259.29203539823055
4099100077551,Instant Oatmeal Oats & Flax,simply nature,simply nature,cereals,"Plant-based foods and beverages, Plant-based foods, Breakfasts, Cereals and potatoes, Cereals and their products, Breakfast cereals",en:united-states,US_CANADA,https://images.openfoodfacts.org/images/products/409/910/007/7551/front_en.20.400.jpg,254.237288135593,254.237288135593,15.625,15.625,0.0,0.0,187.5,,68.75,68.75,18.75,18.75,25.0,25.0,1.875,1.875,data_quality_error,data_quality_error,False,False,False,nutrient_value_above_100g,228.125
4099100108866,Sweet Cream Unsalted Butter,countryside creamery,countryside creamery,dairies,"Dairies, Fats, Spreads, Spreadable fats, Animal fats, Milkfat, Dairy-spread, Butters, Unsalted butters",en:united-states,US_CANADA,https://images.openfoodfacts.org/images/products/409/910/010/8866/front_en.32.400.jpg,714.285714285714,714.285714285714,11.0,11.0,7.0,7.0,0.0,0.0,2.70075,,1.35525,1.35525,0.0,0.0,0.0,0.0,data_quality_error,data_quality_error,False,False,False,sugars_greater_than_carbohydrates,11.0
4099100118742,Original CocunutMilk,friendly farms,friendly farms,beverages,Plant-based milk alternatives,en:united-states,US_CANADA,https://images.openfoodfacts.org/images/products/409/910/011/8742/front_en.21.400.jpg,30.8647167058829,30.8647167058829,2.20462262184878,2.20462262184878,1.9841603596639,1.9841603596639,2.20462262184878,2.20462262184878,2.64554714621853,,0.0,0.0,0.220462262184878,0.220462262184878,0.0117859125364036,0.0117859125364036,data_quality_error,data_quality_error,False,False,False,sugars_greater_than_carbohydrates,4.629707505882438
4099100125498,SPREADABLE IRISH BUTTER,countryside creamery,countryside creamery,dairies,"Dairies, Fats, Spreads, Spreadable fats, Animal fats, Milkfat, Dairy-spread, Butters",en:united-states,US_CANADA,https://images.openfoodfacts.org/images/products/409/910/012/5498/front_en.30.400.jpg,571.428571428572,571.428571428572,9.002,9.002,4.494,4.494,0.0,0.0,0.51875,,0.0,0.0,0.0,0.0,0.1624,0.1624,data_quality_error,data_quality_error,False,False,False,sugars_greater_than_carbohydrates,9.002
4099100143881,Skim Milk,friendly farms,friendly farms,dairies,"Dairies, Milks, Skimmed milks",en:united-states,US_CANADA,https://images.openfoodfacts.org/images/products/409/910/014/3881/front_en.10.400.jpg,0.0,0.0,0.0,0.0,0.0,0.0,0.0,0.0,5.0847457627119,,0.0,0.0,3.8135593220339,3.8135593220339,0.13771186440678,0.13771186440678,data_quality_error,data_quality_error,False,False,False,sugars_greater_than_carbohydrates,3.8135593220339
4099100239164,mini muffins chocolate chip,baker's treat,baker's treat,snacks,en:muffins,en:united-states,US_CANADA,https://images.openfoodfacts.org/images/products/409/910/023/9164/front_en.12.400.jpg,382.978723404255,382.978723404255,36.2154821186057,36.2154821186057,9.05387052965142,9.05387052965142,113.173381620643,,67.9040289723857,67.9040289723857,0.0,0.0,9.05387052965142,9.05387052965142,1.52784065187868,1.52784065187868,data_quality_error,data_quality_error,False,False,False,nutrient_value_above_100g,158.44273426890013
4099100264777,"Granola Whole Grain Oats, Honey, Raisins & Almonds",millville,millville,cereals,en:granola,en:united-states,US_CANADA,https://images.openfoodfacts.org/images/products/409/910/026/4777/front_en.16.400.jpg,694.444444444445,694.444444444445,25.0,25.0,2.77777777777778,2.77777777777778,108.333333333333,,44.4444444444445,44.4444444444445,,,16.6666666666667,16.6666666666667,0.520833333333333,0.520833333333333,data_quality_error,data_quality_error,False,False,False,nutrient_value_above_100g,149.99999999999972
4099100298178,Sticks Colby & Monterey Jack Cheese Snack Sticks,happy farms,happy farms,dairies,Cheese appetizers,en:united-states,US_CANADA,https://images.openfoodfacts.org/images/products/409/910/029/8178/front_en.27.400.jpg,380.952380952381,380.952380952381,33.3333333333333,33.3333333333333,19.047619047619,19.047619047619,0.0,0.0,4.906890625,,0.0,0.0,23.8095238095238,23.8095238095238,1.48809523809524,1.48809523809524,data_quality_error,data_quality_error,False,False,False,sugars_greater_than_carbohydrates,57.142857142857096
4260287440210,Ziegenkäse,peynoos,peynoos,dairies,"fr:produits-laitiers, produits-fermentés, produits-laitiers-fermentés, fr:fromages, fromages-de-chèvre",en:france,FRANCE,https://images.openfoodfacts.org/images/products/426/028/744/0210/front_de.18.400.jpg,360.0,360.0,30.0,30.0,22.0,22.0,1.0,1.0,4.82092375,,0.0,0.0,22.0,22.0,1.475,1.475,data_quality_error,data_quality_error,False,False,False,sugars_greater_than_carbohydrates,53.0
4305615641812,Lemmon Gras ingwer tee,"king's crown, rossmann",king's crown,beverages,"Boissons et préparations de boissons, Boissons",en:france|en:germany,FRANCE|DACH,https://images.openfoodfacts.org/images/products/430/561/564/1812/front_fr.11.400.jpg,1.0,1.0,0.0,0.0,0.0,0.0,0.0,0.0,0.2,,0.0,0.0,0.1,0.1,0.0,0.0,data_quality_error,data_quality_error,False,False,False,sugars_greater_than_carbohydrates,0.1
4306188363507,Frischkäse Kräuter,"natur pur, s-budget, jeden tag, natürlich für uns",natur pur,dairies,"Milchprodukte, Fermentierte Lebensmittel, Fermentierte Milch, Käse, en:Cream cheeses",en:france|en:germany,FRANCE|DACH,https://images.openfoodfacts.org/images/products/430/618/836/3507/front_de.11.400.jpg,268.0,268.0,9.0,9.0,17.0,,1.0,1.0,3.0,,,,3.0,3.0,1.0,1.0,data_quality_error,data_quality_error,False,False,False,sugars_greater_than_carbohydrates|saturated_fat_greater_than_fat,13.0
4335619210998,,lidl,lidl,snacks,en:crisps,en:france,FRANCE,https://images.openfoodfacts.org/images/products/433/561/921/0998/front_en.3.400.jpg,525.0,525.0,28.8,28.8,2.9,2.9,589.0,,2.4,2.4,2.8,2.8,6.2,6.2,1.7,1.7,data_quality_error,data_quality_error,False,False,False,nutrient_value_above_100g,624.0
4335619274099,All butter Pains au chocolat,confiserie firenze,confiserie firenze,snacks,Pastries,en:united-kingdom,UK_IE,https://images.openfoodfacts.org/images/products/433/561/927/4099/front_en.21.400.jpg,426.0,426.0,24.0,24.0,16.3,16.3,4704.0,,9.2,9.2,1.9,1.9,4.2,4.2,0.94,0.94,data_quality_error,data_quality_error,False,False,False,nutrient_value_above_100g,4732.2
4514603263213,Mitsuya cider,asahi,asahi,beverages,"Beverages and beverages preparations, Beverages, Carbonated drinks, Sodas, en:ciders",en:united-states,US_CANADA,https://images.openfoodfacts.org/images/products/451/460/326/3213/front_en.5.400.jpg,46.19132,46.19132,0.0,0.0,0.0,0.0,11.75779,11.75779,12.5,,0.0,0.0,0.0,0.0,31.25,31.25,data_quality_error,data_quality_error,False,False,False,sugars_greater_than_carbohydrates,11.75779
4606272037315,Пористый молочный и белый,«россия» — щедрая душа!,   !,snacks,"Закуски, Сладкие закуски, en:Cocoa and its products, Кондитерские изделия, Батончики, Шоколад и шоколадные конфеты, Шоколад, Шоколадные плитки, Шоколад молочный и белый пористый",en:france|en:russia,FRANCE,https://images.openfoodfacts.org/images/products/460/627/203/7315/front_en.4.400.jpg,540.0,540.0,30.0,30.0,0.949772071838379,0.949772071838379,59.0,59.0,59.2415092468262,,0.0033760070800781,0.0033760070800781,6.8,6.8,0.144751598739624,0.144751598739624,data_quality_error,data_quality_error,False,False,False,sugars_greater_than_carbohydrates,95.8
4670248780277,Chaк-chak pastry / Чак-чак,баяр,,snacks,"Snacks, Sweet snacks, Biscuits and cakes, Pastries, Chak chak, en:confectioneries",en:france,FRANCE,https://images.openfoodfacts.org/images/products/467/024/878/0277/front_en.3.400.jpg,540.0,540.0,29.0,,,,71.0,,,,,,6.0,,,,data_quality_error,data_quality_error,False,False,False,macros_exceed_100g,106.0
4770299390576,Fromage 18 mois piquant,dziugas,dziugas,dairies,"Produits laitiers, Produits fermentés, Produits laitiers fermentés, Fromages, Fromages lithuaniens, lt:Džiugas, Fromages à pâte dure",en:france,FRANCE,https://images.openfoodfacts.org/images/products/477/029/939/0576/front_fr.17.400.jpg,366.0,366.0,26.0,26.0,18.0,18.0,0.0,0.0,4.784503375,,0.0,0.0,33.0,33.0,1.9675,1.9675,data_quality_error,data_quality_error,False,False,False,sugars_greater_than_carbohydrates,59.0
4770299398169,Ekologiškas sūris,dobilas,dobilas,dairies,"Dairies,Fermented foods,Fermented milk products,Cheese preparations",en:united-kingdom,UK_IE,https://images.openfoodfacts.org/images/products/477/029/939/8169/front_lt.5.400.jpg,342.0,342.0,26.0,26.0,17.0,17.0,0.0,0.0,4.784503375,,0.0,0.0,27.0,27.0,1.9675,1.9675,data_quality_error,data_quality_error,False,False,False,sugars_greater_than_carbohydrates,53.0
4796000550725,Cardamom Tea,mahmoud,mahmoud,beverages,"Aliments et boissons à base de végétaux, Boissons, Boissons chaudes, Boissons à base de végétaux, Thés, Boissons au thé, Boisson au thé aromatisée",en:france,FRANCE,https://images.openfoodfacts.org/images/products/479/600/055/0725/front_fr.11.400.jpg,1.0,1.0,0.0,0.0,0.0,0.0,0.0,0.0,0.2,,0.0,0.0,0.1,0.1,0.0,0.0,data_quality_error,data_quality_error,False,False,False,sugars_greater_than_carbohydrates,0.1
4800361028042,Koko Krunch,nestlé,nestle,cereals,"Plant-based foods and beverages,Plant-based foods,Breakfasts,Cereals and potatoes,Cereals and their products,Breakfast cereals,Chocolate cereals,Extruded cereals,Chocolate wheat shells",en:france|en:hong-kong,FRANCE,https://images.openfoodfacts.org/images/products/480/036/102/8042/front_en.42.400.jpg,540.0,540.0,15.3333333333333,,9.0,9.0,80.3333333333333,,38.0,38.0,4.66666666666667,4.66666666666667,18.0,,0.791666666666667,0.791666666666667,data_quality_error,data_quality_error,False,False,False,macros_exceed_100g,113.6666666666666
4800361061322,All purpose Cream,nestlé,nestle,dairies,Creams,en:france|en:germany|en:philippines,FRANCE|DACH,https://images.openfoodfacts.org/images/products/480/036/106/1322/front_en.30.400.jpg,250.0,250.0,25.0,25.0,15.0,15.0,3.6,3.6,4.0,,0.0,0.0,2.5,2.5,0.1125,0.1125,data_quality_error,data_quality_error,False,False,False,sugars_greater_than_carbohydrates,31.1
4800523220284,Moby Chocolate,moby,moby,snacks,"Plant-based foods and beverages,Plant-based foods,Snacks,Cereals and potatoes,Salty snacks,Appetizers,Cereals and their products,Chips and fries,Crisps,Puffed cereal cakes,Puffed corn cakes,Chocolate biscuits",en:france|en:philippines,FRANCE,https://images.openfoodfacts.org/images/products/480/052/322/0284/front_fr.24.400.jpg,584.0,584.0,20.0,,20.0,20.0,84.0,,52.0,52.0,0.0,0.0,8.0,,0.22,0.22,data_quality_error,data_quality_error,False,False,False,macros_exceed_100g,112.0
4820002303925,Biscotti,korowka,korowka,snacks,"Snacks,Sweet snacks,Biscuits and cakes,Biscuits,Butter cookies",en:canada|en:france,US_CANADA|FRANCE,https://images.openfoodfacts.org/images/products/482/000/230/3925/front_en.27.400.jpg,460.0,460.0,18.6666666666667,18.6666666666667,10.3333333333333,10.3333333333333,219.333333333333,,20.0,20.0,2.0,2.0,8.33333333333333,8.33333333333333,1.05,1.05,data_quality_error,data_quality_error,False,False,False,nutrient_value_above_100g,246.33333333333303
4850001111054,Jus de fruit à base de purée d'abricots et de concentré de jus de pomme,yan,yan,beverages,"Aliments et boissons à base de végétaux, Boissons, Boissons à base de végétaux, Boissons aux fruits, Jus et nectars, Nectars de fruits, en:Apricot-apple nectars",en:france,FRANCE,https://images.openfoodfacts.org/images/products/485/000/111/1054/front_fr.6.400.jpg,51.2,51.2,0.0,0.0,0.00645,,12.3,12.3,3.569,3.569,0.652,0.652,0.5,0.5,0.008559,0.008559,data_quality_error,data_quality_error,False,False,False,saturated_fat_greater_than_fat,12.8
4850001111061,Cold pressed juice,"azade, yan",azade,beverages,"Aliments et boissons à base de végétaux, Boissons, Boissons à base de végétaux, Boissons aux fruits, Jus et nectars, Nectars de fruits, Jus de fruits, Nectars de pêche",en:france,FRANCE,https://images.openfoodfacts.org/images/products/485/000/111/1061/front_fr.13.400.jpg,54.0,54.0,0.0,0.0,0.0154,,13.2,13.2,4.354,4.354,0.663,0.663,0.3,0.3,0.009,0.009,data_quality_error,data_quality_error,False,False,False,saturated_fat_greater_than_fat,13.5
4850001111238,Tomates,yan,yan,beverages,"Aliments et boissons à base de végétaux, Boissons, Aliments d'origine végétale, Aliments à base de fruits et de légumes, Boissons à base de végétaux, Aliments et boissons à base de légumes, Légumes et dérivés, Jus et nectars, Boissons aux légumes, Tomates et dérivés, Jus de légumes, Jus de tomates, Jus de tomates à base de concentré",en:france,FRANCE,https://images.openfoodfacts.org/images/products/485/000/111/1238/front_fr.6.400.jpg,32.8,32.8,0.0,0.0,0.062,,8.0,8.0,8.86666666666667,,2.8,2.8,0.2,0.2,16.4812666666667,16.4812666666667,data_quality_error,data_quality_error,False,False,False,sugars_greater_than_carbohydrates|saturated_fat_greater_than_fat,8.2
4870208439201,Umka bear,рахат,,snacks,Candy chocolate bars,en:kazakhstan|en:kyrgyzstan|en:united-kingdom|en:uzbekistan,UK_IE,https://images.openfoodfacts.org/images/products/487/020/843/9201/front_ru.3.400.jpg,573.0,573.0,39.4,39.4,6.96432692307692,6.96432692307692,51.5,51.5,54.9259134615385,,0.850961538461539,0.850961538461539,5.6,5.6,0.384455769230766,0.384455769230766,data_quality_error,data_quality_error,False,False,False,sugars_greater_than_carbohydrates,96.5
4891028164456,Lemon Tea Drink,vlt,vlt,beverages,"Plant-based foods and beverages, Beverages, Hot beverages, Plant-based beverages, Teas, Tea-based beverages, Iced teas, Lemon flavored iced teas",en:hong-kong|en:united-kingdom,UK_IE,https://images.openfoodfacts.org/images/products/489/102/816/4456/front_en.42.400.jpg,55.0,55.0,0.0,0.0,0.000914,,13.6,13.6,13.6,13.6,0.0012,0.0012,0.0,0.0,0.025,0.025,data_quality_error,data_quality_error,False,False,False,saturated_fat_greater_than_fat,13.6
4891599338393,Te Chino,,unknown,beverages,"en:Beverages and beverages preparations,饮料,茶",en:france,FRANCE,https://images.openfoodfacts.org/images/products/489/159/933/8393/front_fr.11.400.jpg,36.3,36.3,0.0,0.0,0.0,0.0,8.9,8.9,26.7,,,,0.0,0.0,0.0,0.0,data_quality_error,data_quality_error,False,False,False,sugars_greater_than_carbohydrates,8.9
4901085606247,Uji Matcha powder,itoen,itoen,beverages,"Cibi e bevande a base vegetale,Bevande,Bevande a base di piante,Tè,Tè verde",en:france,FRANCE,https://images.openfoodfacts.org/images/products/490/108/560/6247/front_fr.3.400.jpg,5.0,5.0,0.6,0.6,0.1,0.1,0.7,0.7,1.0,,1.0,1.0,6.0,6.0,3.0,3.0,data_quality_error,data_quality_error,False,False,False,sugars_greater_than_carbohydrates,7.3
4901340228825,Calpis Soda,calpis,calpis,beverages,"Carbonated soda made with cultured milk, en:sodas",en:france,FRANCE,https://images.openfoodfacts.org/images/products/490/134/022/8825/front_en.16.400.jpg,36.0,36.0,0.0,0.0,0.0,0.0,0.2,0.2,8.7,,,,0.2,0.2,0.04,0.04,data_quality_error,data_quality_error,False,False,False,sugars_greater_than_carbohydrates,0.4
4902888233166,Hi Chew Mini bonbons,morinaga,morinaga,snacks,"Snacks, Snacks sucrés, Confiseries, Bonbons",en:france,FRANCE,https://images.openfoodfacts.org/images/products/490/288/823/3166/front_fr.11.400.jpg,621.212121212121,621.212121212121,11.2121212121212,11.2121212121212,0.0,0.0,129.090909090909,,129.090909090909,,,,1.36363636363636,1.36363636363636,0.0,0.0,data_quality_error,data_quality_error,False,False,False,nutrient_value_above_100g,141.66666666666657
4985636949021,Thé vert Matcha,paris store,paris store,beverages,"Aliments et boissons à base de végétaux, Boissons, Boissons chaudes, Boissons à base de végétaux, Thés",en:france,FRANCE,https://images.openfoodfacts.org/images/products/498/563/694/9021/front_fr.21.400.jpg,1.0,1.0,0.0,0.0,0.0,0.0,0.0,0.0,0.2,,0.0,0.0,0.1,0.1,0.0,0.0,data_quality_error,data_quality_error,False,False,False,sugars_greater_than_carbohydrates,0.1
5000108031826,Quaker 100% Wholegrain Rolled Oats,quaker,quaker,cereals,"Plant-based foods and beverages, Plant-based foods, Breakfasts, Cereals and potatoes, Cereals and their products, Breakfast cereals",en:united-kingdom,UK_IE,https://images.openfoodfacts.org/images/products/500/010/803/1826/front_en.3.400.jpg,374.0,374.0,8e-06,8e-06,1.5,,60.0,60.0,1.1,1.1,9.0,9.0,11.0,11.0,0.0,0.0,data_quality_error,data_quality_error,False,False,False,saturated_fat_greater_than_fat,71.000008
5000108170846,Quaker Oat So Simple Big Bowl Original Porridge,quaker oats,quaker,cereals,"Plant-based foods and beverages, Plant-based foods, Breakfasts, Cereals and potatoes, Cereals and their products, Breakfast cereals, Flakes, Cereal flakes, Rolled flakes, Porridge, en:rolled-oats",en:united-kingdom,UK_IE,https://images.openfoodfacts.org/images/products/500/010/817/0846/front_en.38.400.jpg,666.666666666667,666.666666666667,11.1111111111111,,1.85185185185185,1.85185185185185,85.1851851851852,,1.48148148148148,1.48148148148148,12.962962962963,12.962962962963,15.5555555555556,,0.0,0.0,data_quality_error,data_quality_error,False,False,False,macros_exceed_100g,111.8518518518519
5000108763024,Golden Syrup,quaker porridge to go,quaker,cereals,en:breakfast-cereals,en:austria|en:france|en:united-kingdom,DACH|FRANCE|UK_IE,https://images.openfoodfacts.org/images/products/500/010/876/3024/front_en.21.400.jpg,407.272727272727,407.272727272727,12.5454545454545,12.5454545454545,1.45454545454545,1.45454545454545,0.0,0.0,11.8181818181818,,0.0,0.0,0.0,0.0,0.0,0.0,data_quality_error,data_quality_error,False,False,False,sugars_greater_than_carbohydrates,12.5454545454545
5000129399998,Dill Flavored Pickle Chips,coop,coop,snacks,Crisps,en:united-kingdom,UK_IE,https://images.openfoodfacts.org/images/products/500/012/939/9998/front_en.18.400.jpg,0.0,0.0,0.0,0.0,2.33333333333333,,0.0,0.0,1.66666666666667,,4.66666666666667,4.66666666666667,0.0,0.0,0.75,0.75,data_quality_error,data_quality_error,False,False,False,sugars_greater_than_carbohydrates|saturated_fat_greater_than_fat,0.0
5000136251487,Dairylea strip cheese processed cheese-snack supermix,,unknown,dairies,"Dairies, Fermented foods, Fermented milk products, Cheeses",en:united-kingdom|en:united-states,UK_IE|US_CANADA,,305.231875,305.231875,26.0,26.0,17.0,17.0,3.065,3.065,3.5,,0.0,0.0,20.0,20.0,0.9584,0.9584,data_quality_error,data_quality_error,False,False,False,sugars_greater_than_carbohydrates,49.065
5000148000035,Bunch of Biccies,elkes,elkes,snacks,"Snacks,Sweet snacks,Biscuits and cakes,Biscuits",en:united-kingdom,UK_IE,https://images.openfoodfacts.org/images/products/500/014/800/0035/front_en.3.400.jpg,490.0,490.0,211.0,,11.0,11.0,69.0,69.0,30.0,30.0,1.8,1.8,5.5,5.5,0.42,0.42,data_quality_error,data_quality_error,False,False,False,nutrient_value_above_100g,285.5
5000159536196,Blonde Chocolate with Sea Salt,galaxy,galaxy,snacks,"Snacks, Sweet snacks, Cocoa and its products, Chocolates",en:united-kingdom,UK_IE,https://images.openfoodfacts.org/images/products/500/015/953/6196/front_en.3.400.jpg,552.0,552.0,64.0,,21.0,21.0,53.0,,52.0,52.0,,,8.6,,0.66,0.66,data_quality_error,data_quality_error,False,False,False,macros_exceed_100g,125.6
5000159545723,Twix Fun Size,twix,twix,snacks,"Snacks, Sweet snacks, Bars, en:chocolate-candies",en:united-kingdom,UK_IE,https://images.openfoodfacts.org/images/products/500/015/954/5723/front_en.6.400.jpg,495.0,495.0,23.5,,14.0,14.0,65.0,,49.0,49.0,,,22.0,,2.0,2.0,data_quality_error,data_quality_error,False,False,False,macros_exceed_100g,110.5
5000159556637,Bounty x 9,mars,mars,snacks,Barres chocolatées à la noix de coco,en:france|en:germany,FRANCE|DACH,https://images.openfoodfacts.org/images/products/500/015/955/6637/front_fr.3.400.jpg,487.719298245614,487.719298245614,25.6140350877193,25.6140350877193,13.2498527018229,13.2498527018229,59.6491228070175,59.6491228070175,67.7759635416667,,3.20833333333333,3.20833333333333,3.85964912280702,3.85964912280702,0.0793155598958427,0.0793155598958427,data_quality_error,data_quality_error,False,False,False,sugars_greater_than_carbohydrates,89.12280701754382
5000169342794,cheddar cheese made with pasteurised milk,essential waitrose,essential waitrose,dairies,Cheddar cheese,en:france,FRANCE,https://images.openfoodfacts.org/images/products/500/016/934/2794/front_en.19.400.jpg,416.666666666667,416.666666666667,35.0,35.0,20.6666666666667,20.6666666666667,0.0,0.0,1.2325,,0.0,0.0,25.3333333333333,25.3333333333333,0.45,0.45,data_quality_error,data_quality_error,False,False,False,sugars_greater_than_carbohydrates,60.3333333333333
50002184,Flaming Hot,doritos,doritos,snacks,ro:nachos,en:united-kingdom,UK_IE,https://images.openfoodfacts.org/images/products/000/005/000/2184/front_en.3.400.jpg,15000.0,,800.0,,100.0,100.0,1700.0,,100.0,100.0,100.0,100.0,200.0,,,,data_quality_error,data_quality_error,False,False,False,energy_above_900_kcal|nutrient_value_above_100g,2700.0
5000237139899,Wheat Crunchies bacon,,unknown,snacks,Crisps,en:united-kingdom,UK_IE,https://images.openfoodfacts.org/images/products/500/023/713/9899/front_en.7.400.jpg,495.0,495.0,3e-05,3e-05,,,2.3,2.3,4.7,,3.2,3.2,0.0001,0.0001,1.8,1.8,data_quality_error,data_quality_error,False,False,False,sugars_greater_than_carbohydrates,2.3001300000000002
5000382120285,Rubicon spring,rubicon,rubicon,beverages,Carbonated fruit soft drink with less than 10% of fruit juice,en:united-kingdom,UK_IE,https://images.openfoodfacts.org/images/products/500/038/212/0285/front_en.5.400.jpg,34.0,34.0,0.0,0.0,0.0,0.0,0.0,0.0,0.7,,0.0,0.0,0.0,0.0,0.06,0.06,data_quality_error,data_quality_error,False,False,False,sugars_greater_than_carbohydrates,0.0
5000387905504,Bell's Blended Scotch Whisky,"bell's,arthur bell & sons",bell's,beverages,"Beverages, Alcoholic beverages, Distilled beverages, Hard liquors, Eaux de vie, Whisky, Blended whisky, Scotch whisky, Blended scotch whisky",en:united-kingdom,UK_IE,https://images.openfoodfacts.org/images/products/500/038/790/5504/front_en.5.400.jpg,280.0,280.0,0.0,0.0,0.0,0.0,0.0,0.0,0.096,,0.0,0.0,0.0,0.0,0.0,0.0,data_quality_error,data_quality_error,False,False,False,sugars_greater_than_carbohydrates,0.0
5010029013047,Ready brek original smooth porridge oats,ready brek,ready brek,cereals,"plant-based-foods-and-beverages, plant-based-foods, breakfasts, cereals-and-potatoes, seeds, cereals-and-their-products, breakfast-cereals, cereal-grains, flakes, cereal-flakes, rolled-flakes, rolled-oats, oat, it:avena",en:united-kingdom,UK_IE,https://images.openfoodfacts.org/images/products/501/002/901/3047/front_en.32.400.jpg,373.333333333333,373.333333333333,16.6666666666667,,6.33333333333333,6.33333333333333,83.3333333333333,,25.0,25.0,8.0,8.0,28.6666666666667,,0.03,0.03,data_quality_error,data_quality_error,False,False,False,macros_exceed_100g,128.66666666666669
5010204845647,Orange juice smooth. 100% pure juice,tesco,tesco,beverages,"Plant-based foods and beverages, Beverages, Plant-based beverages, Fruit-based beverages, Juices and nectars, Fruit juices, Orange juices, Squeezed juices, Squeezed orange juices",en:united-kingdom,UK_IE,https://images.openfoodfacts.org/images/products/501/020/484/5647/front_en.27.400.jpg,45.0,45.0,0.0,0.0,0.053,,10.0,10.0,10.0,10.0,0.1,0.1,0.6,0.6,0.012,0.012,data_quality_error,data_quality_error,False,False,False,saturated_fat_greater_than_fat,10.6
5010357112061,Yorkshire Tea 80 Tea Bags,taylors of harrogate,taylors of harrogate,beverages,"Beverages and beverages preparations,Plant-based foods and beverages,Beverages,Hot beverages,Plant-based beverages,Teas,Black teas",en:france|en:germany|en:united-kingdom,FRANCE|DACH|UK_IE,https://images.openfoodfacts.org/images/products/501/035/711/2061/front_en.27.400.jpg,1.0,1.0,0.0,0.0,0.002,,0.0,0.0,0.0,0.0,0.0,0.0,0.0,0.0,0.0,0.0,data_quality_error,data_quality_error,False,False,False,saturated_fat_greater_than_fat,0.0
5010482403072,15 Chocolate Chip Cookies,the daily bakery,the daily bakery,snacks,Biscuits or cookies variety packs,en:united-kingdom,UK_IE,https://images.openfoodfacts.org/images/products/501/048/240/3072/front_en.3.400.jpg,429.0,429.0,19.9,19.9,78.0,,56.63,56.63,32.4,32.4,1.5,1.5,4.9,4.9,1.5,1.5,data_quality_error,data_quality_error,False,False,False,saturated_fat_greater_than_fat,81.43
5010745056236,Fruit&Oat biscuits,,unknown,snacks,"Snacks, Sweet snacks, Biscuits and cakes, Biscuits, Biscuit (cookie) vitamins and chemical elements content guaranteed",en:united-kingdom,UK_IE,https://images.openfoodfacts.org/images/products/501/074/505/6236/front_en.3.400.jpg,475.0,475.0,9.5,9.5,3.3,3.3,3.3,3.3,13.0,,,,2.6,2.6,0.4,0.4,data_quality_error,data_quality_error,False,False,False,sugars_greater_than_carbohydrates,15.4
5011096005898,Irish Cider Vinegar And Sea Salt,o'donnells,o'donnells,snacks,"Plant-based foods and beverages,Plant-based foods,Snacks,Cereals and potatoes,Salty snacks,Appetizers,Chips and fries,Crisps,Potato crisps,Salt and vinegar crisps,Potato crisps in sunflower oil",en:france|en:ireland,FRANCE|UK_IE,https://images.openfoodfacts.org/images/products/501/109/600/5898/front_en.28.400.jpg,612.0,612.0,30.9,,2.6,2.6,74.6,,1.1,1.1,5.2,5.2,6.3,,2.2,2.2,data_quality_error,data_quality_error,False,False,False,macros_exceed_100g,111.79999999999998
5011099006090,Pure Irish Creamery Butter Unsalted,champion,champion,dairies,"Dairies, Fats, Spreads, Spreadable fats, Animal fats, Milkfat, Dairy-spread, Butters",en:united-kingdom,UK_IE,https://images.openfoodfacts.org/images/products/501/109/900/6090/front_en.6.400.jpg,739.6,739.6,82.0,82.0,55.4,55.4,0.0,0.0,0.83,,0.0,0.0,0.4,0.4,0.063,0.063,data_quality_error,data_quality_error,False,False,False,sugars_greater_than_carbohydrates,82.4
5011166054535,Hibiscus tonic water,lamb & watt,lamb & watt,beverages,"Boissons, Boissons gazeuses, Sodas, Eau tonique",en:france,FRANCE,,34.0,34.0,0.1,0.1,0.0,0.0,0.0,0.0,7.9,,0.0,0.0,0.1,0.1,0.0,0.0,data_quality_error,data_quality_error,False,False,False,sugars_greater_than_carbohydrates,0.2
5013635410941,Lemon Juice,ktc,ktc,beverages,"Plant-based foods and beverages, Beverages, Plant-based beverages, Fruit-based beverages, Juices and nectars, Fruit juices, Lemon juice",en:united-kingdom,UK_IE,https://images.openfoodfacts.org/images/products/501/363/541/0941/front_en.28.400.jpg,27.0,27.0,0.0,0.0,0.01,,2.0,2.0,2.0,2.0,0.5,0.5,0.4,0.4,0.01,0.01,data_quality_error,data_quality_error,False,False,False,saturated_fat_greater_than_fat,2.4
5013635410989,Lemon juice,ktc,ktc,beverages,"Plant-based foods and beverages, Beverages, Plant-based beverages, Fruit-based beverages, Juices and nectars, Fruit juices, Lemon juice",en:united-kingdom,UK_IE,https://images.openfoodfacts.org/images/products/501/363/541/0989/front_en.17.400.jpg,27.0,27.0,0.0,0.0,0.01,,2.0,2.0,2.0,2.0,0.5,0.5,0.4,0.4,0.01,0.01,data_quality_error,data_quality_error,False,False,False,saturated_fat_greater_than_fat,2.4
5014328061945,Tetley The Vert Tir Press Boite De 55 Sachets,tetley,tetley,beverages,"Aliments et boissons à base de végétaux, Boissons, Boissons chaudes, Boissons à base de végétaux, Thés, Thés verts, Infusions",en:france,FRANCE,https://images.openfoodfacts.org/images/products/501/432/806/1945/front_fr.6.400.jpg,2.0,2.0,0.1,0.1,0.0,0.0,0.1,0.1,0.2,,0.0,0.0,0.1,0.1,0.0,0.0,data_quality_error,data_quality_error,False,False,False,sugars_greater_than_carbohydrates,0.30000000000000004
5016004083005,Mini petit beurre,,unknown,snacks,Petits beurres,en:france,FRANCE,https://images.openfoodfacts.org/images/products/501/600/408/3005/front_fr.3.400.jpg,466.0,466.0,1610.0,,10.0,10.0,72.0,72.0,21.0,21.0,2.0,2.0,7.4,7.4,0.94,0.94,data_quality_error,data_quality_error,False,False,False,nutrient_value_above_100g,1689.4
50201969,Caramel egg,cadbury,cadbury,snacks,"Snacks, Sweet snacks, Cocoa and its products, Confectioneries, Chocolate candies, Chocolates, Milk chocolates, en:chocolate-molds",en:united-kingdom|en:united-states,UK_IE|US_CANADA,https://images.openfoodfacts.org/images/products/000/005/020/1969/front_en.8.400.jpg,487.5,487.5,24.5,24.5,13.5,13.5,37.8205598958333,37.8205598958333,46.5,,0.4,0.4,4.0,4.0,0.06360771484375,0.06360771484375,data_quality_error,data_quality_error,False,False,False,sugars_greater_than_carbohydrates,66.3205598958333
5021537000016,Soda,vimto,vimto,beverages,Sodas with exotic fruits,en:united-kingdom,UK_IE,https://images.openfoodfacts.org/images/products/502/153/700/0016/front_en.3.400.jpg,45.0,45.0,0.0,0.0,0.0,0.0,4.4,4.4,11.0,,0.0,0.0,0.0,0.0,0.02,0.02,data_quality_error,data_quality_error,False,False,False,sugars_greater_than_carbohydrates,4.4
5021991942143,Thé noir Petrouchka 20 sachets,clipper,clipper,beverages,"Beverages and beverages preparations, Plant-based foods and beverages, Beverages, Hot beverages, Plant-based beverages, Teas, fr:Thés biologiques, en:flavored-black-teas",en:france,FRANCE,https://images.openfoodfacts.org/images/products/502/199/194/2143/front_fr.24.400.jpg,1.0,1.0,0.0,0.0,0.0,0.0,0.0,0.0,0.2,,0.0,0.0,0.1,0.1,0.0,0.0,data_quality_error,data_quality_error,False,False,False,sugars_greater_than_carbohydrates,0.1
5021991942501,KEEP CALM Infusion,clipper,clipper,beverages,"Beverages and beverages preparations, Plant-based foods and beverages, Beverages, Hot beverages, Plant-based beverages, Beverage preparations, Herbal teas, Herbal teas in tea bags, en:teas",en:france,FRANCE,https://images.openfoodfacts.org/images/products/502/199/194/2501/front_fr.26.400.jpg,1.0,1.0,0.0,0.0,0.0,0.0,0.0,0.0,0.2,,0.0,0.0,0.1,0.1,0.0,0.0,data_quality_error,data_quality_error,False,False,False,sugars_greater_than_carbohydrates,0.1
5022019930111,lime and yuzu mojito,belvoir farm,belvoir farm,beverages,"Beverages and beverages preparations, Beverages, Carbonated drinks, Sodas, en:sweetened-beverages",en:united-kingdom,UK_IE,https://images.openfoodfacts.org/images/products/502/201/993/0111/front_en.3.400.jpg,33.0,33.0,0.0,0.0,0.00485,,8.2,8.2,7.7,7.7,0.535,0.535,0.0,0.0,0.0,0.0,data_quality_error,data_quality_error,False,False,False,saturated_fat_greater_than_fat,8.2
5022313000251,Smooth Orange with no Bits,tropicana,tropicana,beverages,"Aliments et boissons à base de végétaux, Boissons, Boissons à base de végétaux, Boissons aux fruits, Jus et nectars, Jus de fruits, Jus d'orange, Jus d'orange sans pulpe",en:france|en:united-kingdom,FRANCE|UK_IE,https://images.openfoodfacts.org/images/products/502/231/300/0251/front_en.34.400.jpg,40.6666666666667,40.6666666666667,0.0,0.0,0.053,,9.33333333333333,9.33333333333333,8.66666666666667,8.66666666666667,0.0,0.0,0.8,0.8,0.0,0.0,data_quality_error,data_quality_error,False,False,False,saturated_fat_greater_than_fat,10.133333333333331
5022313000688,Naked Gold Machine Super Smoothie,naked,naked,beverages,Fruit smoothies,en:united-kingdom,UK_IE,https://images.openfoodfacts.org/images/products/502/231/300/0688/front_en.3.400.jpg,46.0,46.0,0.0,0.0,0.049415,,11.0,11.0,9.3,9.3,0.0,0.0,0.3,0.3,0.0,0.0,data_quality_error,data_quality_error,False,False,False,saturated_fat_greater_than_fat,11.3
5022313000695,Ruby Machine Super Smoothie,naked,naked,beverages,"Plant-based foods and beverages, Beverages, Plant-based beverages, Smoothies, Fruit smoothies",en:united-kingdom,UK_IE,https://images.openfoodfacts.org/images/products/502/231/300/0695/front_en.3.400.jpg,47.775,47.775,0.0,0.0,0.033014,,12.0,12.0,10.78204,10.78204,0.5,0.5,0.20025,0.20025,0.0142468,0.0142468,data_quality_error,data_quality_error,False,False,False,saturated_fat_greater_than_fat,12.20025
5022313000701,Gold Machine Super Smoothie,naked,naked,beverages,"Plant-based foods and beverages, Beverages, Plant-based beverages, Fruit-based beverages, Juices and nectars, Fruit juices, en:smoothies",en:united-kingdom,UK_IE,https://images.openfoodfacts.org/images/products/502/231/300/0701/front_en.3.400.jpg,46.0,46.0,0.0,0.0,0.049415,,11.0,11.0,9.3,9.3,0.9116,0.9116,0.45,0.45,0.4425,0.4425,data_quality_error,data_quality_error,False,False,False,saturated_fat_greater_than_fat,11.45
5022313278155,Raibow machine,naked,naked,beverages,"Beverages and beverages preparations, Beverages, en:smoothies",en:united-kingdom,UK_IE,https://images.openfoodfacts.org/images/products/502/231/327/8155/front_en.14.400.jpg,4000.0,,0.0,0.0,,,970.0,,820.0,,0.0,0.0,30.0,30.0,0.0,0.0,data_quality_error,data_quality_error,False,False,False,energy_above_900_kcal|nutrient_value_above_100g,1000.0
5022313319438,Tropical Fruit Juice,tropicana,tropicana,beverages,"Plant-based foods and beverages, Beverages, Plant-based beverages, Juices and nectars, en:fruit-juices",en:france|en:germany|en:united-kingdom,FRANCE|DACH|UK_IE,https://images.openfoodfacts.org/images/products/502/231/331/9438/front_en.10.400.jpg,41.3,41.3,0.0,0.0,0.059635,,10.7,10.7,10.7,10.7,0.6186,0.6186,0.0,0.0,0.0189795,0.0189795,data_quality_error,data_quality_error,False,False,False,saturated_fat_greater_than_fat,10.7
5025888100036,Pasteurised Milk,white heath farm,white heath farm,dairies,"Dairies, Milks, Pasteurised milks",en:france,FRANCE,https://images.openfoodfacts.org/images/products/502/588/810/0036/front_en.19.400.jpg,67.0,67.0,3.5,3.5,0.11,0.11,4.8,4.8,4.93,,0.0,0.0,3.5,3.5,0.11,0.11,data_quality_error,data_quality_error,False,False,False,sugars_greater_than_carbohydrates,11.8
5027738008417,Tea Toast,regal bakery,regal bakery,snacks,"Snacks,Sweet snacks,Biscuits and cakes,Biscuits",en:united-kingdom,UK_IE,https://images.openfoodfacts.org/images/products/502/773/800/8417/front_en.4.400.jpg,500.0,500.0,9.72727272727273,,8.18181818181818,8.18181818181818,94.7272727272727,,29.3636363636364,29.3636363636364,6.33,6.33,8.81818181818182,,0.36068,0.36068,data_quality_error,data_quality_error,False,False,False,macros_exceed_100g,113.27272727272727
5028931006606,Lemon Tarts (Gluten Free),we love cake,we love cake,snacks,en:pastries,en:united-kingdom,UK_IE,https://images.openfoodfacts.org/images/products/502/893/100/6606/front_en.3.400.jpg,468.0,468.0,12.6666666666667,12.6666666666667,12.9333333333333,,32.6666666666667,32.6666666666667,23.4666666666667,23.4666666666667,1.6,1.6,2.4,2.4,0.2,0.2,data_quality_error,data_quality_error,False,False,False,saturated_fat_greater_than_fat,47.7333333333334
5034660021445,Bournville Cocoa,cadbury,cadbury,beverages,"Beverages and beverages preparations,Beverages,Breakfasts,Cocoa and its products,Hot beverages,Beverage preparations,Instant beverages,Cocoa powders,Instant chocolate powders",en:france|en:united-kingdom|en:united-states,FRANCE|UK_IE|US_CANADA,https://images.openfoodfacts.org/images/products/503/466/002/1445/front_en.77.400.jpg,1150.0,,44.0,44.0,28.0,28.0,101.0,,97.0,97.0,5.0,5.0,81.0,81.0,3.0,3.0,data_quality_error,data_quality_error,False,False,False,energy_above_900_kcal|nutrient_value_above_100g,226.0
5034660520825,Cadbury wispa chocolate bar,cadbury,cadbury,snacks,"Snacks, Sweet snacks, Confectioneries",en:france|en:united-states,FRANCE|US_CANADA,https://images.openfoodfacts.org/images/products/503/466/052/0825/front_fr.3.400.jpg,550.0,550.0,34.0,34.0,21.0,21.0,13.5,13.5,52.5,,1.0,1.0,7.3,7.3,0.06,0.06,data_quality_error,data_quality_error,False,False,False,sugars_greater_than_carbohydrates,54.8
5036599237331,Lemon Cookie Buttons,farrah's,farrah's,snacks,"Snacks,Sweet snacks,Biscuits and cakes,Biscuits and crackers,Biscuits",en:united-kingdom,UK_IE,https://images.openfoodfacts.org/images/products/503/659/923/7331/front_en.3.400.jpg,520.0,520.0,21.5,,10.2,10.2,79.3,,32.6,32.6,,,5.4,,0.6,0.6,data_quality_error,data_quality_error,False,False,False,macros_exceed_100g,106.2
5038862114509,apple juice,innocent,innocent,beverages,"Aliments et boissons à base de végétaux, Boissons, Boissons à base de végétaux, Boissons aux fruits, Jus et nectars, Jus de fruits, Boissons sans sucre ajouté, Jus de pomme",en:belgium|en:france,BENELUX|FRANCE,https://images.openfoodfacts.org/images/products/503/886/211/4509/front_fr.18.400.jpg,46.0,46.0,0.0,0.0,0.1,,11.0,11.0,9.5,9.5,0.5,0.5,0.0,0.0,0.0,0.0,data_quality_error,data_quality_error,False,False,False,saturated_fat_greater_than_fat,11.0
5038862137522,Berry Set Go,innocent,innocent,beverages,"Plant-based foods and beverages, Beverages, Plant-based beverages, Fruit-based beverages, Juices and nectars, Fruit juices, Multifruit juices, Refrigerated squeezed juices, Refrigerated squeezed multifruit juices",en:united-kingdom,UK_IE,https://images.openfoodfacts.org/images/products/503/886/213/7522/front_en.17.400.jpg,43.0,43.0,0.01,0.01,0.05097955,,10.0,10.0,9.8,9.8,0.55291,0.55291,0.0,0.0,0.02043538,0.02043538,data_quality_error,data_quality_error,False,False,False,saturated_fat_greater_than_fat,10.01
5038862239615,Energise Super smoothie,innocent,innocent,beverages,"Plant-based foods and beverages, Beverages, Plant-based beverages, Smoothies, Fruit smoothies",en:united-kingdom,UK_IE,https://images.openfoodfacts.org/images/products/503/886/223/9615/front_en.3.400.jpg,53.0,53.0,0.0,0.0,0.02416505,,11.0,11.0,10.0,10.0,1.4,1.4,1.5,1.5,0.0,0.0,data_quality_error,data_quality_error,False,False,False,saturated_fat_greater_than_fat,12.5
5045096409165,Sparkling Cloudy Lemonade,boots,boots,beverages,"Beverages, Carbonated drinks, Sodas",en:france,FRANCE,https://images.openfoodfacts.org/images/products/504/509/640/9165/front_en.3.400.jpg,3.0,3.0,0.0,0.0,0.0,0.0,0.03,0.03,0.3,,0.2,0.2,0.0,0.0,0.01,0.01,data_quality_error,data_quality_error,False,False,False,sugars_greater_than_carbohydrates,0.03
5051413246092,Grana Padano,asda,asda,dairies,"Dairies, Fermented foods, Fermented milk products, Cheeses, Parmesan Cheese, en:grana-padano",en:united-kingdom,UK_IE,https://images.openfoodfacts.org/images/products/505/141/324/6092/front_en.6.400.jpg,384.0,384.0,28.0,28.0,0.11,0.11,0.0,0.0,4.93,,0.0,0.0,33.0,33.0,0.11,0.11,data_quality_error,data_quality_error,False,False,False,sugars_greater_than_carbohydrates,61.0
5051413679807,Somerset Farmhouse Butter,"asda,asda extra special",asda,dairies,"Dairies, Fats, Spreads, Spreadable fats, Animal fats, Milkfat, Dairy-spread, Butters",en:united-kingdom,UK_IE,https://images.openfoodfacts.org/images/products/505/141/367/9807/front_en.7.400.jpg,735.0,735.0,81.0,81.0,54.3474,54.3474,0.6,0.6,0.81423,,0.0,0.0,0.9,0.9,1.89992,1.89992,data_quality_error,data_quality_error,False,False,False,sugars_greater_than_carbohydrates,82.5
5052449004014,Parmigiano Reggiano,"asda,asda extra special",asda,dairies,"Dairies, Fermented foods, Fermented milk products, Cheeses, Italian cheeses, Parmigiano-Reggiano, Parmesan cheese",en:united-kingdom,UK_IE,https://images.openfoodfacts.org/images/products/505/244/900/4014/front_en.6.400.jpg,387.6,387.6,28.4,28.4,0.11,0.11,0.0,0.0,4.93,,0.0,0.0,33.0,33.0,0.11,0.11,data_quality_error,data_quality_error,False,False,False,sugars_greater_than_carbohydrates,61.4
5052910612779,Blue Spark Original,tesco,tesco,beverages,"Beverages, Artificially sweetened beverages, Energy drinks",en:ireland|en:united-kingdom,UK_IE,https://images.openfoodfacts.org/images/products/505/291/061/2779/front_en.11.400.jpg,24.0,24.0,0.0,0.0,0.0,0.0,5.1,5.1,12.2,,0.0,0.0,0.0,0.0,0.1,0.1,data_quality_error,data_quality_error,False,False,False,sugars_greater_than_carbohydrates,5.1
5052910759092,Orange Juice With Bits Not From Concentrate,tesco,tesco,beverages,"Plant-based foods and beverages, Beverages, Plant-based beverages, Fruit-based beverages, Juices and nectars, Fruit juices, Orange juices, en:squeezed-orange-juices",en:france|en:united-kingdom,FRANCE|UK_IE,https://images.openfoodfacts.org/images/products/505/291/075/9092/front_en.13.400.jpg,44.6666666666667,44.6666666666667,0.0,0.0,0.053,,10.0,10.0,10.0,10.0,0.166666666666667,0.166666666666667,0.6,0.6,0.012,0.012,data_quality_error,data_quality_error,False,False,False,saturated_fat_greater_than_fat,10.6
5053826814554,BLACK TEA with PEACH,,unknown,beverages,"Aliments et boissons à base de végétaux, Boissons, Boissons chaudes, Boissons à base de végétaux, Thés",en:france,FRANCE,https://images.openfoodfacts.org/images/products/505/382/681/4554/front_fr.3.400.jpg,1.0,1.0,0.0,0.0,0.0,0.0,0.0,0.0,0.2,,0.0,0.0,0.1,0.1,0.0,0.0,data_quality_error,data_quality_error,False,False,False,sugars_greater_than_carbohydrates,0.1
5054267013308,Blue Rush,lucozade,lucozade,beverages,en:energy-drinks,en:united-kingdom,UK_IE,https://images.openfoodfacts.org/images/products/505/426/701/3308/front_en.7.400.jpg,16.8,16.8,0.0,0.0,0.00092,,4.02,4.02,4.0,4.0,0.0046,0.0046,0.0,0.0,0.01,0.01,data_quality_error,data_quality_error,False,False,False,saturated_fat_greater_than_fat,4.02
5055138500651,Crunchy Gralola Base,perrin fine foods,perrin fine foods,cereals,"Plant-based foods and beverages,Plant-based foods,Breakfasts,Cereals and potatoes,Cereals and their products,Breakfast cereals,Mueslis,Granola",en:united-kingdom,UK_IE,https://images.openfoodfacts.org/images/products/505/513/850/0651/front_en.3.400.jpg,418.0,418.0,14.0,14.0,5.1,5.1,6519.0,,,,8.9,8.9,8.6,8.6,0.0,0.0,data_quality_error,data_quality_error,False,False,False,nutrient_value_above_100g,6541.6
5055936803947,SUGAR-FREE SYRUP,myprotein,myprotein,beverages,"Boissons, Sirops, Boissons édulcorées, Sirops aromatisés, en:Chocolate syrups",en:france,FRANCE,https://images.openfoodfacts.org/images/products/505/593/680/3947/front_en.6.400.jpg,3.33333333333333,3.33333333333333,0.0,0.0,0.0,0.0,1.0,1.0,3.5,,0.0,0.0,0.0,0.0,0.8,0.8,data_quality_error,data_quality_error,False,False,False,sugars_greater_than_carbohydrates,1.0
5055958700224,Chocolate Pretzel Dippers - Graze - 29 G,graze,graze,snacks,"Snacks, Sweet snacks",en:france|en:united-kingdom,FRANCE|UK_IE,https://images.openfoodfacts.org/images/products/505/595/870/0224/front_en.8.400.jpg,488.0,488.0,6.4,6.4,22.0,,18.0,18.0,28.0,,3.9,3.9,9.0,9.0,0.3,0.3,data_quality_error,data_quality_error,False,False,False,sugars_greater_than_carbohydrates|saturated_fat_greater_than_fat,33.4
5056025434523,Hazy Jane IPA,brewdog,brewdog,beverages,"Beverages, Alcoholic beverages, Beers, India Pale Ales",en:switzerland|en:united-kingdom,DACH|UK_IE,https://images.openfoodfacts.org/images/products/505/602/543/4523/front_en.18.400.jpg,48.0,48.0,0.0,0.0,1.0,,3.8,3.8,1.0,1.0,,,0.36,0.36,0.1,0.1,data_quality_error,data_quality_error,False,False,False,saturated_fat_greater_than_fat,4.16
5056315500600,Caramel Fudge bars,,unknown,snacks,Energy bars,en:united-kingdom,UK_IE,https://images.openfoodfacts.org/images/products/505/631/550/0600/front_en.3.400.jpg,343.0,343.0,0.0066,0.0066,1.8,,58.0,58.0,47.7,47.7,15.3,15.3,5.4,5.4,0.04,0.04,data_quality_error,data_quality_error,False,False,False,saturated_fat_greater_than_fat,63.4066
5057008510425,Tesco Cranberry Juice,tesco,tesco,beverages,en:beverages-with-cranberry,en:france|en:germany|en:united-kingdom,FRANCE|DACH|UK_IE,https://images.openfoodfacts.org/images/products/505/700/851/0425/front_en.20.400.jpg,8.0,8.0,0.0,0.0,0.00253,,1.5,1.5,0.7,0.7,0.0,0.0,0.0,0.0,0.01,0.01,data_quality_error,data_quality_error,False,False,False,saturated_fat_greater_than_fat,1.5
5057172274550,Berry Granola,asda,asda,cereals,"Plant-based foods and beverages, Plant-based foods, Breakfasts, Cereals and potatoes, Cereals and their products, Breakfast cereals, Mueslis, en:mueslis-with-fruits",en:united-kingdom,UK_IE,https://images.openfoodfacts.org/images/products/505/717/227/4550/front_en.25.400.jpg,582.5,582.5,19.5,,5.0,5.0,75.0,,30.0,30.0,9.0,9.0,22.0,,0.375,0.375,data_quality_error,data_quality_error,False,False,False,macros_exceed_100g,116.5
5057172723614,Choco snaps,asda,asda,cereals,"Plant-based foods and beverages, Plant-based foods, Breakfasts, Cereals and potatoes, Cereals and their products, Breakfast cereals, Chocolate cereals",en:united-kingdom,UK_IE,https://images.openfoodfacts.org/images/products/505/717/272/3614/front_en.3.400.jpg,593.333333333333,593.333333333333,10.3333333333333,,6.0,6.0,100.0,,36.6666666666667,36.6666666666667,2.66666666666667,2.66666666666667,22.3333333333333,,1.0,1.0,data_quality_error,data_quality_error,False,False,False,macros_exceed_100g,132.6666666666666
5057753467470,Tortilla chips,tesco,tesco,snacks,"Snacks, Salty snacks, Appetizers, Chips and fries, Crisps, Corn chips",en:united-kingdom,UK_IE,https://images.openfoodfacts.org/images/products/505/775/346/7470/front_en.3.400.jpg,124.0,124.0,57.0,57.0,5.0,5.0,165.0,,3.0,3.0,11.0,11.0,13.0,13.0,,,data_quality_error,data_quality_error,False,False,False,nutrient_value_above_100g,235.0
5059319024028,Kelloggs coco pops jumbos,,unknown,cereals,en:breakfast-cereals,en:france|en:morocco,FRANCE,https://images.openfoodfacts.org/images/products/505/931/902/4028/front_fr.3.400.jpg,357.0,357.0,1.4,1.4,1.66667,,80.0,80.0,21.0,21.0,4.33333,4.33333,6.1,6.1,,,data_quality_error,data_quality_error,False,False,False,saturated_fat_greater_than_fat,87.5
5059697695407,Lactose Free Skimmed Milk,tesco,tesco,dairies,en:lactose-free-milk,en:united-kingdom,UK_IE,https://images.openfoodfacts.org/images/products/505/969/769/5407/front_en.30.400.jpg,25.5,25.5,0.15,0.15,0.1,0.1,3.15,3.15,3.3,,0.0,0.0,2.95,2.95,0.09,0.09,data_quality_error,data_quality_error,False,False,False,sugars_greater_than_carbohydrates,6.25
5060054134057,Apple and Ginger Juice,crawston press,crawston press,beverages,"Plant-based foods and beverages, Beverages, Plant-based beverages, Fruit-based beverages, Juices and nectars, Fruit juices, Non-alcoholic beverages, Unsweetened beverages, Apple juices, Enriched apple juices, Flavoured apple juices",en:belgium|en:france|en:united-kingdom,BENELUX|FRANCE|UK_IE,https://images.openfoodfacts.org/images/products/506/005/413/4057/front_en.49.400.jpg,42.0,42.0,0.0,0.0,0.046043,,10.0,10.0,9.7,9.7,0.23359,0.23359,0.5,0.5,2.5e-05,2.5e-05,data_quality_error,data_quality_error,False,False,False,saturated_fat_greater_than_fat,10.5
5060108451673,Tonic Water Elderflower,"coop, fever tree",coop,beverages,"Boissons, Boissons gazeuses, Sodas, Eau tonique, Boissons avec sucre ajouté, Tonic sucré",en:france|en:switzerland|en:united-kingdom,FRANCE|DACH|UK_IE,https://images.openfoodfacts.org/images/products/506/010/845/1673/front_fr.4.400.jpg,18.0,18.0,0.0,0.0,0.0,0.0,4.4,4.4,4.7,,,,0.0,0.0,0.0,0.0,data_quality_error,data_quality_error,False,False,False,sugars_greater_than_carbohydrates,4.4
5060302240431,Bulk Deal 6 X Aduna Super-cacao Powder 275G,aduna,aduna,dairies,"en:artisan-products,en:artisan-cheeses",en:france|en:united-kingdom,FRANCE|UK_IE,https://images.openfoodfacts.org/images/products/506/030/224/0431/front_en.10.400.jpg,1605.0,,55.0,55.0,35.0,35.0,85.0,85.0,5.0,5.0,165.0,,110.0,,0.0,0.0,data_quality_error,data_quality_error,False,False,False,energy_above_900_kcal|nutrient_value_above_100g,250.0
5060337501507,Monster-energy,monster,monster,beverages,"Bebidas, Bebidas energéticas",en:france|en:spain,FRANCE|SOUTHERN_EUROPE,https://images.openfoodfacts.org/images/products/506/033/750/1507/front_es.3.400.jpg,37.0,37.0,0.0,0.0,0.0,0.0,1.2,1.2,8.7,,,,0.0,0.0,,,data_quality_error,data_quality_error,False,False,False,sugars_greater_than_carbohydrates,1.2
5060426810084,Vanilla Coconut Yoghurt,the coconut collective,the coconut collective,dairies,"Dairies, Fermented foods, Desserts, Fermented milk products, Dairy desserts, Fermented dairy desserts, Yogurts",en:united-kingdom,UK_IE,https://images.openfoodfacts.org/images/products/506/042/681/0084/front_en.21.400.jpg,133.0,133.0,11.0,11.0,11.716519275,,6.7,6.7,1.9,1.9,0.1,0.1,1.1,1.1,0.07,0.07,data_quality_error,data_quality_error,False,False,False,saturated_fat_greater_than_fat,18.8
5060507640722,Pils,nirvana brewery,nirvana brewery,beverages,"Beverages and beverages preparations,Beverages,Beers,Non-alcoholic beers",en:united-kingdom,UK_IE,https://images.openfoodfacts.org/images/products/506/050/764/0722/front_en.3.400.jpg,27.0,27.0,0.1,0.1,1.0,,5.5,5.5,1.7,1.7,1.0,1.0,0.3,0.3,0.05,0.05,data_quality_error,data_quality_error,False,False,False,saturated_fat_greater_than_fat,5.8999999999999995
5060661298937,Limoncello Gourmet Popcorn,joe & seph's,joe & seph's,snacks,"Snacks,Popcorn",en:united-kingdom,UK_IE,https://images.openfoodfacts.org/images/products/506/066/129/8937/front_en.3.400.jpg,608.0,608.0,31.6,,19.3,19.3,74.0,,46.0,46.0,4.8,4.8,3.7,,0.65,0.65,data_quality_error,data_quality_error,False,False,False,macros_exceed_100g,109.30000000000001
5060811382332,Chocolate chip salted caramel bar,grenade,grenade,snacks,"Snacks, Sweet snacks, Bars, Dietary supplements, Bodybuilding supplements, Protein bars",en:united-kingdom,UK_IE,https://images.openfoodfacts.org/images/products/506/081/138/2332/front_en.3.400.jpg,376.0,376.0,16.0,16.0,9.19999980926514,9.19999980926514,34.0,34.0,2.5,2.5,4.09999990463257,4.09999990463257,330.0,,,,data_quality_error,data_quality_error,False,False,False,nutrient_value_above_100g,380.0
5060896627519,White Pineapple flavoured,monster energy,monster energy,beverages,"Beverages and beverages preparations,Beverages,Energy drink with sugar",en:united-kingdom,UK_IE,https://images.openfoodfacts.org/images/products/506/089/662/7519/front_en.3.400.jpg,,,0.0,0.0,0.0,0.0,34.0,34.0,30.0,30.0,0.1,0.1,,,925.0,,data_quality_error,data_quality_error,False,False,False,nutrient_value_above_100g,
5060960664150,Zen Water Raspberry And Dragon Fruit,itsu,itsu,beverages,"Beverages and beverages preparations, Plant-based foods and beverages, Beverages, Plant-based beverages, Juices and nectars, Fruit and vegetable juices, en:waters",en:united-kingdom,UK_IE,https://images.openfoodfacts.org/images/products/506/096/066/4150/front_en.12.400.jpg,1.31313131313131,1.31313131313131,0.0,0.0,0.00325,,0.0,0.0,0.135,,0.1075,0.1075,0.0,0.0,0.0071875,0.0071875,data_quality_error,data_quality_error,False,False,False,sugars_greater_than_carbohydrates|saturated_fat_greater_than_fat,0.0
5063334008208,,sainsbury’s,sainsburys,dairies,"Dairies, Fermented foods, Fermented milk products, Desserts, Dairy desserts, Fermented dairy desserts, Flavoured fermented dairy desserts, Flavoured fermented dairy desserts with sugar and cream, en:fruit-yogurts",en:united-kingdom,UK_IE,https://images.openfoodfacts.org/images/products/506/333/400/8208/front_en.5.400.jpg,76.0,76.0,2.3,2.3,7.2,,,,5.8,5.8,,,3.9,3.9,0.09,0.09,data_quality_error,data_quality_error,False,False,False,saturated_fat_greater_than_fat,
5063334012267,Raigal Ellebugh OATY ROUNDS by Sainsbury's,sainsbury's,sainsbury's,snacks,"Snacks,Sweet snacks,Biscuits and crackers,Biscuits",en:united-kingdom,UK_IE,https://images.openfoodfacts.org/images/products/506/333/401/2267/front_en.4.400.jpg,469.0,469.0,177.0,,75.0,75.0,6.72e-05,6.72e-05,21.6,,5.0,5.0,7.6,7.6,0.44,0.44,data_quality_error,data_quality_error,False,False,False,nutrient_value_above_100g|sugars_greater_than_carbohydrates,184.6000672
5099801001045,Hi8 Muesli Original,flahavan’s,flahavans,cereals,"Plant-based foods and beverages,Plant-based foods,Breakfasts,Cereals and potatoes,Cereals and their products,Breakfast cereals,Mueslis",en:united-kingdom,UK_IE,https://images.openfoodfacts.org/images/products/509/980/100/1045/front_en.3.400.jpg,467.5,467.5,6.25,,1.75,1.75,87.5,,35.0,35.0,5.25,5.25,21.5,,0.01,0.01,data_quality_error,data_quality_error,False,False,False,macros_exceed_100g,115.25
5099874079613,Chocolate dessert,dunnes stores,dunnes stores,dairies,"Dairies, Desserts, Dairy desserts, Chocolate desserts, en:dairy-chocolate-desserts",en:france,FRANCE,https://images.openfoodfacts.org/images/products/509/987/407/9613/front_en.32.400.jpg,119.2,119.2,3.04,3.04,1.92,1.92,16.0,16.0,16.8,,0.8,0.8,1.92,1.92,0.104,0.104,data_quality_error,data_quality_error,False,False,False,sugars_greater_than_carbohydrates,20.96
5201127030627,Ion Dark Chocolate,,unknown,snacks,"Snacks,Sweet snacks,Cocoa and its products,Chocolates,Chocolates with sweeteners,Dark chocolates,Dark chocolates with sweeteners",en:united-kingdom,UK_IE,https://images.openfoodfacts.org/images/products/520/112/703/0627/front_en.3.400.jpg,560.0,560.0,36.0,,24.0,24.0,76.0,,56.0,56.0,8.0,8.0,8.0,,,,data_quality_error,data_quality_error,False,False,False,macros_exceed_100g,120.0
5214000628026,cream vanilla,συρράκο,,dairies,Γαλακτοκομικά προϊόντα,en:germany|en:united-states,DACH|US_CANADA,https://images.openfoodfacts.org/images/products/521/400/062/8026/front_el.7.400.jpg,114.9,114.9,3.3,3.3,25.0,,16.9,16.9,14.2,14.2,0.0,0.0,4.4,4.4,0.2,0.2,data_quality_error,data_quality_error,False,False,False,saturated_fat_greater_than_fat,24.599999999999998
5400119513371,Lemonade,delhaize,delhaize,beverages,"Beverages,Carbonated drinks,Sodas,Lemonade",en:belgium|en:france,BENELUX|FRANCE,https://images.openfoodfacts.org/images/products/540/011/951/3371/front_fr.15.400.jpg,34.0,34.0,0.0,0.0,0.1,,6.9,6.9,6.9,6.9,1.0,1.0,0.5,0.5,0.01,0.01,data_quality_error,data_quality_error,False,False,False,saturated_fat_greater_than_fat,7.4
5400119520423,Grana padano,delhaize,delhaize,dairies,"Produits laitiers, Produits fermentés, Produits laitiers fermentés, Fromages, Fromages italiens, Grana Padano, Fromages râpés",en:belgium|en:france,BENELUX|FRANCE,https://images.openfoodfacts.org/images/products/540/011/952/0423/front_fr.44.400.jpg,398.0,398.0,29.0,29.0,18.0,18.0,0.0,0.0,4.82092375,,0.0,0.0,33.0,33.0,1.475,1.475,data_quality_error,data_quality_error,False,False,False,sugars_greater_than_carbohydrates,62.0
54004405,Schweppes Indian Tonic,schweppes,schweppes,beverages,"Boissons, Boissons gazeuses, Sodas, Eau tonique, Boissons avec sucre ajouté",en:france,FRANCE,https://images.openfoodfacts.org/images/products/000/005/400/4405/front_fr.10.400.jpg,23.0,23.0,0.0,0.0,0.0,0.0,5.8,5.8,9.0,,,,0.0,0.0,0.0,0.0,data_quality_error,data_quality_error,False,False,False,sugars_greater_than_carbohydrates,5.8
5407005500279,Quinette,quinette,quinette,snacks,"Snacks,Sweet snacks,Specific products,Biscuits and cakes,Products for specific diets,Biscuits,Products without gluten,Gluten-free biscuits",en:france,FRANCE,https://images.openfoodfacts.org/images/products/540/700/550/0279/front_en.8.400.jpg,624.5,624.5,32.25,,17.2,17.2,79.02,,21.4,21.4,0.73,0.73,4.98,,0.1,0.1,data_quality_error,data_quality_error,False,False,False,macros_exceed_100g,116.25
5410146416576,,"actimel, danone",actimel,dairies,Gearomatiseerde zuiveldranken,en:belgium|en:france,BENELUX|FRANCE,https://images.openfoodfacts.org/images/products/541/014/641/6576/front_nl.23.400.jpg,69.0,69.0,1.4,1.4,1.0,1.0,10.2,10.2,12.5,,,,2.9,2.9,0.1,0.1,data_quality_error,data_quality_error,False,False,False,sugars_greater_than_carbohydrates,14.5
5410221305108,Schweppes Agrumes Zero,schweppes,schweppes,beverages,"Aliments et boissons à base de végétaux, Boissons, Boissons à base de végétaux, Boissons gazeuses, Boissons aux fruits, Boissons édulcorées, Sodas, Boissons light, Sodas aux fruits, Sodas light, Sodas aux fruits light, Boissons avec sucre ajouté",en:belgium|en:france,BENELUX|FRANCE,https://images.openfoodfacts.org/images/products/541/022/130/5108/front_fr.108.400.jpg,2.3,2.3,0.0,0.0,0.0,0.0,0.0,0.0,0.3,,0.0,0.0,0.0,0.0,0.0,0.0,data_quality_error,data_quality_error,False,False,False,sugars_greater_than_carbohydrates,0.0
5410769802145,Chouffe sans alcool,brasserie d’achouffe sa,brasserie dachouffe sa,beverages,"Boissons, Boissons sans alcool, Bières sans alcool",en:belgium|en:france,BENELUX|FRANCE,https://images.openfoodfacts.org/images/products/541/076/980/2145/front_fr.16.400.jpg,23.0,23.0,0.2,0.2,0.5,,5.4,5.4,2.3,2.3,0.0,0.0,0.3,0.3,0.03,0.03,data_quality_error,data_quality_error,False,False,False,saturated_fat_greater_than_fat,5.9
5410913000229,Jonapress,jonapress,jonapress,beverages,"Aliments et boissons à base de végétaux, Boissons, Boissons à base de végétaux, Boissons aux fruits, Jus et nectars, Jus de fruits, Boissons sans sucre ajouté, Jus de pomme",en:belgium|en:france,BENELUX|FRANCE,https://images.openfoodfacts.org/images/products/541/091/300/0229/front_fr.30.400.jpg,48.0,48.0,0.0,0.0,0.046,,12.0,12.0,10.9,10.9,0.23,0.23,0.1,0.1,0.0,0.0,data_quality_error,data_quality_error,False,False,False,saturated_fat_greater_than_fat,12.1
5411120020062,Lait demi-écrémé U.H.T.,mela,mela,dairies,"Produits laitiers, Laits, Laits homogénéisés, Laits demi-écrémés, Laits UHT",en:france|en:guadeloupe|en:martinique,FRANCE,https://images.openfoodfacts.org/images/products/541/112/002/0062/front_fr.6.400.jpg,43.0,43.0,1.55,1.55,1.04,1.04,4.4,4.4,4.66,,0.0,0.0,3.0,3.0,0.09,0.09,data_quality_error,data_quality_error,False,False,False,sugars_greater_than_carbohydrates,8.950000000000001
5411437002331,Lollipops,rial,rial,snacks,"Snacks, Snacks sucrés, Confiseries, Bonbons, Sucettes",en:france,FRANCE,https://images.openfoodfacts.org/images/products/541/143/700/2331/front_fr.4.400.jpg,390.0,390.0,0.0,0.0,0.0,0.0,0.0,0.0,65.0,,,,0.0,0.0,0.0,0.0,data_quality_error,data_quality_error,False,False,False,sugars_greater_than_carbohydrates,0.0
5413121360833,Belgian milk chocolate hazelnut crunch,belgian,belgian,snacks,"Snacks, Snacks sucrés, Cacao et dérivés, Chocolats, Chocolats au lait",en:france,FRANCE,https://images.openfoodfacts.org/images/products/541/312/136/0833/front_fr.4.400.jpg,540.0,540.0,31.0,31.0,17.7,17.7,58.0,58.0,58.6,,,,6.0,6.0,1.0,1.0,data_quality_error,data_quality_error,False,False,False,sugars_greater_than_carbohydrates,95.0
5420030623591,,,unknown,dairies,Fromage apéritif en cube,en:france,FRANCE,https://images.openfoodfacts.org/images/products/542/003/062/3591/front_fr.3.400.jpg,367.0,367.0,29.0,29.0,190.7,,0.7,0.7,0.5,0.5,,,24.0,24.0,1.3,1.3,data_quality_error,data_quality_error,False,False,False,saturated_fat_greater_than_fat,53.7
5425024180616,Chewing Gum Xyligum Reglisse,,unknown,snacks,"Snacks, Snacks sucrés, Confiseries, Chewing-gum, Chewing-gum sans sucres",en:france|en:switzerland,FRANCE|DACH,https://images.openfoodfacts.org/images/products/542/502/418/0616/front_fr.8.400.jpg,2.0,2.0,0.0,0.0,0.0,0.0,0.0,0.0,0.9,,0.9,0.9,0.0,0.0,,,data_quality_error,data_quality_error,False,False,False,sugars_greater_than_carbohydrates,0.0
5449000006271,Fanta orange,fanta,fanta,beverages,"Getränke und Getränkezubereitungen,Pflanzliche Lebensmittel und Getränke,Getränke,Pflanzliche Getränke,Kohlensäurehaltige Getränke,Fruchtgetränke,Erfrischungsgetränke,Fruchtlimonaden,Orangenlimonaden,Gezuckerte Getränke",en:austria|en:azerbaijan|en:belgium|en:france|en:germany|en:kazakhstan|en:morocco|en:tunisia,DACH|BENELUX|FRANCE,https://images.openfoodfacts.org/images/products/544/900/000/6271/front_fr.91.400.jpg,18.0,18.0,0.0,0.0,0.0,0.0,4.5,4.5,11.8,,,,0.0,0.0,0.0,0.0,data_quality_error,data_quality_error,False,False,False,sugars_greater_than_carbohydrates,4.5
5449000017376,Nestea limón,"coca-cola, nestea",coca-cola,beverages,"Bebidas y preparaciones de bebidas,Alimentos y bebidas de origen vegetal,Bebidas,Bebidas para tomar calientes,Bebidas de origen vegetal,Bebidas carbonatadas,Tés,Bebidas endulzadas artificialmente,Sodas,Bebidas no alcohólicas,Bebidas de té,Tés helados,en:Lemon flavored iced teas,Bebidas azucaradas",en:france|en:spain|en:switzerland,FRANCE|SOUTHERN_EUROPE|DACH,https://images.openfoodfacts.org/images/products/544/900/001/7376/front_en.70.400.jpg,19.0,19.0,0.0,0.0,4e-05,,4.5,4.5,4.5,4.5,0.0,0.0,0.0,0.0,0.031,0.031,data_quality_error,data_quality_error,False,False,False,saturated_fat_greater_than_fat,4.5
5449000042101,Fanta fruit twist,fanta,fanta,beverages,"Beverages and beverages preparations,Beverages,Carbonated drinks,Sodas,Sweetened beverages",en:albania|en:belgium|en:france|en:germany|en:united-kingdom,BENELUX|FRANCE|DACH|UK_IE,https://images.openfoodfacts.org/images/products/544/900/004/2101/front_en.36.400.jpg,19.09,19.09,0.0,0.0,0.0,0.0,4.54,4.54,4.94,,0.0,0.0,0.0,0.0,0.0,0.0,data_quality_error,data_quality_error,False,False,False,sugars_greater_than_carbohydrates,4.54
5449000132277,fanta tops lemon 1.5l,,unknown,beverages,Cola sucré,en:france|en:morocco|en:united-states,FRANCE|US_CANADA,https://images.openfoodfacts.org/images/products/544/900/013/2277/front_fr.4.400.jpg,20.0,20.0,0.0,0.0,0.0,0.0,4.8,4.8,4.8000001907349,,,,0.0,0.0,0.016,0.016,data_quality_error,data_quality_error,False,False,False,sugars_greater_than_carbohydrates,4.8
5449000183057,Cocacola orignal taste less sugar,coca-cola,coca-cola,beverages,"Bebidas, Bebidas carbonatadas, Sodas, Bebidas de cola, Bebidas azucaradas",en:france,FRANCE,https://images.openfoodfacts.org/images/products/544/900/018/3057/front_es.4.400.jpg,30.0,30.0,0.0,0.0,0.0,0.0,7.5,7.5,10.6,,0.0,0.0,0.0,0.0,0.0,0.0,data_quality_error,data_quality_error,False,False,False,sugars_greater_than_carbohydrates,7.5
5449000318947,Schweppes citron 45cl,schweppes,schweppes,beverages,"Beverages and beverages preparations, Beverages, Carbonated drinks, en:sodas",en:france|en:morocco,FRANCE,https://images.openfoodfacts.org/images/products/544/900/031/8947/front_fr.3.400.jpg,19.2,19.2,0.0,0.0,0.0,0.0,0.0,0.0,11.0,,0.0,0.0,0.0,0.0,4.082e-05,4.082e-05,data_quality_error,data_quality_error,False,False,False,sugars_greater_than_carbohydrates,0.0
5449000321077,Tropico saveur orange et ananas,tropico,tropico,beverages,Boissons plates aux fruits,en:france,FRANCE,https://images.openfoodfacts.org/images/products/544/900/032/1077/front_fr.3.400.jpg,30.0,30.0,0.0,0.0,0.0,0.0,0.0,0.0,7.25,,0.0,0.0,0.0,0.0,0.0,0.0,data_quality_error,data_quality_error,False,False,False,sugars_greater_than_carbohydrates,0.0
5601001013546,NESTLÉ Lait Demi-Écrémé en Poudre Poche de 500g,nestlé,nestle,dairies,"Boissons et préparations de boissons,Boissons,Produits laitiers,Laits (fluide et poudre),Produits déshydratés,Produits lyophilisés à reconstituer,Boissons lyophilisées,Laits en poudre,Laits en poudre demi-écrémés",en:france,FRANCE,https://images.openfoodfacts.org/images/products/560/100/101/3546/front_fr.6.400.jpg,672.222222222222,672.222222222222,23.8888888888889,,13.3333333333333,13.3333333333333,66.6666666666667,,66.6666666666667,66.6666666666667,0.0,0.0,46.1111111111111,,0.555555555555556,0.555555555555556,data_quality_error,data_quality_error,False,False,False,macros_exceed_100g,136.66666666666669
5601151974162,Ananás,sumol,sumol,beverages,"Bebidas carbonatadas,Sodas",en:france|en:portugal,FRANCE|SOUTHERN_EUROPE,https://images.openfoodfacts.org/images/products/560/115/197/4162/front_fr.43.400.jpg,13.0,13.0,0.5,0.5,0.1,0.1,3.1,3.1,310.5,,0.0,0.0,0.5,0.5,0.01,0.01,data_quality_error,data_quality_error,False,False,False,sugars_greater_than_carbohydrates,4.1
5602835000443,Lait entier UHT longue conservation,tom milk,tom milk,dairies,"Produits laitiers,Laits,Laits homogénéisés,Laits UHT,Laits entiers,Lait entier UHT",en:france,FRANCE,https://images.openfoodfacts.org/images/products/560/283/500/0443/front_fr.6.400.jpg,64.4,64.4,3.6,3.6,0.11,0.11,4.8,4.8,4.93,,0.0,0.0,3.2,3.2,0.127,0.127,data_quality_error,data_quality_error,False,False,False,sugars_greater_than_carbohydrates,11.6
5603533200005,Limão,frize,frize,beverages,"en:Beverages and beverages preparations,Bebidas,Águas,en:Flavored waters",en:france|en:portugal,FRANCE|SOUTHERN_EUROPE,https://images.openfoodfacts.org/images/products/560/353/320/0005/front_pt.77.400.jpg,1.0,1.0,0.0,0.0,0.000414,,0.1026,0.1026,0.0981,0.0981,0.00207,0.00207,0.05,0.05,0.16,0.16,data_quality_error,data_quality_error,False,False,False,saturated_fat_greater_than_fat,0.1526
5711953118111,Starbucks Frappuccino milk and coffee drink cookies and cream flavor,starbucks,starbucks,dairies,"Beverages and beverages preparations, Beverages, Dairies, Dairy drinks, Coffee drinks, en:sweetened-beverages",en:france|en:morocco,FRANCE,https://images.openfoodfacts.org/images/products/571/195/311/8111/front_en.21.400.jpg,65.0,65.0,1.6,1.6,0.8,0.8,9.8,9.8,10.6,,0.0,0.0,2.8,2.8,0.09,0.09,data_quality_error,data_quality_error,False,False,False,sugars_greater_than_carbohydrates,14.200000000000001
5941828007213,Fulgi de Ovăs Moi,solaris,solaris,cereals,"Plant-based foods and beverages,Plant-based foods,Breakfasts,Cereals and potatoes,Cereals and their products,Breakfast cereals,ro:Fulgi-de-ovăz,ro:fulgi de ovăz",en:france,FRANCE,https://images.openfoodfacts.org/images/products/594/182/800/7213/front_ro.6.400.jpg,379.0,379.0,8.75,,1.25,1.25,86.25,,1.25,1.25,12.5,12.5,16.25,,0.01,0.01,data_quality_error,data_quality_error,False,False,False,macros_exceed_100g,111.25
6001056119009,Classic Choc-Kits,bakers,bakers,snacks,"Snacks, Snacks sucrés, Biscuits et gâteaux, Biscuits, Biscuits au chocolat",en:france|en:reunion,FRANCE,https://images.openfoodfacts.org/images/products/600/105/611/9009/front_fr.31.400.jpg,496.0,496.0,23.6,23.6,18.0,18.0,0.0,0.0,37.6,,4.0,4.0,6.4,6.4,0.48,0.48,data_quality_error,data_quality_error,False,False,False,sugars_greater_than_carbohydrates,30.0
6001068643707,,nestlé,nestle,snacks,"Snacks,Sweet snacks,Cocoa and its products,Confectioneries,Chocolate candies,Bars,Candy chocolate bars,White chocolate bars",en:france,FRANCE,https://images.openfoodfacts.org/images/products/600/106/864/3707/front_en.6.400.jpg,687.5,687.5,40.625,,23.75,23.75,68.75,,68.75,68.75,,,10.0,,0.234375,0.234375,data_quality_error,data_quality_error,False,False,False,macros_exceed_100g,119.375
6009644993284,Appt Pine,,unknown,beverages,Beverages,en:united-kingdom,UK_IE,https://images.openfoodfacts.org/images/products/600/964/499/3284/front_en.3.400.jpg,51.0,51.0,0.0005,0.0005,0.1,,13.0,13.0,13.0,13.0,0.5,0.5,0.5,0.5,0.01,0.01,data_quality_error,data_quality_error,False,False,False,saturated_fat_greater_than_fat,13.5005
6009888668405,Vanilla Almond Milk,buttanutt,buttanutt,beverages,Drink,en:united-states,US_CANADA,https://images.openfoodfacts.org/images/products/600/988/866/8405/front_en.3.400.jpg,343.0,343.0,2.1,2.1,0.2,0.2,2.2,2.2,2.2,2.2,0.1,0.1,1.0,1.0,112.5,,data_quality_error,data_quality_error,False,False,False,nutrient_value_above_100g,5.300000000000001
6033000086761,Cerelac,nestlé,nestle,cereals,"Baby foods, Baby milks, Infant formulas, en:breakfast-cereals",en:france|en:senegal,FRANCE,https://images.openfoodfacts.org/images/products/603/300/008/6761/front_fr.3.400.jpg,418.0,418.0,10.0,10.0,0.0,0.0,,,67.1,67.1,2.0,2.0,15.0,15.0,450.0,,data_quality_error,data_quality_error,False,False,False,nutrient_value_above_100g,
6111126002626,YAOURT A BOIRE DAYA FRAISE 900G,chergui,chergui,dairies,"Boissons,Produits laitiers,Produits fermentés,Produits laitiers fermentés,Desserts,Desserts lactés,Boissons lactées,Desserts lactés fermentés,Boissons fermentées,Yaourts,Boissons lactées fermentées,en:drinkable-yogurts,Yaourts à boire goût fraise,Yaourts boire à la pulpe de fruits",en:france|en:morocco,FRANCE,https://images.openfoodfacts.org/images/products/611/112/600/2626/front_fr.18.400.jpg,80.8,80.8,1.2,1.2,15.1,,15.1,15.1,8.5,8.5,0.0,0.0,2.4,2.4,0.08,0.08,data_quality_error,data_quality_error,False,False,False,saturated_fat_greater_than_fat,18.7
6111195024222,Leka,michoc,michoc,snacks,"Snacks, Sweet snacks, Cocoa and its products, Chocolates, Dark chocolates, en:confectioneries",en:france|en:morocco,FRANCE,https://images.openfoodfacts.org/images/products/611/119/502/4222/front_fr.20.400.jpg,370.6,370.6,11.03,11.03,27.7,,62.25,62.25,55.0,55.0,1.3,1.3,5.56,5.56,0.07,0.07,data_quality_error,data_quality_error,False,False,False,saturated_fat_greater_than_fat,78.84
6111245340050,edam or blanc portion,,unknown,dairies,Edam,en:france|en:morocco,FRANCE,https://images.openfoodfacts.org/images/products/611/124/534/0050/front_fr.15.400.jpg,316.0,316.0,25.3,25.3,0.10527,0.10527,0.9,0.9,4.71801,,0.0,0.0,23.0,23.0,2.15,2.15,data_quality_error,data_quality_error,False,False,False,sugars_greater_than_carbohydrates,49.2
6111245344188,Cheddar slice khayrat,khayrat,khayrat,dairies,"Produits laitiers,Fromages,Cheddars,Cheddar en tranches",en:france|en:morocco,FRANCE,https://images.openfoodfacts.org/images/products/611/124/534/4188/front_fr.20.400.jpg,246.0,246.0,18.0,18.0,12.0,12.0,0.0,0.0,10.0,,0.0,0.0,11.0,11.0,2.5,2.5,data_quality_error,data_quality_error,False,False,False,sugars_greater_than_carbohydrates,29.0
6111246954799,svelty,,unknown,dairies,"Yogurt cereal flavoured with no 0% sugar no 0% fat, en:fermented-dairy-desserts",en:france|en:morocco,FRANCE,https://images.openfoodfacts.org/images/products/611/124/695/4799/front_fr.3.400.jpg,26.0,26.0,4e-05,4e-05,0.03,,4.0,4.0,0.0,0.0,,,3.83,3.83,0.0,0.0,data_quality_error,data_quality_error,False,False,False,saturated_fat_greater_than_fat,7.83004
6111259341685,Itri Duo Lait Excelo,excelo,excelo,snacks,"Snacks, Snacks sucrés, Biscuits et gâteaux, Biscuits",en:france|en:morocco,FRANCE,,151.183970856102,151.183970856102,4.55373406193078,4.55373406193078,8.01457194899818,,11.83970856102,11.83970856102,10.0182149362477,10.0182149362477,17.8506375227687,17.8506375227687,5.8287795992714,5.8287795992714,14.8051001821494,14.8051001821494,data_quality_error,data_quality_error,False,False,False,saturated_fat_greater_than_fat,22.22222222222218
6111266752696,Tchico xxl peanuts caramel,révey,revey,cereals,"Aliments et boissons à base de végétaux,Aliments d'origine végétale,Petit-déjeuners,Céréales et pommes de terre,Céréales et dérivés,Céréales pour petit-déjeuner,Céréales extrudées,Céréales fourrées,Céréales pour petit déjeuner fourrées fourrage autre que chocolat enrichies en vitamines et minéraux",en:france|en:morocco,FRANCE,https://images.openfoodfacts.org/images/products/611/126/675/2696/front_fr.6.400.jpg,629.0,629.0,0.013,0.013,0.187545379813057,,86.0,86.0,29.0,29.0,9.0,9.0,5.2,5.2,0.8,0.8,data_quality_error,data_quality_error,False,False,False,saturated_fat_greater_than_fat,91.21300000000001
6130002003625,Excellence - Nectar de mangue,rouiba,rouiba,beverages,"Plant-based foods and beverages, Beverages, Plant-based beverages, Fruit-based beverages, Juices and nectars, Fruit nectars, en:mango-nectars",en:algeria|en:france,FRANCE,https://images.openfoodfacts.org/images/products/613/000/200/3625/front_fr.4.400.jpg,46.0,46.0,0.1,0.1,0.0008333333333333,0.0008333333333333,11.0,11.0,18.7833333333333,,0.266666666666667,0.266666666666667,0.2,0.2,0.0070166666666666,0.0070166666666666,data_quality_error,data_quality_error,False,False,False,sugars_greater_than_carbohydrates,11.299999999999999
6130091002011,Gaufrettes KIM,kim,kim,snacks,"Snacks,Snacks sucrés,Biscuits et gâteaux,Biscuits sucrés & biscuits apéritifs,Biscuits,Gaufrettes,Gaufrettes fourrées",en:france,FRANCE,https://images.openfoodfacts.org/images/products/613/009/100/2011/front_fr.3.400.jpg,577.01,577.01,34.53,,,,66.36,,,,,,5.2,,0.325,0.325,data_quality_error,data_quality_error,False,False,False,macros_exceed_100g,106.09
6130413002293,,,unknown,dairies,"Produits laitiers,Produits fermentés,Produits laitiers fermentés,Fromages,Fromages fondus,Fromages à tartiner",en:algeria|en:france,FRANCE,https://images.openfoodfacts.org/images/products/613/041/300/2293/front_ar.34.400.jpg,251.19,251.19,8.42,8.42,12.73,,,,5.28,5.28,,,9.93,9.93,1.68,1.68,data_quality_error,data_quality_error,False,False,False,saturated_fat_greater_than_fat,
6130834001172,Charbet Citronnade,trafle,trafle,beverages,boisson,en:algeria|en:france,FRANCE,https://images.openfoodfacts.org/images/products/613/083/400/1172/front_en.15.400.jpg,0.042,0.042,0.0,0.0,0.0,0.0,0.01,0.01,0.011,,0.0,0.0,0.0005,0.0005,0.0,0.0,data_quality_error,data_quality_error,False,False,False,sugars_greater_than_carbohydrates,0.0105
6132508340051,زنجبيل الكبير,kabir 170da,kabir 170da,beverages,"Boissons, Petit-déjeuners, Produits à tartiner, Produits à tartiner sucrés, Produits de la ruche, Produits déshydratés, Produits d'élevages, Édulcorants, Produits lyophilisés à reconstituer, Miels, Boissons instantanées, Boissons lyophilisées, Boissons avec sucre ajouté",en:algeria|en:france,FRANCE,https://images.openfoodfacts.org/images/products/613/250/834/0051/front_fr.77.400.jpg,86.8,86.8,0.42,0.42,0.073125,0.073125,19.778125,19.778125,57.5,,2.19375,2.19375,9.0,9.0,0.01444375,0.01444375,data_quality_error,data_quality_error,False,False,False,sugars_greater_than_carbohydrates,29.198125
6186000337613,fève de kakao au chocolat noir,ivoryblue loving’k,ivoryblue lovingk,snacks,"Snacks,Snacks sucrés,Cacao et dérivés,Chocolats,Chocolats noirs,Chocolats noirs aux fèves de cacao",en:france,FRANCE,https://images.openfoodfacts.org/images/products/618/600/033/7613/front_fr.8.400.jpg,600.0,600.0,43.0,43.0,0.0,0.0,37.0,37.0,95.5,,0.0,0.0,13.0,13.0,0.1,0.1,data_quality_error,data_quality_error,False,False,False,sugars_greater_than_carbohydrates,93.0
6191469700502,Thé Vert Sans Sucre Kyufi,,unknown,beverages,"Aliments et boissons à base de végétaux, Boissons, Boissons chaudes, Boissons à base de végétaux, Thés, Thés verts",en:france,FRANCE,https://images.openfoodfacts.org/images/products/619/146/970/0502/front_fr.11.400.jpg,1.0,1.0,0.0,0.0,0.0,0.0,0.0,0.0,0.2,,0.0,0.0,0.1,0.1,0.0,0.0,data_quality_error,data_quality_error,False,False,False,sugars_greater_than_carbohydrates,0.1
6281007023122,Almarai fresh laban full fat,almarai,almarai,dairies,"Beverages and beverages preparations, Beverages, Dairies, Fermented foods, Fermented milk products, Desserts, Dairy desserts, Dairy drinks, Fermented dairy desserts, Fermented drinks, Yogurts, Fermented milk drinks, en:milks",en:france|en:saudi-arabia,FRANCE,https://images.openfoodfacts.org/images/products/628/100/702/3122/front_fr.28.400.jpg,62.22,62.22,3.44,3.44,2.05556,2.05556,4.61,4.61,4.61111,,,,3.16,3.16,0.13472,0.13472,data_quality_error,data_quality_error,False,False,False,sugars_greater_than_carbohydrates,11.21
6281007032872,المراعي زبادي,almarai,almarai,dairies,en:yogurts,en:france,FRANCE,https://images.openfoodfacts.org/images/products/628/100/703/2872/front_fr.4.400.jpg,70.58,70.58,3.23,3.23,2.1,2.1,6.17,6.17,6.2,,,,4.11,4.11,0.055,0.055,data_quality_error,data_quality_error,False,False,False,sugars_greater_than_carbohydrates,13.510000000000002
6281007040716,المراعي زبادي قليل الدسم,,unknown,dairies,"Dairies, Fermented foods, Fermented milk products, Desserts, Dairy desserts, Fermented dairy desserts, Yogurts, Cow milk yogurts, Whole milk yogurts, en:low-fat-yogurts",en:france,FRANCE,https://images.openfoodfacts.org/images/products/628/100/704/0716/front_en.13.400.jpg,57.64,57.64,1.11,1.11,0.88235,0.88235,6.41,6.41,6.41176,,0.05882,0.05882,4.76,4.76,0.175,0.175,data_quality_error,data_quality_error,False,False,False,sugars_greater_than_carbohydrates,12.28
6281007117913,لبن المراعي,,unknown,dairies,"Beverages, Dairies, Fermented foods, Fermented milk products, en:milks",en:france,FRANCE,https://images.openfoodfacts.org/images/products/628/100/711/7913/front_fr.13.400.jpg,62.4,62.4,3.44,3.44,2.2,2.2,4.64,4.64,4.7,,,,3.2,3.2,0.4,0.4,data_quality_error,data_quality_error,False,False,False,sugars_greater_than_carbohydrates,11.28
6294007302081,Camel milk chocolate coated dates with pistachios,samha,samha,snacks,Candies,en:united-kingdom,UK_IE,https://images.openfoodfacts.org/images/products/629/400/730/2081/front_en.3.400.jpg,375.0,375.0,12.5,12.5,6.58333333333333,6.58333333333333,66.6666666666667,66.6666666666667,50.0,50.0,8.33333333333333,8.33333333333333,7.5,7.5,625.0,,data_quality_error,data_quality_error,False,False,False,nutrient_value_above_100g,86.6666666666667
6408430039432,Oltermanni,valio,valio,dairies,"Maitotuotteet, Hapatetut ruoat, Hapatetut maitotuotteet, Juusto",en:finland|en:france,NORDICS|FRANCE,https://images.openfoodfacts.org/images/products/640/843/003/9432/front_fi.21.400.jpg,364.0,364.0,29.0,29.0,17.0,17.0,0.0,0.0,4.929839775,,0.0,0.0,25.0,25.0,0.00325,0.00325,data_quality_error,data_quality_error,False,False,False,sugars_greater_than_carbohydrates,54.0
6901118910301,Jasmine tea,sunflower,sunflower,beverages,"Aliments et boissons à base de végétaux,Boissons,Boissons chaudes,Boissons à base de végétaux,Thés,Thés verts,Thé vert infusé non sucré,Thés aromatisés,Thés au jasmin",en:france|en:united-states,FRANCE|US_CANADA,https://images.openfoodfacts.org/images/products/690/111/891/0301/front_fr.16.400.jpg,1.0,1.0,0.0,0.0,0.0,0.0,0.0,0.0,0.2,,0.0,0.0,0.1,0.1,0.0,0.0,data_quality_error,data_quality_error,False,False,False,sugars_greater_than_carbohydrates,0.1
6931786401665,Thé de slim à l'Aloe,,unknown,beverages,"Beverages and beverages preparations, Beverage preparations, Herbal teas, en:teas",en:france,FRANCE,https://images.openfoodfacts.org/images/products/693/178/640/1665/front_fr.3.400.jpg,1.0,1.0,0.0,0.0,0.0,0.0,0.0,0.0,0.2,,0.0,0.0,0.1,0.1,0.0,0.0,data_quality_error,data_quality_error,False,False,False,sugars_greater_than_carbohydrates,0.1
6972007903056,Peelable Gummies Mixed Fruit Flavor,cokoc,cokoc,snacks,"Snacks, Sweet snacks, Confectioneries, Candies, en:gummi-candies",en:united-states,US_CANADA,https://images.openfoodfacts.org/images/products/697/200/790/3056/front_en.8.400.jpg,347.0,347.0,0.0,0.0,0.0,0.0,0.0,0.0,50.0,,0.0,0.0,0.0,0.0,0.0,0.0,data_quality_error,data_quality_error,False,False,False,sugars_greater_than_carbohydrates,0.0
6974800842075,大窑嘉宾,"dayao, 大窑",dayao,beverages,Fruit sodas,en:china|en:united-kingdom,UK_IE,https://images.openfoodfacts.org/images/products/697/480/084/2075/front_en.3.400.jpg,12.8,12.8,0.0,0.0,0.0,0.0,3.2,3.2,24.5057291666667,,0.0385416666666667,0.0385416666666667,0.0,0.0,0.0225,0.0225,data_quality_error,data_quality_error,False,False,False,sugars_greater_than_carbohydrates,3.2
7441163416858,Galleta con chocolate rellena con crema sabor a chocolate,tosh,tosh,snacks,en:biscuits,en:united-states,US_CANADA,https://images.openfoodfacts.org/images/products/744/116/341/6858/front_en.3.400.jpg,494.845360824742,494.845360824742,1.62223125,1.62223125,6.18556701030928,,70.1030927835052,70.1030927835052,3.71134020618557,3.71134020618557,41.2371134020619,41.2371134020619,8.24742268041237,8.24742268041237,0.567010309278351,0.567010309278351,data_quality_error,data_quality_error,False,False,False,saturated_fat_greater_than_fat,79.97274671391757
7501000621842,Sabor vainilla,gamesa,gamesa,snacks,"Snacks, Sweet snacks, Biscuits and cakes, Biscuits",en:mexico|en:united-states,US_CANADA,https://images.openfoodfacts.org/images/products/750/100/062/1842/front_es.8.400.jpg,143.0,143.0,5.8,5.8,10.0,,66.67,66.67,30.0,30.0,3.3,3.3,6.67,6.67,0.8,0.8,data_quality_error,data_quality_error,False,False,False,saturated_fat_greater_than_fat,79.14
7501008010976,Froot loops,kellogg's,kellogg's,cereals,"Aliments et boissons à base de végétaux, Aliments d'origine végétale, Céréales et pommes de terre, Céréales et dérivés, Amidons, Amidons de céréales",en:france,FRANCE,https://images.openfoodfacts.org/images/products/750/100/801/0976/front_fr.3.400.jpg,117.0,117.0,1.0,1.0,0.5,0.5,1.0,1.0,12.0,,,,2.0,2.0,0.4,0.4,data_quality_error,data_quality_error,False,False,False,sugars_greater_than_carbohydrates,4.0
7591016871065,Susy maxi,susy,susy,snacks,en:biscuits,en:france,FRANCE,https://images.openfoodfacts.org/images/products/759/101/687/1065/front_en.42.400.jpg,1388.88888888889,,277.777777777778,,66.6666666666667,66.6666666666667,355.555555555556,,94.4444444444444,94.4444444444444,11.1111111111111,11.1111111111111,16.6666666666667,16.6666666666667,0.277777777777778,0.277777777777778,data_quality_error,data_quality_error,False,False,False,energy_above_900_kcal|nutrient_value_above_100g,650.0000000000007
7591016871089,Cocosette,nestlé,nestle,snacks,en:biscuits,en:france,FRANCE,https://images.openfoodfacts.org/images/products/759/101/687/1089/front_en.49.400.jpg,520.0,520.0,26.0,26.0,14.0,14.0,128.0,,38.0,38.0,4.0,4.0,6.0,6.0,0.175,0.175,data_quality_error,data_quality_error,False,False,False,nutrient_value_above_100g,160.0
7610400096607,lindt,lindt,lindt,snacks,Chocolates,en:united-kingdom,UK_IE,https://images.openfoodfacts.org/images/products/761/040/009/6607/front_en.11.400.jpg,7029.75621414914,,462.5,,262.5,,625.0,,587.5,,0.40253352496773,0.40253352496773,82.5,82.5,2.34375,2.34375,data_quality_error,data_quality_error,False,False,False,energy_above_900_kcal|nutrient_value_above_100g,1170.0
7610800969181,Jogurt Nature bio,coop naturaplan,coop,dairies,"Produits laitiers, Produits fermentés, Desserts, Produits laitiers fermentés, Desserts lactés, Desserts lactés fermentés, Yaourts, Desserts lactés fermentés nature, Yaourts natures",en:france|en:switzerland,FRANCE|DACH,https://images.openfoodfacts.org/images/products/761/080/096/9181/front_fr.15.400.jpg,70.0,70.0,3.8,3.8,1.885,1.885,4.2,4.2,16.425,,0.0,0.0,4.7,4.7,0.385,0.385,data_quality_error,data_quality_error,False,False,False,sugars_greater_than_carbohydrates,12.7
7610849045549,Ginger green tea,"coop, naturaplan",coop,beverages,"Boissons et préparations de boissons, Aliments et boissons à base de végétaux, Boissons, Boissons chaudes, Boissons à base de végétaux, Thés, Thés verts, Boissons sans alcool, Boissons avec sucre ajouté",en:france|en:germany|en:switzerland,FRANCE|DACH,https://images.openfoodfacts.org/images/products/761/084/904/5549/front_fr.45.400.jpg,22.0,22.0,0.0,0.0,0.052731,,5.4,5.4,5.4,5.4,0.9099,0.9099,0.0,0.0,0.1625,0.1625,data_quality_error,data_quality_error,False,False,False,saturated_fat_greater_than_fat,5.4
7610849119141,Herbes des Alpes Suisses,"coop, coop naturaplan bio, naturaplan",coop,beverages,"Beverages, Sweetened beverages, en:tea-based-beverages",en:france|en:switzerland,FRANCE|DACH,https://images.openfoodfacts.org/images/products/761/084/911/9141/front_fr.13.400.jpg,18.0,18.0,0.0,0.0,0.001184,,4.6,4.6,4.6,4.6,0.0328,0.0328,0.0,0.0,0.007995,0.007995,data_quality_error,data_quality_error,False,False,False,saturated_fat_greater_than_fat,4.6
7610849889365,Qualité & Prix Milchgetränk mit fettarmem Kakao,coop,coop,dairies,"Boissons,Produits laitiers,Boissons lactées,Laits aromatisés,Laits aromatisés au chocolat,Laits aromatisés au chocolat partiellement écrémés",en:france|en:switzerland,FRANCE|DACH,https://images.openfoodfacts.org/images/products/761/084/988/9365/front_de.26.400.jpg,64.0,64.0,1.2,1.2,0.9153,0.9153,9.8,9.8,18.93745,,0.0,0.0,3.5,3.5,10.273484625,10.273484625,data_quality_error,data_quality_error,False,False,False,sugars_greater_than_carbohydrates,14.5
7610849941612,Chocolat Bunny - Amandes & miel,coop,coop,snacks,"Snacks, Snacks sucrés, Cacao et dérivés, Aliments festifs, Chocolats, Moulages en chocolat, Aliments de Pâques, Lapins en chocolat",en:france|en:switzerland,FRANCE|DACH,https://images.openfoodfacts.org/images/products/761/084/994/1612/front_fr.4.400.jpg,556.0,556.0,34.0,34.0,2.85585972222222,2.85585972222222,55.0,55.0,58.6178819444444,,0.0,0.0,7.2,7.2,0.2,0.2,data_quality_error,data_quality_error,False,False,False,sugars_greater_than_carbohydrates,96.2
7612100914175,Timings & co,ovomaltine,ovomaltine,beverages,"Dranken en drankbereidingen,Dranken,Cacao en afgeleide producten,Drankbereidingen,Cacao en cacaopoeders,Oplosdranken,Oplospoeder voor chocolademelk,en:Malted cocoa",en:belgium|en:france,BENELUX|FRANCE,https://images.openfoodfacts.org/images/products/761/210/091/4175/front_fr.15.400.jpg,376.0,376.0,19.0,19.0,9.0,9.0,780.0,,511.0,,,,95.0,95.0,0.48,0.48,data_quality_error,data_quality_error,False,False,False,nutrient_value_above_100g,894.0
7612100918142,Belgian choc mint,options,options,beverages,"Drinking-chocolate,Beverages",en:united-kingdom,UK_IE,https://images.openfoodfacts.org/images/products/761/210/091/8142/front_en.3.400.jpg,350.0,350.0,7.2,7.2,4.6,4.6,5343.0,,43.0,43.0,8.9,8.9,8.9,8.9,2.8,2.8,data_quality_error,data_quality_error,False,False,False,nutrient_value_above_100g,5359.099999999999
7612464610966,Tomme Light,jean-louis,jean-louis,dairies,"Produits laitiers,Produits fermentés,Produits laitiers fermentés,Fromages,Produits de montagne,Fromages de montagne,Fromages de Suisse,Tommes,Tomme allégée en matière grasse",en:france|en:switzerland,FRANCE|DACH,https://images.openfoodfacts.org/images/products/761/246/461/0966/front_fr.8.400.jpg,194.0,194.0,10.0,10.0,7.0,7.0,0.0,0.0,0.1,,,,26.0,26.0,1.3,1.3,data_quality_error,data_quality_error,False,False,False,sugars_greater_than_carbohydrates,36.0
7613031794331,Capsules NESCAFE DOLCE GUSTO Lungo Decaffeinato Boîte de 16 capsules,"nestle norge, dolce gusto, nescafe",nestle,beverages,"Beverages and beverages preparations, Plant-based foods and beverages, Beverages, Plant-based foods, Hot beverages, Beverage preparations, Coffees, Unsweetened beverages, Capsules, Decaffeinated coffees, Coffee capsules, Dolce Gusto-compatible capsules, Dolce Gusto-compatible coffee capsules, fr:Café torréfié moulu décaféiné, fr:Lungo decaffeinato, en:nespresso-compatible-coffee-capsules",en:belgium|en:france|en:switzerland,BENELUX|FRANCE|DACH,https://images.openfoodfacts.org/images/products/761/303/179/4331/front_fr.92.400.jpg,1.0,1.0,0.0,0.0,0.047,,0.0,0.0,0.0,0.0,0.0,0.0,0.0,0.0,0.02,0.02,data_quality_error,data_quality_error,False,False,False,saturated_fat_greater_than_fat,0.0
7613037091182,NESTLE MIX BIO céréales 4x30g + 2x27g,"nestlé, mix bio",nestle,cereals,"Plant-based foods and beverages, Plant-based foods, Breakfasts, Cereals and potatoes, Cereals and their products, Breakfast cereals, Chocolate cereals, Extruded cereals, fr:Lot de 6 boîtes, en:puffed-cereals",en:france,FRANCE,https://images.openfoodfacts.org/images/products/761/303/709/1182/front_fr.60.400.jpg,576.666666666667,576.666666666667,9.0,,4.66666666666667,4.66666666666667,95.6666666666667,,42.0,42.0,8.66666666666667,8.66666666666667,23.3333333333333,,0.966666666666667,0.966666666666667,data_quality_error,data_quality_error,False,False,False,macros_exceed_100g,128.0
7613269708636,Joghurt Baumnuss,"migros, valflora",migros,dairies,Milchprodukte,en:france|en:switzerland,FRANCE|DACH,https://images.openfoodfacts.org/images/products/761/326/970/8636/front_de.11.400.jpg,88.9,88.9,2.1,2.1,2.2,,13.7,13.7,12.5,12.5,0.2,0.2,3.7,3.7,0.1,0.1,data_quality_error,data_quality_error,False,False,False,saturated_fat_greater_than_fat,19.5
7613331606082,Mozzarella di Bufala Campana D.O.P.,"coop, coop fine food, fine food",coop,dairies,"Produits laitiers, Produits fermentés, Produits laitiers fermentés, Fromages, Fromages italiens, Fromages à pâte filée, Fromages au lait de bufflonne, Mozzarella, Fromages pasteurisés, Mozzarella de bufflonne, Mozzarella di Bufala Campana",en:france|en:switzerland,FRANCE|DACH,https://images.openfoodfacts.org/images/products/761/333/160/6082/front_fr.50.400.jpg,254.0,254.0,22.0,22.0,0.0825,0.0825,0.5,0.5,3.6975,,0.0,0.0,14.0,14.0,24.5325,24.5325,data_quality_error,data_quality_error,False,False,False,sugars_greater_than_carbohydrates,36.5
7613379241856,Feta Käse,coop,coop,dairies,"Produits laitiers, Produits fermentés, Produits laitiers fermentés, Fromages, Fromages de Grèce, Fromages de brebis, Fetan, Blocs de feta",en:france|en:germany|en:switzerland,FRANCE|DACH,https://images.openfoodfacts.org/images/products/761/337/924/1856/front_fr.26.400.jpg,266.0,266.0,22.0,22.0,16.0,16.0,0.0,0.0,4.93,,0.0,0.0,17.0,17.0,2.2,2.2,data_quality_error,data_quality_error,False,False,False,sugars_greater_than_carbohydrates,39.0
7617014189824,Café Royal Vanilla,café royal,cafe royal,beverages,"Boissons et préparations de boissons, Aliments et boissons à base de végétaux, Boissons, Aliments d'origine végétale, Cafés",en:france|en:germany,FRANCE|DACH,https://images.openfoodfacts.org/images/products/761/701/418/9824/front_fr.22.400.jpg,1.0,1.0,0.0,0.0,0.0,0.0,0.0,0.0,0.3,,0.0,0.0,0.1,0.1,0.0,0.0,data_quality_error,data_quality_error,False,False,False,sugars_greater_than_carbohydrates,0.1
7617027118842,Yogourt Lait de Chèvre Nature,migros,migros,dairies,"Produits laitiers, Produits fermentés, Desserts, Produits laitiers fermentés, Desserts lactés, Desserts lactés fermentés, Yaourts, Desserts lactés fermentés nature, Yaourts natures, Yaourts au lait de chèvre",en:france|en:switzerland,FRANCE|DACH,https://images.openfoodfacts.org/images/products/761/702/711/8842/front_fr.20.400.jpg,74.0,74.0,4.0,4.0,2.9,2.9,4.5,4.5,4.93,,0.0,0.0,5.0,5.0,0.1,0.1,data_quality_error,data_quality_error,False,False,False,sugars_greater_than_carbohydrates,13.5
7622201102241,P'tits Croquants olive noire & origan,belin,belin,snacks,"snacks, salty-snacks, sweet-snacks, appetizers, biscuits-and-cakes, biscuits, da:crackers",en:france,FRANCE,https://images.openfoodfacts.org/images/products/762/220/110/2241/front_fr.23.400.jpg,556.0,556.0,23.2,,2.4,2.4,76.0,,8.0,8.0,3.2,3.2,8.4,,1.44,1.44,data_quality_error,data_quality_error,False,False,False,macros_exceed_100g,107.60000000000001
7622210131317,Cote d'or bouchees chocolate pieces milk praline,côte d'or,cote d'or,snacks,Bonbons,en:france|en:united-states,FRANCE|US_CANADA,https://images.openfoodfacts.org/images/products/762/221/013/1317/front_en.16.400.jpg,134.0,134.0,30.0,30.0,14.0,14.0,15.0,15.0,57.0,,3.1,3.1,6.4,6.4,0.04,0.04,data_quality_error,data_quality_error,False,False,False,sugars_greater_than_carbohydrates,51.4
7622210153821,Green & black's organic chocolate bar milk chocolate orange,green & black's,green & black's,snacks,"Snacks, Sweet snacks, Cocoa and its products, Confectioneries, Chocolates, Milk chocolates, Flavoured chocolates, Flavoured milk chocolates",en:united-kingdom|en:united-states,UK_IE|US_CANADA,https://images.openfoodfacts.org/images/products/762/221/015/3821/front_en.5.400.jpg,513.2,513.2,36.0,36.0,21.5,21.5,36.0,36.0,45.5,,3.0,3.0,9.8,9.8,0.230124,0.230124,data_quality_error,data_quality_error,False,False,False,sugars_greater_than_carbohydrates,81.8
7622210157324,The Original Crackers,ritz,ritz,snacks,"Snacks,Salty snacks,Sweet snacks,Appetizers,Biscuits and cakes,Biscuits and crackers,Biscuits,Crackers(Appetizers),Dry biscuits",en:france|en:united-kingdom|en:united-states,FRANCE|UK_IE|US_CANADA,https://images.openfoodfacts.org/images/products/762/221/015/7324/front_en.7.400.jpg,488.0,488.0,92.0,,42.0,42.0,64.0,,35.2,35.2,8.8,8.8,30.8,,1.32,1.32,data_quality_error,data_quality_error,False,False,False,macros_exceed_100g,186.8
7622210179418,Cadbury dairy milk chocolate bar lu sweet biscuits,cadbury,cadbury,snacks,"Snacks, Sweet snacks, Confectioneries",en:united-kingdom|en:united-states,UK_IE|US_CANADA,https://images.openfoodfacts.org/images/products/762/221/017/9418/front_en.7.400.jpg,166.354531478882,166.354531478882,26.5,26.5,15.5,15.5,36.1322360610962,36.1322360610962,47.5,,1.1,1.1,7.3,7.3,0.0779673007965088,0.0779673007965088,data_quality_error,data_quality_error,False,False,False,sugars_greater_than_carbohydrates,69.9322360610962
7622210216823,Cadbury dairy milk chocolate,cadbury,cadbury,snacks,"Snacks, Sweet snacks, Confectioneries",en:france|en:united-states,FRANCE|US_CANADA,,530.0,530.0,30.0,30.0,18.5,18.5,27.52296875,27.52296875,57.0,,0.6,0.6,7.2,7.2,0.25,0.25,data_quality_error,data_quality_error,False,False,False,sugars_greater_than_carbohydrates,64.72296875
7622210218544,Cadbury Chocolate Drink,cadbury,cadbury,beverages,"Beverages and beverages preparations, Beverages, Non-alcoholic beverages",en:france|en:world,FRANCE,,65.0,65.0,11.5,11.5,8.5,8.5,20.0,20.0,59.5,,5.4,5.4,7.8,7.8,0.45,0.45,data_quality_error,data_quality_error,False,False,False,sugars_greater_than_carbohydrates,39.3
7622210223913,Cadbury chocolate bar,"cadbury,lu",cadbury,snacks,"Snacks, Sweet snacks, Confectioneries",en:united-kingdom|en:united-states,UK_IE|US_CANADA,https://images.openfoodfacts.org/images/products/762/221/022/3913/front_en.9.400.jpg,166.354531478882,166.354531478882,26.5,26.5,15.5,15.5,36.1322360610962,36.1322360610962,47.5,,1.1,1.1,7.3,7.3,0.0779673007965088,0.0779673007965088,data_quality_error,data_quality_error,False,False,False,sugars_greater_than_carbohydrates,69.9322360610962
7622210235657,Green & black's organic chocolate bar milk chocolate,green & black's,green & black's,snacks,"Snacks, Sweet snacks, Confectioneries",en:united-kingdom|en:united-states,UK_IE|US_CANADA,https://images.openfoodfacts.org/images/products/762/221/023/5657/front_en.5.400.jpg,325.29375,325.29375,36.0,,21.5,21.5,59.35296875,,45.5,45.5,3.0,3.0,9.8,,0.22941875,0.22941875,data_quality_error,data_quality_error,False,False,False,macros_exceed_100g,105.15296875
7622210275813,Cadbury mini eggs chocolate eggs mini,cadbury,cadbury,snacks,"Snacks, Sweet snacks, Confectioneries",en:france|en:united-states,FRANCE|US_CANADA,https://images.openfoodfacts.org/images/products/762/221/027/5813/front_fr.3.400.jpg,493.0,493.0,21.0,21.0,13.0,13.0,56.0606321614583,56.0606321614583,69.0,,1.6,1.6,4.2,4.2,0.0,0.0,data_quality_error,data_quality_error,False,False,False,sugars_greater_than_carbohydrates,81.2606321614583
7622210307385,Philadelphia cream cheese-soft sweet chili light,philadelphia,philadelphia,dairies,"Dairies, Fermented foods, Fermented milk products, Cheeses",en:united-kingdom|en:united-states,UK_IE|US_CANADA,https://images.openfoodfacts.org/images/products/762/221/030/7385/front_en.6.400.jpg,143.333333333333,143.333333333333,9.66666666666667,9.66666666666667,6.0,6.0,6.66666666666667,6.66666666666667,25.31444,,11.6666666666667,11.6666666666667,6.66666666666667,6.66666666666667,0.633333333333333,0.633333333333333,data_quality_error,data_quality_error,False,False,False,sugars_greater_than_carbohydrates,23.000000000000007
7622210307743,Philadelphia cream cheese-soft plain,"kraft, philadelphia",kraft,dairies,"Dairies, Fermented foods, Fermented milk products, Cheeses",en:france|en:united-states,FRANCE|US_CANADA,https://images.openfoodfacts.org/images/products/762/221/030/7743/front_fr.8.400.jpg,235.0,235.0,21.0,21.0,14.0,14.0,4.0,4.0,4.3,,0.2,0.2,5.4,5.4,0.77,0.77,data_quality_error,data_quality_error,False,False,False,sugars_greater_than_carbohydrates,30.4
7622210355898,Cadbury creme egg chocolate egg hollow egg,cadbury,cadbury,snacks,"Snacks, Sweet snacks, Confectioneries, en:easter-food",en:spain|en:united-states,SOUTHERN_EUROPE|US_CANADA,https://images.openfoodfacts.org/images/products/762/221/035/5898/front_en.8.400.jpg,530.0,530.0,24.5,24.5,14.5,14.5,56.5,56.5,59.5,,1.5,1.5,5.5,5.5,0.23,0.23,data_quality_error,data_quality_error,False,False,False,sugars_greater_than_carbohydrates,86.5
7622210449115,Cadbury chocolate egg,cadbury,cadbury,snacks,"Snacks, Sweet snacks, Confectioneries",en:france|en:united-states,FRANCE|US_CANADA,https://images.openfoodfacts.org/images/products/762/221/044/9115/front_fr.4.400.jpg,537.0,537.0,28.0,28.0,17.0,17.0,56.0,56.0,59.0,,1.8,1.8,6.6,6.6,0.24,0.24,data_quality_error,data_quality_error,False,False,False,sugars_greater_than_carbohydrates,90.6
7622210467607,Philadelphia mini,philadelphia,philadelphia,dairies,"Dairies, Fermented foods, Fermented milk products, Cheeses, en:cheese-spreads",en:united-kingdom|en:united-states,UK_IE|US_CANADA,https://images.openfoodfacts.org/images/products/762/221/046/7607/front_en.3.400.jpg,225.714285714286,225.714285714286,20.5714285714286,20.5714285714286,13.7142857142857,13.7142857142857,0.557816,0.557816,4.28571428571429,,0.0,0.0,21.71498,21.71498,0.742857142857143,0.742857142857143,data_quality_error,data_quality_error,False,False,False,sugars_greater_than_carbohydrates,42.8442245714286
7622210498519,Cadbury chocolate egg,cadbury,cadbury,snacks,"Snacks, Sweet snacks, Cocoa and its products, Confectioneries, Chocolate candies",en:france|en:united-states,FRANCE|US_CANADA,https://images.openfoodfacts.org/images/products/762/221/049/8519/front_en.13.400.jpg,537.0,537.0,26.0,26.0,16.0,16.0,56.0,56.0,58.5,,1.6,1.6,6.0,6.0,0.24,0.24,data_quality_error,data_quality_error,False,False,False,sugars_greater_than_carbohydrates,88.0
7622210997272,Cadbury wispa chocolate bar,cadbury,cadbury,snacks,"Snacks, Sweet snacks, Confectioneries",en:france|en:united-states,FRANCE|US_CANADA,https://images.openfoodfacts.org/images/products/762/221/099/7272/front_fr.4.400.jpg,554.0,554.0,30.0,30.0,18.0,18.0,53.0,53.0,58.0,,2.1,2.1,6.2,6.2,0.22,0.22,data_quality_error,data_quality_error,False,False,False,sugars_greater_than_carbohydrates,89.2
7622300318956,Liptauer,philadelphia,philadelphia,dairies,"Produits laitiers, Produits fermentés, Produits laitiers fermentés, Fromages, Produits à tartiner, Produits à tartiner salés, Fromages à la crème",en:austria|en:france|en:germany,DACH|FRANCE,https://images.openfoodfacts.org/images/products/762/230/031/8956/front_fr.36.400.jpg,138.0,138.0,9.0,9.0,6.2,6.2,1.0,1.0,7.6,,1.2,1.2,3.0,3.0,1.48,1.48,data_quality_error,data_quality_error,False,False,False,sugars_greater_than_carbohydrates,13.0
7622300498887,Freia kvikk lunsj chocolate tablet milk,freia,freia,snacks,"Snacks, Sweet snacks, Confectioneries",en:france|en:united-states,FRANCE|US_CANADA,https://images.openfoodfacts.org/images/products/762/230/049/8887/front_fr.4.400.jpg,540.0,540.0,30.5,30.5,19.0,19.0,30.5,30.5,49.5,,2.2,2.2,8.2,8.2,0.55,0.55,data_quality_error,data_quality_error,False,False,False,sugars_greater_than_carbohydrates,69.2
7627534142810,,coop naturaplan,coop,beverages,en:fruit-juices,en:france,FRANCE,https://images.openfoodfacts.org/images/products/762/753/414/2810/front_fr.3.400.jpg,40.0,40.0,0.0,0.0,0.03978,,10.0,10.0,10.0,10.0,0.983,0.983,0.0,0.0,0.03989,0.03989,data_quality_error,data_quality_error,False,False,False,saturated_fat_greater_than_fat,10.0
7627536956484,Müsli Barre de céréales bio,coop naturalplan,coop,snacks,"Snacks, Sweet snacks, Bars, Cereal bars, Fruits cereal bars, en:mueslis-with-fruits",en:france|en:switzerland,FRANCE|DACH,https://images.openfoodfacts.org/images/products/762/753/695/6484/front_fr.3.400.jpg,410.0,410.0,15.0,15.0,5.7,5.7,5.8,5.8,29.0,,6.7,6.7,7.3,7.3,0.23,0.23,data_quality_error,data_quality_error,False,False,False,sugars_greater_than_carbohydrates,28.1
7630017609908,Qualité & Prix Raclette Semi-hard cheese with pasteurized milk,coop,coop,dairies,"Dairies, Fermented foods, Fermented milk products, Cheeses, Raclette, Sheep's-milk cheeses, Semi-hard cheeses from ewe's milk",en:france|en:germany|en:switzerland,FRANCE|DACH,https://images.openfoodfacts.org/images/products/763/001/760/9908/front_fr.7.400.jpg,344.0,344.0,27.0,27.0,0.0825,0.0825,1.0,1.0,3.6975,,0.0,0.0,25.0,25.0,24.5325,24.5325,data_quality_error,data_quality_error,False,False,False,sugars_greater_than_carbohydrates,53.0
7640106051303,Tomme de Vache,la fleur,la fleur,dairies,"Produits laitiers, Produits fermentés, Produits laitiers fermentés, Fromages, Fromages de vache, Produits de montagne, Fromages de France, Fromages de montagne, Fromages de Suisse, Fromages pasteurisés, Tommes",en:france|en:switzerland,FRANCE|DACH,https://images.openfoodfacts.org/images/products/764/010/605/1303/front_fr.6.400.jpg,310.0,310.0,26.0,26.0,16.0,16.0,0.5,0.5,4.93,,0.0,0.0,19.0,19.0,1.475,1.475,data_quality_error,data_quality_error,False,False,False,sugars_greater_than_carbohydrates,45.5
7771711000483,Fine Dark Chocolate,el ceibo,el ceibo,snacks,"Botanas,Snacks dulces,Cacao y sus productos,Chocolates,Chocolates negros,en:Dark chocolate bar,en:Dark chocolate bar with more than 70% cocoa,Chocolates negros extra finos",en:bolivia|en:france|en:united-states,FRANCE|US_CANADA,https://images.openfoodfacts.org/images/products/777/171/100/0483/front_en.11.400.jpg,557.5,557.5,32.5,32.5,12.5,12.5,3.773,3.773,17.5,,0.0,0.0,10.0,10.0,0.0,0.0,data_quality_error,data_quality_error,False,False,False,sugars_greater_than_carbohydrates,46.272999999999996
7771711000506,Cocoa Nibs & Uyuni Salt,el ceibo,el ceibo,snacks,"Botanas,Snacks dulces,Cacao y sus productos,Chocolates,Chocolates negros,Chocolates con sal,Chocolates negro con sal,en:Dark chocolate bar with more than 70% cocoa,Chocolates negro con pepitas de cacao,Chocolates negros extra finos",en:bolivia|en:france|en:united-states,FRANCE|US_CANADA,https://images.openfoodfacts.org/images/products/777/171/100/0506/front_es.43.400.jpg,560.0,560.0,32.5,32.5,12.5,12.5,3.234,3.234,15.0,,0.0,0.0,12.5,12.5,1.0,1.0,data_quality_error,data_quality_error,False,False,False,sugars_greater_than_carbohydrates,48.234
7771711000841,Heritage Cocoa Beans,el ceibo,el ceibo,snacks,"Botanas,Snacks dulces,Cacao y sus productos,Chocolates,Chocolates negros,en:Dark chocolate bar,en:Dark chocolate bar with more than 70% cocoa,Chocolates negros extra finos",en:austria|en:bolivia|en:chile|en:france|en:germany|en:italy|en:japan|en:netherlands|en:switzerland|en:united-kingdom|en:united-states,DACH|FRANCE|SOUTHERN_EUROPE|BENELUX|UK_IE|US_CANADA,https://images.openfoodfacts.org/images/products/777/171/100/0841/front_es.7.400.jpg,445.0,445.0,27.5,27.5,10.0,10.0,1.617,1.617,7.5,,0.0,0.0,10.0,10.0,0.0,0.0,data_quality_error,data_quality_error,False,False,False,sugars_greater_than_carbohydrates,39.117000000000004
7790387110159,Yerba mate,taragui,taragui,beverages,"Aliments et boissons à base de végétaux,Boissons,Boissons chaudes,Boissons à base de végétaux,Infusions",en:argentina|en:france,FRANCE,https://images.openfoodfacts.org/images/products/779/038/711/0159/front_es.16.400.jpg,60.0,60.0,0.0,0.0,0.0,0.0,12.0,12.0,0.0,0.0,0.0,0.0,4.0,4.0,305.0,,data_quality_error,data_quality_error,False,False,False,nutrient_value_above_100g,16.0
7802900121013,Mantequilla (Soprole),soprole,soprole,dairies,"Dairies, Fats, Spreads, Spreadable fats, Animal fats, Dairy spreads, Milkfat, Butters, Salted butters, en:fermented-milk-drinks",en:chile|en:united-states,US_CANADA,https://images.openfoodfacts.org/images/products/780/290/012/1013/front_es.4.400.jpg,740.0,740.0,815.0,,556.0,,1.0,1.0,94.0,,1.38308475,1.38308475,60.0,60.0,0.995,0.995,data_quality_error,data_quality_error,False,False,False,nutrient_value_above_100g|sugars_greater_than_carbohydrates,876.0
7802900165000,Quesillo (Soprole),soprole,soprole,dairies,"es:Quesillo, en:cheeses",en:chile|en:united-states,US_CANADA,https://images.openfoodfacts.org/images/products/780/290/016/5000/front_es.22.400.jpg,144.0,144.0,8.0,8.0,,,5.0,5.0,5.0,5.0,,,13.0,13.0,350.0,,data_quality_error,data_quality_error,False,False,False,nutrient_value_above_100g,26.0
7802930001279,Quesillo,quillayes,quillayes,dairies,Melted cheese,en:chile|en:united-states,US_CANADA,https://images.openfoodfacts.org/images/products/780/293/000/1279/front_es.4.400.jpg,135.0,135.0,8.2,8.2,5.05,5.05,1.7,1.7,2.6,,,,13.7,13.7,0.685,0.685,data_quality_error,data_quality_error,False,False,False,sugars_greater_than_carbohydrates,23.599999999999998
7841229000869,,,unknown,dairies,Bebida lácteas,en:united-states,US_CANADA,https://images.openfoodfacts.org/images/products/784/122/900/0869/front_es.3.400.jpg,45.0,45.0,2.0,2.0,1.2,1.2,,,,,0.0,0.0,1.8,1.8,137.5,,data_quality_error,data_quality_error,False,False,False,nutrient_value_above_100g,
7894321219721,Aveia Em Flocos Finos Quaker 200G,quaker,quaker,cereals,"Alimentos e bebidas à base de plantas, Alimentos à base de plantas, Pequenos alomoços, Cereais e Batatas, Cereais e seus produtos, Cereias para pequeno-almoçco",en:brazil|en:france,FRANCE,https://images.openfoodfacts.org/images/products/789/432/121/9721/front_es.24.400.jpg,510.0,510.0,9.0,,2.0,2.0,85.0,,0.0,0.0,15.0,15.0,24.0,,0.0,0.0,data_quality_error,data_quality_error,False,False,False,macros_exceed_100g,118.0
8001120989772,Grana padano,coop,coop,dairies,"Latticini, Cibi fermentati, Prodotti lattiero-caseari fermentati, Formaggi, Formaggi italiani, Grana Padano, Formaggio grattugiato",en:france|en:italy,FRANCE|SOUTHERN_EUROPE,https://images.openfoodfacts.org/images/products/800/112/098/9772/front_it.23.400.jpg,400.0,400.0,29.0,29.0,0.10756625,0.10756625,0.0,0.0,4.82092375,,0.0,0.0,33.0,33.0,7.375,7.375,data_quality_error,data_quality_error,False,False,False,sugars_greater_than_carbohydrates,62.0
8001790442065,Yogurt Drink fragola,mila,mila,dairies,"Bevande, Latticini, Cibi fermentati, Dessert, Prodotti lattiero-caseari fermentati, Dolci a base di latte, Bevande a base di latte, en:Fermented dairy desserts, Bevande fermentate, Yogurt, Bevande al latte fermentate, Yogurt da bere",en:france|en:italy,FRANCE|SOUTHERN_EUROPE,https://images.openfoodfacts.org/images/products/800/179/044/2065/front_it.21.400.jpg,76.0,76.0,1.3,1.3,1.0,1.0,9.5,9.5,12.0,,,,3.0,3.0,0.09,0.09,data_quality_error,data_quality_error,False,False,False,sugars_greater_than_carbohydrates,13.8
8001860222658,Riso scotti almond soul,scotti,scotti,beverages,"Bebidas y preparaciones de bebidas,Alimentos y bebidas de origen vegetal,Bebidas,Alimentos de origen vegetal,en:Dairy substitutes,Sustitutos de la leche,Frutos de cáscara y derivados,Bebidas de origen vegetal,en:Specific products,Bebidas vegetales,en:Products for specific diets,Leches de frutos de cáscara,Productos sin gluten,Bebidas no alcohólicas,Leches de almendras,Bebidas azucaradas,en:Sweetened plain almond-based drinks",en:bolivia|en:france|en:italy|en:morocco,FRANCE|SOUTHERN_EUROPE,https://images.openfoodfacts.org/images/products/800/186/022/2658/front_en.34.400.jpg,26.0,26.0,1.2,1.2,0.2,0.2,3.4,3.4,5.0,,0.2277,0.2277,0.4,0.4,0.06,0.06,data_quality_error,data_quality_error,False,False,False,sugars_greater_than_carbohydrates,5.0
8001868002917,Parmigiano Reggiano,castelli,castelli,dairies,"Dairies,Fermented foods,Fermented milk products,Cheeses,Italian cheeses,Parmigiano-Reggiano",en:france,FRANCE,https://images.openfoodfacts.org/images/products/800/186/800/2917/front_it.10.400.jpg,402.0,402.0,30.0,30.0,20.0,20.0,0.0,0.0,4.85247575,,0.0,0.0,32.0,32.0,1.5725,1.5725,data_quality_error,data_quality_error,False,False,False,sugars_greater_than_carbohydrates,62.0
8002270436956,Ciao Citron,sanpellegrino,sanpellegrino,beverages,Beverages,en:france,FRANCE,https://images.openfoodfacts.org/images/products/800/227/043/6956/front_fr.3.400.jpg,2.0,2.0,0.0,0.0,0.0,0.0,0.0,0.0,0.1,,0.0,0.0,0.0,0.0,0.04,0.04,data_quality_error,data_quality_error,False,False,False,sugars_greater_than_carbohydrates,0.0
8002330060497,Grana Padano,esselunga,esselunga,dairies,"Latticini, Cibi fermentati, Prodotti lattiero-caseari fermentati, Formaggi, Formaggi italiani, Grana Padano",en:france,FRANCE,https://images.openfoodfacts.org/images/products/800/233/006/0497/front_it.18.400.jpg,398.0,398.0,29.0,29.0,18.0,18.0,0.0,0.0,4.6526875,,0.0,0.0,33.0,33.0,3.75,3.75,data_quality_error,data_quality_error,False,False,False,sugars_greater_than_carbohydrates,62.0
8002540024166,Paluani,tempo giusto,tempo giusto,snacks,"Snacks,Snacks sucrés,en:Sweet pastries and pies,Viennoiseries,Brioches,Brioche fourrée crème pâtissière,Brioche préemballée,Panetone,Beurres de pistaches",en:france,FRANCE,https://images.openfoodfacts.org/images/products/800/254/002/4166/front_fr.5.400.jpg,386.0,386.0,17.0,17.0,10.0,10.0,0.0,0.0,3.5,,,,7.5,7.5,0.51,0.51,data_quality_error,data_quality_error,False,False,False,sugars_greater_than_carbohydrates,24.5
8002580300039,albicocca con varietà bulida,"parmalat, santal",parmalat,beverages,Bevande,en:france|en:italy,FRANCE|SOUTHERN_EUROPE,https://images.openfoodfacts.org/images/products/800/258/030/0039/front_it.12.400.jpg,47.0,47.0,0.0,0.0,0.002,,11.0,11.0,11.0,11.0,0.68,0.68,0.5,0.5,0.00659,0.00659,data_quality_error,data_quality_error,False,False,False,saturated_fat_greater_than_fat,11.5
8002670050202,Queso parmigiano reggiano d.o.p. cuña,granarolo,granarolo,dairies,"Latticini, Cibi fermentati, Prodotti lattiero-caseari fermentati, Formaggi, Formaggi italiani, Parmigiano Reggiano",en:france|en:italy,FRANCE|SOUTHERN_EUROPE,https://images.openfoodfacts.org/images/products/800/267/005/0202/front_it.16.400.jpg,402.0,402.0,30.0,30.0,20.0,20.0,0.0,0.0,4.9252672,,0.0,0.0,32.0,32.0,0.096,0.096,data_quality_error,data_quality_error,False,False,False,sugars_greater_than_carbohydrates,62.0
8002670165227,Latte fresco piacere leggero parzialmente scremato,granarolo,granarolo,dairies,"Produits laitiers, Desserts, Laits, Laits demi-écrémés",en:france|en:italy,FRANCE|SOUTHERN_EUROPE,https://images.openfoodfacts.org/images/products/800/267/016/5227/front_fr.3.400.jpg,47.0,47.0,1.0,1.0,1.1,,5.0,5.0,5.0,5.0,,,1.0,1.0,1.0,1.0,data_quality_error,data_quality_error,False,False,False,saturated_fat_greater_than_fat,7.0
8002710402008,Zanetti Parmigiano Reggiano PDO Cheese,zanetti,zanetti,dairies,"Dairies, Fermented foods, Fermented milk products, Cheeses, Italian cheeses, Parmigiano-Reggiano",en:australia|en:denmark|en:france|en:luxembourg|en:romania,NORDICS|FRANCE|BENELUX,https://images.openfoodfacts.org/images/products/800/271/040/2008/front_en.29.400.jpg,385.705808663545,385.705808663545,30.0,30.0,20.0,20.0,0.0,0.0,4.9075685,,0.0,0.0,32.1428571428571,32.1428571428571,1.625,1.625,data_quality_error,data_quality_error,False,False,False,sugars_greater_than_carbohydrates,62.1428571428571
8010721997048,Parmigiano Reggiano 30 mesi,parmareggio,parmareggio,dairies,"Dairies, Fermented foods, Fermented milk products, Cheeses, Italian cheeses, Parmigiano-Reggiano",en:estonia|en:france|en:italy,FRANCE|SOUTHERN_EUROPE,https://images.openfoodfacts.org/images/products/801/072/199/7048/front_en.17.400.jpg,402.0,402.0,30.0,30.0,0.1096425,0.1096425,0.0,0.0,4.9139775,,0.0,0.0,32.0,32.0,0.325,0.325,data_quality_error,data_quality_error,False,False,False,sugars_greater_than_carbohydrates,62.0
8012600210019,,dolcetti veneziani,dolcetti veneziani,snacks,it:biscotti,en:france,FRANCE,https://images.openfoodfacts.org/images/products/801/260/021/0019/front_en.18.400.jpg,441.0,441.0,9.2,9.2,9.74021333333333,,68.6,68.6,31.2,31.2,2.448,2.448,10.1,10.1,0.17,0.17,data_quality_error,data_quality_error,False,False,False,saturated_fat_greater_than_fat,87.89999999999999
8012666048427,Carrefour Bio Te' Nero Fairtrade,carrefour bio,carrefour,beverages,"Aliments et boissons à base de végétaux, Boissons, Boissons chaudes, Boissons à base de végétaux, Thés",en:france,FRANCE,https://images.openfoodfacts.org/images/products/801/266/604/8427/front_fr.3.400.jpg,1.0,1.0,0.0,0.0,0.0,0.0,0.0,0.0,0.2,,0.0,0.0,0.1,0.1,0.0,0.0,data_quality_error,data_quality_error,False,False,False,sugars_greater_than_carbohydrates,0.1
8016438001467,Jus d'orange sanguine Bio,juic,juic,beverages,"Aliments et boissons à base de végétaux, Boissons, Boissons à base de végétaux, Boissons aux fruits, Jus et nectars, Jus de fruits, Jus d'orange, Jus d'orange sanguine",en:france,FRANCE,https://images.openfoodfacts.org/images/products/801/643/800/1467/front_fr.5.400.jpg,39.4,39.4,0.2,0.2,0.053,0.053,8.5,8.5,9.61,,0.8,0.8,0.5,0.5,0.00762,0.00762,data_quality_error,data_quality_error,False,False,False,sugars_greater_than_carbohydrates,9.2
8026101000819,Cioccolato di Modica,antica dolceria rizza,antica dolceria rizza,snacks,"Snacks, Snacks sucrés, Cacao et dérivés, Chocolats, Chocolats noirs",en:france,FRANCE,https://images.openfoodfacts.org/images/products/802/610/100/0819/front_fr.4.400.jpg,599.0,599.0,35.16,,20.6,20.6,57.75,,35.13,35.13,,,20.6,,0.0,0.0,data_quality_error,data_quality_error,False,False,False,macros_exceed_100g,113.50999999999999
8031301884725,Jus de citron vert,polenghi,polenghi,beverages,"Aliments et boissons à base de végétaux, Boissons, Condiments, Boissons à base de végétaux, Boissons aux fruits, Jus et nectars, Jus de fruits, Jus de citron vert, Jus de citron vert à partir d'un concentré",en:france,FRANCE,https://images.openfoodfacts.org/images/products/803/130/188/4725/front_fr.25.400.jpg,28.0,28.0,0.02,0.02,0.0,0.0,0.0,0.0,0.8,,0.0,0.0,0.0,0.0,0.0,0.0,data_quality_error,data_quality_error,False,False,False,sugars_greater_than_carbohydrates,0.02
8034023733821,Gâteaux de Nougat tendre - Fraise,sara dolciara,sara dolciara,snacks,en:nougats,en:france,FRANCE,https://images.openfoodfacts.org/images/products/803/402/373/3821/front_fr.3.400.jpg,464.0,464.0,324.0,,2.7,2.7,46.5,46.5,41.4,41.4,4.392375,4.392375,11.7,11.7,0.02,0.02,data_quality_error,data_quality_error,False,False,False,nutrient_value_above_100g,382.2
80761204,Yogurt intero alla vaniglia,,unknown,dairies,"it:Yogurt alla v, en:yogurts",en:france|en:italy,FRANCE|SOUTHERN_EUROPE,https://images.openfoodfacts.org/images/products/000/008/076/1204/front_fr.15.400.jpg,96.0,96.0,3.1,3.1,2.2,2.2,12.8,12.8,13.0,,0.0,0.0,3.1,3.1,0.1,0.1,data_quality_error,data_quality_error,False,False,False,sugars_greater_than_carbohydrates,19.0
80936848,Tic tac strawberry mix goûts duo de fraises,tic tac,tic tac,snacks,"Snacks, Snacks sucrés, Confiseries, Bonbons",en:france|en:israel,FRANCE,https://images.openfoodfacts.org/images/products/000/008/093/6848/front_fr.3.400.jpg,399.0,399.0,0.5,0.5,0.6,,96.5,96.5,91.7,91.7,0.0,0.0,0.0,0.0,0.07,0.07,data_quality_error,data_quality_error,False,False,False,saturated_fat_greater_than_fat,97.0
8410300100928,Sopinstant Crema de Pollo,gallina blanca,gallina blanca,beverages,"Bebidas, Comidas preparadas, Productos deshidratados, Productos deshidratados para ser rehidratados, Sopas, Comidas preparadas deshidratadas, Sopas deshidratadas",en:france|en:spain,FRANCE|SOUTHERN_EUROPE,https://images.openfoodfacts.org/images/products/841/030/010/0928/front_es.76.400.jpg,419.047619047619,419.047619047619,0.0,0.0,4.76190476190476,,61.9047619047619,61.9047619047619,13.3333333333333,13.3333333333333,0.952380952380952,0.952380952380952,7.61904761904762,7.61904761904762,6.19047619047619,6.19047619047619,data_quality_error,data_quality_error,False,False,False,saturated_fat_greater_than_fat,69.52380952380952
8410576001530,Sucette Two to One 25g,two to one,two to one,snacks,"Snacks, Snacks sucrés, Confiseries, Bonbons, Sucettes",en:france,FRANCE,https://images.openfoodfacts.org/images/products/841/057/600/1530/front_fr.8.400.jpg,100.0,100.0,0.0,0.0,0.0,0.0,0.0,0.0,98.0,,0.0,0.0,0.0,0.0,0.0,0.0,data_quality_error,data_quality_error,False,False,False,sugars_greater_than_carbohydrates,0.0
8410956710182,,don juan,don juan,snacks,"Snacks,Snacks sucrés,Biscuits et gâteaux,Biscuits sucrés & biscuits apéritifs,Biscuits,Mantecados et polvorones",en:france,FRANCE,https://images.openfoodfacts.org/images/products/841/095/671/0182/front_fr.3.400.jpg,721.2,721.2,27.0,,9.5,9.5,56.0,,23.0,23.0,3.1,3.1,62.0,,0.006,0.006,data_quality_error,data_quality_error,False,False,False,macros_exceed_100g,145.0
8412438019295,,,unknown,snacks,biscuits,en:france,FRANCE,https://images.openfoodfacts.org/images/products/841/243/801/9295/front_fr.3.400.jpg,531.0,531.0,29.6,29.6,9.1,9.1,54.8,54.8,18.0,18.0,2.8,2.8,9.9,9.9,213.0,,data_quality_error,data_quality_error,False,False,False,nutrient_value_above_100g,94.30000000000001
8413403012044,,lido,lido,snacks,Biscuits,en:united-states,US_CANADA,https://images.openfoodfacts.org/images/products/841/340/301/2044/front_en.3.400.jpg,0.1,0.1,2.5,2.5,2.0,2.0,,,6.0,6.0,0.0,0.0,2.0,2.0,250.0,,data_quality_error,data_quality_error,False,False,False,nutrient_value_above_100g,
8422174025085,Tropicana manzana,tropicana,tropicana,beverages,"Alimentos y bebidas de origen vegetal, Bebidas, Bebidas de origen vegetal, Bebidas a base de frutas, Zumos y néctares, Zumos de frutas, Bebidas no azucaradas, Zumos de manzana",en:france|en:spain,FRANCE|SOUTHERN_EUROPE,https://images.openfoodfacts.org/images/products/842/217/402/5085/front_es.90.400.jpg,115.0,115.0,0.0,0.0,0.046,,28.0,28.0,26.0,26.0,1.5,1.5,0.5,0.5,0.022,0.022,data_quality_error,data_quality_error,False,False,False,saturated_fat_greater_than_fat,28.5
8436048723069,Eau de coco,"naturandina,tesoro natural",naturandina,beverages,"Bebidas y preparaciones de bebidas,Alimentos y bebidas de origen vegetal,Bebidas,Bebidas de origen vegetal,Agua de coco",en:france|en:spain,FRANCE|SOUTHERN_EUROPE,https://images.openfoodfacts.org/images/products/843/604/872/3069/front_fr.15.400.jpg,21.0325047801147,21.0325047801147,0.0,0.0,0.005,,5.2,5.2,5.0,5.0,0.25,0.25,0.0,0.0,0.075,0.075,data_quality_error,data_quality_error,False,False,False,saturated_fat_greater_than_fat,5.2
8437005045613,Yaourt à la pistache,batut atlas,batut atlas,dairies,"Boissons, Produits laitiers, Produits fermentés, Produits laitiers fermentés, Desserts, Desserts lactés, Boissons lactées, Desserts lactés fermentés, Boissons fermentées, Yaourts, Boissons lactées fermentées, Yaourts à boire, Boissons avec sucre ajouté",en:france|en:spain,FRANCE|SOUTHERN_EUROPE,https://images.openfoodfacts.org/images/products/843/700/504/5613/front_fr.9.400.jpg,79.05,79.05,2.97,2.97,1.73,1.73,10.15,10.15,11.62,,,,2.93,2.93,0.03,0.03,data_quality_error,data_quality_error,False,False,False,sugars_greater_than_carbohydrates,16.05
8437025923014,Patatas fritas artesanas,,unknown,snacks,"Alimentos y bebidas de origen vegetal, Alimentos de origen vegetal, Botanas, Cereales y patatas, Snacks salados, Aperitivos, en:Chips and fries, Chips fritos, Chips de patatas fritas",en:france,FRANCE,https://images.openfoodfacts.org/images/products/843/702/592/3014/front_es.8.400.jpg,664.0,664.0,34.0,,4.4,4.4,79.0,,0.0,0.0,5.6,5.6,7.7,,1.8,1.8,data_quality_error,data_quality_error,False,False,False,macros_exceed_100g,120.7
8439000430746,,,unknown,beverages,Lemonade,en:france,FRANCE,https://images.openfoodfacts.org/images/products/843/900/043/0746/front_en.3.400.jpg,45.0,45.0,0.0,0.0,0.0,0.0,8.698,8.698,11.0,,0.0,0.0,0.2834,0.2834,0.0,0.0,data_quality_error,data_quality_error,False,False,False,sugars_greater_than_carbohydrates,8.9814
8445290357687,Toffee Crisp,nestlé,nestle,snacks,"Snacks,Sweet snacks,Cocoa and its products,Confectioneries,Bars,Chocolate candies,Candy chocolate bars",en:united-kingdom,UK_IE,https://images.openfoodfacts.org/images/products/844/529/035/7687/front_en.18.400.jpg,1371.19113573407,,76.1772853185595,76.1772853185595,49.1689750692521,49.1689750692521,132.271468144044,,0.0,0.0,3.46260387811634,3.46260387811634,11.0803324099723,11.0803324099723,0.0,0.0,data_quality_error,data_quality_error,False,False,False,energy_above_900_kcal|nutrient_value_above_100g,219.52908587257582
8445291740334,= NESCAFE GREEN TRIANGLE MOCHA FLAVOUR Quality Str,nescafe,nescafe,beverages,Hot drinks,en:united-kingdom,UK_IE,https://images.openfoodfacts.org/images/products/844/529/174/0334/front_en.5.400.jpg,136.842105263158,136.842105263158,3.50877192982457,3.50877192982457,2.80701754385965,2.80701754385965,5.63333333333333,5.63333333333333,16.6666666666667,,1.40350877192982,1.40350877192982,2.98245614035088,2.98245614035088,0.412280701754387,0.412280701754387,data_quality_error,data_quality_error,False,False,False,sugars_greater_than_carbohydrates,12.12456140350878
8480017092809,Fromage râpé (24% MG) - 100 g - Dia,dia,dia,dairies,"Produits laitiers, Produits fermentés, Produits laitiers fermentés, Fromages, Fromages de vache, Frais, en:cooked-pressed-cheeses, Fromages pasteurisés, Fromages râpés",en:france,FRANCE,https://images.openfoodfacts.org/images/products/848/001/709/2809/front_fr.3.400.jpg,332.0,332.0,24.0,24.0,17.0,17.0,0.0,0.0,4.7922558,,0.0,0.0,29.0,29.0,1.397,1.397,data_quality_error,data_quality_error,False,False,False,sugars_greater_than_carbohydrates,53.0
8480017393029,Petit beurre au chocolat au lait et aux noisettes,dia,dia,snacks,"Snacks,Snacks sucrés,Biscuits et gâteaux,Biscuits,Biscuits au chocolat,Biscuits au chocolat au lait,Biscuits tablette de chocolat,Biscuits tablette de chocolat au lait,Petit beurre au chocolat",en:france,FRANCE,https://images.openfoodfacts.org/images/products/848/001/739/3029/front_fr.9.400.jpg,500.0,500.0,23.2,23.2,13.6,13.6,32.4948,32.4948,36.4,,7.096,7.096,10.707,10.707,0.6,0.6,data_quality_error,data_quality_error,False,False,False,sugars_greater_than_carbohydrates,66.4018
85661103,Light & Free fraise,"danone, light & free",danone,dairies,"Produits laitiers,Produits fermentés,Produits laitiers fermentés,Desserts,Desserts lactés,Desserts lactés fermentés,Desserts lactés fermentés aux fruits,Yaourts,Yaourts aux fruits,Desserts lactés fermentés aux fruits édulcorés sans matière grasse enrichis en vitamine D,Yaourts allégés en matière grasse",en:france,FRANCE,https://images.openfoodfacts.org/images/products/000/008/566/1103/front_fr.3.400.jpg,50.0,50.0,0.05,0.05,0.06,,7.5,7.5,7.1,7.1,,,4.7,4.7,0.18,0.18,data_quality_error,data_quality_error,False,False,False,saturated_fat_greater_than_fat,12.25
8595685206493,Mixitka Cofee & Cashew,mixit,mixit,snacks,"Sweet snacks,Nuts and their products,Bars,Coffees,Nut bars",en:united-kingdom,UK_IE,https://images.openfoodfacts.org/images/products/859/568/520/6493/front_en.3.400.jpg,368.0,368.0,15.0,15.0,27.0,,58.0,58.0,42.0,42.0,6.2,6.2,7.7,7.7,0.0,0.0,data_quality_error,data_quality_error,False,False,False,saturated_fat_greater_than_fat,80.7
8600102164703,nectar de pêche,"nectar, nectar family",nectar,beverages,"Aliments et boissons à base de végétaux, Boissons, Boissons à base de végétaux, Boissons aux fruits, Jus et nectars, Nectars de fruits, Nectars de pêche, Boissons avec sucre ajouté",en:france|en:serbia,FRANCE,https://images.openfoodfacts.org/images/products/860/010/216/4703/front_fr.4.400.jpg,46.0,46.0,0.0,0.0,0.01206,,11.2,11.2,10.4376,10.4376,0.728,0.728,0.2,0.2,0.005015,0.005015,data_quality_error,data_quality_error,False,False,False,saturated_fat_greater_than_fat,11.399999999999999
8606012186132,Rocky Rice Chocolat noir 70%,benlian,benlian,snacks,"Snacks, Sweet snacks, Bars, Cereal bars, Chocolate cereal bars, en:chocolates",en:france,FRANCE,https://images.openfoodfacts.org/images/products/860/601/218/6132/front_fr.19.400.jpg,511.111111111111,511.111111111111,11.6666666666667,11.6666666666667,0.0,0.0,107.222222222222,,46.1111111111111,46.1111111111111,23.3333333333333,23.3333333333333,12.2222222222222,12.2222222222222,0.0,0.0,data_quality_error,data_quality_error,False,False,False,nutrient_value_above_100g,131.11111111111092
8682054501911,Thé d'hiver,,unknown,beverages,"Plant-based foods and beverages, Beverages, Hot beverages, Plant-based beverages, Teas, en:herbal-teas",en:france,FRANCE,https://images.openfoodfacts.org/images/products/868/205/450/1911/front_fr.3.400.jpg,1.0,1.0,0.0,0.0,0.0,0.0,0.0,0.0,0.2,,0.0,0.0,0.1,0.1,0.0,0.0,data_quality_error,data_quality_error,False,False,False,sugars_greater_than_carbohydrates,0.1
8698701041310,The Taste of Dubai,elit,elit,snacks,"Cioccolato-al-latte-ripieno,Cioccolato al latte",en:france,FRANCE,https://images.openfoodfacts.org/images/products/869/870/104/1310/front_en.6.400.jpg,783.0,783.0,33.8,,217.0,,52.7,,39.8,39.8,1.968,1.968,67.0,,0.31,0.31,data_quality_error,data_quality_error,False,False,False,saturated_fat_greater_than_fat|macros_exceed_100g,153.5
8712100837579,Drenar & Tonificar,lipton,lipton,beverages,"Aliments et boissons à base de végétaux, Boissons, Boissons chaudes, Boissons à base de végétaux, Thés, pt:Infusão de ervas aromatizada",en:france,FRANCE,https://images.openfoodfacts.org/images/products/871/210/083/7579/front_fr.12.400.jpg,17.0,17.0,0.0,0.0,0.0,0.0,5e-07,5e-07,0.0005,,,,5e-07,5e-07,0.0,0.0,data_quality_error,data_quality_error,False,False,False,sugars_greater_than_carbohydrates,1e-06
8712800001348,Dubbel vla vanille chocolade,campina,campina,dairies,"Dairies, Desserts, Dairy desserts",en:france,FRANCE,https://images.openfoodfacts.org/images/products/871/280/000/1348/front_en.6.400.jpg,63.3333333333333,63.3333333333333,1.93333333333333,1.93333333333333,1.93333333333333,1.93333333333333,9.33333333333333,9.33333333333333,9.8,,0.0,0.0,2.0,2.0,0.118333333333333,0.118333333333333,data_quality_error,data_quality_error,False,False,False,sugars_greater_than_carbohydrates,13.26666666666666
8714100868447,Lipton petillant,lipton,lipton,beverages,"Beverages, Tea-based beverages, Iced teas",en:belgium|en:france,BENELUX|FRANCE,https://images.openfoodfacts.org/images/products/871/410/086/8447/front_en.6.400.jpg,20.0,20.0,0.0,0.0,0.10000000149012,,4.7,4.7,4.5,4.5,0.0,0.0,0.5,0.5,0.04,0.04,data_quality_error,data_quality_error,False,False,False,saturated_fat_greater_than_fat,5.2
8714599515631,Café,carte noire,carte noire,beverages,"Plant-based foods and beverages, Beverages, Plant-based foods, Coffees, Instant beverages, Instant coffees",en:france|en:morocco,FRANCE,https://images.openfoodfacts.org/images/products/871/459/951/5631/front_en.25.400.jpg,296.0,296.0,0.0,0.0,0.2,,42.6,42.6,0.0,0.0,19.1,19.1,19.4,19.4,0.098,0.098,data_quality_error,data_quality_error,False,False,False,saturated_fat_greater_than_fat,62.0
8718452575404,,jumbo,jumbo,dairies,"Nabiał,Żywność fermentowana,Fermentowane produkty mleczne,Sery,Ser kozi,ser kozi",en:france,FRANCE,https://images.openfoodfacts.org/images/products/871/845/257/5404/front_en.3.400.jpg,276.0,276.0,22.0,22.0,17.0,17.0,3.1,3.1,4.80182,,0.0,0.0,16.5,16.5,1.3,1.3,data_quality_error,data_quality_error,False,False,False,sugars_greater_than_carbohydrates,41.6
8720608005390,infusion verveine menthe,elephant bio,elephant,beverages,"Plant-based foods and beverages, Beverages, Hot beverages, Plant-based beverages, Herbal teas, en:verbena-family",en:france,FRANCE,https://images.openfoodfacts.org/images/products/872/060/800/5390/front_fr.23.400.jpg,1.0,1.0,0.0,0.0,0.0,0.0,0.0,0.0,0.2,,0.0,0.0,0.1,0.1,0.0,0.0,data_quality_error,data_quality_error,False,False,False,sugars_greater_than_carbohydrates,0.1
8720608007424,Yellowlabel,lipton,lipton,beverages,"Plant-based foods and beverages, Beverages, Hot beverages, Plant-based beverages, Teas, Black teas, en:herbal-teas",en:france,FRANCE,https://images.openfoodfacts.org/images/products/872/060/800/7424/front_fr.25.400.jpg,1.0,1.0,0.0,0.0,0.0,0.0,0.0,0.0,0.2,,0.0,0.0,0.1,0.1,0.0,0.0,data_quality_error,data_quality_error,False,False,False,sugars_greater_than_carbohydrates,0.1
8720608025688,Thé vert mangue & abricot,lipton,lipton,beverages,"Boissons et préparations de boissons,Aliments et boissons à base de végétaux,Boissons,Boissons chaudes,Boissons à base de végétaux,Préparations pour boissons,Thés,Thés verts,Infusions",en:france,FRANCE,https://images.openfoodfacts.org/images/products/872/060/802/5688/front_fr.41.400.jpg,4.0,4.0,0.5,0.5,0.1,0.1,0.0,0.0,0.5,,0.0,0.0,0.5,0.5,0.0,0.0,data_quality_error,data_quality_error,False,False,False,sugars_greater_than_carbohydrates,1.0
8721008440545,,,unknown,snacks,"Barres protéinées,Barre énergétique vegan,Barres énergétiques protéinées",en:france,FRANCE,https://images.openfoodfacts.org/images/products/872/100/844/0545/front_en.3.400.jpg,357.0,357.0,15.0,15.0,,,39.0,39.0,32.0,32.0,,,270.0,,1.06,1.06,data_quality_error,data_quality_error,False,False,False,nutrient_value_above_100g,324.0
8721800406138,Original,leerdammer,leerdammer,dairies,"Dairies, Fermented foods, Fermented milk products, Cheeses, en:cow-cheeses",en:france,FRANCE,https://images.openfoodfacts.org/images/products/872/180/040/6138/front_en.3.400.jpg,365.0,365.0,27.5,27.5,18.5,18.5,0.5,0.5,4.819075,,0.0,0.0,26.0,26.0,1.5,1.5,data_quality_error,data_quality_error,False,False,False,sugars_greater_than_carbohydrates,54.0
8850025000026,Refresh Eau de Noix de Coco,ufc,ufc,beverages,"Beverages and beverages preparations, Plant-based foods and beverages, Beverages, Plant-based beverages, Non-alcoholic beverages, Coconut waters",en:canada|en:france|en:germany|en:new-zealand|en:singapore|en:united-kingdom,US_CANADA|FRANCE|DACH|UK_IE,https://images.openfoodfacts.org/images/products/885/002/500/0026/front_en.78.400.jpg,24.0,24.0,0.0,0.0,0.005,,5.6,5.6,4.4,4.4,0.25,0.25,0.0,0.0,0.0573,0.0573,data_quality_error,data_quality_error,False,False,False,saturated_fat_greater_than_fat,5.6
8850161160790,CocoMax 100% Coconut Water,cocomax,cocomax,beverages,"Aliments et boissons à base de végétaux, Boissons, Boissons à base de végétaux, Boissons sans alcool, Boissons sans sucre ajouté, Eaux de coco",en:france|en:reunion|en:singapore,FRANCE,https://images.openfoodfacts.org/images/products/885/016/116/0790/front_en.42.400.jpg,21.2,21.2,0.0,0.0,0.005,,5.32,5.32,4.52,4.52,0.12,0.12,0.0,0.0,0.03,0.03,data_quality_error,data_quality_error,False,False,False,saturated_fat_greater_than_fat,5.32
8850389113219,mogu mogu fraise,"mogu mogu, sappe public company limited",mogu mogu,beverages,Boissons aromatisées,en:france,FRANCE,https://images.openfoodfacts.org/images/products/885/038/911/3219/front_fr.19.400.jpg,36.0,36.0,0.0,0.0,2.0,,8.9,8.9,7.6,7.6,0.0,0.0,0.0,0.0,0.12,0.12,data_quality_error,data_quality_error,False,False,False,saturated_fat_greater_than_fat,8.9
8851013768409,Tipco Veggies Broccoli,tipco,tipco,beverages,"Aliments et boissons à base de végétaux, Boissons, Boissons chaudes, Boissons à base de végétaux, Aliments et boissons à base de légumes, Boissons aux fruits, Jus et nectars, Thés, Boissons aux légumes, Thés verts, Jus de légumes, Jus de fruits, Boissons sans sucre ajouté",en:france,FRANCE,https://images.openfoodfacts.org/images/products/885/101/376/8409/front_fr.4.400.jpg,60.0,60.0,0.378217821782178,0.378217821782178,0.062549504950495,0.062549504950495,6.1330198019802,6.1330198019802,12.0,,5.0,5.0,1.95628712871287,1.95628712871287,0.1125,0.1125,data_quality_error,data_quality_error,False,False,False,sugars_greater_than_carbohydrates,8.467524752475247
8900200025556,Venga Functional infusions Calorie Balance Citron citron vert,,unknown,beverages,Boissons,en:france|en:switzerland,FRANCE|DACH,https://images.openfoodfacts.org/images/products/890/020/002/5556/front_fr.11.400.jpg,2.9,2.9,0.1,0.1,0.1,0.1,0.1,0.1,0.4,,,,0.4,0.4,0.1,0.1,data_quality_error,data_quality_error,False,False,False,sugars_greater_than_carbohydrates,0.6
8901052005222,Quick Chai,tata tea,tata tea,beverages,"Tea bags,Teas,Chaï teas,Ginger tea",en:united-states,US_CANADA,https://images.openfoodfacts.org/images/products/890/105/200/5222/front_en.3.400.jpg,,,0.002,0.002,2.0,,,,,,1.0,1.0,1.0,1.0,0.1375,0.1375,data_quality_error,data_quality_error,False,False,False,saturated_fat_greater_than_fat,
8901063162631,Marie Gold,britannia,britannia,snacks,Biscuits,en:united-kingdom,UK_IE,https://images.openfoodfacts.org/images/products/890/106/316/2631/front_en.3.400.jpg,451.0,451.0,11.8,11.8,5.7,5.7,78.4,78.4,42.8,42.8,,,7.8,7.8,772.0,,data_quality_error,data_quality_error,False,False,False,nutrient_value_above_100g,98.0
8901491435109,Potato chips (Spicy Treat flavour)20rs,uncle chipps,uncle chipps,snacks,"Plant-based foods and beverages, Plant-based foods, Snacks, Cereals and potatoes, Salty snacks, Appetizers, Chips and fries, Crisps, Potato crisps",en:canada|en:india|en:united-states,US_CANADA,https://images.openfoodfacts.org/images/products/890/149/143/5109/front_en.3.400.jpg,670.0,670.0,40.0,,20.0,20.0,70.0,,5.0,5.0,15.0,15.0,10.0,,2.7125,2.7125,data_quality_error,data_quality_error,False,False,False,macros_exceed_100g,120.0
8906112660793,Museli,true elements,true elements,cereals,en:mueslis-with-fruits,en:united-kingdom,UK_IE,https://images.openfoodfacts.org/images/products/890/611/266/0793/front_en.35.400.jpg,1037.25,,21.5,21.5,2.75,2.75,177.75,,27.5,27.5,16.0,16.0,32.75,32.75,1.25,1.25,data_quality_error,data_quality_error,False,False,False,energy_above_900_kcal|nutrient_value_above_100g,232.0
8936010530959,Matcha milk tea,cozy,cozy,beverages,"Aliments et boissons à base de végétaux, Boissons, Boissons chaudes, Boissons à base de végétaux, Thés",en:france,FRANCE,https://images.openfoodfacts.org/images/products/893/601/053/0959/front_fr.3.400.jpg,111.0,111.0,0.0,0.0,0.0,0.0,1.5,1.5,5.7,,,,1.0,1.0,0.0,0.0,data_quality_error,data_quality_error,False,False,False,sugars_greater_than_carbohydrates,2.5
9002100042431,Crème Tiramisù NESTLÉ Docello Etui de 800 g (2 x 400 g) pour 56 portions,"nestlé, docello",nestle,dairies,"Desserts,Snacks sucrés,Desserts lactés,Pâtisseries,Tiramisu",en:france,FRANCE,https://images.openfoodfacts.org/images/products/900/210/004/2431/front_fr.3.400.jpg,640.0,640.0,37.0,,24.0,24.0,69.0,,40.5,40.5,0.5,0.5,6.0,,0.25,0.25,data_quality_error,data_quality_error,False,False,False,macros_exceed_100g,112.0
9003100403727,"Pago Ananas 100%, Einweg, Glasflasche - 0.2L",pago,pago,beverages,Boissons,en:france,FRANCE,https://images.openfoodfacts.org/images/products/900/310/040/3727/front_fr.23.400.jpg,5100.0,,0.0,0.0,0.0,0.0,1100.0,,1100.0,,0.0,0.0,0.0,0.0,0.0,0.0,data_quality_error,data_quality_error,False,False,False,energy_above_900_kcal|nutrient_value_above_100g,1100.0
9008700164788,Rauch phenomenal peach drink,rauch,rauch,beverages,Boissons,en:france,FRANCE,https://images.openfoodfacts.org/images/products/900/870/016/4788/front_fr.4.400.jpg,63.0,63.0,0.4,0.4,0.1,0.1,15.0,15.0,15.5,,,,0.4,0.4,0.003,0.003,data_quality_error,data_quality_error,False,False,False,sugars_greater_than_carbohydrates,15.8
9012300308374,chicorée instantanée,,unknown,beverages,"Boissons et préparations de boissons,Boissons instantanées,Chicorée et café instantané non sucré prête à boire (reconstituée avec du lait demi-écrémé standard)",en:france,FRANCE,https://images.openfoodfacts.org/images/products/901/230/030/8374/front_fr.5.400.jpg,313.0,313.0,0.0005,0.0005,0.005,,0.059,0.059,11.0,,30.0,30.0,3.5,3.5,0.2,0.2,data_quality_error,data_quality_error,False,False,False,sugars_greater_than_carbohydrates|saturated_fat_greater_than_fat,3.5595000000000003
9060261050726,Fromage blanc nature 0%,milsani,milsani,dairies,Fromage blanc,en:france,FRANCE,https://images.openfoodfacts.org/images/products/906/026/105/0726/front_fr.5.400.jpg,54.0,54.0,0.5,0.5,0.2,0.2,5.4,5.4,594.0,,0.5,0.5,6.8,6.8,0.09,0.09,data_quality_error,data_quality_error,False,False,False,sugars_greater_than_carbohydrates,12.7
9200152755211,Pillows Strawberry Flavour,nutri valley,nutri valley,cereals,"en:breakfasts,en:breakfast-cereals,en:extruded-cereals,en:corn-flakes",en:united-states,US_CANADA,https://images.openfoodfacts.org/images/products/920/015/275/5211/front_el.3.400.jpg,430.0,430.0,16.0,16.0,9.0,9.0,210.0,,28.0,28.0,4.66666666666667,4.66666666666667,7.0,7.0,0.666666666666667,0.666666666666667,data_quality_error,data_quality_error,False,False,False,nutrient_value_above_100g,233.0
9256910450126,,,unknown,cereals,Céréales au chocolat,en:france,FRANCE,https://images.openfoodfacts.org/images/products/925/691/045/0126/front_fr.3.400.jpg,453.0,453.0,17.0,17.0,48.0,,62.0,62.0,24.0,24.0,7.6,7.6,9.1,9.1,0.28,0.28,data_quality_error,data_quality_error,False,False,False,saturated_fat_greater_than_fat,88.1
9300605120686,Nesquik Chocolate Milk Flavouring,nestlé,nestle,snacks,"Beverages and beverages preparations,Beverages,Snacks,Sweet snacks,Cocoa and its products,Beverage preparations,Chocolates,Cocoa and chocolate powders,Instant beverages,Chocolate powders",en:australia|en:france|en:mauritius|en:new-zealand,FRANCE,https://images.openfoodfacts.org/images/products/930/060/512/0686/front_en.50.400.jpg,3752.98263356667,,33.0578512396695,33.0578512396695,16.5289256198347,16.5289256198347,818.181818181818,,727.272727272727,,0.0,0.0,41.3223140495868,41.3223140495868,0.206611570247934,0.206611570247934,data_quality_error,data_quality_error,False,False,False,energy_above_900_kcal|nutrient_value_above_100g,892.5619834710743
9300633701284,Apple juice,woolworths,woolworths,beverages,"Boissons et préparations de boissons,Aliments et boissons à base de végétaux,Boissons,Boissons à base de végétaux,Boissons aux fruits,Jus et nectars,Jus de fruits,Boissons sans sucre ajouté,Jus de pomme",en:australia|en:france,FRANCE,https://images.openfoodfacts.org/images/products/930/063/370/1284/front_en.33.400.jpg,44.4,44.4,0.04,0.04,0.045862,,10.52,10.52,3.8,3.8,0.4,0.4,0.4,0.4,0.01,0.01,data_quality_error,data_quality_error,False,False,False,saturated_fat_greater_than_fat,10.959999999999999
9300639151335,Colby Cheese,devondale,devondale,dairies,"Dairy-food,Cheese",en:united-states,US_CANADA,https://images.openfoodfacts.org/images/products/930/063/915/1335/front_en.4.400.jpg,402.0,402.0,34.1,34.1,2302.0,,1.0,1.0,1.0,1.0,,,23.7,23.7,1525.0,,data_quality_error,data_quality_error,False,False,False,nutrient_value_above_100g|saturated_fat_greater_than_fat,58.8
9310055537194,Coco Pops,kellogg's,kellogg's,cereals,"Plant-based foods and beverages,Plant-based foods,Breakfasts,Cereals and potatoes,Cereals and their products,Breakfast cereals,Puffed rice",en:australia|en:france|en:new-zealand,FRANCE,https://images.openfoodfacts.org/images/products/931/005/553/7194/front_en.3.400.jpg,117.0,117.0,0.399,0.399,0.1,0.1,26.19,26.19,35.4368775,,0.501,0.501,1.701,1.701,0.2475,0.2475,data_quality_error,data_quality_error,False,False,False,sugars_greater_than_carbohydrates,28.290000000000003
9311627603767,Crème de coco Ayam™,"ayam, ayam brand",ayam,beverages,"Aliments et boissons à base de végétaux, Boissons, Aliments d'origine végétale, Substituts de produits laitiers, Substituts du lait, Boissons à base de végétaux, Boissons végétales, Crèmes végétales, Crèmes végétales pour cuisiner, Laits et crèmes de coco",en:belgium|en:france,BENELUX|FRANCE,https://images.openfoodfacts.org/images/products/931/162/760/3767/front_fr.8.400.jpg,271.0,271.0,27.1,27.1,25.6,25.6,3.9,3.9,6.22,,9.0,9.0,3.0,3.0,0.0975,0.0975,data_quality_error,data_quality_error,False,False,False,sugars_greater_than_carbohydrates,34.0
9339655002178,Coconut Water,h2coco,h2coco,beverages,"Plant-based foods and beverages, Beverages, Plant-based beverages, Waters, Coconut waters",en:australia|en:france,FRANCE,https://images.openfoodfacts.org/images/products/933/965/500/2178/front_en.31.400.jpg,19.12,19.12,0.0,0.0,0.005,,4.6,4.6,3.4,3.4,0.25,0.25,0.0,0.0,0.077,0.077,data_quality_error,data_quality_error,False,False,False,saturated_fat_greater_than_fat,4.6
9369999603052,Coconut Water,rawsome,rawsome,beverages,"Plant-based foods and beverages,Beverages,Plant-based beverages,Waters,Coconut waters",en:australia|en:france,FRANCE,https://images.openfoodfacts.org/images/products/936/999/960/3052/front_en.61.400.jpg,16.4,16.4,0.0,0.0,0.005,,4.0,4.0,3.0,3.0,0.25,0.25,0.0,0.0,0.095,0.095,data_quality_error,data_quality_error,False,False,False,saturated_fat_greater_than_fat,4.0
9400553453932,Cracker BreadSprouted Rye,huntley & palmers,huntley & palmers,snacks,"snacks, salty-snacks, appetizers, da:crackers",en:france|en:new-zealand,FRANCE,https://images.openfoodfacts.org/images/products/940/055/345/3932/front_en.18.400.jpg,465.5,465.5,15.7,15.7,1.6,1.6,64.2,64.2,2.7,2.7,11.9,11.9,10.9,10.9,520.0,,data_quality_error,data_quality_error,False,False,False,nutrient_value_above_100g,90.80000000000001
9400553455318,Chocolate Fingers,griffin's,griffin's,snacks,"Snacks,Sweet snacks,Biscuits and cakes,Biscuits,Chocolate biscuits",en:france|en:new-zealand,FRANCE,https://images.openfoodfacts.org/images/products/940/055/345/5318/front_fr.21.400.jpg,486.816946764616,486.816946764616,21.0526315789474,21.0526315789474,12.1052631578947,12.1052631578947,216.315789473684,,69.4736842105263,69.4736842105263,0.0,0.0,5.26315789473684,5.26315789473684,1.0,1.0,data_quality_error,data_quality_error,False,False,False,nutrient_value_above_100g,242.63157894736824
9403110062721,Salted Caramel Protein Bar,tasti,tasti,snacks,"Snacks,Sweet snacks,Bars",en:australia|en:france|en:new-zealand,FRANCE,https://images.openfoodfacts.org/images/products/940/311/006/2721/front_en.38.400.jpg,487.5,487.5,61.875,,15.0,15.0,92.5,,46.875,46.875,0.0,0.0,62.5,,2.75,2.75,data_quality_error,data_quality_error,False,False,False,macros_exceed_100g,216.875
9414882456090,Snackachangi Salted Chips,"snackachangi, snackachangi",snackachangi,snacks,en:potato-crisps-in-sunflower-oil,en:france|en:new-zealand,FRANCE,https://images.openfoodfacts.org/images/products/941/488/245/6090/front_en.3.400.jpg,2210.0,,32.4,32.4,2.7,2.7,49.1,49.1,1.8,1.8,240.0,,8.0,8.0,0.985,0.985,data_quality_error,data_quality_error,False,False,False,energy_above_900_kcal|nutrient_value_above_100g,89.5
9504000106003,Sport actif,bb lome sa,bb lome sa,beverages,"Boissons et préparations de boissons,Boissons,Boissons édulcorées,Boissons énergisantes,Boissons avec sucre ajouté,Boisson isotonique,Cannette,Boisson diététique pour le sport",en:france,FRANCE,https://images.openfoodfacts.org/images/products/950/400/010/6003/front_fr.4.400.jpg,108.810034179687,108.810034179687,0.0371875,0.0371875,0.00709375,0.00709375,4.3,4.3,26.5939868164062,,0.0928125,0.0928125,0.0,0.0,0.02286,0.02286,data_quality_error,data_quality_error,False,False,False,sugars_greater_than_carbohydrates,4.3371875
9556041131674,Lait de coco allégé,ayam,ayam,beverages,"Aliments et boissons à base de végétaux, Boissons, Aliments d'origine végétale, Substituts de produits laitiers, Substituts du lait, Boissons à base de végétaux, Boissons végétales, Crèmes végétales, Crèmes végétales pour cuisiner, Laits et crèmes de coco",en:france,FRANCE,https://images.openfoodfacts.org/images/products/955/604/113/1674/front_fr.9.400.jpg,60.0,60.0,5.33333333333333,5.33333333333333,5.33333333333333,5.33333333333333,2.66666666666667,2.66666666666667,6.1578,,8.91,8.91,0.666666666666667,0.666666666666667,0.116666666666667,0.116666666666667,data_quality_error,data_quality_error,False,False,False,sugars_greater_than_carbohydrates,8.666666666666668
