retailer_banner,raw_brand_pattern,canonical_brand,brand_level,market_scope,category_scope,action,notes
Carrefour,simpl,Simpl,private_label_brand,France,food_beverage,confirm,budget tier
Carrefour,carrefour simpl,Simpl,private_label_brand,France,food_beverage,confirm,budget tier with retailer prefix
Carrefour,carrefour discount,Simpl,private_label_brand,France,food_beverage,manual_review,old budget line; review before full confirmation
Carrefour,carrefour classic,Carrefour Classic,private_label_line,France,food_beverage,confirm,core everyday line
Carrefour,carrefour extra,Carrefour Extra,private_label_line,France,food_beverage,confirm,mid-premium line
Carrefour,carrefour bio,Carrefour Bio,private_label_line,France,food_beverage,confirm,organic line
Carrefour,carrefour selection,Carrefour Sélection,private_label_line,France,food_beverage,confirm,premium line
Carrefour,carrefour sélection,Carrefour Sélection,private_label_line,France,food_beverage,confirm,premium line with accent
Carrefour,reflets de france,Reflets de France,private_label_brand,France,food_beverage,confirm,regional heritage line
Carrefour,carrefour reflets de france,Reflets de France,private_label_brand,France,food_beverage,confirm,regional heritage line with retailer prefix
Carrefour,filiere qualite carrefour,Filière Qualité Carrefour,private_label_line,France,food_beverage,confirm,traceability quality line
Carrefour,filière qualité carrefour,Filière Qualité Carrefour,private_label_line,France,food_beverage,confirm,traceability quality line with accents
Carrefour,carrefour filiere qualite carrefour,Filière Qualité Carrefour,private_label_line,France,food_beverage,confirm,traceability quality line with retailer prefix
Carrefour,carrefour filière qualité carrefour,Filière Qualité Carrefour,private_label_line,France,food_beverage,confirm,traceability quality line with accents and retailer prefix
Carrefour,fqc,Filière Qualité Carrefour,private_label_line,France,food_beverage,manual_review,abbreviation; confirm only if examples clearly match Carrefour quality line
Carrefour,carrefour sensation vegetal,Carrefour Sensation VÉGÉtal,private_label_line,France,food_beverage,confirm,plant-based line
Carrefour,carrefour sensation végétal,Carrefour Sensation VÉGÉtal,private_label_line,France,food_beverage,confirm,plant-based line with accents
Carrefour,carrefour sensation,Carrefour Sensation,private_label_line,France,food_beverage,confirm,flavour innovation line
Carrefour,carrefour light,Carrefour Light,private_label_line,France,food_beverage,confirm,dietary line
Carrefour,carrefour original,Carrefour Original,private_label_line,France,food_beverage,confirm,traditional/authentic line
Carrefour,my carrefour baby,My Carrefour Baby,private_label_line,France,food_beverage,confirm,baby range
Carrefour,my carrefour baby 0%,My Carrefour Baby 0%,private_label_line,France,food_beverage,confirm,baby range 0 percent variant
Carrefour,carrefour baby,My Carrefour Baby,private_label_line,France,food_beverage,manual_review,baby range; confirm examples
Carrefour,carrefour kids,Carrefour Kids,private_label_line,France,food_beverage,confirm,kids food and hygiene line
Carrefour,carrefour companino,Carrefour Companino,private_label_line,France,food_beverage,confirm,pet care line
Carrefour,companino,Carrefour Companino,private_label_line,France,food_beverage,confirm,pet care line without retailer prefix
Auchan,auchan,Auchan,private_label_brand,France,food_beverage,confirm,reviewed Auchan France contains-brand extract 2026-08-29; n=3862; example: 1/2 palette demi-sel
Auchan,auchan baby,Auchan Baby,private_label_line,France,food_beverage,confirm,reviewed Auchan France contains-brand extract 2026-08-29; n=2; example: Baby - Crème dessert vanille
Auchan,auchan baby bio,Auchan Baby Bio,private_label_line,France,food_beverage,confirm,reviewed Auchan France contains-brand extract 2026-08-29; n=6; example: Brassé Nature sucré
Auchan,auchan bio,Auchan Bio,private_label_line,France,food_beverage,confirm,reviewed Auchan France contains-brand extract 2026-08-29; n=407; example: 100 % pur jus bio Auchan
Auchan,auchan bio solidaires pour soutenir nos producteurs,Auchan Bio,private_label_line,France,food_beverage,confirm,reviewed Auchan France contains-brand extract 2026-08-29; n=1; example: Lait demi-écrémé
Auchan,auchan collection,Auchan Collection,private_label_line,France,food_beverage,confirm,reviewed Auchan France contains-brand extract 2026-08-29; n=26; example: 100% Pur Jus Orange IGP ValenciaSans sucres ajoutés** Comme tous les jus de fruits. Contient les sucres naturellement pr
Auchan,auchan creme legere fluide 15,Auchan,private_label_brand,France,food_beverage,confirm,reviewed Auchan France contains-brand extract 2026-08-29; n=1; example: Crème légère fluide15% mat. gr.
Auchan,auchan discount,Auchan Discount,private_label_line,France,food_beverage,confirm,reviewed Auchan France contains-brand extract 2026-08-29; n=2; example: Gorgonzola AOP
Auchan,auchan gourmet,Auchan Gourmet,private_label_line,France,food_beverage,confirm,reviewed Auchan France contains-brand extract 2026-08-29; n=109; example: Auchan 100% BRESILFin et douxCapsules aluminium
Auchan,auchan le fromager,Le Fromager Auchan,private_label_line,France,food_beverage,confirm,reviewed Auchan France contains-brand extract 2026-08-29; n=1; example: Parmigiano Reggiano
Auchan,auchan le patissier,Le Pâtissier Auchan,private_label_line,France,food_beverage,confirm,reviewed Auchan France contains-brand extract 2026-08-29; n=2; example: Auchan couronne rois maison
Auchan,auchan mmm,Auchan MMM!,private_label_line,France,food_beverage,confirm,reviewed Auchan France contains-brand extract 2026-08-29; n=7; example: Bleu d'Auvergne
Auchan,auchan pierre chanau,Pierre Chanau,private_label_brand,France,food_beverage,confirm,reviewed Auchan France contains-brand extract 2026-08-29; n=1; example: CHARDONNAY
Auchan,auchan pur arabica degustation,Auchan,private_label_brand,France,food_beverage,confirm,reviewed Auchan France contains-brand extract 2026-08-29; n=1; example: Café moulu
Auchan,auchan vendome,Vendôme,private_label_brand,France,food_beverage,confirm,reviewed Auchan France contains-brand extract 2026-08-29; n=2; example: Lapin chocolat Vendôme
Auchan,croissant auchan,Auchan,private_label_brand,France,food_beverage,confirm,reviewed Auchan France contains-brand extract 2026-08-29; n=1; example: Croissant à la margarine AL tournes il × 4
Auchan,le boulanger auchan,Le Boulanger Auchan,private_label_line,France,food_beverage,confirm,reviewed Auchan France contains-brand extract 2026-08-29; n=1; example: Navettes marseillaises
Auchan,mieux vivre auchan,Mieux Vivre,private_label_brand,France,food_beverage,confirm,reviewed Auchan France contains-brand extract 2026-08-29; n=1; example: Gaufrettes
Auchan,patissier auchan,Le Pâtissier Auchan,private_label_line,France,food_beverage,confirm,reviewed Auchan France contains-brand extract 2026-08-29; n=1; example: Paris Brest
Auchan,pierre chanau auchan,Pierre Chanau,private_label_brand,France,food_beverage,confirm,reviewed Auchan France contains-brand extract 2026-08-29; n=1; example: vin saumur champigny
E.Leclerc,antoine barrier,Antoine Barrier,private_label_line,France,food_beverage,confirm,reviewed E.Leclerc France extract 2026-08-30; n=4; example: Beaujolais nouveau
E.Leclerc,bio village,Bio Village,private_label_brand,France,food_beverage,confirm,reviewed E.Leclerc France extract 2026-08-30; n=582; example:
E.Leclerc,bio village bebe,Bio Village Bébé,private_label_line,France,food_beverage,confirm,reviewed E.Leclerc France extract 2026-08-30; n=2; example: Brassé amande
E.Leclerc,bio village leclerc,Bio Village,private_label_brand,France,food_beverage,confirm,reviewed E.Leclerc France extract 2026-08-30; n=582; example:
E.Leclerc,bio village marque repere,Bio Village,private_label_brand,France,food_beverage,confirm,reviewed E.Leclerc France extract 2026-08-30; n=582; example:
E.Leclerc,chaque jour sans gluten,Chaque Jour Sans Gluten,private_label_line,France,food_beverage,confirm,reviewed E.Leclerc France extract 2026-08-30; n=1; example: Petit beurre sans gluten
E.Leclerc,confiseo,Confiseo,private_label_line,France,food_beverage,confirm,reviewed E.Leclerc France extract 2026-08-30; n=1; example: Bonbons saveur sève de pin
E.Leclerc,copains copines,Copains Copines,private_label_line,France,food_beverage,confirm,reviewed E.Leclerc France extract 2026-08-30; n=3; example:
E.Leclerc,cote snack,Côte Snack,private_label_line,France,food_beverage,confirm,reviewed E.Leclerc France extract 2026-08-30; n=1; example: Cote snack
E.Leclerc,couleurs vives,Couleurs Vives,private_label_line,France,food_beverage,confirm,reviewed E.Leclerc France extract 2026-08-30; n=1; example: Jus Canneberge
E.Leclerc,delisse,Délisse,private_label_line,France,food_beverage,confirm,reviewed E.Leclerc France extract 2026-08-30; n=456; example: Boisson au soja nature brique
E.Leclerc,delisse marque repere,Délisse,private_label_line,France,food_beverage,confirm,reviewed E.Leclerc France extract 2026-08-30; n=456; example: Boisson au soja nature brique
E.Leclerc,desquiles,Desquiles,private_label_line,France,food_beverage,confirm,"reviewed E.Leclerc France extract 2026-08-30; n=1; example: Bière aromatisée Tequila 5,9% vol."
E.Leclerc,douceur du verger,Douceur du Verger,private_label_line,France,food_beverage,confirm,reviewed E.Leclerc France extract 2026-08-30; n=1; example: Pomme vanille
E.Leclerc,eco+,Eco+,private_label_brand,France,food_beverage,confirm,reviewed E.Leclerc France extract 2026-08-30; n=357; example: crème dessert
E.Leclerc,epi dor,Épi d'Or,private_label_line,France,food_beverage,confirm,reviewed E.Leclerc France extract 2026-08-30; n=6; example: Brioche Tressée
E.Leclerc,equador,Equador,private_label_line,France,food_beverage,confirm,reviewed E.Leclerc France extract 2026-08-30; n=14; example: Mousse au chocolat noir sur croustillant au praliné
E.Leclerc,equador marque repere,Equador,private_label_line,France,food_beverage,confirm,reviewed E.Leclerc France extract 2026-08-30; n=14; example: Mousse au chocolat noir sur croustillant au praliné
E.Leclerc,falsbourg,Falsbourg,private_label_line,France,food_beverage,confirm,reviewed E.Leclerc France extract 2026-08-30; n=3; example: Biere sans alcool
E.Leclerc,festalie,Festalie,private_label_line,France,food_beverage,confirm,reviewed E.Leclerc France extract 2026-08-30; n=1; example: Vin rosé sans alcool
E.Leclerc,fresh tea,Fresh Tea,private_label_line,France,food_beverage,confirm,reviewed E.Leclerc France extract 2026-08-30; n=1; example: Thé glacé saveur pêche
E.Leclerc,frucci,Frucci,private_label_line,France,food_beverage,confirm,reviewed E.Leclerc France extract 2026-08-30; n=2; example: Frucci sirop de grenadine
E.Leclerc,grainea,Grainéa,private_label_line,France,food_beverage,confirm,reviewed E.Leclerc France extract 2026-08-30; n=11; example: Flocons d'avoine
E.Leclerc,jafaden,Jafaden,private_label_line,France,food_beverage,confirm,reviewed E.Leclerc France extract 2026-08-30; n=38; example: 100% pur jus d'orange Jafaden Sans pulpe 6x1.5L
E.Leclerc,jafaden marque repere,Jafaden,private_label_line,France,food_beverage,confirm,reviewed E.Leclerc France extract 2026-08-30; n=38; example: 100% pur jus d'orange Jafaden Sans pulpe 6x1.5L
E.Leclerc,jafaden marque repere leclerc,Jafaden,private_label_line,France,food_beverage,confirm,reviewed E.Leclerc France extract 2026-08-30; n=38; example: 100% pur jus d'orange Jafaden Sans pulpe 6x1.5L
E.Leclerc,jafun,Jafun,private_label_line,France,food_beverage,confirm,reviewed E.Leclerc France extract 2026-08-30; n=2; example: jafun tropicale
E.Leclerc,lagoa,Lagoa,private_label_line,France,food_beverage,confirm,reviewed E.Leclerc France extract 2026-08-30; n=1; example: Punch Planteur
E.Leclerc,leclerc jafaden,Jafaden,private_label_line,France,food_beverage,confirm,reviewed E.Leclerc France extract 2026-08-30; n=38; example: 100% pur jus d'orange Jafaden Sans pulpe 6x1.5L
E.Leclerc,leclerc les croises,Les Croisés,private_label_line,France,food_beverage,confirm,reviewed E.Leclerc France extract 2026-08-30; n=87; example: Parmiggiano reggiano 12mois 60g
E.Leclerc,les croises,Les Croisés,private_label_line,France,food_beverage,confirm,reviewed E.Leclerc France extract 2026-08-30; n=87; example: Parmiggiano reggiano 12mois 60g
E.Leclerc,lorigine du gout,L'Origine du Goût,private_label_brand,France,food_beverage,confirm,reviewed E.Leclerc France extract 2026-08-30; n=14; example: Capsules de café Éthiopie compatible espresso
E.Leclerc,marque repere,Marque Repère,private_label_brand,France,food_beverage,confirm,reviewed E.Leclerc France extract 2026-08-30; n=1732; example:
E.Leclerc,marque repere delisse,Délisse,private_label_line,France,food_beverage,confirm,reviewed E.Leclerc France extract 2026-08-30; n=456; example: Boisson au soja nature brique
E.Leclerc,marque repere epi d or,Épi d'Or,private_label_line,France,food_beverage,confirm,reviewed E.Leclerc France extract 2026-08-30; n=6; example: Brioche Tressée
E.Leclerc,marque repere leclerc,Marque Repère,private_label_brand,France,food_beverage,confirm,reviewed E.Leclerc France extract 2026-08-30; n=1732; example:
E.Leclerc,marque repere les croises,Les Croisés,private_label_line,France,food_beverage,confirm,reviewed E.Leclerc France extract 2026-08-30; n=87; example: Parmiggiano reggiano 12mois 60g
E.Leclerc,nos regions ont du talent,Nos Régions ont du Talent,private_label_brand,France,food_beverage,confirm,reviewed E.Leclerc France extract 2026-08-30; n=234; example: Biere Ambree
E.Leclerc,nos regions ont du talent 3 x 35 g,Nos Régions ont du Talent,private_label_brand,France,food_beverage,confirm,reviewed E.Leclerc France extract 2026-08-30; n=234; example: Biere Ambree
E.Leclerc,novotna,Novotna,private_label_line,France,food_beverage,confirm,reviewed E.Leclerc France extract 2026-08-30; n=1; example: Triple distilled Vodka
E.Leclerc,plantation,Plantation,private_label_line,France,food_beverage,confirm,reviewed E.Leclerc France extract 2026-08-30; n=10; example: Café
E.Leclerc,plantation marque repere,Plantation,private_label_line,France,food_beverage,confirm,reviewed E.Leclerc France extract 2026-08-30; n=10; example: Café
E.Leclerc,pomlisse,Pom'Lisse,private_label_line,France,food_beverage,confirm,reviewed E.Leclerc France extract 2026-08-30; n=4; example: Chips Nature Sans Sel Ajouté
E.Leclerc,ptit deli,P'tit Déli,private_label_line,France,food_beverage,confirm,reviewed E.Leclerc France extract 2026-08-30; n=22; example: Blé Miel
E.Leclerc,ptit deli leclerc,P'tit Déli,private_label_line,France,food_beverage,confirm,reviewed E.Leclerc France extract 2026-08-30; n=22; example: Blé Miel
E.Leclerc,rebmann,Rebmann,private_label_line,France,food_beverage,confirm,reviewed E.Leclerc France extract 2026-08-30; n=3; example: crémant d\'alsace
E.Leclerc,recoltons lavenir marque repere,Récoltons l'Avenir,private_label_line,France,food_beverage,confirm,reviewed E.Leclerc France extract 2026-08-30; n=1; example: Jus de tomates
E.Leclerc,repere equador,Equador,private_label_line,France,food_beverage,confirm,reviewed E.Leclerc France extract 2026-08-30; n=14; example: Mousse au chocolat noir sur croustillant au praliné
E.Leclerc,rustica,Rustica,private_label_line,France,food_beverage,confirm,reviewed E.Leclerc France extract 2026-08-30; n=1; example: Jus de citron de sicile
E.Leclerc,soutenons nos agriculteurs,Soutenons nos Agriculteurs,private_label_line,France,food_beverage,confirm,reviewed E.Leclerc France extract 2026-08-30; n=1; example: Crème légère liquide 12%
E.Leclerc,sport marque repere,Sport,private_label_line,France,food_beverage,confirm,reviewed E.Leclerc France extract 2026-08-30; n=2; example: Specialité laitière à boire
E.Leclerc,tables du monde,Tables du Monde,private_label_line,France,food_beverage,confirm,reviewed E.Leclerc France extract 2026-08-30; n=1; example:
E.Leclerc,tablette dor,Tablette d'Or,private_label_line,France,food_beverage,confirm,reviewed E.Leclerc France extract 2026-08-30; n=7; example: Chocolat au lait
E.Leclerc,tablette dor marque repere,Tablette d'Or,private_label_line,France,food_beverage,confirm,reviewed E.Leclerc France extract 2026-08-30; n=7; example: Chocolat au lait
E.Leclerc,tablier blanc,Tablier Blanc,private_label_line,France,food_beverage,confirm,reviewed E.Leclerc France extract 2026-08-30; n=4; example: crème anglaise
E.Leclerc,terrasses dautan,Terrasses d'Autan,private_label_line,France,food_beverage,confirm,reviewed E.Leclerc France extract 2026-08-30; n=2; example: Vin Buzet
E.Leclerc,terrasses dautan cotes de bergerac,Terrasses d'Autan,private_label_line,France,food_beverage,confirm,reviewed E.Leclerc France extract 2026-08-30; n=2; example: Vin Buzet
E.Leclerc,tokapi,Tokapi,private_label_line,France,food_beverage,confirm,reviewed E.Leclerc France extract 2026-08-30; n=6; example: crackers tokapi
E.Leclerc,tokapi marque repere,Tokapi,private_label_line,France,food_beverage,confirm,reviewed E.Leclerc France extract 2026-08-30; n=6; example: crackers tokapi
E.Leclerc,tradizioni ditalia,Tradizioni d'Italia,private_label_brand,France,food_beverage,confirm,"reviewed E.Leclerc France extract 2026-08-30; n=15; example: Burrata con tartufo estivo 2,9%"
E.Leclerc,trium,Trium,private_label_line,France,food_beverage,confirm,reviewed E.Leclerc France extract 2026-08-30; n=1; example: Macarons les surgelés
E.Leclerc,vege marque repere,Végé,private_label_line,France,food_beverage,confirm,reviewed E.Leclerc France extract 2026-08-30; n=1; example: Boisson au soja vanille brique - 1 l PACK
Intermarché,adelie,Adélie,private_label_brand,France,food_beverage,confirm,reviewed Intermarché France extract 2026-08-30; n=28; example: Adélie L'Essentiel Crème glacée vanille le bac de 500
Intermarché,aix les bains,Aix les Bains,private_label_brand,France,food_beverage,confirm,reviewed Intermarché France extract 2026-08-30; n=2; example: Aix Les Bains Eau pack de 6x50cl
Intermarché,bio chabrior,Chabrior,private_label_brand,France,food_beverage,confirm,reviewed Intermarché France extract 2026-08-30; n=1; example: galette bretonne
Intermarché,bio regain,Regain,private_label_brand,France,food_beverage,confirm,reviewed Intermarché France extract 2026-08-30; n=1; example: boisson au soja
Intermarché,bouton dor,Bouton d'Or,private_label_brand,France,food_beverage,confirm,reviewed Intermarché France extract 2026-08-30; n=152; example: Amandes grillées goût fumé
Intermarché,chabrior,Chabrior,private_label_brand,France,food_beverage,confirm,reviewed Intermarché France extract 2026-08-30; n=403; example: flan pâtissier aux oeufs
Intermarché,chabrior bleu blanc coeur,Chabrior,private_label_brand,France,food_beverage,confirm,reviewed Intermarché France extract 2026-08-30; n=1; example: Petit Dej Myrtilles
Intermarché,cigalou,Cigalou,private_label_brand,France,food_beverage,confirm,reviewed Intermarché France extract 2026-08-30; n=1; example: Baies de Genièvre
Intermarché,cotterley,Cotterley,private_label_brand,France,food_beverage,confirm,reviewed Intermarché France extract 2026-08-30; n=57; example: Bio thé vert
Intermarché,cotterley bio,Cotterley,private_label_brand,France,food_beverage,confirm,reviewed Intermarché France extract 2026-08-30; n=1; example: Camomille Matricaire
Intermarché,elodie,Élodie,private_label_brand,France,food_beverage,confirm,reviewed Intermarché France extract 2026-08-30; n=50; example: Rosé Fruité
Intermarché,expert club,Expert Club,private_label_brand,France,food_beverage,confirm,"reviewed Intermarché France extract 2026-08-30; n=153; example: Anjou, Douceur Angevine 2003, Vin Rouge, La Bouteille De"
Intermarché,fiee des lois,Fiée des Lois,private_label_brand,France,food_beverage,confirm,reviewed Intermarché France extract 2026-08-30; n=4; example: Fiée des Lois
Intermarché,fiorini,Fiorini,private_label_brand,France,food_beverage,confirm,reviewed Intermarché France extract 2026-08-30; n=2; example: Parmigiano Reggiano AOP (28% MG)
Intermarché,intermarche itineraire des saveurs,Itinéraire des Saveurs,private_label_brand,France,food_beverage,confirm,reviewed Intermarché France extract 2026-08-30; n=1; example:
Intermarché,intermarche les creations,Les Créations,private_label_brand,France,food_beverage,confirm,reviewed Intermarché France extract 2026-08-30; n=1; example: Chips croustillantes de légumes
Intermarché,intermarche paturages,Pâturages,private_label_brand,France,food_beverage,confirm,reviewed Intermarché France extract 2026-08-30; n=1; example: Yaourt brassé poire vanille BIO
Intermarché,itineraire de nos regions,Itinéraire de nos Régions,private_label_brand,France,food_beverage,confirm,reviewed Intermarché France extract 2026-08-30; n=24; example: Banyuls traditionnel 3ans 16% vol. 75cl
Intermarché,itineraire des saveurs,Itinéraire des Saveurs,private_label_brand,France,food_beverage,confirm,reviewed Intermarché France extract 2026-08-30; n=149; example: Creme de coco
Intermarché,itineraire des saveurs intermarche,Itinéraire des Saveurs,private_label_brand,France,food_beverage,confirm,reviewed Intermarché France extract 2026-08-30; n=1; example: Mozzarella di Bufala Campana AOP
Intermarché,ivoria,Ivoria,private_label_brand,France,food_beverage,confirm,reviewed Intermarché France extract 2026-08-30; n=134; example: Cacao maigre en poudre sucré Intense 32% cacao - 500g
Intermarché,kingsbrau,Kingsbräu,private_label_brand,France,food_beverage,confirm,"reviewed Intermarché France extract 2026-08-30; n=8; example: Biere blonde pur malt sans alcool, 6 x"
Intermarché,la fournee campaniere,La Fournée Campanière,private_label_line,France,food_beverage,confirm,reviewed Intermarché France extract 2026-08-30; n=21; example: Lfc flan x2 320g
Intermarché,les creations,Les Créations,private_label_brand,France,food_beverage,confirm,reviewed Intermarché France extract 2026-08-30; n=30; example: Nectar Abricot PET 1L
Intermarché,les creations ivoria,Les Créations,private_label_brand,France,food_beverage,confirm,reviewed Intermarché France extract 2026-08-30; n=1; example: Tablette dégustation chocolat noir éclats de fèves de cacao & café - 100g
Intermarché,les eleveurs vous disent merci,Les Éleveurs vous disent Merci,private_label_line,France,food_beverage,confirm,reviewed Intermarché France extract 2026-08-30; n=5; example: Beurre
Intermarché,look,Look,private_label_brand,France,food_beverage,confirm,reviewed Intermarché France extract 2026-08-30; n=58; example: Boisson aux fruits Multivitaminés LOOK Fruit'O 4*20cl - P'tits Prods
Intermarché,look zero,Look,private_label_brand,France,food_beverage,confirm,reviewed Intermarché France extract 2026-08-30; n=1; example: Limonade
Intermarché,monique ranou,Monique Ranou,private_label_brand,France,food_beverage,confirm,reviewed Intermarché France extract 2026-08-30; n=15; example: Mozza sticks x10
Intermarché,native,Native,private_label_brand,France,food_beverage,confirm,reviewed Intermarché France extract 2026-08-30; n=2; example: Eau mineral naturelle
Intermarché,odyssee,Odyssée,private_label_brand,France,food_beverage,confirm,reviewed Intermarché France extract 2026-08-30; n=4; example: Apéro'bat
Intermarché,ondine,Ondine,private_label_brand,France,food_beverage,confirm,reviewed Intermarché France extract 2026-08-30; n=17; example: Boisson a l'eau de source
Intermarché,paquito,Paquito,private_label_brand,France,food_beverage,confirm,reviewed Intermarché France extract 2026-08-30; n=252; example: 100 % Pur Jus d'Orange avec Pulpe
Intermarché,paquito intermarche,Paquito,private_label_brand,France,food_beverage,confirm,reviewed Intermarché France extract 2026-08-30; n=1; example: 100% pur jus orange avec pulpe
Intermarché,paturages,Pâturages,private_label_brand,France,food_beverage,confirm,reviewed Intermarché France extract 2026-08-30; n=784; example: Boisson amande bq 1l
Intermarché,paturages bio,Pâturages,private_label_brand,France,food_beverage,confirm,reviewed Intermarché France extract 2026-08-30; n=2; example: Crème dessert au chocolat
Intermarché,paturages bio intermarche,Pâturages,private_label_brand,France,food_beverage,confirm,reviewed Intermarché France extract 2026-08-30; n=1; example: Emmental râpé au lait cru bio
Intermarché,paturages intermarche,Pâturages,private_label_brand,France,food_beverage,confirm,reviewed Intermarché France extract 2026-08-30; n=16; example: Beurre gastronomique Demi-sel
Intermarché,planteur des tropiques,Planteur des Tropiques,private_label_brand,France,food_beverage,confirm,reviewed Intermarché France extract 2026-08-30; n=61; example: 4 Coins du Monde
Intermarché,pommette,Pommette,private_label_brand,France,food_beverage,confirm,reviewed Intermarché France extract 2026-08-30; n=23; example: Lait et céréales arôme vanille 2x250 ml dès 6 mois
Intermarché,producteur et commercants paturages,Pâturages,private_label_brand,France,food_beverage,confirm,reviewed Intermarché France extract 2026-08-30; n=1; example: Roquefort AOP
Intermarché,producteurs et commercants intermarche,Look,private_label_brand,France,food_beverage,confirm,reviewed Intermarché France extract 2026-08-30; n=1; example: Look iced tea
Intermarché,regain,Regain,private_label_brand,France,food_beverage,confirm,reviewed Intermarché France extract 2026-08-30; n=32; example: Amande source de calcium
Intermarché,regain bio,Regain,private_label_brand,France,food_beverage,confirm,reviewed Intermarché France extract 2026-08-30; n=7; example: Jus de pomme
Intermarché,saint eloi,Saint Eloi,private_label_brand,France,food_beverage,confirm,"reviewed Intermarché France extract 2026-08-30; n=12; example: Gaspacho Tomate, Le Pack 1L"
Intermarché,sainte marguerite,Sainte Marguerite,private_label_brand,France,food_beverage,confirm,reviewed Intermarché France extract 2026-08-30; n=10; example: Eau
Intermarché,top budget,Top Budget,private_label_brand,France,food_beverage,confirm,"reviewed Intermarché France extract 2026-08-30; n=139; example: , Sirop de citron, la bouteille de 1 l"
Intermarché,top budget intermarche,Top Budget,private_label_brand,France,food_beverage,confirm,reviewed Intermarché France extract 2026-08-30; n=1; example: Emmental francais
Groupe U,bien vu,Bien Vu!,private_label_brand,France,food_beverage,confirm,reviewed Groupe U France extracts 2026-08-31; n=73; files=group_u_brand_reviewed_france_all_categories.csv
Groupe U,bio u,U Bio,private_label_brand,France,food_beverage,confirm,reviewed Groupe U France extracts 2026-08-31; n=1; files=group_u_brand_reviewed_france_all_categories.csv
Groupe U,cooperative u,U,private_label_brand,France,food_beverage,confirm,reviewed Groupe U France extracts 2026-08-31; n=1; files=group_u_brand_reviewed_france_all_categories.csv
Groupe U,cooperative u enseigne,U,private_label_brand,France,food_beverage,confirm,reviewed Groupe U France extracts 2026-08-31; n=1; files=group_u_brand_reviewed_france_all_categories.csv
Groupe U,danremont,Danremont,private_label_brand,France,food_beverage,confirm,reviewed Groupe U France extracts 2026-08-31; n=20; files=group_u_brand_reviewed_france_all_categories.csv
Groupe U,hyper u,U,private_label_brand,France,food_beverage,confirm,reviewed Groupe U France extracts 2026-08-31; n=13; files=group_u_brand_reviewed_france_all_categories.csv
Groupe U,lait u,U,private_label_brand,France,food_beverage,confirm,reviewed Groupe U France extracts 2026-08-31; n=1; files=group_u_brand_reviewed_france_all_categories.csv
Groupe U,les saveurs u,U Saveurs,private_label_brand,France,food_beverage,confirm,reviewed Groupe U France extracts 2026-08-31; n=1; files=group_u_brand_reviewed_france_all_categories.csv
Groupe U,lorenzini,Lorenzini,private_label_brand,France,food_beverage,confirm,reviewed Groupe U France extracts 2026-08-31; n=2; files=group_u_brand_reviewed_france_all_categories.csv
Groupe U,mac gallagan,Mac Gallagan,private_label_brand,France,food_beverage,confirm,reviewed Groupe U France extracts 2026-08-31; n=1; files=group_u_brand_reviewed_france_all_categories.csv
Groupe U,magasin u,U,private_label_brand,France,food_beverage,confirm,reviewed Groupe U France extracts 2026-08-31; n=4; files=group_u_brand_reviewed_france_all_categories.csv
Groupe U,magasins u,U,private_label_brand,France,food_beverage,confirm,reviewed Groupe U France extracts 2026-08-31; n=3; files=group_u_brand_reviewed_france_all_categories.csv
Groupe U,nor u,U,private_label_brand,France,food_beverage,confirm,reviewed Groupe U France extracts 2026-08-31; n=2; files=group_u_brand_reviewed_france_all_categories.csv
Groupe U,prix mini,Prix Mini,private_label_brand,France,food_beverage,confirm,reviewed Groupe U France extracts 2026-08-31; n=101; files=group_u_prix_mini_reviewed_france_all_categories.csv
Groupe U,saveurs u,U Saveurs,private_label_brand,France,food_beverage,confirm,reviewed Groupe U France extracts 2026-08-31; n=1; files=group_u_brand_reviewed_france_all_categories.csv
Groupe U,selection u,U,private_label_brand,France,food_beverage,confirm,reviewed Groupe U France extracts 2026-08-31; n=2; files=group_u_brand_reviewed_france_all_categories.csv
Groupe U,systeme u,U,private_label_brand,France,food_beverage,confirm,reviewed Groupe U France extracts 2026-08-31; n=9; files=group_u_brand_reviewed_france_all_categories.csv
Groupe U,u,U,private_label_brand,France,food_beverage,confirm,reviewed Groupe U France extracts 2026-08-31; n=3904; files=group_u_brand_reviewed_france_all_categories.csv
Groupe U,u bio,U Bio,private_label_brand,France,food_beverage,confirm,reviewed Groupe U France extracts 2026-08-31; n=590; files=group_u_brand_reviewed_france_all_categories.csv
Groupe U,u bleu blanc coeur,U,private_label_brand,France,food_beverage,confirm,reviewed Groupe U France extracts 2026-08-31; n=1; files=group_u_brand_reviewed_france_all_categories.csv
Groupe U,u de nos regions,U de nos Régions,private_label_brand,France,food_beverage,confirm,reviewed Groupe U France extracts 2026-08-31; n=22; files=group_u_brand_reviewed_france_all_categories.csv
Groupe U,u mat and lou,U Mat & Lou,private_label_brand,France,food_beverage,confirm,reviewed Groupe U France extracts 2026-08-31; n=78; files=group_u_brand_reviewed_france_all_categories.csv
Groupe U,u oxygn,U Oxygn,private_label_brand,France,food_beverage,confirm,reviewed Groupe U France extracts 2026-08-31; n=11; files=group_u_brand_reviewed_france_all_categories.csv
Groupe U,u sans gluten,U Sans Gluten,private_label_brand,France,food_beverage,confirm,reviewed Groupe U France extracts 2026-08-31; n=16; files=group_u_brand_reviewed_france_all_categories.csv
Groupe U,u saveur,U Saveurs,private_label_brand,France,food_beverage,confirm,reviewed Groupe U France extracts 2026-08-31; n=2; files=group_u_brand_reviewed_france_all_categories.csv
Groupe U,u saveurs,U Saveurs,private_label_brand,France,food_beverage,confirm,reviewed Groupe U France extracts 2026-08-31; n=382; files=group_u_brand_reviewed_france_all_categories.csv
Groupe U,u tout petits,U Tout Petits,private_label_brand,France,food_beverage,confirm,reviewed Groupe U France extracts 2026-08-31; n=7; files=group_u_brand_reviewed_france_all_categories.csv
Groupe U,u tout petits bio,U Tout Petits Bio,private_label_brand,France,food_beverage,confirm,reviewed Groupe U France extracts 2026-08-31; n=20; files=group_u_brand_reviewed_france_all_categories.csv
Groupe Casino,bio leader price,Leader Price,private_label_brand,France,food_beverage,confirm,reviewed Groupe Casino France extract 2026-08-31; n=1
Groupe Casino,casino,Casino,private_label_brand,France,food_beverage,confirm,reviewed Groupe Casino France extract 2026-08-31; n=1810
Groupe Casino,casino bio,Casino Bio,private_label_brand,France,food_beverage,confirm,reviewed Groupe Casino France extract 2026-08-31; n=262
Groupe Casino,casino ca vient dici,Casino Ça Vient d'Ici,private_label_brand,France,food_beverage,confirm,reviewed Groupe Casino France extract 2026-08-31; n=44
Groupe Casino,casino delices,Casino Délices,private_label_brand,France,food_beverage,confirm,reviewed Groupe Casino France extract 2026-08-31; n=73
Groupe Casino,casino famili,Casino,private_label_brand,France,food_beverage,confirm,reviewed Groupe Casino France extract 2026-08-31; n=4
Groupe Casino,casino saveurs d ailleurs,Casino Saveurs d'Ailleurs,private_label_brand,France,food_beverage,confirm,reviewed Groupe Casino France extract 2026-08-31; n=1
Groupe Casino,casino saveurs dailleurs,Casino Saveurs d'Ailleurs,private_label_brand,France,food_beverage,confirm,reviewed Groupe Casino France extract 2026-08-31; n=28
Groupe Casino,casino ste fromagere de riom,Casino,private_label_brand,France,food_beverage,confirm,reviewed Groupe Casino France extract 2026-08-31; n=1
Groupe Casino,casino terre and saveurs,Casino Terre & Saveurs,private_label_brand,France,food_beverage,confirm,reviewed Groupe Casino France extract 2026-08-31; n=0
Groupe Casino,club des sommeliers,Club des Sommeliers,private_label_brand,France,food_beverage,confirm,reviewed Groupe Casino France extract 2026-08-31; n=36
Groupe Casino,club des sommeliers a b c chais de st laurent 24100,Club des Sommeliers,private_label_brand,France,food_beverage,confirm,reviewed Groupe Casino France extract 2026-08-31; n=1
Groupe Casino,distribution franprix,Franprix,private_label_brand,France,food_beverage,confirm,reviewed Groupe Casino France extract 2026-08-31; n=4
Groupe Casino,dlp distribution leader price,Leader Price,private_label_brand,France,food_beverage,confirm,reviewed Groupe Casino France extract 2026-08-31; n=5
Groupe Casino,doodingues de casino,Les Doodingues de Casino,private_label_brand,France,food_beverage,confirm,reviewed Groupe Casino France extract 2026-08-31; n=1
Groupe Casino,franprix,Franprix,private_label_brand,France,food_beverage,confirm,reviewed Groupe Casino France extract 2026-08-31; n=785
Groupe Casino,franprix bio,Franprix Bio,private_label_brand,France,food_beverage,confirm,reviewed Groupe Casino France extract 2026-08-31; n=10
Groupe Casino,franprixdistribution franprix,Franprix,private_label_brand,France,food_beverage,confirm,reviewed Groupe Casino France extract 2026-08-31; n=1
Groupe Casino,le prix gagnant leader price,Leader Price,private_label_brand,France,food_beverage,confirm,reviewed Groupe Casino France extract 2026-08-31; n=1
Groupe Casino,le yaourt monoprix,Monoprix,private_label_brand,France,food_beverage,confirm,reviewed Groupe Casino France extract 2026-08-31; n=1
Groupe Casino,leader price,Leader Price,private_label_brand,France,food_beverage,confirm,reviewed Groupe Casino France extract 2026-08-31; n=1892
Groupe Casino,leader price fine ligne,Leader Price,private_label_brand,France,food_beverage,confirm,reviewed Groupe Casino France extract 2026-08-31; n=3
Groupe Casino,leader price fine linge,Leader Price,private_label_brand,France,food_beverage,confirm,reviewed Groupe Casino France extract 2026-08-31; n=1
Groupe Casino,leader price le prix gagnant,Leader Price,private_label_brand,France,food_beverage,confirm,reviewed Groupe Casino France extract 2026-08-31; n=1
Groupe Casino,leader price leaderprice,Leader Price,private_label_brand,France,food_beverage,confirm,reviewed Groupe Casino France extract 2026-08-31; n=1
Groupe Casino,les doodingues de casino,Les Doodingues de Casino,private_label_brand,France,food_beverage,confirm,reviewed Groupe Casino France extract 2026-08-31; n=2
Groupe Casino,marche franprix,Franprix,private_label_brand,France,food_beverage,confirm,reviewed Groupe Casino France extract 2026-08-31; n=28
Groupe Casino,monoprix,Monoprix,private_label_brand,France,food_beverage,confirm,reviewed Groupe Casino France extract 2026-08-31; n=1073
Groupe Casino,monoprix bebe,Monoprix Bébé,private_label_brand,France,food_beverage,confirm,reviewed Groupe Casino France extract 2026-08-31; n=0
Groupe Casino,monoprix bio,Monoprix Bio,private_label_brand,France,food_beverage,confirm,reviewed Groupe Casino France extract 2026-08-31; n=176
Groupe Casino,monoprix bio origines,Monoprix Bio Origines,private_label_brand,France,food_beverage,confirm,reviewed Groupe Casino France extract 2026-08-31; n=8
Groupe Casino,monoprix gourmet,Monoprix Gourmet,private_label_brand,France,food_beverage,confirm,reviewed Groupe Casino France extract 2026-08-31; n=386
Groupe Casino,monoprix gourmetmonoprix,Monoprix Gourmet,private_label_brand,France,food_beverage,confirm,reviewed Groupe Casino France extract 2026-08-31; n=1
Groupe Casino,monoprix ptit prix,Monoprix P'tit Prix,private_label_brand,France,food_beverage,confirm,reviewed Groupe Casino France extract 2026-08-31; n=20
Groupe Casino,monoprix tous cultivacteurs,Monoprix Tous Cultiv'Acteurs,private_label_brand,France,food_beverage,confirm,reviewed Groupe Casino France extract 2026-08-31; n=0
Groupe Casino,naturalia,Naturalia,private_label_brand,France,food_beverage,confirm,reviewed Groupe Casino France extract 2026-08-31; n=148
Groupe Casino,petit casino,Casino,private_label_brand,France,food_beverage,confirm,reviewed Groupe Casino France extract 2026-08-31; n=1
Groupe Casino,sainte maure leader price,Leader Price,private_label_brand,France,food_beverage,confirm,reviewed Groupe Casino France extract 2026-08-31; n=1
Groupe Casino,tous les jours,Tous les Jours,private_label_brand,France,food_beverage,confirm,reviewed Groupe Casino France extract 2026-08-31; n=68
E.Leclerc,aoc leclerc,E.Leclerc,retailer_brand,France,food_beverage,confirm,reviewed E.Leclerc supplemental Leclerc/E.Leclerc orphan extract 2026-08-31; canonical=E.Leclerc; n=1269; example: Conté
E.Leclerc,boulangerie leclerc,E.Leclerc,retailer_brand,France,food_beverage,confirm,reviewed E.Leclerc supplemental Leclerc/E.Leclerc orphan extract 2026-08-31; canonical=E.Leclerc; n=1269; example: Conté
E.Leclerc,brie leclerc,E.Leclerc,retailer_brand,France,food_beverage,confirm,reviewed E.Leclerc supplemental Leclerc/E.Leclerc orphan extract 2026-08-31; canonical=E.Leclerc; n=1269; example: Conté
E.Leclerc,e eleclerc,E.Leclerc,retailer_brand,France,food_beverage,confirm,reviewed E.Leclerc supplemental Leclerc/E.Leclerc orphan extract 2026-08-31; canonical=E.Leclerc; n=1269; example: Conté
E.Leclerc,e. leclerc,E.Leclerc,retailer_brand,France,food_beverage,confirm,reviewed E.Leclerc supplemental Leclerc/E.Leclerc orphan extract 2026-08-31; canonical=E.Leclerc; n=1269; example: Conté
E.Leclerc,e.leclerc,E.Leclerc,retailer_brand,France,food_beverage,confirm,reviewed E.Leclerc supplemental Leclerc/E.Leclerc orphan extract 2026-08-31; canonical=E.Leclerc; n=1269; example: Conté
E.Leclerc,eco leclerc,Eco+,private_label_line,France,food_beverage,confirm,reviewed E.Leclerc supplemental Leclerc/E.Leclerc orphan extract 2026-08-31; canonical=Eco+; n=2; example: Chocolat noir spécial dessert ECO+
E.Leclerc,eco leclerc eco,Eco+,private_label_line,France,food_beverage,confirm,reviewed E.Leclerc supplemental Leclerc/E.Leclerc orphan extract 2026-08-31; canonical=Eco+; n=2; example: Chocolat noir spécial dessert ECO+
E.Leclerc,eleclerc,E.Leclerc,retailer_brand,France,food_beverage,confirm,reviewed E.Leclerc supplemental Leclerc/E.Leclerc orphan extract 2026-08-31; canonical=E.Leclerc; n=1269; example: Conté
E.Leclerc,la boulangerie de leclerc,E.Leclerc,retailer_brand,France,food_beverage,confirm,reviewed E.Leclerc supplemental Leclerc/E.Leclerc orphan extract 2026-08-31; canonical=E.Leclerc; n=1269; example: Conté
E.Leclerc,les 3 meuniers,Les 3 Meuniers,private_label_line,France,food_beverage,confirm,reviewed E.Leclerc supplemental Leclerc/E.Leclerc orphan extract 2026-08-31; canonical=Les 3 Meuniers; n=5; example: Croissants pur beurre 3 Meuniers
E.Leclerc,les 3 meuniers leclerc,Les 3 Meuniers,private_label_line,France,food_beverage,confirm,reviewed E.Leclerc supplemental Leclerc/E.Leclerc orphan extract 2026-08-31; canonical=Les 3 Meuniers; n=5; example: Croissants pur beurre 3 Meuniers
E.Leclerc,nat and vie,Nat&Vie,private_label_line,France,food_beverage,confirm,reviewed E.Leclerc supplemental Leclerc/E.Leclerc orphan extract 2026-08-31; canonical=Nat&Vie; n=1; example: Nat&vie Bio avoine complet
E.Leclerc,nat&vie,Nat&Vie,private_label_line,France,food_beverage,confirm,reviewed E.Leclerc supplemental Leclerc/E.Leclerc orphan extract 2026-08-31; canonical=Nat&Vie; n=1; example: Nat&vie Bio avoine complet
E.Leclerc,plaisir du terroir leclerc,E.Leclerc,retailer_brand,France,food_beverage,confirm,reviewed E.Leclerc supplemental Leclerc/E.Leclerc orphan extract 2026-08-31; canonical=E.Leclerc; n=1269; example: Conté
E.Leclerc,repere leclerc,E.Leclerc,retailer_brand,France,food_beverage,confirm,reviewed E.Leclerc supplemental Leclerc/E.Leclerc orphan extract 2026-08-31; canonical=E.Leclerc; n=1269; example: Conté
Coop,coop,Coop,retailer_brand,France,food_beverage,confirm,reviewed Swiss Coop cleanup 2026-08-31; n=441; Swiss Coop core/masterbrand; keep observed masterbrand.
Coop,coop fine food,Fine Food,private_label_line,France,food_beverage,confirm,reviewed Swiss Coop cleanup 2026-08-31; n=5; Swiss Coop premium private label.
Coop,coop naturalplan,Naturaplan,private_label_line,France,food_beverage,confirm,reviewed Swiss Coop cleanup 2026-08-31; n=2; Typo/alias for Swiss Coop Naturaplan.
Coop,coop naturaplan,Naturaplan,private_label_line,France,food_beverage,confirm,reviewed Swiss Coop cleanup 2026-08-31; n=60; Swiss Coop organic private label.
Coop,coop naturaplan bio,Naturaplan,private_label_line,France,food_beverage,confirm,reviewed Swiss Coop cleanup 2026-08-31; n=8; Bio is redundant because Naturaplan is the organic brand.
Coop,coop prix garantie,Prix Garantie,private_label_line,France,food_beverage,confirm,reviewed Swiss Coop cleanup 2026-08-31; n=12; Swiss Coop entry-price private label.
Coop,coop qualite and prix,Coop Qualité & Prix,private_label_line,France,food_beverage,confirm,reviewed Swiss Coop cleanup 2026-08-31; n=11; Swiss Coop mainstream/core private label.
Coop,coop qualite & prix,Coop Qualité & Prix,private_label_line,France,food_beverage,confirm,reviewed Swiss Coop cleanup 2026-08-31; n=0; Swiss Coop mainstream/core private label.
Coop,coop qualite&prix,Coop Qualité & Prix,private_label_line,France,food_beverage,confirm,reviewed Swiss Coop cleanup 2026-08-31; n=0; Swiss Coop mainstream/core private label.
Migros,anna s best,Anna's Best,private_label_line,France,food_beverage,confirm,reviewed Migros France spillover extract 2026-08-31; n=10; example: Juicy (Avocado-Mint-Pineapple-aloe vera)
Migros,aproz,Aproz,private_label_line,France,food_beverage,confirm,reviewed Migros France spillover extract 2026-08-31; n=7; example: Aproz citron
Migros,blevita,Blévita,private_label_line,France,food_beverage,confirm,reviewed Migros France spillover extract 2026-08-31; n=24; example: Biscuit Choco
Migros,bon chef,Bon Chef,private_label_line,France,food_beverage,confirm,reviewed Migros France spillover extract 2026-08-31; n=1; example: Basler Mehlsuppe
Migros,cafino,Cafino,private_label_line,France,food_beverage,confirm,reviewed Migros France spillover extract 2026-08-31; n=1; example: Cafino en poudre
Migros,cafe royal,Café Royal,private_label_line,France,food_beverage,confirm,reviewed Migros France spillover extract 2026-08-31; n=66; example: Agent's Choice Espresso (limited edition)
Migros,crea d or,Créa d'Or,private_label_line,France,food_beverage,confirm,reviewed Migros France spillover extract 2026-08-31; n=3; example: Florentin
Migros,delizio,Delizio,private_label_line,France,food_beverage,confirm,reviewed Migros France spillover extract 2026-08-31; n=1; example: Tea herbal relax
Migros,farmer,Farmer,private_label_line,France,food_beverage,confirm,reviewed Migros France spillover extract 2026-08-31; n=44; example: Apfel&Zimt
Migros,frey,Frey,private_label_line,France,food_beverage,confirm,reviewed Migros France spillover extract 2026-08-31; n=147; example: Baby Bunny
Migros,m budget,M-Budget,private_label_line,France,food_beverage,confirm,reviewed Migros France spillover extract 2026-08-31; n=39; example: Biscuit double farcits chocolat
Migros,m classic,M-Classic,private_label_line,France,food_beverage,confirm,reviewed Migros France spillover extract 2026-08-31; n=69; example:
Migros,mifroma,Mifroma,private_label_line,France,food_beverage,confirm,reviewed Migros France spillover extract 2026-08-31; n=17; example: Appenzeller
Migros,migros,Migros,retailer_brand,France,food_beverage,confirm,reviewed Migros France spillover extract 2026-08-31; n=213; example:
Migros,migros bio,Migros Bio,private_label_line,France,food_beverage,confirm,reviewed Migros France spillover extract 2026-08-31; n=78; example: Birchermüesli Yogourt
Migros,migros leger,Migros Léger,private_label_line,France,food_beverage,confirm,reviewed Migros France spillover extract 2026-08-31; n=1; example: Paprika Chips
Migros,migros selection,Migros Sélection,private_label_line,France,food_beverage,confirm,reviewed Migros France spillover extract 2026-08-31; n=11; example: Bâtonnets aux noisettes
Migros,oh,Oh!,private_label_line,France,food_beverage,confirm,reviewed Migros France spillover extract 2026-08-31; n=9; example: Oh! Yogurt Greek style
Migros,patissier,Patissier,private_label_line,France,food_beverage,confirm,reviewed Migros France spillover extract 2026-08-31; n=3; example: Carrés de chocolat pour pâtisserie
Migros,sun queen,Sun Queen,private_label_line,France,food_beverage,confirm,reviewed Migros France spillover extract 2026-08-31; n=3; example: Fruits-bars
Migros,v love,V-Love,private_label_line,France,food_beverage,confirm,reviewed Migros France spillover extract 2026-08-31; n=3; example: Boisson bio à base de riz et de purée d‘amandes
Migros,valflora,Valflora,private_label_line,France,food_beverage,confirm,reviewed Migros France spillover extract 2026-08-31; n=19; example: Crème entière
Migros,you,You,private_label_line,France,food_beverage,confirm,"reviewed Migros France spillover extract 2026-08-31; n=26; example: Skyr Icelandic Style , Mangue-Passion"
Dia,dia,Dia,retailer_brand,France,food_beverage,confirm,reviewed Dia France spillover extract 2026-08-31; n=372; example:
Netto,netto,Netto,retailer_brand,France,food_beverage,confirm,reviewed Netto France extract 2026-08-31; n=874; example:
Netto,netto bio,Netto Bio,private_label_line,France,food_beverage,confirm,reviewed Netto France extract 2026-08-31; n=1; example: Petit Beurre bio
Aldi,albona,Albona,private_label_line,France,food_beverage,confirm,reviewed Aldi France extract 2026-08-31; n=7; example: Creme dessert caramel
Aldi,asia green garden,Asia Green Garden,private_label_line,France,food_beverage,confirm,reviewed Aldi France extract 2026-08-31; n=13; example: coconut milk
Aldi,barissimo,Barissimo,private_label_line,France,food_beverage,confirm,reviewed Aldi France extract 2026-08-31; n=8; example:
Aldi,biscotto,Biscotto,private_label_line,France,food_beverage,confirm,reviewed Aldi France extract 2026-08-31; n=74; example:
Aldi,bon ri,Bon-Ri,private_label_line,France,food_beverage,confirm,reviewed Aldi France extract 2026-08-31; n=1; example: Dessert au riz
Aldi,champre,Champré,private_label_line,France,food_beverage,confirm,reviewed Aldi France extract 2026-08-31; n=8; example: Beurre demi-sel gastronomique
Aldi,choceur,Choceur,private_label_line,France,food_beverage,confirm,reviewed Aldi France extract 2026-08-31; n=37; example: Apfel-Märchen
Aldi,chevrefin,Chèvrefin,private_label_line,France,food_beverage,confirm,reviewed Aldi France extract 2026-08-31; n=13; example: Fromage de Chèvre frais
Aldi,clancy s,Clancy's,private_label_line,France,food_beverage,confirm,reviewed Aldi France extract 2026-08-31; n=1; example: Clancy's original veggie chips
Aldi,conquerant,Conquérant,private_label_line,France,food_beverage,confirm,reviewed Aldi France extract 2026-08-31; n=1; example: Les p'tits crémeux
Aldi,cucina,Cucina,private_label_line,France,food_beverage,confirm,reviewed Aldi France extract 2026-08-31; n=13; example: Burratina
Aldi,cucina nobile,Cucina Nobile,private_label_line,France,food_beverage,confirm,reviewed Aldi France extract 2026-08-31; n=5; example: Burrata
Aldi,d antelli,D'Antelli,private_label_line,France,food_beverage,confirm,reviewed Aldi France extract 2026-08-31; n=20; example: Bruschetta ail et basilic
Aldi,desserissimes,Dessérissimes,private_label_line,France,food_beverage,confirm,reviewed Aldi France extract 2026-08-31; n=11; example: Flan Pâtissier
Aldi,emporium,Emporium,private_label_line,France,food_beverage,confirm,reviewed Aldi France extract 2026-08-31; n=1; example: French Camembert
Aldi,folidouss,Folidouss,private_label_line,France,food_beverage,confirm,reviewed Aldi France extract 2026-08-31; n=10; example: Bonbons gout menthe
Aldi,fou d o,Fou d'O,private_label_line,France,food_beverage,confirm,reviewed Aldi France extract 2026-08-31; n=2; example: Eau de source gazéifiée au pamplemousse citron
Aldi,fruima,Fruima,private_label_line,France,food_beverage,confirm,reviewed Aldi France extract 2026-08-31; n=72; example: 100% pur jus multifruits
Aldi,golden bridge,Golden Bridge,private_label_line,France,food_beverage,confirm,reviewed Aldi France extract 2026-08-31; n=69; example:
Aldi,gourmet finest cuisine,Gourmet Finest Cuisine,private_label_line,France,food_beverage,confirm,reviewed Aldi France extract 2026-08-31; n=46; example: Assortiment de biscuits
Aldi,gut bio,GUT bio,private_label_line,France,food_beverage,confirm,reviewed Aldi France extract 2026-08-31; n=3; example: Apfel-Sanddorn-Saft / Apfel-Birnen-Saft
Aldi,holy fruits,Holy Fruits,private_label_line,France,food_beverage,confirm,reviewed Aldi France extract 2026-08-31; n=14; example: Anemone
Aldi,isaura,Isaura,private_label_line,France,food_beverage,confirm,reviewed Aldi France extract 2026-08-31; n=56; example: Chocolat au lait Céréales croustillantes
Aldi,knusperone,Knusperone,private_label_line,France,food_beverage,confirm,reviewed Aldi France extract 2026-08-31; n=3; example: Müsliriegel - Dunkle Schoko
Aldi,la cuisine des saveurs,La Cuisine des Saveurs,private_label_line,France,food_beverage,confirm,reviewed Aldi France extract 2026-08-31; n=1; example: 30 mini feuilletés apéritifs 5 variétés
Aldi,le cavalier,Le Cavalier,private_label_line,France,food_beverage,confirm,reviewed Aldi France extract 2026-08-31; n=77; example: 4 chèvre chauds
Aldi,le paturon,Le Paturon,private_label_line,France,food_beverage,confirm,reviewed Aldi France extract 2026-08-31; n=19; example: Camembert
Aldi,les jardins de laylah,Les Jardins de Laylah,private_label_line,France,food_beverage,confirm,reviewed Aldi France extract 2026-08-31; n=5; example: Baklawas cacahuètes
Aldi,les legendaires,Les Légendaires,private_label_line,France,food_beverage,confirm,reviewed Aldi France extract 2026-08-31; n=1; example: coq au vin de bergerac
Aldi,les malins plaisirs,Les Malins Plaisirs,private_label_line,France,food_beverage,confirm,reviewed Aldi France extract 2026-08-31; n=26; example: Mini cookies aux pépites de chocolat
Aldi,les patissades,Les Pâtissades,private_label_line,France,food_beverage,confirm,reviewed Aldi France extract 2026-08-31; n=34; example:
Aldi,mannapain,Mannapain,private_label_line,France,food_beverage,confirm,reviewed Aldi France extract 2026-08-31; n=7; example: Pains au chocolat pret a cuire
Aldi,meine kuchenwelt,Meine Kuchenwelt,private_label_line,France,food_beverage,confirm,reviewed Aldi supplemental France extract 2026-08-31; n=1; example: Frischei-Waffeln - Puderzucker
Aldi,meine kasetheke,Meine Käsetheke,private_label_line,France,food_beverage,confirm,reviewed Aldi France extract 2026-08-31; n=1; example: ALDI MEINE KÄSETHEKE Käse Österreichische Käsespezialität Tiroler Bergzirler 200g Aus der Kühlung 2.49€ 1 Stück 1kg 14.9
Aldi,mes p tits secrets,Mes P'tits Secrets,private_label_line,France,food_beverage,confirm,reviewed Aldi supplemental France extract 2026-08-31; n=6; example: Biscuits à Croquer Noisettes
Aldi,mike mitchell s,Mike Mitchell's,private_label_line,France,food_beverage,confirm,"reviewed Aldi France extract 2026-08-31; n=1; example: Muffin, Schokolade"
Aldi,milsa,Milsa,private_label_line,France,food_beverage,confirm,reviewed Aldi supplemental France extract 2026-08-31; n=62; example: Bifidus nature
Aldi,milsactiv,Milsactiv,private_label_line,France,food_beverage,confirm,reviewed Aldi France extract 2026-08-31; n=1; example: Bifidus Yoghurt 4 Cups x 125 Gram (milsactiv)
Aldi,milsani,Milsani,private_label_line,France,food_beverage,confirm,reviewed Aldi France extract 2026-08-31; n=208; example: 4 chèvres chauds
Aldi,monarc,Monarc,private_label_line,France,food_beverage,confirm,reviewed Aldi France extract 2026-08-31; n=18; example: ABC
Aldi,moser roth,Moser Roth,private_label_line,France,food_beverage,confirm,reviewed Aldi France extract 2026-08-31; n=46; example: Caramel & Sea salt Milk Chocolate
Aldi,nature active bio,Nature Active Bio,private_label_line,France,food_beverage,confirm,reviewed Aldi France extract 2026-08-31; n=1; example: Biscuits à l'Avoine Bio
Aldi,oster phantasie,Oster Phantasie,private_label_line,France,food_beverage,confirm,reviewed Aldi France extract 2026-08-31; n=2; example: Choco-Freunde - Marienkäfer
Aldi,pays gourmand,Pays Gourmand,private_label_line,France,food_beverage,confirm,reviewed Aldi France extract 2026-08-31; n=74; example: Beaufort au lait crû
Aldi,petit choisi,Petit Choisi,private_label_line,France,food_beverage,confirm,reviewed Aldi France extract 2026-08-31; n=12; example: Biscuits petit beurre et chocolat lait choco duo
Aldi,petit pre,Petit Pré,private_label_line,France,food_beverage,confirm,reviewed Aldi France extract 2026-08-31; n=5; example: Dés de fromage Ail et fines herbes
Aldi,pirato,Pirato,private_label_line,France,food_beverage,confirm,reviewed Aldi France extract 2026-08-31; n=1; example: Chips Salées
Aldi,rio d oro,Rio d'Oro,private_label_line,France,food_beverage,confirm,reviewed Aldi France extract 2026-08-31; n=37; example: 100 % pur jus d'orange avec pulpe
Aldi,rocheval,Rocheval,private_label_line,France,food_beverage,confirm,reviewed Aldi France extract 2026-08-31; n=11; example:
Aldi,roi de trefle,Roi de Trèfle,private_label_line,France,food_beverage,confirm,reviewed Aldi France extract 2026-08-31; n=2; example: Zarte scheiben
Aldi,san fabio,San Fabio,private_label_line,France,food_beverage,confirm,reviewed Aldi France extract 2026-08-31; n=1; example: Cotes du rhones
Aldi,simplement bon et bio,Simplement Bon et Bio,private_label_line,France,food_beverage,confirm,reviewed Aldi France extract 2026-08-31; n=46; example: Bière blonde sans gluten
Aldi,specially selected,Specially Selected,private_label_line,France,food_beverage,confirm,reviewed Aldi France extract 2026-08-31; n=11; example: All Butter Shortbread Fingers
Aldi,sun snacks,Sun Snacks,private_label_line,France,food_beverage,confirm,reviewed Aldi France extract 2026-08-31; n=18; example:
Aldi,sweet valley,Sweet Valley,private_label_line,France,food_beverage,confirm,reviewed Aldi France extract 2026-08-31; n=1; example: Zitronensaft Aus Konzentrat
Aldi,tante odile,Tante Odile,private_label_line,France,food_beverage,confirm,reviewed Aldi supplemental France extract 2026-08-31; n=32; example: 10 Gaufres Fourrage Goût Caramel
Aldi,trader joe s,Trader Joe's,private_label_line,France,food_beverage,confirm,reviewed Aldi France extract 2026-08-31; n=110; example: Chocolate chip cookies
Aldi,ursi,Ursi,private_label_line,France,food_beverage,confirm,reviewed Aldi supplemental France extract 2026-08-31; n=18; example: Crème dessert chocolat
Aldi,valerie,Valérie,private_label_line,France,food_beverage,confirm,reviewed Aldi supplemental France extract 2026-08-31; n=3; example: Soft wafels
Aldi,veritable delice,Véritable Délice,private_label_line,France,food_beverage,confirm,reviewed Aldi France extract 2026-08-31; n=25; example: Langue de Chat
Aldi,biscuits poult,Mes P'tits Secrets,private_label_line,France,food_beverage,confirm,reviewed Aldi supplemental France extract 2026-08-31; n=2; example: Sablés - chocolat au lait
Aldi,csm bakery solutions,Meine Kuchenwelt,private_label_line,France,food_beverage,confirm,reviewed Aldi supplemental France extract 2026-08-31; n=1; example: Cookies Milk Chocolate
Aldi,golden power,Golden Power,private_label_line,France,food_beverage,confirm,reviewed Aldi supplemental France extract 2026-08-31; n=2; example: Golden Power Energy
Aldi,happy end,P'tit Ursi,private_label_line,France,food_beverage,confirm,"reviewed Aldi supplemental France extract 2026-08-31; n=1; example: 12 tubes fromage blanc fruits : fraise, framboise, abricot"
Aldi,jean giner,Jean Giner,private_label_line,France,food_beverage,confirm,reviewed Aldi supplemental France extract 2026-08-31; n=2; example: vin
Aldi,l n u f,Ursi,private_label_line,France,food_beverage,confirm,reviewed Aldi supplemental France extract 2026-08-31; n=1; example: Ile flotante sur créme anglaise
Aldi,lnuf ladhuie distribution,Ursi,private_label_line,France,food_beverage,confirm,reviewed Aldi supplemental France extract 2026-08-31; n=1; example: Gâteau de Riz sur Lit de Caramel
Aldi,mes ptits secrets,Mes P'tits Secrets,private_label_line,France,food_beverage,confirm,reviewed Aldi supplemental France extract 2026-08-31; n=16; example: 12 Palmiers
Aldi,milchfrisch,Milsa,private_label_line,France,food_beverage,confirm,reviewed Aldi supplemental France extract 2026-08-31; n=1; example: Mousse de fromage frais sur lit de Framboise
Aldi,mucci,Mucci,private_label_line,France,food_beverage,confirm,reviewed Aldi supplemental France extract 2026-08-31; n=7; example: Cœur fondant chocolat
Aldi,p tit ursi,P'tit Ursi,private_label_line,France,food_beverage,confirm,reviewed Aldi supplemental France extract 2026-08-31; n=1; example: Petit URSI
Aldi,ptit ursi,P'tit Ursi,private_label_line,France,food_beverage,confirm,reviewed Aldi supplemental France extract 2026-08-31; n=6; example: Dessert lacté au chocolat
Aldi,westminster,Westminster,private_label_line,France,food_beverage,confirm,reviewed Aldi supplemental France extract 2026-08-31; n=15; example:
Aldi,westminster tea,Westminster,private_label_line,France,food_beverage,confirm,reviewed Aldi supplemental France extract 2026-08-31; n=9; example:
Lidl,1001 delights,1001 Delights,private_label_line,France,food_beverage,confirm,reviewed Lidl France locked extract 2026-08-31; n=8; example: Turkkilainen jogurtti 10%
Lidl,1001 delights lidl,1001 Delights,private_label_line,France,food_beverage,confirm,reviewed Lidl France locked extract 2026-08-31; n=1; example: Cornes De Gazelles
Lidl,a dohrn and a timm,Solevita,private_label_line,France,food_beverage,confirm,reviewed Lidl France locked extract 2026-08-31; n=1; example: Bio Apfelsaft Naturtrüb
Lidl,abbaye de vauclair,Abbaye de Vauclair,private_label_line,France,food_beverage,confirm,reviewed Lidl France locked extract 2026-08-31; n=13; example: Bière abbaye de vauclair
Lidl,af deutschland,Milbona,private_label_line,France,food_beverage,confirm,reviewed Lidl France locked extract 2026-08-31; n=1; example: Formaggio fresco free from lattosio
Lidl,alesto,Alesto,private_label_line,France,food_beverage,confirm,reviewed Lidl France locked extract 2026-08-31; n=59; example: La Gazouz blanche
Lidl,allini,Allini,private_label_line,France,food_beverage,confirm,reviewed Lidl France locked extract 2026-08-31; n=1; example: prosecco superiore DOCG
Lidl,alpen fest,Alpenfest,private_label_line,France,food_beverage,confirm,reviewed Lidl France locked extract 2026-08-31; n=2; example: Stick & Bretzels
Lidl,alpenfest,Alpenfest,private_label_line,France,food_beverage,confirm,reviewed Lidl France locked extract 2026-08-31; n=3; example: Bircher Muesli Yogurt Alpengut
Lidl,alpenfest style,Harvest Basket,private_label_line,France,food_beverage,confirm,reviewed Lidl France locked extract 2026-08-31; n=3; example:
Lidl,amanie,Amanie,private_label_line,France,food_beverage,confirm,reviewed Lidl France locked extract 2026-08-31; n=15; example: Smarties
Lidl,amanie lidl,Amanie,private_label_line,France,food_beverage,confirm,reviewed Lidl France locked extract 2026-08-31; n=2; example: Menthol
Lidl,amanienord fresh,Nordfresh,private_label_line,France,food_beverage,confirm,reviewed Lidl France locked extract 2026-08-31; n=1; example: Bonbons à l'eucalyptus
Lidl,armilar,Armilar,private_label_line,France,food_beverage,confirm,reviewed Lidl France locked extract 2026-08-31; n=2; example: Alkohol Amaretto
Lidl,avena cerealien,Crownfield,private_label_line,France,food_beverage,confirm,reviewed Lidl France locked extract 2026-08-31; n=1; example: Zarte Haferflocken XXL
Lidl,belbake,Belbake,private_label_line,France,food_beverage,confirm,reviewed Lidl France locked extract 2026-08-31; n=15; example:
Lidl,belgian style,Sondey,private_label_line,France,food_beverage,confirm,reviewed Lidl France locked extract 2026-08-31; n=1; example: Gewürzkuchen mit Honig
Lidl,bellarom,Bellarom,private_label_line,France,food_beverage,confirm,reviewed Lidl France locked extract 2026-08-31; n=110; example: Bellarom Selection Café soluble
Lidl,bio organic,Milbona,private_label_line,France,food_beverage,confirm,reviewed Lidl France locked extract 2026-08-31; n=1; example: Mozzarella di Bufala Campana D.O.P.
Lidl,biotrend,Biotrend,private_label_line,France,food_beverage,confirm,reviewed Lidl France locked extract 2026-08-31; n=3; example: Bio Pomidor i warzywa
Lidl,biscuit international,Favorina,private_label_line,France,food_beverage,confirm,reviewed Lidl France locked extract 2026-08-31; n=1; example: Schoko-Lebkuchen Vollmilch
Lidl,biscuiterie de labbaye,Sondey,private_label_line,France,food_beverage,confirm,reviewed Lidl France locked extract 2026-08-31; n=1; example: Organic Sesame Biscuits
Lidl,bon gelati,Bon Gelati,private_label_line,France,food_beverage,confirm,reviewed Lidl France locked extract 2026-08-31; n=2; example: Bon Gelati Eiscreme mit Schlagsahne
Lidl,bonifaz kohler,Milbona,private_label_line,France,food_beverage,confirm,reviewed Lidl France locked extract 2026-08-31; n=1; example: Dès de fromage aux herbes
Lidl,brandt schokoladen,Favorina,private_label_line,France,food_beverage,confirm,reviewed Lidl France locked extract 2026-08-31; n=5; example: Edel-Vollmilchschokolade
Lidl,carabbean style cheesecake,Caribbean Style,private_label_line,France,food_beverage,confirm,reviewed Lidl France locked extract 2026-08-31; n=1; example: Passion fruit - Cheese cake
Lidl,catago,Catago,private_label_line,France,food_beverage,confirm,reviewed Lidl France locked extract 2026-08-31; n=8; example: Truffino chocolat noir
Lidl,certossa,Certossa,private_label_line,France,food_beverage,confirm,reviewed Lidl France locked extract 2026-08-31; n=2; example: Naturel crackers
Lidl,chef select,Chef Select,private_label_line,France,food_beverage,confirm,"reviewed Lidl France locked extract 2026-08-31; n=8; example: Smoothie, Banane, Raisin, Canneberges, Grenade, Açaï"
Lidl,chef select to go,Chef Select To Go,private_label_line,France,food_beverage,confirm,reviewed Lidl France locked extract 2026-08-31; n=10; example: Frullato ananas banana cocco mango
Lidl,chef to go select,Chef Select To Go,private_label_line,France,food_beverage,confirm,reviewed Lidl France locked extract 2026-08-31; n=1; example: Latte Capuccino
Lidl,chene d argent,Chêne d'Argent,private_label_line,France,food_beverage,confirm,reviewed Lidl France locked extract 2026-08-31; n=1; example: Le Cremeux Cremig-würzig
Lidl,chene dargent,Chêne d'Argent,private_label_line,France,food_beverage,confirm,reviewed Lidl France locked extract 2026-08-31; n=31; example: Le fromage doux
Lidl,chene dargent lidl,Chêne d'Argent,private_label_line,France,food_beverage,confirm,reviewed Lidl France locked extract 2026-08-31; n=2; example: Bio emmental français au lait cru
Lidl,choco nussa,Choco Nussa,private_label_line,France,food_beverage,confirm,reviewed Lidl France locked extract 2026-08-31; n=2; example: Choco Nussa To Go!
Lidl,christkindl,Christkindl,private_label_line,France,food_beverage,confirm,reviewed Lidl France locked extract 2026-08-31; n=1; example: Christkindl Glühwein
Lidl,combino,Combino,private_label_line,France,food_beverage,confirm,reviewed Lidl France locked extract 2026-08-31; n=2; example: Chocolat Pantagruel
Lidl,conditess,Favorina,private_label_line,France,food_beverage,confirm,reviewed Lidl France locked extract 2026-08-31; n=4; example: Butter-Mandel Stollen
Lidl,conditess feine kuchen gmbh,Confiserie Firenze,private_label_line,France,food_beverage,confirm,reviewed Lidl France locked extract 2026-08-31; n=1; example:
Lidl,confiserie firenze,Confiserie Firenze,private_label_line,France,food_beverage,confirm,reviewed Lidl France locked extract 2026-08-31; n=21; example: 6 Mini Sponge Bases
Lidl,cote pains,Côté Pains,private_label_line,France,food_beverage,confirm,reviewed Lidl France locked extract 2026-08-31; n=2; example: Galette des rois
Lidl,crownfield,Crownfield,private_label_line,France,food_beverage,confirm,reviewed Lidl France locked extract 2026-08-31; n=163; example:
Lidl,crusti croc,Crusti Croc,private_label_line,France,food_beverage,confirm,reviewed Lidl France locked extract 2026-08-31; n=11; example:
Lidl,crusti frais,Crusti Frais,private_label_line,France,food_beverage,confirm,reviewed Lidl France locked extract 2026-08-31; n=2; example: 2 Croissants
Lidl,deutsche markenbutter,Lidl,retailer_brand,France,food_beverage,confirm,reviewed Lidl France locked extract 2026-08-31; n=1; example: Beurre Doux 250g 82% Fett
Lidl,dolcissimo,Dolcissimo,private_label_line,France,food_beverage,confirm,"reviewed Lidl France locked extract 2026-08-31; n=1; example: Panna Cotta, sauce caramel"
Lidl,dor,DOR,private_label_line,France,food_beverage,confirm,reviewed Lidl France locked extract 2026-08-31; n=7; example: Trufas DOR
Lidl,duc de coeur,Duc de Cœur,private_label_line,France,food_beverage,confirm,reviewed Lidl France locked extract 2026-08-31; n=1; example: Soft cheese duo
Lidl,el tequito,El Tequito,private_label_line,France,food_beverage,confirm,reviewed Lidl France locked extract 2026-08-31; n=12; example: Bière
Lidl,emmi,Italiamo,private_label_line,France,food_beverage,confirm,reviewed Lidl France locked extract 2026-08-31; n=1; example: Baba au Rhum
Lidl,envia,Envia,private_label_line,France,food_beverage,confirm,reviewed Lidl France locked extract 2026-08-31; n=333; example: Beurre doux Bio
Lidl,eridanous,Eridanous,private_label_line,France,food_beverage,confirm,reviewed Lidl France locked extract 2026-08-31; n=37; example: Feta
Lidl,etoile dor,Étoile d'Or,private_label_line,France,food_beverage,confirm,reviewed Lidl France locked extract 2026-08-31; n=137; example: Emmental Français Râpé (28 % MG)
Lidl,etoile dor de lidl,Étoile d'Or,private_label_line,France,food_beverage,confirm,reviewed Lidl France locked extract 2026-08-31; n=2; example: Emmental français
Lidl,fairglobe,Fairglobe,private_label_line,France,food_beverage,confirm,reviewed Lidl France locked extract 2026-08-31; n=11; example: Bio Organic Earl Grey - té negro Tee
Lidl,favorina,Favorina,private_label_line,France,food_beverage,confirm,reviewed Lidl France locked extract 2026-08-31; n=224; example:
Lidl,favorina chocolat de tradition,Favorina,private_label_line,France,food_beverage,confirm,reviewed Lidl France locked extract 2026-08-31; n=1; example: Oeuf Gourmand
Lidl,favorini,Favorina,private_label_line,France,food_beverage,confirm,reviewed Lidl France locked extract 2026-08-31; n=1; example: Gaufrettes à la vanille
Lidl,favorisant lidl,Favorina,private_label_line,France,food_beverage,confirm,reviewed Lidl France locked extract 2026-08-31; n=1; example: Pates de fruit Favorina
Lidl,fin carre,Fin Carré,private_label_line,France,food_beverage,confirm,reviewed Lidl France locked extract 2026-08-31; n=54; example:
Lidl,finkbrau,Finkbräu,private_label_line,France,food_beverage,confirm,reviewed Lidl France locked extract 2026-08-31; n=1; example: Bière
Lidl,firenze,Firenze,private_label_line,France,food_beverage,confirm,reviewed Lidl France locked extract 2026-08-31; n=2; example: 6 mini sponge cake bases
Lidl,flamische keksfabrik,Sondey,private_label_line,France,food_beverage,confirm,reviewed Lidl France locked extract 2026-08-31; n=3; example: Doppelkekse Kakao
Lidl,freeway,Freeway,private_label_line,France,food_beverage,confirm,reviewed Lidl France locked extract 2026-08-31; n=84; example:
Lidl,freshona,Freshona,private_label_line,France,food_beverage,confirm,reviewed Lidl France locked extract 2026-08-31; n=11; example:
Lidl,fromagerie chabert,Saveurs de nos Régions,private_label_line,France,food_beverage,confirm,reviewed Lidl France locked extract 2026-08-31; n=1; example: Cœur de Savoie au lait cru
Lidl,fromagerie de livarot,Saveurs de nos Régions,private_label_line,France,food_beverage,confirm,reviewed Lidl France locked extract 2026-08-31; n=1; example: Pont-l'évêque
Lidl,gelatelli,Gelatelli,private_label_line,France,food_beverage,confirm,reviewed Lidl France locked extract 2026-08-31; n=8; example: Bio Datteln getrocknet
Lidl,georg parlasca keksfabrik,Lupilu,private_label_line,France,food_beverage,confirm,reviewed Lidl France locked extract 2026-08-31; n=1; example: Apple biscuits
Lidl,goldessa,Goldessa,private_label_line,France,food_beverage,confirm,reviewed Lidl France locked extract 2026-08-31; n=4; example: Dés Basilic & Ciboulette
Lidl,goody cao,Goody Cao,private_label_line,France,food_beverage,confirm,reviewed Lidl France locked extract 2026-08-31; n=2; example: Goody Cao
Lidl,grafschafter,Grafschafter,private_label_line,France,food_beverage,confirm,reviewed Lidl France locked extract 2026-08-31; n=2; example: Pains au Lait
Lidl,granarolo,Saveurs de nos Régions,private_label_line,France,food_beverage,confirm,reviewed Lidl France locked extract 2026-08-31; n=1; example: Saint marcellin
Lidl,granarom,GranArom,private_label_line,France,food_beverage,confirm,reviewed Lidl France locked extract 2026-08-31; n=4; example: Chicorée café
Lidl,hatherwood,Hatherwood,private_label_line,France,food_beverage,confirm,reviewed Lidl France locked extract 2026-08-31; n=8; example: Shortbread Fingers
Lidl,hellenic dairies,Milbona,private_label_line,France,food_beverage,confirm,reviewed Lidl France locked extract 2026-08-31; n=1; example: Bio Feta
Lidl,hermann pf getranke,Solevita,private_label_line,France,food_beverage,confirm,reviewed Lidl France locked extract 2026-08-31; n=1; example: 100% pur jus gingembre & citron
Lidl,inter biscuits,Sondey,private_label_line,France,food_beverage,confirm,reviewed Lidl France locked extract 2026-08-31; n=3; example: Choco Wafer Röllchen Vollmilch
Lidl,isigny sainte mere,Saveurs de nos Régions,private_label_line,France,food_beverage,confirm,reviewed Lidl France locked extract 2026-08-31; n=1; example: Mimolette vieille
Lidl,italiamo,Italiamo,private_label_line,France,food_beverage,confirm,reviewed Lidl France locked extract 2026-08-31; n=84; example: Infusion aromatisée citron & miel
Lidl,j d gross,J.D. Gross,private_label_line,France,food_beverage,confirm,reviewed Lidl France locked extract 2026-08-31; n=64; example: 85% cacao chocolat noir
Lidl,jean perrin,Saveurs de nos Régions,private_label_line,France,food_beverage,confirm,reviewed Lidl France locked extract 2026-08-31; n=1; example: Morbier pour repas Raclette
Lidl,jetgum,Jetgum,private_label_line,France,food_beverage,confirm,reviewed Lidl France locked extract 2026-08-31; n=29; example: Chewing gum sans sucres menthe verte
Lidl,just free,Just Free,private_label_line,France,food_beverage,confirm,reviewed Lidl France locked extract 2026-08-31; n=6; example: Soya unsweetened
Lidl,kania,Kania,private_label_line,France,food_beverage,confirm,reviewed Lidl France locked extract 2026-08-31; n=4; example: Bratensauce
Lidl,kingfrais,KingFrais,private_label_line,France,food_beverage,confirm,reviewed Lidl France locked extract 2026-08-31; n=7; example: Gâteau de riz sur lit de caramel
Lidl,klaus,Maître Jean-Pierre,private_label_line,France,food_beverage,confirm,reviewed Lidl France locked extract 2026-08-31; n=1; example: BioCrackers
Lidl,kong strong,Kong Strong,private_label_line,France,food_beverage,confirm,reviewed Lidl France locked extract 2026-08-31; n=7; example:
Lidl,kong strong lidl,Kong Strong,private_label_line,France,food_beverage,confirm,reviewed Lidl France locked extract 2026-08-31; n=1; example: Kong strong
Lidl,kong strong wild power,Kong Strong,private_label_line,France,food_beverage,confirm,reviewed Lidl France locked extract 2026-08-31; n=1; example: Colossus Energy Drink
Lidl,kuchenzauber,Kuchenzauber,private_label_line,France,food_beverage,confirm,reviewed Lidl France locked extract 2026-08-31; n=5; example: Croissants Hazelnut
Lidl,l etal du volailler,L'Étal du Volailler,private_label_line,France,food_beverage,confirm,reviewed Lidl France locked extract 2026-08-31; n=1; example: Salbeibonbons
Lidl,les producteurs dabord,Les Producteurs d'abord,private_label_line,France,food_beverage,confirm,reviewed Lidl France locked extract 2026-08-31; n=2; example: 100% pur jus pomme et poire
Lidl,lidl uk,Lidl,retailer_brand,France,food_beverage,confirm,reviewed Lidl France locked extract 2026-08-31; n=1; example: Cocoa creams
Lidl,lidldeluxe,Deluxe,private_label_line,France,food_beverage,confirm,reviewed Lidl France locked extract 2026-08-31; n=1; example: Macarons classic
Lidl,lidlenvia,Envia,private_label_line,France,food_beverage,confirm,reviewed Lidl France locked extract 2026-08-31; n=1; example: Yaourt au lait de brebis vanille
Lidl,lidlmilbona,Milbona,private_label_line,France,food_beverage,confirm,reviewed Lidl France locked extract 2026-08-31; n=1; example: Fruchtjoghurt
Lidl,lidlsondey,Sondey,private_label_line,France,food_beverage,confirm,reviewed Lidl France locked extract 2026-08-31; n=1; example: Bio batonnets au sucre de canne
Lidl,lil,Sweet Corner,private_label_line,France,food_beverage,confirm,reviewed Lidl France locked extract 2026-08-31; n=1; example: Bananes
Lidl,linessa,Linessa,private_label_line,France,food_beverage,confirm,reviewed Lidl France locked extract 2026-08-31; n=4; example: Gouda
Lidl,lord nelson,Lord Nelson,private_label_line,France,food_beverage,confirm,reviewed Lidl France locked extract 2026-08-31; n=92; example: After Dinner Tee
Lidl,lord nelson lidl,Lord Nelson,private_label_line,France,food_beverage,confirm,reviewed Lidl France locked extract 2026-08-31; n=1; example: Infusion ROOIBOS saveur fraise vanille
Lidl,lovilio,Lovilio,private_label_line,France,food_beverage,confirm,reviewed Lidl France locked extract 2026-08-31; n=6; example: Mozza
Lidl,loviliofude serrahn milchprokte gmbh and co kg,Milbona,private_label_line,France,food_beverage,confirm,reviewed Lidl France locked extract 2026-08-31; n=1; example: Mascarpone
Lidl,lupilu,Lupilu,private_label_line,France,food_beverage,confirm,reviewed Lidl France locked extract 2026-08-31; n=5; example: compte
Lidl,maribel,Maribel,private_label_line,France,food_beverage,confirm,reviewed Lidl France locked extract 2026-08-31; n=1; example: Patatas fritas
Lidl,mcennedy,McEnnedy,private_label_line,France,food_beverage,confirm,reviewed Lidl France locked extract 2026-08-31; n=59; example: Blaubeer Sirup - Kanada
Lidl,milbona,Milbona,private_label_line,France,food_beverage,confirm,reviewed Lidl France locked extract 2026-08-31; n=484; example: Bebida de amêndoa original
Lidl,milch and schokoladen,Mister Choc,private_label_line,France,food_beverage,confirm,reviewed Lidl France locked extract 2026-08-31; n=1; example: Cœur au lait & Chocolat MAXI
Lidl,mister choc,Mister Choc,private_label_line,France,food_beverage,confirm,reviewed Lidl France locked extract 2026-08-31; n=39; example: Mister Creole Mojito
Lidl,naturis,Naturis,private_label_line,France,food_beverage,confirm,reviewed Lidl France locked extract 2026-08-31; n=8; example: 100% Pure Orange Juice
Lidl,naturis truly juicy,Naturis,private_label_line,France,food_beverage,confirm,reviewed Lidl France locked extract 2026-08-31; n=1; example: 100% pure apple juice
Lidl,navarre,Navarre,private_label_line,France,food_beverage,confirm,reviewed Lidl France locked extract 2026-08-31; n=8; example: Flan patissier
Lidl,pawpatrol,Crownfield,private_label_line,France,food_beverage,confirm,reviewed Lidl France locked extract 2026-08-31; n=1; example: Choco Treats / Paw Patrol
Lidl,perlembourg,Perlembourg,private_label_line,France,food_beverage,confirm,reviewed Lidl France locked extract 2026-08-31; n=32; example:
Lidl,perlenbacher,Perlenbacher,private_label_line,France,food_beverage,confirm,reviewed Lidl France locked extract 2026-08-31; n=8; example: Bière de Prestige
Lidl,pilos,Pilos,private_label_line,France,food_beverage,confirm,reviewed Lidl France locked extract 2026-08-31; n=9; example:
Lidl,pilos lidl,Pilos,private_label_line,France,food_beverage,confirm,reviewed Lidl France locked extract 2026-08-31; n=2; example:
Lidl,plein sud,Plein Sud,private_label_line,France,food_beverage,confirm,reviewed Lidl France locked extract 2026-08-31; n=24; example: Sirop menthe
Lidl,pur fruit,Solevita,private_label_line,France,food_beverage,confirm,reviewed Lidl France locked extract 2026-08-31; n=1; example: Pomme pur fruit pressé
Lidl,queen margot,Queen Margot,private_label_line,France,food_beverage,confirm,reviewed Lidl France locked extract 2026-08-31; n=2; example: Blended Scotch Whisky
Lidl,rausch gmbh sous j d gross pour lidl,J.D. Gross,private_label_line,France,food_beverage,confirm,reviewed Lidl France locked extract 2026-08-31; n=1; example: Bouchées chocolat noir cœur caramel beurre salé
Lidl,realforno,Realforno,private_label_line,France,food_beverage,confirm,reviewed Lidl France locked extract 2026-08-31; n=3; example: Fior di Cacao e Panna
Lidl,riniel,Riniel,private_label_line,France,food_beverage,confirm,reviewed Lidl France locked extract 2026-08-31; n=10; example: Kräuterbonbons Original zuckerfrei
Lidl,saguaro,Saguaro,private_label_line,France,food_beverage,confirm,reviewed Lidl France locked extract 2026-08-31; n=49; example: Acqua di Sorgente
Lidl,saint alby,Saint Alby,private_label_line,France,food_beverage,confirm,reviewed Lidl France locked extract 2026-08-31; n=1; example: Mini boudins antillais
Lidl,saskia,Saskia,private_label_line,France,food_beverage,confirm,reviewed Lidl France locked extract 2026-08-31; n=3; example: Borneau BeerenFrüchte Geschmack
Lidl,saveur de nos regions lidl,Saveurs de nos Régions,private_label_line,France,food_beverage,confirm,reviewed Lidl France locked extract 2026-08-31; n=1; example: Crème Fraîche d'Isigny
Lidl,saveurs de nos regions,Saveurs de nos Régions,private_label_line,France,food_beverage,confirm,reviewed Lidl France locked extract 2026-08-31; n=340; example: Cidre de Bretagne artisanal
Lidl,select and go,Select & Go,private_label_line,France,food_beverage,confirm,reviewed Lidl France locked extract 2026-08-31; n=4; example: ONIGIRI au Thon mayonnaise
Lidl,snack day,Snack Day,private_label_line,France,food_beverage,confirm,reviewed Lidl France locked extract 2026-08-31; n=114; example: sticks brezel
Lidl,snack delay,Snack Day,private_label_line,France,food_beverage,confirm,reviewed Lidl France locked extract 2026-08-31; n=1; example: Popcorn Süß
Lidl,sol and mar,Sol y Mar,private_label_line,France,food_beverage,confirm,reviewed Lidl France locked extract 2026-08-31; n=1; example: Pur Jus de Mandarine
Lidl,solevita,Solevita,private_label_line,France,food_beverage,confirm,reviewed Lidl France locked extract 2026-08-31; n=282; example:
Lidl,solevita lidl,Solevita,private_label_line,France,food_beverage,confirm,reviewed Lidl France locked extract 2026-08-31; n=1; example: Stra-Balicious Smoothie fraise et banane
Lidl,sondey,Sondey,private_label_line,France,food_beverage,confirm,reviewed Lidl France locked extract 2026-08-31; n=333; example: Gateau au fromage blanc
Lidl,sugarland,Sugarland,private_label_line,France,food_beverage,confirm,reviewed Lidl France locked extract 2026-08-31; n=16; example:
Lidl,sweet corner,Sweet Corner,private_label_line,France,food_beverage,confirm,reviewed Lidl France locked extract 2026-08-31; n=16; example: Apple Rings
Lidl,tastino,Tastino,private_label_line,France,food_beverage,confirm,reviewed Lidl France locked extract 2026-08-31; n=5; example: Fette croccanti con sesamo
Lidl,tastino lidl,Tastino,private_label_line,France,food_beverage,confirm,reviewed Lidl France locked extract 2026-08-31; n=2; example: Crackers Protéiné
Lidl,toque du chef,Toque du Chef,private_label_line,France,food_beverage,confirm,reviewed Lidl France locked extract 2026-08-31; n=9; example: Mozza stick
Lidl,trattoria alfredo,Trattoria Alfredo,private_label_line,France,food_beverage,confirm,reviewed Lidl France locked extract 2026-08-31; n=1; example: Picco pizzi
Lidl,trolli,Sugarland,private_label_line,France,food_beverage,confirm,reviewed Lidl France locked extract 2026-08-31; n=1; example: Party mix
Lidl,vemondo,Vemondo,private_label_line,France,food_beverage,confirm,reviewed Lidl France locked extract 2026-08-31; n=31; example: Bevanda Nocciola
Lidl,vemundo,Vemondo,private_label_line,France,food_beverage,confirm,reviewed Lidl France locked extract 2026-08-31; n=1; example: Hafer Barista
Lidl,vin bio lidl,Terres Nouvelles,private_label_line,France,food_beverage,confirm,reviewed Lidl France locked extract 2026-08-31; n=1; example: Terres nouvelles
Lidl,vita dor,Vita d'Or,private_label_line,France,food_beverage,confirm,reviewed Lidl France locked extract 2026-08-31; n=2; example: Beurre
Lidl,vitafit,Vitafit,private_label_line,France,food_beverage,confirm,reviewed Lidl France locked extract 2026-08-31; n=14; example: Jus multifruits
Lidl,vitasia,Vitasia,private_label_line,France,food_beverage,confirm,reviewed Lidl France locked extract 2026-08-31; n=25; example: Coconut Water
Lidl,voyage des sens,Voyage des Sens,private_label_line,France,food_beverage,confirm,reviewed Lidl France locked extract 2026-08-31; n=6; example:
Lidl,voyage des sens lidl,Voyage des Sens,private_label_line,France,food_beverage,confirm,reviewed Lidl France locked extract 2026-08-31; n=2; example: Thé vert bio parfumé au jasmin
Lidl,way to go,Way To Go,private_label_line,France,food_beverage,confirm,reviewed Lidl France locked extract 2026-08-31; n=3; example: Biscuit & Caramel Milk Chocolate
Carrefour,cora,Cora,retailer_brand,France,food_beverage,confirm,Cora brand retained as consumer-facing brand; owner routed to Carrefour after Carrefour finalized acquisition of Cora/Match in France on 2024-07-01.
Tesco,tesco,Tesco,retailer_brand,UK_IE,food_beverage,confirm,reviewed Tesco UK/IE locked extract 2026-09-01; source=tesco_private_label_review_uk_ie_20260901; n=1141; example: Mineral water
Tesco,ashbeck,Tesco,retailer_brand,UK_IE,food_beverage,confirm,reviewed Tesco UK/IE locked extract 2026-09-01; source=tesco_private_label_review_uk_ie_20260901; n=2; example: Mineral water
Tesco,tesco own label,Tesco,retailer_brand,UK_IE,food_beverage,confirm,reviewed Tesco UK/IE locked extract 2026-09-01; source=tesco_private_label_review_uk_ie_20260901; n=1; example: Roquefort
Tesco,tesco stores ltd,Tesco,retailer_brand,UK_IE,food_beverage,confirm,reviewed Tesco UK/IE locked extract 2026-09-01; source=tesco_private_label_review_uk_ie_20260901; n=1; example: Salted caramel fudge
Tesco,tesco finest,Tesco Finest,private_label_line,UK_IE,food_beverage,confirm,reviewed Tesco UK/IE locked extract 2026-09-01; source=tesco_private_label_review_uk_ie_20260901; n=110; example: 6 Mushroom Parcels
Tesco,tescos finest,Tesco Finest,private_label_line,UK_IE,food_beverage,confirm,reviewed Tesco UK/IE locked extract 2026-09-01; source=tesco_private_label_review_uk_ie_20260901; n=2; example: Barrel Aged Feta
Tesco,tesco finest*,Tesco Finest,private_label_line,UK_IE,food_beverage,confirm,reviewed Tesco UK/IE locked extract 2026-09-01; source=tesco_private_label_review_uk_ie_20260901; n=110; example: 6 Mushroom Parcels
Tesco,tesco free from,Tesco Free From,private_label_line,UK_IE,food_beverage,confirm,reviewed Tesco UK/IE locked extract 2026-09-01; source=tesco_private_label_review_uk_ie_20260901; n=6; example: Bran Flakes
Tesco,tesco freefrom,Tesco Free From,private_label_line,UK_IE,food_beverage,confirm,reviewed Tesco UK/IE locked extract 2026-09-01; source=tesco_private_label_review_uk_ie_20260901; n=4
Tesco,tesco organic,Tesco Organic,private_label_line,UK_IE,food_beverage,confirm,reviewed Tesco UK/IE locked extract 2026-09-01; source=tesco_private_label_review_uk_ie_20260901; n=0
Tesco,tesco plant chef,Tesco Plant Chef,private_label_line,UK_IE,food_beverage,confirm,reviewed Tesco UK/IE locked extract 2026-09-01; source=tesco_private_label_review_uk_ie_20260901; n=0
Tesco,plant chef,Tesco Plant Chef,private_label_line,UK_IE,food_beverage,confirm,reviewed Tesco UK/IE locked extract 2026-09-01; source=tesco_private_label_review_uk_ie_20260901; n=2; example: Coconut oil alternative to grated mozzarella
Tesco,creamfields,Creamfields,private_label_line,UK_IE,food_beverage,confirm,reviewed Tesco UK/IE locked extract 2026-09-01; source=tesco_private_label_review_uk_ie_20260901; n=28
Tesco,creamfields tesco,Creamfields,private_label_line,UK_IE,food_beverage,confirm,reviewed Tesco UK/IE locked extract 2026-09-01; source=tesco_private_label_review_uk_ie_20260901; n=1; example: Mild cheese
Tesco,hearty food co,Hearty Food Co.,private_label_line,UK_IE,food_beverage,confirm,reviewed Tesco UK/IE locked extract 2026-09-01; source=tesco_private_label_review_uk_ie_20260901; n=1; example: STRAIGHT CUT CHIPS
Tesco,hearty food co.,Hearty Food Co.,private_label_line,UK_IE,food_beverage,confirm,reviewed Tesco UK/IE locked extract 2026-09-01; source=tesco_private_label_review_uk_ie_20260901; n=1; example: STRAIGHT CUT CHIPS
Tesco,jacks,Jack's,private_label_line,UK_IE,food_beverage,confirm,reviewed Tesco UK/IE locked extract 2026-09-01; source=tesco_private_label_review_uk_ie_20260901; n=13; example: Apple Pencils
Tesco,jack's,Jack's,private_label_line,UK_IE,food_beverage,confirm,reviewed Tesco UK/IE locked extract 2026-09-01; source=tesco_private_label_review_uk_ie_20260901; n=8; example: Bourbon Cream Biscuits
Tesco,jack’s,Jack's,private_label_line,UK_IE,food_beverage,confirm,reviewed Tesco UK/IE locked extract 2026-09-01; source=tesco_private_label_review_uk_ie_20260901; n=8; example: Bourbon Cream Biscuits
Tesco,ms mollys,Ms Molly's,private_label_line,UK_IE,food_beverage,confirm,reviewed Tesco UK/IE locked extract 2026-09-01; source=tesco_private_label_review_uk_ie_20260901; n=2; example: Milk Chocolate Bar
Tesco,ms molly's,Ms Molly's,private_label_line,UK_IE,food_beverage,confirm,reviewed Tesco UK/IE locked extract 2026-09-01; source=tesco_private_label_review_uk_ie_20260901; n=2; example: Milk Chocolate Bar
Tesco,ms mollys tesco,Ms Molly's,private_label_line,UK_IE,food_beverage,confirm,reviewed Tesco UK/IE locked extract 2026-09-01; source=tesco_private_label_review_uk_ie_20260901; n=1; example: Ms Mollys's Ginger Nuts
Tesco,ms molly's tesco,Ms Molly's,private_label_line,UK_IE,food_beverage,confirm,reviewed Tesco UK/IE locked extract 2026-09-01; source=tesco_private_label_review_uk_ie_20260901; n=1; example: Ms Mollys's Ginger Nuts
Tesco,stockwell and co,Stockwell & Co.,private_label_line,UK_IE,food_beverage,confirm,reviewed Tesco UK/IE locked extract 2026-09-01; source=tesco_private_label_review_uk_ie_20260901; n=8; example: Roasted & Salted Peanuts
Tesco,stockwell & co,Stockwell & Co.,private_label_line,UK_IE,food_beverage,confirm,reviewed Tesco UK/IE locked extract 2026-09-01; source=tesco_private_label_review_uk_ie_20260901; n=8; example: Roasted & Salted Peanuts
Tesco,stockwell & co.,Stockwell & Co.,private_label_line,UK_IE,food_beverage,confirm,reviewed Tesco UK/IE locked extract 2026-09-01; source=tesco_private_label_review_uk_ie_20260901; n=8; example: Roasted & Salted Peanuts
Tesco,t e stockwell,Stockwell & Co.,private_label_line,UK_IE,food_beverage,confirm,reviewed Tesco UK/IE locked extract 2026-09-01; source=tesco_private_label_review_uk_ie_20260901; n=1; example: Sparkling water
Tesco,t. e. stockwell,Stockwell & Co.,private_label_line,UK_IE,food_beverage,confirm,reviewed Tesco UK/IE locked extract 2026-09-01; source=tesco_private_label_review_uk_ie_20260901; n=1; example: Sparkling water
Tesco,tesco everyday value,Tesco Everyday Value,private_label_line,UK_IE,food_beverage,confirm,reviewed Tesco UK/IE locked extract 2026-09-01; source=tesco_private_label_review_uk_ie_20260901; n=6; example: blended scotch whisky
Tesco,everyday value,Tesco Everyday Value,private_label_line,UK_IE,food_beverage,confirm,reviewed Tesco UK/IE locked extract 2026-09-01; source=tesco_private_label_review_uk_ie_20260901; n=0
Tesco,tesco value,Tesco Value,private_label_line,UK_IE,food_beverage,confirm,reviewed Tesco UK/IE locked extract 2026-09-01; source=tesco_private_label_review_uk_ie_20260901; n=2; example: Bitter
Tesco,the growers harvest,The Grower's Harvest,private_label_line,UK_IE,food_beverage,confirm,reviewed Tesco UK/IE locked extract 2026-09-01; source=tesco_private_label_review_uk_ie_20260901; n=7; example: Apple Juice
Tesco,the grower's harvest,The Grower's Harvest,private_label_line,UK_IE,food_beverage,confirm,reviewed Tesco UK/IE locked extract 2026-09-01; source=tesco_private_label_review_uk_ie_20260901; n=7; example: Apple Juice
Tesco,growers harvest,The Grower's Harvest,private_label_line,UK_IE,food_beverage,confirm,reviewed Tesco UK/IE locked extract 2026-09-01; source=tesco_private_label_review_uk_ie_20260901; n=1; example: Apple juice drink
Tesco,grower's harvest,The Grower's Harvest,private_label_line,UK_IE,food_beverage,confirm,reviewed Tesco UK/IE locked extract 2026-09-01; source=tesco_private_label_review_uk_ie_20260901; n=0
Tesco,tesco growers harvest,The Grower's Harvest,private_label_line,UK_IE,food_beverage,confirm,reviewed Tesco UK/IE locked extract 2026-09-01; source=tesco_private_label_review_uk_ie_20260901; n=2; example: Orange Juice Drink
Tesco,tesco - growers harvest,The Grower's Harvest,private_label_line,UK_IE,food_beverage,confirm,reviewed Tesco UK/IE locked extract 2026-09-01; source=tesco_private_label_review_uk_ie_20260901; n=2; example: Orange Juice Drink
Tesco,tescos growers harvest,The Grower's Harvest,private_label_line,UK_IE,food_beverage,confirm,reviewed Tesco UK/IE locked extract 2026-09-01; source=tesco_private_label_review_uk_ie_20260901; n=1; example: Orange juice drink
Asda,asda,Asda,retailer_brand,UK_IE,food_beverage,confirm,reviewed Asda UK/IE extract 2026-09-01; source=asda_private_label_review_uk_ie_20260901; n=785
Asda,asda baker's selection,Baker's Selection,private_label_line,UK_IE,food_beverage,confirm,reviewed Asda UK/IE extract 2026-09-01; source=asda_private_label_review_uk_ie_20260901; n=3; example: Choc Muffin 6pk
Asda,asda bakers selection,Baker's Selection,private_label_line,UK_IE,food_beverage,confirm,reviewed Asda UK/IE extract 2026-09-01; source=asda_private_label_review_uk_ie_20260901; n=0
Asda,asda bakery,The Bakery at Asda,private_label_line,UK_IE,food_beverage,confirm,reviewed Asda UK/IE extract 2026-09-01; source=asda_private_label_review_uk_ie_20260901; n=1; example: All butter croissants
Asda,asda bowls of goodness,Asda,retailer_brand,UK_IE,food_beverage,confirm,reviewed Asda UK/IE extract 2026-09-01; source=asda_private_label_review_uk_ie_20260901; n=1; example: No Added Sugar Simply Nutty Muesli
Asda,asda chosen by you,Asda Chosen by You,private_label_line,UK_IE,food_beverage,confirm,reviewed Asda UK/IE extract 2026-09-01; source=asda_private_label_review_uk_ie_20260901; n=3; example: 4 Cherry Bakewell Tarts
Asda,asda exceptional,Exceptional by Asda,private_label_line,UK_IE,food_beverage,confirm,reviewed Asda UK/IE extract 2026-09-01; source=asda_private_label_review_uk_ie_20260901; n=6; example: All Butter Scones
Asda,asda exeptional,Exceptional by Asda,private_label_line,UK_IE,food_beverage,confirm,reviewed Asda UK/IE extract 2026-09-01; source=asda_private_label_review_uk_ie_20260901; n=1; example: Hand Cooked Sea Salted Crisps
Asda,asda extra special,Asda Extra Special,private_label_line,UK_IE,food_beverage,confirm,reviewed Asda UK/IE extract 2026-09-01; source=asda_private_label_review_uk_ie_20260901; n=25; example: Asda Extra Special Colombian Coffee
Asda,asda free from,Asda Free From,private_label_line,UK_IE,food_beverage,confirm,reviewed Asda UK/IE extract 2026-09-01; source=asda_private_label_review_uk_ie_20260901; n=7; example: 4 Cherry Bakewell Tarts
Asda,asda grower's selection,Asda Grower's Selection,private_label_line,UK_IE,food_beverage,confirm,reviewed Asda UK/IE extract 2026-09-01; source=asda_private_label_review_uk_ie_20260901; n=0
Asda,asda growers selection,Asda Grower's Selection,private_label_line,UK_IE,food_beverage,confirm,reviewed Asda UK/IE extract 2026-09-01; source=asda_private_label_review_uk_ie_20260901; n=0
Asda,asda just essentials,Just Essentials by Asda,private_label_line,UK_IE,food_beverage,confirm,reviewed Asda UK/IE extract 2026-09-01; source=asda_private_label_review_uk_ie_20260901; n=3; example: Muesli
Asda,asda little angels,Little Angels by Asda,private_label_line,UK_IE,food_beverage,confirm,reviewed Asda UK/IE extract 2026-09-01; source=asda_private_label_review_uk_ie_20260901; n=1; example: Organic fromage frais
Asda,asda nature valley,Asda,retailer_brand,UK_IE,food_beverage,confirm,reviewed Asda UK/IE extract 2026-09-01; source=asda_private_label_review_uk_ie_20260901; n=1; example: Orange and Pineapple
Asda,asda smart price,Asda Smart Price,private_label_line,UK_IE,food_beverage,confirm,reviewed Asda UK/IE extract 2026-09-01; source=asda_private_label_review_uk_ie_20260901; n=1; example: Orange squash
Asda,by asda,Asda,retailer_brand,UK_IE,food_beverage,confirm,reviewed Asda UK/IE extract 2026-09-01; source=asda_private_label_review_uk_ie_20260901; n=2; example: Exceptional fruity berry muesli
Asda,exceptional by asda,Exceptional by Asda,private_label_line,UK_IE,food_beverage,confirm,reviewed Asda UK/IE extract 2026-09-01; source=asda_private_label_review_uk_ie_20260901; n=4; example: 6 Luxury Mince Pies
Asda,free from asda,Asda Free From,private_label_line,UK_IE,food_beverage,confirm,reviewed Asda UK/IE extract 2026-09-01; source=asda_private_label_review_uk_ie_20260901; n=1; example: carrot cake slices
Asda,just essentials by asda,Just Essentials by Asda,private_label_line,UK_IE,food_beverage,confirm,reviewed Asda UK/IE extract 2026-09-01; source=asda_private_label_review_uk_ie_20260901; n=1; example: Long Life Skimmed Milk
Asda,little angels by asda,Little Angels by Asda,private_label_line,UK_IE,food_beverage,confirm,reviewed Asda UK/IE extract 2026-09-01; source=asda_private_label_review_uk_ie_20260901; n=0
Asda,omv,OMV!,private_label_line,UK_IE,food_beverage,confirm,reviewed Asda UK/IE extract 2026-09-01; source=asda_private_label_review_uk_ie_20260901; n=0
Asda,omv!,OMV!,private_label_line,UK_IE,food_beverage,confirm,reviewed Asda UK/IE extract 2026-09-01; source=asda_private_label_review_uk_ie_20260901; n=4; example: Plant based cheddar style
Asda,pains au chocolat asda,Asda,retailer_brand,UK_IE,food_beverage,confirm,reviewed Asda UK/IE extract 2026-09-01; source=asda_private_label_review_uk_ie_20260901; n=1; example: 8 Pains au Chocolat
Asda,plant based by asda,Plant Based by Asda,private_label_line,UK_IE,food_beverage,confirm,reviewed Asda UK/IE extract 2026-09-01; source=asda_private_label_review_uk_ie_20260901; n=0
Asda,plant-based by asda,Plant Based by Asda,private_label_line,UK_IE,food_beverage,confirm,reviewed Asda UK/IE extract 2026-09-01; source=asda_private_label_review_uk_ie_20260901; n=1; example: Soya Unsweetened Drink
Asda,the bakery asda,The Bakery at Asda,private_label_line,UK_IE,food_beverage,confirm,reviewed Asda UK/IE extract 2026-09-01; source=asda_private_label_review_uk_ie_20260901; n=1; example: Sweet and delicious classic waffle
Asda,the bakery at asda,The Bakery at Asda,private_label_line,UK_IE,food_beverage,confirm,reviewed Asda UK/IE extract 2026-09-01; source=asda_private_label_review_uk_ie_20260901; n=6; example: 6 Wholemeal Pittas
Sainsbury's,be good to yourself,Be Good To Yourself,private_label_line,UK_IE,food_beverage,confirm,reviewed Sainsbury's UK/IE extract 2026-09-01; source=sainsburys_private_label_review_uk_ie_20260901; n=0
Sainsbury's,bgty,Be Good To Yourself,private_label_line,UK_IE,food_beverage,confirm,reviewed Sainsbury's UK/IE extract 2026-09-01; source=sainsburys_private_label_review_uk_ie_20260901; n=0
Sainsbury's,by sainsbury's,Sainsbury's,retailer_brand,UK_IE,food_beverage,confirm,reviewed Sainsbury's UK/IE extract 2026-09-01; source=sainsburys_private_label_review_uk_ie_20260901; n=18; example: Corn oil
Sainsbury's,by sainsburys,Sainsbury's,retailer_brand,UK_IE,food_beverage,confirm,reviewed Sainsbury's UK/IE extract 2026-09-01; source=sainsburys_private_label_review_uk_ie_20260901; n=63; example: Almond Milk
Sainsbury's,free from by sainsbury's,Sainsbury's Free From,private_label_line,UK_IE,food_beverage,confirm,reviewed Sainsbury's UK/IE extract 2026-09-01; source=sainsburys_private_label_review_uk_ie_20260901; n=0
Sainsbury's,free from by sainsburys,Sainsbury's Free From,private_label_line,UK_IE,food_beverage,confirm,reviewed Sainsbury's UK/IE extract 2026-09-01; source=sainsburys_private_label_review_uk_ie_20260901; n=3; example: Gluten Free Cornflakes
Sainsbury's,free from gluten by sainsbury's,Sainsbury's Free From,private_label_line,UK_IE,food_beverage,confirm,reviewed Sainsbury's UK/IE extract 2026-09-01; source=sainsburys_private_label_review_uk_ie_20260901; n=0
Sainsbury's,free from gluten by sainsburys,Sainsbury's Free From,private_label_line,UK_IE,food_beverage,confirm,reviewed Sainsbury's UK/IE extract 2026-09-01; source=sainsburys_private_label_review_uk_ie_20260901; n=1; example: Ancient Grain Snack Crackers
Sainsbury's,house by sainsbury's,House by Sainsbury's,private_label_line,UK_IE,food_beverage,confirm,reviewed Sainsbury's UK/IE extract 2026-09-01; source=sainsburys_private_label_review_uk_ie_20260901; n=0
Sainsbury's,house by sainsburys,House by Sainsbury's,private_label_line,UK_IE,food_beverage,confirm,reviewed Sainsbury's UK/IE extract 2026-09-01; source=sainsburys_private_label_review_uk_ie_20260901; n=3; example: dry red
Sainsbury's,hubbard's foodstore,Hubbard's Foodstore,private_label_line,UK_IE,food_beverage,confirm,reviewed Sainsbury's UK/IE extract 2026-09-01; source=sainsburys_private_label_review_uk_ie_20260901; n=0
Sainsbury's,hubbards foodstore,Hubbard's Foodstore,private_label_line,UK_IE,food_beverage,confirm,reviewed Sainsbury's UK/IE extract 2026-09-01; source=sainsburys_private_label_review_uk_ie_20260901; n=1; example: Instant coffee
Sainsbury's,inspired to cook by sainsbury's,Inspired to Cook by Sainsbury's,private_label_line,UK_IE,food_beverage,confirm,reviewed Sainsbury's UK/IE extract 2026-09-01; source=sainsburys_private_label_review_uk_ie_20260901; n=1; example: Tamarind paste
Sainsbury's,inspired to cook by sainsburys,Inspired to Cook by Sainsbury's,private_label_line,UK_IE,food_beverage,confirm,reviewed Sainsbury's UK/IE extract 2026-09-01; source=sainsburys_private_label_review_uk_ie_20260901; n=0
Sainsbury's,mary ann's dairy,Mary Ann's Dairy,private_label_line,UK_IE,food_beverage,confirm,reviewed Sainsbury's UK/IE extract 2026-09-01; source=sainsburys_private_label_review_uk_ie_20260901; n=0
Sainsbury's,mary anns dairy,Mary Ann's Dairy,private_label_line,UK_IE,food_beverage,confirm,reviewed Sainsbury's UK/IE extract 2026-09-01; source=sainsburys_private_label_review_uk_ie_20260901; n=2; example: Fromage Frais x 12
Sainsbury's,plant pioneer,Plant Pioneers,private_label_line,UK_IE,food_beverage,confirm,reviewed Sainsbury's UK/IE extract 2026-09-01; source=sainsburys_private_label_review_uk_ie_20260901; n=0
Sainsbury's,plant pioneers,Plant Pioneers,private_label_line,UK_IE,food_beverage,confirm,reviewed Sainsbury's UK/IE extract 2026-09-01; source=sainsburys_private_label_review_uk_ie_20260901; n=2; example: Lemon Cake
Sainsbury's,sainsbury,Sainsbury's,retailer_brand,UK_IE,food_beverage,confirm,reviewed Sainsbury's UK/IE extract 2026-09-01; source=sainsburys_private_label_review_uk_ie_20260901; n=2; example: Red grape juice
Sainsbury's,sainsbury's,Sainsbury's,retailer_brand,UK_IE,food_beverage,confirm,"reviewed Sainsbury's UK/IE extract 2026-09-01; source=sainsburys_private_label_review_uk_ie_20260901; n=114; example: Blackberry, Apple, Beetroot & Ginger Infusion Bags"
Sainsbury's,sainsbury s,Sainsbury's,retailer_brand,UK_IE,food_beverage,confirm,"reviewed Sainsbury's UK/IE extract 2026-09-01; source=sainsburys_private_label_review_uk_ie_20260901; n=114; example: Blackberry, Apple, Beetroot & Ginger Infusion Bags"
Sainsbury's,sainsbury's basic,Sainsbury's Basics,private_label_line,UK_IE,food_beverage,confirm,reviewed Sainsbury's UK/IE extract 2026-09-01; source=sainsburys_private_label_review_uk_ie_20260901; n=0
Sainsbury's,sainsbury's basics,Sainsbury's Basics,private_label_line,UK_IE,food_beverage,confirm,reviewed Sainsbury's UK/IE extract 2026-09-01; source=sainsburys_private_label_review_uk_ie_20260901; n=0
Sainsbury's,sainsbury's be good to yourself,Be Good To Yourself,private_label_line,UK_IE,food_beverage,confirm,reviewed Sainsbury's UK/IE extract 2026-09-01; source=sainsburys_private_label_review_uk_ie_20260901; n=0
Sainsbury's,sainsbury's free from,Sainsbury's Free From,private_label_line,UK_IE,food_beverage,confirm,reviewed Sainsbury's UK/IE extract 2026-09-01; source=sainsburys_private_label_review_uk_ie_20260901; n=0
Sainsbury's,sainsbury's freefrom,Sainsbury's Free From,private_label_line,UK_IE,food_beverage,confirm,reviewed Sainsbury's UK/IE extract 2026-09-01; source=sainsburys_private_label_review_uk_ie_20260901; n=0
Sainsbury's,sainsbury's house,House by Sainsbury's,private_label_line,UK_IE,food_beverage,confirm,reviewed Sainsbury's UK/IE extract 2026-09-01; source=sainsburys_private_label_review_uk_ie_20260901; n=0
Sainsbury's,sainsbury's little ones,Sainsbury's Little Ones,private_label_line,UK_IE,food_beverage,confirm,reviewed Sainsbury's UK/IE extract 2026-09-01; source=sainsburys_private_label_review_uk_ie_20260901; n=0
Sainsbury's,sainsbury's organic,Sainsbury's Organic,private_label_line,UK_IE,food_beverage,confirm,reviewed Sainsbury's UK/IE extract 2026-09-01; source=sainsburys_private_label_review_uk_ie_20260901; n=0
Sainsbury's,sainsbury's plant pioneers,Plant Pioneers,private_label_line,UK_IE,food_beverage,confirm,reviewed Sainsbury's UK/IE extract 2026-09-01; source=sainsburys_private_label_review_uk_ie_20260901; n=0
Sainsbury's,sainsbury's so organic,SO Organic,private_label_line,UK_IE,food_beverage,confirm,reviewed Sainsbury's UK/IE extract 2026-09-01; source=sainsburys_private_label_review_uk_ie_20260901; n=0
Sainsbury's,sainsbury's taste the difference,Taste the Difference,private_label_line,UK_IE,food_beverage,confirm,reviewed Sainsbury's UK/IE extract 2026-09-01; source=sainsburys_private_label_review_uk_ie_20260901; n=0
Sainsbury's,sainsburys,Sainsbury's,retailer_brand,UK_IE,food_beverage,confirm,reviewed Sainsbury's UK/IE extract 2026-09-01; source=sainsburys_private_label_review_uk_ie_20260901; n=787; example: 4X concentrated summer fruits squash
Sainsbury's,sainsburys basic,Sainsbury's Basics,private_label_line,UK_IE,food_beverage,confirm,reviewed Sainsbury's UK/IE extract 2026-09-01; source=sainsburys_private_label_review_uk_ie_20260901; n=1; example: Low Fat Natural Yogurt
Sainsbury's,sainsburys basics,Sainsbury's Basics,private_label_line,UK_IE,food_beverage,confirm,reviewed Sainsbury's UK/IE extract 2026-09-01; source=sainsburys_private_label_review_uk_ie_20260901; n=13; example: french brandy
Sainsbury's,sainsburys be good to yourself,Be Good To Yourself,private_label_line,UK_IE,food_beverage,confirm,reviewed Sainsbury's UK/IE extract 2026-09-01; source=sainsburys_private_label_review_uk_ie_20260901; n=1; example: Greek style salad cheese
Sainsbury's,sainsburys free from,Sainsbury's Free From,private_label_line,UK_IE,food_beverage,confirm,reviewed Sainsbury's UK/IE extract 2026-09-01; source=sainsburys_private_label_review_uk_ie_20260901; n=2; example: Fruity Muesli
Sainsbury's,sainsburys freefrom,Sainsbury's Free From,private_label_line,UK_IE,food_beverage,confirm,reviewed Sainsbury's UK/IE extract 2026-09-01; source=sainsburys_private_label_review_uk_ie_20260901; n=4; example: Sainsbury's FreeFrom express pure oats
Sainsbury's,sainsburys house,House by Sainsbury's,private_label_line,UK_IE,food_beverage,confirm,reviewed Sainsbury's UK/IE extract 2026-09-01; source=sainsburys_private_label_review_uk_ie_20260901; n=1; example: Pinot Grigio
Sainsbury's,sainsburys little ones,Sainsbury's Little Ones,private_label_line,UK_IE,food_beverage,confirm,reviewed Sainsbury's UK/IE extract 2026-09-01; source=sainsburys_private_label_review_uk_ie_20260901; n=2; example: Organic bana oaty bars
Sainsbury's,sainsburys organic,Sainsbury's Organic,private_label_line,UK_IE,food_beverage,confirm,reviewed Sainsbury's UK/IE extract 2026-09-01; source=sainsburys_private_label_review_uk_ie_20260901; n=3; example: British double cream
Sainsbury's,sainsburys plant pioneers,Plant Pioneers,private_label_line,UK_IE,food_beverage,confirm,reviewed Sainsbury's UK/IE extract 2026-09-01; source=sainsburys_private_label_review_uk_ie_20260901; n=0
Sainsbury's,sainsburys so organic,SO Organic,private_label_line,UK_IE,food_beverage,confirm,reviewed Sainsbury's UK/IE extract 2026-09-01; source=sainsburys_private_label_review_uk_ie_20260901; n=10; example: Organic almond milk
Sainsbury's,sainsburys standard street co,Stamford Street Co.,private_label_line,UK_IE,food_beverage,confirm,reviewed Sainsbury's UK/IE extract 2026-09-01; source=sainsburys_private_label_review_uk_ie_20260901; n=1; example: MOZZARELLA CHEESE BALL
Sainsbury's,sainsburys taste the difference,Taste the Difference,private_label_line,UK_IE,food_beverage,confirm,reviewed Sainsbury's UK/IE extract 2026-09-01; source=sainsburys_private_label_review_uk_ie_20260901; n=63; example: American pale ale
Sainsbury's,stamford street,Stamford Street Co.,private_label_line,UK_IE,food_beverage,confirm,reviewed Sainsbury's UK/IE extract 2026-09-01; source=sainsburys_private_label_review_uk_ie_20260901; n=1; example: Apple juice from concentrate
Sainsbury's,stamford street co,Stamford Street Co.,private_label_line,UK_IE,food_beverage,confirm,reviewed Sainsbury's UK/IE extract 2026-09-01; source=sainsburys_private_label_review_uk_ie_20260901; n=8; example: Porridge oats
Sainsbury's,stamford street co.,Stamford Street Co.,private_label_line,UK_IE,food_beverage,confirm,reviewed Sainsbury's UK/IE extract 2026-09-01; source=sainsburys_private_label_review_uk_ie_20260901; n=8; example: Porridge oats
Sainsbury's,stamford street food co,Stamford Street Co.,private_label_line,UK_IE,food_beverage,confirm,reviewed Sainsbury's UK/IE extract 2026-09-01; source=sainsburys_private_label_review_uk_ie_20260901; n=0
Sainsbury's,stamford street food company,Stamford Street Co.,private_label_line,UK_IE,food_beverage,confirm,reviewed Sainsbury's UK/IE extract 2026-09-01; source=sainsburys_private_label_review_uk_ie_20260901; n=0
Sainsbury's,taste the difference,Taste the Difference,private_label_line,UK_IE,food_beverage,confirm,reviewed Sainsbury's UK/IE extract 2026-09-01; source=sainsburys_private_label_review_uk_ie_20260901; n=9; example: Pinot Grigio Blush
Sainsbury's,taste the difference sainsbury's,Taste the Difference,private_label_line,UK_IE,food_beverage,confirm,reviewed Sainsbury's UK/IE extract 2026-09-01; source=sainsburys_private_label_review_uk_ie_20260901; n=0
Sainsbury's,taste the difference sainsburys,Taste the Difference,private_label_line,UK_IE,food_beverage,confirm,reviewed Sainsbury's UK/IE extract 2026-09-01; source=sainsburys_private_label_review_uk_ie_20260901; n=1; example: 7 All Butter Waffles
Sainsbury's,so organic,SO Organic,private_label_line,UK_IE,food_beverage,confirm,reviewed Sainsbury's UK/IE extract 2026-09-01; source=sainsburys_private_label_review_uk_ie_20260901; n=16; example: SO Organic Apple Juice
Morrisons,1899,1899,private_label_line,UK_IE,food_beverage,confirm,reviewed Morrisons UK/IE extract 2026-09-01; source=morrisons_private_label_review_uk_ie_20260901; n=1; example: 1899 Energy Drink (Original)
Morrisons,cake shop on market street,Market Street,private_label_line,UK_IE,food_beverage,confirm,reviewed Morrisons UK/IE extract 2026-09-01; source=morrisons_private_label_review_uk_ie_20260901; n=2; example: 6 Sugared Ring Doughnuts
Morrisons,m savers,Morrisons Savers,private_label_line,UK_IE,food_beverage,confirm,reviewed Morrisons UK/IE extract 2026-09-01; source=morrisons_private_label_review_uk_ie_20260901; n=0
Morrisons,morisons,Morrisons,retailer_brand,UK_IE,food_beverage,confirm,reviewed Morrisons UK/IE extract 2026-09-01; source=morrisons_private_label_review_uk_ie_20260901; n=1; example: Orange Double Concentrate
Morrisons,morrison,Morrisons,retailer_brand,UK_IE,food_beverage,confirm,reviewed Morrisons UK/IE extract 2026-09-01; source=morrisons_private_label_review_uk_ie_20260901; n=6; example: Mor Tomato Juice 1ltr
Morrisons,morrison's the best,The Best,private_label_line,UK_IE,food_beverage,confirm,reviewed Morrisons UK/IE extract 2026-09-01; source=morrisons_private_label_review_uk_ie_20260901; n=1; example: Turkish Delight
Morrisons,morrisons,Morrisons,retailer_brand,UK_IE,food_beverage,confirm,reviewed Morrisons UK/IE extract 2026-09-01; source=morrisons_private_label_review_uk_ie_20260901; n=637; example: 100 English Breakfast Tea Bags
Morrisons,morrisons bakers,Market Street,private_label_line,UK_IE,food_beverage,confirm,reviewed Morrisons UK/IE extract 2026-09-01; source=morrisons_private_label_review_uk_ie_20260901; n=1; example: Butter croissants
Morrisons,morrisons best,The Best,private_label_line,UK_IE,food_beverage,confirm,reviewed Morrisons UK/IE extract 2026-09-01; source=morrisons_private_label_review_uk_ie_20260901; n=1; example: Fat free authentic Greek yogurt
Morrisons,morrisons cake shop,Market Street,private_label_line,UK_IE,food_beverage,confirm,reviewed Morrisons UK/IE extract 2026-09-01; source=morrisons_private_label_review_uk_ie_20260901; n=1; example: 5 White Chocolate Chip Cookies
Morrisons,morrisons cake shop on market street,Market Street,private_label_line,UK_IE,food_beverage,confirm,reviewed Morrisons UK/IE extract 2026-09-01; source=morrisons_private_label_review_uk_ie_20260901; n=1; example: 5 White Chocolate Chip Cookies
Morrisons,morrisons free from,Morrisons Free From,private_label_line,UK_IE,food_beverage,confirm,reviewed Morrisons UK/IE extract 2026-09-01; source=morrisons_private_label_review_uk_ie_20260901; n=2; example: choco crackles
Morrisons,morrisons freefrom,Morrisons Free From,private_label_line,UK_IE,food_beverage,confirm,reviewed Morrisons UK/IE extract 2026-09-01; source=morrisons_private_label_review_uk_ie_20260901; n=0
Morrisons,morrisons make,Morrisons,retailer_brand,UK_IE,food_beverage,confirm,reviewed Morrisons UK/IE extract 2026-09-01; source=morrisons_private_label_review_uk_ie_20260901; n=1; example: Iceland chocolate desserts
Morrisons,morrisons market street,Market Street,private_label_line,UK_IE,food_beverage,confirm,reviewed Morrisons UK/IE extract 2026-09-01; source=morrisons_private_label_review_uk_ie_20260901; n=0
Morrisons,morrisons nourish,Nourish,private_label_line,UK_IE,food_beverage,confirm,reviewed Morrisons UK/IE extract 2026-09-01; source=morrisons_private_label_review_uk_ie_20260901; n=0
Morrisons,morrisons own,Morrisons,retailer_brand,UK_IE,food_beverage,confirm,reviewed Morrisons UK/IE extract 2026-09-01; source=morrisons_private_label_review_uk_ie_20260901; n=1; example: Fizzy strawberry straws
Morrisons,morrisons plant revolution,Plant Revolution,private_label_line,UK_IE,food_beverage,confirm,reviewed Morrisons UK/IE extract 2026-09-01; source=morrisons_private_label_review_uk_ie_20260901; n=0
Morrisons,morrisons savers,Morrisons Savers,private_label_line,UK_IE,food_beverage,confirm,reviewed Morrisons UK/IE extract 2026-09-01; source=morrisons_private_label_review_uk_ie_20260901; n=12; example: Sparkling water
Morrisons,morrisons signature,M Signature,private_label_line,UK_IE,food_beverage,confirm,reviewed Morrisons UK/IE extract 2026-09-01; source=morrisons_private_label_review_uk_ie_20260901; n=7; example: Caramel & Raspberry White Chocolate
Morrisons,morrisons the best,The Best,private_label_line,UK_IE,food_beverage,confirm,reviewed Morrisons UK/IE extract 2026-09-01; source=morrisons_private_label_review_uk_ie_20260901; n=11; example: Decaffeinated Espresso Coffee Capsules
Morrisons,morrisons value,Morrisons Savers,private_label_line,UK_IE,food_beverage,confirm,reviewed Morrisons UK/IE extract 2026-09-01; source=morrisons_private_label_review_uk_ie_20260901; n=0
Morrisons,morrissons,Morrisons,retailer_brand,UK_IE,food_beverage,confirm,reviewed Morrisons UK/IE extract 2026-09-01; source=morrisons_private_label_review_uk_ie_20260901; n=8; example: Pineapple juice from concentrate
Morrisons,the best morrisons,The Best,private_label_line,UK_IE,food_beverage,confirm,reviewed Morrisons UK/IE extract 2026-09-01; source=morrisons_private_label_review_uk_ie_20260901; n=3; example: All Butter Fruit & Oat Cookies
Morrisons,the market street,Market Street,private_label_line,UK_IE,food_beverage,confirm,reviewed Morrisons UK/IE extract 2026-09-01; source=morrisons_private_label_review_uk_ie_20260901; n=1; example: 6 Shortcrust Mince Pies
Morrisons,plant revolution,Plant Revolution,private_label_line,UK_IE,food_beverage,confirm,reviewed Morrisons UK/IE extract 2026-09-01; source=morrisons_private_label_review_uk_ie_20260901; n=1; example: Plant revolution flapjack
Waitrose,angela hartnett with waitrose,Angela Hartnett with Waitrose,private_label_line,UK_IE,food_beverage,confirm,reviewed Waitrose UK/IE extract 2026-09-01; source=waitrose_private_label_review_uk_ie_20260901; n=0
Waitrose,cook's ingredients,Cooks' Ingredients,private_label_line,UK_IE,food_beverage,confirm,reviewed Waitrose UK/IE extract 2026-09-01; source=waitrose_private_label_review_uk_ie_20260901; n=0
Waitrose,cooks ingredients,Cooks' Ingredients,private_label_line,UK_IE,food_beverage,confirm,reviewed Waitrose UK/IE extract 2026-09-01; source=waitrose_private_label_review_uk_ie_20260901; n=0
Waitrose,cooks' ingredients,Cooks' Ingredients,private_label_line,UK_IE,food_beverage,confirm,reviewed Waitrose UK/IE extract 2026-09-01; source=waitrose_private_label_review_uk_ie_20260901; n=0
Waitrose,duchy organic,Duchy Organic,private_label_line,UK_IE,food_beverage,confirm,reviewed Waitrose UK/IE extract 2026-09-01; source=waitrose_private_label_review_uk_ie_20260901; n=10; example: Organic Muesli With Raisins & Almonds
Waitrose,duchy originals from waitrose,Duchy Originals from Waitrose,private_label_line,UK_IE,food_beverage,confirm,reviewed Waitrose UK/IE extract 2026-09-01; source=waitrose_private_label_review_uk_ie_20260901; n=2; example: Rhubarb Yoghurt
Waitrose,essential waitrose,Essential Waitrose,private_label_line,UK_IE,food_beverage,confirm,reviewed Waitrose UK/IE extract 2026-09-01; source=waitrose_private_label_review_uk_ie_20260901; n=50; example: Cranberry juice drink
Waitrose,essential waitrose and partners,Essential Waitrose,private_label_line,UK_IE,food_beverage,confirm,reviewed Waitrose UK/IE extract 2026-09-01; source=waitrose_private_label_review_uk_ie_20260901; n=13; example: Coconut Milk
Waitrose,from waitrose,Waitrose,retailer_brand,UK_IE,food_beverage,confirm,reviewed Waitrose UK/IE extract 2026-09-01; source=waitrose_private_label_review_uk_ie_20260901; n=1; example: reblochon de savoie A.O.P.
Waitrose,good to go waitrose,GOOD TO GO,private_label_line,UK_IE,food_beverage,confirm,reviewed Waitrose UK/IE extract 2026-09-01; source=waitrose_private_label_review_uk_ie_20260901; n=0
Waitrose,heston from waitrose,Heston from Waitrose,private_label_line,UK_IE,food_beverage,confirm,reviewed Waitrose UK/IE extract 2026-09-01; source=waitrose_private_label_review_uk_ie_20260901; n=0
Waitrose,love life free from waitrose,Waitrose LOVE life,private_label_line,UK_IE,food_beverage,confirm,reviewed Waitrose UK/IE extract 2026-09-01; source=waitrose_private_label_review_uk_ie_20260901; n=0
Waitrose,menu from waitrose,Menu from Waitrose,private_label_line,UK_IE,food_beverage,confirm,reviewed Waitrose UK/IE extract 2026-09-01; source=waitrose_private_label_review_uk_ie_20260901; n=0
Waitrose,no 1 waitrose,Waitrose No.1,private_label_line,UK_IE,food_beverage,confirm,reviewed Waitrose UK/IE extract 2026-09-01; source=waitrose_private_label_review_uk_ie_20260901; n=2; example: Fruity Berry Granola
Waitrose,no1 waitrose,Waitrose No.1,private_label_line,UK_IE,food_beverage,confirm,reviewed Waitrose UK/IE extract 2026-09-01; source=waitrose_private_label_review_uk_ie_20260901; n=1; example: Crocants de Cordes
Waitrose,plant living,PlantLiving,private_label_line,UK_IE,food_beverage,confirm,reviewed Waitrose UK/IE extract 2026-09-01; source=waitrose_private_label_review_uk_ie_20260901; n=0
Waitrose,plantliving,PlantLiving,private_label_line,UK_IE,food_beverage,confirm,reviewed Waitrose UK/IE extract 2026-09-01; source=waitrose_private_label_review_uk_ie_20260901; n=0
Waitrose,seriously from waitrose,Seriously from Waitrose,private_label_line,UK_IE,food_beverage,confirm,reviewed Waitrose UK/IE extract 2026-09-01; source=waitrose_private_label_review_uk_ie_20260901; n=0
Waitrose,waitrose,Waitrose,retailer_brand,UK_IE,food_beverage,confirm,reviewed Waitrose UK/IE extract 2026-09-01; source=waitrose_private_label_review_uk_ie_20260901; n=562; example: Almond Unsweeteened
Waitrose,waitrose and partners,Waitrose,retailer_brand,UK_IE,food_beverage,confirm,reviewed Waitrose UK/IE extract 2026-09-01; source=waitrose_private_label_review_uk_ie_20260901; n=18; example: Apple & Mango High juice
Waitrose,waitrose and partners dutch organic,Duchy Organic,private_label_line,UK_IE,food_beverage,confirm,reviewed Waitrose UK/IE extract 2026-09-01; source=waitrose_private_label_review_uk_ie_20260901; n=1; example: Highland All Butter Shortbread Rounds
Waitrose,waitrose christmas,Waitrose,retailer_brand,UK_IE,food_beverage,confirm,reviewed Waitrose UK/IE extract 2026-09-01; source=waitrose_private_label_review_uk_ie_20260901; n=1; example: CHOCOLATE KNOTS
Waitrose,waitrose cooks ingredients,Cooks' Ingredients,private_label_line,UK_IE,food_beverage,confirm,reviewed Waitrose UK/IE extract 2026-09-01; source=waitrose_private_label_review_uk_ie_20260901; n=0
Waitrose,waitrose duchy,Duchy Organic,private_label_line,UK_IE,food_beverage,confirm,reviewed Waitrose UK/IE extract 2026-09-01; source=waitrose_private_label_review_uk_ie_20260901; n=1; example: Organic semi skimmed milk
Waitrose,waitrose duchy organic,Duchy Organic,private_label_line,UK_IE,food_beverage,confirm,reviewed Waitrose UK/IE extract 2026-09-01; source=waitrose_private_label_review_uk_ie_20260901; n=7; example: Golden Ale
Waitrose,waitrose essential,Essential Waitrose,private_label_line,UK_IE,food_beverage,confirm,reviewed Waitrose UK/IE extract 2026-09-01; source=waitrose_private_label_review_uk_ie_20260901; n=2; example: No Added Sugar Raisin Wheats
Waitrose,waitrose essentials,Essential Waitrose,private_label_line,UK_IE,food_beverage,confirm,reviewed Waitrose UK/IE extract 2026-09-01; source=waitrose_private_label_review_uk_ie_20260901; n=1; example: coconut milk
Waitrose,waitrose free from,Waitrose Free From,private_label_line,UK_IE,food_beverage,confirm,reviewed Waitrose UK/IE extract 2026-09-01; source=waitrose_private_label_review_uk_ie_20260901; n=0
Waitrose,waitrose freefrom,Waitrose Free From,private_label_line,UK_IE,food_beverage,confirm,reviewed Waitrose UK/IE extract 2026-09-01; source=waitrose_private_label_review_uk_ie_20260901; n=0
Waitrose,waitrose good to go,GOOD TO GO,private_label_line,UK_IE,food_beverage,confirm,reviewed Waitrose UK/IE extract 2026-09-01; source=waitrose_private_label_review_uk_ie_20260901; n=0
Waitrose,waitrose leckford estate,Leckford Estate,private_label_line,UK_IE,food_beverage,confirm,reviewed Waitrose UK/IE extract 2026-09-01; source=waitrose_private_label_review_uk_ie_20260901; n=0
Waitrose,waitrose love life,Waitrose LOVE life,private_label_line,UK_IE,food_beverage,confirm,reviewed Waitrose UK/IE extract 2026-09-01; source=waitrose_private_label_review_uk_ie_20260901; n=0
Waitrose,waitrose no 1,Waitrose No.1,private_label_line,UK_IE,food_beverage,confirm,reviewed Waitrose UK/IE extract 2026-09-01; source=waitrose_private_label_review_uk_ie_20260901; n=2; example: Yogurt With Cherry Compote
Waitrose,waitrose no1,Waitrose No.1,private_label_line,UK_IE,food_beverage,confirm,reviewed Waitrose UK/IE extract 2026-09-01; source=waitrose_private_label_review_uk_ie_20260901; n=1; example: Seasonal Edition Dark Chocolate
Waitrose,waitrose plant living,PlantLiving,private_label_line,UK_IE,food_beverage,confirm,reviewed Waitrose UK/IE extract 2026-09-01; source=waitrose_private_label_review_uk_ie_20260901; n=0
Waitrose,waitrose plantliving,PlantLiving,private_label_line,UK_IE,food_beverage,confirm,reviewed Waitrose UK/IE extract 2026-09-01; source=waitrose_private_label_review_uk_ie_20260901; n=0
Waitrose,waitrose seriously,Seriously from Waitrose,private_label_line,UK_IE,food_beverage,confirm,reviewed Waitrose UK/IE extract 2026-09-01; source=waitrose_private_label_review_uk_ie_20260901; n=0
Aldi,acti leaf,ActiLeaf,private_label_line,UK_IE,food_beverage,confirm,reviewed Aldi UK/IE extract 2026-09-01; source=aldi_private_label_review_uk_ie_20260901; n=2; example: Acti Leaf Chilled Oat Drink No Added Sugar 1l
Aldi,actileaf,ActiLeaf,private_label_line,UK_IE,food_beverage,confirm,reviewed Aldi UK/IE extract 2026-09-01; source=aldi_private_label_review_uk_ie_20260901; n=2; example: Unsweetened UHT Soya Drink
Aldi,alcafe,Alcafé,private_label_line,UK_IE,food_beverage,confirm,reviewed Aldi UK/IE extract 2026-09-01; source=aldi_private_label_review_uk_ie_20260901; n=9; example: ALCAFÉ Rich roast coffee
Aldi,alcafé,Alcafé,private_label_line,UK_IE,food_beverage,confirm,reviewed Aldi UK/IE extract 2026-09-01; source=aldi_private_label_review_uk_ie_20260901; n=9; example: ALCAFÉ Rich roast coffee
Aldi,aldi,Aldi,retailer_brand,UK_IE,food_beverage,confirm,reviewed Aldi UK/IE extract 2026-09-01; source=aldi_private_label_review_uk_ie_20260901; n=418; example: 100% Fruit smoothies
Aldi,aldi brooklea,Brooklea,private_label_line,UK_IE,food_beverage,confirm,reviewed Aldi UK/IE extract 2026-09-01; source=aldi_private_label_review_uk_ie_20260901; n=1; example: Brooklea Greek Yoghurt with Honey
Aldi,aldi emporium,Emporium,private_label_line,UK_IE,food_beverage,confirm,reviewed Aldi UK/IE extract 2026-09-01; source=aldi_private_label_review_uk_ie_20260901; n=0
Aldi,aldi harvest morn,Harvest Morn,private_label_line,UK_IE,food_beverage,confirm,reviewed Aldi UK/IE extract 2026-09-01; source=aldi_private_label_review_uk_ie_20260901; n=3; example: Choco Shells
Aldi,aldi plant menu,Plant Menu,private_label_line,UK_IE,food_beverage,confirm,reviewed Aldi UK/IE extract 2026-09-01; source=aldi_private_label_review_uk_ie_20260901; n=0
Aldi,aldi specially selected,Specially Selected,private_label_line,UK_IE,food_beverage,confirm,reviewed Aldi UK/IE extract 2026-09-01; source=aldi_private_label_review_uk_ie_20260901; n=17; example: 50 Month Reserve Cheddar
Aldi,aldis specially selected,Specially Selected,private_label_line,UK_IE,food_beverage,confirm,reviewed Aldi UK/IE extract 2026-09-01; source=aldi_private_label_review_uk_ie_20260901; n=1; example: SELECTED Carrot Cake ngs 6cale pprox. 63g) 1015k/2
Aldi,belmont bakery,Belmont,private_label_line,UK_IE,food_beverage,confirm,reviewed Aldi UK/IE extract 2026-09-01; source=aldi_private_label_review_uk_ie_20260901; n=1; example: WHITE CHOCOLATE COOKIES
Aldi,belmont biscuit co,Belmont,private_label_line,UK_IE,food_beverage,confirm,reviewed Aldi UK/IE extract 2026-09-01; source=aldi_private_label_review_uk_ie_20260901; n=1; example: Milk chocolate butter biscuits
Aldi,belmont biscuits,Belmont,private_label_line,UK_IE,food_beverage,confirm,reviewed Aldi UK/IE extract 2026-09-01; source=aldi_private_label_review_uk_ie_20260901; n=16; example: Bourbon creams
Aldi,bon appetit,Bon Appétit,private_label_line,UK_IE,food_beverage,confirm,reviewed Aldi UK/IE extract 2026-09-01; source=aldi_private_label_review_uk_ie_20260901; n=8; example: Chocolate Brioche
Aldi,bon appetit!,Bon Appétit,private_label_line,UK_IE,food_beverage,confirm,reviewed Aldi UK/IE extract 2026-09-01; source=aldi_private_label_review_uk_ie_20260901; n=8; example: Chocolate Brioche
Aldi,bon appétit,Bon Appétit,private_label_line,UK_IE,food_beverage,confirm,reviewed Aldi UK/IE extract 2026-09-01; source=aldi_private_label_review_uk_ie_20260901; n=8; example: Chocolate Brioche
Aldi,brooklea,Brooklea,private_label_line,UK_IE,food_beverage,confirm,reviewed Aldi UK/IE extract 2026-09-01; source=aldi_private_label_review_uk_ie_20260901; n=102; example: Active Low Fat Yogurt Strawberry
Aldi,cambalala,Cambalala,private_label_line,UK_IE,food_beverage,confirm,reviewed Aldi UK/IE extract 2026-09-01; source=aldi_private_label_review_uk_ie_20260901; n=1; example: Sauvignon Blanc
Aldi,coco loco,Coco Loco,private_label_line,UK_IE,food_beverage,confirm,reviewed Aldi UK/IE extract 2026-09-01; source=aldi_private_label_review_uk_ie_20260901; n=1; example: Coconut Water
Aldi,costellore,Costellore,private_label_line,UK_IE,food_beverage,confirm,reviewed Aldi UK/IE extract 2026-09-01; source=aldi_private_label_review_uk_ie_20260901; n=2; example: Prosecco
Aldi,cowbelle,Cowbelle,private_label_line,UK_IE,food_beverage,confirm,reviewed Aldi UK/IE extract 2026-09-01; source=aldi_private_label_review_uk_ie_20260901; n=46; example: British filtered semi skinned milk
Aldi,cup shotz,Cup Shotz,private_label_line,UK_IE,food_beverage,confirm,reviewed Aldi UK/IE extract 2026-09-01; source=aldi_private_label_review_uk_ie_20260901; n=1; example: Aldi
Aldi,dairyfine,Dairyfine,private_label_line,UK_IE,food_beverage,confirm,reviewed Aldi UK/IE extract 2026-09-01; source=aldi_private_label_review_uk_ie_20260901; n=34; example: Light Hot Chocolate Drink
Aldi,delicious desserts,Delicious Desserts,private_label_line,UK_IE,food_beverage,confirm,reviewed Aldi UK/IE extract 2026-09-01; source=aldi_private_label_review_uk_ie_20260901; n=2; example: Delicious Desserts Evaporated Milk
Aldi,dessert menu,Dessert Menu,private_label_line,UK_IE,food_beverage,confirm,reviewed Aldi UK/IE extract 2026-09-01; source=aldi_private_label_review_uk_ie_20260901; n=1; example: Custard
Aldi,easter wonders,Easter Wonders,private_label_line,UK_IE,food_beverage,confirm,reviewed Aldi UK/IE extract 2026-09-01; source=aldi_private_label_review_uk_ie_20260901; n=1; example: Chocolate flavour doughnuts
Aldi,enjoy free!,Enjoy Free!,private_label_line,UK_IE,food_beverage,confirm,reviewed Aldi UK/IE extract 2026-09-01; source=aldi_private_label_review_uk_ie_20260901; n=0
Aldi,enliven,The Juice Company,private_label_line,UK_IE,food_beverage,confirm,reviewed Aldi UK/IE extract 2026-09-01; source=aldi_private_label_review_uk_ie_20260901; n=0
Aldi,everyday essentials aldi,Everyday Essentials,private_label_line,UK_IE,food_beverage,confirm,reviewed Aldi UK/IE extract 2026-09-01; source=aldi_private_label_review_uk_ie_20260901; n=1; example: Dark Chocolate
Aldi,gianni's,Gianni's,private_label_line,UK_IE,food_beverage,confirm,reviewed Aldi UK/IE extract 2026-09-01; source=aldi_private_label_review_uk_ie_20260901; n=0
Aldi,giannis,Gianni's,private_label_line,UK_IE,food_beverage,confirm,reviewed Aldi UK/IE extract 2026-09-01; source=aldi_private_label_review_uk_ie_20260901; n=2; example: Gianni's™ RECIPE NEW 5 RECIPE LOLLIES CHERRY COLA
Aldi,greyson's,Greyson's,private_label_line,UK_IE,food_beverage,confirm,reviewed Aldi UK/IE extract 2026-09-01; source=aldi_private_label_review_uk_ie_20260901; n=0
Aldi,greysons,Greyson's,private_label_line,UK_IE,food_beverage,confirm,reviewed Aldi UK/IE extract 2026-09-01; source=aldi_private_label_review_uk_ie_20260901; n=1; example: London Dry Gin
Aldi,harvest morn,Harvest Morn,private_label_line,UK_IE,food_beverage,confirm,reviewed Aldi UK/IE extract 2026-09-01; source=aldi_private_label_review_uk_ie_20260901; n=112; example: Benefit
Aldi,holly lane,Holly Lane,private_label_line,UK_IE,food_beverage,confirm,reviewed Aldi UK/IE extract 2026-09-01; source=aldi_private_label_review_uk_ie_20260901; n=10; example: 5 Chocolate Chip Cake Bars
Aldi,infusionist,Infusionist,private_label_line,UK_IE,food_beverage,confirm,reviewed Aldi UK/IE extract 2026-09-01; source=aldi_private_label_review_uk_ie_20260901; n=0
Aldi,let's party,Let's Party,private_label_line,UK_IE,food_beverage,confirm,reviewed Aldi UK/IE extract 2026-09-01; source=aldi_private_label_review_uk_ie_20260901; n=0
Aldi,lockerbie farm,Lockerbie Farm,private_label_line,UK_IE,food_beverage,confirm,reviewed Aldi UK/IE extract 2026-09-01; source=aldi_private_label_review_uk_ie_20260901; n=0
Aldi,nordpak,Nordpak,private_label_line,UK_IE,food_beverage,confirm,reviewed Aldi UK/IE extract 2026-09-01; source=aldi_private_label_review_uk_ie_20260901; n=1; example: Slightly Salted Spreadable Butter
Aldi,old hopking,Old Hopking,private_label_line,UK_IE,food_beverage,confirm,reviewed Aldi UK/IE extract 2026-09-01; source=aldi_private_label_review_uk_ie_20260901; n=1; example: Premium Caribbean Spirit Drink - Spiced Gold
Aldi,organic mamia,Mamia,private_label_line,UK_IE,food_beverage,confirm,reviewed Aldi UK/IE extract 2026-09-01; source=aldi_private_label_review_uk_ie_20260901; n=7; example: Apple & blackcurrant spring water drink
Aldi,passions deli,Passions Deli,private_label_line,UK_IE,food_beverage,confirm,reviewed Aldi UK/IE extract 2026-09-01; source=aldi_private_label_review_uk_ie_20260901; n=1; example: Sweet and Salted Popcorn
Aldi,plant menu by aldi,Plant Menu,private_label_line,UK_IE,food_beverage,confirm,reviewed Aldi UK/IE extract 2026-09-01; source=aldi_private_label_review_uk_ie_20260901; n=1; example: Mature Slices
Aldi,professor peppy,Vive,private_label_line,UK_IE,food_beverage,confirm,reviewed Aldi UK/IE extract 2026-09-01; source=aldi_private_label_review_uk_ie_20260901; n=0
Aldi,rheinbacher,Rheinbacher,private_label_line,UK_IE,food_beverage,confirm,reviewed Aldi UK/IE extract 2026-09-01; source=aldi_private_label_review_uk_ie_20260901; n=2; example: premium pilsner
Aldi,rheinhbacher,Rheinbacher,private_label_line,UK_IE,food_beverage,confirm,reviewed Aldi UK/IE extract 2026-09-01; source=aldi_private_label_review_uk_ie_20260901; n=0
Aldi,ridge valley,Ridge Valley,private_label_line,UK_IE,food_beverage,confirm,reviewed Aldi UK/IE extract 2026-09-01; source=aldi_private_label_review_uk_ie_20260901; n=3; example: Limonata Italian Style Soda
Aldi,sainte etienne,Sainte Etienne,private_label_line,UK_IE,food_beverage,confirm,reviewed Aldi UK/IE extract 2026-09-01; source=aldi_private_label_review_uk_ie_20260901; n=1; example: Premium Lager Beer 0% Alcohol Free
Aldi,snackrite,Snackrite,private_label_line,UK_IE,food_beverage,confirm,reviewed Aldi UK/IE extract 2026-09-01; source=aldi_private_label_review_uk_ie_20260901; n=69; example: Strawberry Yogurt Bites
Aldi,specially selected aldi,Specially Selected,private_label_line,UK_IE,food_beverage,confirm,reviewed Aldi UK/IE extract 2026-09-01; source=aldi_private_label_review_uk_ie_20260901; n=3; example: Steak & Craft Ale
Aldi,specially selected by aldi,Specially Selected,private_label_line,UK_IE,food_beverage,confirm,reviewed Aldi UK/IE extract 2026-09-01; source=aldi_private_label_review_uk_ie_20260901; n=1; example: Sea Salt Crackers
Aldi,stackz,Snackrite,private_label_line,UK_IE,food_beverage,confirm,reviewed Aldi UK/IE extract 2026-09-01; source=aldi_private_label_review_uk_ie_20260901; n=1; example: Sour Cream & Onion Spicy
Aldi,stefanoff,Stefanoff,private_label_line,UK_IE,food_beverage,confirm,reviewed Aldi UK/IE extract 2026-09-01; source=aldi_private_label_review_uk_ie_20260901; n=1; example: Vodka
Aldi,the cheese emporium,Emporium,private_label_line,UK_IE,food_beverage,confirm,reviewed Aldi UK/IE extract 2026-09-01; source=aldi_private_label_review_uk_ie_20260901; n=0
Aldi,the dessert menu,Dessert Menu,private_label_line,UK_IE,food_beverage,confirm,reviewed Aldi UK/IE extract 2026-09-01; source=aldi_private_label_review_uk_ie_20260901; n=4; example: Condensed Milk
Aldi,the infusionist,Infusionist,private_label_line,UK_IE,food_beverage,confirm,reviewed Aldi UK/IE extract 2026-09-01; source=aldi_private_label_review_uk_ie_20260901; n=1; example: Strawberry Daiquiri
Aldi,aqua vale,Aqua Vale,private_label_line,UK_IE,food_beverage,confirm,reviewed Aldi UK/IE extract 2026-09-01; source=aldi_private_label_review_uk_ie_20260901; n=9; example: Aqua Vale Still Spring Water
Aldi,barissimo,Barissimo,private_label_line,UK_IE,food_beverage,confirm,reviewed Aldi UK/IE extract 2026-09-01; source=aldi_private_label_review_uk_ie_20260901; n=2; example: Espresso Classico - Ganze Bohne
Aldi,belmont,Belmont,private_label_line,UK_IE,food_beverage,confirm,reviewed Aldi UK/IE extract 2026-09-01; source=aldi_private_label_review_uk_ie_20260901; n=49; example: Belmont Biscuits Cookies & Cream Snack Pack
Aldi,bramwells,Bramwells,private_label_line,UK_IE,food_beverage,confirm,reviewed Aldi UK/IE extract 2026-09-01; source=aldi_private_label_review_uk_ie_20260901; n=1; example: Olive Oil And Sea Salt Crutons
Aldi,carlos,Carlos,private_label_line,UK_IE,food_beverage,confirm,reviewed Aldi UK/IE extract 2026-09-01; source=aldi_private_label_review_uk_ie_20260901; n=1; example: chewy & gooey cookies
Aldi,choceur,Choceur,private_label_line,UK_IE,food_beverage,confirm,reviewed Aldi UK/IE extract 2026-09-01; source=aldi_private_label_review_uk_ie_20260901; n=20; example: Choceur Instant Hot Chocolate Drink
Aldi,crestwood,Crestwood,private_label_line,UK_IE,food_beverage,confirm,reviewed Aldi UK/IE extract 2026-09-01; source=aldi_private_label_review_uk_ie_20260901; n=4; example: Chilli Beef Bakes
Aldi,cucina,Cucina,private_label_line,UK_IE,food_beverage,confirm,reviewed Aldi UK/IE extract 2026-09-01; source=aldi_private_label_review_uk_ie_20260901; n=2; example: Italian style grated cheese
Aldi,diplomat,Diplomat,private_label_line,UK_IE,food_beverage,confirm,reviewed Aldi UK/IE extract 2026-09-01; source=aldi_private_label_review_uk_ie_20260901; n=11; example: Diplomat Chamomile Tea
Aldi,dominion,Dominion,private_label_line,UK_IE,food_beverage,confirm,reviewed Aldi UK/IE extract 2026-09-01; source=aldi_private_label_review_uk_ie_20260901; n=23; example: Flix 'N' Mix
Aldi,emporium,Emporium,private_label_line,UK_IE,food_beverage,confirm,reviewed Aldi UK/IE extract 2026-09-01; source=aldi_private_label_review_uk_ie_20260901; n=69; example: EMPORIUM FRENCH Brie MILD AND CREAMY Amounts per 3
Aldi,everyday essentials,Everyday Essentials,private_label_line,UK_IE,food_beverage,confirm,reviewed Aldi UK/IE extract 2026-09-01; source=aldi_private_label_review_uk_ie_20260901; n=37; example: Everyday Essentials Soya Unsweetened
Aldi,four seasons,Four Seasons,private_label_line,UK_IE,food_beverage,confirm,reviewed Aldi UK/IE extract 2026-09-01; source=aldi_private_label_review_uk_ie_20260901; n=7; example: FOUR SEASES Shawberry SMOOTHIE MIX Look 8208 2013
Aldi,greenvale,Greenvale,private_label_line,UK_IE,food_beverage,confirm,"reviewed Aldi UK/IE extract 2026-09-01; source=aldi_private_label_review_uk_ie_20260901; n=3; example: Greenvale British Butter, salted"
Aldi,mamia,Mamia,private_label_line,UK_IE,food_beverage,confirm,reviewed Aldi UK/IE extract 2026-09-01; source=aldi_private_label_review_uk_ie_20260901; n=13; example: Organic mamia
Aldi,moser roth,Moser Roth,private_label_line,UK_IE,food_beverage,confirm,reviewed Aldi UK/IE extract 2026-09-01; source=aldi_private_label_review_uk_ie_20260901; n=39; example: Belgian Chocolate Seashells
Aldi,nature s pick,Nature's Pick,private_label_line,UK_IE,food_beverage,confirm,reviewed Aldi UK/IE extract 2026-09-01; source=aldi_private_label_review_uk_ie_20260901; n=1; example: SWEETCORN
Aldi,plant menu,Plant Menu,private_label_line,UK_IE,food_beverage,confirm,reviewed Aldi UK/IE extract 2026-09-01; source=aldi_private_label_review_uk_ie_20260901; n=3; example: Grated Cheddar
Aldi,red thunder,Red Thunder,private_label_line,UK_IE,food_beverage,confirm,reviewed Aldi UK/IE extract 2026-09-01; source=aldi_private_label_review_uk_ie_20260901; n=2; example: Energy Drink Original
Aldi,savour bakes,Savour Bakes,private_label_line,UK_IE,food_beverage,confirm,reviewed Aldi UK/IE extract 2026-09-01; source=aldi_private_label_review_uk_ie_20260901; n=25; example: Corn Cakes
Aldi,specially selected,Specially Selected,private_label_line,UK_IE,food_beverage,confirm,reviewed Aldi UK/IE extract 2026-09-01; source=aldi_private_label_review_uk_ie_20260901; n=126; example: Apple juice
Aldi,sun quench,Sun Quench,private_label_line,UK_IE,food_beverage,confirm,reviewed Aldi UK/IE extract 2026-09-01; source=aldi_private_label_review_uk_ie_20260901; n=11; example: Sun Quench
Aldi,taurus,Taurus,private_label_line,UK_IE,food_beverage,confirm,reviewed Aldi UK/IE extract 2026-09-01; source=aldi_private_label_review_uk_ie_20260901; n=1; example: Taurus Dark Fruit Cider
Aldi,the deli,The Deli,private_label_line,UK_IE,food_beverage,confirm,reviewed Aldi UK/IE extract 2026-09-01; source=aldi_private_label_review_uk_ie_20260901; n=1; example: Chorizo and gouda
Aldi,the foodie market,The Foodie Market,private_label_line,UK_IE,food_beverage,confirm,reviewed Aldi UK/IE extract 2026-09-01; source=aldi_private_label_review_uk_ie_20260901; n=21; example: CHIA SEEDS
Aldi,the juice company,The Juice Company,private_label_line,UK_IE,food_beverage,confirm,reviewed Aldi UK/IE extract 2026-09-01; source=aldi_private_label_review_uk_ie_20260901; n=34; example: SUPER SMOOTHIE THE Juice COMPANY MAXIMISE A DAILY
Aldi,the pantry,The Pantry,private_label_line,UK_IE,food_beverage,confirm,reviewed Aldi UK/IE extract 2026-09-01; source=aldi_private_label_review_uk_ie_20260901; n=7; example: Golden syrup
Aldi,village bakery,Village Bakery,private_label_line,UK_IE,food_beverage,confirm,reviewed Aldi UK/IE extract 2026-09-01; source=aldi_private_label_review_uk_ie_20260901; n=10; example: cake
Aldi,vive,Vive,private_label_line,UK_IE,food_beverage,confirm,reviewed Aldi UK/IE extract 2026-09-01; source=aldi_private_label_review_uk_ie_20260901; n=23; example: Professor Peppy
Lidl,1001 delights,1001 Delights,private_label_brand,UK_IE,food_beverage,confirm,reviewed Lidl UK/IE extract 2026-09-01; n=28; source=lidl_private_label_review_uk_ie_20260901; file=lidl_brand_reviewed_uk_ie_all_categories_LOCKED.csv; does not alter Lidl France
Lidl,1001 delights milbona,1001 Delights,private_label_brand,UK_IE,food_beverage,confirm,reviewed Lidl UK/IE extract 2026-09-01; n=1; source=lidl_private_label_review_uk_ie_20260901; file=lidl_brand_reviewed_uk_ie_all_categories_LOCKED.csv; does not alter Lidl France
Lidl,aberfoyle,Aberfoyle,private_label_brand,UK_IE,food_beverage,confirm,reviewed Lidl UK/IE extract 2026-09-01; n=5; source=lidl_private_label_review_uk_ie_20260901; file=lidl_brand_reviewed_uk_ie_all_categories_LOCKED.csv; does not alter Lidl France
Lidl,aberfoyle lidl,Aberfoyle,private_label_brand,UK_IE,food_beverage,confirm,reviewed Lidl UK/IE extract 2026-09-01; n=1; source=lidl_private_label_review_uk_ie_20260901; file=lidl_brand_reviewed_uk_ie_all_categories_LOCKED.csv; does not alter Lidl France
Lidl,alba bakeries,Alba Bakeries,private_label_brand,UK_IE,food_beverage,confirm,reviewed Lidl UK/IE extract 2026-09-01; n=6; source=lidl_private_label_review_uk_ie_20260901; file=lidl_brand_reviewed_uk_ie_all_categories_LOCKED.csv; does not alter Lidl France
Lidl,alesto,Alesto,private_label_brand,UK_IE,food_beverage,confirm,reviewed Lidl UK/IE extract 2026-09-01; n=132; source=lidl_private_label_review_uk_ie_20260901; file=lidl_brand_reviewed_uk_ie_all_categories_LOCKED.csv; does not alter Lidl France
Lidl,alesto lidl,Alesto,private_label_brand,UK_IE,food_beverage,confirm,reviewed Lidl UK/IE extract 2026-09-01; n=5; source=lidl_private_label_review_uk_ie_20260901; file=lidl_brand_reviewed_uk_ie_all_categories_LOCKED.csv; does not alter Lidl France
Lidl,alpen fest,Alpenfest,private_label_brand,UK_IE,food_beverage,confirm,reviewed Lidl UK/IE extract 2026-09-01; n=20; source=lidl_private_label_review_uk_ie_20260901; file=lidl_brand_reviewed_uk_ie_all_categories_LOCKED.csv; does not alter Lidl France
Lidl,alpen fest lidl,Alpenfest,private_label_brand,UK_IE,food_beverage,confirm,reviewed Lidl UK/IE extract 2026-09-01; n=2; source=lidl_private_label_review_uk_ie_20260901; file=lidl_brand_reviewed_uk_ie_all_categories_LOCKED.csv; does not alter Lidl France
Lidl,alpenfest,Alpenfest,private_label_brand,UK_IE,food_beverage,confirm,reviewed Lidl UK/IE extract 2026-09-01; n=6; source=lidl_private_label_review_uk_ie_20260901; file=lidl_brand_reviewed_uk_ie_all_categories_LOCKED.csv; does not alter Lidl France
Lidl,avena cerealien,Crownfield,private_label_brand,UK_IE,food_beverage,confirm,reviewed Lidl UK/IE extract 2026-09-01; n=2; source=lidl_private_label_review_uk_ie_20260901; file=lidl_brand_reviewed_uk_ie_all_categories_LOCKED.csv; does not alter Lidl France
Lidl,avena cerealien crownfield lidl,Crownfield,private_label_brand,UK_IE,food_beverage,confirm,reviewed Lidl UK/IE extract 2026-09-01; n=1; source=lidl_private_label_review_uk_ie_20260901; file=lidl_brand_reviewed_uk_ie_all_categories_LOCKED.csv; does not alter Lidl France
Lidl,belbake,Belbake,private_label_brand,UK_IE,food_beverage,confirm,reviewed Lidl UK/IE extract 2026-09-01; n=48; source=lidl_private_label_review_uk_ie_20260901; file=lidl_brand_reviewed_uk_ie_all_categories_LOCKED.csv; does not alter Lidl France
Lidl,bellarom,Bellarom,private_label_brand,UK_IE,food_beverage,confirm,reviewed Lidl UK/IE extract 2026-09-01; n=71; source=lidl_private_label_review_uk_ie_20260901; file=lidl_brand_reviewed_uk_ie_all_categories_LOCKED.csv; does not alter Lidl France
Lidl,bellarom fin carre,Bellarom,private_label_brand,UK_IE,food_beverage,confirm,reviewed Lidl UK/IE extract 2026-09-01; n=1; source=lidl_private_label_review_uk_ie_20260901; file=lidl_brand_reviewed_uk_ie_all_categories_LOCKED.csv; does not alter Lidl France
Lidl,bellarom lidl,Bellarom,private_label_brand,UK_IE,food_beverage,confirm,reviewed Lidl UK/IE extract 2026-09-01; n=3; source=lidl_private_label_review_uk_ie_20260901; file=lidl_brand_reviewed_uk_ie_all_categories_LOCKED.csv; does not alter Lidl France
Lidl,bio organic,Milbona,private_label_brand,UK_IE,food_beverage,confirm,reviewed Lidl UK/IE extract 2026-09-01; n=2; source=lidl_private_label_review_uk_ie_20260901; file=lidl_brand_reviewed_uk_ie_all_categories_LOCKED.csv; does not alter Lidl France
Lidl,bio organic lidl milbona,Milbona,private_label_brand,UK_IE,food_beverage,confirm,reviewed Lidl UK/IE extract 2026-09-01; n=1; source=lidl_private_label_review_uk_ie_20260901; file=lidl_brand_reviewed_uk_ie_all_categories_LOCKED.csv; does not alter Lidl France
Lidl,bon gelati,Bon Gelati,private_label_brand,UK_IE,food_beverage,confirm,reviewed Lidl UK/IE extract 2026-09-01; n=2; source=lidl_private_label_review_uk_ie_20260901; file=lidl_brand_reviewed_uk_ie_all_categories_LOCKED.csv; does not alter Lidl France
Lidl,bros kalogeraki,Eridanous,private_label_brand,UK_IE,food_beverage,confirm,reviewed Lidl UK/IE extract 2026-09-01; n=5; source=lidl_private_label_review_uk_ie_20260901; file=lidl_brand_reviewed_uk_ie_all_categories_LOCKED.csv; does not alter Lidl France
Lidl,bros kalogeraki eridanous lidl,Eridanous,private_label_brand,UK_IE,food_beverage,confirm,reviewed Lidl UK/IE extract 2026-09-01; n=1; source=lidl_private_label_review_uk_ie_20260901; file=lidl_brand_reviewed_uk_ie_all_categories_LOCKED.csv; does not alter Lidl France
Lidl,carlton,Milbona,private_label_brand,UK_IE,food_beverage,confirm,reviewed Lidl UK/IE extract 2026-09-01; n=2; source=lidl_private_label_review_uk_ie_20260901; file=lidl_brand_reviewed_uk_ie_all_categories_LOCKED.csv; does not alter Lidl France
Lidl,carlton milbona,Milbona,private_label_brand,UK_IE,food_beverage,confirm,reviewed Lidl UK/IE extract 2026-09-01; n=1; source=lidl_private_label_review_uk_ie_20260901; file=lidl_brand_reviewed_uk_ie_all_categories_LOCKED.csv; does not alter Lidl France
Lidl,carrick glen,Carrick Glen,private_label_brand,UK_IE,food_beverage,confirm,reviewed Lidl UK/IE extract 2026-09-01; n=65; source=lidl_private_label_review_uk_ie_20260901; file=lidl_brand_reviewed_uk_ie_all_categories_LOCKED.csv; does not alter Lidl France
Lidl,carrick glen lidl,Carrick Glen,private_label_brand,UK_IE,food_beverage,confirm,reviewed Lidl UK/IE extract 2026-09-01; n=1; source=lidl_private_label_review_uk_ie_20260901; file=lidl_brand_reviewed_uk_ie_all_categories_LOCKED.csv; does not alter Lidl France
Lidl,carrick green,Carrick Glen,private_label_brand,UK_IE,food_beverage,confirm,reviewed Lidl UK/IE extract 2026-09-01; n=5; source=lidl_private_label_review_uk_ie_20260901; file=lidl_brand_reviewed_uk_ie_all_categories_LOCKED.csv; does not alter Lidl France
Lidl,carrick green lidl lidl carrick glen,Carrick Glen,private_label_brand,UK_IE,food_beverage,confirm,reviewed Lidl UK/IE extract 2026-09-01; n=1; source=lidl_private_label_review_uk_ie_20260901; file=lidl_brand_reviewed_uk_ie_all_categories_LOCKED.csv; does not alter Lidl France
Lidl,chef select,Chef Select,private_label_brand,UK_IE,food_beverage,confirm,reviewed Lidl UK/IE extract 2026-09-01; n=28; source=lidl_private_label_review_uk_ie_20260901; file=lidl_brand_reviewed_uk_ie_all_categories_LOCKED.csv; does not alter Lidl France
Lidl,chene d argent,Chêne d'Argent,private_label_brand,UK_IE,food_beverage,confirm,reviewed Lidl UK/IE extract 2026-09-01; n=13; source=lidl_private_label_review_uk_ie_20260901; file=lidl_brand_reviewed_uk_ie_all_categories_LOCKED.csv; does not alter Lidl France
Lidl,chene d argent duc de coeur,Chêne d'Argent,private_label_brand,UK_IE,food_beverage,confirm,reviewed Lidl UK/IE extract 2026-09-01; n=1; source=lidl_private_label_review_uk_ie_20260901; file=lidl_brand_reviewed_uk_ie_all_categories_LOCKED.csv; does not alter Lidl France
Lidl,chene d argent duc de coeur lidl,Chêne d'Argent,private_label_brand,UK_IE,food_beverage,confirm,reviewed Lidl UK/IE extract 2026-09-01; n=1; source=lidl_private_label_review_uk_ie_20260901; file=lidl_brand_reviewed_uk_ie_all_categories_LOCKED.csv; does not alter Lidl France
Lidl,chene d argent lidl milbona lidl,Chêne d'Argent,private_label_brand,UK_IE,food_beverage,confirm,reviewed Lidl UK/IE extract 2026-09-01; n=1; source=lidl_private_label_review_uk_ie_20260901; file=lidl_brand_reviewed_uk_ie_all_categories_LOCKED.csv; does not alter Lidl France
Lidl,chene dargent,Chêne d'Argent,private_label_brand,UK_IE,food_beverage,confirm,reviewed Lidl UK/IE extract 2026-09-01; n=34; source=lidl_private_label_review_uk_ie_20260901; file=lidl_brand_reviewed_uk_ie_all_categories_LOCKED.csv; does not alter Lidl France
Lidl,chene dargent duc de coeur,Chêne d'Argent,private_label_brand,UK_IE,food_beverage,confirm,reviewed Lidl UK/IE extract 2026-09-01; n=1; source=lidl_private_label_review_uk_ie_20260901; file=lidl_brand_reviewed_uk_ie_all_categories_LOCKED.csv; does not alter Lidl France
Lidl,cimarosa,Cimarosa,private_label_brand,UK_IE,food_beverage,confirm,reviewed Lidl UK/IE extract 2026-09-01; n=41; source=lidl_private_label_review_uk_ie_20260901; file=lidl_brand_reviewed_uk_ie_all_categories_LOCKED.csv; does not alter Lidl France
Lidl,cimarosa valle central,Cimarosa,private_label_brand,UK_IE,food_beverage,confirm,reviewed Lidl UK/IE extract 2026-09-01; n=1; source=lidl_private_label_review_uk_ie_20260901; file=lidl_brand_reviewed_uk_ie_all_categories_LOCKED.csv; does not alter Lidl France
Lidl,confiserie firenge,Confiserie Firenze,private_label_brand,UK_IE,food_beverage,confirm,reviewed Lidl UK/IE extract 2026-09-01; n=2; source=lidl_private_label_review_uk_ie_20260901; file=lidl_brand_reviewed_uk_ie_all_categories_LOCKED.csv; does not alter Lidl France
Lidl,confiserie firenze,Confiserie Firenze,private_label_brand,UK_IE,food_beverage,confirm,reviewed Lidl UK/IE extract 2026-09-01; n=24; source=lidl_private_label_review_uk_ie_20260901; file=lidl_brand_reviewed_uk_ie_all_categories_LOCKED.csv; does not alter Lidl France
Lidl,confiserie firenze lidl,Confiserie Firenze,private_label_brand,UK_IE,food_beverage,confirm,reviewed Lidl UK/IE extract 2026-09-01; n=6; source=lidl_private_label_review_uk_ie_20260901; file=lidl_brand_reviewed_uk_ie_all_categories_LOCKED.csv; does not alter Lidl France
Lidl,coolree,Coolree,private_label_brand,UK_IE,food_beverage,confirm,reviewed Lidl UK/IE extract 2026-09-01; n=6; source=lidl_private_label_review_uk_ie_20260901; file=lidl_brand_reviewed_uk_ie_all_categories_LOCKED.csv; does not alter Lidl France
Lidl,crownfield,Crownfield,private_label_brand,UK_IE,food_beverage,confirm,reviewed Lidl UK/IE extract 2026-09-01; n=478; source=lidl_private_label_review_uk_ie_20260901; file=lidl_brand_reviewed_uk_ie_all_categories_LOCKED.csv; does not alter Lidl France
Lidl,crownfield cronfield,Crownfield,private_label_brand,UK_IE,food_beverage,confirm,reviewed Lidl UK/IE extract 2026-09-01; n=1; source=lidl_private_label_review_uk_ie_20260901; file=lidl_brand_reviewed_uk_ie_all_categories_LOCKED.csv; does not alter Lidl France
Lidl,crownfield lidl,Crownfield,private_label_brand,UK_IE,food_beverage,confirm,reviewed Lidl UK/IE extract 2026-09-01; n=15; source=lidl_private_label_review_uk_ie_20260901; file=lidl_brand_reviewed_uk_ie_all_categories_LOCKED.csv; does not alter Lidl France
Lidl,crownfield lidl nordgetreide,Crownfield,private_label_brand,UK_IE,food_beverage,confirm,reviewed Lidl UK/IE extract 2026-09-01; n=1; source=lidl_private_label_review_uk_ie_20260901; file=lidl_brand_reviewed_uk_ie_all_categories_LOCKED.csv; does not alter Lidl France
Lidl,dairy farmers,Dairy Manor,private_label_brand,UK_IE,food_beverage,confirm,reviewed Lidl UK/IE extract 2026-09-01; n=5; source=lidl_private_label_review_uk_ie_20260901; file=lidl_brand_reviewed_uk_ie_all_categories_LOCKED.csv; does not alter Lidl France
Lidl,dairy farmers dairy manor,Dairy Manor,private_label_brand,UK_IE,food_beverage,confirm,reviewed Lidl UK/IE extract 2026-09-01; n=1; source=lidl_private_label_review_uk_ie_20260901; file=lidl_brand_reviewed_uk_ie_all_categories_LOCKED.csv; does not alter Lidl France
Lidl,dairy manor,Dairy Manor,private_label_brand,UK_IE,food_beverage,confirm,reviewed Lidl UK/IE extract 2026-09-01; n=197; source=lidl_private_label_review_uk_ie_20260901; file=lidl_brand_reviewed_uk_ie_all_categories_LOCKED.csv; does not alter Lidl France
Lidl,dairy manor morning fresh,Dairy Manor,private_label_brand,UK_IE,food_beverage,confirm,reviewed Lidl UK/IE extract 2026-09-01; n=1; source=lidl_private_label_review_uk_ie_20260901; file=lidl_brand_reviewed_uk_ie_all_categories_LOCKED.csv; does not alter Lidl France
Lidl,de maro food group b v,McEnnedy,private_label_brand,UK_IE,food_beverage,confirm,reviewed Lidl UK/IE extract 2026-09-01; n=5; source=lidl_private_label_review_uk_ie_20260901; file=lidl_brand_reviewed_uk_ie_all_categories_LOCKED.csv; does not alter Lidl France
Lidl,de maro food group b v lidl mcennedy,McEnnedy,private_label_brand,UK_IE,food_beverage,confirm,reviewed Lidl UK/IE extract 2026-09-01; n=1; source=lidl_private_label_review_uk_ie_20260901; file=lidl_brand_reviewed_uk_ie_all_categories_LOCKED.csv; does not alter Lidl France
Lidl,deluxe,Deluxe,private_label_brand,UK_IE,food_beverage,confirm,reviewed Lidl UK/IE extract 2026-09-01; n=308; source=lidl_private_label_review_uk_ie_20260901; file=lidl_brand_reviewed_uk_ie_all_categories_LOCKED.csv; does not alter Lidl France
Lidl,deluxe by lidl,Deluxe,private_label_brand,UK_IE,food_beverage,confirm,reviewed Lidl UK/IE extract 2026-09-01; n=8; source=lidl_private_label_review_uk_ie_20260901; file=lidl_brand_reviewed_uk_ie_all_categories_LOCKED.csv; does not alter Lidl France
Lidl,deluxe lidl,Deluxe,private_label_brand,UK_IE,food_beverage,confirm,reviewed Lidl UK/IE extract 2026-09-01; n=35; source=lidl_private_label_review_uk_ie_20260901; file=lidl_brand_reviewed_uk_ie_all_categories_LOCKED.csv; does not alter Lidl France
Lidl,deluxe lidl deluxe,Deluxe,private_label_brand,UK_IE,food_beverage,confirm,reviewed Lidl UK/IE extract 2026-09-01; n=1; source=lidl_private_label_review_uk_ie_20260901; file=lidl_brand_reviewed_uk_ie_all_categories_LOCKED.csv; does not alter Lidl France
Lidl,deluxe tortilla crisps,Deluxe,private_label_brand,UK_IE,food_beverage,confirm,reviewed Lidl UK/IE extract 2026-09-01; n=5; source=lidl_private_label_review_uk_ie_20260901; file=lidl_brand_reviewed_uk_ie_all_categories_LOCKED.csv; does not alter Lidl France
Lidl,duc de coeur,Duc de Cœur,private_label_brand,UK_IE,food_beverage,confirm,reviewed Lidl UK/IE extract 2026-09-01; n=32; source=lidl_private_label_review_uk_ie_20260901; file=lidl_brand_reviewed_uk_ie_all_categories_LOCKED.csv; does not alter Lidl France
Lidl,duc de coeur lidl,Duc de Cœur,private_label_brand,UK_IE,food_beverage,confirm,reviewed Lidl UK/IE extract 2026-09-01; n=2; source=lidl_private_label_review_uk_ie_20260901; file=lidl_brand_reviewed_uk_ie_all_categories_LOCKED.csv; does not alter Lidl France
Lidl,eridanous,Eridanous,private_label_brand,UK_IE,food_beverage,confirm,reviewed Lidl UK/IE extract 2026-09-01; n=58; source=lidl_private_label_review_uk_ie_20260901; file=lidl_brand_reviewed_uk_ie_all_categories_LOCKED.csv; does not alter Lidl France
Lidl,eridanous lidl,Eridanous,private_label_brand,UK_IE,food_beverage,confirm,reviewed Lidl UK/IE extract 2026-09-01; n=5; source=lidl_private_label_review_uk_ie_20260901; file=lidl_brand_reviewed_uk_ie_all_categories_LOCKED.csv; does not alter Lidl France
Lidl,favorina,Favorina,private_label_brand,UK_IE,food_beverage,confirm,reviewed Lidl UK/IE extract 2026-09-01; n=59; source=lidl_private_label_review_uk_ie_20260901; file=lidl_brand_reviewed_uk_ie_all_categories_LOCKED.csv; does not alter Lidl France
Lidl,favorina lidl,Favorina,private_label_brand,UK_IE,food_beverage,confirm,reviewed Lidl UK/IE extract 2026-09-01; n=2; source=lidl_private_label_review_uk_ie_20260901; file=lidl_brand_reviewed_uk_ie_all_categories_LOCKED.csv; does not alter Lidl France
Lidl,fin caree,Fin Carré,private_label_brand,UK_IE,food_beverage,confirm,reviewed Lidl UK/IE extract 2026-09-01; n=5; source=lidl_private_label_review_uk_ie_20260901; file=lidl_brand_reviewed_uk_ie_all_categories_LOCKED.csv; does not alter Lidl France
Lidl,fin caree lidl,Fin Carré,private_label_brand,UK_IE,food_beverage,confirm,reviewed Lidl UK/IE extract 2026-09-01; n=1; source=lidl_private_label_review_uk_ie_20260901; file=lidl_brand_reviewed_uk_ie_all_categories_LOCKED.csv; does not alter Lidl France
Lidl,fin carre,Fin Carré,private_label_brand,UK_IE,food_beverage,confirm,reviewed Lidl UK/IE extract 2026-09-01; n=53; source=lidl_private_label_review_uk_ie_20260901; file=lidl_brand_reviewed_uk_ie_all_categories_LOCKED.csv; does not alter Lidl France
Lidl,fin carre,Way To Go!,private_label_brand,UK_IE,food_beverage,confirm,reviewed Lidl UK/IE extract 2026-09-01; n=1; source=lidl_private_label_review_uk_ie_20260901; file=lidl_brand_reviewed_uk_ie_all_categories_LOCKED.csv; does not alter Lidl France
Lidl,fin carre lidl,Fin Carré,private_label_brand,UK_IE,food_beverage,confirm,reviewed Lidl UK/IE extract 2026-09-01; n=1; source=lidl_private_label_review_uk_ie_20260901; file=lidl_brand_reviewed_uk_ie_all_categories_LOCKED.csv; does not alter Lidl France
Lidl,fin carre way to go,Way To Go!,private_label_brand,UK_IE,food_beverage,confirm,reviewed Lidl UK/IE extract 2026-09-01; n=5; source=lidl_private_label_review_uk_ie_20260901; file=lidl_brand_reviewed_uk_ie_all_categories_LOCKED.csv; does not alter Lidl France
Lidl,firenze,Vemondo,private_label_brand,UK_IE,food_beverage,confirm,reviewed Lidl UK/IE extract 2026-09-01; n=2; source=lidl_private_label_review_uk_ie_20260901; file=lidl_brand_reviewed_uk_ie_all_categories_LOCKED.csv; does not alter Lidl France
Lidl,flavita,Flavita,private_label_brand,UK_IE,food_beverage,confirm,reviewed Lidl UK/IE extract 2026-09-01; n=23; source=lidl_private_label_review_uk_ie_20260901; file=lidl_brand_reviewed_uk_ie_all_categories_LOCKED.csv; does not alter Lidl France
Lidl,flavita dr aloe,Flavita,private_label_brand,UK_IE,food_beverage,confirm,reviewed Lidl UK/IE extract 2026-09-01; n=1; source=lidl_private_label_review_uk_ie_20260901; file=lidl_brand_reviewed_uk_ie_all_categories_LOCKED.csv; does not alter Lidl France
Lidl,freeway,Freeway,private_label_brand,UK_IE,food_beverage,confirm,reviewed Lidl UK/IE extract 2026-09-01; n=117; source=lidl_private_label_review_uk_ie_20260901; file=lidl_brand_reviewed_uk_ie_all_categories_LOCKED.csv; does not alter Lidl France
Lidl,freeway lidl lidl freeway,Freeway,private_label_brand,UK_IE,food_beverage,confirm,reviewed Lidl UK/IE extract 2026-09-01; n=1; source=lidl_private_label_review_uk_ie_20260901; file=lidl_brand_reviewed_uk_ie_all_categories_LOCKED.csv; does not alter Lidl France
Lidl,freeway up,Freeway,private_label_brand,UK_IE,food_beverage,confirm,reviewed Lidl UK/IE extract 2026-09-01; n=5; source=lidl_private_label_review_uk_ie_20260901; file=lidl_brand_reviewed_uk_ie_all_categories_LOCKED.csv; does not alter Lidl France
Lidl,freshona,Freshona,private_label_brand,UK_IE,food_beverage,confirm,reviewed Lidl UK/IE extract 2026-09-01; n=28; source=lidl_private_label_review_uk_ie_20260901; file=lidl_brand_reviewed_uk_ie_all_categories_LOCKED.csv; does not alter Lidl France
Lidl,fun carre,Fin Carré,private_label_brand,UK_IE,food_beverage,confirm,reviewed Lidl UK/IE extract 2026-09-01; n=5; source=lidl_private_label_review_uk_ie_20260901; file=lidl_brand_reviewed_uk_ie_all_categories_LOCKED.csv; does not alter Lidl France
Lidl,fun carre fin carre,Fin Carré,private_label_brand,UK_IE,food_beverage,confirm,reviewed Lidl UK/IE extract 2026-09-01; n=1; source=lidl_private_label_review_uk_ie_20260901; file=lidl_brand_reviewed_uk_ie_all_categories_LOCKED.csv; does not alter Lidl France
Lidl,gain bar lidl,Gain Bar,private_label_brand,UK_IE,food_beverage,confirm,reviewed Lidl UK/IE extract 2026-09-01; n=12; source=lidl_private_label_review_uk_ie_20260901; file=lidl_brand_reviewed_uk_ie_all_categories_LOCKED.csv; does not alter Lidl France
Lidl,gelatelli,Gelatelli,private_label_brand,UK_IE,food_beverage,confirm,reviewed Lidl UK/IE extract 2026-09-01; n=12; source=lidl_private_label_review_uk_ie_20260901; file=lidl_brand_reviewed_uk_ie_all_categories_LOCKED.csv; does not alter Lidl France
Lidl,grnvang food aps,Vemondo,private_label_brand,UK_IE,food_beverage,confirm,reviewed Lidl UK/IE extract 2026-09-01; n=5; source=lidl_private_label_review_uk_ie_20260901; file=lidl_brand_reviewed_uk_ie_all_categories_LOCKED.csv; does not alter Lidl France
Lidl,grnvang food aps lidl vemondo,Vemondo,private_label_brand,UK_IE,food_beverage,confirm,reviewed Lidl UK/IE extract 2026-09-01; n=1; source=lidl_private_label_review_uk_ie_20260901; file=lidl_brand_reviewed_uk_ie_all_categories_LOCKED.csv; does not alter Lidl France
Lidl,harvest basket,Harvest Basket,private_label_brand,UK_IE,food_beverage,confirm,reviewed Lidl UK/IE extract 2026-09-01; n=13; source=lidl_private_label_review_uk_ie_20260901; file=lidl_brand_reviewed_uk_ie_all_categories_LOCKED.csv; does not alter Lidl France
Lidl,harvest basket lidl,Harvest Basket,private_label_brand,UK_IE,food_beverage,confirm,reviewed Lidl UK/IE extract 2026-09-01; n=1; source=lidl_private_label_review_uk_ie_20260901; file=lidl_brand_reviewed_uk_ie_all_categories_LOCKED.csv; does not alter Lidl France
Lidl,hatherwood,Hatherwood,private_label_brand,UK_IE,food_beverage,confirm,reviewed Lidl UK/IE extract 2026-09-01; n=17; source=lidl_private_label_review_uk_ie_20260901; file=lidl_brand_reviewed_uk_ie_all_categories_LOCKED.csv; does not alter Lidl France
Lidl,hatherwood,Sondey,private_label_brand,UK_IE,food_beverage,confirm,reviewed Lidl UK/IE extract 2026-09-01; n=2; source=lidl_private_label_review_uk_ie_20260901; file=lidl_brand_reviewed_uk_ie_all_categories_LOCKED.csv; does not alter Lidl France
Lidl,hatherwood lidl,Hatherwood,private_label_brand,UK_IE,food_beverage,confirm,reviewed Lidl UK/IE extract 2026-09-01; n=1; source=lidl_private_label_review_uk_ie_20260901; file=lidl_brand_reviewed_uk_ie_all_categories_LOCKED.csv; does not alter Lidl France
Lidl,hatherwood sondey lidl tower gate,Sondey,private_label_brand,UK_IE,food_beverage,confirm,reviewed Lidl UK/IE extract 2026-09-01; n=1; source=lidl_private_label_review_uk_ie_20260901; file=lidl_brand_reviewed_uk_ie_all_categories_LOCKED.csv; does not alter Lidl France
Lidl,inter biscuits,Sondey,private_label_brand,UK_IE,food_beverage,confirm,reviewed Lidl UK/IE extract 2026-09-01; n=2; source=lidl_private_label_review_uk_ie_20260901; file=lidl_brand_reviewed_uk_ie_all_categories_LOCKED.csv; does not alter Lidl France
Lidl,inter biscuits lidl sondey,Sondey,private_label_brand,UK_IE,food_beverage,confirm,reviewed Lidl UK/IE extract 2026-09-01; n=1; source=lidl_private_label_review_uk_ie_20260901; file=lidl_brand_reviewed_uk_ie_all_categories_LOCKED.csv; does not alter Lidl France
Lidl,italiamo,Italiamo,private_label_brand,UK_IE,food_beverage,confirm,reviewed Lidl UK/IE extract 2026-09-01; n=72; source=lidl_private_label_review_uk_ie_20260901; file=lidl_brand_reviewed_uk_ie_all_categories_LOCKED.csv; does not alter Lidl France
Lidl,italiamo lidl,Italiamo,private_label_brand,UK_IE,food_beverage,confirm,reviewed Lidl UK/IE extract 2026-09-01; n=6; source=lidl_private_label_review_uk_ie_20260901; file=lidl_brand_reviewed_uk_ie_all_categories_LOCKED.csv; does not alter Lidl France
Lidl,j d gross,J.D. Gross,private_label_brand,UK_IE,food_beverage,confirm,reviewed Lidl UK/IE extract 2026-09-01; n=55; source=lidl_private_label_review_uk_ie_20260901; file=lidl_brand_reviewed_uk_ie_all_categories_LOCKED.csv; does not alter Lidl France
Lidl,j d gross lidl,J.D. Gross,private_label_brand,UK_IE,food_beverage,confirm,reviewed Lidl UK/IE extract 2026-09-01; n=2; source=lidl_private_label_review_uk_ie_20260901; file=lidl_brand_reviewed_uk_ie_all_categories_LOCKED.csv; does not alter Lidl France
Lidl,j d gross r b food,J.D. Gross,private_label_brand,UK_IE,food_beverage,confirm,reviewed Lidl UK/IE extract 2026-09-01; n=1; source=lidl_private_label_review_uk_ie_20260901; file=lidl_brand_reviewed_uk_ie_all_categories_LOCKED.csv; does not alter Lidl France
Lidl,james cook,James Cook,private_label_brand,UK_IE,food_beverage,confirm,reviewed Lidl UK/IE extract 2026-09-01; n=5; source=lidl_private_label_review_uk_ie_20260901; file=lidl_brand_reviewed_uk_ie_all_categories_LOCKED.csv; does not alter Lidl France
Lidl,james cook captain cook s,James Cook,private_label_brand,UK_IE,food_beverage,confirm,reviewed Lidl UK/IE extract 2026-09-01; n=1; source=lidl_private_label_review_uk_ie_20260901; file=lidl_brand_reviewed_uk_ie_all_categories_LOCKED.csv; does not alter Lidl France
Lidl,jet gum,Jetgum,private_label_brand,UK_IE,food_beverage,confirm,reviewed Lidl UK/IE extract 2026-09-01; n=2; source=lidl_private_label_review_uk_ie_20260901; file=lidl_brand_reviewed_uk_ie_all_categories_LOCKED.csv; does not alter Lidl France
Lidl,just free,Just Free,private_label_brand,UK_IE,food_beverage,confirm,reviewed Lidl UK/IE extract 2026-09-01; n=18; source=lidl_private_label_review_uk_ie_20260901; file=lidl_brand_reviewed_uk_ie_all_categories_LOCKED.csv; does not alter Lidl France
Lidl,knightsbridge,Knightsbridge,private_label_brand,UK_IE,food_beverage,confirm,reviewed Lidl UK/IE extract 2026-09-01; n=76; source=lidl_private_label_review_uk_ie_20260901; file=lidl_brand_reviewed_uk_ie_all_categories_LOCKED.csv; does not alter Lidl France
Lidl,kong strong,Kong Strong,private_label_brand,UK_IE,food_beverage,confirm,reviewed Lidl UK/IE extract 2026-09-01; n=10; source=lidl_private_label_review_uk_ie_20260901; file=lidl_brand_reviewed_uk_ie_all_categories_LOCKED.csv; does not alter Lidl France
Lidl,kong strong lidl,Kong Strong,private_label_brand,UK_IE,food_beverage,confirm,reviewed Lidl UK/IE extract 2026-09-01; n=8; source=lidl_private_label_review_uk_ie_20260901; file=lidl_brand_reviewed_uk_ie_all_categories_LOCKED.csv; does not alter Lidl France
Lidl,kuljanka,Kuljanka,private_label_brand,UK_IE,food_beverage,confirm,reviewed Lidl UK/IE extract 2026-09-01; n=10; source=lidl_private_label_review_uk_ie_20260901; file=lidl_brand_reviewed_uk_ie_all_categories_LOCKED.csv; does not alter Lidl France
Lidl,kuljanka lidl,Kuljanka,private_label_brand,UK_IE,food_beverage,confirm,reviewed Lidl UK/IE extract 2026-09-01; n=1; source=lidl_private_label_review_uk_ie_20260901; file=lidl_brand_reviewed_uk_ie_all_categories_LOCKED.csv; does not alter Lidl France
Lidl,kuljanka pilos,Kuljanka,private_label_brand,UK_IE,food_beverage,confirm,reviewed Lidl UK/IE extract 2026-09-01; n=1; source=lidl_private_label_review_uk_ie_20260901; file=lidl_brand_reviewed_uk_ie_all_categories_LOCKED.csv; does not alter Lidl France
Lidl,lidl,Bellarom,private_label_brand,UK_IE,food_beverage,confirm,reviewed Lidl UK/IE extract 2026-09-01; n=6; source=lidl_private_label_review_uk_ie_20260901; file=lidl_brand_reviewed_uk_ie_all_categories_LOCKED.csv; does not alter Lidl France
Lidl,lidl,Chêne d'Argent,private_label_brand,UK_IE,food_beverage,confirm,reviewed Lidl UK/IE extract 2026-09-01; n=1; source=lidl_private_label_review_uk_ie_20260901; file=lidl_brand_reviewed_uk_ie_all_categories_LOCKED.csv; does not alter Lidl France
Lidl,lidl,Crownfield,private_label_brand,UK_IE,food_beverage,confirm,reviewed Lidl UK/IE extract 2026-09-01; n=37; source=lidl_private_label_review_uk_ie_20260901; file=lidl_brand_reviewed_uk_ie_all_categories_LOCKED.csv; does not alter Lidl France
Lidl,lidl,Dairy Manor,private_label_brand,UK_IE,food_beverage,confirm,reviewed Lidl UK/IE extract 2026-09-01; n=2; source=lidl_private_label_review_uk_ie_20260901; file=lidl_brand_reviewed_uk_ie_all_categories_LOCKED.csv; does not alter Lidl France
Lidl,lidl,Deluxe,private_label_brand,UK_IE,food_beverage,confirm,reviewed Lidl UK/IE extract 2026-09-01; n=104; source=lidl_private_label_review_uk_ie_20260901; file=lidl_brand_reviewed_uk_ie_all_categories_LOCKED.csv; does not alter Lidl France
Lidl,lidl,Duc de Cœur,private_label_brand,UK_IE,food_beverage,confirm,reviewed Lidl UK/IE extract 2026-09-01; n=10; source=lidl_private_label_review_uk_ie_20260901; file=lidl_brand_reviewed_uk_ie_all_categories_LOCKED.csv; does not alter Lidl France
Lidl,lidl,Eridanous,private_label_brand,UK_IE,food_beverage,confirm,reviewed Lidl UK/IE extract 2026-09-01; n=8; source=lidl_private_label_review_uk_ie_20260901; file=lidl_brand_reviewed_uk_ie_all_categories_LOCKED.csv; does not alter Lidl France
Lidl,lidl,Flavita,private_label_brand,UK_IE,food_beverage,confirm,reviewed Lidl UK/IE extract 2026-09-01; n=1; source=lidl_private_label_review_uk_ie_20260901; file=lidl_brand_reviewed_uk_ie_all_categories_LOCKED.csv; does not alter Lidl France
Lidl,lidl,Galereux,private_label_brand,UK_IE,food_beverage,confirm,reviewed Lidl UK/IE extract 2026-09-01; n=5; source=lidl_private_label_review_uk_ie_20260901; file=lidl_brand_reviewed_uk_ie_all_categories_LOCKED.csv; does not alter Lidl France
Lidl,lidl,Hatherwood,private_label_brand,UK_IE,food_beverage,confirm,reviewed Lidl UK/IE extract 2026-09-01; n=5; source=lidl_private_label_review_uk_ie_20260901; file=lidl_brand_reviewed_uk_ie_all_categories_LOCKED.csv; does not alter Lidl France
Lidl,lidl,Italiamo,private_label_brand,UK_IE,food_beverage,confirm,reviewed Lidl UK/IE extract 2026-09-01; n=7; source=lidl_private_label_review_uk_ie_20260901; file=lidl_brand_reviewed_uk_ie_all_categories_LOCKED.csv; does not alter Lidl France
Lidl,lidl,Just Free,private_label_brand,UK_IE,food_beverage,confirm,reviewed Lidl UK/IE extract 2026-09-01; n=2; source=lidl_private_label_review_uk_ie_20260901; file=lidl_brand_reviewed_uk_ie_all_categories_LOCKED.csv; does not alter Lidl France
Lidl,lidl,Knightsbridge,private_label_brand,UK_IE,food_beverage,confirm,reviewed Lidl UK/IE extract 2026-09-01; n=2; source=lidl_private_label_review_uk_ie_20260901; file=lidl_brand_reviewed_uk_ie_all_categories_LOCKED.csv; does not alter Lidl France
Lidl,lidl,Kuchenzauber,private_label_brand,UK_IE,food_beverage,confirm,reviewed Lidl UK/IE extract 2026-09-01; n=5; source=lidl_private_label_review_uk_ie_20260901; file=lidl_brand_reviewed_uk_ie_all_categories_LOCKED.csv; does not alter Lidl France
Lidl,lidl,Lidl,private_label_brand,UK_IE,food_beverage,confirm,reviewed Lidl UK/IE extract 2026-09-01; n=1582; source=lidl_private_label_review_uk_ie_20260901; file=lidl_brand_reviewed_uk_ie_all_categories_LOCKED.csv; does not alter Lidl France
Lidl,lidl,Lindhouse,private_label_brand,UK_IE,food_beverage,confirm,reviewed Lidl UK/IE extract 2026-09-01; n=5; source=lidl_private_label_review_uk_ie_20260901; file=lidl_brand_reviewed_uk_ie_all_categories_LOCKED.csv; does not alter Lidl France
Lidl,lidl,Lovilio,private_label_brand,UK_IE,food_beverage,confirm,reviewed Lidl UK/IE extract 2026-09-01; n=5; source=lidl_private_label_review_uk_ie_20260901; file=lidl_brand_reviewed_uk_ie_all_categories_LOCKED.csv; does not alter Lidl France
Lidl,lidl,Milbona,private_label_brand,UK_IE,food_beverage,confirm,reviewed Lidl UK/IE extract 2026-09-01; n=13; source=lidl_private_label_review_uk_ie_20260901; file=lidl_brand_reviewed_uk_ie_all_categories_LOCKED.csv; does not alter Lidl France
Lidl,lidl,Mister Choc,private_label_brand,UK_IE,food_beverage,confirm,reviewed Lidl UK/IE extract 2026-09-01; n=2; source=lidl_private_label_review_uk_ie_20260901; file=lidl_brand_reviewed_uk_ie_all_categories_LOCKED.csv; does not alter Lidl France
Lidl,lidl,Naturis,private_label_brand,UK_IE,food_beverage,confirm,reviewed Lidl UK/IE extract 2026-09-01; n=11; source=lidl_private_label_review_uk_ie_20260901; file=lidl_brand_reviewed_uk_ie_all_categories_LOCKED.csv; does not alter Lidl France
Lidl,lidl,Naturista,private_label_brand,UK_IE,food_beverage,confirm,reviewed Lidl UK/IE extract 2026-09-01; n=1; source=lidl_private_label_review_uk_ie_20260901; file=lidl_brand_reviewed_uk_ie_all_categories_LOCKED.csv; does not alter Lidl France
Lidl,lidl,Nobleza,private_label_brand,UK_IE,food_beverage,confirm,reviewed Lidl UK/IE extract 2026-09-01; n=5; source=lidl_private_label_review_uk_ie_20260901; file=lidl_brand_reviewed_uk_ie_all_categories_LOCKED.csv; does not alter Lidl France
Lidl,lidl,Perlenbacher,private_label_brand,UK_IE,food_beverage,confirm,reviewed Lidl UK/IE extract 2026-09-01; n=5; source=lidl_private_label_review_uk_ie_20260901; file=lidl_brand_reviewed_uk_ie_all_categories_LOCKED.csv; does not alter Lidl France
Lidl,lidl,Rathdaragh,private_label_brand,UK_IE,food_beverage,confirm,reviewed Lidl UK/IE extract 2026-09-01; n=5; source=lidl_private_label_review_uk_ie_20260901; file=lidl_brand_reviewed_uk_ie_all_categories_LOCKED.csv; does not alter Lidl France
Lidl,lidl,Rivercote,private_label_brand,UK_IE,food_beverage,confirm,reviewed Lidl UK/IE extract 2026-09-01; n=1; source=lidl_private_label_review_uk_ie_20260901; file=lidl_brand_reviewed_uk_ie_all_categories_LOCKED.csv; does not alter Lidl France
Lidl,lidl,Rowan Hill Bakery,private_label_brand,UK_IE,food_beverage,confirm,reviewed Lidl UK/IE extract 2026-09-01; n=11; source=lidl_private_label_review_uk_ie_20260901; file=lidl_brand_reviewed_uk_ie_all_categories_LOCKED.csv; does not alter Lidl France
Lidl,lidl,Select & Go,private_label_brand,UK_IE,food_beverage,confirm,reviewed Lidl UK/IE extract 2026-09-01; n=2; source=lidl_private_label_review_uk_ie_20260901; file=lidl_brand_reviewed_uk_ie_all_categories_LOCKED.csv; does not alter Lidl France
Lidl,lidl,Simply,private_label_brand,UK_IE,food_beverage,confirm,reviewed Lidl UK/IE extract 2026-09-01; n=38; source=lidl_private_label_review_uk_ie_20260901; file=lidl_brand_reviewed_uk_ie_all_categories_LOCKED.csv; does not alter Lidl France
Lidl,lidl,Snack Day,private_label_brand,UK_IE,food_beverage,confirm,reviewed Lidl UK/IE extract 2026-09-01; n=2; source=lidl_private_label_review_uk_ie_20260901; file=lidl_brand_reviewed_uk_ie_all_categories_LOCKED.csv; does not alter Lidl France
Lidl,lidl,Snaktastic,private_label_brand,UK_IE,food_beverage,confirm,reviewed Lidl UK/IE extract 2026-09-01; n=24; source=lidl_private_label_review_uk_ie_20260901; file=lidl_brand_reviewed_uk_ie_all_categories_LOCKED.csv; does not alter Lidl France
Lidl,lidl,Sol y Mar,private_label_brand,UK_IE,food_beverage,confirm,reviewed Lidl UK/IE extract 2026-09-01; n=2; source=lidl_private_label_review_uk_ie_20260901; file=lidl_brand_reviewed_uk_ie_all_categories_LOCKED.csv; does not alter Lidl France
Lidl,lidl,Solevita,private_label_brand,UK_IE,food_beverage,confirm,reviewed Lidl UK/IE extract 2026-09-01; n=4; source=lidl_private_label_review_uk_ie_20260901; file=lidl_brand_reviewed_uk_ie_all_categories_LOCKED.csv; does not alter Lidl France
Lidl,lidl,Sondey,private_label_brand,UK_IE,food_beverage,confirm,reviewed Lidl UK/IE extract 2026-09-01; n=7; source=lidl_private_label_review_uk_ie_20260901; file=lidl_brand_reviewed_uk_ie_all_categories_LOCKED.csv; does not alter Lidl France
Lidl,lidl,Sweet Corner,private_label_brand,UK_IE,food_beverage,confirm,reviewed Lidl UK/IE extract 2026-09-01; n=5; source=lidl_private_label_review_uk_ie_20260901; file=lidl_brand_reviewed_uk_ie_all_categories_LOCKED.csv; does not alter Lidl France
Lidl,lidl,Valley Spire,private_label_brand,UK_IE,food_beverage,confirm,reviewed Lidl UK/IE extract 2026-09-01; n=31; source=lidl_private_label_review_uk_ie_20260901; file=lidl_brand_reviewed_uk_ie_all_categories_LOCKED.csv; does not alter Lidl France
Lidl,lidl,Vemondo,private_label_brand,UK_IE,food_beverage,confirm,reviewed Lidl UK/IE extract 2026-09-01; n=9; source=lidl_private_label_review_uk_ie_20260901; file=lidl_brand_reviewed_uk_ie_all_categories_LOCKED.csv; does not alter Lidl France
Lidl,lidl crownfield,Crownfield,private_label_brand,UK_IE,food_beverage,confirm,reviewed Lidl UK/IE extract 2026-09-01; n=7; source=lidl_private_label_review_uk_ie_20260901; file=lidl_brand_reviewed_uk_ie_all_categories_LOCKED.csv; does not alter Lidl France
Lidl,lidl dairy manor,Dairy Manor,private_label_brand,UK_IE,food_beverage,confirm,reviewed Lidl UK/IE extract 2026-09-01; n=10; source=lidl_private_label_review_uk_ie_20260901; file=lidl_brand_reviewed_uk_ie_all_categories_LOCKED.csv; does not alter Lidl France
Lidl,lidl deluxe,Deluxe,private_label_brand,UK_IE,food_beverage,confirm,reviewed Lidl UK/IE extract 2026-09-01; n=59; source=lidl_private_label_review_uk_ie_20260901; file=lidl_brand_reviewed_uk_ie_all_categories_LOCKED.csv; does not alter Lidl France
Lidl,lidl deluxe lidl,Deluxe,private_label_brand,UK_IE,food_beverage,confirm,reviewed Lidl UK/IE extract 2026-09-01; n=1; source=lidl_private_label_review_uk_ie_20260901; file=lidl_brand_reviewed_uk_ie_all_categories_LOCKED.csv; does not alter Lidl France
Lidl,lidl deluxe lidl deluxe,Deluxe,private_label_brand,UK_IE,food_beverage,confirm,reviewed Lidl UK/IE extract 2026-09-01; n=1; source=lidl_private_label_review_uk_ie_20260901; file=lidl_brand_reviewed_uk_ie_all_categories_LOCKED.csv; does not alter Lidl France
Lidl,lidl duc de coeur,Duc de Cœur,private_label_brand,UK_IE,food_beverage,confirm,reviewed Lidl UK/IE extract 2026-09-01; n=2; source=lidl_private_label_review_uk_ie_20260901; file=lidl_brand_reviewed_uk_ie_all_categories_LOCKED.csv; does not alter Lidl France
Lidl,lidl eridanous,Eridanous,private_label_brand,UK_IE,food_beverage,confirm,reviewed Lidl UK/IE extract 2026-09-01; n=1; source=lidl_private_label_review_uk_ie_20260901; file=lidl_brand_reviewed_uk_ie_all_categories_LOCKED.csv; does not alter Lidl France
Lidl,lidl flavita,Flavita,private_label_brand,UK_IE,food_beverage,confirm,reviewed Lidl UK/IE extract 2026-09-01; n=5; source=lidl_private_label_review_uk_ie_20260901; file=lidl_brand_reviewed_uk_ie_all_categories_LOCKED.csv; does not alter Lidl France
Lidl,lidl freeway,Freeway,private_label_brand,UK_IE,food_beverage,confirm,reviewed Lidl UK/IE extract 2026-09-01; n=3; source=lidl_private_label_review_uk_ie_20260901; file=lidl_brand_reviewed_uk_ie_all_categories_LOCKED.csv; does not alter Lidl France
Lidl,lidl galereux,Galereux,private_label_brand,UK_IE,food_beverage,confirm,reviewed Lidl UK/IE extract 2026-09-01; n=1; source=lidl_private_label_review_uk_ie_20260901; file=lidl_brand_reviewed_uk_ie_all_categories_LOCKED.csv; does not alter Lidl France
Lidl,lidl hatherwood,Hatherwood,private_label_brand,UK_IE,food_beverage,confirm,reviewed Lidl UK/IE extract 2026-09-01; n=1; source=lidl_private_label_review_uk_ie_20260901; file=lidl_brand_reviewed_uk_ie_all_categories_LOCKED.csv; does not alter Lidl France
Lidl,lidl italiamo,Italiamo,private_label_brand,UK_IE,food_beverage,confirm,reviewed Lidl UK/IE extract 2026-09-01; n=11; source=lidl_private_label_review_uk_ie_20260901; file=lidl_brand_reviewed_uk_ie_all_categories_LOCKED.csv; does not alter Lidl France
Lidl,lidl kuchenzauber,Kuchenzauber,private_label_brand,UK_IE,food_beverage,confirm,reviewed Lidl UK/IE extract 2026-09-01; n=1; source=lidl_private_label_review_uk_ie_20260901; file=lidl_brand_reviewed_uk_ie_all_categories_LOCKED.csv; does not alter Lidl France
Lidl,lidl lindhouse lidl lindhouse,Lindhouse,private_label_brand,UK_IE,food_beverage,confirm,reviewed Lidl UK/IE extract 2026-09-01; n=1; source=lidl_private_label_review_uk_ie_20260901; file=lidl_brand_reviewed_uk_ie_all_categories_LOCKED.csv; does not alter Lidl France
Lidl,lidl lovilio,Lovilio,private_label_brand,UK_IE,food_beverage,confirm,reviewed Lidl UK/IE extract 2026-09-01; n=1; source=lidl_private_label_review_uk_ie_20260901; file=lidl_brand_reviewed_uk_ie_all_categories_LOCKED.csv; does not alter Lidl France
Lidl,lidl milbona,Milbona,private_label_brand,UK_IE,food_beverage,confirm,reviewed Lidl UK/IE extract 2026-09-01; n=6; source=lidl_private_label_review_uk_ie_20260901; file=lidl_brand_reviewed_uk_ie_all_categories_LOCKED.csv; does not alter Lidl France
Lidl,lidl milbona chene d argent,Chêne d'Argent,private_label_brand,UK_IE,food_beverage,confirm,reviewed Lidl UK/IE extract 2026-09-01; n=1; source=lidl_private_label_review_uk_ie_20260901; file=lidl_brand_reviewed_uk_ie_all_categories_LOCKED.csv; does not alter Lidl France
Lidl,lidl mister choc,Mister Choc,private_label_brand,UK_IE,food_beverage,confirm,reviewed Lidl UK/IE extract 2026-09-01; n=1; source=lidl_private_label_review_uk_ie_20260901; file=lidl_brand_reviewed_uk_ie_all_categories_LOCKED.csv; does not alter Lidl France
Lidl,lidl naturis,Naturis,private_label_brand,UK_IE,food_beverage,confirm,reviewed Lidl UK/IE extract 2026-09-01; n=1; source=lidl_private_label_review_uk_ie_20260901; file=lidl_brand_reviewed_uk_ie_all_categories_LOCKED.csv; does not alter Lidl France
Lidl,lidl naturis solevita vitafit,Solevita,private_label_brand,UK_IE,food_beverage,confirm,reviewed Lidl UK/IE extract 2026-09-01; n=1; source=lidl_private_label_review_uk_ie_20260901; file=lidl_brand_reviewed_uk_ie_all_categories_LOCKED.csv; does not alter Lidl France
Lidl,lidl naturista,Naturista,private_label_brand,UK_IE,food_beverage,confirm,reviewed Lidl UK/IE extract 2026-09-01; n=5; source=lidl_private_label_review_uk_ie_20260901; file=lidl_brand_reviewed_uk_ie_all_categories_LOCKED.csv; does not alter Lidl France
Lidl,lidl nobleza,Nobleza,private_label_brand,UK_IE,food_beverage,confirm,reviewed Lidl UK/IE extract 2026-09-01; n=1; source=lidl_private_label_review_uk_ie_20260901; file=lidl_brand_reviewed_uk_ie_all_categories_LOCKED.csv; does not alter Lidl France
Lidl,lidl perlenbacher,Perlenbacher,private_label_brand,UK_IE,food_beverage,confirm,reviewed Lidl UK/IE extract 2026-09-01; n=1; source=lidl_private_label_review_uk_ie_20260901; file=lidl_brand_reviewed_uk_ie_all_categories_LOCKED.csv; does not alter Lidl France
Lidl,lidl rathdaragh,Rathdaragh,private_label_brand,UK_IE,food_beverage,confirm,reviewed Lidl UK/IE extract 2026-09-01; n=1; source=lidl_private_label_review_uk_ie_20260901; file=lidl_brand_reviewed_uk_ie_all_categories_LOCKED.csv; does not alter Lidl France
Lidl,lidl rivercote,Rivercote,private_label_brand,UK_IE,food_beverage,confirm,reviewed Lidl UK/IE extract 2026-09-01; n=5; source=lidl_private_label_review_uk_ie_20260901; file=lidl_brand_reviewed_uk_ie_all_categories_LOCKED.csv; does not alter Lidl France
Lidl,lidl rowan hill bakery,Rowan Hill Bakery,private_label_brand,UK_IE,food_beverage,confirm,reviewed Lidl UK/IE extract 2026-09-01; n=1; source=lidl_private_label_review_uk_ie_20260901; file=lidl_brand_reviewed_uk_ie_all_categories_LOCKED.csv; does not alter Lidl France
Lidl,lidl simply,Simply,private_label_brand,UK_IE,food_beverage,confirm,reviewed Lidl UK/IE extract 2026-09-01; n=6; source=lidl_private_label_review_uk_ie_20260901; file=lidl_brand_reviewed_uk_ie_all_categories_LOCKED.csv; does not alter Lidl France
Lidl,lidl snaktastic,Snaktastic,private_label_brand,UK_IE,food_beverage,confirm,reviewed Lidl UK/IE extract 2026-09-01; n=12; source=lidl_private_label_review_uk_ie_20260901; file=lidl_brand_reviewed_uk_ie_all_categories_LOCKED.csv; does not alter Lidl France
Lidl,lidl sol mar,Sol y Mar,private_label_brand,UK_IE,food_beverage,confirm,reviewed Lidl UK/IE extract 2026-09-01; n=1; source=lidl_private_label_review_uk_ie_20260901; file=lidl_brand_reviewed_uk_ie_all_categories_LOCKED.csv; does not alter Lidl France
Lidl,lidl solevita,Solevita,private_label_brand,UK_IE,food_beverage,confirm,reviewed Lidl UK/IE extract 2026-09-01; n=2; source=lidl_private_label_review_uk_ie_20260901; file=lidl_brand_reviewed_uk_ie_all_categories_LOCKED.csv; does not alter Lidl France
Lidl,lidl sondey,Sondey,private_label_brand,UK_IE,food_beverage,confirm,reviewed Lidl UK/IE extract 2026-09-01; n=2; source=lidl_private_label_review_uk_ie_20260901; file=lidl_brand_reviewed_uk_ie_all_categories_LOCKED.csv; does not alter Lidl France
Lidl,lidl sweet corner,Sweet Corner,private_label_brand,UK_IE,food_beverage,confirm,reviewed Lidl UK/IE extract 2026-09-01; n=1; source=lidl_private_label_review_uk_ie_20260901; file=lidl_brand_reviewed_uk_ie_all_categories_LOCKED.csv; does not alter Lidl France
Lidl,lidl valley spire,Valley Spire,private_label_brand,UK_IE,food_beverage,confirm,reviewed Lidl UK/IE extract 2026-09-01; n=5; source=lidl_private_label_review_uk_ie_20260901; file=lidl_brand_reviewed_uk_ie_all_categories_LOCKED.csv; does not alter Lidl France
Lidl,lidl vemondo,Vemondo,private_label_brand,UK_IE,food_beverage,confirm,reviewed Lidl UK/IE extract 2026-09-01; n=1; source=lidl_private_label_review_uk_ie_20260901; file=lidl_brand_reviewed_uk_ie_all_categories_LOCKED.csv; does not alter Lidl France
Lidl,lindhouse,Lindhouse,private_label_brand,UK_IE,food_beverage,confirm,reviewed Lidl UK/IE extract 2026-09-01; n=48; source=lidl_private_label_review_uk_ie_20260901; file=lidl_brand_reviewed_uk_ie_all_categories_LOCKED.csv; does not alter Lidl France
Lidl,lord nelson,Lord Nelson,private_label_brand,UK_IE,food_beverage,confirm,reviewed Lidl UK/IE extract 2026-09-01; n=12; source=lidl_private_label_review_uk_ie_20260901; file=lidl_brand_reviewed_uk_ie_all_categories_LOCKED.csv; does not alter Lidl France
Lidl,lovilio,Lovilio,private_label_brand,UK_IE,food_beverage,confirm,reviewed Lidl UK/IE extract 2026-09-01; n=6; source=lidl_private_label_review_uk_ie_20260901; file=lidl_brand_reviewed_uk_ie_all_categories_LOCKED.csv; does not alter Lidl France
Lidl,maribel,Maribel,private_label_brand,UK_IE,food_beverage,confirm,reviewed Lidl UK/IE extract 2026-09-01; n=6; source=lidl_private_label_review_uk_ie_20260901; file=lidl_brand_reviewed_uk_ie_all_categories_LOCKED.csv; does not alter Lidl France
Lidl,mcennedy,McEnnedy,private_label_brand,UK_IE,food_beverage,confirm,reviewed Lidl UK/IE extract 2026-09-01; n=15; source=lidl_private_label_review_uk_ie_20260901; file=lidl_brand_reviewed_uk_ie_all_categories_LOCKED.csv; does not alter Lidl France
Lidl,mcennedy american way,McEnnedy,private_label_brand,UK_IE,food_beverage,confirm,reviewed Lidl UK/IE extract 2026-09-01; n=5; source=lidl_private_label_review_uk_ie_20260901; file=lidl_brand_reviewed_uk_ie_all_categories_LOCKED.csv; does not alter Lidl France
Lidl,milbona,1001 Delights,private_label_brand,UK_IE,food_beverage,confirm,reviewed Lidl UK/IE extract 2026-09-01; n=1; source=lidl_private_label_review_uk_ie_20260901; file=lidl_brand_reviewed_uk_ie_all_categories_LOCKED.csv; does not alter Lidl France
Lidl,milbona,Chêne d'Argent,private_label_brand,UK_IE,food_beverage,confirm,reviewed Lidl UK/IE extract 2026-09-01; n=1; source=lidl_private_label_review_uk_ie_20260901; file=lidl_brand_reviewed_uk_ie_all_categories_LOCKED.csv; does not alter Lidl France
Lidl,milbona,Milbona,private_label_brand,UK_IE,food_beverage,confirm,reviewed Lidl UK/IE extract 2026-09-01; n=843; source=lidl_private_label_review_uk_ie_20260901; file=lidl_brand_reviewed_uk_ie_all_categories_LOCKED.csv; does not alter Lidl France
Lidl,milbona dairy manor,Milbona,private_label_brand,UK_IE,food_beverage,confirm,reviewed Lidl UK/IE extract 2026-09-01; n=1; source=lidl_private_label_review_uk_ie_20260901; file=lidl_brand_reviewed_uk_ie_all_categories_LOCKED.csv; does not alter Lidl France
Lidl,milbona lidl,Milbona,private_label_brand,UK_IE,food_beverage,confirm,reviewed Lidl UK/IE extract 2026-09-01; n=46; source=lidl_private_label_review_uk_ie_20260901; file=lidl_brand_reviewed_uk_ie_all_categories_LOCKED.csv; does not alter Lidl France
Lidl,milbona lidl solo italia,Milbona,private_label_brand,UK_IE,food_beverage,confirm,reviewed Lidl UK/IE extract 2026-09-01; n=1; source=lidl_private_label_review_uk_ie_20260901; file=lidl_brand_reviewed_uk_ie_all_categories_LOCKED.csv; does not alter Lidl France
Lidl,mister choc,Mister Choc,private_label_brand,UK_IE,food_beverage,confirm,reviewed Lidl UK/IE extract 2026-09-01; n=56; source=lidl_private_label_review_uk_ie_20260901; file=lidl_brand_reviewed_uk_ie_all_categories_LOCKED.csv; does not alter Lidl France
Lidl,morning fresh,Morning Fresh,private_label_brand,UK_IE,food_beverage,confirm,reviewed Lidl UK/IE extract 2026-09-01; n=17; source=lidl_private_label_review_uk_ie_20260901; file=lidl_brand_reviewed_uk_ie_all_categories_LOCKED.csv; does not alter Lidl France
Lidl,morning fresh dairy manor,Morning Fresh,private_label_brand,UK_IE,food_beverage,confirm,reviewed Lidl UK/IE extract 2026-09-01; n=1; source=lidl_private_label_review_uk_ie_20260901; file=lidl_brand_reviewed_uk_ie_all_categories_LOCKED.csv; does not alter Lidl France
Lidl,naturis,Naturis,private_label_brand,UK_IE,food_beverage,confirm,reviewed Lidl UK/IE extract 2026-09-01; n=170; source=lidl_private_label_review_uk_ie_20260901; file=lidl_brand_reviewed_uk_ie_all_categories_LOCKED.csv; does not alter Lidl France
Lidl,naturis fentimans tesco,Naturis,private_label_brand,UK_IE,food_beverage,confirm,reviewed Lidl UK/IE extract 2026-09-01; n=1; source=lidl_private_label_review_uk_ie_20260901; file=lidl_brand_reviewed_uk_ie_all_categories_LOCKED.csv; does not alter Lidl France
Lidl,naturis truly juicy,Naturis,private_label_brand,UK_IE,food_beverage,confirm,reviewed Lidl UK/IE extract 2026-09-01; n=3; source=lidl_private_label_review_uk_ie_20260901; file=lidl_brand_reviewed_uk_ie_all_categories_LOCKED.csv; does not alter Lidl France
Lidl,nice,Lidl,private_label_brand,UK_IE,food_beverage,confirm,reviewed Lidl UK/IE extract 2026-09-01; n=5; source=lidl_private_label_review_uk_ie_20260901; file=lidl_brand_reviewed_uk_ie_all_categories_LOCKED.csv; does not alter Lidl France
Lidl,nice lidl,Lidl,private_label_brand,UK_IE,food_beverage,confirm,reviewed Lidl UK/IE extract 2026-09-01; n=1; source=lidl_private_label_review_uk_ie_20260901; file=lidl_brand_reviewed_uk_ie_all_categories_LOCKED.csv; does not alter Lidl France
Lidl,perlenbacher,Perlenbacher,private_label_brand,UK_IE,food_beverage,confirm,reviewed Lidl UK/IE extract 2026-09-01; n=18; source=lidl_private_label_review_uk_ie_20260901; file=lidl_brand_reviewed_uk_ie_all_categories_LOCKED.csv; does not alter Lidl France
Lidl,rachmaninoff,Rachmaninoff,private_label_brand,UK_IE,food_beverage,confirm,reviewed Lidl UK/IE extract 2026-09-01; n=11; source=lidl_private_label_review_uk_ie_20260901; file=lidl_brand_reviewed_uk_ie_all_categories_LOCKED.csv; does not alter Lidl France
Lidl,rachmaninoff lidl,Rachmaninoff,private_label_brand,UK_IE,food_beverage,confirm,reviewed Lidl UK/IE extract 2026-09-01; n=1; source=lidl_private_label_review_uk_ie_20260901; file=lidl_brand_reviewed_uk_ie_all_categories_LOCKED.csv; does not alter Lidl France
Lidl,rathdaragh,Rathdaragh,private_label_brand,UK_IE,food_beverage,confirm,reviewed Lidl UK/IE extract 2026-09-01; n=18; source=lidl_private_label_review_uk_ie_20260901; file=lidl_brand_reviewed_uk_ie_all_categories_LOCKED.csv; does not alter Lidl France
Lidl,rivercote,Rivercote,private_label_brand,UK_IE,food_beverage,confirm,reviewed Lidl UK/IE extract 2026-09-01; n=72; source=lidl_private_label_review_uk_ie_20260901; file=lidl_brand_reviewed_uk_ie_all_categories_LOCKED.csv; does not alter Lidl France
Lidl,roncero lidl,Roncero,private_label_brand,UK_IE,food_beverage,confirm,reviewed Lidl UK/IE extract 2026-09-01; n=5; source=lidl_private_label_review_uk_ie_20260901; file=lidl_brand_reviewed_uk_ie_all_categories_LOCKED.csv; does not alter Lidl France
Lidl,roncero lidl lidl,Roncero,private_label_brand,UK_IE,food_beverage,confirm,reviewed Lidl UK/IE extract 2026-09-01; n=1; source=lidl_private_label_review_uk_ie_20260901; file=lidl_brand_reviewed_uk_ie_all_categories_LOCKED.csv; does not alter Lidl France
Lidl,rowan hill,Rowan Hill Bakery,private_label_brand,UK_IE,food_beverage,confirm,reviewed Lidl UK/IE extract 2026-09-01; n=26; source=lidl_private_label_review_uk_ie_20260901; file=lidl_brand_reviewed_uk_ie_all_categories_LOCKED.csv; does not alter Lidl France
Lidl,rowan hill backery,Rowan Hill Bakery,private_label_brand,UK_IE,food_beverage,confirm,reviewed Lidl UK/IE extract 2026-09-01; n=6; source=lidl_private_label_review_uk_ie_20260901; file=lidl_brand_reviewed_uk_ie_all_categories_LOCKED.csv; does not alter Lidl France
Lidl,rowan hill bakery,Rowan Hill Bakery,private_label_brand,UK_IE,food_beverage,confirm,reviewed Lidl UK/IE extract 2026-09-01; n=62; source=lidl_private_label_review_uk_ie_20260901; file=lidl_brand_reviewed_uk_ie_all_categories_LOCKED.csv; does not alter Lidl France
Lidl,rowan hill lidl,Rowan Hill Bakery,private_label_brand,UK_IE,food_beverage,confirm,reviewed Lidl UK/IE extract 2026-09-01; n=2; source=lidl_private_label_review_uk_ie_20260901; file=lidl_brand_reviewed_uk_ie_all_categories_LOCKED.csv; does not alter Lidl France
Lidl,simply,Simply,private_label_brand,UK_IE,food_beverage,manual_review,reviewed Lidl UK/IE extract 2026-09-01; n=89; source=lidl_private_label_review_uk_ie_20260901; file=lidl_brand_reviewed_uk_ie_all_categories_LOCKED.csv; does not alter Lidl France; disabled 2026-09-02: bare simply is collision-prone and clean.py does not apply private-label scope at this stage; use reviewed product/market evidence
Lidl,simply by lidl,Simply,private_label_brand,UK_IE,food_beverage,confirm,reviewed Lidl UK/IE extract 2026-09-01; n=5; source=lidl_private_label_review_uk_ie_20260901; file=lidl_brand_reviewed_uk_ie_all_categories_LOCKED.csv; does not alter Lidl France
Lidl,snack day,Snack Day,private_label_brand,UK_IE,food_beverage,confirm,reviewed Lidl UK/IE extract 2026-09-01; n=48; source=lidl_private_label_review_uk_ie_20260901; file=lidl_brand_reviewed_uk_ie_all_categories_LOCKED.csv; does not alter Lidl France
Lidl,snaktastic,Snaktastic,private_label_brand,UK_IE,food_beverage,confirm,reviewed Lidl UK/IE extract 2026-09-01; n=128; source=lidl_private_label_review_uk_ie_20260901; file=lidl_brand_reviewed_uk_ie_all_categories_LOCKED.csv; does not alter Lidl France
Lidl,snaktastic lidl,Snaktastic,private_label_brand,UK_IE,food_beverage,confirm,reviewed Lidl UK/IE extract 2026-09-01; n=14; source=lidl_private_label_review_uk_ie_20260901; file=lidl_brand_reviewed_uk_ie_all_categories_LOCKED.csv; does not alter Lidl France
Lidl,sol and mar,Sol y Mar,private_label_brand,UK_IE,food_beverage,confirm,reviewed Lidl UK/IE extract 2026-09-01; n=5; source=lidl_private_label_review_uk_ie_20260901; file=lidl_brand_reviewed_uk_ie_all_categories_LOCKED.csv; does not alter Lidl France
Lidl,sol mar lidl,Sol y Mar,private_label_brand,UK_IE,food_beverage,confirm,reviewed Lidl UK/IE extract 2026-09-01; n=1; source=lidl_private_label_review_uk_ie_20260901; file=lidl_brand_reviewed_uk_ie_all_categories_LOCKED.csv; does not alter Lidl France
Lidl,sol y mar,Sol y Mar,private_label_brand,UK_IE,food_beverage,confirm,reviewed Lidl UK/IE extract 2026-09-01; n=3; source=lidl_private_label_review_uk_ie_20260901; file=lidl_brand_reviewed_uk_ie_all_categories_LOCKED.csv; does not alter Lidl France
Lidl,solevita,Solevita,private_label_brand,UK_IE,food_beverage,confirm,reviewed Lidl UK/IE extract 2026-09-01; n=100; source=lidl_private_label_review_uk_ie_20260901; file=lidl_brand_reviewed_uk_ie_all_categories_LOCKED.csv; does not alter Lidl France
Lidl,solevita lidl,Solevita,private_label_brand,UK_IE,food_beverage,confirm,reviewed Lidl UK/IE extract 2026-09-01; n=1; source=lidl_private_label_review_uk_ie_20260901; file=lidl_brand_reviewed_uk_ie_all_categories_LOCKED.csv; does not alter Lidl France
Lidl,sondey,Sondey,private_label_brand,UK_IE,food_beverage,confirm,reviewed Lidl UK/IE extract 2026-09-01; n=114; source=lidl_private_label_review_uk_ie_20260901; file=lidl_brand_reviewed_uk_ie_all_categories_LOCKED.csv; does not alter Lidl France
Lidl,sugarland,Sugarland,private_label_brand,UK_IE,food_beverage,confirm,reviewed Lidl UK/IE extract 2026-09-01; n=6; source=lidl_private_label_review_uk_ie_20260901; file=lidl_brand_reviewed_uk_ie_all_categories_LOCKED.csv; does not alter Lidl France
Lidl,sweet corner,Sweet Corner,private_label_brand,UK_IE,food_beverage,confirm,reviewed Lidl UK/IE extract 2026-09-01; n=98; source=lidl_private_label_review_uk_ie_20260901; file=lidl_brand_reviewed_uk_ie_all_categories_LOCKED.csv; does not alter Lidl France
Lidl,sweet corner banana and shrimps,Sweet Corner,private_label_brand,UK_IE,food_beverage,confirm,reviewed Lidl UK/IE extract 2026-09-01; n=1; source=lidl_private_label_review_uk_ie_20260901; file=lidl_brand_reviewed_uk_ie_all_categories_LOCKED.csv; does not alter Lidl France
Lidl,sweet corner lidl,Sweet Corner,private_label_brand,UK_IE,food_beverage,confirm,reviewed Lidl UK/IE extract 2026-09-01; n=13; source=lidl_private_label_review_uk_ie_20260901; file=lidl_brand_reviewed_uk_ie_all_categories_LOCKED.csv; does not alter Lidl France
Lidl,toque du chef,Toque du Chef,private_label_brand,UK_IE,food_beverage,confirm,reviewed Lidl UK/IE extract 2026-09-01; n=2; source=lidl_private_label_review_uk_ie_20260901; file=lidl_brand_reviewed_uk_ie_all_categories_LOCKED.csv; does not alter Lidl France
Lidl,tower gate,Tower Gate,private_label_brand,UK_IE,food_beverage,confirm,reviewed Lidl UK/IE extract 2026-09-01; n=188; source=lidl_private_label_review_uk_ie_20260901; file=lidl_brand_reviewed_uk_ie_all_categories_LOCKED.csv; does not alter Lidl France
Lidl,valley spire,Valley Spire,private_label_brand,UK_IE,food_beverage,confirm,reviewed Lidl UK/IE extract 2026-09-01; n=208; source=lidl_private_label_review_uk_ie_20260901; file=lidl_brand_reviewed_uk_ie_all_categories_LOCKED.csv; does not alter Lidl France
Lidl,valley spire by lidl,Valley Spire,private_label_brand,UK_IE,food_beverage,confirm,reviewed Lidl UK/IE extract 2026-09-01; n=5; source=lidl_private_label_review_uk_ie_20260901; file=lidl_brand_reviewed_uk_ie_all_categories_LOCKED.csv; does not alter Lidl France
Lidl,valley spire by lidl lidl,Valley Spire,private_label_brand,UK_IE,food_beverage,confirm,reviewed Lidl UK/IE extract 2026-09-01; n=1; source=lidl_private_label_review_uk_ie_20260901; file=lidl_brand_reviewed_uk_ie_all_categories_LOCKED.csv; does not alter Lidl France
Lidl,valley spire lidl,Valley Spire,private_label_brand,UK_IE,food_beverage,confirm,reviewed Lidl UK/IE extract 2026-09-01; n=20; source=lidl_private_label_review_uk_ie_20260901; file=lidl_brand_reviewed_uk_ie_all_categories_LOCKED.csv; does not alter Lidl France
Lidl,vemondo,Vemondo,private_label_brand,UK_IE,food_beverage,confirm,reviewed Lidl UK/IE extract 2026-09-01; n=119; source=lidl_private_label_review_uk_ie_20260901; file=lidl_brand_reviewed_uk_ie_all_categories_LOCKED.csv; does not alter Lidl France
Lidl,vemondo lidl,Vemondo,private_label_brand,UK_IE,food_beverage,confirm,reviewed Lidl UK/IE extract 2026-09-01; n=1; source=lidl_private_label_review_uk_ie_20260901; file=lidl_brand_reviewed_uk_ie_all_categories_LOCKED.csv; does not alter Lidl France
Lidl,vitasia,Vitasia,private_label_brand,UK_IE,food_beverage,confirm,reviewed Lidl UK/IE extract 2026-09-01; n=31; source=lidl_private_label_review_uk_ie_20260901; file=lidl_brand_reviewed_uk_ie_all_categories_LOCKED.csv; does not alter Lidl France
Lidl,vitasia asia style,Vitasia,private_label_brand,UK_IE,food_beverage,confirm,reviewed Lidl UK/IE extract 2026-09-01; n=5; source=lidl_private_label_review_uk_ie_20260901; file=lidl_brand_reviewed_uk_ie_all_categories_LOCKED.csv; does not alter Lidl France
Lidl,vitasia crusti croc snaktastic,Vitasia,private_label_brand,UK_IE,food_beverage,confirm,reviewed Lidl UK/IE extract 2026-09-01; n=1; source=lidl_private_label_review_uk_ie_20260901; file=lidl_brand_reviewed_uk_ie_all_categories_LOCKED.csv; does not alter Lidl France
Lidl,vitasia thai style,Vitasia,private_label_brand,UK_IE,food_beverage,confirm,reviewed Lidl UK/IE extract 2026-09-01; n=5; source=lidl_private_label_review_uk_ie_20260901; file=lidl_brand_reviewed_uk_ie_all_categories_LOCKED.csv; does not alter Lidl France
Lidl,way to go,Way To Go!,private_label_brand,UK_IE,food_beverage,confirm,reviewed Lidl UK/IE extract 2026-09-01; n=6; source=lidl_private_label_review_uk_ie_20260901; file=lidl_brand_reviewed_uk_ie_all_categories_LOCKED.csv; does not alter Lidl France
Walmart,artisan fresh,Artisan Fresh,private_label_brand,US_CANADA,food_beverage,confirm,reviewed Walmart US/Canada extract 2026-09-01; n=18; source=walmart_private_label_review_us_canada_20260901; file=walmart_brand_reviewed_us_canada_all_categories.csv
Walmart,bakers and chefs,Bakers & Chefs,private_label_brand,US_CANADA,food_beverage,confirm,reviewed Walmart US/Canada extract 2026-09-01; n=20; source=walmart_private_label_review_us_canada_20260901; file=walmart_brand_reviewed_us_canada_all_categories.csv
Walmart,bakers chefs,Bakers & Chefs,private_label_brand,US_CANADA,food_beverage,confirm,reviewed Walmart US/Canada extract 2026-09-01; n=4; source=walmart_private_label_review_us_canada_20260901; file=walmart_brand_reviewed_us_canada_all_categories.csv
Walmart,bettergoods,bettergoods,private_label_brand,US_CANADA,food_beverage,confirm,reviewed Walmart US/Canada extract 2026-09-01; n=392; source=walmart_private_label_review_us_canada_20260901; file=walmart_brand_reviewed_us_canada_all_categories.csv
Walmart,black forest,The Bakery,private_label_brand,US_CANADA,food_beverage,confirm,reviewed Walmart US/Canada extract 2026-09-01; n=2; source=walmart_private_label_review_us_canada_20260901; file=walmart_brand_reviewed_us_canada_all_categories.csv
Walmart,clear american,Clear American,private_label_brand,US_CANADA,food_beverage,confirm,reviewed Walmart US/Canada extract 2026-09-01; n=317; source=walmart_private_label_review_us_canada_20260901; file=walmart_brand_reviewed_us_canada_all_categories.csv
Walmart,clear american ice,Clear American,private_label_brand,US_CANADA,food_beverage,confirm,reviewed Walmart US/Canada extract 2026-09-01; n=9; source=walmart_private_label_review_us_canada_20260901; file=walmart_brand_reviewed_us_canada_all_categories.csv
Walmart,clear american ice clear american,Clear American,private_label_brand,US_CANADA,food_beverage,confirm,reviewed Walmart US/Canada extract 2026-09-01; n=1; source=walmart_private_label_review_us_canada_20260901; file=walmart_brand_reviewed_us_canada_all_categories.csv
Walmart,clear american wal mart stores inc,Clear American,private_label_brand,US_CANADA,food_beverage,confirm,reviewed Walmart US/Canada extract 2026-09-01; n=33; source=walmart_private_label_review_us_canada_20260901; file=walmart_brand_reviewed_us_canada_all_categories.csv
Walmart,daily chef,Daily Chef,private_label_brand,US_CANADA,food_beverage,confirm,reviewed Walmart US/Canada extract 2026-09-01; n=374; source=walmart_private_label_review_us_canada_20260901; file=walmart_brand_reviewed_us_canada_all_categories.csv
Walmart,daily chef food service,Daily Chef,private_label_brand,US_CANADA,food_beverage,confirm,reviewed Walmart US/Canada extract 2026-09-01; n=15; source=walmart_private_label_review_us_canada_20260901; file=walmart_brand_reviewed_us_canada_all_categories.csv
Walmart,daily chef wal mart stores inc,Daily Chef,private_label_brand,US_CANADA,food_beverage,confirm,reviewed Walmart US/Canada extract 2026-09-01; n=33; source=walmart_private_label_review_us_canada_20260901; file=walmart_brand_reviewed_us_canada_all_categories.csv
Walmart,diet sam s cola,Sam's Cola,private_label_brand,US_CANADA,food_beverage,confirm,reviewed Walmart US/Canada extract 2026-09-01; n=2; source=walmart_private_label_review_us_canada_20260901; file=walmart_brand_reviewed_us_canada_all_categories.csv
Walmart,diet sams cola,Sam's Cola,private_label_brand,US_CANADA,food_beverage,confirm,reviewed Walmart US/Canada extract 2026-09-01; n=10; source=walmart_private_label_review_us_canada_20260901; file=walmart_brand_reviewed_us_canada_all_categories.csv
Walmart,equate,Equate,private_label_brand,US_CANADA,food_beverage,confirm,reviewed Walmart US/Canada extract 2026-09-01; n=28; source=walmart_private_label_review_us_canada_20260901; file=walmart_brand_reviewed_us_canada_all_categories.csv
Walmart,freshness guaranteed,Freshness Guaranteed,private_label_brand,US_CANADA,food_beverage,confirm,reviewed Walmart US/Canada extract 2026-09-01; n=40; source=walmart_private_label_review_us_canada_20260901; file=walmart_brand_reviewed_us_canada_all_categories.csv
Walmart,great value,Great Value,private_label_brand,US_CANADA,food_beverage,confirm,reviewed Walmart US/Canada extract 2026-09-01; n=6488; source=walmart_private_label_review_us_canada_20260901; file=walmart_brand_reviewed_us_canada_all_categories.csv
Walmart,great value,Great Value Organic,private_label_brand,US_CANADA,food_beverage,confirm,reviewed Walmart US/Canada extract 2026-09-01; n=1; source=walmart_private_label_review_us_canada_20260901; file=walmart_brand_reviewed_us_canada_all_categories.csv
Walmart,great value butter milk waffle,Great Value,private_label_brand,US_CANADA,food_beverage,confirm,reviewed Walmart US/Canada extract 2026-09-01; n=5; source=walmart_private_label_review_us_canada_20260901; file=walmart_brand_reviewed_us_canada_all_categories.csv
Walmart,great value cruchy potato chips,Great Value,private_label_brand,US_CANADA,food_beverage,confirm,reviewed Walmart US/Canada extract 2026-09-01; n=5; source=walmart_private_label_review_us_canada_20260901; file=walmart_brand_reviewed_us_canada_all_categories.csv
Walmart,great value organic,Great Value Organic,private_label_brand,US_CANADA,food_beverage,confirm,reviewed Walmart US/Canada extract 2026-09-01; n=5; source=walmart_private_label_review_us_canada_20260901; file=walmart_brand_reviewed_us_canada_all_categories.csv
Walmart,great value sport,Great Value,private_label_brand,US_CANADA,food_beverage,confirm,reviewed Walmart US/Canada extract 2026-09-01; n=5; source=walmart_private_label_review_us_canada_20260901; file=walmart_brand_reviewed_us_canada_all_categories.csv
Walmart,great value wal mart stores inc,Great Value,private_label_brand,US_CANADA,food_beverage,confirm,reviewed Walmart US/Canada extract 2026-09-01; n=110; source=walmart_private_label_review_us_canada_20260901; file=walmart_brand_reviewed_us_canada_all_categories.csv
Walmart,great value walmart,Great Value,private_label_brand,US_CANADA,food_beverage,confirm,reviewed Walmart US/Canada extract 2026-09-01; n=16; source=walmart_private_label_review_us_canada_20260901; file=walmart_brand_reviewed_us_canada_all_categories.csv
Walmart,market side walmart,Marketside,private_label_brand,US_CANADA,food_beverage,confirm,reviewed Walmart US/Canada extract 2026-09-01; n=2; source=walmart_private_label_review_us_canada_20260901; file=walmart_brand_reviewed_us_canada_all_categories.csv
Walmart,marketside,Marketside,private_label_brand,US_CANADA,food_beverage,confirm,reviewed Walmart US/Canada extract 2026-09-01; n=555; source=walmart_private_label_review_us_canada_20260901; file=walmart_brand_reviewed_us_canada_all_categories.csv
Walmart,marketside wal mart stores inc,Marketside,private_label_brand,US_CANADA,food_beverage,confirm,reviewed Walmart US/Canada extract 2026-09-01; n=15; source=walmart_private_label_review_us_canada_20260901; file=walmart_brand_reviewed_us_canada_all_categories.csv
Walmart,member s mark,Member's Mark,private_label_brand,US_CANADA,food_beverage,confirm,reviewed Walmart US/Canada extract 2026-09-01; n=214; source=walmart_private_label_review_us_canada_20260901; file=walmart_brand_reviewed_us_canada_all_categories.csv
Walmart,members mark,Member's Mark,private_label_brand,US_CANADA,food_beverage,confirm,reviewed Walmart US/Canada extract 2026-09-01; n=880; source=walmart_private_label_review_us_canada_20260901; file=walmart_brand_reviewed_us_canada_all_categories.csv
Walmart,members mark sparkling water,Member's Mark,private_label_brand,US_CANADA,food_beverage,confirm,reviewed Walmart US/Canada extract 2026-09-01; n=6; source=walmart_private_label_review_us_canada_20260901; file=walmart_brand_reviewed_us_canada_all_categories.csv
Walmart,organic great value,Great Value Organic,private_label_brand,US_CANADA,food_beverage,confirm,reviewed Walmart US/Canada extract 2026-09-01; n=30; source=walmart_private_label_review_us_canada_20260901; file=walmart_brand_reviewed_us_canada_all_categories.csv
Walmart,our finest,Our Finest,private_label_brand,US_CANADA,food_beverage,confirm,reviewed Walmart US/Canada extract 2026-09-01; n=6; source=walmart_private_label_review_us_canada_20260901; file=walmart_brand_reviewed_us_canada_all_categories.csv
Walmart,parent s choice,Parent's Choice,private_label_brand,US_CANADA,food_beverage,confirm,reviewed Walmart US/Canada extract 2026-09-01; n=6; source=walmart_private_label_review_us_canada_20260901; file=walmart_brand_reviewed_us_canada_all_categories.csv
Walmart,parents choice,Parent's Choice,private_label_brand,US_CANADA,food_beverage,confirm,reviewed Walmart US/Canada extract 2026-09-01; n=20; source=walmart_private_label_review_us_canada_20260901; file=walmart_brand_reviewed_us_canada_all_categories.csv
Walmart,price first,Price First,private_label_brand,US_CANADA,food_beverage,confirm,reviewed Walmart US/Canada extract 2026-09-01; n=37; source=walmart_private_label_review_us_canada_20260901; file=walmart_brand_reviewed_us_canada_all_categories.csv
Walmart,price first wal mart stores inc,Price First,private_label_brand,US_CANADA,food_beverage,confirm,reviewed Walmart US/Canada extract 2026-09-01; n=5; source=walmart_private_label_review_us_canada_20260901; file=walmart_brand_reviewed_us_canada_all_categories.csv
Walmart,prima della,Prima Della,private_label_brand,US_CANADA,food_beverage,confirm,reviewed Walmart US/Canada extract 2026-09-01; n=6; source=walmart_private_label_review_us_canada_20260901; file=walmart_brand_reviewed_us_canada_all_categories.csv
Walmart,sam s choice,Sam's Choice,private_label_brand,US_CANADA,food_beverage,confirm,reviewed Walmart US/Canada extract 2026-09-01; n=41; source=walmart_private_label_review_us_canada_20260901; file=walmart_brand_reviewed_us_canada_all_categories.csv
Walmart,sam s choice wal mart stores inc,Sam's Choice,private_label_brand,US_CANADA,food_beverage,confirm,reviewed Walmart US/Canada extract 2026-09-01; n=5; source=walmart_private_label_review_us_canada_20260901; file=walmart_brand_reviewed_us_canada_all_categories.csv
Walmart,sam s club member s mark,Member's Mark,private_label_brand,US_CANADA,food_beverage,confirm,reviewed Walmart US/Canada extract 2026-09-01; n=1; source=walmart_private_label_review_us_canada_20260901; file=walmart_brand_reviewed_us_canada_all_categories.csv
Walmart,sam s cola,Sam's Cola,private_label_brand,US_CANADA,food_beverage,confirm,reviewed Walmart US/Canada extract 2026-09-01; n=2; source=walmart_private_label_review_us_canada_20260901; file=walmart_brand_reviewed_us_canada_all_categories.csv
Walmart,sams choice,Sam's Choice,private_label_brand,US_CANADA,food_beverage,confirm,reviewed Walmart US/Canada extract 2026-09-01; n=160; source=walmart_private_label_review_us_canada_20260901; file=walmart_brand_reviewed_us_canada_all_categories.csv
Walmart,sams club members mark,Member's Mark,private_label_brand,US_CANADA,food_beverage,confirm,reviewed Walmart US/Canada extract 2026-09-01; n=5; source=walmart_private_label_review_us_canada_20260901; file=walmart_brand_reviewed_us_canada_all_categories.csv
Walmart,sams cola,Sam's Cola,private_label_brand,US_CANADA,food_beverage,confirm,reviewed Walmart US/Canada extract 2026-09-01; n=10; source=walmart_private_label_review_us_canada_20260901; file=walmart_brand_reviewed_us_canada_all_categories.csv
Walmart,signature,The Bakery,private_label_brand,US_CANADA,food_beverage,confirm,reviewed Walmart US/Canada extract 2026-09-01; n=7; source=walmart_private_label_review_us_canada_20260901; file=walmart_brand_reviewed_us_canada_all_categories.csv
Walmart,signature the bakery,The Bakery,private_label_brand,US_CANADA,food_beverage,confirm,reviewed Walmart US/Canada extract 2026-09-01; n=1; source=walmart_private_label_review_us_canada_20260901; file=walmart_brand_reviewed_us_canada_all_categories.csv
Walmart,simply,Great Value,private_label_brand,US_CANADA,food_beverage,manual_review,reviewed Walmart US/Canada extract 2026-09-01; n=2; source=walmart_private_label_review_us_canada_20260901; file=walmart_brand_reviewed_us_canada_all_categories.csv; disabled 2026-09-02: bare simply is collision-prone and clean.py does not apply private-label scope at this stage; use reviewed product/market evidence
Walmart,simply great value,Great Value,private_label_brand,US_CANADA,food_beverage,confirm,reviewed Walmart US/Canada extract 2026-09-01; n=1; source=walmart_private_label_review_us_canada_20260901; file=walmart_brand_reviewed_us_canada_all_categories.csv
Walmart,spring valley,Spring Valley,private_label_brand,US_CANADA,food_beverage,confirm,reviewed Walmart US/Canada extract 2026-09-01; n=5; source=walmart_private_label_review_us_canada_20260901; file=walmart_brand_reviewed_us_canada_all_categories.csv
Walmart,spring valley walmart,Spring Valley,private_label_brand,US_CANADA,food_beverage,confirm,reviewed Walmart US/Canada extract 2026-09-01; n=1; source=walmart_private_label_review_us_canada_20260901; file=walmart_brand_reviewed_us_canada_all_categories.csv
Walmart,the bakery,The Bakery,private_label_brand,US_CANADA,food_beverage,confirm,reviewed Walmart US/Canada extract 2026-09-01; n=812; source=walmart_private_label_review_us_canada_20260901; file=walmart_brand_reviewed_us_canada_all_categories.csv
Walmart,the bakery at walmark,The Bakery,private_label_brand,US_CANADA,food_beverage,confirm,reviewed Walmart US/Canada extract 2026-09-01; n=5; source=walmart_private_label_review_us_canada_20260901; file=walmart_brand_reviewed_us_canada_all_categories.csv
Walmart,the bakery bake with pride,The Bakery,private_label_brand,US_CANADA,food_beverage,confirm,reviewed Walmart US/Canada extract 2026-09-01; n=5; source=walmart_private_label_review_us_canada_20260901; file=walmart_brand_reviewed_us_canada_all_categories.csv
Walmart,the bakery baked with pride,The Bakery,private_label_brand,US_CANADA,food_beverage,confirm,reviewed Walmart US/Canada extract 2026-09-01; n=293; source=walmart_private_label_review_us_canada_20260901; file=walmart_brand_reviewed_us_canada_all_categories.csv
Walmart,the bakery baked with pride wal mart stores inc,The Bakery,private_label_brand,US_CANADA,food_beverage,confirm,reviewed Walmart US/Canada extract 2026-09-01; n=25; source=walmart_private_label_review_us_canada_20260901; file=walmart_brand_reviewed_us_canada_all_categories.csv
Walmart,the bakery wal mart stores inc,The Bakery,private_label_brand,US_CANADA,food_beverage,confirm,reviewed Walmart US/Canada extract 2026-09-01; n=70; source=walmart_private_label_review_us_canada_20260901; file=walmart_brand_reviewed_us_canada_all_categories.csv
Walmart,wal mart,Walmart,private_label_brand,US_CANADA,food_beverage,confirm,reviewed Walmart US/Canada extract 2026-09-01; n=38; source=walmart_private_label_review_us_canada_20260901; file=walmart_brand_reviewed_us_canada_all_categories.csv
Walmart,wal mart stores,Walmart,private_label_brand,US_CANADA,food_beverage,confirm,reviewed Walmart US/Canada extract 2026-09-01; n=78; source=walmart_private_label_review_us_canada_20260901; file=walmart_brand_reviewed_us_canada_all_categories.csv
Walmart,wal mart stores inc,Daily Chef,private_label_brand,US_CANADA,food_beverage,confirm,reviewed Walmart US/Canada extract 2026-09-01; n=6; source=walmart_private_label_review_us_canada_20260901; file=walmart_brand_reviewed_us_canada_all_categories.csv
Walmart,wal mart stores inc,Equate,private_label_brand,US_CANADA,food_beverage,confirm,reviewed Walmart US/Canada extract 2026-09-01; n=6; source=walmart_private_label_review_us_canada_20260901; file=walmart_brand_reviewed_us_canada_all_categories.csv
Walmart,wal mart stores inc,Great Value,private_label_brand,US_CANADA,food_beverage,confirm,reviewed Walmart US/Canada extract 2026-09-01; n=44; source=walmart_private_label_review_us_canada_20260901; file=walmart_brand_reviewed_us_canada_all_categories.csv
Walmart,wal mart stores inc,Great Value Organic,private_label_brand,US_CANADA,food_beverage,confirm,reviewed Walmart US/Canada extract 2026-09-01; n=12; source=walmart_private_label_review_us_canada_20260901; file=walmart_brand_reviewed_us_canada_all_categories.csv
Walmart,wal mart stores inc,Member's Mark,private_label_brand,US_CANADA,food_beverage,confirm,reviewed Walmart US/Canada extract 2026-09-01; n=38; source=walmart_private_label_review_us_canada_20260901; file=walmart_brand_reviewed_us_canada_all_categories.csv
Walmart,wal mart stores inc,Sam's Choice,private_label_brand,US_CANADA,food_beverage,confirm,reviewed Walmart US/Canada extract 2026-09-01; n=12; source=walmart_private_label_review_us_canada_20260901; file=walmart_brand_reviewed_us_canada_all_categories.csv
Walmart,wal mart stores inc,Walmart,private_label_brand,US_CANADA,food_beverage,confirm,reviewed Walmart US/Canada extract 2026-09-01; n=820; source=walmart_private_label_review_us_canada_20260901; file=walmart_brand_reviewed_us_canada_all_categories.csv
Walmart,wal mart stores inc great value,Great Value,private_label_brand,US_CANADA,food_beverage,confirm,reviewed Walmart US/Canada extract 2026-09-01; n=1; source=walmart_private_label_review_us_canada_20260901; file=walmart_brand_reviewed_us_canada_all_categories.csv
Walmart,wal mart stores progressive balloons inc,Walmart,private_label_brand,US_CANADA,food_beverage,confirm,reviewed Walmart US/Canada extract 2026-09-01; n=5; source=walmart_private_label_review_us_canada_20260901; file=walmart_brand_reviewed_us_canada_all_categories.csv
Walmart,wal mart stores wal mart stores inc,Walmart,private_label_brand,US_CANADA,food_beverage,confirm,reviewed Walmart US/Canada extract 2026-09-01; n=1; source=walmart_private_label_review_us_canada_20260901; file=walmart_brand_reviewed_us_canada_all_categories.csv
Walmart,walmart,Great Value,private_label_brand,US_CANADA,food_beverage,confirm,reviewed Walmart US/Canada extract 2026-09-01; n=38; source=walmart_private_label_review_us_canada_20260901; file=walmart_brand_reviewed_us_canada_all_categories.csv
Walmart,walmart,Great Value Organic,private_label_brand,US_CANADA,food_beverage,confirm,reviewed Walmart US/Canada extract 2026-09-01; n=6; source=walmart_private_label_review_us_canada_20260901; file=walmart_brand_reviewed_us_canada_all_categories.csv
Walmart,walmart,Sam's Choice,private_label_brand,US_CANADA,food_beverage,confirm,reviewed Walmart US/Canada extract 2026-09-01; n=1; source=walmart_private_label_review_us_canada_20260901; file=walmart_brand_reviewed_us_canada_all_categories.csv
Walmart,walmart,The Bakery,private_label_brand,US_CANADA,food_beverage,confirm,reviewed Walmart US/Canada extract 2026-09-01; n=2; source=walmart_private_label_review_us_canada_20260901; file=walmart_brand_reviewed_us_canada_all_categories.csv
Walmart,walmart,Walmart,private_label_brand,US_CANADA,food_beverage,confirm,reviewed Walmart US/Canada extract 2026-09-01; n=309; source=walmart_private_label_review_us_canada_20260901; file=walmart_brand_reviewed_us_canada_all_categories.csv
Walmart,walmart bakery,The Bakery,private_label_brand,US_CANADA,food_beverage,confirm,reviewed Walmart US/Canada extract 2026-09-01; n=10; source=walmart_private_label_review_us_canada_20260901; file=walmart_brand_reviewed_us_canada_all_categories.csv
Walmart,walmart great value,Great Value,private_label_brand,US_CANADA,food_beverage,confirm,reviewed Walmart US/Canada extract 2026-09-01; n=5; source=walmart_private_label_review_us_canada_20260901; file=walmart_brand_reviewed_us_canada_all_categories.csv
Walmart,walmart inc,Sam's Choice,private_label_brand,US_CANADA,food_beverage,confirm,reviewed Walmart US/Canada extract 2026-09-01; n=5; source=walmart_private_label_review_us_canada_20260901; file=walmart_brand_reviewed_us_canada_all_categories.csv
Walmart,walmart wal mart stores inc,Walmart,private_label_brand,US_CANADA,food_beverage,confirm,reviewed Walmart US/Canada extract 2026-09-01; n=1; source=walmart_private_label_review_us_canada_20260901; file=walmart_brand_reviewed_us_canada_all_categories.csv
Walmart,world table,World Table,private_label_brand,US_CANADA,food_beverage,confirm,reviewed Walmart US/Canada extract 2026-09-01; n=6; source=walmart_private_label_review_us_canada_20260901; file=walmart_brand_reviewed_us_canada_all_categories.csv
Walmart,your fresh market,Your Fresh Market,private_label_brand,US_CANADA,food_beverage,confirm,reviewed Walmart US/Canada extract 2026-09-01; n=12; source=walmart_private_label_review_us_canada_20260901; file=walmart_brand_reviewed_us_canada_all_categories.csv
Costco,costco,Costco,private_label_brand,US_CANADA,food_beverage,confirm,reviewed Costco US/Canada extract 2026-09-01; n=8; source=costco_private_label_review_us_canada_20260901; file=costco_brand_reviewed_us_canada_all_categories.csv
Costco,costco,Kirkland Signature,private_label_brand,US_CANADA,food_beverage,confirm,reviewed Costco US/Canada extract 2026-09-01; n=24; source=costco_private_label_review_us_canada_20260901; file=costco_brand_reviewed_us_canada_all_categories.csv
Costco,costco companies inc,Kirkland Signature,private_label_brand,US_CANADA,food_beverage,confirm,reviewed Costco US/Canada extract 2026-09-01; n=6; source=costco_private_label_review_us_canada_20260901; file=costco_brand_reviewed_us_canada_all_categories.csv
Costco,costco costco companies inc kirkland kirkland signature,Kirkland Signature,private_label_brand,US_CANADA,food_beverage,confirm,reviewed Costco US/Canada extract 2026-09-01; n=1; source=costco_private_label_review_us_canada_20260901; file=costco_brand_reviewed_us_canada_all_categories.csv
Costco,costco kirkland,Kirkland Signature,private_label_brand,US_CANADA,food_beverage,confirm,reviewed Costco US/Canada extract 2026-09-01; n=1; source=costco_private_label_review_us_canada_20260901; file=costco_brand_reviewed_us_canada_all_categories.csv
Costco,kirklamd,Kirkland Signature,private_label_brand,US_CANADA,food_beverage,confirm,reviewed Costco US/Canada extract 2026-09-01; n=6; source=costco_private_label_review_us_canada_20260901; file=costco_brand_reviewed_us_canada_all_categories.csv
Costco,kirkland,Kirkland Signature,private_label_brand,US_CANADA,food_beverage,confirm,reviewed Costco US/Canada extract 2026-09-01; n=972; source=costco_private_label_review_us_canada_20260901; file=costco_brand_reviewed_us_canada_all_categories.csv
Costco,kirkland brand,Kirkland Signature,private_label_brand,US_CANADA,food_beverage,confirm,reviewed Costco US/Canada extract 2026-09-01; n=5; source=costco_private_label_review_us_canada_20260901; file=costco_brand_reviewed_us_canada_all_categories.csv
Costco,kirkland costco,Kirkland Signature,private_label_brand,US_CANADA,food_beverage,confirm,reviewed Costco US/Canada extract 2026-09-01; n=4; source=costco_private_label_review_us_canada_20260901; file=costco_brand_reviewed_us_canada_all_categories.csv
Costco,kirkland kirkland signature,Kirkland Signature,private_label_brand,US_CANADA,food_beverage,confirm,reviewed Costco US/Canada extract 2026-09-01; n=2; source=costco_private_label_review_us_canada_20260901; file=costco_brand_reviewed_us_canada_all_categories.csv
Costco,kirkland kirkland signature m m s,Kirkland Signature,private_label_brand,US_CANADA,food_beverage,confirm,reviewed Costco US/Canada extract 2026-09-01; n=1; source=costco_private_label_review_us_canada_20260901; file=costco_brand_reviewed_us_canada_all_categories.csv
Costco,kirkland kirkland signature ocean spray,Kirkland Signature,private_label_brand,US_CANADA,food_beverage,confirm,reviewed Costco US/Canada extract 2026-09-01; n=1; source=costco_private_label_review_us_canada_20260901; file=costco_brand_reviewed_us_canada_all_categories.csv
Costco,kirkland signature,Kirkland Signature,private_label_brand,US_CANADA,food_beverage,confirm,reviewed Costco US/Canada extract 2026-09-01; n=937; source=costco_private_label_review_us_canada_20260901; file=costco_brand_reviewed_us_canada_all_categories.csv
Costco,kirkland signature costco companies inc,Kirkland Signature,private_label_brand,US_CANADA,food_beverage,confirm,reviewed Costco US/Canada extract 2026-09-01; n=1; source=costco_private_label_review_us_canada_20260901; file=costco_brand_reviewed_us_canada_all_categories.csv
Costco,kirkland signature isigny ste mere,Kirkland Signature,private_label_brand,US_CANADA,food_beverage,confirm,reviewed Costco US/Canada extract 2026-09-01; n=1; source=costco_private_label_review_us_canada_20260901; file=costco_brand_reviewed_us_canada_all_categories.csv
Costco,kirkland signature jelly belly,Kirkland Signature,private_label_brand,US_CANADA,food_beverage,confirm,reviewed Costco US/Canada extract 2026-09-01; n=1; source=costco_private_label_review_us_canada_20260901; file=costco_brand_reviewed_us_canada_all_categories.csv
Costco,kirkland signature kirkland costco,Kirkland Signature,private_label_brand,US_CANADA,food_beverage,confirm,reviewed Costco US/Canada extract 2026-09-01; n=1; source=costco_private_label_review_us_canada_20260901; file=costco_brand_reviewed_us_canada_all_categories.csv
Costco,kirkland signature nature s path,Kirkland Signature,private_label_brand,US_CANADA,food_beverage,confirm,reviewed Costco US/Canada extract 2026-09-01; n=1; source=costco_private_label_review_us_canada_20260901; file=costco_brand_reviewed_us_canada_all_categories.csv
Costco,kirkland signature ocean spray,Kirkland Signature,private_label_brand,US_CANADA,food_beverage,confirm,reviewed Costco US/Canada extract 2026-09-01; n=5; source=costco_private_label_review_us_canada_20260901; file=costco_brand_reviewed_us_canada_all_categories.csv
Costco,kirkland signature select,Kirkland Signature,private_label_brand,US_CANADA,food_beverage,confirm,reviewed Costco US/Canada extract 2026-09-01; n=5; source=costco_private_label_review_us_canada_20260901; file=costco_brand_reviewed_us_canada_all_categories.csv
Costco,m m s,Kirkland Signature,private_label_brand,US_CANADA,food_beverage,confirm,reviewed Costco US/Canada extract 2026-09-01; n=3; source=costco_private_label_review_us_canada_20260901; file=costco_brand_reviewed_us_canada_all_categories.csv
Costco,sartori,Kirkland Signature,private_label_brand,US_CANADA,food_beverage,confirm,reviewed Costco US/Canada extract 2026-09-01; n=60; source=costco_private_label_review_us_canada_20260901; file=costco_brand_reviewed_us_canada_all_categories.csv
Costco,sartori kirkland,Kirkland Signature,private_label_brand,US_CANADA,food_beverage,confirm,reviewed Costco US/Canada extract 2026-09-01; n=12; source=costco_private_label_review_us_canada_20260901; file=costco_brand_reviewed_us_canada_all_categories.csv
Costco,unknown,Kirkland Signature,private_label_brand,US_CANADA,food_beverage,confirm,reviewed Costco US/Canada extract 2026-09-01; n=20; source=costco_private_label_review_us_canada_20260901; file=costco_brand_reviewed_us_canada_all_categories.csv
Kroger,bakery fresh,Bakery Fresh,private_label_brand,US_CANADA,food_beverage,confirm,reviewed Kroger US/Canada extract 2026-09-01; n=22; source=kroger_private_label_review_us_canada_20260901; file=kroger_brand_reviewed_us_canada_all_categories (1).csv
Kroger,bakery fresh fred meyer,Bakery Fresh,private_label_brand,US_CANADA,food_beverage,confirm,reviewed Kroger US/Canada extract 2026-09-01; n=2; source=kroger_private_label_review_us_canada_20260901; file=kroger_brand_reviewed_us_canada_all_categories (1).csv
Kroger,bakery fresh from kroger,Bakery Fresh,private_label_brand,US_CANADA,food_beverage,confirm,reviewed Kroger US/Canada extract 2026-09-01; n=2; source=kroger_private_label_review_us_canada_20260901; file=kroger_brand_reviewed_us_canada_all_categories (1).csv
Kroger,bakery fresh goodness,Bakery Fresh Goodness,private_label_brand,US_CANADA,food_beverage,confirm,reviewed Kroger US/Canada extract 2026-09-01; n=97; source=kroger_private_label_review_us_canada_20260901; file=kroger_brand_reviewed_us_canada_all_categories (1).csv
Kroger,bakery fresh goodness petri baking products inc,Bakery Fresh Goodness,private_label_brand,US_CANADA,food_beverage,confirm,reviewed Kroger US/Canada extract 2026-09-01; n=1; source=kroger_private_label_review_us_canada_20260901; file=kroger_brand_reviewed_us_canada_all_categories (1).csv
Kroger,bakery fresh goodness the kroger co,Bakery Fresh Goodness,private_label_brand,US_CANADA,food_beverage,confirm,reviewed Kroger US/Canada extract 2026-09-01; n=4; source=kroger_private_label_review_us_canada_20260901; file=kroger_brand_reviewed_us_canada_all_categories (1).csv
Kroger,big k,Big K,private_label_brand,US_CANADA,food_beverage,confirm,reviewed Kroger US/Canada extract 2026-09-01; n=108; source=kroger_private_label_review_us_canada_20260901; file=kroger_brand_reviewed_us_canada_all_categories (1).csv
Kroger,big k the kroger co,Big K,private_label_brand,US_CANADA,food_beverage,confirm,reviewed Kroger US/Canada extract 2026-09-01; n=18; source=kroger_private_label_review_us_canada_20260901; file=kroger_brand_reviewed_us_canada_all_categories (1).csv
Kroger,carbmaster,Kroger CARBmaster,private_label_brand,US_CANADA,food_beverage,confirm,reviewed Kroger US/Canada extract 2026-09-01; n=6; source=kroger_private_label_review_us_canada_20260901; file=kroger_brand_reviewed_us_canada_all_categories (1).csv
Kroger,deli akitchen,Deli Kitchen,private_label_brand,US_CANADA,food_beverage,confirm,reviewed Kroger US/Canada extract 2026-09-01; n=5; source=kroger_private_label_review_us_canada_20260901; file=kroger_brand_reviewed_us_canada_all_categories (1).csv
Kroger,deli akitchen kroger,Deli Kitchen,private_label_brand,US_CANADA,food_beverage,confirm,reviewed Kroger US/Canada extract 2026-09-01; n=1; source=kroger_private_label_review_us_canada_20260901; file=kroger_brand_reviewed_us_canada_all_categories (1).csv
Kroger,dillons,Dillons,private_label_brand,US_CANADA,food_beverage,confirm,reviewed Kroger US/Canada extract 2026-09-01; n=11; source=kroger_private_label_review_us_canada_20260901; file=kroger_brand_reviewed_us_canada_all_categories (1).csv
Kroger,dillons kroger,Dillons,private_label_brand,US_CANADA,food_beverage,confirm,reviewed Kroger US/Canada extract 2026-09-01; n=1; source=kroger_private_label_review_us_canada_20260901; file=kroger_brand_reviewed_us_canada_all_categories (1).csv
Kroger,food 4 less,Food 4 Less,private_label_brand,US_CANADA,food_beverage,confirm,reviewed Kroger US/Canada extract 2026-09-01; n=2; source=kroger_private_label_review_us_canada_20260901; file=kroger_brand_reviewed_us_canada_all_categories (1).csv
Kroger,fred meyer,Fred Meyer,private_label_brand,US_CANADA,food_beverage,confirm,reviewed Kroger US/Canada extract 2026-09-01; n=36; source=kroger_private_label_review_us_canada_20260901; file=kroger_brand_reviewed_us_canada_all_categories (1).csv
Kroger,fred meyer inc non food div,Fred Meyer,private_label_brand,US_CANADA,food_beverage,confirm,reviewed Kroger US/Canada extract 2026-09-01; n=6; source=kroger_private_label_review_us_canada_20260901; file=kroger_brand_reviewed_us_canada_all_categories (1).csv
Kroger,fresh foods market,Harris Teeter Fresh Foods Market,private_label_brand,US_CANADA,food_beverage,confirm,reviewed Kroger US/Canada extract 2026-09-01; n=10; source=kroger_private_label_review_us_canada_20260901; file=kroger_brand_reviewed_us_canada_all_categories (1).csv
Kroger,fresh foods market harris teeter inc,Harris Teeter Fresh Foods Market,private_label_brand,US_CANADA,food_beverage,confirm,reviewed Kroger US/Canada extract 2026-09-01; n=2; source=kroger_private_label_review_us_canada_20260901; file=kroger_brand_reviewed_us_canada_all_categories (1).csv
Kroger,harris teeter,Harris Teeter,private_label_brand,US_CANADA,food_beverage,confirm,reviewed Kroger US/Canada extract 2026-09-01; n=1931; source=kroger_private_label_review_us_canada_20260901; file=kroger_brand_reviewed_us_canada_all_categories (1).csv
Kroger,harris teeter,Harris Teeter CARBmaster,private_label_brand,US_CANADA,food_beverage,confirm,reviewed Kroger US/Canada extract 2026-09-01; n=1; source=kroger_private_label_review_us_canada_20260901; file=kroger_brand_reviewed_us_canada_all_categories (1).csv
Kroger,harris teeter,Harris Teeter Farmers Market,private_label_brand,US_CANADA,food_beverage,confirm,reviewed Kroger US/Canada extract 2026-09-01; n=2; source=kroger_private_label_review_us_canada_20260901; file=kroger_brand_reviewed_us_canada_all_categories (1).csv
Kroger,harris teeter,Harris Teeter Fresh Foods Market,private_label_brand,US_CANADA,food_beverage,confirm,reviewed Kroger US/Canada extract 2026-09-01; n=49; source=kroger_private_label_review_us_canada_20260901; file=kroger_brand_reviewed_us_canada_all_categories (1).csv
Kroger,harris teeter,Harris Teeter Organics,private_label_brand,US_CANADA,food_beverage,confirm,reviewed Kroger US/Canada extract 2026-09-01; n=105; source=kroger_private_label_review_us_canada_20260901; file=kroger_brand_reviewed_us_canada_all_categories (1).csv
Kroger,harris teeter,Harris Teeter Simply Clear,private_label_brand,US_CANADA,food_beverage,confirm,reviewed Kroger US/Canada extract 2026-09-01; n=53; source=kroger_private_label_review_us_canada_20260901; file=kroger_brand_reviewed_us_canada_all_categories (1).csv
Kroger,harris teeter carbmaster,Harris Teeter CARBmaster,private_label_brand,US_CANADA,food_beverage,confirm,reviewed Kroger US/Canada extract 2026-09-01; n=5; source=kroger_private_label_review_us_canada_20260901; file=kroger_brand_reviewed_us_canada_all_categories (1).csv
Kroger,harris teeter harris teeter inc,Harris Teeter,private_label_brand,US_CANADA,food_beverage,confirm,reviewed Kroger US/Canada extract 2026-09-01; n=85; source=kroger_private_label_review_us_canada_20260901; file=kroger_brand_reviewed_us_canada_all_categories (1).csv
Kroger,harris teeter harris teeter inc,Harris Teeter Fresh Foods Market,private_label_brand,US_CANADA,food_beverage,confirm,reviewed Kroger US/Canada extract 2026-09-01; n=7; source=kroger_private_label_review_us_canada_20260901; file=kroger_brand_reviewed_us_canada_all_categories (1).csv
Kroger,harris teeter harris teeter inc,Harris Teeter Organics,private_label_brand,US_CANADA,food_beverage,confirm,reviewed Kroger US/Canada extract 2026-09-01; n=3; source=kroger_private_label_review_us_canada_20260901; file=kroger_brand_reviewed_us_canada_all_categories (1).csv
Kroger,harris teeter harris teeter inc,Harris Teeter Simply Clear,private_label_brand,US_CANADA,food_beverage,confirm,reviewed Kroger US/Canada extract 2026-09-01; n=7; source=kroger_private_label_review_us_canada_20260901; file=kroger_brand_reviewed_us_canada_all_categories (1).csv
Kroger,harris teeter inc,Harris Teeter,private_label_brand,US_CANADA,food_beverage,confirm,reviewed Kroger US/Canada extract 2026-09-01; n=328; source=kroger_private_label_review_us_canada_20260901; file=kroger_brand_reviewed_us_canada_all_categories (1).csv
Kroger,harris teeter inc,Harris Teeter Organics,private_label_brand,US_CANADA,food_beverage,confirm,reviewed Kroger US/Canada extract 2026-09-01; n=18; source=kroger_private_label_review_us_canada_20260901; file=kroger_brand_reviewed_us_canada_all_categories (1).csv
Kroger,harris teeter organics,Harris Teeter Organics,private_label_brand,US_CANADA,food_beverage,confirm,reviewed Kroger US/Canada extract 2026-09-01; n=20; source=kroger_private_label_review_us_canada_20260901; file=kroger_brand_reviewed_us_canada_all_categories (1).csv
Kroger,home chef kitchen inc,Home Chef,private_label_brand,US_CANADA,food_beverage,confirm,reviewed Kroger US/Canada extract 2026-09-01; n=6; source=kroger_private_label_review_us_canada_20260901; file=kroger_brand_reviewed_us_canada_all_categories (1).csv
Kroger,ht traders,HT Traders,private_label_brand,US_CANADA,food_beverage,confirm,reviewed Kroger US/Canada extract 2026-09-01; n=381; source=kroger_private_label_review_us_canada_20260901; file=kroger_brand_reviewed_us_canada_all_categories (1).csv
Kroger,ht traders harris teeter inc,HT Traders,private_label_brand,US_CANADA,food_beverage,confirm,reviewed Kroger US/Canada extract 2026-09-01; n=17; source=kroger_private_label_review_us_canada_20260901; file=kroger_brand_reviewed_us_canada_all_categories (1).csv
Kroger,kettle,HT Traders,private_label_brand,US_CANADA,food_beverage,confirm,reviewed Kroger US/Canada extract 2026-09-01; n=10; source=kroger_private_label_review_us_canada_20260901; file=kroger_brand_reviewed_us_canada_all_categories (1).csv
Kroger,kettle ht traders,HT Traders,private_label_brand,US_CANADA,food_beverage,confirm,reviewed Kroger US/Canada extract 2026-09-01; n=2; source=kroger_private_label_review_us_canada_20260901; file=kroger_brand_reviewed_us_canada_all_categories (1).csv
Kroger,king soopers,King Soopers,private_label_brand,US_CANADA,food_beverage,confirm,reviewed Kroger US/Canada extract 2026-09-01; n=26; source=kroger_private_label_review_us_canada_20260901; file=kroger_brand_reviewed_us_canada_all_categories (1).csv
Kroger,king soopers city market,King Soopers City Market,private_label_brand,US_CANADA,food_beverage,confirm,reviewed Kroger US/Canada extract 2026-09-01; n=12; source=kroger_private_label_review_us_canada_20260901; file=kroger_brand_reviewed_us_canada_all_categories (1).csv
Kroger,king soopers city markets,King Soopers City Market,private_label_brand,US_CANADA,food_beverage,confirm,reviewed Kroger US/Canada extract 2026-09-01; n=6; source=kroger_private_label_review_us_canada_20260901; file=kroger_brand_reviewed_us_canada_all_categories (1).csv
Kroger,kroger,Bakery Fresh,private_label_brand,US_CANADA,food_beverage,confirm,reviewed Kroger US/Canada extract 2026-09-01; n=2; source=kroger_private_label_review_us_canada_20260901; file=kroger_brand_reviewed_us_canada_all_categories (1).csv
Kroger,kroger,Bakery Fresh Goodness,private_label_brand,US_CANADA,food_beverage,confirm,reviewed Kroger US/Canada extract 2026-09-01; n=10; source=kroger_private_label_review_us_canada_20260901; file=kroger_brand_reviewed_us_canada_all_categories (1).csv
Kroger,kroger,Kroger,private_label_brand,US_CANADA,food_beverage,confirm,reviewed Kroger US/Canada extract 2026-09-01; n=3209; source=kroger_private_label_review_us_canada_20260901; file=kroger_brand_reviewed_us_canada_all_categories (1).csv
Kroger,kroger,Kroger CARBmaster,private_label_brand,US_CANADA,food_beverage,confirm,reviewed Kroger US/Canada extract 2026-09-01; n=85; source=kroger_private_label_review_us_canada_20260901; file=kroger_brand_reviewed_us_canada_all_categories (1).csv
Kroger,kroger,Kroger Mercado,private_label_brand,US_CANADA,food_beverage,confirm,reviewed Kroger US/Canada extract 2026-09-01; n=6; source=kroger_private_label_review_us_canada_20260901; file=kroger_brand_reviewed_us_canada_all_categories (1).csv
Kroger,kroger,Kroger Protein,private_label_brand,US_CANADA,food_beverage,confirm,reviewed Kroger US/Canada extract 2026-09-01; n=35; source=kroger_private_label_review_us_canada_20260901; file=kroger_brand_reviewed_us_canada_all_categories (1).csv
Kroger,kroger big k,Kroger,private_label_brand,US_CANADA,food_beverage,confirm,reviewed Kroger US/Canada extract 2026-09-01; n=10; source=kroger_private_label_review_us_canada_20260901; file=kroger_brand_reviewed_us_canada_all_categories (1).csv
Kroger,kroger carb master,Kroger CARBmaster,private_label_brand,US_CANADA,food_beverage,confirm,reviewed Kroger US/Canada extract 2026-09-01; n=5; source=kroger_private_label_review_us_canada_20260901; file=kroger_brand_reviewed_us_canada_all_categories (1).csv
Kroger,kroger carbmaster,Kroger CARBmaster,private_label_brand,US_CANADA,food_beverage,confirm,reviewed Kroger US/Canada extract 2026-09-01; n=5; source=kroger_private_label_review_us_canada_20260901; file=kroger_brand_reviewed_us_canada_all_categories (1).csv
Kroger,kroger csrb master,Kroger CARBmaster,private_label_brand,US_CANADA,food_beverage,confirm,reviewed Kroger US/Canada extract 2026-09-01; n=5; source=kroger_private_label_review_us_canada_20260901; file=kroger_brand_reviewed_us_canada_all_categories (1).csv
Kroger,kroger dillon companies inc dillon,Kroger,private_label_brand,US_CANADA,food_beverage,confirm,reviewed Kroger US/Canada extract 2026-09-01; n=3; source=kroger_private_label_review_us_canada_20260901; file=kroger_brand_reviewed_us_canada_all_categories (1).csv
Kroger,kroger kroger co,Kroger,private_label_brand,US_CANADA,food_beverage,confirm,reviewed Kroger US/Canada extract 2026-09-01; n=1; source=kroger_private_label_review_us_canada_20260901; file=kroger_brand_reviewed_us_canada_all_categories (1).csv
Kroger,kroger protein,Kroger Protein,private_label_brand,US_CANADA,food_beverage,confirm,reviewed Kroger US/Canada extract 2026-09-01; n=5; source=kroger_private_label_review_us_canada_20260901; file=kroger_brand_reviewed_us_canada_all_categories (1).csv
Kroger,kroger smith s food drug centers inc,Bakery Fresh Goodness,private_label_brand,US_CANADA,food_beverage,confirm,reviewed Kroger US/Canada extract 2026-09-01; n=1; source=kroger_private_label_review_us_canada_20260901; file=kroger_brand_reviewed_us_canada_all_categories (1).csv
Kroger,kroger the kroger co,Bakery Fresh Goodness,private_label_brand,US_CANADA,food_beverage,confirm,reviewed Kroger US/Canada extract 2026-09-01; n=1; source=kroger_private_label_review_us_canada_20260901; file=kroger_brand_reviewed_us_canada_all_categories (1).csv
Kroger,kroger the kroger co,Kroger,private_label_brand,US_CANADA,food_beverage,confirm,reviewed Kroger US/Canada extract 2026-09-01; n=105; source=kroger_private_label_review_us_canada_20260901; file=kroger_brand_reviewed_us_canada_all_categories (1).csv
Kroger,kroger the kroger co,Kroger CARBmaster,private_label_brand,US_CANADA,food_beverage,confirm,reviewed Kroger US/Canada extract 2026-09-01; n=2; source=kroger_private_label_review_us_canada_20260901; file=kroger_brand_reviewed_us_canada_all_categories (1).csv
Kroger,kroger the kroger co,Kroger Protein,private_label_brand,US_CANADA,food_beverage,confirm,reviewed Kroger US/Canada extract 2026-09-01; n=2; source=kroger_private_label_review_us_canada_20260901; file=kroger_brand_reviewed_us_canada_all_categories (1).csv
Kroger,mama,HT Traders,private_label_brand,US_CANADA,food_beverage,confirm,reviewed Kroger US/Canada extract 2026-09-01; n=2; source=kroger_private_label_review_us_canada_20260901; file=kroger_brand_reviewed_us_canada_all_categories (1).csv
Kroger,mariano s,Mariano's,private_label_brand,US_CANADA,food_beverage,confirm,reviewed Kroger US/Canada extract 2026-09-01; n=3; source=kroger_private_label_review_us_canada_20260901; file=kroger_brand_reviewed_us_canada_all_categories (1).csv
Kroger,marianos,Mariano's,private_label_brand,US_CANADA,food_beverage,confirm,reviewed Kroger US/Canada extract 2026-09-01; n=15; source=kroger_private_label_review_us_canada_20260901; file=kroger_brand_reviewed_us_canada_all_categories (1).csv
Kroger,murray s,Murray's,private_label_brand,US_CANADA,food_beverage,confirm,reviewed Kroger US/Canada extract 2026-09-01; n=9; source=kroger_private_label_review_us_canada_20260901; file=kroger_brand_reviewed_us_canada_all_categories (1).csv
Kroger,murrays,Murray's,private_label_brand,US_CANADA,food_beverage,confirm,reviewed Kroger US/Canada extract 2026-09-01; n=45; source=kroger_private_label_review_us_canada_20260901; file=kroger_brand_reviewed_us_canada_all_categories (1).csv
Kroger,organics,Harris Teeter Organics,private_label_brand,US_CANADA,food_beverage,confirm,reviewed Kroger US/Canada extract 2026-09-01; n=16; source=kroger_private_label_review_us_canada_20260901; file=kroger_brand_reviewed_us_canada_all_categories (1).csv
Kroger,organics harris teeter,Harris Teeter Organics,private_label_brand,US_CANADA,food_beverage,confirm,reviewed Kroger US/Canada extract 2026-09-01; n=6; source=kroger_private_label_review_us_canada_20260901; file=kroger_brand_reviewed_us_canada_all_categories (1).csv
Kroger,p t,P$$T,private_label_brand,US_CANADA,food_beverage,confirm,reviewed Kroger US/Canada extract 2026-09-01; n=92; source=kroger_private_label_review_us_canada_20260901; file=kroger_brand_reviewed_us_canada_all_categories (1).csv
Kroger,private selection,Private Selection,private_label_brand,US_CANADA,food_beverage,confirm,reviewed Kroger US/Canada extract 2026-09-01; n=509; source=kroger_private_label_review_us_canada_20260901; file=kroger_brand_reviewed_us_canada_all_categories (1).csv
Kroger,private selection dillon companies inc dillon,Private Selection,private_label_brand,US_CANADA,food_beverage,confirm,reviewed Kroger US/Canada extract 2026-09-01; n=3; source=kroger_private_label_review_us_canada_20260901; file=kroger_brand_reviewed_us_canada_all_categories (1).csv
Kroger,private selection the kroger co,Private Selection,private_label_brand,US_CANADA,food_beverage,confirm,reviewed Kroger US/Canada extract 2026-09-01; n=12; source=kroger_private_label_review_us_canada_20260901; file=kroger_brand_reviewed_us_canada_all_categories (1).csv
Kroger,psst,P$$T,private_label_brand,US_CANADA,food_beverage,confirm,reviewed Kroger US/Canada extract 2026-09-01; n=34; source=kroger_private_label_review_us_canada_20260901; file=kroger_brand_reviewed_us_canada_all_categories (1).csv
Kroger,ralph s,Ralphs,private_label_brand,US_CANADA,food_beverage,confirm,reviewed Kroger US/Canada extract 2026-09-01; n=1; source=kroger_private_label_review_us_canada_20260901; file=kroger_brand_reviewed_us_canada_all_categories (1).csv
Kroger,ralphs,Ralphs,private_label_brand,US_CANADA,food_beverage,confirm,reviewed Kroger US/Canada extract 2026-09-01; n=16; source=kroger_private_label_review_us_canada_20260901; file=kroger_brand_reviewed_us_canada_all_categories (1).csv
Kroger,ralphs kroger,Ralphs,private_label_brand,US_CANADA,food_beverage,confirm,reviewed Kroger US/Canada extract 2026-09-01; n=1; source=kroger_private_label_review_us_canada_20260901; file=kroger_brand_reviewed_us_canada_all_categories (1).csv
Kroger,signature,HT Traders,private_label_brand,US_CANADA,food_beverage,confirm,reviewed Kroger US/Canada extract 2026-09-01; n=5; source=kroger_private_label_review_us_canada_20260901; file=kroger_brand_reviewed_us_canada_all_categories (1).csv
Kroger,signature ht traders,HT Traders,private_label_brand,US_CANADA,food_beverage,confirm,reviewed Kroger US/Canada extract 2026-09-01; n=1; source=kroger_private_label_review_us_canada_20260901; file=kroger_brand_reviewed_us_canada_all_categories (1).csv
Kroger,simple truch organic,Simple Truth Organic,private_label_brand,US_CANADA,food_beverage,confirm,reviewed Kroger US/Canada extract 2026-09-01; n=2; source=kroger_private_label_review_us_canada_20260901; file=kroger_brand_reviewed_us_canada_all_categories (1).csv
Kroger,simple truth,Simple Truth,private_label_brand,US_CANADA,food_beverage,confirm,reviewed Kroger US/Canada extract 2026-09-01; n=823; source=kroger_private_label_review_us_canada_20260901; file=kroger_brand_reviewed_us_canada_all_categories (1).csv
Kroger,simple truth,Simple Truth Organic,private_label_brand,US_CANADA,food_beverage,confirm,reviewed Kroger US/Canada extract 2026-09-01; n=22; source=kroger_private_label_review_us_canada_20260901; file=kroger_brand_reviewed_us_canada_all_categories (1).csv
Kroger,simple truth,Simple Truth Plant Based,private_label_brand,US_CANADA,food_beverage,confirm,reviewed Kroger US/Canada extract 2026-09-01; n=30; source=kroger_private_label_review_us_canada_20260901; file=kroger_brand_reviewed_us_canada_all_categories (1).csv
Kroger,simple truth grain free,Simple Truth,private_label_brand,US_CANADA,food_beverage,confirm,reviewed Kroger US/Canada extract 2026-09-01; n=5; source=kroger_private_label_review_us_canada_20260901; file=kroger_brand_reviewed_us_canada_all_categories (1).csv
Kroger,simple truth organic,Simple Truth Organic,private_label_brand,US_CANADA,food_beverage,confirm,reviewed Kroger US/Canada extract 2026-09-01; n=726; source=kroger_private_label_review_us_canada_20260901; file=kroger_brand_reviewed_us_canada_all_categories (1).csv
Kroger,simple truth organic the kroger co,Simple Truth Organic,private_label_brand,US_CANADA,food_beverage,confirm,reviewed Kroger US/Canada extract 2026-09-01; n=15; source=kroger_private_label_review_us_canada_20260901; file=kroger_brand_reviewed_us_canada_all_categories (1).csv
Kroger,simple truth organic the kroger co simple truth,Simple Truth Organic,private_label_brand,US_CANADA,food_beverage,confirm,reviewed Kroger US/Canada extract 2026-09-01; n=1; source=kroger_private_label_review_us_canada_20260901; file=kroger_brand_reviewed_us_canada_all_categories (1).csv
Kroger,simple truth simple truth organic the kroger co,Simple Truth Organic,private_label_brand,US_CANADA,food_beverage,confirm,reviewed Kroger US/Canada extract 2026-09-01; n=1; source=kroger_private_label_review_us_canada_20260901; file=kroger_brand_reviewed_us_canada_all_categories (1).csv
Kroger,simple truth the kroger co,Simple Truth,private_label_brand,US_CANADA,food_beverage,confirm,reviewed Kroger US/Canada extract 2026-09-01; n=4; source=kroger_private_label_review_us_canada_20260901; file=kroger_brand_reviewed_us_canada_all_categories (1).csv
Kroger,simple truth the kroger co,Simple Truth Organic,private_label_brand,US_CANADA,food_beverage,confirm,reviewed Kroger US/Canada extract 2026-09-01; n=1; source=kroger_private_label_review_us_canada_20260901; file=kroger_brand_reviewed_us_canada_all_categories (1).csv
Kroger,simply,Harris Teeter Simply Clear,private_label_brand,US_CANADA,food_beverage,manual_review,reviewed Kroger US/Canada extract 2026-09-01; n=11; source=kroger_private_label_review_us_canada_20260901; file=kroger_brand_reviewed_us_canada_all_categories (1).csv; disabled 2026-09-02: bare simply is collision-prone and clean.py does not apply private-label scope at this stage; use reviewed product/market evidence
Kroger,simply clear,Harris Teeter Simply Clear,private_label_brand,US_CANADA,food_beverage,confirm,reviewed Kroger US/Canada extract 2026-09-01; n=5; source=kroger_private_label_review_us_canada_20260901; file=kroger_brand_reviewed_us_canada_all_categories (1).csv
Kroger,simply harris teeter inc,Harris Teeter Simply Clear,private_label_brand,US_CANADA,food_beverage,confirm,reviewed Kroger US/Canada extract 2026-09-01; n=2; source=kroger_private_label_review_us_canada_20260901; file=kroger_brand_reviewed_us_canada_all_categories (1).csv
Kroger,smart way,Smart Way,private_label_brand,US_CANADA,food_beverage,confirm,reviewed Kroger US/Canada extract 2026-09-01; n=10; source=kroger_private_label_review_us_canada_20260901; file=kroger_brand_reviewed_us_canada_all_categories (1).csv
Kroger,smith s,Smith's,private_label_brand,US_CANADA,food_beverage,confirm,reviewed Kroger US/Canada extract 2026-09-01; n=2; source=kroger_private_label_review_us_canada_20260901; file=kroger_brand_reviewed_us_canada_all_categories (1).csv
Kroger,smith s food drug centers inc,Bakery Fresh Goodness,private_label_brand,US_CANADA,food_beverage,confirm,reviewed Kroger US/Canada extract 2026-09-01; n=3; source=kroger_private_label_review_us_canada_20260901; file=kroger_brand_reviewed_us_canada_all_categories (1).csv
Kroger,smith s food drug centers inc,Ralphs,private_label_brand,US_CANADA,food_beverage,confirm,reviewed Kroger US/Canada extract 2026-09-01; n=1; source=kroger_private_label_review_us_canada_20260901; file=kroger_brand_reviewed_us_canada_all_categories (1).csv
Kroger,smith s food drug centers inc,Smith's,private_label_brand,US_CANADA,food_beverage,confirm,reviewed Kroger US/Canada extract 2026-09-01; n=4; source=kroger_private_label_review_us_canada_20260901; file=kroger_brand_reviewed_us_canada_all_categories (1).csv
Kroger,smith s kroger,Smith's,private_label_brand,US_CANADA,food_beverage,confirm,reviewed Kroger US/Canada extract 2026-09-01; n=1; source=kroger_private_label_review_us_canada_20260901; file=kroger_brand_reviewed_us_canada_all_categories (1).csv
Kroger,smiths,Smith's,private_label_brand,US_CANADA,food_beverage,confirm,reviewed Kroger US/Canada extract 2026-09-01; n=15; source=kroger_private_label_review_us_canada_20260901; file=kroger_brand_reviewed_us_canada_all_categories (1).csv
Kroger,smiths food and drug centers inc,Bakery Fresh Goodness,private_label_brand,US_CANADA,food_beverage,confirm,reviewed Kroger US/Canada extract 2026-09-01; n=5; source=kroger_private_label_review_us_canada_20260901; file=kroger_brand_reviewed_us_canada_all_categories (1).csv
Kroger,smiths food and drug centers inc,Ralphs,private_label_brand,US_CANADA,food_beverage,confirm,reviewed Kroger US/Canada extract 2026-09-01; n=5; source=kroger_private_label_review_us_canada_20260901; file=kroger_brand_reviewed_us_canada_all_categories (1).csv
Kroger,the kroger co,HemisFares,private_label_brand,US_CANADA,food_beverage,confirm,reviewed Kroger US/Canada extract 2026-09-01; n=6; source=kroger_private_label_review_us_canada_20260901; file=kroger_brand_reviewed_us_canada_all_categories (1).csv
Kroger,the kroger co,Kroger,private_label_brand,US_CANADA,food_beverage,confirm,reviewed Kroger US/Canada extract 2026-09-01; n=345; source=kroger_private_label_review_us_canada_20260901; file=kroger_brand_reviewed_us_canada_all_categories (1).csv
Kroger,the kroger co,Kroger CARBmaster,private_label_brand,US_CANADA,food_beverage,confirm,reviewed Kroger US/Canada extract 2026-09-01; n=12; source=kroger_private_label_review_us_canada_20260901; file=kroger_brand_reviewed_us_canada_all_categories (1).csv
Kroger,the kroger co,Simple Truth Organic,private_label_brand,US_CANADA,food_beverage,confirm,reviewed Kroger US/Canada extract 2026-09-01; n=20; source=kroger_private_label_review_us_canada_20260901; file=kroger_brand_reviewed_us_canada_all_categories (1).csv
Kroger,the kroger co kroger,Kroger,private_label_brand,US_CANADA,food_beverage,confirm,reviewed Kroger US/Canada extract 2026-09-01; n=3; source=kroger_private_label_review_us_canada_20260901; file=kroger_brand_reviewed_us_canada_all_categories (1).csv
Kroger,the kroger co simple truth,Kroger,private_label_brand,US_CANADA,food_beverage,confirm,reviewed Kroger US/Canada extract 2026-09-01; n=2; source=kroger_private_label_review_us_canada_20260901; file=kroger_brand_reviewed_us_canada_all_categories (1).csv
Kroger,the kroger co simple truth organic,Simple Truth Organic,private_label_brand,US_CANADA,food_beverage,confirm,reviewed Kroger US/Canada extract 2026-09-01; n=4; source=kroger_private_label_review_us_canada_20260901; file=kroger_brand_reviewed_us_canada_all_categories (1).csv
Target,archer farms,Archer Farms,private_label_brand,US_CANADA,food_beverage,confirm,reviewed Target US/Canada extract 2026-09-01; n=127; source=target_private_label_review_us_canada_20260901; file=target_brand_reviewed_us_canada_all_categories.csv
Target,favorite day,Favorite Day,private_label_brand,US_CANADA,food_beverage,confirm,reviewed Target US/Canada extract 2026-09-01; n=41; source=target_private_label_review_us_canada_20260901; file=target_brand_reviewed_us_canada_all_categories.csv
Target,favorite day bakery,Favorite Day,private_label_brand,US_CANADA,food_beverage,confirm,reviewed Target US/Canada extract 2026-09-01; n=9; source=target_private_label_review_us_canada_20260901; file=target_brand_reviewed_us_canada_all_categories.csv
Target,good and gather,Good & Gather,private_label_brand,US_CANADA,food_beverage,confirm,reviewed Target US/Canada extract 2026-09-01; n=213; source=target_private_label_review_us_canada_20260901; file=target_brand_reviewed_us_canada_all_categories.csv
Target,good and gather baby,Good & Gather,private_label_brand,US_CANADA,food_beverage,confirm,reviewed Target US/Canada extract 2026-09-01; n=3; source=target_private_label_review_us_canada_20260901; file=target_brand_reviewed_us_canada_all_categories.csv
Target,good and gather organic,Good & Gather Organic,private_label_brand,US_CANADA,food_beverage,confirm,reviewed Target US/Canada extract 2026-09-01; n=10; source=target_private_label_review_us_canada_20260901; file=target_brand_reviewed_us_canada_all_categories.csv
Target,good and gather plant based,Good & Gather,private_label_brand,US_CANADA,food_beverage,confirm,reviewed Target US/Canada extract 2026-09-01; n=1; source=target_private_label_review_us_canada_20260901; file=target_brand_reviewed_us_canada_all_categories.csv
Target,good and gather signature,Good & Gather Signature,private_label_brand,US_CANADA,food_beverage,confirm,reviewed Target US/Canada extract 2026-09-01; n=1; source=target_private_label_review_us_canada_20260901; file=target_brand_reviewed_us_canada_all_categories.csv
Target,market pantry,Market Pantry,private_label_brand,US_CANADA,food_beverage,confirm,reviewed Target US/Canada extract 2026-09-01; n=439; source=target_private_label_review_us_canada_20260901; file=target_brand_reviewed_us_canada_all_categories.csv
Target,simply balanced,Simply Balanced,private_label_brand,US_CANADA,food_beverage,confirm,reviewed Target US/Canada extract 2026-09-01; n=91; source=target_private_label_review_us_canada_20260901; file=target_brand_reviewed_us_canada_all_categories.csv
Target,target,Target,private_label_brand,US_CANADA,food_beverage,confirm,reviewed Target US/Canada extract 2026-09-01; n=88; source=target_private_label_review_us_canada_20260901; file=target_brand_reviewed_us_canada_all_categories.csv
Target,target brands,Target,private_label_brand,US_CANADA,food_beverage,confirm,reviewed Target US/Canada extract 2026-09-01; n=2; source=target_private_label_review_us_canada_20260901; file=target_brand_reviewed_us_canada_all_categories.csv
Target,target brands inc,Target,private_label_brand,US_CANADA,food_beverage,confirm,reviewed Target US/Canada extract 2026-09-01; n=105; source=target_private_label_review_us_canada_20260901; file=target_brand_reviewed_us_canada_all_categories.csv
Target,target corp,Target,private_label_brand,US_CANADA,food_beverage,confirm,reviewed Target US/Canada extract 2026-09-01; n=1; source=target_private_label_review_us_canada_20260901; file=target_brand_reviewed_us_canada_all_categories.csv
Target,target corporatin,Target,private_label_brand,US_CANADA,food_beverage,confirm,reviewed Target US/Canada extract 2026-09-01; n=1; source=target_private_label_review_us_canada_20260901; file=target_brand_reviewed_us_canada_all_categories.csv
Target,target corporation,Target,private_label_brand,US_CANADA,food_beverage,confirm,reviewed Target US/Canada extract 2026-09-01; n=119; source=target_private_label_review_us_canada_20260901; file=target_brand_reviewed_us_canada_all_categories.csv
Target,target stores,Target,private_label_brand,US_CANADA,food_beverage,confirm,reviewed Target US/Canada extract 2026-09-01; n=436; source=target_private_label_review_us_canada_20260901; file=target_brand_reviewed_us_canada_all_categories.csv
Target,up and up,up&up,private_label_brand,US_CANADA,food_beverage,confirm,reviewed Target US/Canada extract 2026-09-01; n=2; source=target_private_label_review_us_canada_20260901; file=target_brand_reviewed_us_canada_all_categories.csv
Target,womdershop at target,Wondershop,private_label_brand,US_CANADA,food_beverage,confirm,reviewed Target US/Canada extract 2026-09-01; n=1; source=target_private_label_review_us_canada_20260901; file=target_brand_reviewed_us_canada_all_categories.csv
Target,wondershop,Wondershop,private_label_brand,US_CANADA,food_beverage,confirm,reviewed Target US/Canada extract 2026-09-01; n=3; source=target_private_label_review_us_canada_20260901; file=target_brand_reviewed_us_canada_all_categories.csv
Target,wondershop at target,Wondershop,private_label_brand,US_CANADA,food_beverage,confirm,reviewed Target US/Canada extract 2026-09-01; n=1; source=target_private_label_review_us_canada_20260901; file=target_brand_reviewed_us_canada_all_categories.csv
Walgreens,delish,Good & Delish,private_label_brand,US_CANADA,food_beverage,confirm,reviewed Walgreens US/Canada extract 2026-09-01; n=8; source=walgreens_private_label_review_us_canada_20260901; file=walgreens_brand_reviewed_us_canada_all_categories.csv; reviewed external rows and exact-only Bugs alias excluded
Walgreens,good and delish,Good & Delish,private_label_brand,US_CANADA,food_beverage,confirm,reviewed Walgreens US/Canada extract 2026-09-01; n=23; source=walgreens_private_label_review_us_canada_20260901; file=walgreens_brand_reviewed_us_canada_all_categories.csv; reviewed external rows and exact-only Bugs alias excluded
Walgreens,nice,Nice!,private_label_brand,US_CANADA,food_beverage,confirm,reviewed Walgreens US/Canada extract 2026-09-01; n=143; source=walgreens_private_label_review_us_canada_20260901; file=walgreens_brand_reviewed_us_canada_all_categories.csv; reviewed external rows and exact-only Bugs alias excluded
Walgreens,nice for you,Nice! For You,private_label_brand,US_CANADA,food_beverage,confirm,reviewed Walgreens US/Canada extract 2026-09-01; n=3; source=walgreens_private_label_review_us_canada_20260901; file=walgreens_brand_reviewed_us_canada_all_categories.csv; reviewed external rows and exact-only Bugs alias excluded
Walgreens,walgreens,Walgreens,private_label_brand,US_CANADA,food_beverage,confirm,reviewed Walgreens US/Canada extract 2026-09-01; n=6; source=walgreens_private_label_review_us_canada_20260901; file=walgreens_brand_reviewed_us_canada_all_categories.csv; reviewed external rows and exact-only Bugs alias excluded
Aldi,aldi appetitos,Appetitos,private_label_brand,US_CANADA,food_beverage,confirm,reviewed Aldi US/Canada extract 2026-09-01; n=1; source=aldi_private_label_review_us_canada_20260901; file=aldi_brand_reviewed_us_canada_all_categories.csv; Aldi France and Aldi UK/Ireland locked rows preserved; exact/collision-heavy corrections excluded
Aldi,aldi fit and active,Fit & Active,private_label_brand,US_CANADA,food_beverage,confirm,reviewed Aldi US/Canada extract 2026-09-01; n=1; source=aldi_private_label_review_us_canada_20260901; file=aldi_brand_reviewed_us_canada_all_categories.csv; Aldi France and Aldi UK/Ireland locked rows preserved; exact/collision-heavy corrections excluded
Aldi,aldi golden bridge,Golden Bridge,private_label_brand,US_CANADA,food_beverage,confirm,reviewed Aldi US/Canada extract 2026-09-01; n=1; source=aldi_private_label_review_us_canada_20260901; file=aldi_brand_reviewed_us_canada_all_categories.csv; Aldi France and Aldi UK/Ireland locked rows preserved; exact/collision-heavy corrections excluded
Aldi,aldi gourmet,Aldi,private_label_brand,US_CANADA,food_beverage,confirm,reviewed Aldi US/Canada extract 2026-09-01; n=1; source=aldi_private_label_review_us_canada_20260901; file=aldi_brand_reviewed_us_canada_all_categories.csv; Aldi France and Aldi UK/Ireland locked rows preserved; exact/collision-heavy corrections excluded
Aldi,aldi selection,Aldi,private_label_brand,US_CANADA,food_beverage,confirm,reviewed Aldi US/Canada extract 2026-09-01; n=1; source=aldi_private_label_review_us_canada_20260901; file=aldi_brand_reviewed_us_canada_all_categories.csv; Aldi France and Aldi UK/Ireland locked rows preserved; exact/collision-heavy corrections excluded
Aldi,appetitos,Appetitos,private_label_brand,US_CANADA,food_beverage,confirm,reviewed Aldi US/Canada extract 2026-09-01; n=1; source=aldi_private_label_review_us_canada_20260901; file=aldi_brand_reviewed_us_canada_all_categories.csv; Aldi France and Aldi UK/Ireland locked rows preserved; exact/collision-heavy corrections excluded
Aldi,appleton farms,Appleton Farms,private_label_brand,US_CANADA,food_beverage,confirm,reviewed Aldi US/Canada extract 2026-09-01; n=2; source=aldi_private_label_review_us_canada_20260901; file=aldi_brand_reviewed_us_canada_all_categories.csv; Aldi France and Aldi UK/Ireland locked rows preserved; exact/collision-heavy corrections excluded
Aldi,audis earth grown vegan mozzarella cheese alternative,Earth Grown,private_label_brand,US_CANADA,food_beverage,confirm,reviewed Aldi US/Canada extract 2026-09-01; n=1; source=aldi_private_label_review_us_canada_20260901; file=aldi_brand_reviewed_us_canada_all_categories.csv; Aldi France and Aldi UK/Ireland locked rows preserved; exact/collision-heavy corrections excluded
Aldi,bake house creations,Bake House Creations,private_label_brand,US_CANADA,food_beverage,confirm,reviewed Aldi US/Canada extract 2026-09-01; n=1; source=aldi_private_label_review_us_canada_20260901; file=aldi_brand_reviewed_us_canada_all_categories.csv; Aldi France and Aldi UK/Ireland locked rows preserved; exact/collision-heavy corrections excluded
Aldi,bake shop,Bake Shop,private_label_brand,US_CANADA,food_beverage,confirm,reviewed Aldi US/Canada extract 2026-09-01; n=10; source=aldi_private_label_review_us_canada_20260901; file=aldi_brand_reviewed_us_canada_all_categories.csv; Aldi France and Aldi UK/Ireland locked rows preserved; exact/collision-heavy corrections excluded
Aldi,bake shop bakery,Bake Shop,private_label_brand,US_CANADA,food_beverage,confirm,reviewed Aldi US/Canada extract 2026-09-01; n=4; source=aldi_private_label_review_us_canada_20260901; file=aldi_brand_reviewed_us_canada_all_categories.csv; Aldi France and Aldi UK/Ireland locked rows preserved; exact/collision-heavy corrections excluded
Aldi,bakers corner,Baker's Corner,private_label_brand,US_CANADA,food_beverage,confirm,reviewed Aldi US/Canada extract 2026-09-01; n=21; source=aldi_private_label_review_us_canada_20260901; file=aldi_brand_reviewed_us_canada_all_categories.csv; Aldi France and Aldi UK/Ireland locked rows preserved; exact/collision-heavy corrections excluded
Aldi,bakers treat,Baker's Treat,private_label_brand,US_CANADA,food_beverage,confirm,reviewed Aldi US/Canada extract 2026-09-01; n=10; source=aldi_private_label_review_us_canada_20260901; file=aldi_brand_reviewed_us_canada_all_categories.csv; Aldi France and Aldi UK/Ireland locked rows preserved; exact/collision-heavy corrections excluded
Aldi,barissimo,Barissimo,private_label_brand,US_CANADA,food_beverage,confirm,reviewed Aldi US/Canada extract 2026-09-01; n=27; source=aldi_private_label_review_us_canada_20260901; file=aldi_brand_reviewed_us_canada_all_categories.csv; Aldi France and Aldi UK/Ireland locked rows preserved; exact/collision-heavy corrections excluded
Aldi,barissimo coffee,Barissimo,private_label_brand,US_CANADA,food_beverage,confirm,reviewed Aldi US/Canada extract 2026-09-01; n=6; source=aldi_private_label_review_us_canada_20260901; file=aldi_brand_reviewed_us_canada_all_categories.csv; Aldi France and Aldi UK/Ireland locked rows preserved; exact/collision-heavy corrections excluded
Aldi,beaumont,Beaumont,private_label_brand,US_CANADA,food_beverage,confirm,reviewed Aldi US/Canada extract 2026-09-01; n=1; source=aldi_private_label_review_us_canada_20260901; file=aldi_brand_reviewed_us_canada_all_categories.csv; Aldi France and Aldi UK/Ireland locked rows preserved; exact/collision-heavy corrections excluded
Aldi,beaumont cocoa,Beaumont,private_label_brand,US_CANADA,food_beverage,confirm,reviewed Aldi US/Canada extract 2026-09-01; n=3; source=aldi_private_label_review_us_canada_20260901; file=aldi_brand_reviewed_us_canada_all_categories.csv; Aldi France and Aldi UK/Ireland locked rows preserved; exact/collision-heavy corrections excluded
Aldi,belle vie,PurAqua Belle Vie,private_label_brand,US_CANADA,food_beverage,confirm,reviewed Aldi US/Canada extract 2026-09-01; n=1; source=aldi_private_label_review_us_canada_20260901; file=aldi_brand_reviewed_us_canada_all_categories.csv; Aldi France and Aldi UK/Ireland locked rows preserved; exact/collision-heavy corrections excluded
Aldi,belle vie sparkling water,PurAqua Belle Vie,private_label_brand,US_CANADA,food_beverage,confirm,reviewed Aldi US/Canada extract 2026-09-01; n=1; source=aldi_private_label_review_us_canada_20260901; file=aldi_brand_reviewed_us_canada_all_categories.csv; Aldi France and Aldi UK/Ireland locked rows preserved; exact/collision-heavy corrections excluded
Aldi,benner,Benner,private_label_brand,US_CANADA,food_beverage,confirm,reviewed Aldi US/Canada extract 2026-09-01; n=10; source=aldi_private_label_review_us_canada_20260901; file=aldi_brand_reviewed_us_canada_all_categories.csv; Aldi France and Aldi UK/Ireland locked rows preserved; exact/collision-heavy corrections excluded
Aldi,benner tea,Benner,private_label_brand,US_CANADA,food_beverage,confirm,reviewed Aldi US/Canada extract 2026-09-01; n=1; source=aldi_private_label_review_us_canada_20260901; file=aldi_brand_reviewed_us_canada_all_categories.csv; Aldi France and Aldi UK/Ireland locked rows preserved; exact/collision-heavy corrections excluded
Aldi,bentons,Benton's,private_label_brand,US_CANADA,food_beverage,confirm,reviewed Aldi US/Canada extract 2026-09-01; n=58; source=aldi_private_label_review_us_canada_20260901; file=aldi_brand_reviewed_us_canada_all_categories.csv; Aldi France and Aldi UK/Ireland locked rows preserved; exact/collision-heavy corrections excluded
Aldi,bentons aldi,Benton's,private_label_brand,US_CANADA,food_beverage,confirm,reviewed Aldi US/Canada extract 2026-09-01; n=2; source=aldi_private_label_review_us_canada_20260901; file=aldi_brand_reviewed_us_canada_all_categories.csv; Aldi France and Aldi UK/Ireland locked rows preserved; exact/collision-heavy corrections excluded
Aldi,bentons european cookies,Benton's,private_label_brand,US_CANADA,food_beverage,confirm,reviewed Aldi US/Canada extract 2026-09-01; n=1; source=aldi_private_label_review_us_canada_20260901; file=aldi_brand_reviewed_us_canada_all_categories.csv; Aldi France and Aldi UK/Ireland locked rows preserved; exact/collision-heavy corrections excluded
Aldi,breakfast best,Breakfast Best,private_label_brand,US_CANADA,food_beverage,confirm,reviewed Aldi US/Canada extract 2026-09-01; n=4; source=aldi_private_label_review_us_canada_20260901; file=aldi_brand_reviewed_us_canada_all_categories.csv; Aldi France and Aldi UK/Ireland locked rows preserved; exact/collision-heavy corrections excluded
Aldi,bremer,Bremer,private_label_brand,US_CANADA,food_beverage,confirm,reviewed Aldi US/Canada extract 2026-09-01; n=1; source=aldi_private_label_review_us_canada_20260901; file=aldi_brand_reviewed_us_canada_all_categories.csv; Aldi France and Aldi UK/Ireland locked rows preserved; exact/collision-heavy corrections excluded
Aldi,casa mamita,Casa Mamita,private_label_brand,US_CANADA,food_beverage,confirm,reviewed Aldi US/Canada extract 2026-09-01; n=3; source=aldi_private_label_review_us_canada_20260901; file=aldi_brand_reviewed_us_canada_all_categories.csv; Aldi France and Aldi UK/Ireland locked rows preserved; exact/collision-heavy corrections excluded
Aldi,choceur,Choceur,private_label_brand,US_CANADA,food_beverage,confirm,reviewed Aldi US/Canada extract 2026-09-01; n=50; source=aldi_private_label_review_us_canada_20260901; file=aldi_brand_reviewed_us_canada_all_categories.csv; Aldi France and Aldi UK/Ireland locked rows preserved; exact/collision-heavy corrections excluded
Aldi,clancys,Clancy's,private_label_brand,US_CANADA,food_beverage,confirm,reviewed Aldi US/Canada extract 2026-09-01; n=118; source=aldi_private_label_review_us_canada_20260901; file=aldi_brand_reviewed_us_canada_all_categories.csv; Aldi France and Aldi UK/Ireland locked rows preserved; exact/collision-heavy corrections excluded
Aldi,clancys aldi,Clancy's,private_label_brand,US_CANADA,food_beverage,confirm,reviewed Aldi US/Canada extract 2026-09-01; n=1; source=aldi_private_label_review_us_canada_20260901; file=aldi_brand_reviewed_us_canada_all_categories.csv; Aldi France and Aldi UK/Ireland locked rows preserved; exact/collision-heavy corrections excluded
Aldi,clancys hot honey,Clancy's,private_label_brand,US_CANADA,food_beverage,confirm,reviewed Aldi US/Canada extract 2026-09-01; n=1; source=aldi_private_label_review_us_canada_20260901; file=aldi_brand_reviewed_us_canada_all_categories.csv; Aldi France and Aldi UK/Ireland locked rows preserved; exact/collision-heavy corrections excluded
Aldi,clancys kettle chips,Clancy's,private_label_brand,US_CANADA,food_beverage,confirm,reviewed Aldi US/Canada extract 2026-09-01; n=1; source=aldi_private_label_review_us_canada_20260901; file=aldi_brand_reviewed_us_canada_all_categories.csv; Aldi France and Aldi UK/Ireland locked rows preserved; exact/collision-heavy corrections excluded
Aldi,countryside creamery,Countryside Creamery,private_label_brand,US_CANADA,food_beverage,confirm,reviewed Aldi US/Canada extract 2026-09-01; n=9; source=aldi_private_label_review_us_canada_20260901; file=aldi_brand_reviewed_us_canada_all_categories.csv; Aldi France and Aldi UK/Ireland locked rows preserved; exact/collision-heavy corrections excluded
Aldi,dessert menu,Dessert Menu,private_label_brand,US_CANADA,food_beverage,confirm,reviewed Aldi US/Canada extract 2026-09-01; n=1; source=aldi_private_label_review_us_canada_20260901; file=aldi_brand_reviewed_us_canada_all_categories.csv; Aldi France and Aldi UK/Ireland locked rows preserved; exact/collision-heavy corrections excluded
Aldi,deutsche kuche,Deutsche Küche,private_label_brand,US_CANADA,food_beverage,confirm,reviewed Aldi US/Canada extract 2026-09-01; n=8; source=aldi_private_label_review_us_canada_20260901; file=aldi_brand_reviewed_us_canada_all_categories.csv; Aldi France and Aldi UK/Ireland locked rows preserved; exact/collision-heavy corrections excluded
Aldi,earth grown,Earth Grown,private_label_brand,US_CANADA,food_beverage,confirm,reviewed Aldi US/Canada extract 2026-09-01; n=1; source=aldi_private_label_review_us_canada_20260901; file=aldi_brand_reviewed_us_canada_all_categories.csv; Aldi France and Aldi UK/Ireland locked rows preserved; exact/collision-heavy corrections excluded
Aldi,elevation,Elevation,private_label_brand,US_CANADA,food_beverage,confirm,reviewed Aldi US/Canada extract 2026-09-01; n=16; source=aldi_private_label_review_us_canada_20260901; file=aldi_brand_reviewed_us_canada_all_categories.csv; Aldi France and Aldi UK/Ireland locked rows preserved; exact/collision-heavy corrections excluded
Aldi,elevation brands,Elevation,private_label_brand,US_CANADA,food_beverage,confirm,reviewed Aldi US/Canada extract 2026-09-01; n=1; source=aldi_private_label_review_us_canada_20260901; file=aldi_brand_reviewed_us_canada_all_categories.csv; Aldi France and Aldi UK/Ireland locked rows preserved; exact/collision-heavy corrections excluded
Aldi,elevation kids,Elevation,private_label_brand,US_CANADA,food_beverage,confirm,reviewed Aldi US/Canada extract 2026-09-01; n=1; source=aldi_private_label_review_us_canada_20260901; file=aldi_brand_reviewed_us_canada_all_categories.csv; Aldi France and Aldi UK/Ireland locked rows preserved; exact/collision-heavy corrections excluded
Aldi,elevation maxx bar,Elevation,private_label_brand,US_CANADA,food_beverage,confirm,reviewed Aldi US/Canada extract 2026-09-01; n=1; source=aldi_private_label_review_us_canada_20260901; file=aldi_brand_reviewed_us_canada_all_categories.csv; Aldi France and Aldi UK/Ireland locked rows preserved; exact/collision-heavy corrections excluded
Aldi,emporium selection,Emporium Selection,private_label_brand,US_CANADA,food_beverage,confirm,reviewed Aldi US/Canada extract 2026-09-01; n=33; source=aldi_private_label_review_us_canada_20260901; file=aldi_brand_reviewed_us_canada_all_categories.csv; Aldi France and Aldi UK/Ireland locked rows preserved; exact/collision-heavy corrections excluded
Aldi,excitemint,Excitemint,private_label_brand,US_CANADA,food_beverage,confirm,reviewed Aldi US/Canada extract 2026-09-01; n=2; source=aldi_private_label_review_us_canada_20260901; file=aldi_brand_reviewed_us_canada_all_categories.csv; Aldi France and Aldi UK/Ireland locked rows preserved; exact/collision-heavy corrections excluded
Aldi,fit and active,Fit & Active,private_label_brand,US_CANADA,food_beverage,confirm,reviewed Aldi US/Canada extract 2026-09-01; n=19; source=aldi_private_label_review_us_canada_20260901; file=aldi_brand_reviewed_us_canada_all_categories.csv; Aldi France and Aldi UK/Ireland locked rows preserved; exact/collision-heavy corrections excluded
Aldi,friendly farm,Friendly Farms,private_label_brand,US_CANADA,food_beverage,confirm,reviewed Aldi US/Canada extract 2026-09-01; n=1; source=aldi_private_label_review_us_canada_20260901; file=aldi_brand_reviewed_us_canada_all_categories.csv; Aldi France and Aldi UK/Ireland locked rows preserved; exact/collision-heavy corrections excluded
Aldi,friendly farms,Friendly Farms,private_label_brand,US_CANADA,food_beverage,confirm,reviewed Aldi US/Canada extract 2026-09-01; n=162; source=aldi_private_label_review_us_canada_20260901; file=aldi_brand_reviewed_us_canada_all_categories.csv; Aldi France and Aldi UK/Ireland locked rows preserved; exact/collision-heavy corrections excluded
Aldi,golden bridge,Golden Bridge,private_label_brand,US_CANADA,food_beverage,confirm,reviewed Aldi US/Canada extract 2026-09-01; n=3; source=aldi_private_label_review_us_canada_20260901; file=aldi_brand_reviewed_us_canada_all_categories.csv; Aldi France and Aldi UK/Ireland locked rows preserved; exact/collision-heavy corrections excluded
Aldi,goldenhen,Goldhen,private_label_brand,US_CANADA,food_beverage,confirm,reviewed Aldi US/Canada extract 2026-09-01; n=1; source=aldi_private_label_review_us_canada_20260901; file=aldi_brand_reviewed_us_canada_all_categories.csv; Aldi France and Aldi UK/Ireland locked rows preserved; exact/collision-heavy corrections excluded
Aldi,gourmet finest cuisine,Gourmet Finest Cuisine,private_label_brand,US_CANADA,food_beverage,confirm,reviewed Aldi US/Canada extract 2026-09-01; n=1; source=aldi_private_label_review_us_canada_20260901; file=aldi_brand_reviewed_us_canada_all_categories.csv; Aldi France and Aldi UK/Ireland locked rows preserved; exact/collision-heavy corrections excluded
Aldi,happy farms,Happy Farms,private_label_brand,US_CANADA,food_beverage,confirm,reviewed Aldi US/Canada extract 2026-09-01; n=51; source=aldi_private_label_review_us_canada_20260901; file=aldi_brand_reviewed_us_canada_all_categories.csv; Aldi France and Aldi UK/Ireland locked rows preserved; exact/collision-heavy corrections excluded
Aldi,happy farms aldi,Happy Farms,private_label_brand,US_CANADA,food_beverage,confirm,reviewed Aldi US/Canada extract 2026-09-01; n=1; source=aldi_private_label_review_us_canada_20260901; file=aldi_brand_reviewed_us_canada_all_categories.csv; Aldi France and Aldi UK/Ireland locked rows preserved; exact/collision-heavy corrections excluded
Aldi,happy farms by aldi,Happy Farms,private_label_brand,US_CANADA,food_beverage,confirm,reviewed Aldi US/Canada extract 2026-09-01; n=17; source=aldi_private_label_review_us_canada_20260901; file=aldi_brand_reviewed_us_canada_all_categories.csv; Aldi France and Aldi UK/Ireland locked rows preserved; exact/collision-heavy corrections excluded
Aldi,happy harvest,Happy Harvest,private_label_brand,US_CANADA,food_beverage,confirm,reviewed Aldi US/Canada extract 2026-09-01; n=3; source=aldi_private_label_review_us_canada_20260901; file=aldi_brand_reviewed_us_canada_all_categories.csv; Aldi France and Aldi UK/Ireland locked rows preserved; exact/collision-heavy corrections excluded
Aldi,hofburger,Hofburger,private_label_brand,US_CANADA,food_beverage,confirm,reviewed Aldi US/Canada extract 2026-09-01; n=1; source=aldi_private_label_review_us_canada_20260901; file=aldi_brand_reviewed_us_canada_all_categories.csv; Aldi France and Aldi UK/Ireland locked rows preserved; exact/collision-heavy corrections excluded
Aldi,journey to france,Journey To France,private_label_brand,US_CANADA,food_beverage,confirm,reviewed Aldi US/Canada extract 2026-09-01; n=1; source=aldi_private_label_review_us_canada_20260901; file=aldi_brand_reviewed_us_canada_all_categories.csv; Aldi France and Aldi UK/Ireland locked rows preserved; exact/collision-heavy corrections excluded
Aldi,les malins plaisirs,Les Malins Plaisirs,private_label_brand,US_CANADA,food_beverage,confirm,reviewed Aldi US/Canada extract 2026-09-01; n=1; source=aldi_private_label_review_us_canada_20260901; file=aldi_brand_reviewed_us_canada_all_categories.csv; Aldi France and Aldi UK/Ireland locked rows preserved; exact/collision-heavy corrections excluded
Aldi,les patissades,Les Pâtissades,private_label_brand,US_CANADA,food_beverage,confirm,reviewed Aldi US/Canada extract 2026-09-01; n=5; source=aldi_private_label_review_us_canada_20260901; file=aldi_brand_reviewed_us_canada_all_categories.csv; Aldi France and Aldi UK/Ireland locked rows preserved; exact/collision-heavy corrections excluded
Aldi,les patissades aldi,Les Pâtissades,private_label_brand,US_CANADA,food_beverage,confirm,reviewed Aldi US/Canada extract 2026-09-01; n=1; source=aldi_private_label_review_us_canada_20260901; file=aldi_brand_reviewed_us_canada_all_categories.csv; Aldi France and Aldi UK/Ireland locked rows preserved; exact/collision-heavy corrections excluded
Aldi,livegfree,liveGfree,private_label_brand,US_CANADA,food_beverage,confirm,reviewed Aldi US/Canada extract 2026-09-01; n=7; source=aldi_private_label_review_us_canada_20260901; file=aldi_brand_reviewed_us_canada_all_categories.csv; Aldi France and Aldi UK/Ireland locked rows preserved; exact/collision-heavy corrections excluded
Aldi,loven fresh,L'oven Fresh,private_label_brand,US_CANADA,food_beverage,confirm,reviewed Aldi US/Canada extract 2026-09-01; n=6; source=aldi_private_label_review_us_canada_20260901; file=aldi_brand_reviewed_us_canada_all_categories.csv; Aldi France and Aldi UK/Ireland locked rows preserved; exact/collision-heavy corrections excluded
Aldi,millville,Millville,private_label_brand,US_CANADA,food_beverage,confirm,reviewed Aldi US/Canada extract 2026-09-01; n=111; source=aldi_private_label_review_us_canada_20260901; file=aldi_brand_reviewed_us_canada_all_categories.csv; Aldi France and Aldi UK/Ireland locked rows preserved; exact/collision-heavy corrections excluded
Aldi,millville chewy,Millville,private_label_brand,US_CANADA,food_beverage,confirm,reviewed Aldi US/Canada extract 2026-09-01; n=1; source=aldi_private_label_review_us_canada_20260901; file=aldi_brand_reviewed_us_canada_all_categories.csv; Aldi France and Aldi UK/Ireland locked rows preserved; exact/collision-heavy corrections excluded
Aldi,millville oats and honey,Millville,private_label_brand,US_CANADA,food_beverage,confirm,reviewed Aldi US/Canada extract 2026-09-01; n=1; source=aldi_private_label_review_us_canada_20260901; file=aldi_brand_reviewed_us_canada_all_categories.csv; Aldi France and Aldi UK/Ireland locked rows preserved; exact/collision-heavy corrections excluded
Aldi,millville toaster tarts,Millville,private_label_brand,US_CANADA,food_beverage,confirm,reviewed Aldi US/Canada extract 2026-09-01; n=1; source=aldi_private_label_review_us_canada_20260901; file=aldi_brand_reviewed_us_canada_all_categories.csv; Aldi France and Aldi UK/Ireland locked rows preserved; exact/collision-heavy corrections excluded
Aldi,milsani,Milsani,private_label_brand,US_CANADA,food_beverage,confirm,reviewed Aldi US/Canada extract 2026-09-01; n=5; source=aldi_private_label_review_us_canada_20260901; file=aldi_brand_reviewed_us_canada_all_categories.csv; Aldi France and Aldi UK/Ireland locked rows preserved; exact/collision-heavy corrections excluded
Aldi,moser roth,Moser Roth,private_label_brand,US_CANADA,food_beverage,confirm,reviewed Aldi US/Canada extract 2026-09-01; n=21; source=aldi_private_label_review_us_canada_20260901; file=aldi_brand_reviewed_us_canada_all_categories.csv; Aldi France and Aldi UK/Ireland locked rows preserved; exact/collision-heavy corrections excluded
Aldi,natures nectar,Nature's Nectar,private_label_brand,US_CANADA,food_beverage,confirm,reviewed Aldi US/Canada extract 2026-09-01; n=71; source=aldi_private_label_review_us_canada_20260901; file=aldi_brand_reviewed_us_canada_all_categories.csv; Aldi France and Aldi UK/Ireland locked rows preserved; exact/collision-heavy corrections excluded
Aldi,natures nectar splash,Nature's Nectar,private_label_brand,US_CANADA,food_beverage,confirm,reviewed Aldi US/Canada extract 2026-09-01; n=1; source=aldi_private_label_review_us_canada_20260901; file=aldi_brand_reviewed_us_canada_all_categories.csv; Aldi France and Aldi UK/Ireland locked rows preserved; exact/collision-heavy corrections excluded
Aldi,park street deli,Park Street Deli,private_label_brand,US_CANADA,food_beverage,confirm,reviewed Aldi US/Canada extract 2026-09-01; n=3; source=aldi_private_label_review_us_canada_20260901; file=aldi_brand_reviewed_us_canada_all_categories.csv; Aldi France and Aldi UK/Ireland locked rows preserved; exact/collision-heavy corrections excluded
Aldi,priano,Priano,private_label_brand,US_CANADA,food_beverage,confirm,reviewed Aldi US/Canada extract 2026-09-01; n=2; source=aldi_private_label_review_us_canada_20260901; file=aldi_brand_reviewed_us_canada_all_categories.csv; Aldi France and Aldi UK/Ireland locked rows preserved; exact/collision-heavy corrections excluded
Aldi,pueblo lindo,Pueblo Lindo,private_label_brand,US_CANADA,food_beverage,confirm,reviewed Aldi US/Canada extract 2026-09-01; n=2; source=aldi_private_label_review_us_canada_20260901; file=aldi_brand_reviewed_us_canada_all_categories.csv; Aldi France and Aldi UK/Ireland locked rows preserved; exact/collision-heavy corrections excluded
Aldi,pur aqua,PurAqua,private_label_brand,US_CANADA,food_beverage,confirm,reviewed Aldi US/Canada extract 2026-09-01; n=3; source=aldi_private_label_review_us_canada_20260901; file=aldi_brand_reviewed_us_canada_all_categories.csv; Aldi France and Aldi UK/Ireland locked rows preserved; exact/collision-heavy corrections excluded
Aldi,puraqua,PurAqua,private_label_brand,US_CANADA,food_beverage,confirm,reviewed Aldi US/Canada extract 2026-09-01; n=22; source=aldi_private_label_review_us_canada_20260901; file=aldi_brand_reviewed_us_canada_all_categories.csv; Aldi France and Aldi UK/Ireland locked rows preserved; exact/collision-heavy corrections excluded
Aldi,reggano,Reggano,private_label_brand,US_CANADA,food_beverage,confirm,reviewed Aldi US/Canada extract 2026-09-01; n=4; source=aldi_private_label_review_us_canada_20260901; file=aldi_brand_reviewed_us_canada_all_categories.csv; Aldi France and Aldi UK/Ireland locked rows preserved; exact/collision-heavy corrections excluded
Aldi,reggano cheese,Reggano,private_label_brand,US_CANADA,food_beverage,confirm,reviewed Aldi US/Canada extract 2026-09-01; n=1; source=aldi_private_label_review_us_canada_20260901; file=aldi_brand_reviewed_us_canada_all_categories.csv; Aldi France and Aldi UK/Ireland locked rows preserved; exact/collision-heavy corrections excluded
Aldi,savoritz,Savoritz,private_label_brand,US_CANADA,food_beverage,confirm,reviewed Aldi US/Canada extract 2026-09-01; n=38; source=aldi_private_label_review_us_canada_20260901; file=aldi_brand_reviewed_us_canada_all_categories.csv; Aldi France and Aldi UK/Ireland locked rows preserved; exact/collision-heavy corrections excluded
Aldi,seasons choice,Season's Choice,private_label_brand,US_CANADA,food_beverage,confirm,reviewed Aldi US/Canada extract 2026-09-01; n=2; source=aldi_private_label_review_us_canada_20260901; file=aldi_brand_reviewed_us_canada_all_categories.csv; Aldi France and Aldi UK/Ireland locked rows preserved; exact/collision-heavy corrections excluded
Aldi,simms,Simms,private_label_brand,US_CANADA,food_beverage,confirm,reviewed Aldi US/Canada extract 2026-09-01; n=1; source=aldi_private_label_review_us_canada_20260901; file=aldi_brand_reviewed_us_canada_all_categories.csv; Aldi France and Aldi UK/Ireland locked rows preserved; exact/collision-heavy corrections excluded
Aldi,simply natural by aldi,Simply Nature,private_label_brand,US_CANADA,food_beverage,confirm,reviewed Aldi US/Canada extract 2026-09-01; n=1; source=aldi_private_label_review_us_canada_20260901; file=aldi_brand_reviewed_us_canada_all_categories.csv; Aldi France and Aldi UK/Ireland locked rows preserved; exact/collision-heavy corrections excluded
Aldi,simply nature,Simply Nature,private_label_brand,US_CANADA,food_beverage,confirm,reviewed Aldi US/Canada extract 2026-09-01; n=159; source=aldi_private_label_review_us_canada_20260901; file=aldi_brand_reviewed_us_canada_all_categories.csv; Aldi France and Aldi UK/Ireland locked rows preserved; exact/collision-heavy corrections excluded
Aldi,southern grove,Southern Grove,private_label_brand,US_CANADA,food_beverage,confirm,reviewed Aldi US/Canada extract 2026-09-01; n=42; source=aldi_private_label_review_us_canada_20260901; file=aldi_brand_reviewed_us_canada_all_categories.csv; Aldi France and Aldi UK/Ireland locked rows preserved; exact/collision-heavy corrections excluded
Aldi,specially selected,Specially Selected,private_label_brand,US_CANADA,food_beverage,confirm,reviewed Aldi US/Canada extract 2026-09-01; n=39; source=aldi_private_label_review_us_canada_20260901; file=aldi_brand_reviewed_us_canada_all_categories.csv; Aldi France and Aldi UK/Ireland locked rows preserved; exact/collision-heavy corrections excluded
Aldi,summit cola,Summit,private_label_brand,US_CANADA,food_beverage,confirm,reviewed Aldi US/Canada extract 2026-09-01; n=1; source=aldi_private_label_review_us_canada_20260901; file=aldi_brand_reviewed_us_canada_all_categories.csv; Aldi France and Aldi UK/Ireland locked rows preserved; exact/collision-heavy corrections excluded
Aldi,sundae shoppe,Sundae Shoppe,private_label_brand,US_CANADA,food_beverage,confirm,reviewed Aldi US/Canada extract 2026-09-01; n=1; source=aldi_private_label_review_us_canada_20260901; file=aldi_brand_reviewed_us_canada_all_categories.csv; Aldi France and Aldi UK/Ireland locked rows preserved; exact/collision-heavy corrections excluded
Aldi,tante odile,Tante Odile,private_label_brand,US_CANADA,food_beverage,confirm,reviewed Aldi US/Canada extract 2026-09-01; n=2; source=aldi_private_label_review_us_canada_20260901; file=aldi_brand_reviewed_us_canada_all_categories.csv; Aldi France and Aldi UK/Ireland locked rows preserved; exact/collision-heavy corrections excluded
Aldi,tuscan garden,Tuscan Garden,private_label_brand,US_CANADA,food_beverage,confirm,reviewed Aldi US/Canada extract 2026-09-01; n=3; source=aldi_private_label_review_us_canada_20260901; file=aldi_brand_reviewed_us_canada_all_categories.csv; Aldi France and Aldi UK/Ireland locked rows preserved; exact/collision-heavy corrections excluded
Aldi,vitalife,VitaLife,private_label_brand,US_CANADA,food_beverage,confirm,reviewed Aldi US/Canada extract 2026-09-01; n=9; source=aldi_private_label_review_us_canada_20260901; file=aldi_brand_reviewed_us_canada_all_categories.csv; Aldi France and Aldi UK/Ireland locked rows preserved; exact/collision-heavy corrections excluded
Aldi,winking owl,Winking Owl,private_label_brand,US_CANADA,food_beverage,confirm,reviewed Aldi US/Canada extract 2026-09-01; n=1; source=aldi_private_label_review_us_canada_20260901; file=aldi_brand_reviewed_us_canada_all_categories.csv; Aldi France and Aldi UK/Ireland locked rows preserved; exact/collision-heavy corrections excluded
Aldi,winternacht,Winternacht,private_label_brand,US_CANADA,food_beverage,confirm,reviewed Aldi US/Canada extract 2026-09-01; n=2; source=aldi_private_label_review_us_canada_20260901; file=aldi_brand_reviewed_us_canada_all_categories.csv; Aldi France and Aldi UK/Ireland locked rows preserved; exact/collision-heavy corrections excluded
Lidl,alesto,Alesto,private_label_brand,US_CANADA,food_beverage,confirm,reviewed Lidl US/Canada extract 2026-09-01; n=26; source=lidl_private_label_review_us_canada_20260901; file=lidl_brand_reviewed_us_canada_all_categories.csv; France and UK/Ireland Lidl locked rows preserved; collision-heavy corrections excluded
Lidl,asolo dolce,Deluxe,private_label_brand,US_CANADA,food_beverage,confirm,reviewed Lidl US/Canada extract 2026-09-01; n=3; source=lidl_private_label_review_us_canada_20260901; file=lidl_brand_reviewed_us_canada_all_categories.csv; France and UK/Ireland Lidl locked rows preserved; collision-heavy corrections excluded
Lidl,bellarom,Bellarom,private_label_brand,US_CANADA,food_beverage,confirm,reviewed Lidl US/Canada extract 2026-09-01; n=43; source=lidl_private_label_review_us_canada_20260901; file=lidl_brand_reviewed_us_canada_all_categories.csv; France and UK/Ireland Lidl locked rows preserved; collision-heavy corrections excluded
Lidl,bon gelati,Bon Gelati,private_label_brand,US_CANADA,food_beverage,confirm,reviewed Lidl US/Canada extract 2026-09-01; n=8; source=lidl_private_label_review_us_canada_20260901; file=lidl_brand_reviewed_us_canada_all_categories.csv; France and UK/Ireland Lidl locked rows preserved; collision-heavy corrections excluded
Lidl,bruggen,Crownfield,private_label_brand,US_CANADA,food_beverage,confirm,reviewed Lidl US/Canada extract 2026-09-01; n=3; source=lidl_private_label_review_us_canada_20260901; file=lidl_brand_reviewed_us_canada_all_categories.csv; France and UK/Ireland Lidl locked rows preserved; collision-heavy corrections excluded
Lidl,chef select,Chef Select,private_label_brand,US_CANADA,food_beverage,confirm,reviewed Lidl US/Canada extract 2026-09-01; n=1; source=lidl_private_label_review_us_canada_20260901; file=lidl_brand_reviewed_us_canada_all_categories.csv; France and UK/Ireland Lidl locked rows preserved; collision-heavy corrections excluded
Lidl,chef select lidl,Chef Select,private_label_brand,US_CANADA,food_beverage,confirm,reviewed Lidl US/Canada extract 2026-09-01; n=7; source=lidl_private_label_review_us_canada_20260901; file=lidl_brand_reviewed_us_canada_all_categories.csv; France and UK/Ireland Lidl locked rows preserved; collision-heavy corrections excluded
Lidl,chene d argent,Chêne d'Argent,private_label_brand,US_CANADA,food_beverage,confirm,reviewed Lidl US/Canada extract 2026-09-01; n=4; source=lidl_private_label_review_us_canada_20260901; file=lidl_brand_reviewed_us_canada_all_categories.csv; France and UK/Ireland Lidl locked rows preserved; collision-heavy corrections excluded
Lidl,chene dargent,Chêne d'Argent,private_label_brand,US_CANADA,food_beverage,confirm,reviewed Lidl US/Canada extract 2026-09-01; n=12; source=lidl_private_label_review_us_canada_20260901; file=lidl_brand_reviewed_us_canada_all_categories.csv; France and UK/Ireland Lidl locked rows preserved; collision-heavy corrections excluded
Lidl,confiserie firenze,Confiserie Firenze,private_label_brand,US_CANADA,food_beverage,confirm,reviewed Lidl US/Canada extract 2026-09-01; n=16; source=lidl_private_label_review_us_canada_20260901; file=lidl_brand_reviewed_us_canada_all_categories.csv; France and UK/Ireland Lidl locked rows preserved; collision-heavy corrections excluded
Lidl,crownfield,Crownfield,private_label_brand,US_CANADA,food_beverage,confirm,reviewed Lidl US/Canada extract 2026-09-01; n=73; source=lidl_private_label_review_us_canada_20260901; file=lidl_brand_reviewed_us_canada_all_categories.csv; France and UK/Ireland Lidl locked rows preserved; collision-heavy corrections excluded
Lidl,duc de coeur,Duc de Cœur,private_label_brand,US_CANADA,food_beverage,confirm,reviewed Lidl US/Canada extract 2026-09-01; n=16; source=lidl_private_label_review_us_canada_20260901; file=lidl_brand_reviewed_us_canada_all_categories.csv; France and UK/Ireland Lidl locked rows preserved; collision-heavy corrections excluded
Lidl,envia,Envia,private_label_brand,US_CANADA,food_beverage,confirm,reviewed Lidl US/Canada extract 2026-09-01; n=8; source=lidl_private_label_review_us_canada_20260901; file=lidl_brand_reviewed_us_canada_all_categories.csv; France and UK/Ireland Lidl locked rows preserved; collision-heavy corrections excluded
Lidl,favorina,Favorina,private_label_brand,US_CANADA,food_beverage,confirm,reviewed Lidl US/Canada extract 2026-09-01; n=33; source=lidl_private_label_review_us_canada_20260901; file=lidl_brand_reviewed_us_canada_all_categories.csv; France and UK/Ireland Lidl locked rows preserved; collision-heavy corrections excluded
Lidl,fin carre,Bellarom,private_label_brand,US_CANADA,food_beverage,confirm,reviewed Lidl US/Canada extract 2026-09-01; n=3; source=lidl_private_label_review_us_canada_20260901; file=lidl_brand_reviewed_us_canada_all_categories.csv; France and UK/Ireland Lidl locked rows preserved; collision-heavy corrections excluded
Lidl,fin carre,Fin Carré,private_label_brand,US_CANADA,food_beverage,confirm,reviewed Lidl US/Canada extract 2026-09-01; n=9; source=lidl_private_label_review_us_canada_20260901; file=lidl_brand_reviewed_us_canada_all_categories.csv; France and UK/Ireland Lidl locked rows preserved; collision-heavy corrections excluded
Lidl,fin carre,Way To Go!,private_label_brand,US_CANADA,food_beverage,confirm,reviewed Lidl US/Canada extract 2026-09-01; n=8; source=lidl_private_label_review_us_canada_20260901; file=lidl_brand_reviewed_us_canada_all_categories.csv; France and UK/Ireland Lidl locked rows preserved; collision-heavy corrections excluded
Lidl,fin carre by lidl,Fin Carré,private_label_brand,US_CANADA,food_beverage,confirm,reviewed Lidl US/Canada extract 2026-09-01; n=7; source=lidl_private_label_review_us_canada_20260901; file=lidl_brand_reviewed_us_canada_all_categories.csv; France and UK/Ireland Lidl locked rows preserved; collision-heavy corrections excluded
Lidl,freeway,Freeway,private_label_brand,US_CANADA,food_beverage,confirm,reviewed Lidl US/Canada extract 2026-09-01; n=43; source=lidl_private_label_review_us_canada_20260901; file=lidl_brand_reviewed_us_canada_all_categories.csv; France and UK/Ireland Lidl locked rows preserved; collision-heavy corrections excluded
Lidl,greek by lidl,Greek by Lidl,private_label_brand,US_CANADA,food_beverage,confirm,reviewed Lidl US/Canada extract 2026-09-01; n=16; source=lidl_private_label_review_us_canada_20260901; file=lidl_brand_reviewed_us_canada_all_categories.csv; France and UK/Ireland Lidl locked rows preserved; collision-heavy corrections excluded
Lidl,italiamo,Italiamo,private_label_brand,US_CANADA,food_beverage,confirm,reviewed Lidl US/Canada extract 2026-09-01; n=24; source=lidl_private_label_review_us_canada_20260901; file=lidl_brand_reviewed_us_canada_all_categories.csv; France and UK/Ireland Lidl locked rows preserved; collision-heavy corrections excluded
Lidl,j d gross,J.D. Gross,private_label_brand,US_CANADA,food_beverage,confirm,reviewed Lidl US/Canada extract 2026-09-01; n=24; source=lidl_private_label_review_us_canada_20260901; file=lidl_brand_reviewed_us_canada_all_categories.csv; France and UK/Ireland Lidl locked rows preserved; collision-heavy corrections excluded
Lidl,kania,Kania,private_label_brand,US_CANADA,food_beverage,confirm,reviewed Lidl US/Canada extract 2026-09-01; n=8; source=lidl_private_label_review_us_canada_20260901; file=lidl_brand_reviewed_us_canada_all_categories.csv; France and UK/Ireland Lidl locked rows preserved; collision-heavy corrections excluded
Lidl,kuchenzauber,Kuchenzauber,private_label_brand,US_CANADA,food_beverage,confirm,reviewed Lidl US/Canada extract 2026-09-01; n=8; source=lidl_private_label_review_us_canada_20260901; file=lidl_brand_reviewed_us_canada_all_categories.csv; France and UK/Ireland Lidl locked rows preserved; collision-heavy corrections excluded
Lidl,lidl,Alesto,private_label_brand,US_CANADA,food_beverage,confirm,reviewed Lidl US/Canada extract 2026-09-01; n=2; source=lidl_private_label_review_us_canada_20260901; file=lidl_brand_reviewed_us_canada_all_categories.csv; France and UK/Ireland Lidl locked rows preserved; collision-heavy corrections excluded
Lidl,lidl,Bellarom,private_label_brand,US_CANADA,food_beverage,confirm,reviewed Lidl US/Canada extract 2026-09-01; n=3; source=lidl_private_label_review_us_canada_20260901; file=lidl_brand_reviewed_us_canada_all_categories.csv; France and UK/Ireland Lidl locked rows preserved; collision-heavy corrections excluded
Lidl,lidl,Confiserie Firenze,private_label_brand,US_CANADA,food_beverage,confirm,reviewed Lidl US/Canada extract 2026-09-01; n=3; source=lidl_private_label_review_us_canada_20260901; file=lidl_brand_reviewed_us_canada_all_categories.csv; France and UK/Ireland Lidl locked rows preserved; collision-heavy corrections excluded
Lidl,lidl,Crownfield,private_label_brand,US_CANADA,food_beverage,confirm,reviewed Lidl US/Canada extract 2026-09-01; n=22; source=lidl_private_label_review_us_canada_20260901; file=lidl_brand_reviewed_us_canada_all_categories.csv; France and UK/Ireland Lidl locked rows preserved; collision-heavy corrections excluded
Lidl,lidl,Deluxe,private_label_brand,US_CANADA,food_beverage,confirm,reviewed Lidl US/Canada extract 2026-09-01; n=8; source=lidl_private_label_review_us_canada_20260901; file=lidl_brand_reviewed_us_canada_all_categories.csv; France and UK/Ireland Lidl locked rows preserved; collision-heavy corrections excluded
Lidl,lidl,Favorina,private_label_brand,US_CANADA,food_beverage,confirm,reviewed Lidl US/Canada extract 2026-09-01; n=14; source=lidl_private_label_review_us_canada_20260901; file=lidl_brand_reviewed_us_canada_all_categories.csv; France and UK/Ireland Lidl locked rows preserved; collision-heavy corrections excluded
Lidl,lidl,Freeway,private_label_brand,US_CANADA,food_beverage,confirm,reviewed Lidl US/Canada extract 2026-09-01; n=5; source=lidl_private_label_review_us_canada_20260901; file=lidl_brand_reviewed_us_canada_all_categories.csv; France and UK/Ireland Lidl locked rows preserved; collision-heavy corrections excluded
Lidl,lidl,Lidl,private_label_brand,US_CANADA,food_beverage,confirm,reviewed Lidl US/Canada extract 2026-09-01; n=597; source=lidl_private_label_review_us_canada_20260901; file=lidl_brand_reviewed_us_canada_all_categories.csv; France and UK/Ireland Lidl locked rows preserved; collision-heavy corrections excluded
Lidl,lidl,Lidl Organic,private_label_brand,US_CANADA,food_beverage,confirm,reviewed Lidl US/Canada extract 2026-09-01; n=1; source=lidl_private_label_review_us_canada_20260901; file=lidl_brand_reviewed_us_canada_all_categories.csv; France and UK/Ireland Lidl locked rows preserved; collision-heavy corrections excluded
Lidl,lidl,Lidl Preferred Selection,private_label_brand,US_CANADA,food_beverage,confirm,reviewed Lidl US/Canada extract 2026-09-01; n=4; source=lidl_private_label_review_us_canada_20260901; file=lidl_brand_reviewed_us_canada_all_categories.csv; France and UK/Ireland Lidl locked rows preserved; collision-heavy corrections excluded
Lidl,lidl,Milbona,private_label_brand,US_CANADA,food_beverage,confirm,reviewed Lidl US/Canada extract 2026-09-01; n=5; source=lidl_private_label_review_us_canada_20260901; file=lidl_brand_reviewed_us_canada_all_categories.csv; France and UK/Ireland Lidl locked rows preserved; collision-heavy corrections excluded
Lidl,lidl,Navarre,private_label_brand,US_CANADA,food_beverage,confirm,reviewed Lidl US/Canada extract 2026-09-01; n=8; source=lidl_private_label_review_us_canada_20260901; file=lidl_brand_reviewed_us_canada_all_categories.csv; France and UK/Ireland Lidl locked rows preserved; collision-heavy corrections excluded
Lidl,lidl,Snack Day,private_label_brand,US_CANADA,food_beverage,confirm,reviewed Lidl US/Canada extract 2026-09-01; n=48; source=lidl_private_label_review_us_canada_20260901; file=lidl_brand_reviewed_us_canada_all_categories.csv; France and UK/Ireland Lidl locked rows preserved; collision-heavy corrections excluded
Lidl,lidl,Solevita,private_label_brand,US_CANADA,food_beverage,confirm,reviewed Lidl US/Canada extract 2026-09-01; n=6; source=lidl_private_label_review_us_canada_20260901; file=lidl_brand_reviewed_us_canada_all_categories.csv; France and UK/Ireland Lidl locked rows preserved; collision-heavy corrections excluded
Lidl,lidl,Sondey,private_label_brand,US_CANADA,food_beverage,confirm,reviewed Lidl US/Canada extract 2026-09-01; n=8; source=lidl_private_label_review_us_canada_20260901; file=lidl_brand_reviewed_us_canada_all_categories.csv; France and UK/Ireland Lidl locked rows preserved; collision-heavy corrections excluded
Lidl,lidl,Vemondo,private_label_brand,US_CANADA,food_beverage,confirm,reviewed Lidl US/Canada extract 2026-09-01; n=3; source=lidl_private_label_review_us_canada_20260901; file=lidl_brand_reviewed_us_canada_all_categories.csv; France and UK/Ireland Lidl locked rows preserved; collision-heavy corrections excluded
Lidl,lidl,Way To Go!,private_label_brand,US_CANADA,food_beverage,confirm,reviewed Lidl US/Canada extract 2026-09-01; n=3; source=lidl_private_label_review_us_canada_20260901; file=lidl_brand_reviewed_us_canada_all_categories.csv; France and UK/Ireland Lidl locked rows preserved; collision-heavy corrections excluded
Lidl,lidl italia,Lidl,private_label_brand,US_CANADA,food_beverage,confirm,reviewed Lidl US/Canada extract 2026-09-01; n=7; source=lidl_private_label_review_us_canada_20260901; file=lidl_brand_reviewed_us_canada_all_categories.csv; France and UK/Ireland Lidl locked rows preserved; collision-heavy corrections excluded
Lidl,lidl organic,Lidl Organic,private_label_brand,US_CANADA,food_beverage,confirm,reviewed Lidl US/Canada extract 2026-09-01; n=7; source=lidl_private_label_review_us_canada_20260901; file=lidl_brand_reviewed_us_canada_all_categories.csv; France and UK/Ireland Lidl locked rows preserved; collision-heavy corrections excluded
Lidl,lidl preferred selection,Lidl Preferred Selection,private_label_brand,US_CANADA,food_beverage,confirm,reviewed Lidl US/Canada extract 2026-09-01; n=7; source=lidl_private_label_review_us_canada_20260901; file=lidl_brand_reviewed_us_canada_all_categories.csv; France and UK/Ireland Lidl locked rows preserved; collision-heavy corrections excluded
Lidl,lord nelson,Lord Nelson,private_label_brand,US_CANADA,food_beverage,confirm,reviewed Lidl US/Canada extract 2026-09-01; n=16; source=lidl_private_label_review_us_canada_20260901; file=lidl_brand_reviewed_us_canada_all_categories.csv; France and UK/Ireland Lidl locked rows preserved; collision-heavy corrections excluded
Lidl,lupilu,Lupilu,private_label_brand,US_CANADA,food_beverage,confirm,reviewed Lidl US/Canada extract 2026-09-01; n=16; source=lidl_private_label_review_us_canada_20260901; file=lidl_brand_reviewed_us_canada_all_categories.csv; France and UK/Ireland Lidl locked rows preserved; collision-heavy corrections excluded
Lidl,maitre jean pierre,Kuchenzauber,private_label_brand,US_CANADA,food_beverage,confirm,reviewed Lidl US/Canada extract 2026-09-01; n=3; source=lidl_private_label_review_us_canada_20260901; file=lidl_brand_reviewed_us_canada_all_categories.csv; France and UK/Ireland Lidl locked rows preserved; collision-heavy corrections excluded
Lidl,milbona,Milbona,private_label_brand,US_CANADA,food_beverage,confirm,reviewed Lidl US/Canada extract 2026-09-01; n=86; source=lidl_private_label_review_us_canada_20260901; file=lidl_brand_reviewed_us_canada_all_categories.csv; France and UK/Ireland Lidl locked rows preserved; collision-heavy corrections excluded
Lidl,mister choc,Mister Choc,private_label_brand,US_CANADA,food_beverage,confirm,reviewed Lidl US/Canada extract 2026-09-01; n=16; source=lidl_private_label_review_us_canada_20260901; file=lidl_brand_reviewed_us_canada_all_categories.csv; France and UK/Ireland Lidl locked rows preserved; collision-heavy corrections excluded
Lidl,naturis,Naturis,private_label_brand,US_CANADA,food_beverage,confirm,reviewed Lidl US/Canada extract 2026-09-01; n=8; source=lidl_private_label_review_us_canada_20260901; file=lidl_brand_reviewed_us_canada_all_categories.csv; France and UK/Ireland Lidl locked rows preserved; collision-heavy corrections excluded
Lidl,perlenbacher,Perlenbacher,private_label_brand,US_CANADA,food_beverage,confirm,reviewed Lidl US/Canada extract 2026-09-01; n=8; source=lidl_private_label_review_us_canada_20260901; file=lidl_brand_reviewed_us_canada_all_categories.csv; France and UK/Ireland Lidl locked rows preserved; collision-heavy corrections excluded
Lidl,saguaro,Saguaro,private_label_brand,US_CANADA,food_beverage,confirm,reviewed Lidl US/Canada extract 2026-09-01; n=8; source=lidl_private_label_review_us_canada_20260901; file=lidl_brand_reviewed_us_canada_all_categories.csv; France and UK/Ireland Lidl locked rows preserved; collision-heavy corrections excluded
Lidl,saskia,Saskia,private_label_brand,US_CANADA,food_beverage,confirm,reviewed Lidl US/Canada extract 2026-09-01; n=8; source=lidl_private_label_review_us_canada_20260901; file=lidl_brand_reviewed_us_canada_all_categories.csv; France and UK/Ireland Lidl locked rows preserved; collision-heavy corrections excluded
Lidl,snack day,Snack Day,private_label_brand,US_CANADA,food_beverage,confirm,reviewed Lidl US/Canada extract 2026-09-01; n=114; source=lidl_private_label_review_us_canada_20260901; file=lidl_brand_reviewed_us_canada_all_categories.csv; France and UK/Ireland Lidl locked rows preserved; collision-heavy corrections excluded
Lidl,snack day by lidl,Snack Day,private_label_brand,US_CANADA,food_beverage,confirm,reviewed Lidl US/Canada extract 2026-09-01; n=28; source=lidl_private_label_review_us_canada_20260901; file=lidl_brand_reviewed_us_canada_all_categories.csv; France and UK/Ireland Lidl locked rows preserved; collision-heavy corrections excluded
Lidl,snaktastic,Snaktastic,private_label_brand,US_CANADA,food_beverage,confirm,reviewed Lidl US/Canada extract 2026-09-01; n=8; source=lidl_private_label_review_us_canada_20260901; file=lidl_brand_reviewed_us_canada_all_categories.csv; France and UK/Ireland Lidl locked rows preserved; collision-heavy corrections excluded
Lidl,solevita,Solevita,private_label_brand,US_CANADA,food_beverage,confirm,reviewed Lidl US/Canada extract 2026-09-01; n=136; source=lidl_private_label_review_us_canada_20260901; file=lidl_brand_reviewed_us_canada_all_categories.csv; France and UK/Ireland Lidl locked rows preserved; collision-heavy corrections excluded
Lidl,sondey,Sondey,private_label_brand,US_CANADA,food_beverage,confirm,reviewed Lidl US/Canada extract 2026-09-01; n=32; source=lidl_private_label_review_us_canada_20260901; file=lidl_brand_reviewed_us_canada_all_categories.csv; France and UK/Ireland Lidl locked rows preserved; collision-heavy corrections excluded
Lidl,sweet corner,Sweet Corner,private_label_brand,US_CANADA,food_beverage,confirm,reviewed Lidl US/Canada extract 2026-09-01; n=16; source=lidl_private_label_review_us_canada_20260901; file=lidl_brand_reviewed_us_canada_all_categories.csv; France and UK/Ireland Lidl locked rows preserved; collision-heavy corrections excluded
Lidl,tower gate,Tower Gate,private_label_brand,US_CANADA,food_beverage,confirm,reviewed Lidl US/Canada extract 2026-09-01; n=16; source=lidl_private_label_review_us_canada_20260901; file=lidl_brand_reviewed_us_canada_all_categories.csv; France and UK/Ireland Lidl locked rows preserved; collision-heavy corrections excluded
Lidl,vemondo,Vemondo,private_label_brand,US_CANADA,food_beverage,confirm,reviewed Lidl US/Canada extract 2026-09-01; n=11; source=lidl_private_label_review_us_canada_20260901; file=lidl_brand_reviewed_us_canada_all_categories.csv; France and UK/Ireland Lidl locked rows preserved; collision-heavy corrections excluded
Lidl,way to go,Way To Go!,private_label_brand,US_CANADA,food_beverage,confirm,reviewed Lidl US/Canada extract 2026-09-01; n=3; source=lidl_private_label_review_us_canada_20260901; file=lidl_brand_reviewed_us_canada_all_categories.csv; France and UK/Ireland Lidl locked rows preserved; collision-heavy corrections excluded
Lidl,wergona schokoladen,Favorina,private_label_brand,US_CANADA,food_beverage,confirm,reviewed Lidl US/Canada extract 2026-09-01; n=3; source=lidl_private_label_review_us_canada_20260901; file=lidl_brand_reviewed_us_canada_all_categories.csv; France and UK/Ireland Lidl locked rows preserved; collision-heavy corrections excluded
Lidl,wintertraum,Confiserie Firenze,private_label_brand,US_CANADA,food_beverage,confirm,reviewed Lidl US/Canada extract 2026-09-01; n=3; source=lidl_private_label_review_us_canada_20260901; file=lidl_brand_reviewed_us_canada_all_categories.csv; France and UK/Ireland Lidl locked rows preserved; collision-heavy corrections excluded
